ISO-10303-21;
HEADER;
FILE_DESCRIPTION (( 'STEP AP214' ),
    '1' );
FILE_NAME ('BLE_TypeD1.STEP',
    '2020-06-12T04:39:54',
    ( '' ),
    ( '' ),
    'SwSTEP 2.0',
    'SolidWorks 2015',
    '' );
FILE_SCHEMA (( 'AUTOMOTIVE_DESIGN' ));
ENDSEC;

DATA;
#1 = SURFACE_SIDE_STYLE ('',( #658 ) ) ;
#2 = FACE_OUTER_BOUND ( 'NONE', #4905, .T. ) ;
#3 =( GEOMETRIC_REPRESENTATION_CONTEXT ( 3 ) GLOBAL_UNCERTAINTY_ASSIGNED_CONTEXT ( ( #2789 ) ) GLOBAL_UNIT_ASSIGNED_CONTEXT ( ( #2502, #2495, #2494 ) ) REPRESENTATION_CONTEXT ( 'NONE', 'WORKASPACE' ) );
#4 = ORIENTED_EDGE ( 'NONE', *, *, #238, .T. ) ;
#5 = MECHANICAL_DESIGN_GEOMETRIC_PRESENTATION_REPRESENTATION (  '', ( #11 ), #3 ) ;
#6 = LINE ( 'NONE', #89, #3242 ) ;
#7 = ORIENTED_EDGE ( 'NONE', *, *, #3820, .F. ) ;
#8 = SURFACE_STYLE_USAGE ( .BOTH. , #1 ) ;
#9 = ORIENTED_EDGE ( 'NONE', *, *, #2174, .T. ) ;
#10 = PRESENTATION_LAYER_ASSIGNMENT (  '', '', ( #11 ) ) ;
#11 = STYLED_ITEM ( 'NONE', ( #347 ), #4163 ) ;
#12 = CARTESIAN_POINT ( 'NONE',  ( 3.075000000000007300, 0.5000000000000455200, 0.4250000000000087000 ) ) ;
#13 = VECTOR ( 'NONE', #516, 1000.000000000000000 ) ;
#14 = VECTOR ( 'NONE', #1592, 1000.000000000000000 ) ;
#15 =( LENGTH_UNIT ( ) NAMED_UNIT ( * ) SI_UNIT ( .MILLI., .METRE. ) );
#16 = DIRECTION ( 'NONE',  ( -0.0000000000000000000, 0.0000000000000000000, -1.000000000000000000 ) ) ;
#17 = AXIS2_PLACEMENT_3D ( 'NONE', #2545, #2533, #2532 ) ;
#18 = ORIENTED_EDGE ( 'NONE', *, *, #2427, .F. ) ;
#19 = AXIS2_PLACEMENT_3D ( 'NONE', #2865, #2883, #2796 ) ;
#20 = AXIS2_PLACEMENT_3D ( 'NONE', #2634, #2628, #2625 ) ;
#21 =( NAMED_UNIT ( * ) PLANE_ANGLE_UNIT ( ) SI_UNIT ( $, .RADIAN. ) );
#22 = CARTESIAN_POINT ( 'NONE',  ( 0.0000000000000000000, 0.0000000000000000000, 0.0000000000000000000 ) ) ;
#23 = VECTOR ( 'NONE', #1628, 1000.000000000000000 ) ;
#24 =( NAMED_UNIT ( * ) SI_UNIT ( $, .STERADIAN. ) SOLID_ANGLE_UNIT ( ) );
#25 =( GEOMETRIC_REPRESENTATION_CONTEXT ( 3 ) GLOBAL_UNCERTAINTY_ASSIGNED_CONTEXT ( ( #4070 ) ) GLOBAL_UNIT_ASSIGNED_CONTEXT ( ( #2572, #2601, #2558 ) ) REPRESENTATION_CONTEXT ( 'NONE', 'WORKASPACE' ) );
#26 =( GEOMETRIC_REPRESENTATION_CONTEXT ( 3 ) GLOBAL_UNCERTAINTY_ASSIGNED_CONTEXT ( ( #3511 ) ) GLOBAL_UNIT_ASSIGNED_CONTEXT ( ( #2830, #2818, #2816 ) ) REPRESENTATION_CONTEXT ( 'NONE', 'WORKASPACE' ) );
#27 = VECTOR ( 'NONE', #567, 1000.000000000000000 ) ;
#28 = EDGE_CURVE ( 'NONE', #3567, #542, #3604, .T. ) ;
#29 = ADVANCED_FACE ( 'NONE', ( #2893 ), #2965, .F. ) ;
#30 = SURFACE_STYLE_FILL_AREA ( #649 ) ;
#31 = CARTESIAN_POINT ( 'NONE',  ( -6.450000000000000200, 0.3800000000000000000, -4.799999999999998000 ) ) ;
#32 = ADVANCED_FACE ( 'NONE', ( #2633 ), #4347, .F. ) ;
#33 = MECHANICAL_DESIGN_GEOMETRIC_PRESENTATION_REPRESENTATION (  '', ( #40 ), #26 ) ;
#34 = LINE ( 'NONE', #3390, #1363 ) ;
#35 = PRESENTATION_LAYER_ASSIGNMENT (  '', '', ( #40 ) ) ;
#36 = ADVANCED_FACE ( 'NONE', ( #1183 ), #1113, .T. ) ;
#37 = DIRECTION ( 'NONE',  ( 1.000000000000000000, -0.0000000000000000000, 9.035018104045870700E-017 ) ) ;
#38 = DIRECTION ( 'NONE',  ( 0.0000000000000000000, 3.826595902889935400E-016, -1.000000000000000000 ) ) ;
#39 = AXIS2_PLACEMENT_3D ( 'NONE', #2921, #2911, #2905 ) ;
#40 = STYLED_ITEM ( 'NONE', ( #2880 ), #4662 ) ;
#41 = ADVANCED_FACE ( 'NONE', ( #3598 ), #953, .F. ) ;
#42 =( LENGTH_UNIT ( ) NAMED_UNIT ( * ) SI_UNIT ( .MILLI., .METRE. ) );
#43 = PRESENTATION_STYLE_ASSIGNMENT (( #2044 ) ) ;
#44 = LINE ( 'NONE', #1407, #4928 ) ;
#45 = ORIENTED_EDGE ( 'NONE', *, *, #1892, .T. ) ;
#46 = ADVANCED_FACE ( 'NONE', ( #3654 ), #2129, .T. ) ;
#47 =( GEOMETRIC_REPRESENTATION_CONTEXT ( 3 ) GLOBAL_UNCERTAINTY_ASSIGNED_CONTEXT ( ( #3858 ) ) GLOBAL_UNIT_ASSIGNED_CONTEXT ( ( #2947, #2941, #2940 ) ) REPRESENTATION_CONTEXT ( 'NONE', 'WORKASPACE' ) );
#48 = ORIENTED_EDGE ( 'NONE', *, *, #1890, .T. ) ;
#49 = DIRECTION ( 'NONE',  ( 9.035018104045870700E-017, 0.0000000000000000000, -1.000000000000000000 ) ) ;
#50 = MECHANICAL_DESIGN_GEOMETRIC_PRESENTATION_REPRESENTATION (  '', ( #78 ), #47 ) ;
#51 = CARTESIAN_POINT ( 'NONE',  ( 0.0000000000000000000, 1.200000000000000000, -1.024999999999998100 ) ) ;
#52 = LINE ( 'NONE', #547, #1174 ) ;
#53 = ADVANCED_FACE ( 'NONE', ( #2728 ), #2199, .T. ) ;
#54 = COLOUR_RGB ( '',0.6588235294117647000, 0.6196078431372549200, 0.5607843137254902000 ) ;
#55 = FACE_OUTER_BOUND ( 'NONE', #4944, .T. ) ;
#56 = DIRECTION ( 'NONE',  ( -1.000000000000000000, 0.0000000000000000000, 0.0000000000000000000 ) ) ;
#57 = FACE_OUTER_BOUND ( 'NONE', #1403, .T. ) ;
#58 = EDGE_LOOP ( 'NONE', ( #4878, #3626, #1526, #4561 ) ) ;
#59 =( NAMED_UNIT ( * ) SI_UNIT ( $, .STERADIAN. ) SOLID_ANGLE_UNIT ( ) );
#60 = PRESENTATION_LAYER_ASSIGNMENT (  '', '', ( #78 ) ) ;
#61 = DIRECTION ( 'NONE',  ( 0.0000000000000000000, 1.000000000000000000, 0.0000000000000000000 ) ) ;
#62 = EDGE_CURVE ( 'NONE', #873, #3567, #885, .T. ) ;
#63 = ADVANCED_FACE ( 'NONE', ( #2450 ), #3441, .T. ) ;
#64 = FILL_AREA_STYLE_COLOUR ( '', #1880 ) ;
#65 = ADVANCED_FACE ( 'NONE', ( #2929 ), #2077, .F. ) ;
#66 = UNCERTAINTY_MEASURE_WITH_UNIT (LENGTH_MEASURE( 1.000000000000000100E-005 ), #1761, 'distance_accuracy_value', 'NONE');
#67 = SURFACE_SIDE_STYLE ('',( #1610 ) ) ;
#68 = CARTESIAN_POINT ( 'NONE',  ( 3.635000000000002900, 0.5000000000000468500, 1.169293480566425500E-014 ) ) ;
#69 = ORIENTED_EDGE ( 'NONE', *, *, #2904, .F. ) ;
#70 = AXIS2_PLACEMENT_3D ( 'NONE', #3027, #3026, #3021 ) ;
#71 = ORIENTED_EDGE ( 'NONE', *, *, #1774, .T. ) ;
#72 = UNCERTAINTY_MEASURE_WITH_UNIT (LENGTH_MEASURE( 1.000000000000000100E-005 ), #555, 'distance_accuracy_value', 'NONE');
#73 = CARTESIAN_POINT ( 'NONE',  ( -3.464999999999976300, 1.039999999999999600, 13.50779316071252400 ) ) ;
#74 = DIRECTION ( 'NONE',  ( -0.2588181039721620900, 0.9659260784636963800, 0.0000000000000000000 ) ) ;
#75 = COLOUR_RGB ( '',0.6588235294117647000, 0.6196078431372549200, 0.5607843137254902000 ) ;
#76 = DIRECTION ( 'NONE',  ( -1.000000000000000000, -0.0000000000000000000, 0.0000000000000000000 ) ) ;
#77 = ORIENTED_EDGE ( 'NONE', *, *, #1579, .F. ) ;
#78 = STYLED_ITEM ( 'NONE', ( #1196 ), #4645 ) ;
#79 = ADVANCED_FACE ( 'NONE', ( #3417 ), #911, .T. ) ;
#80 = ORIENTED_EDGE ( 'NONE', *, *, #458, .T. ) ;
#81 = CARTESIAN_POINT ( 'NONE',  ( 3.075000000000007300, 0.5000000000000455200, -0.4250000000000087000 ) ) ;
#82 = DIRECTION ( 'NONE',  ( 0.0000000000000000000, 0.0000000000000000000, -1.000000000000000000 ) ) ;
#83 = ADVANCED_FACE ( 'NONE', ( #3693 ), #3002, .F. ) ;
#84 =( GEOMETRIC_REPRESENTATION_CONTEXT ( 3 ) GLOBAL_UNCERTAINTY_ASSIGNED_CONTEXT ( ( #3942 ) ) GLOBAL_UNIT_ASSIGNED_CONTEXT ( ( #3077, #3049, #3039 ) ) REPRESENTATION_CONTEXT ( 'NONE', 'WORKASPACE' ) );
#85 = MECHANICAL_DESIGN_GEOMETRIC_PRESENTATION_REPRESENTATION (  '', ( #94 ), #84 ) ;
#86 = ORIENTED_EDGE ( 'NONE', *, *, #4407, .T. ) ;
#87 = SURFACE_SIDE_STYLE ('',( #4434 ) ) ;
#88 = ADVANCED_FACE ( 'NONE', ( #2148 ), #2714, .F. ) ;
#89 = CARTESIAN_POINT ( 'NONE',  ( 2.074999999999994400, 0.3800000000000122700, -2.199999999999963300 ) ) ;
#90 = DIRECTION ( 'NONE',  ( -1.000000000000000000, 0.0000000000000000000, 0.0000000000000000000 ) ) ;
#91 = STYLED_ITEM ( 'NONE', ( #3739 ), #302 ) ;
#92 = ADVANCED_FACE ( 'NONE', ( #4903 ), #4639, .T. ) ;
#93 = PRESENTATION_LAYER_ASSIGNMENT (  '', '', ( #94 ) ) ;
#94 = STYLED_ITEM ( 'NONE', ( #1048 ), #4562 ) ;
#95 =( GEOMETRIC_REPRESENTATION_CONTEXT ( 3 ) GLOBAL_UNCERTAINTY_ASSIGNED_CONTEXT ( ( #4891 ) ) GLOBAL_UNIT_ASSIGNED_CONTEXT ( ( #2316, #2328, #2330 ) ) REPRESENTATION_CONTEXT ( 'NONE', 'WORKASPACE' ) );
#96 = ORIENTED_EDGE ( 'NONE', *, *, #2875, .F. ) ;
#97 = UNCERTAINTY_MEASURE_WITH_UNIT (LENGTH_MEASURE( 1.000000000000000100E-005 ), #1925, 'distance_accuracy_value', 'NONE');
#98 = SURFACE_STYLE_USAGE ( .BOTH. , #87 ) ;
#99 = DIRECTION ( 'NONE',  ( 2.040851148207966600E-015, -1.020425574103983300E-015, -1.000000000000000000 ) ) ;
#100 = ADVANCED_FACE ( 'NONE', ( #387 ), #3064, .T. ) ;
#101 =( LENGTH_UNIT ( ) NAMED_UNIT ( * ) SI_UNIT ( .MILLI., .METRE. ) );
#102 = AXIS2_PLACEMENT_3D ( 'NONE', #1666, #2388, #2800 ) ;
#103 =( NAMED_UNIT ( * ) PLANE_ANGLE_UNIT ( ) SI_UNIT ( $, .RADIAN. ) );
#104 = AXIS2_PLACEMENT_3D ( 'NONE', #3164, #3161, #3157 ) ;
#105 = CARTESIAN_POINT ( 'NONE',  ( 3.635000000000002500, 0.5100000000000459700, 0.4250000000000173600 ) ) ;
#106 =( NAMED_UNIT ( * ) SI_UNIT ( $, .STERADIAN. ) SOLID_ANGLE_UNIT ( ) );
#107 = ORIENTED_EDGE ( 'NONE', *, *, #927, .F. ) ;
#108 = AXIS2_PLACEMENT_3D ( 'NONE', #3131, #3126, #3118 ) ;
#109 = CARTESIAN_POINT ( 'NONE',  ( 2.875000000000017300, 0.3800000000000122700, 2.350000000000020500 ) ) ;
#110 =( GEOMETRIC_REPRESENTATION_CONTEXT ( 3 ) GLOBAL_UNCERTAINTY_ASSIGNED_CONTEXT ( ( #3436 ) ) GLOBAL_UNIT_ASSIGNED_CONTEXT ( ( #3184, #3182, #3176 ) ) REPRESENTATION_CONTEXT ( 'NONE', 'WORKASPACE' ) );
#111 = CARTESIAN_POINT ( 'NONE',  ( 4.025000000000051900, 1.039999999999999600, -2.050000000000050900 ) ) ;
#112 = ORIENTED_EDGE ( 'NONE', *, *, #2068, .F. ) ;
#113 = ADVANCED_FACE ( 'NONE', ( #1460 ), #1830, .F. ) ;
#114 = CARTESIAN_POINT ( 'NONE',  ( -3.074999999999982000, 1.199999999999999700, -1.024999999999998100 ) ) ;
#115 = ORIENTED_EDGE ( 'NONE', *, *, #1267, .T. ) ;
#116 = MECHANICAL_DESIGN_GEOMETRIC_PRESENTATION_REPRESENTATION (  '', ( #127 ), #110 ) ;
#117 = PRESENTATION_LAYER_ASSIGNMENT (  '', '', ( #127 ) ) ;
#118 = VECTOR ( 'NONE', #583, 1000.000000000000000 ) ;
#119 = ADVANCED_FACE ( 'NONE', ( #4849 ), #936, .T. ) ;
#120 = AXIS2_PLACEMENT_3D ( 'NONE', #3416, #3413, #3410 ) ;
#121 = FILL_AREA_STYLE_COLOUR ( '', #4292 ) ;
#122 = DIRECTION ( 'NONE',  ( -1.000000000000000000, 0.0000000000000000000, 0.0000000000000000000 ) ) ;
#123 = UNCERTAINTY_MEASURE_WITH_UNIT (LENGTH_MEASURE( 1.000000000000000100E-005 ), #2348, 'distance_accuracy_value', 'NONE');
#124 = COLOUR_RGB ( '',0.6588235294117647000, 0.6196078431372549200, 0.5607843137254902000 ) ;
#125 = VECTOR ( 'NONE', #942, 1000.000000000000000 ) ;
#126 = EDGE_LOOP ( 'NONE', ( #4761, #2870, #2568, #2281 ) ) ;
#127 = STYLED_ITEM ( 'NONE', ( #2249 ), #4504 ) ;
#128 = FACE_OUTER_BOUND ( 'NONE', #2660, .T. ) ;
#129 = UNCERTAINTY_MEASURE_WITH_UNIT (LENGTH_MEASURE( 1.000000000000000100E-005 ), #4370, 'distance_accuracy_value', 'NONE');
#130 = ORIENTED_EDGE ( 'NONE', *, *, #978, .T. ) ;
#131 = VECTOR ( 'NONE', #3836, 1000.000000000000000 ) ;
#132 = CARTESIAN_POINT ( 'NONE',  ( -3.634999999999970000, 0.3500000000000450500, 1.425000000000016700 ) ) ;
#133 = DIRECTION ( 'NONE',  ( 0.0000000000000000000, -0.0000000000000000000, 1.000000000000000000 ) ) ;
#134 = ORIENTED_EDGE ( 'NONE', *, *, #4186, .F. ) ;
#135 = CARTESIAN_POINT ( 'NONE',  ( -3.464999999999976300, 1.050000000000000000, 0.0000000000000000000 ) ) ;
#136 = EDGE_CURVE ( 'NONE', #498, #354, #1306, .T. ) ;
#137 = DIRECTION ( 'NONE',  ( 0.0000000000000000000, 0.0000000000000000000, -1.000000000000000000 ) ) ;
#138 = CIRCLE ( 'NONE', #317, 0.009999999999999592500 ) ;
#139 = UNCERTAINTY_MEASURE_WITH_UNIT (LENGTH_MEASURE( 1.000000000000000100E-005 ), #4313, 'distance_accuracy_value', 'NONE');
#140 = ORIENTED_EDGE ( 'NONE', *, *, #1735, .F. ) ;
#141 =( GEOMETRIC_REPRESENTATION_CONTEXT ( 3 ) GLOBAL_UNCERTAINTY_ASSIGNED_CONTEXT ( ( #2631 ) ) GLOBAL_UNIT_ASSIGNED_CONTEXT ( ( #3438, #3432, #3428 ) ) REPRESENTATION_CONTEXT ( 'NONE', 'WORKASPACE' ) );
#142 = CARTESIAN_POINT ( 'NONE',  ( -2.624999999999976000, 1.049999999999999800, 2.049999999999996300 ) ) ;
#143 = PLANE ( 'NONE',  #2334 ) ;
#144 = EDGE_LOOP ( 'NONE', ( #1049, #3159, #3508, #4669 ) ) ;
#145 = UNCERTAINTY_MEASURE_WITH_UNIT (LENGTH_MEASURE( 1.000000000000000100E-005 ), #3282, 'distance_accuracy_value', 'NONE');
#146 = DIRECTION ( 'NONE',  ( 0.0000000000000000000, 0.0000000000000000000, -1.000000000000000000 ) ) ;
#147 = MECHANICAL_DESIGN_GEOMETRIC_PRESENTATION_REPRESENTATION (  '', ( #157 ), #141 ) ;
#148 = ORIENTED_EDGE ( 'NONE', *, *, #1390, .T. ) ;
#149 = PRESENTATION_LAYER_ASSIGNMENT (  '', '', ( #157 ) ) ;
#150 = VECTOR ( 'NONE', #4399, 1000.000000000000200 ) ;
#151 = VERTEX_POINT ( 'NONE', #164 ) ;
#152 = DIRECTION ( 'NONE',  ( -1.000000000000000000, -0.0000000000000000000, -0.0000000000000000000 ) ) ;
#153 = ADVANCED_FACE ( 'NONE', ( #3495 ), #143, .F. ) ;
#154 = LINE ( 'NONE', #1011, #1483 ) ;
#155 = AXIS2_PLACEMENT_3D ( 'NONE', #3501, #3497, #3487 ) ;
#156 = FILL_AREA_STYLE ('',( #237 ) ) ;
#157 = STYLED_ITEM ( 'NONE', ( #453 ), #4342 ) ;
#158 = FILL_AREA_STYLE ('',( #173 ) ) ;
#159 = ORIENTED_EDGE ( 'NONE', *, *, #678, .F. ) ;
#160 = ORIENTED_EDGE ( 'NONE', *, *, #2180, .F. ) ;
#161 = DIRECTION ( 'NONE',  ( 0.0000000000000000000, 1.000000000000000000, 0.0000000000000000000 ) ) ;
#162 = ADVANCED_FACE ( 'NONE', ( #55 ), #247, .T. ) ;
#163 = SURFACE_STYLE_FILL_AREA ( #2296 ) ;
#164 = CARTESIAN_POINT ( 'NONE',  ( 2.074999999999994400, 0.3800000000000122700, 2.200000000000019300 ) ) ;
#165 = ORIENTED_EDGE ( 'NONE', *, *, #2694, .T. ) ;
#166 = LINE ( 'NONE', #2629, #4718 ) ;
#167 =( GEOMETRIC_REPRESENTATION_CONTEXT ( 3 ) GLOBAL_UNCERTAINTY_ASSIGNED_CONTEXT ( ( #3981 ) ) GLOBAL_UNIT_ASSIGNED_CONTEXT ( ( #3524, #3519, #3513 ) ) REPRESENTATION_CONTEXT ( 'NONE', 'WORKASPACE' ) );
#168 = MECHANICAL_DESIGN_GEOMETRIC_PRESENTATION_REPRESENTATION (  '', ( #187 ), #167 ) ;
#169 = CARTESIAN_POINT ( 'NONE',  ( -3.464999999999976300, 1.050000000000000000, 0.0000000000000000000 ) ) ;
#170 = PRESENTATION_LAYER_ASSIGNMENT (  '', '', ( #187 ) ) ;
#171 = VERTEX_POINT ( 'NONE', #211 ) ;
#172 = LINE ( 'NONE', #3409, #4341 ) ;
#173 = FILL_AREA_STYLE_COLOUR ( '', #3173 ) ;
#174 = DIRECTION ( 'NONE',  ( -1.000000000000000000, 0.0000000000000000000, -0.0000000000000000000 ) ) ;
#175 = CARTESIAN_POINT ( 'NONE',  ( 3.309999999999998700, 0.6800000000000000500, -4.309999999999998700 ) ) ;
#176 = EDGE_CURVE ( 'NONE', #3337, #4209, #2469, .T. ) ;
#177 = EDGE_CURVE ( 'NONE', #535, #4209, #2922, .T. ) ;
#178 = AXIS2_PLACEMENT_3D ( 'NONE', #3741, #3736, #3734 ) ;
#179 = LINE ( 'NONE', #527, #3188 ) ;
#180 = EDGE_CURVE ( 'NONE', #3525, #535, #3012, .T. ) ;
#181 = SURFACE_SIDE_STYLE ('',( #2256 ) ) ;
#182 = VECTOR ( 'NONE', #3657, 1000.000000000000000 ) ;
#183 = DIRECTION ( 'NONE',  ( -0.0000000000000000000, -0.0000000000000000000, -1.000000000000000000 ) ) ;
#184 =( NAMED_UNIT ( * ) SI_UNIT ( $, .STERADIAN. ) SOLID_ANGLE_UNIT ( ) );
#185 = VERTEX_POINT ( 'NONE', #416 ) ;
#186 = SURFACE_STYLE_USAGE ( .BOTH. , #181 ) ;
#187 = STYLED_ITEM ( 'NONE', ( #802 ), #4306 ) ;
#188 =( LENGTH_UNIT ( ) NAMED_UNIT ( * ) SI_UNIT ( .MILLI., .METRE. ) );
#189 = CARTESIAN_POINT ( 'NONE',  ( 2.709999999999999500, 0.3800000000000000000, -4.309999999999998700 ) ) ;
#190 = CIRCLE ( 'NONE', #1148, 0.01000000000000002600 ) ;
#191 = CARTESIAN_POINT ( 'NONE',  ( 4.025000000000051900, 0.6500000000000725200, 0.8250000000000201600 ) ) ;
#192 = VECTOR ( 'NONE', #2161, 1000.000000000000000 ) ;
#193 = ORIENTED_EDGE ( 'NONE', *, *, #621, .T. ) ;
#194 =( NAMED_UNIT ( * ) PLANE_ANGLE_UNIT ( ) SI_UNIT ( $, .RADIAN. ) );
#195 = EDGE_LOOP ( 'NONE', ( #71, #1814, #4102, #775, #9, #3341, #918, #2588, #2485, #3607, #1946, #3147 ) ) ;
#196 =( GEOMETRIC_REPRESENTATION_CONTEXT ( 3 ) GLOBAL_UNCERTAINTY_ASSIGNED_CONTEXT ( ( #3485 ) ) GLOBAL_UNIT_ASSIGNED_CONTEXT ( ( #3756, #3751, #3748 ) ) REPRESENTATION_CONTEXT ( 'NONE', 'WORKASPACE' ) );
#197 = MECHANICAL_DESIGN_GEOMETRIC_PRESENTATION_REPRESENTATION (  '', ( #210 ), #196 ) ;
#198 = CARTESIAN_POINT ( 'NONE',  ( -3.074999999999982000, 1.199999999999999700, 1.425000000000009600 ) ) ;
#199 = ORIENTED_EDGE ( 'NONE', *, *, #2007, .T. ) ;
#200 =( NAMED_UNIT ( * ) SI_UNIT ( $, .STERADIAN. ) SOLID_ANGLE_UNIT ( ) );
#201 = LINE ( 'NONE', #2184, #3792 ) ;
#202 = CARTESIAN_POINT ( 'NONE',  ( -4.014999999999972100, 1.039999999999999600, 1.024999999999994600 ) ) ;
#203 = ORIENTED_EDGE ( 'NONE', *, *, #1774, .F. ) ;
#204 = ADVANCED_FACE ( 'NONE', ( #921 ), #382, .F. ) ;
#205 = CARTESIAN_POINT ( 'NONE',  ( -3.074999999999982000, 1.050000000000000000, 0.0000000000000000000 ) ) ;
#206 = CARTESIAN_POINT ( 'NONE',  ( -2.624999999999983100, 1.199999999999999700, -2.050000000000051800 ) ) ;
#207 = UNCERTAINTY_MEASURE_WITH_UNIT (LENGTH_MEASURE( 1.000000000000000100E-005 ), #3639, 'distance_accuracy_value', 'NONE');
#208 = PRESENTATION_LAYER_ASSIGNMENT (  '', '', ( #210 ) ) ;
#209 = COLOUR_RGB ( '',0.1529411764705882500, 1.000000000000000000, 0.1529411764705882500 ) ;
#210 = STYLED_ITEM ( 'NONE', ( #1322 ), #4154 ) ;
#211 = CARTESIAN_POINT ( 'NONE',  ( -3.634999999999984700, 0.3500000000000478800, -2.200000000000034400 ) ) ;
#212 = CARTESIAN_POINT ( 'NONE',  ( 1.809999999999999200, 0.3800000000000000000, -4.609999999999998500 ) ) ;
#213 = DIRECTION ( 'NONE',  ( -0.0000000000000000000, -0.0000000000000000000, 1.000000000000000000 ) ) ;
#214 = SURFACE_STYLE_FILL_AREA ( #1866 ) ;
#215 = UNCERTAINTY_MEASURE_WITH_UNIT (LENGTH_MEASURE( 1.000000000000000100E-005 ), #3863, 'distance_accuracy_value', 'NONE');
#216 =( GEOMETRIC_REPRESENTATION_CONTEXT ( 3 ) GLOBAL_UNCERTAINTY_ASSIGNED_CONTEXT ( ( #3246 ) ) GLOBAL_UNIT_ASSIGNED_CONTEXT ( ( #3859, #3844, #3840 ) ) REPRESENTATION_CONTEXT ( 'NONE', 'WORKASPACE' ) );
#217 = EDGE_CURVE ( 'NONE', #3630, #4376, #1480, .T. ) ;
#218 = CARTESIAN_POINT ( 'NONE',  ( 3.625000000000002200, -17.26293531905800200, 0.4250000000000087000 ) ) ;
#219 = CARTESIAN_POINT ( 'NONE',  ( -6.450000000000001100, 0.3800000000000000000, 4.800000000000001600 ) ) ;
#220 = FACE_OUTER_BOUND ( 'NONE', #3016, .T. ) ;
#221 = MECHANICAL_DESIGN_GEOMETRIC_PRESENTATION_REPRESENTATION (  '', ( #224 ), #216 ) ;
#222 = PRESENTATION_LAYER_ASSIGNMENT (  '', '', ( #224 ) ) ;
#223 = CARTESIAN_POINT ( 'NONE',  ( 3.875000000000029300, 1.039999999999999800, -2.189999999999963100 ) ) ;
#224 = STYLED_ITEM ( 'NONE', ( #4179 ), #3980 ) ;
#225 = DIRECTION ( 'NONE',  ( -0.0000000000000000000, -0.0000000000000000000, 1.000000000000000000 ) ) ;
#226 = ORIENTED_EDGE ( 'NONE', *, *, #2244, .F. ) ;
#227 = ADVANCED_FACE ( 'NONE', ( #4737 ), #430, .T. ) ;
#228 = DIRECTION ( 'NONE',  ( -1.344746880602175700E-016, 0.0000000000000000000, -1.000000000000000000 ) ) ;
#229 = DIRECTION ( 'NONE',  ( -1.000000000000000000, 0.0000000000000000000, 1.344746880602175700E-016 ) ) ;
#230 = COLOUR_RGB ( '',0.2039215686274509800, 0.2039215686274509800, 0.2039215686274509800 ) ;
#231 = AXIS2_PLACEMENT_3D ( 'NONE', #4082, #4079, #4075 ) ;
#232 = AXIS2_PLACEMENT_3D ( 'NONE', #3878, #590, #3872 ) ;
#233 = ADVANCED_FACE ( 'NONE', ( #1682 ), #782, .T. ) ;
#234 = DIRECTION ( 'NONE',  ( 0.0000000000000000000, 0.0000000000000000000, 1.000000000000000000 ) ) ;
#235 = DIRECTION ( 'NONE',  ( -2.040851148207966600E-015, 1.020425574103983300E-015, 1.000000000000000000 ) ) ;
#236 =( GEOMETRIC_REPRESENTATION_CONTEXT ( 3 ) GLOBAL_UNCERTAINTY_ASSIGNED_CONTEXT ( ( #72 ) ) GLOBAL_UNIT_ASSIGNED_CONTEXT ( ( #555, #565, #571 ) ) REPRESENTATION_CONTEXT ( 'NONE', 'WORKASPACE' ) );
#237 = FILL_AREA_STYLE_COLOUR ( '', #1908 ) ;
#238 = EDGE_CURVE ( 'NONE', #2670, #994, #1515, .T. ) ;
#239 = SURFACE_SIDE_STYLE ('',( #1585 ) ) ;
#240 = VERTEX_POINT ( 'NONE', #726 ) ;
#241 = FACE_OUTER_BOUND ( 'NONE', #195, .T. ) ;
#242 = EDGE_LOOP ( 'NONE', ( #1629, #1504, #134, #4109 ) ) ;
#243 = LINE ( 'NONE', #3628, #4701 ) ;
#244 = ORIENTED_EDGE ( 'NONE', *, *, #1050, .T. ) ;
#245 =( GEOMETRIC_REPRESENTATION_CONTEXT ( 3 ) GLOBAL_UNCERTAINTY_ASSIGNED_CONTEXT ( ( #3425 ) ) GLOBAL_UNIT_ASSIGNED_CONTEXT ( ( #4104, #4100, #4094 ) ) REPRESENTATION_CONTEXT ( 'NONE', 'WORKASPACE' ) );
#246 = MECHANICAL_DESIGN_GEOMETRIC_PRESENTATION_REPRESENTATION (  '', ( #252 ), #245 ) ;
#247 = PLANE ( 'NONE',  #3272 ) ;
#248 = ORIENTED_EDGE ( 'NONE', *, *, #1396, .F. ) ;
#249 = CARTESIAN_POINT ( 'NONE',  ( 3.625000000000003100, 1.039999999999999600, -11.29016708532252800 ) ) ;
#250 = AXIS2_PLACEMENT_3D ( 'NONE', #4288, #4261, #4201 ) ;
#251 = ORIENTED_EDGE ( 'NONE', *, *, #2854, .F. ) ;
#252 = STYLED_ITEM ( 'NONE', ( #3725 ), #3754 ) ;
#253 = PRESENTATION_LAYER_ASSIGNMENT (  '', '', ( #252 ) ) ;
#254 = SURFACE_SIDE_STYLE ('',( #742 ) ) ;
#255 = ORIENTED_EDGE ( 'NONE', *, *, #3822, .T. ) ;
#256 = LINE ( 'NONE', #3900, #182 ) ;
#257 = DIRECTION ( 'NONE',  ( 0.0000000000000000000, 0.0000000000000000000, 1.000000000000000000 ) ) ;
#258 = SURFACE_STYLE_USAGE ( .BOTH. , #254 ) ;
#259 = EDGE_LOOP ( 'NONE', ( #4614, #3621, #2357, #3312 ) ) ;
#260 = COLOUR_RGB ( '',0.2039215686274509800, 0.2039215686274509800, 0.2039215686274509800 ) ;
#261 =( GEOMETRIC_REPRESENTATION_CONTEXT ( 3 ) GLOBAL_UNCERTAINTY_ASSIGNED_CONTEXT ( ( #3223 ) ) GLOBAL_UNIT_ASSIGNED_CONTEXT ( ( #4229, #4222, #4217 ) ) REPRESENTATION_CONTEXT ( 'NONE', 'WORKASPACE' ) );
#262 = MECHANICAL_DESIGN_GEOMETRIC_PRESENTATION_REPRESENTATION (  '', ( #279 ), #261 ) ;
#263 = PRESENTATION_LAYER_ASSIGNMENT (  '', '', ( #279 ) ) ;
#264 = VERTEX_POINT ( 'NONE', #710 ) ;
#265 = DIRECTION ( 'NONE',  ( 1.000000000000000000, 0.0000000000000000000, 0.0000000000000000000 ) ) ;
#266 = LINE ( 'NONE', #1837, #192 ) ;
#267 = ORIENTED_EDGE ( 'NONE', *, *, #3776, .T. ) ;
#268 = ADVANCED_FACE ( 'NONE', ( #3892 ), #743, .T. ) ;
#269 = AXIS2_PLACEMENT_3D ( 'NONE', #4501, #4497, #4489 ) ;
#270 = LINE ( 'NONE', #3294, #740 ) ;
#271 = EDGE_CURVE ( 'NONE', #853, #3770, #1139, .T. ) ;
#272 = DIRECTION ( 'NONE',  ( -0.0000000000000000000, -1.000000000000000000, -0.0000000000000000000 ) ) ;
#273 = DIRECTION ( 'NONE',  ( 1.000000000000000000, 0.0000000000000000000, 0.0000000000000000000 ) ) ;
#274 = UNCERTAINTY_MEASURE_WITH_UNIT (LENGTH_MEASURE( 1.000000000000000100E-005 ), #2522, 'distance_accuracy_value', 'NONE');
#275 = CYLINDRICAL_SURFACE ( 'NONE', #1516, 0.1599999999999999800 ) ;
#276 = LINE ( 'NONE', #4016, #3175 ) ;
#277 = CARTESIAN_POINT ( 'NONE',  ( -2.624999999999975600, 0.6500000000000048000, -2.349999999999963200 ) ) ;
#278 = DIRECTION ( 'NONE',  ( -1.000000000000000000, 0.0000000000000000000, -0.0000000000000000000 ) ) ;
#279 = STYLED_ITEM ( 'NONE', ( #1753 ), #3685 ) ;
#280 = DIRECTION ( 'NONE',  ( -1.555753819465285400E-061, -1.000000000000000000, 3.540251991789472500E-015 ) ) ;
#281 = CIRCLE ( 'NONE', #1157, 0.01000000000000002600 ) ;
#282 = VERTEX_POINT ( 'NONE', #839 ) ;
#283 = UNCERTAINTY_MEASURE_WITH_UNIT (LENGTH_MEASURE( 1.000000000000000100E-005 ), #3717, 'distance_accuracy_value', 'NONE');
#284 =( LENGTH_UNIT ( ) NAMED_UNIT ( * ) SI_UNIT ( .MILLI., .METRE. ) );
#285 = DIRECTION ( 'NONE',  ( 0.0000000000000000000, 0.0000000000000000000, -1.000000000000000000 ) ) ;
#286 = CYLINDRICAL_SURFACE ( 'NONE', #1437, 0.01000000000000002600 ) ;
#287 = ORIENTED_EDGE ( 'NONE', *, *, #1571, .T. ) ;
#288 =( GEOMETRIC_REPRESENTATION_CONTEXT ( 3 ) GLOBAL_UNCERTAINTY_ASSIGNED_CONTEXT ( ( #3404 ) ) GLOBAL_UNIT_ASSIGNED_CONTEXT ( ( #4514, #4512, #4511 ) ) REPRESENTATION_CONTEXT ( 'NONE', 'WORKASPACE' ) );
#289 = LINE ( 'NONE', #3819, #2974 ) ;
#290 =( NAMED_UNIT ( * ) PLANE_ANGLE_UNIT ( ) SI_UNIT ( $, .RADIAN. ) );
#291 = MECHANICAL_DESIGN_GEOMETRIC_PRESENTATION_REPRESENTATION (  '', ( #298 ), #288 ) ;
#292 = DIRECTION ( 'NONE',  ( -1.000000000000000000, -0.0000000000000000000, -0.0000000000000000000 ) ) ;
#293 = COLOUR_RGB ( '',0.6588235294117647000, 0.6196078431372549200, 0.5607843137254902000 ) ;
#294 = ORIENTED_EDGE ( 'NONE', *, *, #271, .F. ) ;
#295 = CARTESIAN_POINT ( 'NONE',  ( 1.809999999999999200, 0.6800000000000000500, -4.309999999999998700 ) ) ;
#296 =( NAMED_UNIT ( * ) SI_UNIT ( $, .STERADIAN. ) SOLID_ANGLE_UNIT ( ) );
#297 = PRESENTATION_LAYER_ASSIGNMENT (  '', '', ( #298 ) ) ;
#298 = STYLED_ITEM ( 'NONE', ( #4503 ), #3278 ) ;
#299 = PRESENTATION_STYLE_ASSIGNMENT (( #1957 ) ) ;
#300 =( NAMED_UNIT ( * ) SI_UNIT ( $, .STERADIAN. ) SOLID_ANGLE_UNIT ( ) );
#301 = CIRCLE ( 'NONE', #459, 0.1599999999999999800 ) ;
#302 = ADVANCED_FACE ( 'NONE', ( #4752 ), #834, .T. ) ;
#303 = ORIENTED_EDGE ( 'NONE', *, *, #3440, .F. ) ;
#304 = CARTESIAN_POINT ( 'NONE',  ( 2.002654000000049000, 0.6500000000000048000, -10.86684353621791400 ) ) ;
#305 = ORIENTED_EDGE ( 'NONE', *, *, #3370, .F. ) ;
#306 = ORIENTED_EDGE ( 'NONE', *, *, #2739, .F. ) ;
#307 =( NAMED_UNIT ( * ) PLANE_ANGLE_UNIT ( ) SI_UNIT ( $, .RADIAN. ) );
#308 = EDGE_CURVE ( 'NONE', #3337, #3525, #454, .T. ) ;
#309 = SURFACE_STYLE_FILL_AREA ( #3781 ) ;
#310 = ORIENTED_EDGE ( 'NONE', *, *, #4804, .T. ) ;
#311 = DIRECTION ( 'NONE',  ( -0.9659260784636964900, -0.2588181039721622100, 6.162975822039152700E-033 ) ) ;
#312 = COLOUR_RGB ( '',0.1529411764705882500, 1.000000000000000000, 0.1529411764705882500 ) ;
#313 =( LENGTH_UNIT ( ) NAMED_UNIT ( * ) SI_UNIT ( .MILLI., .METRE. ) );
#314 = SURFACE_STYLE_USAGE ( .BOTH. , #323 ) ;
#315 = ORIENTED_EDGE ( 'NONE', *, *, #177, .F. ) ;
#316 = AXIS2_PLACEMENT_3D ( 'NONE', #4640, #4635, #4626 ) ;
#317 = AXIS2_PLACEMENT_3D ( 'NONE', #202, #4579, #4574 ) ;
#318 = UNCERTAINTY_MEASURE_WITH_UNIT (LENGTH_MEASURE( 1.000000000000000100E-005 ), #3964, 'distance_accuracy_value', 'NONE');
#319 = UNCERTAINTY_MEASURE_WITH_UNIT (LENGTH_MEASURE( 1.000000000000000100E-005 ), #3491, 'distance_accuracy_value', 'NONE');
#320 = DIRECTION ( 'NONE',  ( 0.2588181039721621500, -0.9659260784636963800, 0.0000000000000000000 ) ) ;
#321 = EDGE_CURVE ( 'NONE', #4384, #3337, #4033, .T. ) ;
#322 = SURFACE_STYLE_FILL_AREA ( #4985 ) ;
#323 = SURFACE_SIDE_STYLE ('',( #3608 ) ) ;
#324 = EDGE_LOOP ( 'NONE', ( #3134, #3514, #4175, #3571, #1008, #4312, #3671, #4353, #3165, #2206, #4779, #1212 ) ) ;
#325 = CARTESIAN_POINT ( 'NONE',  ( -2.624999999999975600, 1.200000000000000000, 0.0000000000000000000 ) ) ;
#326 = CARTESIAN_POINT ( 'NONE',  ( -3.624999999999976500, 0.5100000000000468600, -2.200000000000035300 ) ) ;
#327 = DIRECTION ( 'NONE',  ( -0.0000000000000000000, -1.000000000000000000, -0.0000000000000000000 ) ) ;
#328 = UNCERTAINTY_MEASURE_WITH_UNIT (LENGTH_MEASURE( 1.000000000000000100E-005 ), #3915, 'distance_accuracy_value', 'NONE');
#329 =( GEOMETRIC_REPRESENTATION_CONTEXT ( 3 ) GLOBAL_UNCERTAINTY_ASSIGNED_CONTEXT ( ( #3215 ) ) GLOBAL_UNIT_ASSIGNED_CONTEXT ( ( #4652, #4651, #4646 ) ) REPRESENTATION_CONTEXT ( 'NONE', 'WORKASPACE' ) );
#330 = EDGE_CURVE ( 'NONE', #4384, #3460, #154, .T. ) ;
#331 = FILL_AREA_STYLE ('',( #380 ) ) ;
#332 = MECHANICAL_DESIGN_GEOMETRIC_PRESENTATION_REPRESENTATION (  '', ( #340 ), #329 ) ;
#333 = ORIENTED_EDGE ( 'NONE', *, *, #669, .T. ) ;
#334 = PRESENTATION_STYLE_ASSIGNMENT (( #3959 ) ) ;
#335 = UNCERTAINTY_MEASURE_WITH_UNIT (LENGTH_MEASURE( 1.000000000000000100E-005 ), #4969, 'distance_accuracy_value', 'NONE');
#336 = CIRCLE ( 'NONE', #497, 0.009999999999999592500 ) ;
#337 = PRESENTATION_LAYER_ASSIGNMENT (  '', '', ( #340 ) ) ;
#338 = AXIS2_PLACEMENT_3D ( 'NONE', #4698, #4694, #4687 ) ;
#339 = CARTESIAN_POINT ( 'NONE',  ( 3.625000000000002200, -17.26293531905800200, -0.4250000000000087000 ) ) ;
#340 = STYLED_ITEM ( 'NONE', ( #1778 ), #3138 ) ;
#341 = VERTEX_POINT ( 'NONE', #1052 ) ;
#342 = CARTESIAN_POINT ( 'NONE',  ( -3.624999999999976500, 1.039999999999999600, 9.963716637546925300 ) ) ;
#343 = ADVANCED_FACE ( 'NONE', ( #4750 ), #1051, .T. ) ;
#344 = PLANE ( 'NONE',  #563 ) ;
#345 = LINE ( 'NONE', #3194, #437 ) ;
#346 = EDGE_LOOP ( 'NONE', ( #4430, #3225, #3047, #561 ) ) ;
#347 = PRESENTATION_STYLE_ASSIGNMENT (( #2516 ) ) ;
#348 =( GEOMETRIC_REPRESENTATION_CONTEXT ( 3 ) GLOBAL_UNCERTAINTY_ASSIGNED_CONTEXT ( ( #3061 ) ) GLOBAL_UNIT_ASSIGNED_CONTEXT ( ( #4709, #4707, #4703 ) ) REPRESENTATION_CONTEXT ( 'NONE', 'WORKASPACE' ) );
#349 = MECHANICAL_DESIGN_GEOMETRIC_PRESENTATION_REPRESENTATION (  '', ( #357 ), #348 ) ;
#350 = FILL_AREA_STYLE ('',( #5009 ) ) ;
#351 = DIRECTION ( 'NONE',  ( 0.0000000000000000000, 0.0000000000000000000, -1.000000000000000000 ) ) ;
#352 = VECTOR ( 'NONE', #1872, 1000.000000000000000 ) ;
#353 = PRESENTATION_STYLE_ASSIGNMENT (( #3650 ) ) ;
#354 = VERTEX_POINT ( 'NONE', #1090 ) ;
#355 = UNCERTAINTY_MEASURE_WITH_UNIT (LENGTH_MEASURE( 1.000000000000000100E-005 ), #4888, 'distance_accuracy_value', 'NONE');
#356 = PRESENTATION_LAYER_ASSIGNMENT (  '', '', ( #357 ) ) ;
#357 = STYLED_ITEM ( 'NONE', ( #1714 ), #3124 ) ;
#358 = DIRECTION ( 'NONE',  ( -1.000000000000000000, 0.0000000000000000000, -0.0000000000000000000 ) ) ;
#359 = CARTESIAN_POINT ( 'NONE',  ( 2.002654000000049000, 0.6500000000000048000, -2.349999999999965400 ) ) ;
#360 = ADVANCED_FACE ( 'NONE', ( #4602 ), #1143, .T. ) ;
#361 = ORIENTED_EDGE ( 'NONE', *, *, #3883, .T. ) ;
#362 = DIRECTION ( 'NONE',  ( -1.000000000000000000, 0.0000000000000000000, 0.0000000000000000000 ) ) ;
#363 = VECTOR ( 'NONE', #4544, 1000.000000000000000 ) ;
#364 = DIRECTION ( 'NONE',  ( 1.000000000000000000, 0.0000000000000000000, 0.0000000000000000000 ) ) ;
#365 = AXIS2_PLACEMENT_3D ( 'NONE', #4793, #4791, #4787 ) ;
#366 = ADVANCED_FACE ( 'NONE', ( #2851 ), #929, .F. ) ;
#367 = AXIS2_PLACEMENT_3D ( 'NONE', #4994, #4957, #4956 ) ;
#368 = ADVANCED_FACE ( 'NONE', ( #3624 ), #1348, .T. ) ;
#369 = DIRECTION ( 'NONE',  ( 0.0000000000000000000, 0.0000000000000000000, 1.000000000000000000 ) ) ;
#370 = ADVANCED_FACE ( 'NONE', ( #3324 ), #1336, .T. ) ;
#371 = MECHANICAL_DESIGN_GEOMETRIC_PRESENTATION_REPRESENTATION (  '', ( #5012 ), #3362 ) ;
#372 = DIRECTION ( 'NONE',  ( 0.0000000000000000000, 0.0000000000000000000, 1.000000000000000000 ) ) ;
#373 = CARTESIAN_POINT ( 'NONE',  ( 2.409999999999998800, 0.3800000000000000000, -4.609999999999998500 ) ) ;
#374 = AXIS2_PLACEMENT_3D ( 'NONE', #4837, #4831, #4825 ) ;
#375 = CARTESIAN_POINT ( 'NONE',  ( 4.015000000000052100, 1.039999999999999600, 0.8250000000000219400 ) ) ;
#376 = LINE ( 'NONE', #2536, #1168 ) ;
#377 = CARTESIAN_POINT ( 'NONE',  ( -3.624999999999976500, -17.26293531905800200, -1.425000000000009600 ) ) ;
#378 = FACE_OUTER_BOUND ( 'NONE', #3653, .T. ) ;
#379 = CARTESIAN_POINT ( 'NONE',  ( 3.875000000000030200, 1.200000000000000000, 0.0000000000000000000 ) ) ;
#380 = FILL_AREA_STYLE_COLOUR ( '', #1847 ) ;
#381 = ORIENTED_EDGE ( 'NONE', *, *, #2358, .F. ) ;
#382 = PLANE ( 'NONE',  #2847 ) ;
#383 = VECTOR ( 'NONE', #4757, 1000.000000000000000 ) ;
#384 = ORIENTED_EDGE ( 'NONE', *, *, #2976, .T. ) ;
#385 = DIRECTION ( 'NONE',  ( -0.0000000000000000000, -1.000000000000000000, -0.0000000000000000000 ) ) ;
#386 = CARTESIAN_POINT ( 'NONE',  ( 4.175000000000057600, 0.3500000000000430000, -0.4249999999999899400 ) ) ;
#387 = FACE_OUTER_BOUND ( 'NONE', #3474, .T. ) ;
#388 = STYLED_ITEM ( 'NONE', ( #455 ), #368 ) ;
#389 = COLOUR_RGB ( '',0.6588235294117647000, 0.6196078431372549200, 0.5607843137254902000 ) ;
#390 =( GEOMETRIC_REPRESENTATION_CONTEXT ( 3 ) GLOBAL_UNCERTAINTY_ASSIGNED_CONTEXT ( ( #2701 ) ) GLOBAL_UNIT_ASSIGNED_CONTEXT ( ( #42, #4976, #4973 ) ) REPRESENTATION_CONTEXT ( 'NONE', 'WORKASPACE' ) );
#391 = DIRECTION ( 'NONE',  ( -0.0000000000000000000, -0.0000000000000000000, 1.000000000000000000 ) ) ;
#392 = VERTEX_POINT ( 'NONE', #1521 ) ;
#393 = LINE ( 'NONE', #4778, #3698 ) ;
#394 = UNCERTAINTY_MEASURE_WITH_UNIT (LENGTH_MEASURE( 1.000000000000000100E-005 ), #2071, 'distance_accuracy_value', 'NONE');
#395 = CARTESIAN_POINT ( 'NONE',  ( 3.625000000000002200, 0.5100000000000459700, -0.4250000000000087000 ) ) ;
#396 = CARTESIAN_POINT ( 'NONE',  ( -2.624999999999998700, 1.039999999999999800, -2.189999999999963100 ) ) ;
#397 = LINE ( 'NONE', #277, #3255 ) ;
#398 = MECHANICAL_DESIGN_GEOMETRIC_PRESENTATION_REPRESENTATION (  '', ( #404 ), #390 ) ;
#399 = PRESENTATION_LAYER_ASSIGNMENT (  '', '', ( #404 ) ) ;
#400 = DIRECTION ( 'NONE',  ( 1.000000000000000000, 0.0000000000000000000, 0.0000000000000000000 ) ) ;
#401 = ORIENTED_EDGE ( 'NONE', *, *, #1178, .F. ) ;
#402 = VECTOR ( 'NONE', #4773, 1000.000000000000000 ) ;
#403 = CARTESIAN_POINT ( 'NONE',  ( 2.409999999999998800, 0.6800000000000000500, -4.309999999999998700 ) ) ;
#404 = STYLED_ITEM ( 'NONE', ( #4731 ), #3044 ) ;
#405 = AXIS2_PLACEMENT_3D ( 'NONE', #5003, #4997, #4995 ) ;
#406 = EDGE_CURVE ( 'NONE', #779, #2139, #2229, .T. ) ;
#407 = DIRECTION ( 'NONE',  ( 0.0000000000000000000, -0.0000000000000000000, 1.000000000000000000 ) ) ;
#408 = AXIS2_PLACEMENT_3D ( 'NONE', #3148, #3610, #1258 ) ;
#409 = UNCERTAINTY_MEASURE_WITH_UNIT (LENGTH_MEASURE( 1.000000000000000100E-005 ), #4794, 'distance_accuracy_value', 'NONE');
#410 = SURFACE_STYLE_FILL_AREA ( #2145 ) ;
#411 = VECTOR ( 'NONE', #434, 1000.000000000000000 ) ;
#412 = CARTESIAN_POINT ( 'NONE',  ( 4.015000000000052100, 1.039999999999999600, 2.049999999999996300 ) ) ;
#413 = AXIS2_PLACEMENT_3D ( 'NONE', #3882, #4008, #1964 ) ;
#414 = ADVANCED_FACE ( 'NONE', ( #718 ), #1883, .T. ) ;
#415 = ADVANCED_FACE ( 'NONE', ( #241 ), #1441, .T. ) ;
#416 = CARTESIAN_POINT ( 'NONE',  ( 3.465000000000003400, 1.200000000000000000, 0.4250000000000087000 ) ) ;
#417 = COLOUR_RGB ( '',0.6588235294117647000, 0.6196078431372549200, 0.5607843137254902000 ) ;
#418 = DIRECTION ( 'NONE',  ( -5.952979067448854200E-033, -1.595089717086451100E-033, 1.000000000000000000 ) ) ;
#419 = VECTOR ( 'NONE', #3763, 1000.000000000000000 ) ;
#420 = VERTEX_POINT ( 'NONE', #1600 ) ;
#421 = SURFACE_STYLE_FILL_AREA ( #3868 ) ;
#422 = SURFACE_STYLE_FILL_AREA ( #1501 ) ;
#423 = ORIENTED_EDGE ( 'NONE', *, *, #2959, .F. ) ;
#424 = AXIS2_PLACEMENT_3D ( 'NONE', #773, #2983, #937 ) ;
#425 = AXIS2_PLACEMENT_3D ( 'NONE', #4279, #4048, #4123 ) ;
#426 = AXIS2_PLACEMENT_3D ( 'NONE', #2860, #213, #477 ) ;
#427 = ORIENTED_EDGE ( 'NONE', *, *, #3038, .F. ) ;
#428 = CARTESIAN_POINT ( 'NONE',  ( -3.474999999999978300, 0.5100000000000468600, -1.425000000000008000 ) ) ;
#429 = LINE ( 'NONE', #922, #4115 ) ;
#430 = PLANE ( 'NONE',  #4112 ) ;
#431 = AXIS2_PLACEMENT_3D ( 'NONE', #3940, #225, #4984 ) ;
#432 = AXIS2_PLACEMENT_3D ( 'NONE', #584, #362, #257 ) ;
#433 = AXIS2_PLACEMENT_3D ( 'NONE', #3004, #2115, #1630 ) ;
#434 = DIRECTION ( 'NONE',  ( -0.0000000000000000000, -1.000000000000000000, -0.0000000000000000000 ) ) ;
#435 = FILL_AREA_STYLE_COLOUR ( '', #582 ) ;
#436 = ADVANCED_FACE ( 'NONE', ( #3788 ), #1633, .T. ) ;
#437 = VECTOR ( 'NONE', #3209, 1000.000000000000000 ) ;
#438 = ORIENTED_EDGE ( 'NONE', *, *, #1792, .T. ) ;
#439 = CARTESIAN_POINT ( 'NONE',  ( 4.025000000000051900, -17.26293531905800200, 2.049999999999996300 ) ) ;
#440 = AXIS2_PLACEMENT_3D ( 'NONE', #3040, #4684, #4017 ) ;
#441 = EDGE_CURVE ( 'NONE', #4209, #3460, #4930, .T. ) ;
#442 = ORIENTED_EDGE ( 'NONE', *, *, #3028, .T. ) ;
#443 = EDGE_CURVE ( 'NONE', #354, #240, #3245, .T. ) ;
#444 =( LENGTH_UNIT ( ) NAMED_UNIT ( * ) SI_UNIT ( .MILLI., .METRE. ) );
#445 = FILL_AREA_STYLE ('',( #435 ) ) ;
#446 = ORIENTED_EDGE ( 'NONE', *, *, #4360, .T. ) ;
#447 = AXIS2_PLACEMENT_3D ( 'NONE', #3299, #752, #3599 ) ;
#448 = SURFACE_SIDE_STYLE ('',( #1538 ) ) ;
#449 = AXIS2_PLACEMENT_3D ( 'NONE', #396, #1798, #4866 ) ;
#450 = EDGE_LOOP ( 'NONE', ( #2913, #3187, #1513, #2187 ) ) ;
#451 = SURFACE_STYLE_FILL_AREA ( #4193 ) ;
#452 = CARTESIAN_POINT ( 'NONE',  ( 4.175000000000056700, -17.26293531905800200, 0.4250000000000087000 ) ) ;
#453 = PRESENTATION_STYLE_ASSIGNMENT (( #3439 ) ) ;
#454 = LINE ( 'NONE', #1065, #1824 ) ;
#455 = PRESENTATION_STYLE_ASSIGNMENT (( #1382 ) ) ;
#456 = FACE_OUTER_BOUND ( 'NONE', #1397, .T. ) ;
#457 = DIRECTION ( 'NONE',  ( 0.0000000000000000000, 1.000000000000000000, 0.0000000000000000000 ) ) ;
#458 = EDGE_CURVE ( 'NONE', #3088, #3241, #4828, .T. ) ;
#459 = AXIS2_PLACEMENT_3D ( 'NONE', #223, #152, #146 ) ;
#460 = CARTESIAN_POINT ( 'NONE',  ( 3.075000000000006800, 1.049999999999999800, -0.8250000000000201600 ) ) ;
#461 = VECTOR ( 'NONE', #569, 1000.000000000000000 ) ;
#462 = UNCERTAINTY_MEASURE_WITH_UNIT (LENGTH_MEASURE( 1.000000000000000100E-005 ), #1287, 'distance_accuracy_value', 'NONE');
#463 = ADVANCED_FACE ( 'NONE', ( #2688 ), #1904, .F. ) ;
#464 = SURFACE_STYLE_USAGE ( .BOTH. , #448 ) ;
#465 = LINE ( 'NONE', #1145, #3145 ) ;
#466 = DIRECTION ( 'NONE',  ( 0.0000000000000000000, 0.0000000000000000000, 1.000000000000000000 ) ) ;
#467 = CARTESIAN_POINT ( 'NONE',  ( 4.025000000000051900, -17.26293531905800200, 0.8250000000000201600 ) ) ;
#468 = EDGE_CURVE ( 'NONE', #282, #4384, #4176, .T. ) ;
#469 = AXIS2_PLACEMENT_3D ( 'NONE', #3472, #3430, #4588 ) ;
#470 =( LENGTH_UNIT ( ) NAMED_UNIT ( * ) SI_UNIT ( .MILLI., .METRE. ) );
#471 = VECTOR ( 'NONE', #4053, 1000.000000000000000 ) ;
#472 = ADVANCED_FACE ( 'N', ( #2092 ), #2721, .F. ) ;
#473 = AXIS2_PLACEMENT_3D ( 'NONE', #1551, #3930, #3665 ) ;
#474 =( NAMED_UNIT ( * ) PLANE_ANGLE_UNIT ( ) SI_UNIT ( $, .RADIAN. ) );
#475 = AXIS2_PLACEMENT_3D ( 'NONE', #896, #4395, #1435 ) ;
#476 = CARTESIAN_POINT ( 'NONE',  ( 1.809999999999999200, 0.6800000000000000500, -4.609999999999998500 ) ) ;
#477 = DIRECTION ( 'NONE',  ( -1.000000000000000000, 0.0000000000000000000, 0.0000000000000000000 ) ) ;
#478 = COLOUR_RGB ( '',0.1529411764705882500, 1.000000000000000000, 0.1529411764705882500 ) ;
#479 =( NAMED_UNIT ( * ) SI_UNIT ( $, .STERADIAN. ) SOLID_ANGLE_UNIT ( ) );
#480 = AXIS2_PLACEMENT_3D ( 'NONE', #4085, #3453, #265 ) ;
#481 = CARTESIAN_POINT ( 'NONE',  ( 6.450000000000002800, 0.0000000000000000000, 4.800000000000000700 ) ) ;
#482 = PRESENTATION_STYLE_ASSIGNMENT (( #3155 ) ) ;
#483 = AXIS2_PLACEMENT_3D ( 'NONE', #3718, #4238, #273 ) ;
#484 = CLOSED_SHELL ( 'NONE', ( #4645, #153, #113, #913, #463, #568 ) ) ;
#485 = LINE ( 'NONE', #3023, #578 ) ;
#486 = CARTESIAN_POINT ( 'NONE',  ( 2.709999999999999500, 0.6800000000000000500, -4.609999999999998500 ) ) ;
#487 = CARTESIAN_POINT ( 'NONE',  ( -4.024999999999969300, 0.6500000000000670800, 1.024999999999994800 ) ) ;
#488 = VECTOR ( 'NONE', #3163, 1000.000000000000000 ) ;
#489 = AXIS2_PLACEMENT_3D ( 'NONE', #3549, #1786, #4439 ) ;
#490 = DIRECTION ( 'NONE',  ( 0.0000000000000000000, 0.0000000000000000000, 1.000000000000000000 ) ) ;
#491 = ORIENTED_EDGE ( 'NONE', *, *, #970, .T. ) ;
#492 = CARTESIAN_POINT ( 'NONE',  ( 4.015000000000052100, 1.200000000000000000, 2.049999999999996300 ) ) ;
#493 = CARTESIAN_POINT ( 'NONE',  ( 2.709999999999999500, 0.3800000000000000000, -4.609999999999998500 ) ) ;
#494 = VERTEX_POINT ( 'NONE', #1984 ) ;
#495 = DIRECTION ( 'NONE',  ( 1.000000000000000000, 0.0000000000000000000, -0.0000000000000000000 ) ) ;
#496 = AXIS2_PLACEMENT_3D ( 'NONE', #3509, #235, #3816 ) ;
#497 = AXIS2_PLACEMENT_3D ( 'NONE', #2039, #1702, #1572 ) ;
#498 = VERTEX_POINT ( 'NONE', #2472 ) ;
#499 = ORIENTED_EDGE ( 'NONE', *, *, #2007, .F. ) ;
#500 = FILL_AREA_STYLE_COLOUR ( '', #124 ) ;
#501 = VECTOR ( 'NONE', #3305, 1000.000000000000000 ) ;
#502 = ORIENTED_EDGE ( 'NONE', *, *, #529, .F. ) ;
#503 = AXIS2_PLACEMENT_3D ( 'NONE', #505, #825, #3809 ) ;
#504 = AXIS2_PLACEMENT_3D ( 'NONE', #1750, #3906, #1664 ) ;
#505 = CARTESIAN_POINT ( 'NONE',  ( 1.809999999999999200, 0.6800000000000000500, -4.309999999999998700 ) ) ;
#506 = CIRCLE ( 'NONE', #469, 0.1599999999999995600 ) ;
#507 = UNCERTAINTY_MEASURE_WITH_UNIT (LENGTH_MEASURE( 1.000000000000000100E-005 ), #188, 'distance_accuracy_value', 'NONE');
#508 = FILL_AREA_STYLE_COLOUR ( '', #1102 ) ;
#509 = CARTESIAN_POINT ( 'NONE',  ( 4.025000000000051900, 1.039999999999999400, 0.0000000000000000000 ) ) ;
#510 = ORIENTED_EDGE ( 'NONE', *, *, #2649, .T. ) ;
#511 = CARTESIAN_POINT ( 'NONE',  ( 4.025000000000051900, 0.6500000000000691900, 0.0000000000000000000 ) ) ;
#512 = ORIENTED_EDGE ( 'NONE', *, *, #689, .T. ) ;
#513 = PRODUCT_DEFINITION_FORMATION_WITH_SPECIFIED_SOURCE ( 'ANY', '', #2814, .NOT_KNOWN. ) ;
#514 =( GEOMETRIC_REPRESENTATION_CONTEXT ( 3 ) GLOBAL_UNCERTAINTY_ASSIGNED_CONTEXT ( ( #2736 ) ) GLOBAL_UNIT_ASSIGNED_CONTEXT ( ( #4090, #4043, #184 ) ) REPRESENTATION_CONTEXT ( 'NONE', 'WORKASPACE' ) );
#515 = DIRECTION ( 'NONE',  ( -1.000000000000000000, 0.0000000000000000000, 0.0000000000000000000 ) ) ;
#516 = DIRECTION ( 'NONE',  ( -1.000000000000000000, -0.0000000000000000000, -0.0000000000000000000 ) ) ;
#517 = DIRECTION ( 'NONE',  ( -0.0000000000000000000, -1.000000000000000000, -0.0000000000000000000 ) ) ;
#518 = SURFACE_STYLE_FILL_AREA ( #2396 ) ;
#519 = MECHANICAL_DESIGN_GEOMETRIC_PRESENTATION_REPRESENTATION (  '', ( #531 ), #514 ) ;
#520 = PRESENTATION_LAYER_ASSIGNMENT (  '', '', ( #531 ) ) ;
#521 = CARTESIAN_POINT ( 'NONE',  ( 0.0000000000000000000, 1.039999999999999600, 2.200000000000018800 ) ) ;
#522 = LINE ( 'NONE', #1056, #4133 ) ;
#523 = ADVANCED_FACE ( 'NONE', ( #4299 ), #2481, .T. ) ;
#524 = VECTOR ( 'NONE', #1245, 1000.000000000000000 ) ;
#525 = DIRECTION ( 'NONE',  ( 0.0000000000000000000, -1.000000000000000000, -0.0000000000000000000 ) ) ;
#526 = AXIS2_PLACEMENT_3D ( 'NONE', #1309, #3477, #1680 ) ;
#527 = CARTESIAN_POINT ( 'NONE',  ( 4.015000000000052100, 1.200000000000000000, 0.0000000000000000000 ) ) ;
#528 = DIRECTION ( 'NONE',  ( 1.000000000000000000, -0.0000000000000000000, 0.0000000000000000000 ) ) ;
#529 = EDGE_CURVE ( 'NONE', #1696, #282, #3063, .T. ) ;
#530 = ORIENTED_EDGE ( 'NONE', *, *, #923, .T. ) ;
#531 = STYLED_ITEM ( 'NONE', ( #2168 ), #2320 ) ;
#532 = ADVANCED_FACE ( 'NONE', ( #3057 ), #2489, .T. ) ;
#533 = ADVANCED_FACE ( 'NONE', ( #4461 ), #2582, .F. ) ;
#534 = DIRECTION ( 'NONE',  ( 0.0000000000000000000, 0.0000000000000000000, 1.000000000000000000 ) ) ;
#535 = VERTEX_POINT ( 'NONE', #2686 ) ;
#536 =( GEOMETRIC_REPRESENTATION_CONTEXT ( 3 ) GLOBAL_UNCERTAINTY_ASSIGNED_CONTEXT ( ( #4506 ) ) GLOBAL_UNIT_ASSIGNED_CONTEXT ( ( #2912, #1757, #1225 ) ) REPRESENTATION_CONTEXT ( 'NONE', 'WORKASPACE' ) );
#537 = ORIENTED_EDGE ( 'NONE', *, *, #2620, .T. ) ;
#538 = SURFACE_STYLE_USAGE ( .BOTH. , #4030 ) ;
#539 = LINE ( 'NONE', #4444, #560 ) ;
#540 = MECHANICAL_DESIGN_GEOMETRIC_PRESENTATION_REPRESENTATION (  '', ( #552 ), #536 ) ;
#541 = PRESENTATION_LAYER_ASSIGNMENT (  '', '', ( #552 ) ) ;
#542 = VERTEX_POINT ( 'NONE', #2769 ) ;
#543 = CARTESIAN_POINT ( 'NONE',  ( 3.875000000000030200, 0.6500000000000740700, 2.049999999999996300 ) ) ;
#544 = ORIENTED_EDGE ( 'NONE', *, *, #1319, .F. ) ;
#545 = FILL_AREA_STYLE ('',( #508 ) ) ;
#546 = SURFACE_SIDE_STYLE ('',( #1120 ) ) ;
#547 = CARTESIAN_POINT ( 'NONE',  ( 2.875000000000017300, 0.3800000000000122700, -10.86684353621791400 ) ) ;
#548 = VERTEX_POINT ( 'NONE', #2702 ) ;
#549 = STYLED_ITEM ( 'NONE', ( #2783 ), #366 ) ;
#550 = EDGE_CURVE ( 'NONE', #1923, #2291, #4917, .T. ) ;
#551 = DIRECTION ( 'NONE',  ( 1.000000000000000000, 0.0000000000000000000, -0.0000000000000000000 ) ) ;
#552 = STYLED_ITEM ( 'NONE', ( #554 ), #2315 ) ;
#553 = SURFACE_STYLE_USAGE ( .BOTH. , #546 ) ;
#554 = PRESENTATION_STYLE_ASSIGNMENT (( #3331 ) ) ;
#555 =( LENGTH_UNIT ( ) NAMED_UNIT ( * ) SI_UNIT ( .MILLI., .METRE. ) );
#556 = ORIENTED_EDGE ( 'NONE', *, *, #1560, .F. ) ;
#557 = UNCERTAINTY_MEASURE_WITH_UNIT (LENGTH_MEASURE( 1.000000000000000100E-005 ), #4776, 'distance_accuracy_value', 'NONE');
#558 = ADVANCED_FACE ( 'NONE', ( #4916 ), #4596, .T. ) ;
#559 = DIRECTION ( 'NONE',  ( -0.0000000000000000000, -0.0000000000000000000, -1.000000000000000000 ) ) ;
#560 = VECTOR ( 'NONE', #4464, 1000.000000000000000 ) ;
#561 = ORIENTED_EDGE ( 'NONE', *, *, #2280, .T. ) ;
#562 = AXIS2_PLACEMENT_3D ( 'NONE', #3943, #3226, #1912 ) ;
#563 = AXIS2_PLACEMENT_3D ( 'NONE', #295, #285, #278 ) ;
#564 = LINE ( 'NONE', #2241, #4037 ) ;
#565 =( NAMED_UNIT ( * ) PLANE_ANGLE_UNIT ( ) SI_UNIT ( $, .RADIAN. ) );
#566 = UNCERTAINTY_MEASURE_WITH_UNIT (LENGTH_MEASURE( 1.000000000000000100E-005 ), #3797, 'distance_accuracy_value', 'NONE');
#567 = DIRECTION ( 'NONE',  ( 0.0000000000000000000, -0.0000000000000000000, 1.000000000000000000 ) ) ;
#568 = ADVANCED_FACE ( 'N', ( #4637 ), #2946, .F. ) ;
#569 = DIRECTION ( 'NONE',  ( 0.0000000000000000000, -3.540251991789310400E-015, -1.000000000000000000 ) ) ;
#570 = ORIENTED_EDGE ( 'NONE', *, *, #1843, .F. ) ;
#571 =( NAMED_UNIT ( * ) SI_UNIT ( $, .STERADIAN. ) SOLID_ANGLE_UNIT ( ) );
#572 = EDGE_CURVE ( 'NONE', #3460, #1696, #4348, .T. ) ;
#573 = AXIS2_PLACEMENT_3D ( 'NONE', #105, #99, #90 ) ;
#574 = SURFACE_STYLE_FILL_AREA ( #3166 ) ;
#575 = EDGE_LOOP ( 'NONE', ( #2554, #2082, #1945, #707 ) ) ;
#576 = CARTESIAN_POINT ( 'NONE',  ( 2.947347000000045900, 0.6500000000000048000, 2.200000000000019300 ) ) ;
#577 = ORIENTED_EDGE ( 'NONE', *, *, #1138, .F. ) ;
#578 = VECTOR ( 'NONE', #4076, 1000.000000000000000 ) ;
#579 =( GEOMETRIC_REPRESENTATION_CONTEXT ( 3 ) GLOBAL_UNCERTAINTY_ASSIGNED_CONTEXT ( ( #4505 ) ) GLOBAL_UNIT_ASSIGNED_CONTEXT ( ( #313, #307, #300 ) ) REPRESENTATION_CONTEXT ( 'NONE', 'WORKASPACE' ) );
#580 = MECHANICAL_DESIGN_GEOMETRIC_PRESENTATION_REPRESENTATION (  '', ( #588 ), #579 ) ;
#581 = VERTEX_POINT ( 'NONE', #3058 ) ;
#582 = COLOUR_RGB ( '',0.2039215686274509800, 0.2039215686274509800, 0.2039215686274509800 ) ;
#583 = DIRECTION ( 'NONE',  ( -1.000000000000000000, 0.0000000000000000000, -0.0000000000000000000 ) ) ;
#584 = CARTESIAN_POINT ( 'NONE',  ( 3.875000000000017300, 1.039999999999999800, 2.190000000000018600 ) ) ;
#585 = EDGE_LOOP ( 'NONE', ( #3825, #3609, #80, #4015 ) ) ;
#586 = PRESENTATION_LAYER_ASSIGNMENT (  '', '', ( #588 ) ) ;
#587 = EDGE_CURVE ( 'NONE', #2747, #282, #4307, .T. ) ;
#588 = STYLED_ITEM ( 'NONE', ( #3747 ), #2162 ) ;
#589 = CARTESIAN_POINT ( 'NONE',  ( 2.074999999999994400, 0.3800000000000122700, -10.86684353621791400 ) ) ;
#590 = DIRECTION ( 'NONE',  ( -1.000000000000000000, -0.0000000000000000000, -0.0000000000000000000 ) ) ;
#591 = FILL_AREA_STYLE ('',( #3956 ) ) ;
#592 = CARTESIAN_POINT ( 'NONE',  ( 4.175000000000056700, 0.5000000000000460700, 0.4250000000000128700 ) ) ;
#593 = DIRECTION ( 'NONE',  ( 0.0000000000000000000, -1.000000000000000000, 0.0000000000000000000 ) ) ;
#594 = AXIS2_PLACEMENT_3D ( 'NONE', #375, #369, #364 ) ;
#595 = EDGE_CURVE ( 'NONE', #618, #2747, #4328, .T. ) ;
#596 = UNCERTAINTY_MEASURE_WITH_UNIT (LENGTH_MEASURE( 1.000000000000000100E-005 ), #2624, 'distance_accuracy_value', 'NONE');
#597 = CARTESIAN_POINT ( 'NONE',  ( 3.075000000000007300, 0.6500000000000740700, 0.8250000000000201600 ) ) ;
#598 = CARTESIAN_POINT ( 'NONE',  ( 14.22812472918243500, 1.039999999999999800, 2.190000000000018600 ) ) ;
#599 = ORIENTED_EDGE ( 'NONE', *, *, #2876, .F. ) ;
#600 = FACE_OUTER_BOUND ( 'NONE', #2857, .T. ) ;
#601 = EDGE_CURVE ( 'NONE', #4262, #1923, #4325, .T. ) ;
#602 = AXIS2_PLACEMENT_3D ( 'NONE', #412, #3955, #400 ) ;
#603 = AXIS2_PLACEMENT_3D ( 'NONE', #844, #831, #830 ) ;
#604 = CARTESIAN_POINT ( 'NONE',  ( 0.0000000000000000000, 1.200000000000000000, 2.190000000000018600 ) ) ;
#605 = LINE ( 'NONE', #1328, #2924 ) ;
#606 = EDGE_LOOP ( 'NONE', ( #4654, #2048, #3778, #427 ) ) ;
#607 = LINE ( 'NONE', #3623, #2478 ) ;
#608 = FILL_AREA_STYLE ('',( #3767 ) ) ;
#609 = ORIENTED_EDGE ( 'NONE', *, *, #2025, .F. ) ;
#610 = AXIS2_PLACEMENT_3D ( 'NONE', #864, #855, #848 ) ;
#611 = FACE_OUTER_BOUND ( 'NONE', #1070, .T. ) ;
#612 = CARTESIAN_POINT ( 'NONE',  ( 4.175000000000052200, 0.6500000000000637500, -0.8250000000000201600 ) ) ;
#613 = AXIS2_PLACEMENT_3D ( 'NONE', #1088, #1083, #1078 ) ;
#614 = AXIS2_PLACEMENT_3D ( 'NONE', #4621, #1162, #1161 ) ;
#615 = VERTEX_POINT ( 'NONE', #3171 ) ;
#616 =( LENGTH_UNIT ( ) NAMED_UNIT ( * ) SI_UNIT ( .MILLI., .METRE. ) );
#617 = ADVANCED_FACE ( 'NONE', ( #4177 ), #3160, .F. ) ;
#618 = VERTEX_POINT ( 'NONE', #3219 ) ;
#619 = PRESENTATION_STYLE_ASSIGNMENT (( #2261 ) ) ;
#620 = DIRECTION ( 'NONE',  ( -0.0000000000000000000, 3.540251991789472500E-015, 1.000000000000000000 ) ) ;
#621 = EDGE_CURVE ( 'NONE', #1696, #618, #3719, .T. ) ;
#622 =( GEOMETRIC_REPRESENTATION_CONTEXT ( 3 ) GLOBAL_UNCERTAINTY_ASSIGNED_CONTEXT ( ( #4570 ) ) GLOBAL_UNIT_ASSIGNED_CONTEXT ( ( #1489, #1482, #1479 ) ) REPRESENTATION_CONTEXT ( 'NONE', 'WORKASPACE' ) );
#623 = MECHANICAL_DESIGN_GEOMETRIC_PRESENTATION_REPRESENTATION (  '', ( #639 ), #622 ) ;
#624 = COLOUR_RGB ( '',0.6588235294117647000, 0.6196078431372549200, 0.5607843137254902000 ) ;
#625 = CARTESIAN_POINT ( 'NONE',  ( 4.175000000000052200, -17.26293531905800200, 0.8250000000000201600 ) ) ;
#626 = CARTESIAN_POINT ( 'NONE',  ( 4.175000000000052200, 0.6500000000000691900, 0.8250000000000238300 ) ) ;
#627 =( NAMED_UNIT ( * ) PLANE_ANGLE_UNIT ( ) SI_UNIT ( $, .RADIAN. ) );
#628 = VECTOR ( 'NONE', #1434, 1000.000000000000000 ) ;
#629 = SURFACE_STYLE_FILL_AREA ( #940 ) ;
#630 =( NAMED_UNIT ( * ) PLANE_ANGLE_UNIT ( ) SI_UNIT ( $, .RADIAN. ) );
#631 = PRESENTATION_LAYER_ASSIGNMENT (  '', '', ( #639 ) ) ;
#632 = LINE ( 'NONE', #2743, #501 ) ;
#633 = DIRECTION ( 'NONE',  ( -0.0000000000000000000, -1.000000000000000000, -0.0000000000000000000 ) ) ;
#634 = UNCERTAINTY_MEASURE_WITH_UNIT (LENGTH_MEASURE( 1.000000000000000100E-005 ), #2216, 'distance_accuracy_value', 'NONE');
#635 = PRESENTATION_STYLE_ASSIGNMENT (( #1072 ) ) ;
#636 = LINE ( 'NONE', #4372, #4244 ) ;
#637 = CARTESIAN_POINT ( 'NONE',  ( -3.074999999999982000, 1.199999999999999700, -1.425000000000011600 ) ) ;
#638 = ADVANCED_FACE ( 'NONE', ( #3724 ), #3291, .T. ) ;
#639 = STYLED_ITEM ( 'NONE', ( #1237 ), #1419 ) ;
#640 = ADVANCED_FACE ( 'NONE', ( #3373 ), #2738, .F. ) ;
#641 = COLOUR_RGB ( '',0.6588235294117647000, 0.6196078431372549200, 0.5607843137254902000 ) ;
#642 = AXIS2_PLACEMENT_3D ( 'NONE', #1598, #1597, #1583 ) ;
#643 = LINE ( 'NONE', #68, #3660 ) ;
#644 =( NAMED_UNIT ( * ) SI_UNIT ( $, .STERADIAN. ) SOLID_ANGLE_UNIT ( ) );
#645 = ORIENTED_EDGE ( 'NONE', *, *, #1043, .F. ) ;
#646 = UNCERTAINTY_MEASURE_WITH_UNIT (LENGTH_MEASURE( 1.000000000000000100E-005 ), #3037, 'distance_accuracy_value', 'NONE');
#647 = ADVANCED_FACE ( 'NONE', ( #2971 ), #2373, .F. ) ;
#648 = AXIS2_PLACEMENT_3D ( 'NONE', #1745, #1731, #1727 ) ;
#649 = FILL_AREA_STYLE ('',( #500 ) ) ;
#650 = AXIS2_PLACEMENT_3D ( 'NONE', #1683, #1669, #1668 ) ;
#651 = ORIENTED_EDGE ( 'NONE', *, *, #4804, .F. ) ;
#652 = DIRECTION ( 'NONE',  ( 1.000000000000000000, 0.0000000000000000000, -1.344746880602176200E-016 ) ) ;
#653 = EDGE_LOOP ( 'NONE', ( #663, #1826, #4801, #3260, #1321, #2323, #4160, #3697 ) ) ;
#654 = CARTESIAN_POINT ( 'NONE',  ( -3.464999999999976300, 1.050000000000000000, -1.425000000000012300 ) ) ;
#655 = ORIENTED_EDGE ( 'NONE', *, *, #1569, .F. ) ;
#656 = VECTOR ( 'NONE', #1140, 1000.000000000000000 ) ;
#657 = ADVANCED_FACE ( 'NONE', ( #2476 ), #3572, .T. ) ;
#658 = SURFACE_STYLE_FILL_AREA ( #1928 ) ;
#659 =( GEOMETRIC_REPRESENTATION_CONTEXT ( 3 ) GLOBAL_UNCERTAINTY_ASSIGNED_CONTEXT ( ( #2614 ) ) GLOBAL_UNIT_ASSIGNED_CONTEXT ( ( #1772, #1770, #1764 ) ) REPRESENTATION_CONTEXT ( 'NONE', 'WORKASPACE' ) );
#660 = MECHANICAL_DESIGN_GEOMETRIC_PRESENTATION_REPRESENTATION (  '', ( #687 ), #659 ) ;
#661 = LINE ( 'NONE', #1276, #4251 ) ;
#662 = ADVANCED_FACE ( 'NONE', ( #1897 ), #1244, .F. ) ;
#663 = ORIENTED_EDGE ( 'NONE', *, *, #2630, .T. ) ;
#664 = CARTESIAN_POINT ( 'NONE',  ( -3.624999999999976500, 1.050000000000000000, -2.200000000000035300 ) ) ;
#665 = COLOUR_RGB ( '',0.1529411764705882500, 1.000000000000000000, 0.1529411764705882500 ) ;
#666 = EDGE_CURVE ( 'NONE', #2517, #4020, #1307, .T. ) ;
#667 = EDGE_LOOP ( 'NONE', ( #2482, #2595, #829, #4755, #203, #3128, #381, #1091, #107, #3656, #599, #1763, #310, #4959, #3152, #3786, #2176, #715, #930, #1707, #655, #1765, #1347, #556, #881, #4146, #4842, #4172, #3210, #3746, #3957, #77 ) ) ;
#668 = CIRCLE ( 'NONE', #433, 0.1599999999999995600 ) ;
#669 = EDGE_CURVE ( 'NONE', #2029, #615, #1331, .T. ) ;
#670 = SURFACE_SIDE_STYLE ('',( #30 ) ) ;
#671 = SURFACE_STYLE_USAGE ( .BOTH. , #670 ) ;
#672 = ADVANCED_FACE ( 'NONE', ( #1436 ), #3782, .T. ) ;
#673 = CARTESIAN_POINT ( 'NONE',  ( 2.947347000000045500, 0.6500000000000048000, -2.349999999999963200 ) ) ;
#674 = DIRECTION ( 'NONE',  ( 0.0000000000000000000, 1.000000000000000000, 0.0000000000000000000 ) ) ;
#675 = LINE ( 'NONE', #4192, #1010 ) ;
#676 = UNCERTAINTY_MEASURE_WITH_UNIT (LENGTH_MEASURE( 1.000000000000000100E-005 ), #895, 'distance_accuracy_value', 'NONE');
#677 =( LENGTH_UNIT ( ) NAMED_UNIT ( * ) SI_UNIT ( .MILLI., .METRE. ) );
#678 = EDGE_CURVE ( 'NONE', #1377, #171, #809, .T. ) ;
#679 = CARTESIAN_POINT ( 'NONE',  ( 1.809999999999999200, 0.6800000000000000500, -4.609999999999998500 ) ) ;
#680 = PRESENTATION_LAYER_ASSIGNMENT (  '', '', ( #687 ) ) ;
#681 = ADVANCED_FACE ( 'NONE', ( #838 ), #3907, .F. ) ;
#682 = PRESENTATION_STYLE_ASSIGNMENT (( #4105 ) ) ;
#683 = CARTESIAN_POINT ( 'NONE',  ( 0.0000000000000000000, 1.200000000000000000, -2.050000000000050000 ) ) ;
#684 = COLOUR_RGB ( '',0.6588235294117647000, 0.6196078431372549200, 0.5607843137254902000 ) ;
#685 = AXIS2_PLACEMENT_3D ( 'NONE', #1819, #1815, #1807 ) ;
#686 = VERTEX_POINT ( 'NONE', #3857 ) ;
#687 = STYLED_ITEM ( 'NONE', ( #3559 ), #1228 ) ;
#688 = ADVANCED_FACE ( 'NONE', ( #220 ), #3935, .T. ) ;
#689 = EDGE_CURVE ( 'NONE', #618, #1377, #4198, .T. ) ;
#690 = CARTESIAN_POINT ( 'NONE',  ( -3.474999999999977400, 1.039999999999999800, -2.200000000000035300 ) ) ;
#691 = ORIENTED_EDGE ( 'NONE', *, *, #2963, .T. ) ;
#692 =( NAMED_UNIT ( * ) PLANE_ANGLE_UNIT ( ) SI_UNIT ( $, .RADIAN. ) );
#693 =( NAMED_UNIT ( * ) SI_UNIT ( $, .STERADIAN. ) SOLID_ANGLE_UNIT ( ) );
#694 = ADVANCED_FACE ( 'NONE', ( #2458 ), #4764, .T. ) ;
#695 = CARTESIAN_POINT ( 'NONE',  ( -4.024999999999970200, -8.673617379884035500E-016, -1.024999999999999500 ) ) ;
#696 = DIRECTION ( 'NONE',  ( -0.0000000000000000000, -0.0000000000000000000, -1.000000000000000000 ) ) ;
#697 = EDGE_CURVE ( 'NONE', #171, #2747, #1844, .T. ) ;
#698 = SURFACE_STYLE_FILL_AREA ( #2466 ) ;
#699 = CARTESIAN_POINT ( 'NONE',  ( 4.175000000000052200, 1.039999999999999600, -10.04016708532250000 ) ) ;
#700 = ADVANCED_FACE ( 'NONE', ( #1665 ), #3804, .F. ) ;
#701 = ADVANCED_FACE ( 'NONE', ( #1985 ), #3772, .T. ) ;
#702 = ORIENTED_EDGE ( 'NONE', *, *, #1868, .F. ) ;
#703 =( GEOMETRIC_REPRESENTATION_CONTEXT ( 3 ) GLOBAL_UNCERTAINTY_ASSIGNED_CONTEXT ( ( #4852 ) ) GLOBAL_UNIT_ASSIGNED_CONTEXT ( ( #1845, #1842, #1828 ) ) REPRESENTATION_CONTEXT ( 'NONE', 'WORKASPACE' ) );
#704 = DIRECTION ( 'NONE',  ( 0.0000000000000000000, 0.0000000000000000000, 1.000000000000000000 ) ) ;
#705 = MECHANICAL_DESIGN_GEOMETRIC_PRESENTATION_REPRESENTATION (  '', ( #733 ), #703 ) ;
#706 = LINE ( 'NONE', #2090, #1535 ) ;
#707 = ORIENTED_EDGE ( 'NONE', *, *, #2609, .F. ) ;
#708 = ADVANCED_FACE ( 'NONE', ( #1990 ), #4103, .T. ) ;
#709 = FILL_AREA_STYLE_COLOUR ( '', #684 ) ;
#710 = CARTESIAN_POINT ( 'NONE',  ( 3.875000000000025800, 1.049999999999999800, 2.049999999999996300 ) ) ;
#711 = EDGE_CURVE ( 'NONE', #548, #3867, #3069, .T. ) ;
#712 = PRESENTATION_LAYER_ASSIGNMENT (  '', '', ( #5012 ) ) ;
#713 = PRESENTATION_LAYER_ASSIGNMENT (  '', '', ( #733 ) ) ;
#714 = SURFACE_STYLE_FILL_AREA ( #3093 ) ;
#715 = ORIENTED_EDGE ( 'NONE', *, *, #136, .F. ) ;
#716 = ADVANCED_FACE ( 'NONE', ( #4432 ), #4604, .T. ) ;
#717 = FILL_AREA_STYLE ('',( #3437 ) ) ;
#718 = FACE_OUTER_BOUND ( 'NONE', #3351, .T. ) ;
#719 = DIRECTION ( 'NONE',  ( -0.0000000000000000000, 0.0000000000000000000, -1.000000000000000000 ) ) ;
#720 = MECHANICAL_DESIGN_GEOMETRIC_PRESENTATION_REPRESENTATION (  '', ( #2852 ), #3690 ) ;
#721 = AXIS2_PLACEMENT_3D ( 'NONE', #1931, #1924, #1916 ) ;
#722 = EDGE_CURVE ( 'NONE', #1377, #2143, #2066, .T. ) ;
#723 = COLOUR_RGB ( '',0.2039215686274509800, 0.2039215686274509800, 0.2039215686274509800 ) ;
#724 = EDGE_LOOP ( 'NONE', ( #798, #3553, #5002, #1713 ) ) ;
#725 = UNCERTAINTY_MEASURE_WITH_UNIT (LENGTH_MEASURE( 1.000000000000000100E-005 ), #2881, 'distance_accuracy_value', 'NONE');
#726 = CARTESIAN_POINT ( 'NONE',  ( -3.024999999999932000, 1.049999999999999800, 2.200000000000002000 ) ) ;
#727 = FILL_AREA_STYLE_COLOUR ( '', #4541 ) ;
#728 = ORIENTED_EDGE ( 'NONE', *, *, #3369, .T. ) ;
#729 = DIRECTION ( 'NONE',  ( -0.2588181039721620900, 0.9659260784636963800, 0.0000000000000000000 ) ) ;
#730 = ORIENTED_EDGE ( 'NONE', *, *, #3913, .F. ) ;
#731 = DIRECTION ( 'NONE',  ( -0.0000000000000000000, -1.000000000000000000, 0.0000000000000000000 ) ) ;
#732 = VERTEX_POINT ( 'NONE', #4899 ) ;
#733 = STYLED_ITEM ( 'NONE', ( #3706 ), #1227 ) ;
#734 = CARTESIAN_POINT ( 'NONE',  ( -6.450000000000001100, 0.0000000000000000000, 4.800000000000001600 ) ) ;
#735 = EDGE_CURVE ( 'NONE', #2887, #171, #3941, .T. ) ;
#736 = DIRECTION ( 'NONE',  ( -1.000000000000000000, 0.0000000000000000000, 1.344746880602175700E-016 ) ) ;
#737 = ADVANCED_FACE ( 'NONE', ( #1812 ), #4682, .F. ) ;
#738 = PLANE ( 'NONE',  #503 ) ;
#739 = VERTEX_POINT ( 'NONE', #4762 ) ;
#740 = VECTOR ( 'NONE', #3258, 1000.000000000000000 ) ;
#741 = CARTESIAN_POINT ( 'NONE',  ( 2.074999999999994400, 0.3800000000000122700, 2.200000000000018800 ) ) ;
#742 = SURFACE_STYLE_FILL_AREA ( #156 ) ;
#743 = PLANE ( 'NONE',  #3318 ) ;
#744 = ORIENTED_EDGE ( 'NONE', *, *, #4475, .T. ) ;
#745 = CIRCLE ( 'NONE', #602, 0.009999999999999592500 ) ;
#746 =( GEOMETRIC_REPRESENTATION_CONTEXT ( 3 ) GLOBAL_UNCERTAINTY_ASSIGNED_CONTEXT ( ( #4253 ) ) GLOBAL_UNIT_ASSIGNED_CONTEXT ( ( #1951, #1943, #1938 ) ) REPRESENTATION_CONTEXT ( 'NONE', 'WORKASPACE' ) );
#747 = MECHANICAL_DESIGN_GEOMETRIC_PRESENTATION_REPRESENTATION (  '', ( #765 ), #746 ) ;
#748 = DIRECTION ( 'NONE',  ( -0.0000000000000000000, 1.000000000000000000, 0.0000000000000000000 ) ) ;
#749 = COLOUR_RGB ( '',0.6588235294117647000, 0.6196078431372549200, 0.5607843137254902000 ) ;
#750 = UNCERTAINTY_MEASURE_WITH_UNIT (LENGTH_MEASURE( 1.000000000000000100E-005 ), #2995, 'distance_accuracy_value', 'NONE');
#751 = SURFACE_STYLE_FILL_AREA ( #4121 ) ;
#752 = DIRECTION ( 'NONE',  ( -0.0000000000000000000, -0.0000000000000000000, 1.000000000000000000 ) ) ;
#753 = EDGE_CURVE ( 'NONE', #2887, #2143, #2661, .T. ) ;
#754 = ORIENTED_EDGE ( 'NONE', *, *, #1821, .T. ) ;
#755 = PRESENTATION_STYLE_ASSIGNMENT (( #4059 ) ) ;
#756 = PRESENTATION_LAYER_ASSIGNMENT (  '', '', ( #765 ) ) ;
#757 = VERTEX_POINT ( 'NONE', #4062 ) ;
#758 = LINE ( 'NONE', #509, #1103 ) ;
#759 = ADVANCED_FACE ( 'NONE', ( #3488 ), #4457, .T. ) ;
#760 = CARTESIAN_POINT ( 'NONE',  ( -2.624999999999975600, -17.26293531905800200, 2.350000000000018700 ) ) ;
#761 = CARTESIAN_POINT ( 'NONE',  ( 3.625000000000002700, 1.039999999999999600, 0.4250000000000087000 ) ) ;
#762 = FILL_AREA_STYLE ('',( #709 ) ) ;
#763 = SURFACE_SIDE_STYLE ('',( #2060 ) ) ;
#764 = AXIS2_PLACEMENT_3D ( 'NONE', #2014, #2008, #2001 ) ;
#765 = STYLED_ITEM ( 'NONE', ( #299 ), #1214 ) ;
#766 = VECTOR ( 'NONE', #1710, 1000.000000000000000 ) ;
#767 = CARTESIAN_POINT ( 'NONE',  ( 3.875000000000030200, 0.6500000000000048000, 2.049999999999996300 ) ) ;
#768 = ADVANCED_FACE ( 'NONE', ( #1582 ), #4187, .T. ) ;
#769 = PRESENTATION_STYLE_ASSIGNMENT (( #2520 ) ) ;
#770 =( GEOMETRIC_REPRESENTATION_CONTEXT ( 3 ) GLOBAL_UNCERTAINTY_ASSIGNED_CONTEXT ( ( #4934 ) ) GLOBAL_UNIT_ASSIGNED_CONTEXT ( ( #2027, #2022, #2021 ) ) REPRESENTATION_CONTEXT ( 'NONE', 'WORKASPACE' ) );
#771 = MECHANICAL_DESIGN_GEOMETRIC_PRESENTATION_REPRESENTATION (  '', ( #777 ), #770 ) ;
#772 = VERTEX_POINT ( 'NONE', #4178 ) ;
#773 = CARTESIAN_POINT ( 'NONE',  ( -2.624999999999974700, 1.039999999999999800, 2.190000000000018600 ) ) ;
#774 = CARTESIAN_POINT ( 'NONE',  ( 4.175000000000052200, -17.26293531905800200, 2.049999999999996300 ) ) ;
#775 = ORIENTED_EDGE ( 'NONE', *, *, #3094, .T. ) ;
#776 = AXIS2_PLACEMENT_3D ( 'NONE', #2095, #2235, #2057 ) ;
#777 = STYLED_ITEM ( 'NONE', ( #4783 ), #1195 ) ;
#778 = SURFACE_STYLE_USAGE ( .BOTH. , #763 ) ;
#779 = VERTEX_POINT ( 'NONE', #1291 ) ;
#780 =( LENGTH_UNIT ( ) NAMED_UNIT ( * ) SI_UNIT ( .MILLI., .METRE. ) );
#781 = SURFACE_SIDE_STYLE ('',( #2584 ) ) ;
#782 = CYLINDRICAL_SURFACE ( 'NONE', #3287, 0.1599999999999999800 ) ;
#783 = ADVANCED_FACE ( 'NONE', ( #2934 ), #275, .T. ) ;
#784 = PRESENTATION_LAYER_ASSIGNMENT (  '', '', ( #777 ) ) ;
#785 = CIRCLE ( 'NONE', #480, 0.009999999999999592500 ) ;
#786 = ADVANCED_FACE ( 'NONE', ( #4139 ), #4369, .T. ) ;
#787 = UNCERTAINTY_MEASURE_WITH_UNIT (LENGTH_MEASURE( 1.000000000000000100E-005 ), #3192, 'distance_accuracy_value', 'NONE');
#788 = CARTESIAN_POINT ( 'NONE',  ( 4.015000000000052100, 1.050000000000000000, 0.0000000000000000000 ) ) ;
#789 =( GEOMETRIC_REPRESENTATION_CONTEXT ( 3 ) GLOBAL_UNCERTAINTY_ASSIGNED_CONTEXT ( ( #1591 ) ) GLOBAL_UNIT_ASSIGNED_CONTEXT ( ( #2073, #2067, #2063 ) ) REPRESENTATION_CONTEXT ( 'NONE', 'WORKASPACE' ) );
#790 = DIRECTION ( 'NONE',  ( 1.000000000000000000, -0.0000000000000000000, -0.0000000000000000000 ) ) ;
#791 = COLOUR_RGB ( '',0.2039215686274509800, 0.2039215686274509800, 0.2039215686274509800 ) ;
#792 = MECHANICAL_DESIGN_GEOMETRIC_PRESENTATION_REPRESENTATION (  '', ( #806 ), #789 ) ;
#793 = COLOUR_RGB ( '',0.6588235294117647000, 0.6196078431372549200, 0.5607843137254902000 ) ;
#794 = DIRECTION ( 'NONE',  ( -0.0000000000000000000, 1.000000000000000000, 0.0000000000000000000 ) ) ;
#795 = LINE ( 'NONE', #3920, #1642 ) ;
#796 =( NAMED_UNIT ( * ) PLANE_ANGLE_UNIT ( ) SI_UNIT ( $, .RADIAN. ) );
#797 =( NAMED_UNIT ( * ) SI_UNIT ( $, .STERADIAN. ) SOLID_ANGLE_UNIT ( ) );
#798 = ORIENTED_EDGE ( 'NONE', *, *, #2304, .T. ) ;
#799 = DIRECTION ( 'NONE',  ( -0.0000000000000000000, 0.0000000000000000000, -1.000000000000000000 ) ) ;
#800 = PRESENTATION_LAYER_ASSIGNMENT (  '', '', ( #806 ) ) ;
#801 = AXIS2_PLACEMENT_3D ( 'NONE', #2111, #2103, #2097 ) ;
#802 = PRESENTATION_STYLE_ASSIGNMENT (( #3527 ) ) ;
#803 = VERTEX_POINT ( 'NONE', #4363 ) ;
#804 = ADVANCED_FACE ( 'NONE', ( #3873 ), #4441, .T. ) ;
#805 = DIRECTION ( 'NONE',  ( -0.0000000000000000000, 6.632766231675890600E-015, 1.000000000000000000 ) ) ;
#806 = STYLED_ITEM ( 'NONE', ( #1359 ), #1187 ) ;
#807 = CARTESIAN_POINT ( 'NONE',  ( 3.875000000000030200, -17.26293531905800200, -2.349999999999963200 ) ) ;
#808 = ORIENTED_EDGE ( 'NONE', *, *, #1706, .T. ) ;
#809 = LINE ( 'NONE', #3877, #833 ) ;
#810 = DIRECTION ( 'NONE',  ( -0.0000000000000000000, -1.000000000000000000, -0.0000000000000000000 ) ) ;
#811 = VERTEX_POINT ( 'NONE', #4483 ) ;
#812 = LINE ( 'NONE', #1095, #4269 ) ;
#813 = ADVANCED_FACE ( 'NONE', ( #57 ), #3580, .T. ) ;
#814 = DIRECTION ( 'NONE',  ( 1.000000000000000000, 0.0000000000000000000, -0.0000000000000000000 ) ) ;
#815 = SURFACE_STYLE_FILL_AREA ( #3910 ) ;
#816 = STYLED_ITEM ( 'NONE', ( #2831 ), #92 ) ;
#817 =( GEOMETRIC_REPRESENTATION_CONTEXT ( 3 ) GLOBAL_UNCERTAINTY_ASSIGNED_CONTEXT ( ( #2028 ) ) GLOBAL_UNIT_ASSIGNED_CONTEXT ( ( #2131, #2125, #2121 ) ) REPRESENTATION_CONTEXT ( 'NONE', 'WORKASPACE' ) );
#818 = MECHANICAL_DESIGN_GEOMETRIC_PRESENTATION_REPRESENTATION (  '', ( #824 ), #817 ) ;
#819 = CARTESIAN_POINT ( 'NONE',  ( 3.875000000000018200, 1.050000000000000000, 2.350000000000018700 ) ) ;
#820 = ORIENTED_EDGE ( 'NONE', *, *, #1663, .F. ) ;
#821 = PRESENTATION_LAYER_ASSIGNMENT (  '', '', ( #824 ) ) ;
#822 =( NAMED_UNIT ( * ) PLANE_ANGLE_UNIT ( ) SI_UNIT ( $, .RADIAN. ) );
#823 = AXIS2_PLACEMENT_3D ( 'NONE', #2202, #2194, #2191 ) ;
#824 = STYLED_ITEM ( 'NONE', ( #2418 ), #1181 ) ;
#825 = DIRECTION ( 'NONE',  ( 1.000000000000000000, -0.0000000000000000000, 0.0000000000000000000 ) ) ;
#826 = ADVANCED_FACE ( 'NONE', ( #2 ), #286, .F. ) ;
#827 = ORIENTED_EDGE ( 'NONE', *, *, #2076, .F. ) ;
#828 = DIRECTION ( 'NONE',  ( -0.0000000000000000000, 0.0000000000000000000, -1.000000000000000000 ) ) ;
#829 = ORIENTED_EDGE ( 'NONE', *, *, #4629, .F. ) ;
#830 = DIRECTION ( 'NONE',  ( -1.000000000000000000, 0.0000000000000000000, 0.0000000000000000000 ) ) ;
#831 = DIRECTION ( 'NONE',  ( 0.0000000000000000000, 0.0000000000000000000, -1.000000000000000000 ) ) ;
#832 = ORIENTED_EDGE ( 'NONE', *, *, #2119, .F. ) ;
#833 = VECTOR ( 'NONE', #3885, 1000.000000000000000 ) ;
#834 = PLANE ( 'NONE',  #4088 ) ;
#835 = ADVANCED_FACE ( 'NONE', ( #2635 ), #1995, .F. ) ;
#836 =( GEOMETRIC_REPRESENTATION_CONTEXT ( 3 ) GLOBAL_UNCERTAINTY_ASSIGNED_CONTEXT ( ( #3694 ) ) GLOBAL_UNIT_ASSIGNED_CONTEXT ( ( #2214, #2211, #4810 ) ) REPRESENTATION_CONTEXT ( 'NONE', 'WORKASPACE' ) );
#837 = CARTESIAN_POINT ( 'NONE',  ( 3.475000000000003200, -17.26293531905800200, -0.4250000000000087000 ) ) ;
#838 = FACE_OUTER_BOUND ( 'NONE', #3270, .T. ) ;
#839 = CARTESIAN_POINT ( 'NONE',  ( -4.174999999999979400, 0.5000000000000460700, -2.200000000000031300 ) ) ;
#840 = ADVANCED_FACE ( 'NONE', ( #2383 ), #4699, .T. ) ;
#841 = PRESENTATION_STYLE_ASSIGNMENT (( #4324 ) ) ;
#842 = MECHANICAL_DESIGN_GEOMETRIC_PRESENTATION_REPRESENTATION (  '', ( #849 ), #836 ) ;
#843 = AXIS2_PLACEMENT_3D ( 'NONE', #4855, #2402, #2248 ) ;
#844 = CARTESIAN_POINT ( 'NONE',  ( -3.464999999999976300, 1.039999999999999600, 2.200000000000033500 ) ) ;
#845 = CARTESIAN_POINT ( 'NONE',  ( 14.22812472918243500, 1.039999999999999800, 2.350000000000018700 ) ) ;
#846 = ADVANCED_FACE ( 'NONE', ( #1280 ), #4689, .F. ) ;
#847 = LINE ( 'NONE', #1685, #2530 ) ;
#848 = DIRECTION ( 'NONE',  ( -1.000000000000000000, 0.0000000000000000000, 0.0000000000000000000 ) ) ;
#849 = STYLED_ITEM ( 'NONE', ( #1539 ), #1175 ) ;
#850 = EDGE_CURVE ( 'NONE', #2029, #4612, #3625, .T. ) ;
#851 = DIRECTION ( 'NONE',  ( 0.0000000000000000000, 0.0000000000000000000, 1.000000000000000000 ) ) ;
#852 = PRESENTATION_LAYER_ASSIGNMENT (  '', '', ( #849 ) ) ;
#853 = VERTEX_POINT ( 'NONE', #4840 ) ;
#854 = VECTOR ( 'NONE', #5019, 1000.000000000000000 ) ;
#855 = DIRECTION ( 'NONE',  ( -0.0000000000000000000, -0.0000000000000000000, 1.000000000000000000 ) ) ;
#856 = UNCERTAINTY_MEASURE_WITH_UNIT (LENGTH_MEASURE( 1.000000000000000100E-005 ), #3340, 'distance_accuracy_value', 'NONE');
#857 = UNCERTAINTY_MEASURE_WITH_UNIT (LENGTH_MEASURE( 1.000000000000000100E-005 ), #3387, 'distance_accuracy_value', 'NONE');
#858 = PRODUCT_DEFINITION_CONTEXT ( 'detailed design', #2339, 'design' ) ;
#859 =( GEOMETRIC_REPRESENTATION_CONTEXT ( 3 ) GLOBAL_UNCERTAINTY_ASSIGNED_CONTEXT ( ( #4797 ) ) GLOBAL_UNIT_ASSIGNED_CONTEXT ( ( #2258, #2257, #2252 ) ) REPRESENTATION_CONTEXT ( 'NONE', 'WORKASPACE' ) );
#860 = EDGE_CURVE ( 'NONE', #4565, #4260, #3597, .T. ) ;
#861 = APPLICATION_PROTOCOL_DEFINITION ( 'draft international standard', 'automotive_design', 1998, #2305 ) ;
#862 = MECHANICAL_DESIGN_GEOMETRIC_PRESENTATION_REPRESENTATION (  '', ( #877 ), #859 ) ;
#863 = ORIENTED_EDGE ( 'NONE', *, *, #912, .F. ) ;
#864 = CARTESIAN_POINT ( 'NONE',  ( -3.464999999999976300, 1.039999999999999600, 1.425000000000009600 ) ) ;
#865 = EDGE_LOOP ( 'NONE', ( #1644, #3998, #2580, #3086, #4859, #2613, #4073, #193, #512, #5018, #1575, #130 ) ) ;
#866 = CARTESIAN_POINT ( 'NONE',  ( 2.709999999999999500, 0.6800000000000000500, -4.309999999999998700 ) ) ;
#867 = PRESENTATION_LAYER_ASSIGNMENT (  '', '', ( #877 ) ) ;
#868 = ORIENTED_EDGE ( 'NONE', *, *, #1043, .T. ) ;
#869 = CARTESIAN_POINT ( 'NONE',  ( 2.947347000000045500, 0.6500000000000048000, 2.350000000000018700 ) ) ;
#870 = UNCERTAINTY_MEASURE_WITH_UNIT (LENGTH_MEASURE( 1.000000000000000100E-005 ), #3500, 'distance_accuracy_value', 'NONE');
#871 = FILL_AREA_STYLE ('',( #4215 ) ) ;
#872 = FILL_AREA_STYLE ('',( #1093 ) ) ;
#873 = VERTEX_POINT ( 'NONE', #4833 ) ;
#874 = LINE ( 'NONE', #4293, #949 ) ;
#875 = DIRECTION ( 'NONE',  ( -1.000000000000000000, -0.0000000000000000000, -0.0000000000000000000 ) ) ;
#876 = AXIS2_PLACEMENT_3D ( 'NONE', #2324, #2314, #2307 ) ;
#877 = STYLED_ITEM ( 'NONE', ( #619 ), #1164 ) ;
#878 = ADVANCED_FACE ( 'NONE', ( #456 ), #4870, .F. ) ;
#879 = EDGE_CURVE ( 'NONE', #2986, #2887, #3924, .T. ) ;
#880 = SURFACE_SIDE_STYLE ('',( #2269 ) ) ;
#881 = ORIENTED_EDGE ( 'NONE', *, *, #3833, .F. ) ;
#882 = LINE ( 'NONE', #845, #1950 ) ;
#883 = DIRECTION ( 'NONE',  ( 1.000000000000000000, 0.0000000000000000000, -0.0000000000000000000 ) ) ;
#884 = ADVANCED_FACE ( 'NONE', ( #4302 ), #4941, .T. ) ;
#885 = LINE ( 'NONE', #2275, #1626 ) ;
#886 = COLOUR_RGB ( '',0.7921568627450980000, 0.8196078431372548800, 0.9333333333333333500 ) ;
#887 = SURFACE_STYLE_USAGE ( .BOTH. , #880 ) ;
#888 =( GEOMETRIC_REPRESENTATION_CONTEXT ( 3 ) GLOBAL_UNCERTAINTY_ASSIGNED_CONTEXT ( ( #2512 ) ) GLOBAL_UNIT_ASSIGNED_CONTEXT ( ( #2364, #2344, #2335 ) ) REPRESENTATION_CONTEXT ( 'NONE', 'WORKASPACE' ) );
#889 =( REPRESENTATION_RELATIONSHIP ('NONE','NONE', #4972, #2213 ) REPRESENTATION_RELATIONSHIP_WITH_TRANSFORMATION ( #901 )SHAPE_REPRESENTATION_RELATIONSHIP( ) );
#890 = LINE ( 'NONE', #741, #4516 ) ;
#891 = MECHANICAL_DESIGN_GEOMETRIC_PRESENTATION_REPRESENTATION (  '', ( #897 ), #888 ) ;
#892 = PRESENTATION_LAYER_ASSIGNMENT (  '', '', ( #897 ) ) ;
#893 = AXIS2_PLACEMENT_3D ( 'NONE', #2415, #2414, #2411 ) ;
#894 = ORIENTED_EDGE ( 'NONE', *, *, #689, .F. ) ;
#895 =( LENGTH_UNIT ( ) NAMED_UNIT ( * ) SI_UNIT ( .MILLI., .METRE. ) );
#896 = CARTESIAN_POINT ( 'NONE',  ( 4.015000000000052100, 1.039999999999999600, -2.050000000000050000 ) ) ;
#897 = STYLED_ITEM ( 'NONE', ( #3775 ), #1159 ) ;
#898 =( GEOMETRIC_REPRESENTATION_CONTEXT ( 3 ) GLOBAL_UNCERTAINTY_ASSIGNED_CONTEXT ( ( #1896 ) ) GLOBAL_UNIT_ASSIGNED_CONTEXT ( ( #2440, #2434, #2429 ) ) REPRESENTATION_CONTEXT ( 'NONE', 'WORKASPACE' ) );
#899 =( NAMED_UNIT ( * ) PLANE_ANGLE_UNIT ( ) SI_UNIT ( $, .RADIAN. ) );
#900 = LINE ( 'NONE', #2897, #2470 ) ;
#901 = ITEM_DEFINED_TRANSFORMATION ( 'NONE', 'NONE', #2695,  #17 ) ;
#902 = VERTEX_POINT ( 'NONE', #4925 ) ;
#903 = MECHANICAL_DESIGN_GEOMETRIC_PRESENTATION_REPRESENTATION (  '', ( #934 ), #898 ) ;
#904 =( NAMED_UNIT ( * ) SI_UNIT ( $, .STERADIAN. ) SOLID_ANGLE_UNIT ( ) );
#905 = LINE ( 'NONE', #3179, #1074 ) ;
#906 =( GEOMETRIC_REPRESENTATION_CONTEXT ( 3 ) GLOBAL_UNCERTAINTY_ASSIGNED_CONTEXT ( ( #2400 ) ) GLOBAL_UNIT_ASSIGNED_CONTEXT ( ( #2488, #2477, #2475 ) ) REPRESENTATION_CONTEXT ( 'NONE', 'WORKASPACE' ) );
#907 = VECTOR ( 'NONE', #407, 1000.000000000000000 ) ;
#908 = ADVANCED_FACE ( 'NONE', ( #128 ), #5020, .T. ) ;
#909 = MECHANICAL_DESIGN_GEOMETRIC_PRESENTATION_REPRESENTATION (  '', ( #916 ), #906 ) ;
#910 = ADVANCED_FACE ( 'NONE', ( #3987 ), #3265, .T. ) ;
#911 = PLANE ( 'NONE',  #1233 ) ;
#912 = EDGE_CURVE ( 'NONE', #2986, #1064, #34, .T. ) ;
#913 = ADVANCED_FACE ( 'NONE', ( #1818 ), #3449, .F. ) ;
#914 = PRESENTATION_LAYER_ASSIGNMENT (  '', '', ( #916 ) ) ;
#915 = ADVANCED_FACE ( 'NONE', ( #2325 ), #3675, .T. ) ;
#916 = STYLED_ITEM ( 'NONE', ( #4616 ), #1151 ) ;
#917 = CARTESIAN_POINT ( 'NONE',  ( 0.0000000000000000000, 0.3800000000000000000, -4.799999999999999800 ) ) ;
#918 = ORIENTED_EDGE ( 'NONE', *, *, #2290, .T. ) ;
#919 = ADVANCED_FACE ( 'NONE', ( #3458 ), #3753, .T. ) ;
#920 = DIRECTION ( 'NONE',  ( 0.0000000000000000000, 1.000000000000000000, 0.0000000000000000000 ) ) ;
#921 = FACE_OUTER_BOUND ( 'NONE', #4373, .T. ) ;
#922 = CARTESIAN_POINT ( 'NONE',  ( 0.0000000000000000000, 1.050000000000000000, -0.4250000000000078200 ) ) ;
#923 = EDGE_CURVE ( 'NONE', #1463, #4612, #1420, .T. ) ;
#924 = LINE ( 'NONE', #4297, #4448 ) ;
#925 = PRODUCT_RELATED_PRODUCT_CATEGORY ( 'part', '', ( #3221 ) ) ;
#926 = AXIS2_PLACEMENT_3D ( 'NONE', #2603, #2574, #2518 ) ;
#927 = EDGE_CURVE ( 'NONE', #3024, #3502, #2877, .T. ) ;
#928 = LINE ( 'NONE', #1370, #3979 ) ;
#929 = CYLINDRICAL_SURFACE ( 'NONE', #3945, 0.01000000000000002600 ) ;
#930 = ORIENTED_EDGE ( 'NONE', *, *, #1768, .F. ) ;
#931 = ADVANCED_FACE ( 'NONE', ( #3396 ), #4142, .T. ) ;
#932 = CARTESIAN_POINT ( 'NONE',  ( -3.074999999999981500, -17.26293531905800200, 1.425000000000009600 ) ) ;
#933 = AXIS2_PLACEMENT_3D ( 'NONE', #2230, #3893, #2239 ) ;
#934 = STYLED_ITEM ( 'NONE', ( #5005 ), #1158 ) ;
#935 = EDGE_CURVE ( 'NONE', #3502, #4411, #243, .T. ) ;
#936 = CYLINDRICAL_SURFACE ( 'NONE', #3104, 0.1599999999999999800 ) ;
#937 = DIRECTION ( 'NONE',  ( 0.0000000000000000000, 0.0000000000000000000, 1.000000000000000000 ) ) ;
#938 = ADVANCED_FACE ( 'NONE', ( #1992 ), #3268, .T. ) ;
#939 = ORIENTED_EDGE ( 'NONE', *, *, #969, .F. ) ;
#940 = FILL_AREA_STYLE ('',( #1649 ) ) ;
#941 = PRESENTATION_LAYER_ASSIGNMENT (  '', '', ( #934 ) ) ;
#942 = DIRECTION ( 'NONE',  ( -0.0000000000000000000, -0.0000000000000000000, 1.000000000000000000 ) ) ;
#943 =( GEOMETRIC_REPRESENTATION_CONTEXT ( 3 ) GLOBAL_UNCERTAINTY_ASSIGNED_CONTEXT ( ( #4152 ) ) GLOBAL_UNIT_ASSIGNED_CONTEXT ( ( #2553, #2547, #2539 ) ) REPRESENTATION_CONTEXT ( 'NONE', 'WORKASPACE' ) );
#944 = MECHANICAL_DESIGN_GEOMETRIC_PRESENTATION_REPRESENTATION (  '', ( #959 ), #943 ) ;
#945 = CARTESIAN_POINT ( 'NONE',  ( 2.074999999999994400, 0.3800000000000122700, 2.350000000000021800 ) ) ;
#946 = VECTOR ( 'NONE', #3589, 1000.000000000000000 ) ;
#947 =( LENGTH_UNIT ( ) NAMED_UNIT ( * ) SI_UNIT ( .MILLI., .METRE. ) );
#948 = FILL_AREA_STYLE_COLOUR ( '', #4872 ) ;
#949 = VECTOR ( 'NONE', #4282, 1000.000000000000000 ) ;
#950 = PRESENTATION_LAYER_ASSIGNMENT (  '', '', ( #959 ) ) ;
#951 = FACE_OUTER_BOUND ( 'NONE', #4695, .T. ) ;
#952 = AXIS2_PLACEMENT_3D ( 'NONE', #4901, #2637, #2622 ) ;
#953 = PLANE ( 'NONE',  #2759 ) ;
#954 = DIRECTION ( 'NONE',  ( 0.0000000000000000000, 0.0000000000000000000, -1.000000000000000000 ) ) ;
#955 = CARTESIAN_POINT ( 'NONE',  ( 0.0000000000000000000, 1.050000000000000000, 1.425000000000009600 ) ) ;
#956 = EDGE_LOOP ( 'NONE', ( #4529, #4892, #3965, #361, #2753, #1684, #267, #4908 ) ) ;
#957 = DIRECTION ( 'NONE',  ( -1.000000000000000000, 0.0000000000000000000, 0.0000000000000000000 ) ) ;
#958 = SURFACE_STYLE_FILL_AREA ( #591 ) ;
#959 = STYLED_ITEM ( 'NONE', ( #4061 ), #1150 ) ;
#960 = DIRECTION ( 'NONE',  ( -1.000000000000000000, -0.0000000000000000000, -0.0000000000000000000 ) ) ;
#961 =( GEOMETRIC_REPRESENTATION_CONTEXT ( 3 ) GLOBAL_UNCERTAINTY_ASSIGNED_CONTEXT ( ( #1105 ) ) GLOBAL_UNIT_ASSIGNED_CONTEXT ( ( #2662, #2659, #2651 ) ) REPRESENTATION_CONTEXT ( 'NONE', 'WORKASPACE' ) );
#962 = VECTOR ( 'NONE', #1832, 1000.000000000000000 ) ;
#963 = LINE ( 'NONE', #1411, #3678 ) ;
#964 = LINE ( 'NONE', #788, #2089 ) ;
#965 = COLOUR_RGB ( '',0.6588235294117647000, 0.6196078431372549200, 0.5607843137254902000 ) ;
#966 = DIRECTION ( 'NONE',  ( 0.0000000000000000000, 0.0000000000000000000, 1.000000000000000000 ) ) ;
#967 = PRESENTATION_STYLE_ASSIGNMENT (( #4964 ) ) ;
#968 = DIRECTION ( 'NONE',  ( -0.0000000000000000000, -1.000000000000000000, 0.0000000000000000000 ) ) ;
#969 = EDGE_CURVE ( 'NONE', #2143, #1064, #256, .T. ) ;
#970 = EDGE_CURVE ( 'NONE', #4982, #2986, #281, .T. ) ;
#971 = SURFACE_STYLE_FILL_AREA ( #3073 ) ;
#972 = CARTESIAN_POINT ( 'NONE',  ( -3.024999999999931500, 1.200000000000000000, 0.0000000000000000000 ) ) ;
#973 = FACE_OUTER_BOUND ( 'NONE', #4126, .T. ) ;
#974 = CARTESIAN_POINT ( 'NONE',  ( 2.002654000000049000, 0.6500000000000048000, -2.199999999999966000 ) ) ;
#975 = MECHANICAL_DESIGN_GEOMETRIC_PRESENTATION_REPRESENTATION (  '', ( #993 ), #961 ) ;
#976 =( GEOMETRIC_REPRESENTATION_CONTEXT ( 3 ) GLOBAL_UNCERTAINTY_ASSIGNED_CONTEXT ( ( #4832 ) ) GLOBAL_UNIT_ASSIGNED_CONTEXT ( ( #1674, #1678, #1690 ) ) REPRESENTATION_CONTEXT ( 'NONE', 'WORKASPACE' ) );
#977 = ORIENTED_EDGE ( 'NONE', *, *, #2484, .T. ) ;
#978 = EDGE_CURVE ( 'NONE', #1064, #2952, #190, .T. ) ;
#979 = VECTOR ( 'NONE', #4161, 1000.000000000000000 ) ;
#980 = CARTESIAN_POINT ( 'NONE',  ( 3.309999999999998700, 0.6800000000000000500, -4.609999999999998500 ) ) ;
#981 = ORIENTED_EDGE ( 'NONE', *, *, #3038, .T. ) ;
#982 = DIRECTION ( 'NONE',  ( 0.0000000000000000000, 1.000000000000000000, 0.0000000000000000000 ) ) ;
#983 = SURFACE_SIDE_STYLE ('',( #4844 ) ) ;
#984 = UNCERTAINTY_MEASURE_WITH_UNIT (LENGTH_MEASURE( 1.000000000000000100E-005 ), #4549, 'distance_accuracy_value', 'NONE');
#985 = LINE ( 'NONE', #2943, #4581 ) ;
#986 = ORIENTED_EDGE ( 'NONE', *, *, #180, .F. ) ;
#987 = PRESENTATION_LAYER_ASSIGNMENT (  '', '', ( #993 ) ) ;
#988 = AXIS2_PLACEMENT_3D ( 'NONE', #2718, #2711, #2705 ) ;
#989 = ORIENTED_EDGE ( 'NONE', *, *, #3480, .T. ) ;
#990 = VECTOR ( 'NONE', #1634, 1000.000000000000000 ) ;
#991 = ORIENTED_EDGE ( 'NONE', *, *, #2697, .T. ) ;
#992 = LINE ( 'NONE', #3135, #1026 ) ;
#993 = STYLED_ITEM ( 'NONE', ( #3701 ), #1131 ) ;
#994 = VERTEX_POINT ( 'NONE', #3916 ) ;
#995 =( GEOMETRIC_REPRESENTATION_CONTEXT ( 3 ) GLOBAL_UNCERTAINTY_ASSIGNED_CONTEXT ( ( #1961 ) ) GLOBAL_UNIT_ASSIGNED_CONTEXT ( ( #2734, #2726, #2725 ) ) REPRESENTATION_CONTEXT ( 'NONE', 'WORKASPACE' ) );
#996 = VERTEX_POINT ( 'NONE', #3435 ) ;
#997 = CARTESIAN_POINT ( 'NONE',  ( 4.175000000000057600, 0.3500000000000460000, 0.4250000000000128700 ) ) ;
#998 = PRESENTATION_STYLE_ASSIGNMENT (( #2149 ) ) ;
#999 = EDGE_CURVE ( 'NONE', #3587, #4036, #539, .T. ) ;
#1000 = MECHANICAL_DESIGN_GEOMETRIC_PRESENTATION_REPRESENTATION (  '', ( #1014 ), #995 ) ;
#1001 = LINE ( 'NONE', #3700, #656 ) ;
#1002 = EDGE_CURVE ( 'NONE', #1463, #3587, #345, .T. ) ;
#1003 = DIRECTION ( 'NONE',  ( -0.0000000000000000000, -1.000000000000000000, -0.0000000000000000000 ) ) ;
#1004 = PRESENTATION_LAYER_ASSIGNMENT (  '', '', ( #1014 ) ) ;
#1005 = ORIENTED_EDGE ( 'NONE', *, *, #1797, .T. ) ;
#1006 = AXIS2_PLACEMENT_3D ( 'NONE', #2784, #2779, #2775 ) ;
#1007 = DIRECTION ( 'NONE',  ( -0.0000000000000000000, -1.000000000000000000, -0.0000000000000000000 ) ) ;
#1008 = ORIENTED_EDGE ( 'NONE', *, *, #2412, .T. ) ;
#1009 = ORIENTED_EDGE ( 'NONE', *, *, #2826, .T. ) ;
#1010 = VECTOR ( 'NONE', #1429, 1000.000000000000000 ) ;
#1011 = CARTESIAN_POINT ( 'NONE',  ( -3.634999999999984700, 0.5000000000000488500, 7.549724035405217300E-015 ) ) ;
#1012 = DIRECTION ( 'NONE',  ( -0.0000000000000000000, 9.792793815997816400E-016, 1.000000000000000000 ) ) ;
#1013 = SURFACE_STYLE_FILL_AREA ( #2493 ) ;
#1014 = STYLED_ITEM ( 'NONE', ( #3100 ), #1128 ) ;
#1015 = CARTESIAN_POINT ( 'NONE',  ( -2.624999999999979100, -17.26293531905800200, -2.050000000000051800 ) ) ;
#1016 = LINE ( 'NONE', #4107, #2962 ) ;
#1017 =( GEOMETRIC_REPRESENTATION_CONTEXT ( 3 ) GLOBAL_UNCERTAINTY_ASSIGNED_CONTEXT ( ( #3667 ) ) GLOBAL_UNIT_ASSIGNED_CONTEXT ( ( #2810, #2805, #2799 ) ) REPRESENTATION_CONTEXT ( 'NONE', 'WORKASPACE' ) );
#1018 = FILL_AREA_STYLE ('',( #1036 ) ) ;
#1019 = ORIENTED_EDGE ( 'NONE', *, *, #2526, .T. ) ;
#1020 = MANIFOLD_SOLID_BREP ( 'ｲﾝﾎﾟｰﾄ2', #4436 ) ;
#1021 = ORIENTED_EDGE ( 'NONE', *, *, #2706, .F. ) ;
#1022 = FILL_AREA_STYLE ('',( #1127 ) ) ;
#1023 = EDGE_CURVE ( 'NONE', #4565, #2670, #992, .T. ) ;
#1024 = LINE ( 'NONE', #4811, #4296 ) ;
#1025 = CARTESIAN_POINT ( 'NONE',  ( 3.309999999999998700, 0.6800000000000000500, -4.309999999999998700 ) ) ;
#1026 = VECTOR ( 'NONE', #3133, 1000.000000000000000 ) ;
#1027 = ORIENTED_EDGE ( 'NONE', *, *, #2833, .T. ) ;
#1028 = CARTESIAN_POINT ( 'NONE',  ( -3.634999999999984200, 0.5100000000000468600, -2.200000000000007300 ) ) ;
#1029 = LINE ( 'NONE', #3314, #1035 ) ;
#1030 = DIRECTION ( 'NONE',  ( 3.357529308342098400E-015, 1.119176436114032700E-015, 1.000000000000000000 ) ) ;
#1031 = VECTOR ( 'NONE', #3267, 1000.000000000000000 ) ;
#1032 = MECHANICAL_DESIGN_GEOMETRIC_PRESENTATION_REPRESENTATION (  '', ( #1041 ), #1017 ) ;
#1033 = PRESENTATION_LAYER_ASSIGNMENT (  '', '', ( #1041 ) ) ;
#1034 = DIRECTION ( 'NONE',  ( 1.000000000000000000, 0.0000000000000000000, 0.0000000000000000000 ) ) ;
#1035 = VECTOR ( 'NONE', #3310, 1000.000000000000000 ) ;
#1036 = FILL_AREA_STYLE_COLOUR ( '', #3720 ) ;
#1037 = CARTESIAN_POINT ( 'NONE',  ( 3.875000000000017300, 0.0000000000000000000, 2.200000000000018800 ) ) ;
#1038 = SURFACE_STYLE_FILL_AREA ( #1970 ) ;
#1039 = ORIENTED_EDGE ( 'NONE', *, *, #2937, .F. ) ;
#1040 = AXIS2_PLACEMENT_3D ( 'NONE', #2892, #2889, #2886 ) ;
#1041 = STYLED_ITEM ( 'NONE', ( #2762 ), #1123 ) ;
#1042 = LINE ( 'NONE', #3548, #1534 ) ;
#1043 = EDGE_CURVE ( 'NONE', #4612, #4036, #905, .T. ) ;
#1044 = DIRECTION ( 'NONE',  ( 0.0000000000000000000, 1.000000000000000000, 0.0000000000000000000 ) ) ;
#1045 = LINE ( 'NONE', #3122, #1154 ) ;
#1046 = ORIENTED_EDGE ( 'NONE', *, *, #1672, .T. ) ;
#1047 = DIRECTION ( 'NONE',  ( -1.000000000000000000, -0.0000000000000000000, -0.0000000000000000000 ) ) ;
#1048 = PRESENTATION_STYLE_ASSIGNMENT (( #3084 ) ) ;
#1049 = ORIENTED_EDGE ( 'NONE', *, *, #3112, .F. ) ;
#1050 = EDGE_CURVE ( 'NONE', #1133, #3727, #1045, .T. ) ;
#1051 = PLANE ( 'NONE',  #2245 ) ;
#1052 = CARTESIAN_POINT ( 'NONE',  ( -2.624999999999992000, 1.200000000000000000, -2.189999999999963100 ) ) ;
#1053 =( GEOMETRIC_REPRESENTATION_CONTEXT ( 3 ) GLOBAL_UNCERTAINTY_ASSIGNED_CONTEXT ( ( #1219 ) ) GLOBAL_UNIT_ASSIGNED_CONTEXT ( ( #2915, #2909, #2908 ) ) REPRESENTATION_CONTEXT ( 'NONE', 'WORKASPACE' ) );
#1054 = LINE ( 'NONE', #4156, #4555 ) ;
#1055 = UNCERTAINTY_MEASURE_WITH_UNIT (LENGTH_MEASURE( 1.000000000000000100E-005 ), #1193, 'distance_accuracy_value', 'NONE');
#1056 = CARTESIAN_POINT ( 'NONE',  ( -3.474999999999977400, -17.26293531905800200, 1.425000000000009600 ) ) ;
#1057 = SURFACE_SIDE_STYLE ('',( #4474 ) ) ;
#1058 = FACE_OUTER_BOUND ( 'NONE', #865, .T. ) ;
#1059 = MECHANICAL_DESIGN_GEOMETRIC_PRESENTATION_REPRESENTATION (  '', ( #1068 ), #1053 ) ;
#1060 = PRESENTATION_LAYER_ASSIGNMENT (  '', '', ( #1068 ) ) ;
#1061 = DIRECTION ( 'NONE',  ( -0.0000000000000000000, 0.0000000000000000000, -1.000000000000000000 ) ) ;
#1062 = ORIENTED_EDGE ( 'NONE', *, *, #3856, .F. ) ;
#1063 = AXIS2_PLACEMENT_3D ( 'NONE', #2954, #2948, #2942 ) ;
#1064 = VERTEX_POINT ( 'NONE', #3085 ) ;
#1065 = CARTESIAN_POINT ( 'NONE',  ( -3.624999999999980000, -17.26293531905800200, -2.200000000000035300 ) ) ;
#1066 = DIRECTION ( 'NONE',  ( -0.0000000000000000000, -0.0000000000000000000, 1.000000000000000000 ) ) ;
#1067 = ORIENTED_EDGE ( 'NONE', *, *, #2529, .T. ) ;
#1068 = STYLED_ITEM ( 'NONE', ( #2299 ), #1080 ) ;
#1069 = DIRECTION ( 'NONE',  ( 0.0000000000000000000, -0.0000000000000000000, 1.000000000000000000 ) ) ;
#1070 = EDGE_LOOP ( 'NONE', ( #4589, #306, #1673, #446 ) ) ;
#1071 = ADVANCED_FACE ( 'NONE', ( #1165 ), #3108, .T. ) ;
#1072 = SURFACE_STYLE_USAGE ( .BOTH. , #1057 ) ;
#1073 =( LENGTH_UNIT ( ) NAMED_UNIT ( * ) SI_UNIT ( .MILLI., .METRE. ) );
#1074 = VECTOR ( 'NONE', #3172, 1000.000000000000000 ) ;
#1075 = EDGE_LOOP ( 'NONE', ( #2480, #4291, #1691, #2079 ) ) ;
#1076 = LINE ( 'NONE', #2563, #3418 ) ;
#1077 = ADVANCED_FACE ( 'NONE', ( #1589 ), #3079, .F. ) ;
#1078 = DIRECTION ( 'NONE',  ( 1.000000000000000000, 0.0000000000000000000, -2.710505431213761500E-015 ) ) ;
#1079 =( NAMED_UNIT ( * ) PLANE_ANGLE_UNIT ( ) SI_UNIT ( $, .RADIAN. ) );
#1080 = ADVANCED_FACE ( 'NONE', ( #2294 ), #3006, .T. ) ;
#1081 =( GEOMETRIC_REPRESENTATION_CONTEXT ( 3 ) GLOBAL_UNCERTAINTY_ASSIGNED_CONTEXT ( ( #129 ) ) GLOBAL_UNIT_ASSIGNED_CONTEXT ( ( #4370, #2968, #2960 ) ) REPRESENTATION_CONTEXT ( 'NONE', 'WORKASPACE' ) );
#1082 = EDGE_CURVE ( 'NONE', #2306, #151, #2735, .T. ) ;
#1083 = DIRECTION ( 'NONE',  ( 2.238352872228222100E-015, 2.238352872228222100E-015, 1.000000000000000000 ) ) ;
#1084 =( NAMED_UNIT ( * ) SI_UNIT ( $, .STERADIAN. ) SOLID_ANGLE_UNIT ( ) );
#1085 = ORIENTED_EDGE ( 'NONE', *, *, #1119, .T. ) ;
#1086 = CARTESIAN_POINT ( 'NONE',  ( 0.0000000000000000000, 1.050000000000000000, 0.4250000000000087000 ) ) ;
#1087 = ORIENTED_EDGE ( 'NONE', *, *, #1553, .T. ) ;
#1088 = CARTESIAN_POINT ( 'NONE',  ( -3.634999999999968700, 0.5100000000000477500, 2.200000000000010800 ) ) ;
#1089 = MECHANICAL_DESIGN_GEOMETRIC_PRESENTATION_REPRESENTATION (  '', ( #1101 ), #1081 ) ;
#1090 = CARTESIAN_POINT ( 'NONE',  ( -3.464999999999976300, 1.050000000000000000, 2.200000000000019700 ) ) ;
#1091 = ORIENTED_EDGE ( 'NONE', *, *, #935, .F. ) ;
#1092 = VECTOR ( 'NONE', #3384, 1000.000000000000000 ) ;
#1093 = FILL_AREA_STYLE_COLOUR ( '', #4554 ) ;
#1094 = ORIENTED_EDGE ( 'NONE', *, *, #2340, .F. ) ;
#1095 = CARTESIAN_POINT ( 'NONE',  ( 0.0000000000000000000, 1.200000000000000000, -2.200000000000035300 ) ) ;
#1096 = LINE ( 'NONE', #4404, #150 ) ;
#1097 = UNCERTAINTY_MEASURE_WITH_UNIT (LENGTH_MEASURE( 1.000000000000000100E-005 ), #4134, 'distance_accuracy_value', 'NONE');
#1098 = PRESENTATION_LAYER_ASSIGNMENT (  '', '', ( #1101 ) ) ;
#1099 = AXIS2_PLACEMENT_3D ( 'NONE', #3022, #3017, #3008 ) ;
#1100 = CARTESIAN_POINT ( 'NONE',  ( 3.075000000000007300, -17.26293531905800200, -0.8250000000000201600 ) ) ;
#1101 = STYLED_ITEM ( 'NONE', ( #1595 ), #1077 ) ;
#1102 = COLOUR_RGB ( '',0.6588235294117647000, 0.6196078431372549200, 0.5607843137254902000 ) ;
#1103 = VECTOR ( 'NONE', #559, 1000.000000000000000 ) ;
#1104 = DIRECTION ( 'NONE',  ( -0.0000000000000000000, -1.000000000000000000, -0.0000000000000000000 ) ) ;
#1105 = UNCERTAINTY_MEASURE_WITH_UNIT (LENGTH_MEASURE( 1.000000000000000100E-005 ), #2662, 'distance_accuracy_value', 'NONE');
#1106 = ORIENTED_EDGE ( 'NONE', *, *, #2676, .F. ) ;
#1107 = DIRECTION ( 'NONE',  ( 1.000000000000000000, 0.0000000000000000000, -0.0000000000000000000 ) ) ;
#1108 = LINE ( 'NONE', #4463, #2050 ) ;
#1109 =( GEOMETRIC_REPRESENTATION_CONTEXT ( 3 ) GLOBAL_UNCERTAINTY_ASSIGNED_CONTEXT ( ( #139 ) ) GLOBAL_UNIT_ASSIGNED_CONTEXT ( ( #4313, #3035, #3033 ) ) REPRESENTATION_CONTEXT ( 'NONE', 'WORKASPACE' ) );
#1110 = DIRECTION ( 'NONE',  ( -0.0000000000000000000, -1.000000000000000000, -0.0000000000000000000 ) ) ;
#1111 = ORIENTED_EDGE ( 'NONE', *, *, #136, .T. ) ;
#1112 = MECHANICAL_DESIGN_GEOMETRIC_PRESENTATION_REPRESENTATION (  '', ( #1121 ), #1109 ) ;
#1113 = PLANE ( 'NONE',  #2793 ) ;
#1114 = COLOUR_RGB ( '',0.6588235294117647000, 0.6196078431372549200, 0.5607843137254902000 ) ;
#1115 = ORIENTED_EDGE ( 'NONE', *, *, #1733, .T. ) ;
#1116 = DIRECTION ( 'NONE',  ( -0.0000000000000000000, 0.0000000000000000000, -1.000000000000000000 ) ) ;
#1117 = PRESENTATION_LAYER_ASSIGNMENT (  '', '', ( #1121 ) ) ;
#1118 = COLOUR_RGB ( '',0.6588235294117647000, 0.6196078431372549200, 0.5607843137254902000 ) ;
#1119 = EDGE_CURVE ( 'NONE', #4290, #3727, #2640, .T. ) ;
#1120 = SURFACE_STYLE_FILL_AREA ( #545 ) ;
#1121 = STYLED_ITEM ( 'NONE', ( #1172 ), #1071 ) ;
#1122 = DIRECTION ( 'NONE',  ( 1.000000000000000000, -0.0000000000000000000, 0.0000000000000000000 ) ) ;
#1123 = ADVANCED_FACE ( 'NONE', ( #2806 ), #2850, .T. ) ;
#1124 = PRESENTATION_STYLE_ASSIGNMENT (( #4397 ) ) ;
#1125 = ORIENTED_EDGE ( 'NONE', *, *, #3952, .T. ) ;
#1126 = PRESENTATION_STYLE_ASSIGNMENT (( #2459 ) ) ;
#1127 = FILL_AREA_STYLE_COLOUR ( '', #2820 ) ;
#1128 = ADVANCED_FACE ( 'NONE', ( #3062 ), #2752, .T. ) ;
#1129 = AXIS2_PLACEMENT_3D ( 'NONE', #3381, #3415, #4257 ) ;
#1130 = CARTESIAN_POINT ( 'NONE',  ( -4.174999999999963400, 0.3500000000000451600, 1.425000000000013800 ) ) ;
#1131 = ADVANCED_FACE ( 'NONE', ( #3642 ), #2764, .T. ) ;
#1132 = LINE ( 'NONE', #604, #4250 ) ;
#1133 = VERTEX_POINT ( 'NONE', #2699 ) ;
#1134 = EDGE_LOOP ( 'NONE', ( #244, #4585, #577, #401 ) ) ;
#1135 =( GEOMETRIC_REPRESENTATION_CONTEXT ( 3 ) GLOBAL_UNCERTAINTY_ASSIGNED_CONTEXT ( ( #2144 ) ) GLOBAL_UNIT_ASSIGNED_CONTEXT ( ( #3150, #3144, #3143 ) ) REPRESENTATION_CONTEXT ( 'NONE', 'WORKASPACE' ) );
#1136 = MECHANICAL_DESIGN_GEOMETRIC_PRESENTATION_REPRESENTATION (  '', ( #1142 ), #1135 ) ;
#1137 = CARTESIAN_POINT ( 'NONE',  ( -4.014999999999972100, 1.200000000000000000, -1.024999999999998100 ) ) ;
#1138 = EDGE_CURVE ( 'NONE', #3905, #4290, #4127, .T. ) ;
#1139 = LINE ( 'NONE', #866, #4942 ) ;
#1140 = DIRECTION ( 'NONE',  ( 1.000000000000000000, 0.0000000000000000000, -0.0000000000000000000 ) ) ;
#1141 = PRESENTATION_LAYER_ASSIGNMENT (  '', '', ( #1142 ) ) ;
#1142 = STYLED_ITEM ( 'NONE', ( #482 ), #1020 ) ;
#1143 = PLANE ( 'NONE',  #2585 ) ;
#1144 = DIRECTION ( 'NONE',  ( 0.0000000000000000000, 0.0000000000000000000, -1.000000000000000000 ) ) ;
#1145 = CARTESIAN_POINT ( 'NONE',  ( 3.875000000000030200, 0.6500000000000048000, -2.349999999999963200 ) ) ;
#1146 = VECTOR ( 'NONE', #1290, 1000.000000000000000 ) ;
#1147 = FILL_AREA_STYLE ('',( #1216 ) ) ;
#1148 = AXIS2_PLACEMENT_3D ( 'NONE', #3222, #3218, #3217 ) ;
#1149 = CARTESIAN_POINT ( 'NONE',  ( 0.0000000000000000000, 1.050000000000000000, -2.200000000000035300 ) ) ;
#1150 = ADVANCED_FACE ( 'NONE', ( #4101 ), #4597, .T. ) ;
#1151 = MANIFOLD_SOLID_BREP ( 'ｲﾝﾎﾟｰﾄ1', #4158 ) ;
#1152 = UNCERTAINTY_MEASURE_WITH_UNIT (LENGTH_MEASURE( 1.000000000000000100E-005 ), #284, 'distance_accuracy_value', 'NONE');
#1153 = SURFACE_SIDE_STYLE ('',( #1387 ) ) ;
#1154 = VECTOR ( 'NONE', #3113, 1000.000000000000000 ) ;
#1155 = AXIS2_PLACEMENT_3D ( 'NONE', #3316, #3909, #4330 ) ;
#1156 = LINE ( 'NONE', #439, #411 ) ;
#1157 = AXIS2_PLACEMENT_3D ( 'NONE', #3986, #3423, #3434 ) ;
#1158 = ADVANCED_FACE ( 'NONE', ( #4577 ), #2457, .T. ) ;
#1159 = ADVANCED_FACE ( 'NONE', ( #4874 ), #2468, .T. ) ;
#1160 = SURFACE_STYLE_USAGE ( .BOTH. , #1153 ) ;
#1161 = DIRECTION ( 'NONE',  ( 1.000000000000000000, 0.0000000000000000000, -2.710505431213761500E-015 ) ) ;
#1162 = DIRECTION ( 'NONE',  ( -2.238352872228222100E-015, -2.238352872228222100E-015, -1.000000000000000000 ) ) ;
#1163 = PRESENTATION_STYLE_ASSIGNMENT (( #3794 ) ) ;
#1164 = ADVANCED_FACE ( 'NONE', ( #4863 ), #3759, .T. ) ;
#1165 = FACE_OUTER_BOUND ( 'NONE', #2070, .T. ) ;
#1166 =( GEOMETRIC_REPRESENTATION_CONTEXT ( 3 ) GLOBAL_UNCERTAINTY_ASSIGNED_CONTEXT ( ( #145 ) ) GLOBAL_UNIT_ASSIGNED_CONTEXT ( ( #3282, #3286, #3307 ) ) REPRESENTATION_CONTEXT ( 'NONE', 'WORKASPACE' ) );
#1167 = MECHANICAL_DESIGN_GEOMETRIC_PRESENTATION_REPRESENTATION (  '', ( #1179 ), #1166 ) ;
#1168 = VECTOR ( 'NONE', #3880, 1000.000000000000000 ) ;
#1169 = ORIENTED_EDGE ( 'NONE', *, *, #1023, .T. ) ;
#1170 = UNCERTAINTY_MEASURE_WITH_UNIT (LENGTH_MEASURE( 1.000000000000000100E-005 ), #2156, 'distance_accuracy_value', 'NONE');
#1171 = CARTESIAN_POINT ( 'NONE',  ( 3.875000000000012900, 1.039999999999999800, 2.350000000000018700 ) ) ;
#1172 = PRESENTATION_STYLE_ASSIGNMENT (( #4458 ) ) ;
#1173 = COLOUR_RGB ( '',0.6588235294117647000, 0.6196078431372549200, 0.5607843137254902000 ) ;
#1174 = VECTOR ( 'NONE', #3919, 1000.000000000000000 ) ;
#1175 = ADVANCED_FACE ( 'NONE', ( #1058 ), #2234, .T. ) ;
#1176 = ORIENTED_EDGE ( 'NONE', *, *, #176, .T. ) ;
#1177 = AXIS2_PLACEMENT_3D ( 'NONE', #3591, #3593, #3826 ) ;
#1178 = EDGE_CURVE ( 'NONE', #1133, #3905, #1736, .T. ) ;
#1179 = STYLED_ITEM ( 'NONE', ( #4202 ), #938 ) ;
#1180 = PRESENTATION_LAYER_ASSIGNMENT (  '', '', ( #2891 ) ) ;
#1181 = ADVANCED_FACE ( 'NONE', ( #611 ), #2152, .T. ) ;
#1182 = VECTOR ( 'NONE', #1190, 1000.000000000000000 ) ;
#1183 = FACE_OUTER_BOUND ( 'NONE', #1512, .T. ) ;
#1184 = CARTESIAN_POINT ( 'NONE',  ( -4.174999999999977600, 0.5000000000000485200, -1.425000000000009600 ) ) ;
#1185 = CARTESIAN_POINT ( 'NONE',  ( -3.474999999999977400, 0.5100000000000477500, 0.0000000000000000000 ) ) ;
#1186 = PRESENTATION_LAYER_ASSIGNMENT (  '', '', ( #1179 ) ) ;
#1187 = ADVANCED_FACE ( 'NONE', ( #4795 ), #4268, .T. ) ;
#1188 = PRESENTATION_STYLE_ASSIGNMENT (( #186 ) ) ;
#1189 =( GEOMETRIC_REPRESENTATION_CONTEXT ( 3 ) GLOBAL_UNCERTAINTY_ASSIGNED_CONTEXT ( ( #207 ) ) GLOBAL_UNIT_ASSIGNED_CONTEXT ( ( #3639, #3627, #4301 ) ) REPRESENTATION_CONTEXT ( 'NONE', 'WORKASPACE' ) );
#1190 = DIRECTION ( 'NONE',  ( -1.000000000000000000, 0.0000000000000000000, -0.0000000000000000000 ) ) ;
#1191 = VERTEX_POINT ( 'NONE', #2046 ) ;
#1192 = DIRECTION ( 'NONE',  ( 0.0000000000000000000, -0.0000000000000000000, -1.000000000000000000 ) ) ;
#1193 =( LENGTH_UNIT ( ) NAMED_UNIT ( * ) SI_UNIT ( .MILLI., .METRE. ) );
#1194 = COLOUR_RGB ( '',0.6588235294117647000, 0.6196078431372549200, 0.5607843137254902000 ) ;
#1195 = ADVANCED_FACE ( 'NONE', ( #3252 ), #3046, .F. ) ;
#1196 = PRESENTATION_STYLE_ASSIGNMENT (( #2949 ) ) ;
#1197 = CARTESIAN_POINT ( 'NONE',  ( -3.624999999999976500, 0.3500000000000447200, 1.425000000000009600 ) ) ;
#1198 = ORIENTED_EDGE ( 'NONE', *, *, #978, .F. ) ;
#1199 = MECHANICAL_DESIGN_GEOMETRIC_PRESENTATION_REPRESENTATION (  '', ( #1218 ), #1189 ) ;
#1200 = PRESENTATION_LAYER_ASSIGNMENT (  '', '', ( #1218 ) ) ;
#1201 = EDGE_CURVE ( 'NONE', #3867, #4486, #1369, .T. ) ;
#1202 = VECTOR ( 'NONE', #3713, 1000.000000000000000 ) ;
#1203 = VERTEX_POINT ( 'NONE', #1989 ) ;
#1204 =( NAMED_UNIT ( * ) PLANE_ANGLE_UNIT ( ) SI_UNIT ( $, .RADIAN. ) );
#1205 = UNCERTAINTY_MEASURE_WITH_UNIT (LENGTH_MEASURE( 1.000000000000000100E-005 ), #2479, 'distance_accuracy_value', 'NONE');
#1206 = ORIENTED_EDGE ( 'NONE', *, *, #923, .F. ) ;
#1207 = CARTESIAN_POINT ( 'NONE',  ( 2.074999999999994400, 0.3800000000000122700, -2.199999999999966000 ) ) ;
#1208 = ORIENTED_EDGE ( 'NONE', *, *, #1725, .F. ) ;
#1209 = CARTESIAN_POINT ( 'NONE',  ( 3.875000000000022200, 0.6500000000000048000, 2.200000000000018400 ) ) ;
#1210 = AXIS2_PLACEMENT_3D ( 'NONE', #3617, #3566, #3560 ) ;
#1211 = DIRECTION ( 'NONE',  ( 1.000000000000000000, 0.0000000000000000000, -0.0000000000000000000 ) ) ;
#1212 = ORIENTED_EDGE ( 'NONE', *, *, #2189, .T. ) ;
#1213 = CARTESIAN_POINT ( 'NONE',  ( 2.002654000000049000, 0.6500000000000048000, 2.350000000000021000 ) ) ;
#1214 = ADVANCED_FACE ( 'NONE', ( #378 ), #2015, .T. ) ;
#1215 =( NAMED_UNIT ( * ) SI_UNIT ( $, .STERADIAN. ) SOLID_ANGLE_UNIT ( ) );
#1216 = FILL_AREA_STYLE_COLOUR ( '', #749 ) ;
#1217 = SURFACE_STYLE_FILL_AREA ( #4768 ) ;
#1218 = STYLED_ITEM ( 'NONE', ( #353 ), #931 ) ;
#1219 = UNCERTAINTY_MEASURE_WITH_UNIT (LENGTH_MEASURE( 1.000000000000000100E-005 ), #2915, 'distance_accuracy_value', 'NONE');
#1220 = EDGE_CURVE ( 'NONE', #4486, #4427, #1550, .T. ) ;
#1221 = CARTESIAN_POINT ( 'NONE',  ( 4.175000000000057600, 0.5000000000000460700, -0.4250000000000087000 ) ) ;
#1222 = SURFACE_STYLE_FILL_AREA ( #3789 ) ;
#1223 = VERTEX_POINT ( 'NONE', #1898 ) ;
#1224 = LINE ( 'NONE', #626, #1559 ) ;
#1225 =( NAMED_UNIT ( * ) SI_UNIT ( $, .STERADIAN. ) SOLID_ANGLE_UNIT ( ) );
#1226 = DIRECTION ( 'NONE',  ( -0.0000000000000000000, -3.490602116294801600E-015, 1.000000000000000000 ) ) ;
#1227 = ADVANCED_FACE ( 'NONE', ( #3603 ), #1865, .T. ) ;
#1228 = ADVANCED_FACE ( 'NONE', ( #3468 ), #1822, .T. ) ;
#1229 = ORIENTED_EDGE ( 'NONE', *, *, #2609, .T. ) ;
#1230 = CARTESIAN_POINT ( 'NONE',  ( 3.634999999999982500, 0.5100000000000558500, 10.10341311811409800 ) ) ;
#1231 = CARTESIAN_POINT ( 'NONE',  ( 1.809999999999999200, 0.3800000000000000000, -4.309999999999998700 ) ) ;
#1232 = DIRECTION ( 'NONE',  ( 2.040851148207966600E-015, -1.020425574103983300E-015, -1.000000000000000000 ) ) ;
#1233 = AXIS2_PLACEMENT_3D ( 'NONE', #1607, #1621, #1627 ) ;
#1234 =( GEOMETRIC_REPRESENTATION_CONTEXT ( 3 ) GLOBAL_UNCERTAINTY_ASSIGNED_CONTEXT ( ( #215 ) ) GLOBAL_UNIT_ASSIGNED_CONTEXT ( ( #3863, #3855, #3659 ) ) REPRESENTATION_CONTEXT ( 'NONE', 'WORKASPACE' ) );
#1235 = VERTEX_POINT ( 'NONE', #1802 ) ;
#1236 =( LENGTH_UNIT ( ) NAMED_UNIT ( * ) SI_UNIT ( .MILLI., .METRE. ) );
#1237 = PRESENTATION_STYLE_ASSIGNMENT (( #1496 ) ) ;
#1238 = MECHANICAL_DESIGN_GEOMETRIC_PRESENTATION_REPRESENTATION (  '', ( #1248 ), #1234 ) ;
#1239 = PRESENTATION_LAYER_ASSIGNMENT (  '', '', ( #1248 ) ) ;
#1240 = CARTESIAN_POINT ( 'NONE',  ( -3.074999999999982000, 1.049999999999999800, -1.425000000000011100 ) ) ;
#1241 = ORIENTED_EDGE ( 'NONE', *, *, #1790, .F. ) ;
#1242 = CARTESIAN_POINT ( 'NONE',  ( 0.0000000000000000000, 1.200000000000000000, 1.425000000000009600 ) ) ;
#1243 = VERTEX_POINT ( 'NONE', #1701 ) ;
#1244 = CYLINDRICAL_SURFACE ( 'NONE', #1982, 0.009999999999999592500 ) ;
#1245 = DIRECTION ( 'NONE',  ( -0.0000000000000000000, 0.0000000000000000000, -1.000000000000000000 ) ) ;
#1246 = CARTESIAN_POINT ( 'NONE',  ( -4.024999999999969300, 0.6500000000000648600, 1.024999999999994100 ) ) ;
#1247 = AXIS2_PLACEMENT_3D ( 'NONE', #3735, #3732, #3742 ) ;
#1248 = STYLED_ITEM ( 'NONE', ( #1662 ), #919 ) ;
#1249 = ORIENTED_EDGE ( 'NONE', *, *, #2428, .T. ) ;
#1250 = FILL_AREA_STYLE_COLOUR ( '', #2301 ) ;
#1251 = LINE ( 'NONE', #2745, #2238 ) ;
#1252 = SURFACE_STYLE_FILL_AREA ( #717 ) ;
#1253 =( GEOMETRIC_REPRESENTATION_CONTEXT ( 3 ) GLOBAL_UNCERTAINTY_ASSIGNED_CONTEXT ( ( #283 ) ) GLOBAL_UNIT_ASSIGNED_CONTEXT ( ( #3717, #3711, #3731 ) ) REPRESENTATION_CONTEXT ( 'NONE', 'WORKASPACE' ) );
#1254 = MECHANICAL_DESIGN_GEOMETRIC_PRESENTATION_REPRESENTATION (  '', ( #1262 ), #1253 ) ;
#1255 = SURFACE_SIDE_STYLE ('',( #2543 ) ) ;
#1256 = ORIENTED_EDGE ( 'NONE', *, *, #1588, .T. ) ;
#1257 = PRESENTATION_LAYER_ASSIGNMENT (  '', '', ( #1262 ) ) ;
#1258 = DIRECTION ( 'NONE',  ( 1.000000000000000000, 0.0000000000000000000, 0.0000000000000000000 ) ) ;
#1259 = SURFACE_STYLE_USAGE ( .BOTH. , #1255 ) ;
#1260 = AXIS2_PLACEMENT_3D ( 'NONE', #3933, #3921, #3925 ) ;
#1261 = DIRECTION ( 'NONE',  ( 1.000000000000000000, 0.0000000000000000000, -0.0000000000000000000 ) ) ;
#1262 = STYLED_ITEM ( 'NONE', ( #4242 ), #915 ) ;
#1263 = LINE ( 'NONE', #3014, #4666 ) ;
#1264 = ORIENTED_EDGE ( 'NONE', *, *, #1809, .F. ) ;
#1265 =( LENGTH_UNIT ( ) NAMED_UNIT ( * ) SI_UNIT ( .MILLI., .METRE. ) );
#1266 = DIRECTION ( 'NONE',  ( 1.000000000000000000, 0.0000000000000000000, 0.0000000000000000000 ) ) ;
#1267 = EDGE_CURVE ( 'NONE', #3723, #1133, #3997, .T. ) ;
#1268 = SURFACE_STYLE_USAGE ( .BOTH. , #983 ) ;
#1269 = CARTESIAN_POINT ( 'NONE',  ( 3.875000000000029800, 1.049999999999999800, -2.050000000000050900 ) ) ;
#1270 = CARTESIAN_POINT ( 'NONE',  ( -3.074999999999981500, 1.200000000000000000, 0.0000000000000000000 ) ) ;
#1271 = ORIENTED_EDGE ( 'NONE', *, *, #4200, .F. ) ;
#1272 = SURFACE_STYLE_FILL_AREA ( #3208 ) ;
#1273 =( GEOMETRIC_REPRESENTATION_CONTEXT ( 3 ) GLOBAL_UNCERTAINTY_ASSIGNED_CONTEXT ( ( #318 ) ) GLOBAL_UNIT_ASSIGNED_CONTEXT ( ( #3964, #3937, #3948 ) ) REPRESENTATION_CONTEXT ( 'NONE', 'WORKASPACE' ) );
#1274 =( NAMED_UNIT ( * ) PLANE_ANGLE_UNIT ( ) SI_UNIT ( $, .RADIAN. ) );
#1275 = MECHANICAL_DESIGN_GEOMETRIC_PRESENTATION_REPRESENTATION (  '', ( #1283 ), #1273 ) ;
#1276 = CARTESIAN_POINT ( 'NONE',  ( 0.0000000000000000000, 1.050000000000000000, 2.049999999999996300 ) ) ;
#1277 = DIRECTION ( 'NONE',  ( 0.0000000000000000000, 0.0000000000000000000, 1.000000000000000000 ) ) ;
#1278 = VERTEX_POINT ( 'NONE', #1694 ) ;
#1279 = VECTOR ( 'NONE', #2898, 1000.000000000000000 ) ;
#1280 = FACE_OUTER_BOUND ( 'NONE', #4593, .T. ) ;
#1281 = PRESENTATION_LAYER_ASSIGNMENT (  '', '', ( #1283 ) ) ;
#1282 = AXIS2_PLACEMENT_3D ( 'NONE', #3544, #3536, #3539 ) ;
#1283 = STYLED_ITEM ( 'NONE', ( #4392 ), #913 ) ;
#1284 = SURFACE_STYLE_USAGE ( .BOTH. , #4119 ) ;
#1285 = EDGE_LOOP ( 'NONE', ( #1697, #1744, #1977, #1522, #1565, #2072, #3922, #3911 ) ) ;
#1286 = LINE ( 'NONE', #2704, #2431 ) ;
#1287 =( LENGTH_UNIT ( ) NAMED_UNIT ( * ) SI_UNIT ( .MILLI., .METRE. ) );
#1288 =( GEOMETRIC_REPRESENTATION_CONTEXT ( 3 ) GLOBAL_UNCERTAINTY_ASSIGNED_CONTEXT ( ( #319 ) ) GLOBAL_UNIT_ASSIGNED_CONTEXT ( ( #3491, #4649, #3499 ) ) REPRESENTATION_CONTEXT ( 'NONE', 'WORKASPACE' ) );
#1289 = MECHANICAL_DESIGN_GEOMETRIC_PRESENTATION_REPRESENTATION (  '', ( #1305 ), #1288 ) ;
#1290 = DIRECTION ( 'NONE',  ( -1.000000000000000000, -0.0000000000000000000, -0.0000000000000000000 ) ) ;
#1291 = CARTESIAN_POINT ( 'NONE',  ( 1.809999999999999200, 0.6800000000000000500, -4.309999999999998700 ) ) ;
#1292 = PRODUCT_DEFINITION_CONTEXT ( 'detailed design', #2276, 'design' ) ;
#1293 = UNCERTAINTY_MEASURE_WITH_UNIT (LENGTH_MEASURE( 1.000000000000000100E-005 ), #1236, 'distance_accuracy_value', 'NONE');
#1294 = VECTOR ( 'NONE', #327, 1000.000000000000000 ) ;
#1295 =( NAMED_UNIT ( * ) PLANE_ANGLE_UNIT ( ) SI_UNIT ( $, .RADIAN. ) );
#1296 = PRESENTATION_LAYER_ASSIGNMENT (  '', '', ( #1305 ) ) ;
#1297 = SURFACE_STYLE_USAGE ( .BOTH. , #67 ) ;
#1298 = VECTOR ( 'NONE', #61, 1000.000000000000000 ) ;
#1299 = EDGE_CURVE ( 'NONE', #4730, #3723, #847, .T. ) ;
#1300 = AXIS2_PLACEMENT_3D ( 'NONE', #3254, #3251, #3247 ) ;
#1301 = DIRECTION ( 'NONE',  ( -0.0000000000000000000, -1.000000000000000000, 0.0000000000000000000 ) ) ;
#1302 = ORIENTED_EDGE ( 'NONE', *, *, #550, .T. ) ;
#1303 = VERTEX_POINT ( 'NONE', #1623 ) ;
#1304 =( NAMED_UNIT ( * ) SI_UNIT ( $, .STERADIAN. ) SOLID_ANGLE_UNIT ( ) );
#1305 = STYLED_ITEM ( 'NONE', ( #2054 ), #910 ) ;
#1306 = LINE ( 'NONE', #135, #2167 ) ;
#1307 = LINE ( 'NONE', #3691, #1352 ) ;
#1308 = EDGE_CURVE ( 'NONE', #3727, #4730, #1730, .T. ) ;
#1309 = CARTESIAN_POINT ( 'NONE',  ( -4.174999999999979400, 2.239153249474568500, -2.200000000000025500 ) ) ;
#1310 =( NAMED_UNIT ( * ) SI_UNIT ( $, .STERADIAN. ) SOLID_ANGLE_UNIT ( ) );
#1311 = DIRECTION ( 'NONE',  ( 1.000000000000000000, -1.555753819465285400E-061, -5.430517574659245900E-076 ) ) ;
#1312 = VECTOR ( 'NONE', #2761, 1000.000000000000000 ) ;
#1313 =( GEOMETRIC_REPRESENTATION_CONTEXT ( 3 ) GLOBAL_UNCERTAINTY_ASSIGNED_CONTEXT ( ( #1486 ) ) GLOBAL_UNIT_ASSIGNED_CONTEXT ( ( #15, #21, #24 ) ) REPRESENTATION_CONTEXT ( 'NONE', 'WORKASPACE' ) );
#1314 =( GEOMETRIC_REPRESENTATION_CONTEXT ( 3 ) GLOBAL_UNCERTAINTY_ASSIGNED_CONTEXT ( ( #328 ) ) GLOBAL_UNIT_ASSIGNED_CONTEXT ( ( #3915, #3335, #4041 ) ) REPRESENTATION_CONTEXT ( 'NONE', 'WORKASPACE' ) );
#1315 = VECTOR ( 'NONE', #3830, 1000.000000000000000 ) ;
#1316 = MECHANICAL_DESIGN_GEOMETRIC_PRESENTATION_REPRESENTATION (  '', ( #1327 ), #1314 ) ;
#1317 = EDGE_LOOP ( 'NONE', ( #1176, #315, #986, #2540 ) ) ;
#1318 = PRESENTATION_LAYER_ASSIGNMENT (  '', '', ( #1327 ) ) ;
#1319 = EDGE_CURVE ( 'NONE', #3385, #2939, #2132, .T. ) ;
#1320 = DIRECTION ( 'NONE',  ( -0.0000000000000000000, 0.0000000000000000000, -1.000000000000000000 ) ) ;
#1321 = ORIENTED_EDGE ( 'NONE', *, *, #2490, .T. ) ;
#1322 = PRESENTATION_STYLE_ASSIGNMENT (( #3760 ) ) ;
#1323 = ORIENTED_EDGE ( 'NONE', *, *, #1299, .F. ) ;
#1324 = CARTESIAN_POINT ( 'NONE',  ( -3.074999999999981500, -17.26293531905800200, -1.024999999999998100 ) ) ;
#1325 = ORIENTED_EDGE ( 'NONE', *, *, #3005, .F. ) ;
#1326 = AXIS2_PLACEMENT_3D ( 'NONE', #4979, #4990, #4991 ) ;
#1327 = STYLED_ITEM ( 'NONE', ( #2236 ), #908 ) ;
#1328 = CARTESIAN_POINT ( 'NONE',  ( -3.624999999999976500, 0.3500000000000481600, 2.199999999999979700 ) ) ;
#1329 = PRESENTATION_STYLE_ASSIGNMENT (( #4741 ) ) ;
#1330 = DIRECTION ( 'NONE',  ( -1.000000000000000000, 0.0000000000000000000, 0.0000000000000000000 ) ) ;
#1331 = LINE ( 'NONE', #3695, #1202 ) ;
#1332 = SHAPE_REPRESENTATION_RELATIONSHIP ( 'NONE' , 'NONE' ,  #1800, #2755 ) ;
#1333 = AXIS2_PLACEMENT_3D ( 'NONE', #1028, #1030, #1034 ) ;
#1334 = SURFACE_STYLE_FILL_AREA ( #4767 ) ;
#1335 =( GEOMETRIC_REPRESENTATION_CONTEXT ( 3 ) GLOBAL_UNCERTAINTY_ASSIGNED_CONTEXT ( ( #335 ) ) GLOBAL_UNIT_ASSIGNED_CONTEXT ( ( #4969, #4971, #4974 ) ) REPRESENTATION_CONTEXT ( 'NONE', 'WORKASPACE' ) );
#1336 = PLANE ( 'NONE',  #3936 ) ;
#1337 = LINE ( 'NONE', #683, #1146 ) ;
#1338 = SURFACE_STYLE_FILL_AREA ( #4948 ) ;
#1339 = MECHANICAL_DESIGN_GEOMETRIC_PRESENTATION_REPRESENTATION (  '', ( #1350 ), #1335 ) ;
#1340 = PRESENTATION_LAYER_ASSIGNMENT (  '', '', ( #1350 ) ) ;
#1341 = DIRECTION ( 'NONE',  ( -1.000000000000000000, -0.0000000000000000000, -0.0000000000000000000 ) ) ;
#1342 = VERTEX_POINT ( 'NONE', #1602 ) ;
#1343 = DIRECTION ( 'NONE',  ( 0.0000000000000000000, 0.0000000000000000000, 1.000000000000000000 ) ) ;
#1344 = AXIS2_PLACEMENT_3D ( 'NONE', #4909, #4910, #4915 ) ;
#1345 = SURFACE_STYLE_FILL_AREA ( #4428 ) ;
#1346 = DIRECTION ( 'NONE',  ( -2.238352872228222100E-015, -2.238352872228222100E-015, -1.000000000000000000 ) ) ;
#1347 = ORIENTED_EDGE ( 'NONE', *, *, #4788, .F. ) ;
#1348 = PLANE ( 'NONE',  #3010 ) ;
#1349 = CARTESIAN_POINT ( 'NONE',  ( 0.1485356713462992800, 0.6500000000000719600, -1.025000000000001200 ) ) ;
#1350 = STYLED_ITEM ( 'NONE', ( #967 ), #884 ) ;
#1351 = ORIENTED_EDGE ( 'NONE', *, *, #4224, .T. ) ;
#1352 = VECTOR ( 'NONE', #3661, 1000.000000000000000 ) ;
#1353 = FACE_OUTER_BOUND ( 'NONE', #2623, .T. ) ;
#1354 = DIRECTION ( 'NONE',  ( -1.000000000000000000, -0.0000000000000000000, -0.0000000000000000000 ) ) ;
#1355 = CARTESIAN_POINT ( 'NONE',  ( 3.875000000000029800, 1.050000000000000000, 0.0000000000000000000 ) ) ;
#1356 = PRESENTATION_STYLE_ASSIGNMENT (( #4786 ) ) ;
#1357 =( GEOMETRIC_REPRESENTATION_CONTEXT ( 3 ) GLOBAL_UNCERTAINTY_ASSIGNED_CONTEXT ( ( #355 ) ) GLOBAL_UNIT_ASSIGNED_CONTEXT ( ( #4888, #4890, #4894 ) ) REPRESENTATION_CONTEXT ( 'NONE', 'WORKASPACE' ) );
#1358 = FILL_AREA_STYLE_COLOUR ( '', #793 ) ;
#1359 = PRESENTATION_STYLE_ASSIGNMENT (( #2078 ) ) ;
#1360 = MECHANICAL_DESIGN_GEOMETRIC_PRESENTATION_REPRESENTATION (  '', ( #1371 ), #1357 ) ;
#1361 = PRESENTATION_LAYER_ASSIGNMENT (  '', '', ( #1371 ) ) ;
#1362 = ORIENTED_EDGE ( 'NONE', *, *, #3498, .F. ) ;
#1363 = VECTOR ( 'NONE', #3459, 1000.000000000000000 ) ;
#1364 = ORIENTED_EDGE ( 'NONE', *, *, #2832, .F. ) ;
#1365 = FILL_AREA_STYLE ('',( #1250 ) ) ;
#1366 = VERTEX_POINT ( 'NONE', #1577 ) ;
#1367 = AXIS2_PLACEMENT_3D ( 'NONE', #4820, #4823, #4826 ) ;
#1368 = DIRECTION ( 'NONE',  ( 1.000000000000000000, 0.0000000000000000000, 0.0000000000000000000 ) ) ;
#1369 = LINE ( 'NONE', #1999, #2862 ) ;
#1370 = CARTESIAN_POINT ( 'NONE',  ( 0.0000000000000000000, 0.6800000000000000500, -4.609999999999998500 ) ) ;
#1371 = STYLED_ITEM ( 'NONE', ( #4834 ), #878 ) ;
#1372 =( GEOMETRIC_REPRESENTATION_CONTEXT ( 3 ) GLOBAL_UNCERTAINTY_ASSIGNED_CONTEXT ( ( #409 ) ) GLOBAL_UNIT_ASSIGNED_CONTEXT ( ( #4794, #4800, #4814 ) ) REPRESENTATION_CONTEXT ( 'NONE', 'WORKASPACE' ) );
#1373 = SURFACE_SIDE_STYLE ('',( #4335 ) ) ;
#1374 = VERTEX_POINT ( 'NONE', #1558 ) ;
#1375 = DIRECTION ( 'NONE',  ( 0.0000000000000000000, -0.0000000000000000000, 1.000000000000000000 ) ) ;
#1376 = VECTOR ( 'NONE', #4877, 1000.000000000000000 ) ;
#1377 = VERTEX_POINT ( 'NONE', #1556 ) ;
#1378 = MECHANICAL_DESIGN_GEOMETRIC_PRESENTATION_REPRESENTATION (  '', ( #1384 ), #1372 ) ;
#1379 = PRESENTATION_LAYER_ASSIGNMENT (  '', '', ( #1384 ) ) ;
#1380 = DIRECTION ( 'NONE',  ( 0.0000000000000000000, 1.000000000000000000, 0.0000000000000000000 ) ) ;
#1381 = ORIENTED_EDGE ( 'NONE', *, *, #1751, .T. ) ;
#1382 = SURFACE_STYLE_USAGE ( .BOTH. , #1373 ) ;
#1383 = AXIS2_PLACEMENT_3D ( 'NONE', #4734, #4742, #4744 ) ;
#1384 = STYLED_ITEM ( 'NONE', ( #1356 ), #846 ) ;
#1385 = VECTOR ( 'NONE', #3243, 1000.000000000000000 ) ;
#1386 = COLOUR_RGB ( '',0.6588235294117647000, 0.6196078431372549200, 0.5607843137254902000 ) ;
#1387 = SURFACE_STYLE_FILL_AREA ( #1022 ) ;
#1388 = DIRECTION ( 'NONE',  ( 0.0000000000000000000, 0.0000000000000000000, -1.000000000000000000 ) ) ;
#1389 = CARTESIAN_POINT ( 'NONE',  ( 4.025000000000051900, 0.6500000000000725200, 2.049999999999997600 ) ) ;
#1390 = EDGE_CURVE ( 'NONE', #3281, #853, #4453, .T. ) ;
#1391 =( GEOMETRIC_REPRESENTATION_CONTEXT ( 3 ) GLOBAL_UNCERTAINTY_ASSIGNED_CONTEXT ( ( #4051 ) ) GLOBAL_UNIT_ASSIGNED_CONTEXT ( ( #4717, #4720, #4722 ) ) REPRESENTATION_CONTEXT ( 'NONE', 'WORKASPACE' ) );
#1392 =( LENGTH_UNIT ( ) NAMED_UNIT ( * ) SI_UNIT ( .MILLI., .METRE. ) );
#1393 = SURFACE_STYLE_FILL_AREA ( #3688 ) ;
#1394 = MECHANICAL_DESIGN_GEOMETRIC_PRESENTATION_REPRESENTATION (  '', ( #1406 ), #1391 ) ;
#1395 =( NAMED_UNIT ( * ) PLANE_ANGLE_UNIT ( ) SI_UNIT ( $, .RADIAN. ) );
#1396 = EDGE_CURVE ( 'NONE', #2645, #3723, #2136, .T. ) ;
#1397 = EDGE_LOOP ( 'NONE', ( #1622, #4508, #4420, #4388 ) ) ;
#1398 = AXIS2_PLACEMENT_3D ( 'NONE', #4648, #4628, #4688 ) ;
#1399 = DIRECTION ( 'NONE',  ( -0.0000000000000000000, -1.000000000000000000, -0.0000000000000000000 ) ) ;
#1400 = CARTESIAN_POINT ( 'NONE',  ( 0.0000000000000000000, 1.050000000000000000, 1.024999999999996400 ) ) ;
#1401 = ORIENTED_EDGE ( 'NONE', *, *, #2776, .F. ) ;
#1402 = VECTOR ( 'NONE', #1503, 1000.000000000000000 ) ;
#1403 = EDGE_LOOP ( 'NONE', ( #4226, #1027, #3545, #4756 ) ) ;
#1404 = VECTOR ( 'NONE', #3785, 1000.000000000000000 ) ;
#1405 =( NAMED_UNIT ( * ) SI_UNIT ( $, .STERADIAN. ) SOLID_ANGLE_UNIT ( ) );
#1406 = STYLED_ITEM ( 'NONE', ( #4028 ), #840 ) ;
#1407 = CARTESIAN_POINT ( 'NONE',  ( -3.074999999999982000, 1.050000000000000000, 0.0000000000000000000 ) ) ;
#1408 = VERTEX_POINT ( 'NONE', #1527 ) ;
#1409 = CARTESIAN_POINT ( 'NONE',  ( -3.074999999999981500, -17.26293531905800200, -1.425000000000009600 ) ) ;
#1410 = VERTEX_POINT ( 'NONE', #198 ) ;
#1411 = CARTESIAN_POINT ( 'NONE',  ( -4.174999999999963400, 0.3500000000000468800, 2.200000000000044600 ) ) ;
#1412 = PRESENTATION_LAYER_ASSIGNMENT (  '', '', ( #1406 ) ) ;
#1413 = ORIENTED_EDGE ( 'NONE', *, *, #1903, .F. ) ;
#1414 = VECTOR ( 'NONE', #3578, 1000.000000000000000 ) ;
#1415 = MECHANICAL_DESIGN_GEOMETRIC_PRESENTATION_REPRESENTATION (  '', ( #3279 ), #2758 ) ;
#1416 = EDGE_CURVE ( 'NONE', #3929, #2645, #4829, .T. ) ;
#1417 = FILL_AREA_STYLE ('',( #2841 ) ) ;
#1418 = SURFACE_STYLE_FILL_AREA ( #4385 ) ;
#1419 = MANIFOLD_SOLID_BREP ( 'ｲﾝﾎﾟｰﾄ3', #2272 ) ;
#1420 = LINE ( 'NONE', #2268, #2047 ) ;
#1421 = PRESENTATION_STYLE_ASSIGNMENT (( #1160 ) ) ;
#1422 = DIRECTION ( 'NONE',  ( -1.000000000000000000, -0.0000000000000000000, 0.0000000000000000000 ) ) ;
#1423 =( GEOMETRIC_REPRESENTATION_CONTEXT ( 3 ) GLOBAL_UNCERTAINTY_ASSIGNED_CONTEXT ( ( #4845 ) ) GLOBAL_UNIT_ASSIGNED_CONTEXT ( ( #4670, #4672, #4678 ) ) REPRESENTATION_CONTEXT ( 'NONE', 'WORKASPACE' ) );
#1424 = CARTESIAN_POINT ( 'NONE',  ( -3.024999999999932000, 1.050000000000000000, 0.0000000000000000000 ) ) ;
#1425 = CARTESIAN_POINT ( 'NONE',  ( 4.175000000000052200, 0.6500000000000739600, 2.049999999999996700 ) ) ;
#1426 = DIRECTION ( 'NONE',  ( 0.0000000000000000000, 0.0000000000000000000, 1.000000000000000000 ) ) ;
#1427 = CARTESIAN_POINT ( 'NONE',  ( 1.809999999999999200, 0.6800000000000000500, 0.0000000000000000000 ) ) ;
#1428 = MECHANICAL_DESIGN_GEOMETRIC_PRESENTATION_REPRESENTATION (  '', ( #1439 ), #1423 ) ;
#1429 = DIRECTION ( 'NONE',  ( 1.000000000000000000, -0.0000000000000000000, 0.0000000000000000000 ) ) ;
#1430 = LINE ( 'NONE', #1185, #1520 ) ;
#1431 = VERTEX_POINT ( 'NONE', #4700 ) ;
#1432 = LINE ( 'NONE', #3790, #1315 ) ;
#1433 = DIRECTION ( 'NONE',  ( 0.0000000000000000000, -0.0000000000000000000, 1.000000000000000000 ) ) ;
#1434 = DIRECTION ( 'NONE',  ( 0.0000000000000000000, 1.000000000000000000, 0.0000000000000000000 ) ) ;
#1435 = DIRECTION ( 'NONE',  ( 1.000000000000000000, 0.0000000000000000000, 0.0000000000000000000 ) ) ;
#1436 = FACE_OUTER_BOUND ( 'NONE', #2807, .T. ) ;
#1437 = AXIS2_PLACEMENT_3D ( 'NONE', #4568, #4575, #4623 ) ;
#1438 = ORIENTED_EDGE ( 'NONE', *, *, #4537, .T. ) ;
#1439 = STYLED_ITEM ( 'NONE', ( #2020 ), #835 ) ;
#1440 = LINE ( 'NONE', #51, #4818 ) ;
#1441 = PLANE ( 'NONE',  #2560 ) ;
#1442 = DIRECTION ( 'NONE',  ( 0.0000000000000000000, -9.792793816000940300E-016, -1.000000000000000000 ) ) ;
#1443 = FILL_AREA_STYLE ('',( #1358 ) ) ;
#1444 = PRESENTATION_LAYER_ASSIGNMENT (  '', '', ( #1439 ) ) ;
#1445 = SURFACE_SIDE_STYLE ('',( #3517 ) ) ;
#1446 = ORIENTED_EDGE ( 'NONE', *, *, #4223, .T. ) ;
#1447 =( GEOMETRIC_REPRESENTATION_CONTEXT ( 3 ) GLOBAL_UNCERTAINTY_ASSIGNED_CONTEXT ( ( #4371 ) ) GLOBAL_UNIT_ASSIGNED_CONTEXT ( ( #4609, #4611, #4966 ) ) REPRESENTATION_CONTEXT ( 'NONE', 'WORKASPACE' ) );
#1448 = ORIENTED_EDGE ( 'NONE', *, *, #4407, .F. ) ;
#1449 = CARTESIAN_POINT ( 'NONE',  ( 2.947347000000045900, 0.6500000000000048000, -2.349999999999963200 ) ) ;
#1450 = CARTESIAN_POINT ( 'NONE',  ( -4.174999999999963400, -17.26293531905800200, 1.425000000000009600 ) ) ;
#1451 = MECHANICAL_DESIGN_GEOMETRIC_PRESENTATION_REPRESENTATION (  '', ( #1455 ), #1447 ) ;
#1452 = AXIS2_PLACEMENT_3D ( 'NONE', #4551, #4517, #4556 ) ;
#1453 = SURFACE_STYLE_USAGE ( .BOTH. , #1445 ) ;
#1454 = ORIENTED_EDGE ( 'NONE', *, *, #2490, .F. ) ;
#1455 = STYLED_ITEM ( 'NONE', ( #3837 ), #826 ) ;
#1456 = CARTESIAN_POINT ( 'NONE',  ( -4.174999999999963400, -17.26293531905800200, 2.199999999999979700 ) ) ;
#1457 = EDGE_CURVE ( 'NONE', #4730, #3929, #4869, .T. ) ;
#1458 = PRESENTATION_LAYER_ASSIGNMENT (  '', '', ( #1455 ) ) ;
#1459 =( LENGTH_UNIT ( ) NAMED_UNIT ( * ) SI_UNIT ( .MILLI., .METRE. ) );
#1460 = FACE_OUTER_BOUND ( 'NONE', #3904, .T. ) ;
#1461 = LINE ( 'NONE', #4799, #402 ) ;
#1462 =( GEOMETRIC_REPRESENTATION_CONTEXT ( 3 ) GLOBAL_UNCERTAINTY_ASSIGNED_CONTEXT ( ( #4367 ) ) GLOBAL_UNIT_ASSIGNED_CONTEXT ( ( #4531, #4536, #4540 ) ) REPRESENTATION_CONTEXT ( 'NONE', 'WORKASPACE' ) );
#1463 = VERTEX_POINT ( 'NONE', #1468 ) ;
#1464 = MECHANICAL_DESIGN_GEOMETRIC_PRESENTATION_REPRESENTATION (  '', ( #1478 ), #1462 ) ;
#1465 = DIRECTION ( 'NONE',  ( -0.0000000000000000000, 1.000000000000000000, 0.0000000000000000000 ) ) ;
#1466 = EDGE_CURVE ( 'NONE', #2770, #2645, #5017, .T. ) ;
#1467 = PRESENTATION_LAYER_ASSIGNMENT (  '', '', ( #1478 ) ) ;
#1468 = CARTESIAN_POINT ( 'NONE',  ( -4.174999999999970500, 0.6500000000000711900, -1.024999999999999200 ) ) ;
#1469 = VERTEX_POINT ( 'NONE', #1449 ) ;
#1470 = LINE ( 'NONE', #4882, #3355 ) ;
#1471 = ORIENTED_EDGE ( 'NONE', *, *, #2278, .F. ) ;
#1472 =( NAMED_UNIT ( * ) PLANE_ANGLE_UNIT ( ) SI_UNIT ( $, .RADIAN. ) );
#1473 = LINE ( 'NONE', #379, #1773 ) ;
#1474 = AXIS2_PLACEMENT_3D ( 'NONE', #4035, #4492, #4495 ) ;
#1475 = VECTOR ( 'NONE', #1983, 1000.000000000000000 ) ;
#1476 =( GEOMETRIC_REPRESENTATION_CONTEXT ( 3 ) GLOBAL_UNCERTAINTY_ASSIGNED_CONTEXT ( ( #2933 ) ) GLOBAL_UNIT_ASSIGNED_CONTEXT ( ( #2561, #2483, #59 ) ) REPRESENTATION_CONTEXT ( 'NONE', 'WORKASPACE' ) );
#1477 = DIRECTION ( 'NONE',  ( 1.000000000000000000, 0.0000000000000000000, 0.0000000000000000000 ) ) ;
#1478 = STYLED_ITEM ( 'NONE', ( #2151 ), #813 ) ;
#1479 =( NAMED_UNIT ( * ) SI_UNIT ( $, .STERADIAN. ) SOLID_ANGLE_UNIT ( ) );
#1480 = LINE ( 'NONE', #521, #1855 ) ;
#1481 =( NAMED_UNIT ( * ) SI_UNIT ( $, .STERADIAN. ) SOLID_ANGLE_UNIT ( ) );
#1482 =( NAMED_UNIT ( * ) PLANE_ANGLE_UNIT ( ) SI_UNIT ( $, .RADIAN. ) );
#1483 = VECTOR ( 'NONE', #1012, 1000.000000000000000 ) ;
#1484 = PRESENTATION_LAYER_ASSIGNMENT (  '', '', ( #4414 ) ) ;
#1485 = VECTOR ( 'NONE', #875, 1000.000000000000000 ) ;
#1486 = UNCERTAINTY_MEASURE_WITH_UNIT (LENGTH_MEASURE( 1.000000000000000100E-005 ), #15, 'distance_accuracy_value', 'NONE');
#1487 =( GEOMETRIC_REPRESENTATION_CONTEXT ( 3 ) GLOBAL_UNCERTAINTY_ASSIGNED_CONTEXT ( ( #4274 ) ) GLOBAL_UNIT_ASSIGNED_CONTEXT ( ( #4470, #4473, #4477 ) ) REPRESENTATION_CONTEXT ( 'NONE', 'WORKASPACE' ) );
#1488 = ORIENTED_EDGE ( 'NONE', *, *, #2713, .F. ) ;
#1489 =( LENGTH_UNIT ( ) NAMED_UNIT ( * ) SI_UNIT ( .MILLI., .METRE. ) );
#1490 = ORIENTED_EDGE ( 'NONE', *, *, #441, .F. ) ;
#1491 = CARTESIAN_POINT ( 'NONE',  ( 0.0000000000000000000, 0.6800000000000000500, 0.0000000000000000000 ) ) ;
#1492 = MECHANICAL_DESIGN_GEOMETRIC_PRESENTATION_REPRESENTATION (  '', ( #1500 ), #1487 ) ;
#1493 = CARTESIAN_POINT ( 'NONE',  ( 3.475000000000005000, 0.3500000000000430000, -0.4249999999999899400 ) ) ;
#1494 = PRESENTATION_LAYER_ASSIGNMENT (  '', '', ( #1500 ) ) ;
#1495 = EDGE_LOOP ( 'NONE', ( #4521, #1115, #4498, #4896 ) ) ;
#1496 = SURFACE_STYLE_USAGE ( .BOTH. , #1497 ) ;
#1497 = SURFACE_SIDE_STYLE ('',( #422 ) ) ;
#1498 = DIRECTION ( 'NONE',  ( -7.810610888697519800E-030, -1.000000000000000000, 6.632766231675890600E-015 ) ) ;
#1499 = AXIS2_PLACEMENT_3D ( 'NONE', #4415, #4422, #4423 ) ;
#1500 = STYLED_ITEM ( 'NONE', ( #1692 ), #804 ) ;
#1501 = FILL_AREA_STYLE ('',( #1508 ) ) ;
#1502 = VECTOR ( 'NONE', #4846, 1000.000000000000000 ) ;
#1503 = DIRECTION ( 'NONE',  ( 7.888609052209893800E-031, 3.947725316893052900E-060, -1.000000000000000000 ) ) ;
#1504 = ORIENTED_EDGE ( 'NONE', *, *, #4696, .F. ) ;
#1505 = VERTEX_POINT ( 'NONE', #1425 ) ;
#1506 =( GEOMETRIC_REPRESENTATION_CONTEXT ( 3 ) GLOBAL_UNCERTAINTY_ASSIGNED_CONTEXT ( ( #4270 ) ) GLOBAL_UNIT_ASSIGNED_CONTEXT ( ( #4401, #4405, #4410 ) ) REPRESENTATION_CONTEXT ( 'NONE', 'WORKASPACE' ) );
#1507 = DIRECTION ( 'NONE',  ( 0.0000000000000000000, -6.632766231675890600E-015, -1.000000000000000000 ) ) ;
#1508 = FILL_AREA_STYLE_COLOUR ( '', #312 ) ;
#1509 = EDGE_LOOP ( 'NONE', ( #2116, #3083, #4552, #820 ) ) ;
#1510 = CIRCLE ( 'NONE', #431, 0.1599999999999995600 ) ;
#1511 = DIRECTION ( 'NONE',  ( -1.000000000000000000, -0.0000000000000000000, 0.0000000000000000000 ) ) ;
#1512 = EDGE_LOOP ( 'NONE', ( #2890, #45, #4416, #499 ) ) ;
#1513 = ORIENTED_EDGE ( 'NONE', *, *, #2273, .F. ) ;
#1514 = MECHANICAL_DESIGN_GEOMETRIC_PRESENTATION_REPRESENTATION (  '', ( #1517 ), #1506 ) ;
#1515 = LINE ( 'NONE', #734, #2754 ) ;
#1516 = AXIS2_PLACEMENT_3D ( 'NONE', #4356, #4318, #4357 ) ;
#1517 = STYLED_ITEM ( 'NONE', ( #1124 ), #786 ) ;
#1518 = CARTESIAN_POINT ( 'NONE',  ( -3.624999999999976500, 0.5000000000000490700, 2.199999999999979700 ) ) ;
#1519 = ORIENTED_EDGE ( 'NONE', *, *, #850, .F. ) ;
#1520 = VECTOR ( 'NONE', #1144, 1000.000000000000000 ) ;
#1521 = CARTESIAN_POINT ( 'NONE',  ( -2.624999999999975100, 1.200000000000000000, 2.190000000000018600 ) ) ;
#1522 = ORIENTED_EDGE ( 'NONE', *, *, #1809, .T. ) ;
#1523 = PRESENTATION_LAYER_ASSIGNMENT (  '', '', ( #1517 ) ) ;
#1524 =( GEOMETRIC_REPRESENTATION_CONTEXT ( 3 ) GLOBAL_UNCERTAINTY_ASSIGNED_CONTEXT ( ( #4241 ) ) GLOBAL_UNIT_ASSIGNED_CONTEXT ( ( #4336, #4340, #4350 ) ) REPRESENTATION_CONTEXT ( 'NONE', 'WORKASPACE' ) );
#1525 = MECHANICAL_DESIGN_GEOMETRIC_PRESENTATION_REPRESENTATION (  '', ( #1544 ), #1524 ) ;
#1526 = ORIENTED_EDGE ( 'NONE', *, *, #2542, .F. ) ;
#1527 = CARTESIAN_POINT ( 'NONE',  ( 3.635000000000004700, 0.3500000000000474400, -0.4250000000000042600 ) ) ;
#1528 = PRESENTATION_LAYER_ASSIGNMENT (  '', '', ( #1544 ) ) ;
#1529 = AXIS2_PLACEMENT_3D ( 'NONE', #4265, #4266, #4943 ) ;
#1530 = FILL_AREA_STYLE_COLOUR ( '', #1386 ) ;
#1531 = VECTOR ( 'NONE', #4034, 1000.000000000000000 ) ;
#1532 = PRESENTATION_STYLE_ASSIGNMENT (( #2024 ) ) ;
#1533 = DIRECTION ( 'NONE',  ( 1.000000000000000000, -0.0000000000000000000, 0.0000000000000000000 ) ) ;
#1534 = VECTOR ( 'NONE', #3239, 1000.000000000000000 ) ;
#1535 = VECTOR ( 'NONE', #1616, 1000.000000000000000 ) ;
#1536 = DIRECTION ( 'NONE',  ( 0.0000000000000000000, -0.0000000000000000000, -1.000000000000000000 ) ) ;
#1537 = LINE ( 'NONE', #1037, #3354 ) ;
#1538 = SURFACE_STYLE_FILL_AREA ( #445 ) ;
#1539 = PRESENTATION_STYLE_ASSIGNMENT (( #2219 ) ) ;
#1540 = DIRECTION ( 'NONE',  ( 0.0000000000000000000, 1.000000000000000000, 0.0000000000000000000 ) ) ;
#1541 = LINE ( 'NONE', #3801, #4143 ) ;
#1542 = SURFACE_SIDE_STYLE ('',( #1552 ) ) ;
#1543 = ORIENTED_EDGE ( 'NONE', *, *, #3056, .T. ) ;
#1544 = STYLED_ITEM ( 'NONE', ( #841 ), #783 ) ;
#1545 = MECHANICAL_DESIGN_GEOMETRIC_PRESENTATION_REPRESENTATION (  '', ( #816 ), #3849 ) ;
#1546 = CARTESIAN_POINT ( 'NONE',  ( 2.709999999999999500, 0.6800000000000000500, -4.309999999999998700 ) ) ;
#1547 = EDGE_CURVE ( 'NONE', #1342, #2770, #963, .T. ) ;
#1548 = CARTESIAN_POINT ( 'NONE',  ( -3.624999999999976500, 0.5000000000000455200, 1.425000000000009600 ) ) ;
#1549 = FILL_AREA_STYLE_COLOUR ( '', #3784 ) ;
#1550 = LINE ( 'NONE', #1881, #352 ) ;
#1551 = CARTESIAN_POINT ( 'NONE',  ( 4.015000000000052100, 1.039999999999999600, -0.8250000000000201600 ) ) ;
#1552 = SURFACE_STYLE_FILL_AREA ( #4631 ) ;
#1553 = EDGE_CURVE ( 'NONE', #3929, #1342, #3982, .T. ) ;
#1554 = ORIENTED_EDGE ( 'NONE', *, *, #753, .F. ) ;
#1555 = UNCERTAINTY_MEASURE_WITH_UNIT (LENGTH_MEASURE( 1.000000000000000100E-005 ), #616, 'distance_accuracy_value', 'NONE');
#1556 = CARTESIAN_POINT ( 'NONE',  ( -3.634999999999982000, 0.3500000000000481100, -1.425000000000007800 ) ) ;
#1557 = VERTEX_POINT ( 'NONE', #1389 ) ;
#1558 = CARTESIAN_POINT ( 'NONE',  ( 2.002654000000049000, 0.6500000000000048000, 2.200000000000025500 ) ) ;
#1559 = VECTOR ( 'NONE', #620, 1000.000000000000000 ) ;
#1560 = EDGE_CURVE ( 'NONE', #2834, #902, #44, .T. ) ;
#1561 =( NAMED_UNIT ( * ) PLANE_ANGLE_UNIT ( ) SI_UNIT ( $, .RADIAN. ) );
#1562 = ORIENTED_EDGE ( 'NONE', *, *, #587, .F. ) ;
#1563 =( GEOMETRIC_REPRESENTATION_CONTEXT ( 3 ) GLOBAL_UNCERTAINTY_ASSIGNED_CONTEXT ( ( #4237 ) ) GLOBAL_UNIT_ASSIGNED_CONTEXT ( ( #4218, #4225, #4233 ) ) REPRESENTATION_CONTEXT ( 'NONE', 'WORKASPACE' ) );
#1564 =( NAMED_UNIT ( * ) SI_UNIT ( $, .STERADIAN. ) SOLID_ANGLE_UNIT ( ) );
#1565 = ORIENTED_EDGE ( 'NONE', *, *, #1813, .F. ) ;
#1566 = ORIENTED_EDGE ( 'NONE', *, *, #2868, .T. ) ;
#1567 = LINE ( 'NONE', #4946, #1376 ) ;
#1568 = ORIENTED_EDGE ( 'NONE', *, *, #4904, .F. ) ;
#1569 = EDGE_CURVE ( 'NONE', #686, #3842, #3327, .T. ) ;
#1570 = ORIENTED_EDGE ( 'NONE', *, *, #321, .T. ) ;
#1571 = EDGE_CURVE ( 'NONE', #4140, #2900, #928, .T. ) ;
#1572 = DIRECTION ( 'NONE',  ( -1.000000000000000000, 0.0000000000000000000, 0.0000000000000000000 ) ) ;
#1573 = MECHANICAL_DESIGN_GEOMETRIC_PRESENTATION_REPRESENTATION (  '', ( #1604 ), #1563 ) ;
#1574 = VECTOR ( 'NONE', #4749, 1000.000000000000000 ) ;
#1575 = ORIENTED_EDGE ( 'NONE', *, *, #969, .T. ) ;
#1576 = COLOUR_RGB ( '',0.6588235294117647000, 0.6196078431372549200, 0.5607843137254902000 ) ;
#1577 = CARTESIAN_POINT ( 'NONE',  ( -3.464999999999976300, 1.200000000000000000, -2.200000000000035300 ) ) ;
#1578 = EDGE_CURVE ( 'NONE', #811, #2931, #2980, .T. ) ;
#1579 = EDGE_CURVE ( 'NONE', #1599, #1303, #4478, .T. ) ;
#1580 = CARTESIAN_POINT ( 'NONE',  ( -4.174999999999963400, 0.5000000000000468500, 2.199999999999989500 ) ) ;
#1581 = AXIS2_PLACEMENT_3D ( 'NONE', #4167, #4084, #4171 ) ;
#1582 = FACE_OUTER_BOUND ( 'NONE', #2813, .T. ) ;
#1583 = DIRECTION ( 'NONE',  ( 1.000000000000000000, 0.0000000000000000000, 0.0000000000000000000 ) ) ;
#1584 = ORIENTED_EDGE ( 'NONE', *, *, #2042, .T. ) ;
#1585 = SURFACE_STYLE_FILL_AREA ( #4002 ) ;
#1586 = CARTESIAN_POINT ( 'NONE',  ( 2.074999999999994400, 0.3800000000000122700, 10.86684353621796500 ) ) ;
#1587 = DIRECTION ( 'NONE',  ( -0.9659260784636964900, -0.2588181039721622100, -6.162975822039152700E-033 ) ) ;
#1588 = EDGE_CURVE ( 'NONE', #1463, #3205, #3264, .T. ) ;
#1589 = FACE_OUTER_BOUND ( 'NONE', #1495, .T. ) ;
#1590 = EDGE_CURVE ( 'NONE', #4472, #2517, #661, .T. ) ;
#1591 = UNCERTAINTY_MEASURE_WITH_UNIT (LENGTH_MEASURE( 1.000000000000000100E-005 ), #2073, 'distance_accuracy_value', 'NONE');
#1592 = DIRECTION ( 'NONE',  ( -1.000000000000000000, -0.0000000000000000000, -0.0000000000000000000 ) ) ;
#1593 = SURFACE_STYLE_FILL_AREA ( #4660 ) ;
#1594 = DIRECTION ( 'NONE',  ( 0.2588181039721621500, -0.9659260784636963800, 0.0000000000000000000 ) ) ;
#1595 = PRESENTATION_STYLE_ASSIGNMENT (( #2972 ) ) ;
#1596 = EDGE_CURVE ( 'NONE', #1342, #811, #605, .T. ) ;
#1597 = DIRECTION ( 'NONE',  ( -2.238352872228222100E-015, -2.238352872228222100E-015, -1.000000000000000000 ) ) ;
#1598 = CARTESIAN_POINT ( 'NONE',  ( -3.634999999999968700, 0.5100000000000477500, 2.200000000000010800 ) ) ;
#1599 = VERTEX_POINT ( 'NONE', #1269 ) ;
#1600 = CARTESIAN_POINT ( 'NONE',  ( -3.474999999999976600, 0.5100000000000479700, 2.199999999999995300 ) ) ;
#1601 = VECTOR ( 'NONE', #1477, 1000.000000000000000 ) ;
#1602 = CARTESIAN_POINT ( 'NONE',  ( -4.174999999999963400, 0.3500000000000477700, 2.199999999999979700 ) ) ;
#1603 = SURFACE_STYLE_FILL_AREA ( #2984 ) ;
#1604 = STYLED_ITEM ( 'NONE', ( #1825 ), #768 ) ;
#1605 =( NAMED_UNIT ( * ) PLANE_ANGLE_UNIT ( ) SI_UNIT ( $, .RADIAN. ) );
#1606 = EDGE_CURVE ( 'NONE', #3205, #2029, #2009, .T. ) ;
#1607 = CARTESIAN_POINT ( 'NONE',  ( -4.174999999999971400, -17.26293531905800200, -1.024999999999998100 ) ) ;
#1608 = VECTOR ( 'NONE', #1834, 1000.000000000000000 ) ;
#1609 = DIRECTION ( 'NONE',  ( 0.0000000000000000000, 0.0000000000000000000, -1.000000000000000000 ) ) ;
#1610 = SURFACE_STYLE_FILL_AREA ( #871 ) ;
#1611 = VECTOR ( 'NONE', #4868, 1000.000000000000000 ) ;
#1612 = VERTEX_POINT ( 'NONE', #1231 ) ;
#1613 = PRESENTATION_LAYER_ASSIGNMENT (  '', '', ( #1604 ) ) ;
#1614 =( GEOMETRIC_REPRESENTATION_CONTEXT ( 3 ) GLOBAL_UNCERTAINTY_ASSIGNED_CONTEXT ( ( #3353 ) ) GLOBAL_UNIT_ASSIGNED_CONTEXT ( ( #4130, #4138, #4145 ) ) REPRESENTATION_CONTEXT ( 'NONE', 'WORKASPACE' ) );
#1615 = CARTESIAN_POINT ( 'NONE',  ( -6.450000000000000200, 0.3800000000000000000, -4.799999999999998900 ) ) ;
#1616 = DIRECTION ( 'NONE',  ( 0.0000000000000000000, 1.000000000000000000, 0.0000000000000000000 ) ) ;
#1617 = MECHANICAL_DESIGN_GEOMETRIC_PRESENTATION_REPRESENTATION (  '', ( #1632 ), #1614 ) ;
#1618 = DIRECTION ( 'NONE',  ( 0.0000000000000000000, -1.000000000000000000, -0.0000000000000000000 ) ) ;
#1619 = PRESENTATION_LAYER_ASSIGNMENT (  '', '', ( #1632 ) ) ;
#1620 = CARTESIAN_POINT ( 'NONE',  ( 2.709999999999999500, 0.6800000000000000500, -4.609999999999998500 ) ) ;
#1621 = DIRECTION ( 'NONE',  ( 0.0000000000000000000, 0.0000000000000000000, -1.000000000000000000 ) ) ;
#1622 = ORIENTED_EDGE ( 'NONE', *, *, #2398, .F. ) ;
#1623 = CARTESIAN_POINT ( 'NONE',  ( 3.875000000000031100, 1.050000000000000000, -2.189999999999963100 ) ) ;
#1624 = AXIS2_PLACEMENT_3D ( 'NONE', #4853, #4006, #4010 ) ;
#1625 = COLOUR_RGB ( '',0.2039215686274509800, 0.2039215686274509800, 0.2039215686274509800 ) ;
#1626 = VECTOR ( 'NONE', #2284, 1000.000000000000000 ) ;
#1627 = DIRECTION ( 'NONE',  ( -1.000000000000000000, 0.0000000000000000000, -0.0000000000000000000 ) ) ;
#1628 = DIRECTION ( 'NONE',  ( -0.0000000000000000000, 0.0000000000000000000, -1.000000000000000000 ) ) ;
#1629 = ORIENTED_EDGE ( 'NONE', *, *, #406, .T. ) ;
#1630 = DIRECTION ( 'NONE',  ( -1.000000000000000000, 0.0000000000000000000, 0.0000000000000000000 ) ) ;
#1631 = ORIENTED_EDGE ( 'NONE', *, *, #2389, .T. ) ;
#1632 = STYLED_ITEM ( 'NONE', ( #682 ), #759 ) ;
#1633 = PLANE ( 'NONE',  #2503 ) ;
#1634 = DIRECTION ( 'NONE',  ( 1.000000000000000000, 0.0000000000000000000, 0.0000000000000000000 ) ) ;
#1635 =( NAMED_UNIT ( * ) PLANE_ANGLE_UNIT ( ) SI_UNIT ( $, .RADIAN. ) );
#1636 = VECTOR ( 'NONE', #3928, 1000.000000000000200 ) ;
#1637 =( GEOMETRIC_REPRESENTATION_CONTEXT ( 3 ) GLOBAL_UNCERTAINTY_ASSIGNED_CONTEXT ( ( #4298 ) ) GLOBAL_UNIT_ASSIGNED_CONTEXT ( ( #4781, #4583, #4560 ) ) REPRESENTATION_CONTEXT ( 'NONE', 'WORKASPACE' ) );
#1638 = PRODUCT_RELATED_PRODUCT_CATEGORY ( 'part', '', ( #2814 ) ) ;
#1639 = MECHANICAL_DESIGN_GEOMETRIC_PRESENTATION_REPRESENTATION (  '', ( #1645 ), #1637 ) ;
#1640 = CARTESIAN_POINT ( 'NONE',  ( 4.175000000000057600, 0.5000000000000470700, -0.4249999999999957700 ) ) ;
#1641 = PRESENTATION_LAYER_ASSIGNMENT (  '', '', ( #1645 ) ) ;
#1642 = VECTOR ( 'NONE', #3914, 1000.000000000000000 ) ;
#1643 = DIRECTION ( 'NONE',  ( -0.0000000000000000000, -1.000000000000000000, 0.0000000000000000000 ) ) ;
#1644 = ORIENTED_EDGE ( 'NONE', *, *, #3833, .T. ) ;
#1645 = STYLED_ITEM ( 'NONE', ( #3401 ), #737 ) ;
#1646 = UNCERTAINTY_MEASURE_WITH_UNIT (LENGTH_MEASURE( 1.000000000000000100E-005 ), #3884, 'distance_accuracy_value', 'NONE');
#1647 = DIRECTION ( 'NONE',  ( -0.0000000000000000000, -9.792793815998419900E-016, -1.000000000000000000 ) ) ;
#1648 = AXIS2_PLACEMENT_3D ( 'NONE', #4409, #4841, #4914 ) ;
#1649 = FILL_AREA_STYLE_COLOUR ( '', #3528 ) ;
#1650 = CARTESIAN_POINT ( 'NONE',  ( 3.875000000000024900, 1.050000000000000000, 0.0000000000000000000 ) ) ;
#1651 = VERTEX_POINT ( 'NONE', #1221 ) ;
#1652 = DIRECTION ( 'NONE',  ( -1.000000000000000000, -0.0000000000000000000, -0.0000000000000000000 ) ) ;
#1653 = FILL_AREA_STYLE ('',( #1549 ) ) ;
#1654 = VERTEX_POINT ( 'NONE', #1213 ) ;
#1655 = AXIS2_PLACEMENT_3D ( 'NONE', #4638, #4653, #4663 ) ;
#1656 = SURFACE_SIDE_STYLE ('',( #1752 ) ) ;
#1657 = AXIS2_PLACEMENT_3D ( 'NONE', #3115, #4714, #4726 ) ;
#1658 = VECTOR ( 'NONE', #1311, 1000.000000000000000 ) ;
#1659 = VERTEX_POINT ( 'NONE', #1209 ) ;
#1660 = SURFACE_STYLE_USAGE ( .BOTH. , #1656 ) ;
#1661 = ORIENTED_EDGE ( 'NONE', *, *, #1569, .T. ) ;
#1662 = PRESENTATION_STYLE_ASSIGNMENT (( #3795 ) ) ;
#1663 = EDGE_CURVE ( 'NONE', #2931, #2770, #2896, .T. ) ;
#1664 = DIRECTION ( 'NONE',  ( -1.000000000000000000, 0.0000000000000000000, -2.032879073410321200E-015 ) ) ;
#1665 = FACE_OUTER_BOUND ( 'NONE', #3411, .T. ) ;
#1666 = CARTESIAN_POINT ( 'NONE',  ( -4.014999999999972100, 1.039999999999999600, 12.19239106447607800 ) ) ;
#1667 = LINE ( 'NONE', #4183, #979 ) ;
#1668 = DIRECTION ( 'NONE',  ( 1.000000000000000000, 0.0000000000000000000, 0.0000000000000000000 ) ) ;
#1669 = DIRECTION ( 'NONE',  ( 2.238352872228222100E-015, 2.238352872228222100E-015, 1.000000000000000000 ) ) ;
#1670 =( GEOMETRIC_REPRESENTATION_CONTEXT ( 3 ) GLOBAL_UNCERTAINTY_ASSIGNED_CONTEXT ( ( #984 ) ) GLOBAL_UNIT_ASSIGNED_CONTEXT ( ( #4549, #4374, #4386 ) ) REPRESENTATION_CONTEXT ( 'NONE', 'WORKASPACE' ) );
#1671 = MECHANICAL_DESIGN_GEOMETRIC_PRESENTATION_REPRESENTATION (  '', ( #1686 ), #1670 ) ;
#1672 = EDGE_CURVE ( 'NONE', #3183, #2931, #1954, .T. ) ;
#1673 = ORIENTED_EDGE ( 'NONE', *, *, #2706, .T. ) ;
#1674 =( LENGTH_UNIT ( ) NAMED_UNIT ( * ) SI_UNIT ( .MILLI., .METRE. ) );
#1675 = ORIENTED_EDGE ( 'NONE', *, *, #176, .F. ) ;
#1676 = VERTEX_POINT ( 'NONE', #1207 ) ;
#1677 = PRESENTATION_LAYER_ASSIGNMENT (  '', '', ( #1686 ) ) ;
#1678 =( NAMED_UNIT ( * ) PLANE_ANGLE_UNIT ( ) SI_UNIT ( $, .RADIAN. ) );
#1679 = AXIS2_PLACEMENT_3D ( 'NONE', #4208, #4235, #1609 ) ;
#1680 = DIRECTION ( 'NONE',  ( 2.238352872228065900E-015, 0.0000000000000000000, 1.000000000000000000 ) ) ;
#1681 = VECTOR ( 'NONE', #4958, 1000.000000000000000 ) ;
#1682 = FACE_OUTER_BOUND ( 'NONE', #3968, .T. ) ;
#1683 = CARTESIAN_POINT ( 'NONE',  ( -3.634999999999970500, 0.5100000000000459700, 1.425000000000016500 ) ) ;
#1684 = ORIENTED_EDGE ( 'NONE', *, *, #62, .F. ) ;
#1685 = CARTESIAN_POINT ( 'NONE',  ( -3.634999999999968300, 0.5000000000000446300, 1.544463481837388000E-014 ) ) ;
#1686 = STYLED_ITEM ( 'NONE', ( #3466 ), #716 ) ;
#1687 = VERTEX_POINT ( 'NONE', #1171 ) ;
#1688 = PRESENTATION_LAYER_ASSIGNMENT (  '', '', ( #1921 ) ) ;
#1689 = CIRCLE ( 'NONE', #447, 0.1599999999999999800 ) ;
#1690 =( NAMED_UNIT ( * ) SI_UNIT ( $, .STERADIAN. ) SOLID_ANGLE_UNIT ( ) );
#1691 = ORIENTED_EDGE ( 'NONE', *, *, #735, .F. ) ;
#1692 = PRESENTATION_STYLE_ASSIGNMENT (( #4459 ) ) ;
#1693 = ORIENTED_EDGE ( 'NONE', *, *, #879, .T. ) ;
#1694 = CARTESIAN_POINT ( 'NONE',  ( 3.875000000000015500, 1.200000000000000000, 2.190000000000018600 ) ) ;
#1695 =( GEOMETRIC_REPRESENTATION_CONTEXT ( 3 ) GLOBAL_UNCERTAINTY_ASSIGNED_CONTEXT ( ( #3089 ) ) GLOBAL_UNIT_ASSIGNED_CONTEXT ( ( #4149, #4535, #4165 ) ) REPRESENTATION_CONTEXT ( 'NONE', 'WORKASPACE' ) );
#1696 = VERTEX_POINT ( 'NONE', #1184 ) ;
#1697 = ORIENTED_EDGE ( 'NONE', *, *, #3646, .T. ) ;
#1698 = EDGE_CURVE ( 'NONE', #420, #3183, #1430, .T. ) ;
#1699 = CARTESIAN_POINT ( 'NONE',  ( 3.075000000000007300, -17.26293531905800200, -0.4250000000000087000 ) ) ;
#1700 = EDGE_CURVE ( 'NONE', #811, #420, #4003, .T. ) ;
#1701 = CARTESIAN_POINT ( 'NONE',  ( 4.175000000000057600, 0.3500000000000464400, -0.4250000000000087000 ) ) ;
#1702 = DIRECTION ( 'NONE',  ( -0.0000000000000000000, -0.0000000000000000000, 1.000000000000000000 ) ) ;
#1703 = DIRECTION ( 'NONE',  ( 0.0000000000000000000, 0.0000000000000000000, -1.000000000000000000 ) ) ;
#1704 = VERTEX_POINT ( 'NONE', #1137 ) ;
#1705 = MECHANICAL_DESIGN_GEOMETRIC_PRESENTATION_REPRESENTATION (  '', ( #1732 ), #1695 ) ;
#1706 = EDGE_CURVE ( 'NONE', #3867, #873, #465, .T. ) ;
#1707 = ORIENTED_EDGE ( 'NONE', *, *, #4753, .F. ) ;
#1708 = VECTOR ( 'NONE', #2741, 1000.000000000000000 ) ;
#1709 =( NAMED_UNIT ( * ) SI_UNIT ( $, .STERADIAN. ) SOLID_ANGLE_UNIT ( ) );
#1710 = DIRECTION ( 'NONE',  ( 0.0000000000000000000, 1.000000000000000000, 0.0000000000000000000 ) ) ;
#1711 = EDGE_CURVE ( 'NONE', #4304, #3183, #522, .T. ) ;
#1712 = DIRECTION ( 'NONE',  ( -1.000000000000000000, 0.0000000000000000000, -0.0000000000000000000 ) ) ;
#1713 = ORIENTED_EDGE ( 'NONE', *, *, #2845, .T. ) ;
#1714 = PRESENTATION_STYLE_ASSIGNMENT (( #4713 ) ) ;
#1715 = ORIENTED_EDGE ( 'NONE', *, *, #2812, .T. ) ;
#1716 = VECTOR ( 'NONE', #920, 1000.000000000000000 ) ;
#1717 = CARTESIAN_POINT ( 'NONE',  ( 2.409999999999998800, 0.3800000000000000000, -4.309999999999998700 ) ) ;
#1718 = ORIENTED_EDGE ( 'NONE', *, *, #1792, .F. ) ;
#1719 = PRESENTATION_LAYER_ASSIGNMENT (  '', '', ( #1732 ) ) ;
#1720 = DIRECTION ( 'NONE',  ( -0.0000000000000000000, 0.0000000000000000000, -1.000000000000000000 ) ) ;
#1721 = SURFACE_STYLE_FILL_AREA ( #2011 ) ;
#1722 = VECTOR ( 'NONE', #1044, 1000.000000000000000 ) ;
#1723 = LINE ( 'NONE', #4929, #4729 ) ;
#1724 = FILL_AREA_STYLE_COLOUR ( '', #4796 ) ;
#1725 = EDGE_CURVE ( 'NONE', #4304, #996, #2049, .T. ) ;
#1726 = AXIS2_PLACEMENT_3D ( 'NONE', #4345, #4509, #4060 ) ;
#1727 = DIRECTION ( 'NONE',  ( 1.020425574103982900E-015, 0.0000000000000000000, -1.000000000000000000 ) ) ;
#1728 = CIRCLE ( 'NONE', #432, 0.01000000000000002600 ) ;
#1729 = DIRECTION ( 'NONE',  ( 1.000000000000000000, 0.0000000000000000000, 0.0000000000000000000 ) ) ;
#1730 = CIRCLE ( 'NONE', #642, 0.01000000000000002600 ) ;
#1731 = DIRECTION ( 'NONE',  ( 1.000000000000000000, -1.035379938102579000E-030, 1.020425574103982900E-015 ) ) ;
#1732 = STYLED_ITEM ( 'NONE', ( #3018 ), #708 ) ;
#1733 = EDGE_CURVE ( 'NONE', #3770, #4940, #2690, .T. ) ;
#1734 = PRESENTATION_LAYER_ASSIGNMENT (  '', '', ( #2610 ) ) ;
#1735 = EDGE_CURVE ( 'NONE', #4376, #1659, #1537, .T. ) ;
#1736 = LINE ( 'NONE', #2177, #3136 ) ;
#1737 = ORIENTED_EDGE ( 'NONE', *, *, #2150, .T. ) ;
#1738 = VERTEX_POINT ( 'NONE', #997 ) ;
#1739 = FILL_AREA_STYLE ('',( #1724 ) ) ;
#1740 = COLOUR_RGB ( '',0.6588235294117647000, 0.6196078431372549200, 0.5607843137254902000 ) ;
#1741 = ORIENTED_EDGE ( 'NONE', *, *, #666, .T. ) ;
#1742 = SURFACE_SIDE_STYLE ('',( #3510 ) ) ;
#1743 =( GEOMETRIC_REPRESENTATION_CONTEXT ( 3 ) GLOBAL_UNCERTAINTY_ASSIGNED_CONTEXT ( ( #3302 ) ) GLOBAL_UNIT_ASSIGNED_CONTEXT ( ( #4488, #4482, #4931 ) ) REPRESENTATION_CONTEXT ( 'NONE', 'WORKASPACE' ) );
#1744 = ORIENTED_EDGE ( 'NONE', *, *, #3619, .T. ) ;
#1745 = CARTESIAN_POINT ( 'NONE',  ( 4.175000000000057600, 2.364050644844993600, -0.4249999999999957700 ) ) ;
#1746 = COLOUR_RGB ( '',0.2039215686274509800, 0.2039215686274509800, 0.2039215686274509800 ) ;
#1747 = LINE ( 'NONE', #4125, #990 ) ;
#1748 = SURFACE_STYLE_USAGE ( .BOTH. , #1742 ) ;
#1749 = EDGE_LOOP ( 'NONE', ( #1661, #3618, #96, #4120, #645, #1519, #333, #1783 ) ) ;
#1750 = CARTESIAN_POINT ( 'NONE',  ( 3.635000000000004200, 0.5100000000000450800, -0.4250000000000000400 ) ) ;
#1751 = EDGE_CURVE ( 'NONE', #4140, #3594, #2848, .T. ) ;
#1752 = SURFACE_STYLE_FILL_AREA ( #1653 ) ;
#1753 = PRESENTATION_STYLE_ASSIGNMENT (( #4232 ) ) ;
#1754 =( LENGTH_UNIT ( ) NAMED_UNIT ( * ) SI_UNIT ( .MILLI., .METRE. ) );
#1755 = ORIENTED_EDGE ( 'NONE', *, *, #1700, .F. ) ;
#1756 = VECTOR ( 'NONE', #517, 1000.000000000000000 ) ;
#1757 =( NAMED_UNIT ( * ) PLANE_ANGLE_UNIT ( ) SI_UNIT ( $, .RADIAN. ) );
#1758 = MECHANICAL_DESIGN_GEOMETRIC_PRESENTATION_REPRESENTATION (  '', ( #1796 ), #1743 ) ;
#1759 = VECTOR ( 'NONE', #4861, 1000.000000000000000 ) ;
#1760 = STYLED_ITEM ( 'NONE', ( #3394 ), #79 ) ;
#1761 =( LENGTH_UNIT ( ) NAMED_UNIT ( * ) SI_UNIT ( .MILLI., .METRE. ) );
#1762 =( NAMED_UNIT ( * ) PLANE_ANGLE_UNIT ( ) SI_UNIT ( $, .RADIAN. ) );
#1763 = ORIENTED_EDGE ( 'NONE', *, *, #2462, .F. ) ;
#1764 =( NAMED_UNIT ( * ) SI_UNIT ( $, .STERADIAN. ) SOLID_ANGLE_UNIT ( ) );
#1765 = ORIENTED_EDGE ( 'NONE', *, *, #4383, .T. ) ;
#1766 = PRESENTATION_LAYER_ASSIGNMENT (  '', '', ( #1796 ) ) ;
#1767 =( NAMED_UNIT ( * ) SI_UNIT ( $, .STERADIAN. ) SOLID_ANGLE_UNIT ( ) );
#1768 = EDGE_CURVE ( 'NONE', #4011, #498, #4466, .T. ) ;
#1769 = STYLED_ITEM ( 'NONE', ( #1421 ), #360 ) ;
#1770 =( NAMED_UNIT ( * ) PLANE_ANGLE_UNIT ( ) SI_UNIT ( $, .RADIAN. ) );
#1771 = COLOUR_RGB ( '',0.6588235294117647000, 0.6196078431372549200, 0.5607843137254902000 ) ;
#1772 =( LENGTH_UNIT ( ) NAMED_UNIT ( * ) SI_UNIT ( .MILLI., .METRE. ) );
#1773 = VECTOR ( 'NONE', #16, 1000.000000000000000 ) ;
#1774 = EDGE_CURVE ( 'NONE', #4747, #3189, #429, .T. ) ;
#1775 = SURFACE_STYLE_USAGE ( .BOTH. , #1780 ) ;
#1776 = STYLED_ITEM ( 'NONE', ( #1188 ), #153 ) ;
#1777 = ORIENTED_EDGE ( 'NONE', *, *, #1843, .T. ) ;
#1778 = PRESENTATION_STYLE_ASSIGNMENT (( #4655 ) ) ;
#1779 = EDGE_LOOP ( 'NONE', ( #4074, #3676, #4546, #3575 ) ) ;
#1780 = SURFACE_SIDE_STYLE ('',( #2938 ) ) ;
#1781 = AXIS2_PLACEMENT_3D ( 'NONE', #3414, #3405, #3993 ) ;
#1782 = EDGE_CURVE ( 'NONE', #3889, #4004, #4446, .T. ) ;
#1783 = ORIENTED_EDGE ( 'NONE', *, *, #3185, .T. ) ;
#1784 = CARTESIAN_POINT ( 'NONE',  ( 2.947347000000045500, 0.6500000000000048000, 10.86684353621796500 ) ) ;
#1785 = FILL_AREA_STYLE ('',( #1975 ) ) ;
#1786 = DIRECTION ( 'NONE',  ( -0.0000000000000000000, -0.0000000000000000000, -1.000000000000000000 ) ) ;
#1787 = PRESENTATION_STYLE_ASSIGNMENT (( #538 ) ) ;
#1788 = DIRECTION ( 'NONE',  ( 0.9659251840857036000, -0.2588214418262129700, 3.081487911019577000E-033 ) ) ;
#1789 = COLOUR_RGB ( '',0.6588235294117647000, 0.6196078431372549200, 0.5607843137254902000 ) ;
#1790 = EDGE_CURVE ( 'NONE', #420, #996, #3446, .T. ) ;
#1791 = SURFACE_STYLE_USAGE ( .BOTH. , #1811 ) ;
#1792 = EDGE_CURVE ( 'NONE', #498, #4304, #2096, .T. ) ;
#1793 = ORIENTED_EDGE ( 'NONE', *, *, #550, .F. ) ;
#1794 = COLOUR_RGB ( '',0.6588235294117647000, 0.6196078431372549200, 0.5607843137254902000 ) ;
#1795 = DIRECTION ( 'NONE',  ( 0.2588214418262129700, 0.9659251840857036000, 0.0000000000000000000 ) ) ;
#1796 = STYLED_ITEM ( 'NONE', ( #3507 ), #701 ) ;
#1797 = EDGE_CURVE ( 'NONE', #996, #354, #4419, .T. ) ;
#1798 = DIRECTION ( 'NONE',  ( -1.000000000000000000, -0.0000000000000000000, -0.0000000000000000000 ) ) ;
#1799 = PRESENTATION_STYLE_ASSIGNMENT (( #778 ) ) ;
#1800 = SHAPE_REPRESENTATION ( '9_BLE_小型サイズベースANT拡大MODULE_シールドケース_1_2', ( #17 ), #1476 ) ;
#1801 = VECTOR ( 'NONE', #4361, 1000.000000000000000 ) ;
#1802 = CARTESIAN_POINT ( 'NONE',  ( -4.024999999999970200, 1.040000000000000000, -1.024999999999998800 ) ) ;
#1803 = LINE ( 'NONE', #395, #4455 ) ;
#1804 = AXIS2_PLACEMENT_3D ( 'NONE', #2421, #2420, #2413 ) ;
#1805 = EDGE_CURVE ( 'NONE', #757, #4262, #2802, .T. ) ;
#1806 =( GEOMETRIC_REPRESENTATION_CONTEXT ( 3 ) GLOBAL_UNCERTAINTY_ASSIGNED_CONTEXT ( ( #3518 ) ) GLOBAL_UNIT_ASSIGNED_CONTEXT ( ( #3389, #5011, #3419 ) ) REPRESENTATION_CONTEXT ( 'NONE', 'WORKASPACE' ) );
#1807 = DIRECTION ( 'NONE',  ( 0.0000000000000000000, -0.0000000000000000000, -1.000000000000000000 ) ) ;
#1808 = LINE ( 'NONE', #4468, #4871 ) ;
#1809 = EDGE_CURVE ( 'NONE', #757, #1687, #5014, .T. ) ;
#1810 = MECHANICAL_DESIGN_GEOMETRIC_PRESENTATION_REPRESENTATION (  '', ( #1852 ), #1806 ) ;
#1811 = SURFACE_SIDE_STYLE ('',( #214 ) ) ;
#1812 = FACE_OUTER_BOUND ( 'NONE', #3424, .T. ) ;
#1813 = EDGE_CURVE ( 'NONE', #4641, #1687, #882, .T. ) ;
#1814 = ORIENTED_EDGE ( 'NONE', *, *, #3105, .F. ) ;
#1815 = DIRECTION ( 'NONE',  ( 0.0000000000000000000, -1.000000000000000000, 0.0000000000000000000 ) ) ;
#1816 = ORIENTED_EDGE ( 'NONE', *, *, #4195, .F. ) ;
#1817 = PRESENTATION_LAYER_ASSIGNMENT (  '', '', ( #1852 ) ) ;
#1818 = FACE_OUTER_BOUND ( 'NONE', #4675, .T. ) ;
#1819 = CARTESIAN_POINT ( 'NONE',  ( 2.002654000000049000, 0.6500000000000048000, 10.86684353621796500 ) ) ;
#1820 = MECHANICAL_DESIGN_GEOMETRIC_PRESENTATION_REPRESENTATION (  '', ( #2332 ), #236 ) ;
#1821 = EDGE_CURVE ( 'NONE', #494, #3024, #964, .T. ) ;
#1822 = PLANE ( 'NONE',  #648 ) ;
#1823 = COLOUR_RGB ( '',0.2039215686274509800, 0.2039215686274509800, 0.2039215686274509800 ) ;
#1824 = VECTOR ( 'NONE', #982, 1000.000000000000000 ) ;
#1825 = PRESENTATION_STYLE_ASSIGNMENT (( #4206 ) ) ;
#1826 = ORIENTED_EDGE ( 'NONE', *, *, #3123, .F. ) ;
#1827 = LINE ( 'NONE', #3234, #1404 ) ;
#1828 =( NAMED_UNIT ( * ) SI_UNIT ( $, .STERADIAN. ) SOLID_ANGLE_UNIT ( ) );
#1829 = AXIS2_PLACEMENT_3D ( 'NONE', #3832, #3233, #3768 ) ;
#1830 = PLANE ( 'NONE',  #3352 ) ;
#1831 = SURFACE_STYLE_FILL_AREA ( #2099 ) ;
#1832 = DIRECTION ( 'NONE',  ( 0.0000000000000000000, 0.0000000000000000000, 1.000000000000000000 ) ) ;
#1833 = LINE ( 'NONE', #4975, #3710 ) ;
#1834 = DIRECTION ( 'NONE',  ( 0.0000000000000000000, -0.0000000000000000000, 1.000000000000000000 ) ) ;
#1835 = VERTEX_POINT ( 'NONE', #761 ) ;
#1836 = VECTOR ( 'NONE', #3978, 1000.000000000000000 ) ;
#1837 = CARTESIAN_POINT ( 'NONE',  ( 4.175000000000057600, -17.26293531905800200, -0.4250000000000087000 ) ) ;
#1838 = ORIENTED_EDGE ( 'NONE', *, *, #2835, .T. ) ;
#1839 = ORIENTED_EDGE ( 'NONE', *, *, #1725, .T. ) ;
#1840 = CARTESIAN_POINT ( 'NONE',  ( 0.0000000000000000000, 1.050000000000000000, 2.200000000000006400 ) ) ;
#1841 = EDGE_CURVE ( 'NONE', #3658, #4641, #3850, .T. ) ;
#1842 =( NAMED_UNIT ( * ) PLANE_ANGLE_UNIT ( ) SI_UNIT ( $, .RADIAN. ) );
#1843 = EDGE_CURVE ( 'NONE', #151, #1374, #890, .T. ) ;
#1844 = LINE ( 'NONE', #3758, #1681 ) ;
#1845 =( LENGTH_UNIT ( ) NAMED_UNIT ( * ) SI_UNIT ( .MILLI., .METRE. ) );
#1846 = CARTESIAN_POINT ( 'NONE',  ( -3.634999999999981600, 0.5100000000000477500, -1.425000000000006000 ) ) ;
#1847 = COLOUR_RGB ( '',0.2039215686274509800, 0.2039215686274509800, 0.2039215686274509800 ) ;
#1848 = DIRECTION ( 'NONE',  ( -3.357529308342098400E-015, -1.119176436114032700E-015, -1.000000000000000000 ) ) ;
#1849 = COLOUR_RGB ( '',0.6588235294117647000, 0.6196078431372549200, 0.5607843137254902000 ) ;
#1850 = ORIENTED_EDGE ( 'NONE', *, *, #1138, .T. ) ;
#1851 = VECTOR ( 'NONE', #794, 1000.000000000000000 ) ;
#1852 = STYLED_ITEM ( 'NONE', ( #3969 ), #700 ) ;
#1853 = VECTOR ( 'NONE', #719, 1000.000000000000000 ) ;
#1854 = EDGE_CURVE ( 'NONE', #757, #1659, #2719, .T. ) ;
#1855 = VECTOR ( 'NONE', #528, 1000.000000000000000 ) ;
#1856 = SURFACE_STYLE_USAGE ( .BOTH. , #1863 ) ;
#1857 = ORIENTED_EDGE ( 'NONE', *, *, #217, .T. ) ;
#1858 = COLOUR_RGB ( '',0.6588235294117647000, 0.6196078431372549200, 0.5607843137254902000 ) ;
#1859 = ORIENTED_EDGE ( 'NONE', *, *, #2300, .T. ) ;
#1860 = DIRECTION ( 'NONE',  ( 1.000000000000000000, 0.0000000000000000000, 0.0000000000000000000 ) ) ;
#1861 =( GEOMETRIC_REPRESENTATION_CONTEXT ( 3 ) GLOBAL_UNCERTAINTY_ASSIGNED_CONTEXT ( ( #3240 ) ) GLOBAL_UNIT_ASSIGNED_CONTEXT ( ( #1073, #1079, #1084 ) ) REPRESENTATION_CONTEXT ( 'NONE', 'WORKASPACE' ) );
#1862 = VECTOR ( 'NONE', #4264, 1000.000000000000000 ) ;
#1863 = SURFACE_SIDE_STYLE ('',( #4664 ) ) ;
#1864 = ORIENTED_EDGE ( 'NONE', *, *, #2875, .T. ) ;
#1865 = PLANE ( 'NONE',  #685 ) ;
#1866 = FILL_AREA_STYLE ('',( #1530 ) ) ;
#1867 = ORIENTED_EDGE ( 'NONE', *, *, #2959, .T. ) ;
#1868 = EDGE_CURVE ( 'NONE', #4998, #739, #4530, .T. ) ;
#1869 =( GEOMETRIC_REPRESENTATION_CONTEXT ( 3 ) GLOBAL_UNCERTAINTY_ASSIGNED_CONTEXT ( ( #557 ) ) GLOBAL_UNIT_ASSIGNED_CONTEXT ( ( #4776, #4789, #4116 ) ) REPRESENTATION_CONTEXT ( 'NONE', 'WORKASPACE' ) );
#1870 = LINE ( 'NONE', #3375, #2346 ) ;
#1871 = FILL_AREA_STYLE_COLOUR ( '', #209 ) ;
#1872 = DIRECTION ( 'NONE',  ( -0.2588214418262129700, -0.9659251840857036000, 0.0000000000000000000 ) ) ;
#1873 = CARTESIAN_POINT ( 'NONE',  ( -3.464999999999976300, 1.200000000000000000, 2.200000000000042400 ) ) ;
#1874 = SURFACE_STYLE_FILL_AREA ( #3668 ) ;
#1875 = EDGE_CURVE ( 'NONE', #1505, #4998, #2927, .T. ) ;
#1876 = MECHANICAL_DESIGN_GEOMETRIC_PRESENTATION_REPRESENTATION (  '', ( #1889 ), #1869 ) ;
#1877 = MECHANICAL_DESIGN_GEOMETRIC_PRESENTATION_REPRESENTATION (  '', ( #3238 ), #976 ) ;
#1878 = LINE ( 'NONE', #3773, #1882 ) ;
#1879 = ORIENTED_EDGE ( 'NONE', *, *, #2904, .T. ) ;
#1880 = COLOUR_RGB ( '',0.6588235294117647000, 0.6196078431372549200, 0.5607843137254902000 ) ;
#1881 = CARTESIAN_POINT ( 'NONE',  ( 2.947347000000045900, 0.6500000000000048000, -2.199999999999963300 ) ) ;
#1882 = VECTOR ( 'NONE', #4710, 1000.000000000000000 ) ;
#1883 = PLANE ( 'NONE',  #4619 ) ;
#1884 = PRESENTATION_LAYER_ASSIGNMENT (  '', '', ( #1889 ) ) ;
#1885 = AXIS2_PLACEMENT_3D ( 'NONE', #4013, #4026, #4038 ) ;
#1886 = PRESENTATION_STYLE_ASSIGNMENT (( #1660 ) ) ;
#1887 = DIRECTION ( 'NONE',  ( -2.040851148207966600E-015, 1.020425574103983300E-015, 1.000000000000000000 ) ) ;
#1888 = COLOUR_RGB ( '',0.6588235294117647000, 0.6196078431372549200, 0.5607843137254902000 ) ;
#1889 = STYLED_ITEM ( 'NONE', ( #4558 ), #694 ) ;
#1890 = EDGE_CURVE ( 'NONE', #1235, #3205, #4012, .T. ) ;
#1891 = PRESENTATION_STYLE_ASSIGNMENT (( #3683 ) ) ;
#1892 = EDGE_CURVE ( 'NONE', #3330, #1505, #1224, .T. ) ;
#1893 = DIRECTION ( 'NONE',  ( -1.000000000000000000, -0.0000000000000000000, -0.0000000000000000000 ) ) ;
#1894 = COLOUR_RGB ( '',0.6588235294117647000, 0.6196078431372549200, 0.5607843137254902000 ) ;
#1895 = ORIENTED_EDGE ( 'NONE', *, *, #1892, .F. ) ;
#1896 = UNCERTAINTY_MEASURE_WITH_UNIT (LENGTH_MEASURE( 1.000000000000000100E-005 ), #2440, 'distance_accuracy_value', 'NONE');
#1897 = FACE_OUTER_BOUND ( 'NONE', #4166, .T. ) ;
#1898 = CARTESIAN_POINT ( 'NONE',  ( 4.015000000000052100, 1.050000000000000000, -2.050000000000050400 ) ) ;
#1899 = ORIENTED_EDGE ( 'NONE', *, *, #1711, .F. ) ;
#1900 = VECTOR ( 'NONE', #674, 1000.000000000000000 ) ;
#1901 = FILL_AREA_STYLE_COLOUR ( '', #3902 ) ;
#1902 = LINE ( 'NONE', #3605, #2231 ) ;
#1903 = EDGE_CURVE ( 'NONE', #739, #3330, #4438, .T. ) ;
#1904 = PLANE ( 'NONE',  #2453 ) ;
#1905 = VECTOR ( 'NONE', #1346, 1000.000000000000000 ) ;
#1906 =( GEOMETRIC_REPRESENTATION_CONTEXT ( 3 ) GLOBAL_UNCERTAINTY_ASSIGNED_CONTEXT ( ( #2128 ) ) GLOBAL_UNIT_ASSIGNED_CONTEXT ( ( #3966, #3967, #3983 ) ) REPRESENTATION_CONTEXT ( 'NONE', 'WORKASPACE' ) );
#1907 = FILL_AREA_STYLE_COLOUR ( '', #3894 ) ;
#1908 = COLOUR_RGB ( '',0.6588235294117647000, 0.6196078431372549200, 0.5607843137254902000 ) ;
#1909 = SURFACE_STYLE_FILL_AREA ( #2085 ) ;
#1910 = VECTOR ( 'NONE', #161, 1000.000000000000000 ) ;
#1911 = ORIENTED_EDGE ( 'NONE', *, *, #935, .T. ) ;
#1912 = DIRECTION ( 'NONE',  ( -1.000000000000000000, 0.0000000000000000000, 0.0000000000000000000 ) ) ;
#1913 = EDGE_CURVE ( 'NONE', #3330, #2260, #4137, .T. ) ;
#1914 = FILL_AREA_STYLE ('',( #1871 ) ) ;
#1915 = EDGE_LOOP ( 'NONE', ( #4992, #1939, #2534, #1741, #1438, #2636, #4031, #4323 ) ) ;
#1916 = DIRECTION ( 'NONE',  ( 0.0000000000000000000, -3.540251991789310400E-015, -1.000000000000000000 ) ) ;
#1917 = ORIENTED_EDGE ( 'NONE', *, *, #1571, .F. ) ;
#1918 = MECHANICAL_DESIGN_GEOMETRIC_PRESENTATION_REPRESENTATION (  '', ( #1929 ), #1906 ) ;
#1919 = PRESENTATION_LAYER_ASSIGNMENT (  '', '', ( #1929 ) ) ;
#1920 = LINE ( 'NONE', #4462, #363 ) ;
#1921 = STYLED_ITEM ( 'NONE', ( #2684 ), #36 ) ;
#1922 = SURFACE_SIDE_STYLE ('',( #2392 ) ) ;
#1923 = VERTEX_POINT ( 'NONE', #576 ) ;
#1924 = DIRECTION ( 'NONE',  ( 0.0000000000000000000, -1.000000000000000000, 3.540251991789310400E-015 ) ) ;
#1925 =( LENGTH_UNIT ( ) NAMED_UNIT ( * ) SI_UNIT ( .MILLI., .METRE. ) );
#1926 = AXIS2_PLACEMENT_3D ( 'NONE', #4144, #4147, #3927 ) ;
#1927 = UNCERTAINTY_MEASURE_WITH_UNIT (LENGTH_MEASURE( 1.000000000000000100E-005 ), #1392, 'distance_accuracy_value', 'NONE');
#1928 = FILL_AREA_STYLE ('',( #4303 ) ) ;
#1929 = STYLED_ITEM ( 'NONE', ( #334 ), #688 ) ;
#1930 = ORIENTED_EDGE ( 'NONE', *, *, #2713, .T. ) ;
#1931 = CARTESIAN_POINT ( 'NONE',  ( 1.453832949806670700, 0.6500000000000594200, -2.050000000000048200 ) ) ;
#1932 = ORIENTED_EDGE ( 'NONE', *, *, #572, .F. ) ;
#1933 =( NAMED_UNIT ( * ) PLANE_ANGLE_UNIT ( ) SI_UNIT ( $, .RADIAN. ) );
#1934 = PRESENTATION_STYLE_ASSIGNMENT (( #258 ) ) ;
#1935 = UNCERTAINTY_MEASURE_WITH_UNIT (LENGTH_MEASURE( 1.000000000000000100E-005 ), #4050, 'distance_accuracy_value', 'NONE');
#1936 = VECTOR ( 'NONE', #2621, 1000.000000000000000 ) ;
#1937 =( GEOMETRIC_REPRESENTATION_CONTEXT ( 3 ) GLOBAL_UNCERTAINTY_ASSIGNED_CONTEXT ( ( #1097 ) ) GLOBAL_UNIT_ASSIGNED_CONTEXT ( ( #4134, #4055, #4045 ) ) REPRESENTATION_CONTEXT ( 'NONE', 'WORKASPACE' ) );
#1938 =( NAMED_UNIT ( * ) SI_UNIT ( $, .STERADIAN. ) SOLID_ANGLE_UNIT ( ) );
#1939 = ORIENTED_EDGE ( 'NONE', *, *, #2976, .F. ) ;
#1940 = ORIENTED_EDGE ( 'NONE', *, *, #2950, .T. ) ;
#1941 = VERTEX_POINT ( 'NONE', #592 ) ;
#1942 =( NAMED_UNIT ( * ) SI_UNIT ( $, .STERADIAN. ) SOLID_ANGLE_UNIT ( ) );
#1943 =( NAMED_UNIT ( * ) PLANE_ANGLE_UNIT ( ) SI_UNIT ( $, .RADIAN. ) );
#1944 = MECHANICAL_DESIGN_GEOMETRIC_PRESENTATION_REPRESENTATION (  '', ( #1962 ), #1937 ) ;
#1945 = ORIENTED_EDGE ( 'NONE', *, *, #601, .T. ) ;
#1946 = ORIENTED_EDGE ( 'NONE', *, *, #2410, .T. ) ;
#1947 =( NAMED_UNIT ( * ) PLANE_ANGLE_UNIT ( ) SI_UNIT ( $, .RADIAN. ) );
#1948 = DIRECTION ( 'NONE',  ( -0.0000000000000000000, -0.0000000000000000000, -1.000000000000000000 ) ) ;
#1949 = ORIENTED_EDGE ( 'NONE', *, *, #529, .T. ) ;
#1950 = VECTOR ( 'NONE', #790, 1000.000000000000000 ) ;
#1951 =( LENGTH_UNIT ( ) NAMED_UNIT ( * ) SI_UNIT ( .MILLI., .METRE. ) );
#1952 = SURFACE_SIDE_STYLE ('',( #1217 ) ) ;
#1953 = AXIS2_PLACEMENT_3D ( 'NONE', #2439, #2433, #2432 ) ;
#1954 = CIRCLE ( 'NONE', #614, 0.1599999999999999800 ) ;
#1955 = PRESENTATION_LAYER_ASSIGNMENT (  '', '', ( #1962 ) ) ;
#1956 = LINE ( 'NONE', #511, #4354 ) ;
#1957 = SURFACE_STYLE_USAGE ( .BOTH. , #1965 ) ;
#1958 = PRESENTATION_STYLE_ASSIGNMENT (( #98 ) ) ;
#1959 = ORIENTED_EDGE ( 'NONE', *, *, #2945, .T. ) ;
#1960 = AXIS2_PLACEMENT_3D ( 'NONE', #3839, #3843, #3847 ) ;
#1961 = UNCERTAINTY_MEASURE_WITH_UNIT (LENGTH_MEASURE( 1.000000000000000100E-005 ), #2734, 'distance_accuracy_value', 'NONE');
#1962 = STYLED_ITEM ( 'NONE', ( #755 ), #681 ) ;
#1963 = EDGE_CURVE ( 'NONE', #1557, #1505, #4310, .T. ) ;
#1964 = DIRECTION ( 'NONE',  ( 0.0000000000000000000, 0.0000000000000000000, 1.000000000000000000 ) ) ;
#1965 = SURFACE_SIDE_STYLE ('',( #1038 ) ) ;
#1966 = CARTESIAN_POINT ( 'NONE',  ( 6.450000000000000200, 0.3800000000000000000, -4.799999999999999800 ) ) ;
#1967 = VERTEX_POINT ( 'NONE', #612 ) ;
#1968 = CIRCLE ( 'NONE', #473, 0.1599999999999995600 ) ;
#1969 = UNCERTAINTY_MEASURE_WITH_UNIT (LENGTH_MEASURE( 1.000000000000000100E-005 ), #780, 'distance_accuracy_value', 'NONE');
#1970 = FILL_AREA_STYLE ('',( #1972 ) ) ;
#1971 = ORIENTED_EDGE ( 'NONE', *, *, #2833, .F. ) ;
#1972 = FILL_AREA_STYLE_COLOUR ( '', #417 ) ;
#1973 = DIRECTION ( 'NONE',  ( -1.000000000000000000, 0.0000000000000000000, 2.710505431213761100E-016 ) ) ;
#1974 = EDGE_LOOP ( 'NONE', ( #3479, #4191, #3204, #2195 ) ) ;
#1975 = FILL_AREA_STYLE_COLOUR ( '', #3664 ) ;
#1976 = VECTOR ( 'NONE', #2861, 1000.000000000000000 ) ;
#1977 = ORIENTED_EDGE ( 'NONE', *, *, #1805, .F. ) ;
#1978 = LINE ( 'NONE', #4622, #4352 ) ;
#1979 =( GEOMETRIC_REPRESENTATION_CONTEXT ( 3 ) GLOBAL_UNCERTAINTY_ASSIGNED_CONTEXT ( ( #566 ) ) GLOBAL_UNIT_ASSIGNED_CONTEXT ( ( #3797, #3813, #3817 ) ) REPRESENTATION_CONTEXT ( 'NONE', 'WORKASPACE' ) );
#1980 = MECHANICAL_DESIGN_GEOMETRIC_PRESENTATION_REPRESENTATION (  '', ( #1988 ), #1979 ) ;
#1981 = DIRECTION ( 'NONE',  ( 2.710505431213761100E-016, 0.0000000000000000000, 1.000000000000000000 ) ) ;
#1982 = AXIS2_PLACEMENT_3D ( 'NONE', #3651, #3562, #3774 ) ;
#1983 = DIRECTION ( 'NONE',  ( -0.0000000000000000000, -1.000000000000000000, -0.0000000000000000000 ) ) ;
#1984 = CARTESIAN_POINT ( 'NONE',  ( 4.015000000000052100, 1.050000000000000000, 2.049999999999996300 ) ) ;
#1985 = FACE_OUTER_BOUND ( 'NONE', #2961, .T. ) ;
#1986 = LINE ( 'NONE', #1640, #1936 ) ;
#1987 = DIRECTION ( 'NONE',  ( -0.0000000000000000000, 0.0000000000000000000, -1.000000000000000000 ) ) ;
#1988 = STYLED_ITEM ( 'NONE', ( #1163 ), #672 ) ;
#1989 = CARTESIAN_POINT ( 'NONE',  ( 3.075000000000006800, 1.199999999999999700, 0.8250000000000214900 ) ) ;
#1990 = FACE_OUTER_BOUND ( 'NONE', #4970, .T. ) ;
#1991 = PRESENTATION_LAYER_ASSIGNMENT (  '', '', ( #1988 ) ) ;
#1992 = FACE_OUTER_BOUND ( 'NONE', #575, .T. ) ;
#1993 =( GEOMETRIC_REPRESENTATION_CONTEXT ( 3 ) GLOBAL_UNCERTAINTY_ASSIGNED_CONTEXT ( ( #4691 ) ) GLOBAL_UNIT_ASSIGNED_CONTEXT ( ( #3901, #3876, #3828 ) ) REPRESENTATION_CONTEXT ( 'NONE', 'WORKASPACE' ) );
#1994 = LINE ( 'NONE', #3051, #488 ) ;
#1995 = CYLINDRICAL_SURFACE ( 'NONE', #1398, 0.01000000000000002600 ) ;
#1996 = MECHANICAL_DESIGN_GEOMETRIC_PRESENTATION_REPRESENTATION (  '', ( #2006 ), #1993 ) ;
#1997 = PRESENTATION_LAYER_ASSIGNMENT (  '', '', ( #2006 ) ) ;
#1998 = PRESENTATION_LAYER_ASSIGNMENT (  '', '', ( #3055 ) ) ;
#1999 = CARTESIAN_POINT ( 'NONE',  ( 0.0000000000000000000, 0.6500000000000048000, -2.199999999999963300 ) ) ;
#2000 = ORIENTED_EDGE ( 'NONE', *, *, #2329, .F. ) ;
#2001 = DIRECTION ( 'NONE',  ( 0.0000000000000000000, 0.0000000000000000000, -1.000000000000000000 ) ) ;
#2002 = ORIENTED_EDGE ( 'NONE', *, *, #4475, .F. ) ;
#2003 = CARTESIAN_POINT ( 'NONE',  ( -3.464999999999976300, 1.039999999999999600, 9.963716637546925300 ) ) ;
#2004 = EDGE_LOOP ( 'NONE', ( #69, #2656, #4955, #4671, #438, #4953, #1046, #2926, #4523, #2652, #115, #3961 ) ) ;
#2005 = AXIS2_PLACEMENT_3D ( 'NONE', #3631, #3636, #3641 ) ;
#2006 = STYLED_ITEM ( 'NONE', ( #1891 ), #662 ) ;
#2007 = EDGE_CURVE ( 'NONE', #2260, #1557, #1956, .T. ) ;
#2008 = DIRECTION ( 'NONE',  ( 1.000000000000000000, -0.0000000000000000000, 0.0000000000000000000 ) ) ;
#2009 = LINE ( 'NONE', #1246, #3229 ) ;
#2010 = ORIENTED_EDGE ( 'NONE', *, *, #1547, .F. ) ;
#2011 = FILL_AREA_STYLE ('',( #2123 ) ) ;
#2012 = VERTEX_POINT ( 'NONE', #492 ) ;
#2013 = SURFACE_STYLE_FILL_AREA ( #4996 ) ;
#2014 = CARTESIAN_POINT ( 'NONE',  ( 2.709999999999999500, 0.6800000000000000500, -4.309999999999998700 ) ) ;
#2015 = PLANE ( 'NONE',  #721 ) ;
#2016 = VERTEX_POINT ( 'NONE', #493 ) ;
#2017 = VECTOR ( 'NONE', #551, 1000.000000000000000 ) ;
#2018 =( GEOMETRIC_REPRESENTATION_CONTEXT ( 3 ) GLOBAL_UNCERTAINTY_ASSIGNED_CONTEXT ( ( #4460 ) ) GLOBAL_UNIT_ASSIGNED_CONTEXT ( ( #3588, #3601, #3602 ) ) REPRESENTATION_CONTEXT ( 'NONE', 'WORKASPACE' ) );
#2019 = FILL_AREA_STYLE ('',( #4659 ) ) ;
#2020 = PRESENTATION_STYLE_ASSIGNMENT (( #4665 ) ) ;
#2021 =( NAMED_UNIT ( * ) SI_UNIT ( $, .STERADIAN. ) SOLID_ANGLE_UNIT ( ) );
#2022 =( NAMED_UNIT ( * ) PLANE_ANGLE_UNIT ( ) SI_UNIT ( $, .RADIAN. ) );
#2023 = MECHANICAL_DESIGN_GEOMETRIC_PRESENTATION_REPRESENTATION (  '', ( #2030 ), #2018 ) ;
#2024 = SURFACE_STYLE_USAGE ( .BOTH. , #3456 ) ;
#2025 = EDGE_CURVE ( 'NONE', #2463, #732, #758, .T. ) ;
#2026 = AXIS2_PLACEMENT_3D ( 'NONE', #3467, #3486, #3523 ) ;
#2027 =( LENGTH_UNIT ( ) NAMED_UNIT ( * ) SI_UNIT ( .MILLI., .METRE. ) );
#2028 = UNCERTAINTY_MEASURE_WITH_UNIT (LENGTH_MEASURE( 1.000000000000000100E-005 ), #2131, 'distance_accuracy_value', 'NONE');
#2029 = VERTEX_POINT ( 'NONE', #487 ) ;
#2030 = STYLED_ITEM ( 'NONE', ( #2506 ), #657 ) ;
#2031 = SHAPE_REPRESENTATION_RELATIONSHIP ( 'NONE' , 'NONE' ,  #2213, #4163 ) ;
#2032 = PRESENTATION_LAYER_ASSIGNMENT (  '', '', ( #2030 ) ) ;
#2033 =( GEOMETRIC_REPRESENTATION_CONTEXT ( 3 ) GLOBAL_UNCERTAINTY_ASSIGNED_CONTEXT ( ( #870 ) ) GLOBAL_UNIT_ASSIGNED_CONTEXT ( ( #3500, #3505, #3512 ) ) REPRESENTATION_CONTEXT ( 'NONE', 'WORKASPACE' ) );
#2034 = SURFACE_SIDE_STYLE ('',( #1909 ) ) ;
#2035 = CARTESIAN_POINT ( 'NONE',  ( -3.024999999999931500, -17.26293531905800200, -2.200000000000035300 ) ) ;
#2036 = COLOUR_RGB ( '',0.6588235294117647000, 0.6196078431372549200, 0.5607843137254902000 ) ;
#2037 = SURFACE_SIDE_STYLE ('',( #4281 ) ) ;
#2038 = ORIENTED_EDGE ( 'NONE', *, *, #2826, .F. ) ;
#2039 = CARTESIAN_POINT ( 'NONE',  ( -4.014999999999972100, 1.039999999999999600, -1.024999999999998100 ) ) ;
#2040 = DIRECTION ( 'NONE',  ( -1.000000000000000000, 0.0000000000000000000, -0.0000000000000000000 ) ) ;
#2041 = MECHANICAL_DESIGN_GEOMETRIC_PRESENTATION_REPRESENTATION (  '', ( #2084 ), #2033 ) ;
#2042 = EDGE_CURVE ( 'NONE', #2260, #732, #3412, .T. ) ;
#2043 = SURFACE_STYLE_USAGE ( .BOTH. , #2065 ) ;
#2044 = SURFACE_STYLE_USAGE ( .BOTH. , #2037 ) ;
#2045 = ORIENTED_EDGE ( 'NONE', *, *, #3075, .T. ) ;
#2046 = CARTESIAN_POINT ( 'NONE',  ( 4.015000000000052100, 1.200000000000000000, -0.8250000000000201600 ) ) ;
#2047 = VECTOR ( 'NONE', #3600, 1000.000000000000000 ) ;
#2048 = ORIENTED_EDGE ( 'NONE', *, *, #3009, .T. ) ;
#2049 = LINE ( 'NONE', #4595, #3109 ) ;
#2050 = VECTOR ( 'NONE', #4452, 1000.000000000000000 ) ;
#2051 = ORIENTED_EDGE ( 'NONE', *, *, #970, .F. ) ;
#2052 = FILL_AREA_STYLE ('',( #2619 ) ) ;
#2053 = AXIS2_PLACEMENT_3D ( 'NONE', #3347, #3303, #3455 ) ;
#2054 = PRESENTATION_STYLE_ASSIGNMENT (( #3489 ) ) ;
#2055 = FILL_AREA_STYLE_COLOUR ( '', #1746 ) ;
#2056 = FACE_OUTER_BOUND ( 'NONE', #2336, .T. ) ;
#2057 = DIRECTION ( 'NONE',  ( 1.000000000000000000, 0.0000000000000000000, 0.0000000000000000000 ) ) ;
#2058 = ORIENTED_EDGE ( 'NONE', *, *, #1672, .F. ) ;
#2059 = COLOUR_RGB ( '',0.6588235294117647000, 0.6196078431372549200, 0.5607843137254902000 ) ;
#2060 = SURFACE_STYLE_FILL_AREA ( #762 ) ;
#2061 =( GEOMETRIC_REPRESENTATION_CONTEXT ( 3 ) GLOBAL_UNCERTAINTY_ASSIGNED_CONTEXT ( ( #394 ) ) GLOBAL_UNIT_ASSIGNED_CONTEXT ( ( #2071, #2081, #2087 ) ) REPRESENTATION_CONTEXT ( 'NONE', 'WORKASPACE' ) );
#2062 = MECHANICAL_DESIGN_GEOMETRIC_PRESENTATION_REPRESENTATION (  '', ( #4712 ), #1861 ) ;
#2063 =( NAMED_UNIT ( * ) SI_UNIT ( $, .STERADIAN. ) SOLID_ANGLE_UNIT ( ) );
#2064 = VERTEX_POINT ( 'NONE', #460 ) ;
#2065 = SURFACE_SIDE_STYLE ('',( #1831 ) ) ;
#2066 = CIRCLE ( 'NONE', #1657, 0.1599999999999999800 ) ;
#2067 =( NAMED_UNIT ( * ) PLANE_ANGLE_UNIT ( ) SI_UNIT ( $, .RADIAN. ) );
#2068 = EDGE_CURVE ( 'NONE', #2463, #1557, #1156, .T. ) ;
#2069 = STYLED_ITEM ( 'NONE', ( #1958 ), #119 ) ;
#2070 = EDGE_LOOP ( 'NONE', ( #2471, #2809, #2408, #728 ) ) ;
#2071 =( LENGTH_UNIT ( ) NAMED_UNIT ( * ) SI_UNIT ( .MILLI., .METRE. ) );
#2072 = ORIENTED_EDGE ( 'NONE', *, *, #1841, .F. ) ;
#2073 =( LENGTH_UNIT ( ) NAMED_UNIT ( * ) SI_UNIT ( .MILLI., .METRE. ) );
#2074 = ORIENTED_EDGE ( 'NONE', *, *, #2676, .T. ) ;
#2075 = CARTESIAN_POINT ( 'NONE',  ( -4.174999999999963400, 0.5000000000000459600, 1.425000000000013400 ) ) ;
#2076 = EDGE_CURVE ( 'NONE', #494, #2463, #745, .T. ) ;
#2077 = PLANE ( 'NONE',  #2627 ) ;
#2078 = SURFACE_STYLE_USAGE ( .BOTH. , #2080 ) ;
#2079 = ORIENTED_EDGE ( 'NONE', *, *, #753, .T. ) ;
#2080 = SURFACE_SIDE_STYLE ('',( #1334 ) ) ;
#2081 =( NAMED_UNIT ( * ) PLANE_ANGLE_UNIT ( ) SI_UNIT ( $, .RADIAN. ) );
#2082 = ORIENTED_EDGE ( 'NONE', *, *, #1805, .T. ) ;
#2083 = VECTOR ( 'NONE', #1948, 1000.000000000000000 ) ;
#2084 = STYLED_ITEM ( 'NONE', ( #2829 ), #647 ) ;
#2085 = FILL_AREA_STYLE ('',( #2055 ) ) ;
#2086 = PRESENTATION_LAYER_ASSIGNMENT (  '', '', ( #2084 ) ) ;
#2087 =( NAMED_UNIT ( * ) SI_UNIT ( $, .STERADIAN. ) SOLID_ANGLE_UNIT ( ) );
#2088 = ORIENTED_EDGE ( 'NONE', *, *, #2658, .T. ) ;
#2089 = VECTOR ( 'NONE', #799, 1000.000000000000000 ) ;
#2090 = CARTESIAN_POINT ( 'NONE',  ( -2.624999999999987100, 0.0000000000000000000, 2.200000000000018800 ) ) ;
#2091 =( GEOMETRIC_REPRESENTATION_CONTEXT ( 3 ) GLOBAL_UNCERTAINTY_ASSIGNED_CONTEXT ( ( #857 ) ) GLOBAL_UNIT_ASSIGNED_CONTEXT ( ( #3387, #3421, #3442 ) ) REPRESENTATION_CONTEXT ( 'NONE', 'WORKASPACE' ) );
#2092 = FACE_OUTER_BOUND ( 'NONE', #667, .T. ) ;
#2093 = MECHANICAL_DESIGN_GEOMETRIC_PRESENTATION_REPRESENTATION (  '', ( #2101 ), #2091 ) ;
#2094 = ORIENTED_EDGE ( 'NONE', *, *, #2196, .T. ) ;
#2095 = CARTESIAN_POINT ( 'NONE',  ( -3.635000000000016700, 0.5100000000000359800, -11.87841311811409100 ) ) ;
#2096 = CIRCLE ( 'NONE', #610, 0.01000000000000002600 ) ;
#2097 = DIRECTION ( 'NONE',  ( -0.0000000000000000000, 0.0000000000000000000, -1.000000000000000000 ) ) ;
#2098 = PRESENTATION_LAYER_ASSIGNMENT (  '', '', ( #2101 ) ) ;
#2099 = FILL_AREA_STYLE ('',( #2200 ) ) ;
#2100 = AXIS2_PLACEMENT_3D ( 'NONE', #3595, #3547, #3344 ) ;
#2101 = STYLED_ITEM ( 'NONE', ( #3358 ), #640 ) ;
#2102 = ORIENTED_EDGE ( 'NONE', *, *, #2658, .F. ) ;
#2103 = DIRECTION ( 'NONE',  ( 1.000000000000000000, 0.0000000000000000000, -0.0000000000000000000 ) ) ;
#2104 = ORIENTED_EDGE ( 'NONE', *, *, #2977, .F. ) ;
#2105 = LINE ( 'NONE', #3875, #131 ) ;
#2106 = CARTESIAN_POINT ( 'NONE',  ( -4.024999999999970200, -8.673617379884035500E-016, 0.0000000000000000000 ) ) ;
#2107 = DIRECTION ( 'NONE',  ( -1.000000000000000000, 0.0000000000000000000, 0.0000000000000000000 ) ) ;
#2108 = VERTEX_POINT ( 'NONE', #4435 ) ;
#2109 = VECTOR ( 'NONE', #3379, 1000.000000000000000 ) ;
#2110 =( GEOMETRIC_REPRESENTATION_CONTEXT ( 3 ) GLOBAL_UNCERTAINTY_ASSIGNED_CONTEXT ( ( #856 ) ) GLOBAL_UNIT_ASSIGNED_CONTEXT ( ( #3340, #3682, #3666 ) ) REPRESENTATION_CONTEXT ( 'NONE', 'WORKASPACE' ) );
#2111 = CARTESIAN_POINT ( 'NONE',  ( -3.024999999999931500, -17.26293531905800200, -2.200000000000035300 ) ) ;
#2112 = COLOUR_RGB ( '',0.1529411764705882500, 1.000000000000000000, 0.1529411764705882500 ) ;
#2113 = ORIENTED_EDGE ( 'NONE', *, *, #2644, .F. ) ;
#2114 = DIRECTION ( 'NONE',  ( 0.0000000000000000000, 0.0000000000000000000, 1.000000000000000000 ) ) ;
#2115 = DIRECTION ( 'NONE',  ( -0.0000000000000000000, -0.0000000000000000000, 1.000000000000000000 ) ) ;
#2116 = ORIENTED_EDGE ( 'NONE', *, *, #1578, .F. ) ;
#2117 = MECHANICAL_DESIGN_GEOMETRIC_PRESENTATION_REPRESENTATION (  '', ( #2124 ), #2110 ) ;
#2118 = PRESENTATION_LAYER_ASSIGNMENT (  '', '', ( #2124 ) ) ;
#2119 = EDGE_CURVE ( 'NONE', #732, #3024, #4184, .T. ) ;
#2120 = AXIS2_PLACEMENT_3D ( 'NONE', #3224, #3230, #3283 ) ;
#2121 =( NAMED_UNIT ( * ) SI_UNIT ( $, .STERADIAN. ) SOLID_ANGLE_UNIT ( ) );
#2122 = COLOUR_RGB ( '',0.6588235294117647000, 0.6196078431372549200, 0.5607843137254902000 ) ;
#2123 = FILL_AREA_STYLE_COLOUR ( '', #3197 ) ;
#2124 = STYLED_ITEM ( 'NONE', ( #4211 ), #638 ) ;
#2125 =( NAMED_UNIT ( * ) PLANE_ANGLE_UNIT ( ) SI_UNIT ( $, .RADIAN. ) );
#2126 = LINE ( 'NONE', #3853, #4632 ) ;
#2127 = ORIENTED_EDGE ( 'NONE', *, *, #3259, .F. ) ;
#2128 = UNCERTAINTY_MEASURE_WITH_UNIT (LENGTH_MEASURE( 1.000000000000000100E-005 ), #3966, 'distance_accuracy_value', 'NONE');
#2129 = PLANE ( 'NONE',  #4748 ) ;
#2130 =( GEOMETRIC_REPRESENTATION_CONTEXT ( 3 ) GLOBAL_UNCERTAINTY_ASSIGNED_CONTEXT ( ( #787 ) ) GLOBAL_UNIT_ASSIGNED_CONTEXT ( ( #3192, #3196, #3213 ) ) REPRESENTATION_CONTEXT ( 'NONE', 'WORKASPACE' ) );
#2131 =( LENGTH_UNIT ( ) NAMED_UNIT ( * ) SI_UNIT ( .MILLI., .METRE. ) );
#2132 = LINE ( 'NONE', #1615, #766 ) ;
#2133 = MECHANICAL_DESIGN_GEOMETRIC_PRESENTATION_REPRESENTATION (  '', ( #2154 ), #2130 ) ;
#2134 = SURFACE_STYLE_USAGE ( .BOTH. , #2138 ) ;
#2135 = FILL_AREA_STYLE ('',( #2188 ) ) ;
#2136 = LINE ( 'NONE', #1548, #2592 ) ;
#2137 = ORIENTED_EDGE ( 'NONE', *, *, #735, .T. ) ;
#2138 = SURFACE_SIDE_STYLE ('',( #410 ) ) ;
#2139 = VERTEX_POINT ( 'NONE', #476 ) ;
#2140 =( GEOMETRIC_REPRESENTATION_CONTEXT ( 3 ) GLOBAL_UNCERTAINTY_ASSIGNED_CONTEXT ( ( #3333 ) ) GLOBAL_UNIT_ASSIGNED_CONTEXT ( ( #947, #1635, #4210 ) ) REPRESENTATION_CONTEXT ( 'NONE', 'WORKASPACE' ) );
#2141 = PRESENTATION_LAYER_ASSIGNMENT (  '', '', ( #2154 ) ) ;
#2142 = SURFACE_SIDE_STYLE ('',( #1721 ) ) ;
#2143 = VERTEX_POINT ( 'NONE', #428 ) ;
#2144 = UNCERTAINTY_MEASURE_WITH_UNIT (LENGTH_MEASURE( 1.000000000000000100E-005 ), #3150, 'distance_accuracy_value', 'NONE');
#2145 = FILL_AREA_STYLE ('',( #2175 ) ) ;
#2146 = VERTEX_POINT ( 'NONE', #359 ) ;
#2147 = AXIS2_PLACEMENT_3D ( 'NONE', #3013, #3025, #3030 ) ;
#2148 = FACE_OUTER_BOUND ( 'NONE', #2209, .T. ) ;
#2149 = SURFACE_STYLE_USAGE ( .BOTH. , #2142 ) ;
#2150 = EDGE_CURVE ( 'NONE', #2326, #4196, #1803, .T. ) ;
#2151 = PRESENTATION_STYLE_ASSIGNMENT (( #4525 ) ) ;
#2152 = PLANE ( 'NONE',  #801 ) ;
#2153 = ORIENTED_EDGE ( 'NONE', *, *, #2166, .F. ) ;
#2154 = STYLED_ITEM ( 'NONE', ( #4148 ), #617 ) ;
#2155 = FILL_AREA_STYLE_COLOUR ( '', #1114 ) ;
#2156 =( LENGTH_UNIT ( ) NAMED_UNIT ( * ) SI_UNIT ( .MILLI., .METRE. ) );
#2157 = DIRECTION ( 'NONE',  ( 0.0000000000000000000, -0.0000000000000000000, 1.000000000000000000 ) ) ;
#2158 =( GEOMETRIC_REPRESENTATION_CONTEXT ( 3 ) GLOBAL_UNCERTAINTY_ASSIGNED_CONTEXT ( ( #750 ) ) GLOBAL_UNIT_ASSIGNED_CONTEXT ( ( #2995, #2997, #2999 ) ) REPRESENTATION_CONTEXT ( 'NONE', 'WORKASPACE' ) );
#2159 =( NAMED_UNIT ( * ) PLANE_ANGLE_UNIT ( ) SI_UNIT ( $, .RADIAN. ) );
#2160 = ORIENTED_EDGE ( 'NONE', *, *, #2804, .T. ) ;
#2161 = DIRECTION ( 'NONE',  ( -0.0000000000000000000, -1.000000000000000000, -0.0000000000000000000 ) ) ;
#2162 = ADVANCED_FACE ( 'NONE', ( #2056 ), #344, .F. ) ;
#2163 = MECHANICAL_DESIGN_GEOMETRIC_PRESENTATION_REPRESENTATION (  '', ( #2173 ), #2158 ) ;
#2164 = ORIENTED_EDGE ( 'NONE', *, *, #595, .T. ) ;
#2165 = AXIS2_PLACEMENT_3D ( 'NONE', #2795, #2853, #2910 ) ;
#2166 = EDGE_CURVE ( 'NONE', #2146, #3345, #397, .T. ) ;
#2167 = VECTOR ( 'NONE', #133, 1000.000000000000000 ) ;
#2168 = PRESENTATION_STYLE_ASSIGNMENT (( #4926 ) ) ;
#2169 =( NAMED_UNIT ( * ) SI_UNIT ( $, .STERADIAN. ) SOLID_ANGLE_UNIT ( ) );
#2170 = ORIENTED_EDGE ( 'NONE', *, *, #4537, .F. ) ;
#2171 = VECTOR ( 'NONE', #137, 1000.000000000000000 ) ;
#2172 = SURFACE_STYLE_FILL_AREA ( #3516 ) ;
#2173 = STYLED_ITEM ( 'NONE', ( #4630 ), #568 ) ;
#2174 = EDGE_CURVE ( 'NONE', #3149, #4196, #3277, .T. ) ;
#2175 = FILL_AREA_STYLE_COLOUR ( '', #2444 ) ;
#2176 = ORIENTED_EDGE ( 'NONE', *, *, #443, .F. ) ;
#2177 = CARTESIAN_POINT ( 'NONE',  ( -3.624999999999973400, -17.26293531905800200, 1.425000000000009600 ) ) ;
#2178 = CARTESIAN_POINT ( 'NONE',  ( 3.075000000000006800, 1.199999999999999700, 0.4250000000000087000 ) ) ;
#2179 = PRESENTATION_LAYER_ASSIGNMENT (  '', '', ( #2173 ) ) ;
#2180 = EDGE_CURVE ( 'NONE', #1835, #3149, #4417, .T. ) ;
#2181 = CARTESIAN_POINT ( 'NONE',  ( -3.024999999999931500, -17.26293531905800200, 2.049999999999996300 ) ) ;
#2182 = VERTEX_POINT ( 'NONE', #206 ) ;
#2183 = DIRECTION ( 'NONE',  ( 0.0000000000000000000, -0.0000000000000000000, 1.000000000000000000 ) ) ;
#2184 = CARTESIAN_POINT ( 'NONE',  ( -3.464999999999976300, 1.200000000000000000, 0.0000000000000000000 ) ) ;
#2185 = DIRECTION ( 'NONE',  ( 1.000000000000000000, 0.0000000000000000000, -0.0000000000000000000 ) ) ;
#2186 =( GEOMETRIC_REPRESENTATION_CONTEXT ( 3 ) GLOBAL_UNCERTAINTY_ASSIGNED_CONTEXT ( ( #725 ) ) GLOBAL_UNIT_ASSIGNED_CONTEXT ( ( #2881, #2895, #2902 ) ) REPRESENTATION_CONTEXT ( 'NONE', 'WORKASPACE' ) );
#2187 = ORIENTED_EDGE ( 'NONE', *, *, #2150, .F. ) ;
#2188 = FILL_AREA_STYLE_COLOUR ( '', #1194 ) ;
#2189 = EDGE_CURVE ( 'NONE', #2326, #1835, #3988, .T. ) ;
#2190 = EDGE_LOOP ( 'NONE', ( #3249, #2170, #651, #2546 ) ) ;
#2191 = DIRECTION ( 'NONE',  ( 1.000000000000000000, 0.0000000000000000000, -0.0000000000000000000 ) ) ;
#2192 = FILL_AREA_STYLE ('',( #1901 ) ) ;
#2193 = MECHANICAL_DESIGN_GEOMETRIC_PRESENTATION_REPRESENTATION (  '', ( #2210 ), #2186 ) ;
#2194 = DIRECTION ( 'NONE',  ( 0.0000000000000000000, -0.0000000000000000000, 1.000000000000000000 ) ) ;
#2195 = ORIENTED_EDGE ( 'NONE', *, *, #3094, .F. ) ;
#2196 = EDGE_CURVE ( 'NONE', #3770, #4140, #4025, .T. ) ;
#2197 = EDGE_CURVE ( 'NONE', #2108, #2326, #3483, .T. ) ;
#2198 = PRESENTATION_STYLE_ASSIGNMENT (( #1791 ) ) ;
#2199 = PLANE ( 'NONE',  #933 ) ;
#2200 = FILL_AREA_STYLE_COLOUR ( '', #1823 ) ;
#2201 = ORIENTED_EDGE ( 'NONE', *, *, #850, .T. ) ;
#2202 = CARTESIAN_POINT ( 'NONE',  ( -3.624999999999976500, -17.26293531905800200, -1.425000000000009600 ) ) ;
#2203 = PRESENTATION_LAYER_ASSIGNMENT (  '', '', ( #2210 ) ) ;
#2204 = AXIS2_PLACEMENT_3D ( 'NONE', #2729, #2730, #2750 ) ;
#2205 = SURFACE_SIDE_STYLE ('',( #2794 ) ) ;
#2206 = ORIENTED_EDGE ( 'NONE', *, *, #2278, .T. ) ;
#2207 = SURFACE_STYLE_FILL_AREA ( #350 ) ;
#2208 = VECTOR ( 'NONE', #234, 1000.000000000000000 ) ;
#2209 = EDGE_LOOP ( 'NONE', ( #1208, #1718, #1111, #4249 ) ) ;
#2210 = STYLED_ITEM ( 'NONE', ( #4907 ), #558 ) ;
#2211 =( NAMED_UNIT ( * ) PLANE_ANGLE_UNIT ( ) SI_UNIT ( $, .RADIAN. ) );
#2212 = ORIENTED_EDGE ( 'NONE', *, *, #3119, .T. ) ;
#2213 = SHAPE_REPRESENTATION ( '9_BLE_小型サイズベースANT拡大MODULE基板_1_2', ( #17 ), #25 ) ;
#2214 =( LENGTH_UNIT ( ) NAMED_UNIT ( * ) SI_UNIT ( .MILLI., .METRE. ) );
#2215 = SURFACE_STYLE_USAGE ( .BOTH. , #2205 ) ;
#2216 =( LENGTH_UNIT ( ) NAMED_UNIT ( * ) SI_UNIT ( .MILLI., .METRE. ) );
#2217 =( GEOMETRIC_REPRESENTATION_CONTEXT ( 3 ) GLOBAL_UNCERTAINTY_ASSIGNED_CONTEXT ( ( #646 ) ) GLOBAL_UNIT_ASSIGNED_CONTEXT ( ( #3037, #3011, #2966 ) ) REPRESENTATION_CONTEXT ( 'NONE', 'WORKASPACE' ) );
#2218 = MECHANICAL_DESIGN_GEOMETRIC_PRESENTATION_REPRESENTATION (  '', ( #2232 ), #2217 ) ;
#2219 = SURFACE_STYLE_USAGE ( .BOTH. , #2225 ) ;
#2220 = PRESENTATION_LAYER_ASSIGNMENT (  '', '', ( #2232 ) ) ;
#2221 = ORIENTED_EDGE ( 'NONE', *, *, #3005, .T. ) ;
#2222 =( NAMED_UNIT ( * ) PLANE_ANGLE_UNIT ( ) SI_UNIT ( $, .RADIAN. ) );
#2223 = SURFACE_STYLE_USAGE ( .BOTH. , #1922 ) ;
#2224 = VERTEX_POINT ( 'NONE', #109 ) ;
#2225 = SURFACE_SIDE_STYLE ('',( #163 ) ) ;
#2226 = AXIS2_PLACEMENT_3D ( 'NONE', #2672, #2675, #2679 ) ;
#2227 = DIRECTION ( 'NONE',  ( 0.0000000000000000000, 1.000000000000000000, 0.0000000000000000000 ) ) ;
#2228 = VERTEX_POINT ( 'NONE', #114 ) ;
#2229 = LINE ( 'NONE', #1427, #4096 ) ;
#2230 = CARTESIAN_POINT ( 'NONE',  ( 2.947347000000045500, 0.6500000000000048000, -10.86684353621791400 ) ) ;
#2231 = VECTOR ( 'NONE', #810, 1000.000000000000000 ) ;
#2232 = STYLED_ITEM ( 'NONE', ( #4763 ), #533 ) ;
#2233 = ORIENTED_EDGE ( 'NONE', *, *, #2765, .F. ) ;
#2234 = PLANE ( 'NONE',  #823 ) ;
#2235 = DIRECTION ( 'NONE',  ( 3.357529308342098400E-015, 1.119176436114032700E-015, 1.000000000000000000 ) ) ;
#2236 = PRESENTATION_STYLE_ASSIGNMENT (( #4400 ) ) ;
#2237 = EDGE_LOOP ( 'NONE', ( #4445, #1169, #2002, #3812 ) ) ;
#2238 = VECTOR ( 'NONE', #2723, 1000.000000000000000 ) ;
#2239 = DIRECTION ( 'NONE',  ( 0.2588214418262129700, 0.9659251840857036000, 0.0000000000000000000 ) ) ;
#2240 = VERTEX_POINT ( 'NONE', #111 ) ;
#2241 = CARTESIAN_POINT ( 'NONE',  ( 0.0000000000000000000, 1.200000000000000000, -2.050000000000051800 ) ) ;
#2242 = ORIENTED_EDGE ( 'NONE', *, *, #3028, .F. ) ;
#2243 = FILL_AREA_STYLE_COLOUR ( '', #4515 ) ;
#2244 = EDGE_CURVE ( 'NONE', #1676, #3889, #6, .T. ) ;
#2245 = AXIS2_PLACEMENT_3D ( 'NONE', #1100, #1107, #1116 ) ;
#2246 = FILL_AREA_STYLE_COLOUR ( '', #3070 ) ;
#2247 = ORIENTED_EDGE ( 'NONE', *, *, #2644, .T. ) ;
#2248 = DIRECTION ( 'NONE',  ( 1.000000000000000000, 0.0000000000000000000, 0.0000000000000000000 ) ) ;
#2249 = PRESENTATION_STYLE_ASSIGNMENT (( #3193 ) ) ;
#2250 = PRESENTATION_LAYER_ASSIGNMENT (  '', '', ( #1769 ) ) ;
#2251 = ORIENTED_EDGE ( 'NONE', *, *, #1854, .T. ) ;
#2252 =( NAMED_UNIT ( * ) SI_UNIT ( $, .STERADIAN. ) SOLID_ANGLE_UNIT ( ) );
#2253 = EDGE_LOOP ( 'NONE', ( #159, #894, #2164, #4661 ) ) ;
#2254 = ORIENTED_EDGE ( 'NONE', *, *, #1578, .T. ) ;
#2255 = UNCERTAINTY_MEASURE_WITH_UNIT (LENGTH_MEASURE( 1.000000000000000100E-005 ), #677, 'distance_accuracy_value', 'NONE');
#2256 = SURFACE_STYLE_FILL_AREA ( #158 ) ;
#2257 =( NAMED_UNIT ( * ) PLANE_ANGLE_UNIT ( ) SI_UNIT ( $, .RADIAN. ) );
#2258 =( LENGTH_UNIT ( ) NAMED_UNIT ( * ) SI_UNIT ( .MILLI., .METRE. ) );
#2259 = ORIENTED_EDGE ( 'NONE', *, *, #330, .T. ) ;
#2260 = VERTEX_POINT ( 'NONE', #191 ) ;
#2261 = SURFACE_STYLE_USAGE ( .BOTH. , #2279 ) ;
#2262 = EDGE_CURVE ( 'NONE', #2108, #3590, #643, .T. ) ;
#2263 = MECHANICAL_DESIGN_GEOMETRIC_PRESENTATION_REPRESENTATION (  '', ( #1769 ), #4089 ) ;
#2264 = CARTESIAN_POINT ( 'NONE',  ( -12.62640447190884400, 1.039999999999999800, -2.189999999999963100 ) ) ;
#2265 = CARTESIAN_POINT ( 'NONE',  ( -12.62640447190884400, 1.039999999999999800, -2.349999999999963200 ) ) ;
#2266 =( REPRESENTATION_RELATIONSHIP ('NONE','NONE', #4972, #1800 ) REPRESENTATION_RELATIONSHIP_WITH_TRANSFORMATION ( #3462 )SHAPE_REPRESENTATION_RELATIONSHIP( ) );
#2267 = EDGE_LOOP ( 'NONE', ( #3522, #4897, #4007, #1816 ) ) ;
#2268 = CARTESIAN_POINT ( 'NONE',  ( -4.174999999999970500, 0.6500000000000710800, -1.024999999999998100 ) ) ;
#2269 = SURFACE_STYLE_FILL_AREA ( #872 ) ;
#2270 = PRESENTATION_LAYER_ASSIGNMENT (  '', '', ( #3343 ) ) ;
#2271 = APPLICATION_PROTOCOL_DEFINITION ( 'draft international standard', 'automotive_design', 1998, #2276 ) ;
#2272 = CLOSED_SHELL ( 'NONE', ( #2162, #32, #846, #2320, #915, #65 ) ) ;
#2273 = EDGE_CURVE ( 'NONE', #4196, #3590, #2394, .T. ) ;
#2274 = ORIENTED_EDGE ( 'NONE', *, *, #3092, .T. ) ;
#2275 = CARTESIAN_POINT ( 'NONE',  ( 3.875000000000030200, -17.26293531905800200, -2.349999999999963200 ) ) ;
#2276 = APPLICATION_CONTEXT ( 'automotive_design' ) ;
#2277 = MECHANICAL_DESIGN_GEOMETRIC_PRESENTATION_REPRESENTATION (  '', ( #1760 ), #3712 ) ;
#2278 = EDGE_CURVE ( 'NONE', #1941, #2108, #3865, .T. ) ;
#2279 = SURFACE_SIDE_STYLE ('',( #4571 ) ) ;
#2280 = EDGE_CURVE ( 'NONE', #1651, #1941, #1986, .T. ) ;
#2281 = ORIENTED_EDGE ( 'NONE', *, *, #2792, .F. ) ;
#2282 = VECTOR ( 'NONE', #4939, 1000.000000000000000 ) ;
#2283 = DIRECTION ( 'NONE',  ( -0.0000000000000000000, -1.000000000000000000, -0.0000000000000000000 ) ) ;
#2284 = DIRECTION ( 'NONE',  ( 0.0000000000000000000, 1.000000000000000000, 0.0000000000000000000 ) ) ;
#2285 = FACE_OUTER_BOUND ( 'NONE', #3824, .T. ) ;
#2286 = DIRECTION ( 'NONE',  ( 1.000000000000000000, 0.0000000000000000000, 0.0000000000000000000 ) ) ;
#2287 = PRODUCT_CONTEXT ( 'NONE', #2368, 'mechanical' ) ;
#2288 = VERTEX_POINT ( 'NONE', #1873 ) ;
#2289 = FILL_AREA_STYLE ('',( #2393 ) ) ;
#2290 = EDGE_CURVE ( 'NONE', #3590, #1651, #4885, .T. ) ;
#2291 = VERTEX_POINT ( 'NONE', #3186 ) ;
#2292 = EDGE_CURVE ( 'NONE', #1738, #1941, #4822, .T. ) ;
#2293 = FILL_AREA_STYLE ('',( #2246 ) ) ;
#2294 = FACE_OUTER_BOUND ( 'NONE', #1915, .T. ) ;
#2295 = ORIENTED_EDGE ( 'NONE', *, *, #2876, .T. ) ;
#2296 = FILL_AREA_STYLE ('',( #2243 ) ) ;
#2297 = MECHANICAL_DESIGN_GEOMETRIC_PRESENTATION_REPRESENTATION (  '', ( #2069 ), #2903 ) ;
#2298 = SURFACE_SIDE_STYLE ('',( #4993 ) ) ;
#2299 = PRESENTATION_STYLE_ASSIGNMENT (( #2930 ) ) ;
#2300 = EDGE_CURVE ( 'NONE', #1243, #1738, #4980, .T. ) ;
#2301 = COLOUR_RGB ( '',0.6588235294117647000, 0.6196078431372549200, 0.5607843137254902000 ) ;
#2302 = FILL_AREA_STYLE_COLOUR ( '', #3481 ) ;
#2303 = APPLICATION_PROTOCOL_DEFINITION ( 'draft international standard', 'automotive_design', 1998, #2368 ) ;
#2304 = EDGE_CURVE ( 'NONE', #2939, #4615, #2787, .T. ) ;
#2305 = APPLICATION_CONTEXT ( 'automotive_design' ) ;
#2306 = VERTEX_POINT ( 'NONE', #945 ) ;
#2307 = DIRECTION ( 'NONE',  ( -0.0000000000000000000, 0.0000000000000000000, -1.000000000000000000 ) ) ;
#2308 = SURFACE_STYLE_USAGE ( .BOTH. , #2298 ) ;
#2309 = SURFACE_STYLE_FILL_AREA ( #2936 ) ;
#2310 = DIRECTION ( 'NONE',  ( 1.000000000000000000, -0.0000000000000000000, 0.0000000000000000000 ) ) ;
#2311 = PRODUCT_CONTEXT ( 'NONE', #2377, 'mechanical' ) ;
#2312 = MECHANICAL_DESIGN_GEOMETRIC_PRESENTATION_REPRESENTATION (  '', ( #3054 ), #4819 ) ;
#2313 = STYLED_ITEM ( 'NONE', ( #4378 ), #63 ) ;
#2314 = DIRECTION ( 'NONE',  ( 1.000000000000000000, 0.0000000000000000000, -0.0000000000000000000 ) ) ;
#2315 = ADVANCED_FACE ( 'NONE', ( #4129 ), #3862, .T. ) ;
#2316 =( LENGTH_UNIT ( ) NAMED_UNIT ( * ) SI_UNIT ( .MILLI., .METRE. ) );
#2317 = APPLICATION_PROTOCOL_DEFINITION ( 'draft international standard', 'automotive_design', 1998, #2377 ) ;
#2318 = VECTOR ( 'NONE', #4676, 1000.000000000000000 ) ;
#2319 = EDGE_CURVE ( 'NONE', #1651, #1243, #266, .T. ) ;
#2320 = ADVANCED_FACE ( 'NONE', ( #2642 ), #738, .F. ) ;
#2321 = CARTESIAN_POINT ( 'NONE',  ( -3.624999999999976500, 0.5000000000000455200, -2.200000000000035300 ) ) ;
#2322 = ORIENTED_EDGE ( 'NONE', *, *, #2888, .T. ) ;
#2323 = ORIENTED_EDGE ( 'NONE', *, *, #2569, .T. ) ;
#2324 = CARTESIAN_POINT ( 'NONE',  ( 3.875000000000030200, -17.26293531905800200, 2.049999999999996300 ) ) ;
#2325 = FACE_OUTER_BOUND ( 'NONE', #585, .T. ) ;
#2326 = VERTEX_POINT ( 'NONE', #3288 ) ;
#2327 = VECTOR ( 'NONE', #385, 1000.000000000000000 ) ;
#2328 =( NAMED_UNIT ( * ) PLANE_ANGLE_UNIT ( ) SI_UNIT ( $, .RADIAN. ) );
#2329 = EDGE_CURVE ( 'NONE', #1408, #4188, #4402, .T. ) ;
#2330 =( NAMED_UNIT ( * ) SI_UNIT ( $, .STERADIAN. ) SOLID_ANGLE_UNIT ( ) );
#2331 = ORIENTED_EDGE ( 'NONE', *, *, #3951, .T. ) ;
#2332 = STYLED_ITEM ( 'NONE', ( #4219 ), #227 ) ;
#2333 = APPLICATION_PROTOCOL_DEFINITION ( 'draft international standard', 'automotive_design', 1998, #2339 ) ;
#2334 = AXIS2_PLACEMENT_3D ( 'NONE', #219, #228, #229 ) ;
#2335 =( NAMED_UNIT ( * ) SI_UNIT ( $, .STERADIAN. ) SOLID_ANGLE_UNIT ( ) );
#2336 = EDGE_LOOP ( 'NONE', ( #2127, #1271, #2957, #2786 ) ) ;
#2337 = LINE ( 'NONE', #4954, #2693 ) ;
#2338 = SURFACE_SIDE_STYLE ('',( #2404 ) ) ;
#2339 = APPLICATION_CONTEXT ( 'automotive_design' ) ;
#2340 = EDGE_CURVE ( 'NONE', #1243, #1408, #2126, .T. ) ;
#2341 = AXIS2_PLACEMENT_3D ( 'NONE', #664, #4625, #1343 ) ;
#2342 = ORIENTED_EDGE ( 'NONE', *, *, #238, .F. ) ;
#2343 = EDGE_CURVE ( 'NONE', #4615, #4565, #2386, .T. ) ;
#2344 =( NAMED_UNIT ( * ) PLANE_ANGLE_UNIT ( ) SI_UNIT ( $, .RADIAN. ) );
#2345 = EDGE_LOOP ( 'NONE', ( #1971, #251, #1715, #4716, #3737, #48, #3834, #3818 ) ) ;
#2346 = VECTOR ( 'NONE', #652, 1000.000000000000000 ) ;
#2347 = SURFACE_STYLE_USAGE ( .BOTH. , #2338 ) ;
#2348 =( LENGTH_UNIT ( ) NAMED_UNIT ( * ) SI_UNIT ( .MILLI., .METRE. ) );
#2349 = PRODUCT_CONTEXT ( 'NONE', #2356, 'mechanical' ) ;
#2350 = APPLICATION_PROTOCOL_DEFINITION ( 'draft international standard', 'automotive_design', 1998, #2356 ) ;
#2351 = CARTESIAN_POINT ( 'NONE',  ( 4.025000000000051900, 0.6500000000000594200, -2.050000000000048200 ) ) ;
#2352 = VECTOR ( 'NONE', #3311, 1000.000000000000000 ) ;
#2353 = PRESENTATION_LAYER_ASSIGNMENT (  '', '', ( #2332 ) ) ;
#2354 =( NAMED_UNIT ( * ) PLANE_ANGLE_UNIT ( ) SI_UNIT ( $, .RADIAN. ) );
#2355 =( NAMED_UNIT ( * ) SI_UNIT ( $, .STERADIAN. ) SOLID_ANGLE_UNIT ( ) );
#2356 = APPLICATION_CONTEXT ( 'automotive_design' ) ;
#2357 = ORIENTED_EDGE ( 'NONE', *, *, #1706, .F. ) ;
#2358 = EDGE_CURVE ( 'NONE', #4411, #4847, #3306, .T. ) ;
#2359 = PRESENTATION_STYLE_ASSIGNMENT (( #8 ) ) ;
#2360 = EDGE_CURVE ( 'NONE', #4188, #1738, #1016, .T. ) ;
#2361 = COLOUR_RGB ( '',0.6588235294117647000, 0.6196078431372549200, 0.5607843137254902000 ) ;
#2362 = MECHANICAL_DESIGN_GEOMETRIC_PRESENTATION_REPRESENTATION (  '', ( #4414 ), #3451 ) ;
#2363 = ORIENTED_EDGE ( 'NONE', *, *, #2906, .T. ) ;
#2364 =( LENGTH_UNIT ( ) NAMED_UNIT ( * ) SI_UNIT ( .MILLI., .METRE. ) );
#2365 = ORIENTED_EDGE ( 'NONE', *, *, #3814, .F. ) ;
#2366 =( NAMED_UNIT ( * ) PLANE_ANGLE_UNIT ( ) SI_UNIT ( $, .RADIAN. ) );
#2367 = LINE ( 'NONE', #3970, #1636 ) ;
#2368 = APPLICATION_CONTEXT ( 'automotive_design' ) ;
#2369 = EDGE_CURVE ( 'NONE', #1408, #2919, #3300, .T. ) ;
#2370 = SURFACE_STYLE_USAGE ( .BOTH. , #2372 ) ;
#2371 = EDGE_CURVE ( 'NONE', #3802, #1235, #336, .T. ) ;
#2372 = SURFACE_SIDE_STYLE ('',( #3740 ) ) ;
#2373 = CYLINDRICAL_SURFACE ( 'NONE', #2026, 0.009999999999999592500 ) ;
#2374 = ORIENTED_EDGE ( 'NONE', *, *, #3056, .F. ) ;
#2375 = ORIENTED_EDGE ( 'NONE', *, *, #2751, .F. ) ;
#2376 = CIRCLE ( 'NONE', #425, 0.1599999999999999800 ) ;
#2377 = APPLICATION_CONTEXT ( 'automotive_design' ) ;
#2378 = FILL_AREA_STYLE ('',( #2615 ) ) ;
#2379 =( GEOMETRIC_REPRESENTATION_CONTEXT ( 3 ) GLOBAL_UNCERTAINTY_ASSIGNED_CONTEXT ( ( #596 ) ) GLOBAL_UNIT_ASSIGNED_CONTEXT ( ( #2624, #2632, #2641 ) ) REPRESENTATION_CONTEXT ( 'NONE', 'WORKASPACE' ) );
#2380 = EDGE_CURVE ( 'NONE', #3380, #4188, #4999, .T. ) ;
#2381 = CARTESIAN_POINT ( 'NONE',  ( 0.0000000000000000000, 1.050000000000000000, 0.0000000000000000000 ) ) ;
#2382 = DIRECTION ( 'NONE',  ( 1.000000000000000000, 0.0000000000000000000, 0.0000000000000000000 ) ) ;
#2383 = FACE_OUTER_BOUND ( 'NONE', #1749, .T. ) ;
#2384 = ORIENTED_EDGE ( 'NONE', *, *, #2189, .F. ) ;
#2385 = CARTESIAN_POINT ( 'NONE',  ( 4.025000000000051900, -17.26293531905800200, -0.8250000000000201600 ) ) ;
#2386 = LINE ( 'NONE', #4339, #3232 ) ;
#2387 = EDGE_LOOP ( 'NONE', ( #2441, #1879, #1850, #4332 ) ) ;
#2388 = DIRECTION ( 'NONE',  ( 0.0000000000000000000, 0.0000000000000000000, -1.000000000000000000 ) ) ;
#2389 = EDGE_CURVE ( 'NONE', #3380, #2919, #900, .T. ) ;
#2390 = DIRECTION ( 'NONE',  ( -0.0000000000000000000, 1.000000000000000000, 0.0000000000000000000 ) ) ;
#2391 = DIRECTION ( 'NONE',  ( 0.0000000000000000000, 0.0000000000000000000, 1.000000000000000000 ) ) ;
#2392 = SURFACE_STYLE_FILL_AREA ( #1914 ) ;
#2393 = FILL_AREA_STYLE_COLOUR ( '', #1888 ) ;
#2394 = CIRCLE ( 'NONE', #562, 0.01000000000000002600 ) ;
#2395 = EDGE_LOOP ( 'NONE', ( #3292, #2094, #287, #977 ) ) ;
#2396 = FILL_AREA_STYLE ('',( #2840 ) ) ;
#2397 =( NAMED_UNIT ( * ) SI_UNIT ( $, .STERADIAN. ) SOLID_ANGLE_UNIT ( ) );
#2398 = EDGE_CURVE ( 'NONE', #3733, #3380, #1902, .T. ) ;
#2399 = LINE ( 'NONE', #4418, #1801 ) ;
#2400 = UNCERTAINTY_MEASURE_WITH_UNIT (LENGTH_MEASURE( 1.000000000000000100E-005 ), #2488, 'distance_accuracy_value', 'NONE');
#2401 = EDGE_CURVE ( 'NONE', #3733, #4351, #3944, .T. ) ;
#2402 = DIRECTION ( 'NONE',  ( 0.0000000000000000000, 0.0000000000000000000, 1.000000000000000000 ) ) ;
#2403 = EDGE_LOOP ( 'NONE', ( #3574, #3761, #2331, #1793 ) ) ;
#2404 = SURFACE_STYLE_FILL_AREA ( #2192 ) ;
#2405 = CARTESIAN_POINT ( 'NONE',  ( 1.453832949806782300, 0.6500000000000691900, 0.8250000000000238300 ) ) ;
#2406 =( NAMED_UNIT ( * ) PLANE_ANGLE_UNIT ( ) SI_UNIT ( $, .RADIAN. ) );
#2407 = LINE ( 'NONE', #1324, #2445 ) ;
#2408 = ORIENTED_EDGE ( 'NONE', *, *, #4245, .T. ) ;
#2409 = EDGE_CURVE ( 'NONE', #803, #3630, #706, .T. ) ;
#2410 = EDGE_CURVE ( 'NONE', #2919, #4351, #4331, .T. ) ;
#2411 = DIRECTION ( 'NONE',  ( 0.0000000000000000000, 0.0000000000000000000, 1.000000000000000000 ) ) ;
#2412 = EDGE_CURVE ( 'NONE', #4847, #3733, #2724, .T. ) ;
#2413 = DIRECTION ( 'NONE',  ( -1.444158548509273500E-016, 0.0000000000000000000, -1.000000000000000000 ) ) ;
#2414 = DIRECTION ( 'NONE',  ( -1.000000000000000000, 0.0000000000000000000, 0.0000000000000000000 ) ) ;
#2415 = CARTESIAN_POINT ( 'NONE',  ( -3.624999999999976500, 1.050000000000000000, 1.425000000000009600 ) ) ;
#2416 = SURFACE_SIDE_STYLE ('',( #629 ) ) ;
#2417 = DIRECTION ( 'NONE',  ( 0.0000000000000000000, -0.0000000000000000000, 1.000000000000000000 ) ) ;
#2418 = PRESENTATION_STYLE_ASSIGNMENT (( #2134 ) ) ;
#2419 =( GEOMETRIC_REPRESENTATION_CONTEXT ( 3 ) GLOBAL_UNCERTAINTY_ASSIGNED_CONTEXT ( ( #1170 ) ) GLOBAL_UNIT_ASSIGNED_CONTEXT ( ( #2156, #2159, #2169 ) ) REPRESENTATION_CONTEXT ( 'NONE', 'WORKASPACE' ) );
#2420 = DIRECTION ( 'NONE',  ( 1.000000000000000000, 0.0000000000000000000, -1.444158548509273500E-016 ) ) ;
#2421 = CARTESIAN_POINT ( 'NONE',  ( 3.909999999999981000, 0.1000000000000000500, 0.3650000000000537800 ) ) ;
#2422 = SURFACE_SIDE_STYLE ('',( #322 ) ) ;
#2423 = SURFACE_STYLE_FILL_AREA ( #3492 ) ;
#2424 = SURFACE_STYLE_USAGE ( .BOTH. , #2416 ) ;
#2425 = DIRECTION ( 'NONE',  ( 1.000000000000000000, 0.0000000000000000000, 0.0000000000000000000 ) ) ;
#2426 = LINE ( 'NONE', #4039, #3622 ) ;
#2427 = EDGE_CURVE ( 'NONE', #4351, #4747, #4824, .T. ) ;
#2428 = EDGE_CURVE ( 'NONE', #2240, #3752, #5008, .T. ) ;
#2429 =( NAMED_UNIT ( * ) SI_UNIT ( $, .STERADIAN. ) SOLID_ANGLE_UNIT ( ) );
#2430 = ORIENTED_EDGE ( 'NONE', *, *, #2907, .T. ) ;
#2431 = VECTOR ( 'NONE', #2696, 1000.000000000000000 ) ;
#2432 = DIRECTION ( 'NONE',  ( 1.000000000000000000, 0.0000000000000000000, 0.0000000000000000000 ) ) ;
#2433 = DIRECTION ( 'NONE',  ( 0.0000000000000000000, 0.0000000000000000000, 1.000000000000000000 ) ) ;
#2434 =( NAMED_UNIT ( * ) PLANE_ANGLE_UNIT ( ) SI_UNIT ( $, .RADIAN. ) );
#2435 =( GEOMETRIC_REPRESENTATION_CONTEXT ( 3 ) GLOBAL_UNCERTAINTY_ASSIGNED_CONTEXT ( ( #123 ) ) GLOBAL_UNIT_ASSIGNED_CONTEXT ( ( #2348, #2354, #2355 ) ) REPRESENTATION_CONTEXT ( 'NONE', 'WORKASPACE' ) );
#2436 = FILL_AREA_STYLE_COLOUR ( '', #3457 ) ;
#2437 = MECHANICAL_DESIGN_GEOMETRIC_PRESENTATION_REPRESENTATION (  '', ( #2456 ), #2435 ) ;
#2438 = SURFACE_STYLE_USAGE ( .BOTH. , #4572 ) ;
#2439 = CARTESIAN_POINT ( 'NONE',  ( 0.0000000000000000000, 0.0000000000000000000, 0.0000000000000000000 ) ) ;
#2440 =( LENGTH_UNIT ( ) NAMED_UNIT ( * ) SI_UNIT ( .MILLI., .METRE. ) );
#2441 = ORIENTED_EDGE ( 'NONE', *, *, #2907, .F. ) ;
#2442 =( GEOMETRIC_REPRESENTATION_CONTEXT ( 3 ) GLOBAL_UNCERTAINTY_ASSIGNED_CONTEXT ( ( #634 ) ) GLOBAL_UNIT_ASSIGNED_CONTEXT ( ( #2216, #2222, #3798 ) ) REPRESENTATION_CONTEXT ( 'NONE', 'WORKASPACE' ) );
#2443 = PRESENTATION_LAYER_ASSIGNMENT (  '', '', ( #2456 ) ) ;
#2444 = COLOUR_RGB ( '',0.6588235294117647000, 0.6196078431372549200, 0.5607843137254902000 ) ;
#2445 = VECTOR ( 'NONE', #4949, 1000.000000000000000 ) ;
#2446 = SURFACE_STYLE_USAGE ( .BOTH. , #2449 ) ;
#2447 = ORIENTED_EDGE ( 'NONE', *, *, #1698, .F. ) ;
#2448 = LINE ( 'NONE', #4047, #1722 ) ;
#2449 = SURFACE_SIDE_STYLE ('',( #4587 ) ) ;
#2450 = FACE_OUTER_BOUND ( 'NONE', #2864, .T. ) ;
#2451 =( NAMED_UNIT ( * ) SI_UNIT ( $, .STERADIAN. ) SOLID_ANGLE_UNIT ( ) );
#2452 =( LENGTH_UNIT ( ) NAMED_UNIT ( * ) SI_UNIT ( .MILLI., .METRE. ) );
#2453 = AXIS2_PLACEMENT_3D ( 'NONE', #1966, #1973, #1981 ) ;
#2454 = FILL_AREA_STYLE ('',( #2511 ) ) ;
#2455 = ORIENTED_EDGE ( 'NONE', *, *, #443, .T. ) ;
#2456 = STYLED_ITEM ( 'NONE', ( #3954 ), #472 ) ;
#2457 = PLANE ( 'NONE',  #893 ) ;
#2458 = FACE_OUTER_BOUND ( 'NONE', #2505, .T. ) ;
#2459 = SURFACE_STYLE_USAGE ( .BOTH. , #2461 ) ;
#2460 = ORIENTED_EDGE ( 'NONE', *, *, #879, .F. ) ;
#2461 = SURFACE_SIDE_STYLE ('',( #698 ) ) ;
#2462 = EDGE_CURVE ( 'NONE', #3450, #264, #4118, .T. ) ;
#2463 = VERTEX_POINT ( 'NONE', #4023 ) ;
#2464 =( GEOMETRIC_REPRESENTATION_CONTEXT ( 3 ) GLOBAL_UNCERTAINTY_ASSIGNED_CONTEXT ( ( #97 ) ) GLOBAL_UNIT_ASSIGNED_CONTEXT ( ( #1925, #1933, #1942 ) ) REPRESENTATION_CONTEXT ( 'NONE', 'WORKASPACE' ) );
#2465 = LINE ( 'NONE', #1242, #3703 ) ;
#2466 = FILL_AREA_STYLE ('',( #2473 ) ) ;
#2467 = ORIENTED_EDGE ( 'NONE', *, *, #2854, .T. ) ;
#2468 = PLANE ( 'NONE',  #876 ) ;
#2469 = LINE ( 'NONE', #326, #2208 ) ;
#2470 = VECTOR ( 'NONE', #954, 1000.000000000000000 ) ;
#2471 = ORIENTED_EDGE ( 'NONE', *, *, #3177, .F. ) ;
#2472 = CARTESIAN_POINT ( 'NONE',  ( -3.464999999999976300, 1.050000000000000000, 1.425000000000009600 ) ) ;
#2473 = FILL_AREA_STYLE_COLOUR ( '', #886 ) ;
#2474 = PRESENTATION_LAYER_ASSIGNMENT (  '', '', ( #4697 ) ) ;
#2475 =( NAMED_UNIT ( * ) SI_UNIT ( $, .STERADIAN. ) SOLID_ANGLE_UNIT ( ) );
#2476 = FACE_OUTER_BOUND ( 'NONE', #3807, .T. ) ;
#2477 =( NAMED_UNIT ( * ) PLANE_ANGLE_UNIT ( ) SI_UNIT ( $, .RADIAN. ) );
#2478 = VECTOR ( 'NONE', #1380, 1000.000000000000000 ) ;
#2479 =( LENGTH_UNIT ( ) NAMED_UNIT ( * ) SI_UNIT ( .MILLI., .METRE. ) );
#2480 = ORIENTED_EDGE ( 'NONE', *, *, #722, .F. ) ;
#2481 = PLANE ( 'NONE',  #3427 ) ;
#2482 = ORIENTED_EDGE ( 'NONE', *, *, #3129, .F. ) ;
#2483 =( NAMED_UNIT ( * ) PLANE_ANGLE_UNIT ( ) SI_UNIT ( $, .RADIAN. ) );
#2484 = EDGE_CURVE ( 'NONE', #2900, #853, #4766, .T. ) ;
#2485 = ORIENTED_EDGE ( 'NONE', *, *, #2340, .T. ) ;
#2486 = MECHANICAL_DESIGN_GEOMETRIC_PRESENTATION_REPRESENTATION (  '', ( #2500 ), #2464 ) ;
#2487 = AXIS2_PLACEMENT_3D ( 'NONE', #2003, #1388, #56 ) ;
#2488 =( LENGTH_UNIT ( ) NAMED_UNIT ( * ) SI_UNIT ( .MILLI., .METRE. ) );
#2489 = PLANE ( 'NONE',  #2226 ) ;
#2490 = EDGE_CURVE ( 'NONE', #3066, #3752, #785, .T. ) ;
#2491 = DIRECTION ( 'NONE',  ( -1.000000000000000000, 0.0000000000000000000, -0.0000000000000000000 ) ) ;
#2492 = LINE ( 'NONE', #3068, #4965 ) ;
#2493 = FILL_AREA_STYLE ('',( #2436 ) ) ;
#2494 =( NAMED_UNIT ( * ) SI_UNIT ( $, .STERADIAN. ) SOLID_ANGLE_UNIT ( ) );
#2495 =( NAMED_UNIT ( * ) PLANE_ANGLE_UNIT ( ) SI_UNIT ( $, .RADIAN. ) );
#2496 = SURFACE_STYLE_USAGE ( .BOTH. , #2498 ) ;
#2497 = ORIENTED_EDGE ( 'NONE', *, *, #2549, .T. ) ;
#2498 = SURFACE_SIDE_STYLE ('',( #4607 ) ) ;
#2499 = PRESENTATION_LAYER_ASSIGNMENT (  '', '', ( #2500 ) ) ;
#2500 = STYLED_ITEM ( 'NONE', ( #4805 ), #463 ) ;
#2501 = SURFACE_STYLE_FILL_AREA ( #3971 ) ;
#2502 =( LENGTH_UNIT ( ) NAMED_UNIT ( * ) SI_UNIT ( .MILLI., .METRE. ) );
#2503 = AXIS2_PLACEMENT_3D ( 'NONE', #1784, #1788, #1795 ) ;
#2504 = FILL_AREA_STYLE ('',( #2510 ) ) ;
#2505 = EDGE_LOOP ( 'NONE', ( #3349, #2113, #2102, #2700, #2674, #2513, #2497, #1019 ) ) ;
#2506 = PRESENTATION_STYLE_ASSIGNMENT (( #3582 ) ) ;
#2507 = AXIS2_PLACEMENT_3D ( 'NONE', #1846, #1848, #1860 ) ;
#2508 = EDGE_LOOP ( 'NONE', ( #3874, #1106, #2247, #4693, #1125, #3520, #808, #3815 ) ) ;
#2509 = AXIS2_PLACEMENT_3D ( 'NONE', #403, #3729, #372 ) ;
#2510 = FILL_AREA_STYLE_COLOUR ( '', #4532 ) ;
#2511 = FILL_AREA_STYLE_COLOUR ( '', #4519 ) ;
#2512 = UNCERTAINTY_MEASURE_WITH_UNIT (LENGTH_MEASURE( 1.000000000000000100E-005 ), #2364, 'distance_accuracy_value', 'NONE');
#2513 = ORIENTED_EDGE ( 'NONE', *, *, #2577, .T. ) ;
#2514 = VECTOR ( 'NONE', #960, 1000.000000000000000 ) ;
#2515 = SURFACE_SIDE_STYLE ('',( #1013 ) ) ;
#2516 = SURFACE_STYLE_USAGE ( .BOTH. , #2524 ) ;
#2517 = VERTEX_POINT ( 'NONE', #142 ) ;
#2518 = DIRECTION ( 'NONE',  ( -1.000000000000000000, 0.0000000000000000000, 0.0000000000000000000 ) ) ;
#2519 = PRESENTATION_LAYER_ASSIGNMENT (  '', '', ( #4712 ) ) ;
#2520 = SURFACE_STYLE_USAGE ( .BOTH. , #2515 ) ;
#2521 = VECTOR ( 'NONE', #3779, 1000.000000000000000 ) ;
#2522 =( LENGTH_UNIT ( ) NAMED_UNIT ( * ) SI_UNIT ( .MILLI., .METRE. ) );
#2523 = ORIENTED_EDGE ( 'NONE', *, *, #1903, .T. ) ;
#2524 = SURFACE_SIDE_STYLE ('',( #4021 ) ) ;
#2525 = CARTESIAN_POINT ( 'NONE',  ( 4.015000000000052100, 1.200000000000000000, -2.050000000000048200 ) ) ;
#2526 = EDGE_CURVE ( 'NONE', #2240, #1223, #4754, .T. ) ;
#2527 =( NAMED_UNIT ( * ) PLANE_ANGLE_UNIT ( ) SI_UNIT ( $, .RADIAN. ) );
#2528 = FILL_AREA_STYLE ('',( #2571 ) ) ;
#2529 = EDGE_CURVE ( 'NONE', #3594, #4940, #2337, .T. ) ;
#2530 = VECTOR ( 'NONE', #1647, 1000.000000000000000 ) ;
#2531 = PLANE ( 'NONE',  #367 ) ;
#2532 = DIRECTION ( 'NONE',  ( 1.000000000000000000, 0.0000000000000000000, 0.0000000000000000000 ) ) ;
#2533 = DIRECTION ( 'NONE',  ( 0.0000000000000000000, 0.0000000000000000000, 1.000000000000000000 ) ) ;
#2534 = ORIENTED_EDGE ( 'NONE', *, *, #2953, .T. ) ;
#2535 =( GEOMETRIC_REPRESENTATION_CONTEXT ( 3 ) GLOBAL_UNCERTAINTY_ASSIGNED_CONTEXT ( ( #66 ) ) GLOBAL_UNIT_ASSIGNED_CONTEXT ( ( #1761, #1762, #1767 ) ) REPRESENTATION_CONTEXT ( 'NONE', 'WORKASPACE' ) );
#2536 = CARTESIAN_POINT ( 'NONE',  ( -2.624999999999975600, 0.6500000000000048000, 2.350000000000018700 ) ) ;
#2537 =( NAMED_UNIT ( * ) SI_UNIT ( $, .STERADIAN. ) SOLID_ANGLE_UNIT ( ) );
#2538 = LINE ( 'NONE', #3334, #2171 ) ;
#2539 =( NAMED_UNIT ( * ) SI_UNIT ( $, .STERADIAN. ) SOLID_ANGLE_UNIT ( ) );
#2540 = ORIENTED_EDGE ( 'NONE', *, *, #308, .F. ) ;
#2541 = MECHANICAL_DESIGN_GEOMETRIC_PRESENTATION_REPRESENTATION (  '', ( #4830 ), #2535 ) ;
#2542 = EDGE_CURVE ( 'NONE', #4772, #3088, #4738, .T. ) ;
#2543 = SURFACE_STYLE_FILL_AREA ( #1147 ) ;
#2544 = DIRECTION ( 'NONE',  ( -1.000000000000000000, -5.004336367495797800E-030, -7.888609052209893800E-031 ) ) ;
#2545 = CARTESIAN_POINT ( 'NONE',  ( 0.0000000000000000000, 0.0000000000000000000, 0.0000000000000000000 ) ) ;
#2546 = ORIENTED_EDGE ( 'NONE', *, *, #2835, .F. ) ;
#2547 =( NAMED_UNIT ( * ) PLANE_ANGLE_UNIT ( ) SI_UNIT ( $, .RADIAN. ) );
#2548 = COLOUR_RGB ( '',0.6588235294117647000, 0.6196078431372549200, 0.5607843137254902000 ) ;
#2549 = EDGE_CURVE ( 'NONE', #4180, #2240, #2692, .T. ) ;
#2550 = CARTESIAN_POINT ( 'NONE',  ( 3.075000000000007300, -17.26293531905800200, 0.4250000000000087000 ) ) ;
#2551 = PRESENTATION_LAYER_ASSIGNMENT (  '', '', ( #4830 ) ) ;
#2552 = ORIENTED_EDGE ( 'NONE', *, *, #2901, .T. ) ;
#2553 =( LENGTH_UNIT ( ) NAMED_UNIT ( * ) SI_UNIT ( .MILLI., .METRE. ) );
#2554 = ORIENTED_EDGE ( 'NONE', *, *, #1854, .F. ) ;
#2555 = SURFACE_STYLE_USAGE ( .BOTH. , #2567 ) ;
#2556 = DIRECTION ( 'NONE',  ( 0.0000000000000000000, -0.0000000000000000000, 1.000000000000000000 ) ) ;
#2557 = SURFACE_STYLE_FILL_AREA ( #4770 ) ;
#2558 =( NAMED_UNIT ( * ) SI_UNIT ( $, .STERADIAN. ) SOLID_ANGLE_UNIT ( ) );
#2559 = ORIENTED_EDGE ( 'NONE', *, *, #1457, .T. ) ;
#2560 = AXIS2_PLACEMENT_3D ( 'NONE', #1699, #1703, #1712 ) ;
#2561 =( LENGTH_UNIT ( ) NAMED_UNIT ( * ) SI_UNIT ( .MILLI., .METRE. ) );
#2562 = EDGE_CURVE ( 'NONE', #3870, #4180, #3319, .T. ) ;
#2563 = CARTESIAN_POINT ( 'NONE',  ( 0.0000000000000000000, 0.6500000000000048000, 2.200000000000018800 ) ) ;
#2564 = DIRECTION ( 'NONE',  ( 1.000000000000000000, 0.0000000000000000000, -0.0000000000000000000 ) ) ;
#2565 = FILL_AREA_STYLE_COLOUR ( '', #4977 ) ;
#2566 = VERTEX_POINT ( 'NONE', #2178 ) ;
#2567 = SURFACE_SIDE_STYLE ('',( #4170 ) ) ;
#2568 = ORIENTED_EDGE ( 'NONE', *, *, #180, .T. ) ;
#2569 = EDGE_CURVE ( 'NONE', #3752, #3870, #4538, .T. ) ;
#2570 = LINE ( 'NONE', #3709, #5006 ) ;
#2571 = FILL_AREA_STYLE_COLOUR ( '', #2646 ) ;
#2572 =( LENGTH_UNIT ( ) NAMED_UNIT ( * ) SI_UNIT ( .MILLI., .METRE. ) );
#2573 = FILL_AREA_STYLE ('',( #2587 ) ) ;
#2574 = DIRECTION ( 'NONE',  ( 0.0000000000000000000, 0.0000000000000000000, -1.000000000000000000 ) ) ;
#2575 = EDGE_CURVE ( 'NONE', #3658, #1654, #376, .T. ) ;
#2576 = FILL_AREA_STYLE_COLOUR ( '', #3114 ) ;
#2577 = EDGE_CURVE ( 'NONE', #4947, #4180, #2105, .T. ) ;
#2578 = CARTESIAN_POINT ( 'NONE',  ( 0.0000000000000000000, 0.0000000000000000000, 0.0000000000000000000 ) ) ;
#2579 = EDGE_CURVE ( 'NONE', #1967, #4947, #2872, .T. ) ;
#2580 = ORIENTED_EDGE ( 'NONE', *, *, #2804, .F. ) ;
#2581 = CARTESIAN_POINT ( 'NONE',  ( 0.0000000000000000000, 1.050000000000000000, 2.049999999999996300 ) ) ;
#2582 = PLANE ( 'NONE',  #2204 ) ;
#2583 = EDGE_CURVE ( 'NONE', #3870, #1967, #1001, .T. ) ;
#2584 = SURFACE_STYLE_FILL_AREA ( #4174 ) ;
#2585 = AXIS2_PLACEMENT_3D ( 'NONE', #1491, #1465, #1433 ) ;
#2586 = EDGE_CURVE ( 'NONE', #3726, #3846, #1994, .T. ) ;
#2587 = FILL_AREA_STYLE_COLOUR ( '', #4280 ) ;
#2588 = ORIENTED_EDGE ( 'NONE', *, *, #2319, .T. ) ;
#2589 = VECTOR ( 'NONE', #805, 1000.000000000000000 ) ;
#2590 = DIRECTION ( 'NONE',  ( -0.0000000000000000000, -0.0000000000000000000, 1.000000000000000000 ) ) ;
#2591 = MECHANICAL_DESIGN_GEOMETRIC_PRESENTATION_REPRESENTATION (  '', ( #1776 ), #2985 ) ;
#2592 = VECTOR ( 'NONE', #1533, 1000.000000000000000 ) ;
#2593 = ORIENTED_EDGE ( 'NONE', *, *, #2901, .F. ) ;
#2594 = DIRECTION ( 'NONE',  ( 0.0000000000000000000, 1.000000000000000000, 0.0000000000000000000 ) ) ;
#2595 = ORIENTED_EDGE ( 'NONE', *, *, #4224, .F. ) ;
#2596 = CARTESIAN_POINT ( 'NONE',  ( -4.174999999999979400, 0.5000000000000473000, -2.200000000000025500 ) ) ;
#2597 = DIRECTION ( 'NONE',  ( -2.238352872228065900E-015, -0.0000000000000000000, -1.000000000000000000 ) ) ;
#2598 = VECTOR ( 'NONE', #1047, 1000.000000000000000 ) ;
#2599 = SURFACE_STYLE_FILL_AREA ( #4246 ) ;
#2600 = ORIENTED_EDGE ( 'NONE', *, *, #3123, .T. ) ;
#2601 =( NAMED_UNIT ( * ) PLANE_ANGLE_UNIT ( ) SI_UNIT ( $, .RADIAN. ) );
#2602 = EDGE_CURVE ( 'NONE', #3241, #1612, #3707, .T. ) ;
#2603 = CARTESIAN_POINT ( 'NONE',  ( -3.464999999999976300, 1.039999999999999600, 9.963716637546925300 ) ) ;
#2604 = FILL_AREA_STYLE ('',( #2576 ) ) ;
#2605 = CARTESIAN_POINT ( 'NONE',  ( -3.464999999999976300, 1.050000000000000000, -2.200000000000035300 ) ) ;
#2606 = ORIENTED_EDGE ( 'NONE', *, *, #2262, .F. ) ;
#2607 = VECTOR ( 'NONE', #4382, 1000.000000000000000 ) ;
#2608 = EDGE_CURVE ( 'NONE', #1967, #3726, #2570, .T. ) ;
#2609 = EDGE_CURVE ( 'NONE', #1659, #1923, #1076, .T. ) ;
#2610 = STYLED_ITEM ( 'NONE', ( #769 ), #523 ) ;
#2611 = SURFACE_SIDE_STYLE ('',( #2626 ) ) ;
#2612 = SURFACE_STYLE_USAGE ( .BOTH. , #2611 ) ;
#2613 = ORIENTED_EDGE ( 'NONE', *, *, #441, .T. ) ;
#2614 = UNCERTAINTY_MEASURE_WITH_UNIT (LENGTH_MEASURE( 1.000000000000000100E-005 ), #1772, 'distance_accuracy_value', 'NONE');
#2615 = FILL_AREA_STYLE_COLOUR ( '', #2657 ) ;
#2616 = VERTEX_POINT ( 'NONE', #2525 ) ;
#2617 = EDGE_CURVE ( 'NONE', #3846, #4947, #3361, .T. ) ;
#2618 = EDGE_LOOP ( 'NONE', ( #2038, #3191, #226, #4490, #3949, #4480, #3308, #3284 ) ) ;
#2619 = FILL_AREA_STYLE_COLOUR ( '', #641 ) ;
#2620 = EDGE_CURVE ( 'NONE', #1191, #2616, #3431, .T. ) ;
#2621 = DIRECTION ( 'NONE',  ( -1.020425574103982900E-015, -0.0000000000000000000, 1.000000000000000000 ) ) ;
#2622 = DIRECTION ( 'NONE',  ( -1.000000000000000000, 0.0000000000000000000, -0.0000000000000000000 ) ) ;
#2623 = EDGE_LOOP ( 'NONE', ( #4381, #502, #1932, #4913 ) ) ;
#2624 =( LENGTH_UNIT ( ) NAMED_UNIT ( * ) SI_UNIT ( .MILLI., .METRE. ) );
#2625 = DIRECTION ( 'NONE',  ( 0.0000000000000000000, 0.0000000000000000000, -1.000000000000000000 ) ) ;
#2626 = SURFACE_STYLE_FILL_AREA ( #2604 ) ;
#2627 = AXIS2_PLACEMENT_3D ( 'NONE', #679, #851, #1211 ) ;
#2628 = DIRECTION ( 'NONE',  ( 1.000000000000000000, 0.0000000000000000000, 0.0000000000000000000 ) ) ;
#2629 = CARTESIAN_POINT ( 'NONE',  ( 3.875000000000022200, 1.200000000000000000, 0.0000000000000000000 ) ) ;
#2630 = EDGE_CURVE ( 'NONE', #3726, #1191, #1968, .T. ) ;
#2631 = UNCERTAINTY_MEASURE_WITH_UNIT (LENGTH_MEASURE( 1.000000000000000100E-005 ), #3438, 'distance_accuracy_value', 'NONE');
#2632 =( NAMED_UNIT ( * ) PLANE_ANGLE_UNIT ( ) SI_UNIT ( $, .RADIAN. ) );
#2633 = FACE_OUTER_BOUND ( 'NONE', #3107, .T. ) ;
#2634 = CARTESIAN_POINT ( 'NONE',  ( -2.624999999999988500, 1.039999999999999800, -2.189999999999963100 ) ) ;
#2635 = FACE_OUTER_BOUND ( 'NONE', #3273, .T. ) ;
#2636 = ORIENTED_EDGE ( 'NONE', *, *, #2409, .F. ) ;
#2637 = DIRECTION ( 'NONE',  ( 0.0000000000000000000, 0.0000000000000000000, -1.000000000000000000 ) ) ;
#2638 = MECHANICAL_DESIGN_GEOMETRIC_PRESENTATION_REPRESENTATION (  '', ( #3343 ), #2846 ) ;
#2639 = EDGE_CURVE ( 'NONE', #2616, #3846, #506, .T. ) ;
#2640 = LINE ( 'NONE', #2873, #2778 ) ;
#2641 =( NAMED_UNIT ( * ) SI_UNIT ( $, .STERADIAN. ) SOLID_ANGLE_UNIT ( ) );
#2642 = FACE_OUTER_BOUND ( 'NONE', #242, .T. ) ;
#2643 = ORIENTED_EDGE ( 'NONE', *, *, #587, .T. ) ;
#2644 = EDGE_CURVE ( 'NONE', #3256, #1599, #4777, .T. ) ;
#2645 = VERTEX_POINT ( 'NONE', #2075 ) ;
#2646 = COLOUR_RGB ( '',0.7921568627450980000, 0.8196078431372548800, 0.9333333333333333500 ) ;
#2647 = DIRECTION ( 'NONE',  ( 0.0000000000000000000, 0.0000000000000000000, -1.000000000000000000 ) ) ;
#2648 = CARTESIAN_POINT ( 'NONE',  ( 2.409999999999998800, 0.6800000000000000500, -4.609999999999998500 ) ) ;
#2649 = EDGE_CURVE ( 'NONE', #240, #4472, #4912, .T. ) ;
#2650 = CARTESIAN_POINT ( 'NONE',  ( 4.175000000000052200, 0.6500000000000637500, -2.050000000000050400 ) ) ;
#2651 =( NAMED_UNIT ( * ) SI_UNIT ( $, .STERADIAN. ) SOLID_ANGLE_UNIT ( ) );
#2652 = ORIENTED_EDGE ( 'NONE', *, *, #1396, .T. ) ;
#2653 = VECTOR ( 'NONE', #4798, 1000.000000000000000 ) ;
#2654 = ORIENTED_EDGE ( 'NONE', *, *, #2575, .F. ) ;
#2655 =( GEOMETRIC_REPRESENTATION_CONTEXT ( 3 ) GLOBAL_UNCERTAINTY_ASSIGNED_CONTEXT ( ( #676 ) ) GLOBAL_UNIT_ASSIGNED_CONTEXT ( ( #895, #899, #904 ) ) REPRESENTATION_CONTEXT ( 'NONE', 'WORKASPACE' ) );
#2656 = ORIENTED_EDGE ( 'NONE', *, *, #2906, .F. ) ;
#2657 = COLOUR_RGB ( '',0.6588235294117647000, 0.6196078431372549200, 0.5607843137254902000 ) ;
#2658 = EDGE_CURVE ( 'NONE', #2616, #3256, #1337, .T. ) ;
#2659 =( NAMED_UNIT ( * ) PLANE_ANGLE_UNIT ( ) SI_UNIT ( $, .RADIAN. ) );
#2660 = EDGE_LOOP ( 'NONE', ( #2973, #2374, #4564, #981, #2523, #2798, #1584, #3095 ) ) ;
#2661 = LINE ( 'NONE', #4027, #3886 ) ;
#2662 =( LENGTH_UNIT ( ) NAMED_UNIT ( * ) SI_UNIT ( .MILLI., .METRE. ) );
#2663 = ORIENTED_EDGE ( 'NONE', *, *, #4617, .T. ) ;
#2664 = EDGE_CURVE ( 'NONE', #4329, #3567, #301, .T. ) ;
#2665 = VERTEX_POINT ( 'NONE', #637 ) ;
#2666 =( NAMED_UNIT ( * ) SI_UNIT ( $, .STERADIAN. ) SOLID_ANGLE_UNIT ( ) );
#2667 = CARTESIAN_POINT ( 'NONE',  ( 3.309999999999998700, 0.3800000000000000000, -4.309999999999998700 ) ) ;
#2668 = COLOUR_RGB ( '',0.6588235294117647000, 0.6196078431372549200, 0.5607843137254902000 ) ;
#2669 = CARTESIAN_POINT ( 'NONE',  ( 0.0000000000000000000, 1.200000000000000000, -2.189999999999963100 ) ) ;
#2670 = VERTEX_POINT ( 'NONE', #481 ) ;
#2671 = DIRECTION ( 'NONE',  ( 0.0000000000000000000, 1.000000000000000000, 0.0000000000000000000 ) ) ;
#2672 = CARTESIAN_POINT ( 'NONE',  ( -2.624999999999975600, -17.26293531905800200, -2.349999999999963200 ) ) ;
#2673 = VECTOR ( 'NONE', #1511, 1000.000000000000000 ) ;
#2674 = ORIENTED_EDGE ( 'NONE', *, *, #2617, .T. ) ;
#2675 = DIRECTION ( 'NONE',  ( -1.000000000000000000, -0.0000000000000000000, 0.0000000000000000000 ) ) ;
#2676 = EDGE_CURVE ( 'NONE', #3256, #4329, #1473, .T. ) ;
#2677 = CYLINDRICAL_SURFACE ( 'NONE', #19, 0.01000000000000002600 ) ;
#2678 = LINE ( 'NONE', #3686, #3293 ) ;
#2679 = DIRECTION ( 'NONE',  ( 0.0000000000000000000, 0.0000000000000000000, 1.000000000000000000 ) ) ;
#2680 = EDGE_CURVE ( 'NONE', #4329, #341, #3080, .T. ) ;
#2681 = SURFACE_STYLE_USAGE ( .BOTH. , #2683 ) ;
#2682 = EDGE_CURVE ( 'NONE', #341, #542, #4673, .T. ) ;
#2683 = SURFACE_SIDE_STYLE ('',( #3755 ) ) ;
#2684 = PRESENTATION_STYLE_ASSIGNMENT (( #1297 ) ) ;
#2685 = SURFACE_STYLE_USAGE ( .BOTH. , #1542 ) ;
#2686 = CARTESIAN_POINT ( 'NONE',  ( -3.624999999999976500, 1.039999999999999600, -1.425000000000008700 ) ) ;
#2687 = FILL_AREA_STYLE ('',( #2749 ) ) ;
#2688 = FACE_OUTER_BOUND ( 'NONE', #2237, .T. ) ;
#2689 = CARTESIAN_POINT ( 'NONE',  ( -3.624999999999976500, 1.039999999999999600, 13.50779316071252400 ) ) ;
#2690 = LINE ( 'NONE', #1025, #4736 ) ;
#2691 = CARTESIAN_POINT ( 'NONE',  ( 4.175000000000052200, 1.039999999999999600, 2.049999999999996300 ) ) ;
#2692 = LINE ( 'NONE', #4248, #3153 ) ;
#2693 = VECTOR ( 'NONE', #1277, 1000.000000000000000 ) ;
#2694 = EDGE_CURVE ( 'NONE', #2182, #4467, #2839, .T. ) ;
#2695 = AXIS2_PLACEMENT_3D ( 'NONE', #22, #466, #2425 ) ;
#2696 = DIRECTION ( 'NONE',  ( 0.0000000000000000000, -0.0000000000000000000, -1.000000000000000000 ) ) ;
#2697 = EDGE_CURVE ( 'NONE', #341, #2182, #1024, .T. ) ;
#2698 = DIRECTION ( 'NONE',  ( 0.0000000000000000000, 1.000000000000000000, 0.0000000000000000000 ) ) ;
#2699 = CARTESIAN_POINT ( 'NONE',  ( -3.624999999999975600, 0.5100000000000457500, 1.425000000000013100 ) ) ;
#2700 = ORIENTED_EDGE ( 'NONE', *, *, #2639, .T. ) ;
#2701 = UNCERTAINTY_MEASURE_WITH_UNIT (LENGTH_MEASURE( 1.000000000000000100E-005 ), #42, 'distance_accuracy_value', 'NONE');
#2702 = CARTESIAN_POINT ( 'NONE',  ( 3.875000000000029300, 1.039999999999999600, -2.199999999999963300 ) ) ;
#2703 = CARTESIAN_POINT ( 'NONE',  ( 2.875000000000017300, 0.3800000000000122700, -2.349999999999966800 ) ) ;
#2704 = CARTESIAN_POINT ( 'NONE',  ( -2.624999999999987100, 0.6500000000000048000, -10.86684353621791400 ) ) ;
#2705 = DIRECTION ( 'NONE',  ( 0.0000000000000000000, 0.0000000000000000000, -1.000000000000000000 ) ) ;
#2706 = EDGE_CURVE ( 'NONE', #1431, #3581, #485, .T. ) ;
#2707 = CARTESIAN_POINT ( 'NONE',  ( 3.875000000000030200, -17.26293531905800200, -2.050000000000051300 ) ) ;
#2708 = ORIENTED_EDGE ( 'NONE', *, *, #2859, .T. ) ;
#2709 = CARTESIAN_POINT ( 'NONE',  ( -4.014999999999972100, 1.200000000000000000, 1.024999999999994100 ) ) ;
#2710 = ORIENTED_EDGE ( 'NONE', *, *, #2884, .F. ) ;
#2711 = DIRECTION ( 'NONE',  ( 1.000000000000000000, 0.0000000000000000000, 0.0000000000000000000 ) ) ;
#2712 = EDGE_CURVE ( 'NONE', #3538, #3241, #4658, .T. ) ;
#2713 = EDGE_CURVE ( 'NONE', #2182, #1431, #564, .T. ) ;
#2714 = CYLINDRICAL_SURFACE ( 'NONE', #1129, 0.01000000000000002600 ) ;
#2715 = FILL_AREA_STYLE ('',( #2565 ) ) ;
#2716 = CARTESIAN_POINT ( 'NONE',  ( 3.465000000000003400, 1.050000000000000000, 0.4250000000000087000 ) ) ;
#2717 = VECTOR ( 'NONE', #2856, 1000.000000000000000 ) ;
#2718 = CARTESIAN_POINT ( 'NONE',  ( -3.024999999999931500, -17.26293531905800200, 2.199999999999979700 ) ) ;
#2719 = LINE ( 'NONE', #767, #1853 ) ;
#2720 = EDGE_CURVE ( 'NONE', #3612, #3540, #3071, .T. ) ;
#2721 = PLANE ( 'NONE',  #3681 ) ;
#2722 = STYLED_ITEM ( 'NONE', ( #1934 ), #162 ) ;
#2723 = DIRECTION ( 'NONE',  ( -1.000000000000000000, -0.0000000000000000000, -0.0000000000000000000 ) ) ;
#2724 = CIRCLE ( 'NONE', #489, 0.01000000000000002600 ) ;
#2725 =( NAMED_UNIT ( * ) SI_UNIT ( $, .STERADIAN. ) SOLID_ANGLE_UNIT ( ) );
#2726 =( NAMED_UNIT ( * ) PLANE_ANGLE_UNIT ( ) SI_UNIT ( $, .RADIAN. ) );
#2727 = SURFACE_STYLE_FILL_AREA ( #2828 ) ;
#2728 = FACE_OUTER_BOUND ( 'NONE', #2403, .T. ) ;
#2729 = CARTESIAN_POINT ( 'NONE',  ( 0.0000000000000000000, 0.0000000000000000000, -2.199999999999963300 ) ) ;
#2730 = DIRECTION ( 'NONE',  ( 0.0000000000000000000, 0.0000000000000000000, -1.000000000000000000 ) ) ;
#2731 = ORIENTED_EDGE ( 'NONE', *, *, #2343, .F. ) ;
#2732 = CARTESIAN_POINT ( 'NONE',  ( 14.22812472918243500, 1.050000000000000000, 2.190000000000018600 ) ) ;
#2733 =( GEOMETRIC_REPRESENTATION_CONTEXT ( 3 ) GLOBAL_UNCERTAINTY_ASSIGNED_CONTEXT ( ( #1927 ) ) GLOBAL_UNIT_ASSIGNED_CONTEXT ( ( #1392, #1395, #1405 ) ) REPRESENTATION_CONTEXT ( 'NONE', 'WORKASPACE' ) );
#2734 =( LENGTH_UNIT ( ) NAMED_UNIT ( * ) SI_UNIT ( .MILLI., .METRE. ) );
#2735 = LINE ( 'NONE', #2871, #2717 ) ;
#2736 = UNCERTAINTY_MEASURE_WITH_UNIT (LENGTH_MEASURE( 1.000000000000000100E-005 ), #4090, 'distance_accuracy_value', 'NONE');
#2737 = SURFACE_STYLE_USAGE ( .BOTH. , #2744 ) ;
#2738 = CYLINDRICAL_SURFACE ( 'NONE', #2053, 0.01000000000000002600 ) ;
#2739 = EDGE_CURVE ( 'NONE', #1431, #3612, #4283, .T. ) ;
#2740 = PRESENTATION_LAYER_ASSIGNMENT (  '', '', ( #3279 ) ) ;
#2741 = DIRECTION ( 'NONE',  ( 0.0000000000000000000, -0.0000000000000000000, 1.000000000000000000 ) ) ;
#2742 = DIRECTION ( 'NONE',  ( -1.000000000000000000, 0.0000000000000000000, 0.0000000000000000000 ) ) ;
#2743 = CARTESIAN_POINT ( 'NONE',  ( -3.024999999999931500, -17.26293531905800200, 2.049999999999996300 ) ) ;
#2744 = SURFACE_SIDE_STYLE ('',( #3127 ) ) ;
#2745 = CARTESIAN_POINT ( 'NONE',  ( 0.0000000000000000000, 1.050000000000000000, -1.024999999999998100 ) ) ;
#2746 = STYLED_ITEM ( 'NONE', ( #3400 ), #53 ) ;
#2747 = VERTEX_POINT ( 'NONE', #4113 ) ;
#2748 = CARTESIAN_POINT ( 'NONE',  ( 1.809999999999999200, 0.6800000000000000500, -4.609999999999998500 ) ) ;
#2749 = FILL_AREA_STYLE_COLOUR ( '', #3769 ) ;
#2750 = DIRECTION ( 'NONE',  ( -1.000000000000000000, 0.0000000000000000000, -0.0000000000000000000 ) ) ;
#2751 = EDGE_CURVE ( 'NONE', #1366, #3525, #1689, .T. ) ;
#2752 = PLANE ( 'NONE',  #988 ) ;
#2753 = ORIENTED_EDGE ( 'NONE', *, *, #28, .F. ) ;
#2754 = VECTOR ( 'NONE', #736, 1000.000000000000000 ) ;
#2755 = ADVANCED_BREP_SHAPE_REPRESENTATION ( '', ( #1151, #17 ), #1476 ) ;
#2756 = SURFACE_STYLE_FILL_AREA ( #3360 ) ;
#2757 = ORIENTED_EDGE ( 'NONE', *, *, #2304, .F. ) ;
#2758 =( GEOMETRIC_REPRESENTATION_CONTEXT ( 3 ) GLOBAL_UNCERTAINTY_ASSIGNED_CONTEXT ( ( #5013 ) ) GLOBAL_UNIT_ASSIGNED_CONTEXT ( ( #470, #474, #479 ) ) REPRESENTATION_CONTEXT ( 'NONE', 'WORKASPACE' ) );
#2759 = AXIS2_PLACEMENT_3D ( 'NONE', #2106, #2107, #2114 ) ;
#2760 = CARTESIAN_POINT ( 'NONE',  ( 2.947347000000045900, 0.6500000000000048000, 2.200000000000018800 ) ) ;
#2761 = DIRECTION ( 'NONE',  ( 0.0000000000000000000, 1.000000000000000000, 0.0000000000000000000 ) ) ;
#2762 = PRESENTATION_STYLE_ASSIGNMENT (( #2819 ) ) ;
#2763 = ORIENTED_EDGE ( 'NONE', *, *, #3036, .T. ) ;
#2764 = PLANE ( 'NONE',  #952 ) ;
#2765 = EDGE_CURVE ( 'NONE', #3612, #1366, #812, .T. ) ;
#2766 = MECHANICAL_DESIGN_GEOMETRIC_PRESENTATION_REPRESENTATION (  '', ( #2970 ), #2061 ) ;
#2767 = MECHANICAL_DESIGN_GEOMETRIC_PRESENTATION_REPRESENTATION (  '', ( #3055 ), #2140 ) ;
#2768 = FILL_AREA_STYLE_COLOUR ( '', #3130 ) ;
#2769 = CARTESIAN_POINT ( 'NONE',  ( -2.624999999999992900, 1.039999999999999800, -2.349999999999963200 ) ) ;
#2770 = VERTEX_POINT ( 'NONE', #1130 ) ;
#2771 = LINE ( 'NONE', #3596, #946 ) ;
#2772 = CARTESIAN_POINT ( 'NONE',  ( -3.024999999999932000, 1.199999999999999700, 2.049999999999996300 ) ) ;
#2773 = EDGE_CURVE ( 'NONE', #1366, #3041, #201, .T. ) ;
#2774 = CARTESIAN_POINT ( 'NONE',  ( -3.634999999999968300, 0.5000000000000485200, 2.199999999999995300 ) ) ;
#2775 = DIRECTION ( 'NONE',  ( -0.0000000000000000000, 0.0000000000000000000, -1.000000000000000000 ) ) ;
#2776 = EDGE_CURVE ( 'NONE', #4940, #3281, #3478, .T. ) ;
#2777 = ORIENTED_EDGE ( 'NONE', *, *, #2797, .T. ) ;
#2778 = VECTOR ( 'NONE', #2879, 1000.000000000000000 ) ;
#2779 = DIRECTION ( 'NONE',  ( 1.000000000000000000, 0.0000000000000000000, -0.0000000000000000000 ) ) ;
#2780 =( NAMED_UNIT ( * ) PLANE_ANGLE_UNIT ( ) SI_UNIT ( $, .RADIAN. ) );
#2781 = VECTOR ( 'NONE', #3614, 1000.000000000000000 ) ;
#2782 = FILL_AREA_STYLE ('',( #2918 ) ) ;
#2783 = PRESENTATION_STYLE_ASSIGNMENT (( #1259 ) ) ;
#2784 = CARTESIAN_POINT ( 'NONE',  ( 3.075000000000007300, -17.26293531905800200, 0.4250000000000087000 ) ) ;
#2785 = LINE ( 'NONE', #3250, #1031 ) ;
#2786 = ORIENTED_EDGE ( 'NONE', *, *, #2712, .F. ) ;
#2787 = LINE ( 'NONE', #3295, #1608 ) ;
#2788 =( NAMED_UNIT ( * ) SI_UNIT ( $, .STERADIAN. ) SOLID_ANGLE_UNIT ( ) );
#2789 = UNCERTAINTY_MEASURE_WITH_UNIT (LENGTH_MEASURE( 1.000000000000000100E-005 ), #2502, 'distance_accuracy_value', 'NONE');
#2790 = COLOUR_RGB ( '',0.6588235294117647000, 0.6196078431372549200, 0.5607843137254902000 ) ;
#2791 = ORIENTED_EDGE ( 'NONE', *, *, #28, .T. ) ;
#2792 = EDGE_CURVE ( 'NONE', #3041, #535, #4106, .T. ) ;
#2793 = AXIS2_PLACEMENT_3D ( 'NONE', #2405, #280, #4873 ) ;
#2794 = SURFACE_STYLE_FILL_AREA ( #2135 ) ;
#2795 = CARTESIAN_POINT ( 'NONE',  ( 4.015000000000052100, 1.039999999999999600, -10.04016708532250000 ) ) ;
#2796 = DIRECTION ( 'NONE',  ( 0.0000000000000000000, 0.0000000000000000000, -1.000000000000000000 ) ) ;
#2797 = EDGE_CURVE ( 'NONE', #2665, #2834, #1833, .T. ) ;
#2798 = ORIENTED_EDGE ( 'NONE', *, *, #1913, .T. ) ;
#2799 =( NAMED_UNIT ( * ) SI_UNIT ( $, .STERADIAN. ) SOLID_ANGLE_UNIT ( ) );
#2800 = DIRECTION ( 'NONE',  ( -1.000000000000000000, 0.0000000000000000000, 0.0000000000000000000 ) ) ;
#2801 = COLOUR_RGB ( '',0.6588235294117647000, 0.6196078431372549200, 0.5607843137254902000 ) ;
#2802 = LINE ( 'NONE', #869, #1485 ) ;
#2803 = ORIENTED_EDGE ( 'NONE', *, *, #1308, .F. ) ;
#2804 = EDGE_CURVE ( 'NONE', #3041, #2665, #1827, .T. ) ;
#2805 =( NAMED_UNIT ( * ) PLANE_ANGLE_UNIT ( ) SI_UNIT ( $, .RADIAN. ) );
#2806 = FACE_OUTER_BOUND ( 'NONE', #4893, .T. ) ;
#2807 = EDGE_LOOP ( 'NONE', ( #2455, #3764, #1039, #4740, #1085, #3031, #2559, #1087, #3838, #4465, #4049, #1005 ) ) ;
#2808 = DIRECTION ( 'NONE',  ( -0.2588214418262129700, -0.9659251840857036000, 0.0000000000000000000 ) ) ;
#2809 = ORIENTED_EDGE ( 'NONE', *, *, #4221, .F. ) ;
#2810 =( LENGTH_UNIT ( ) NAMED_UNIT ( * ) SI_UNIT ( .MILLI., .METRE. ) );
#2811 = ORIENTED_EDGE ( 'NONE', *, *, #697, .T. ) ;
#2812 = EDGE_CURVE ( 'NONE', #2228, #902, #2407, .T. ) ;
#2813 = EDGE_LOOP ( 'NONE', ( #3564, #4344, #199, #112 ) ) ;
#2814 = PRODUCT ( '9_BLE_小型サイズベースANT拡大MODULE基板_1_2', '9_BLE_小型サイズベースANT拡大MODULE基板_1_2', '', ( #2287 ) ) ;
#2815 = FILL_AREA_STYLE_COLOUR ( '', #4876 ) ;
#2816 =( NAMED_UNIT ( * ) SI_UNIT ( $, .STERADIAN. ) SOLID_ANGLE_UNIT ( ) );
#2817 = ORIENTED_EDGE ( 'NONE', *, *, #3899, .F. ) ;
#2818 =( NAMED_UNIT ( * ) PLANE_ANGLE_UNIT ( ) SI_UNIT ( $, .RADIAN. ) );
#2819 = SURFACE_STYLE_USAGE ( .BOTH. , #2821 ) ;
#2820 = COLOUR_RGB ( '',0.2039215686274509800, 0.2039215686274509800, 0.2039215686274509800 ) ;
#2821 = SURFACE_SIDE_STYLE ('',( #2727 ) ) ;
#2822 = LINE ( 'NONE', #3655, #1414 ) ;
#2823 = MECHANICAL_DESIGN_GEOMETRIC_PRESENTATION_REPRESENTATION (  '', ( #3169 ), #4733 ) ;
#2824 = ORIENTED_EDGE ( 'NONE', *, *, #4391, .F. ) ;
#2825 = ORIENTED_EDGE ( 'NONE', *, *, #2765, .T. ) ;
#2826 = EDGE_CURVE ( 'NONE', #4004, #3297, #2448, .T. ) ;
#2827 = VERTEX_POINT ( 'NONE', #3261 ) ;
#2828 = FILL_AREA_STYLE ('',( #2837 ) ) ;
#2829 = PRESENTATION_STYLE_ASSIGNMENT (( #3496 ) ) ;
#2830 =( LENGTH_UNIT ( ) NAMED_UNIT ( * ) SI_UNIT ( .MILLI., .METRE. ) );
#2831 = PRESENTATION_STYLE_ASSIGNMENT (( #2438 ) ) ;
#2832 = EDGE_CURVE ( 'NONE', #2665, #2228, #3429, .T. ) ;
#2833 = EDGE_CURVE ( 'NONE', #1704, #3587, #668, .T. ) ;
#2834 = VERTEX_POINT ( 'NONE', #1240 ) ;
#2835 = EDGE_CURVE ( 'NONE', #4376, #3450, #1728, .T. ) ;
#2836 = FILL_AREA_STYLE ('',( #2768 ) ) ;
#2837 = FILL_AREA_STYLE_COLOUR ( '', #2790 ) ;
#2838 = ORIENTED_EDGE ( 'NONE', *, *, #595, .F. ) ;
#2839 = LINE ( 'NONE', #1015, #3647 ) ;
#2840 = FILL_AREA_STYLE_COLOUR ( '', #4491 ) ;
#2841 = FILL_AREA_STYLE_COLOUR ( '', #1894 ) ;
#2842 = SURFACE_STYLE_USAGE ( .BOTH. , #2843 ) ;
#2843 = SURFACE_SIDE_STYLE ('',( #4967 ) ) ;
#2844 = CARTESIAN_POINT ( 'NONE',  ( 4.015000000000052100, 1.200000000000000000, 0.0000000000000000000 ) ) ;
#2845 = EDGE_CURVE ( 'NONE', #4260, #2939, #4987, .T. ) ;
#2846 =( GEOMETRIC_REPRESENTATION_CONTEXT ( 3 ) GLOBAL_UNCERTAINTY_ASSIGNED_CONTEXT ( ( #1935 ) ) GLOBAL_UNIT_ASSIGNED_CONTEXT ( ( #4050, #1947, #2666 ) ) REPRESENTATION_CONTEXT ( 'NONE', 'WORKASPACE' ) );
#2847 = AXIS2_PLACEMENT_3D ( 'NONE', #486, #490, #495 ) ;
#2848 = LINE ( 'NONE', #980, #3638 ) ;
#2849 = FILL_AREA_STYLE ('',( #2878 ) ) ;
#2850 = PLANE ( 'NONE',  #1006 ) ;
#2851 = FACE_OUTER_BOUND ( 'NONE', #450, .T. ) ;
#2852 = STYLED_ITEM ( 'NONE', ( #3332 ), #83 ) ;
#2853 = DIRECTION ( 'NONE',  ( 0.0000000000000000000, 0.0000000000000000000, 1.000000000000000000 ) ) ;
#2854 = EDGE_CURVE ( 'NONE', #2228, #1704, #1440, .T. ) ;
#2855 = ORIENTED_EDGE ( 'NONE', *, *, #1963, .T. ) ;
#2856 = DIRECTION ( 'NONE',  ( 0.0000000000000000000, -0.0000000000000000000, -1.000000000000000000 ) ) ;
#2857 = EDGE_LOOP ( 'NONE', ( #4091, #2242, #3101, #2295, #4040, #3471, #2855, #3864 ) ) ;
#2858 = FILL_AREA_STYLE ('',( #2815 ) ) ;
#2859 = EDGE_CURVE ( 'NONE', #1704, #4884, #4408, .T. ) ;
#2860 = CARTESIAN_POINT ( 'NONE',  ( -3.464999999999976300, 1.039999999999999600, 1.425000000000009600 ) ) ;
#2861 = DIRECTION ( 'NONE',  ( -1.000000000000000000, 0.0000000000000000000, -0.0000000000000000000 ) ) ;
#2862 = VECTOR ( 'NONE', #2040, 1000.000000000000000 ) ;
#2863 = SURFACE_SIDE_STYLE ('',( #4923 ) ) ;
#2864 = EDGE_LOOP ( 'NONE', ( #3537, #4865, #2791, #2969 ) ) ;
#2865 = CARTESIAN_POINT ( 'NONE',  ( -12.62640447190884400, 1.039999999999999800, -2.189999999999963100 ) ) ;
#2866 = CARTESIAN_POINT ( 'NONE',  ( 1.809999999999999200, 0.3800000000000000000, -4.309999999999998700 ) ) ;
#2867 = EDGE_CURVE ( 'NONE', #4884, #4036, #1510, .T. ) ;
#2868 = EDGE_CURVE ( 'NONE', #581, #3842, #3515, .T. ) ;
#2869 = SURFACE_STYLE_USAGE ( .BOTH. , #2863 ) ;
#2870 = ORIENTED_EDGE ( 'NONE', *, *, #2751, .T. ) ;
#2871 = CARTESIAN_POINT ( 'NONE',  ( 2.074999999999994400, 0.3800000000000122700, -10.86684353621791400 ) ) ;
#2872 = LINE ( 'NONE', #3791, #3356 ) ;
#2873 = CARTESIAN_POINT ( 'NONE',  ( -3.624999999999976500, -17.26293531905800200, 2.199999999999979700 ) ) ;
#2874 = ORIENTED_EDGE ( 'NONE', *, *, #2977, .T. ) ;
#2875 = EDGE_CURVE ( 'NONE', #4884, #581, #1667, .T. ) ;
#2876 = EDGE_CURVE ( 'NONE', #264, #494, #3503, .T. ) ;
#2877 = LINE ( 'NONE', #3555, #2318 ) ;
#2878 = FILL_AREA_STYLE_COLOUR ( '', #965 ) ;
#2879 = DIRECTION ( 'NONE',  ( -0.0000000000000000000, -1.000000000000000000, -0.0000000000000000000 ) ) ;
#2880 = PRESENTATION_STYLE_ASSIGNMENT (( #2842 ) ) ;
#2881 =( LENGTH_UNIT ( ) NAMED_UNIT ( * ) SI_UNIT ( .MILLI., .METRE. ) );
#2882 = CARTESIAN_POINT ( 'NONE',  ( 3.465000000000003400, 1.050000000000000000, -0.4250000000000074300 ) ) ;
#2883 = DIRECTION ( 'NONE',  ( 1.000000000000000000, 0.0000000000000000000, 0.0000000000000000000 ) ) ;
#2884 = EDGE_CURVE ( 'NONE', #1410, #4011, #1054, .T. ) ;
#2885 = EDGE_CURVE ( 'NONE', #3540, #4982, #4389, .T. ) ;
#2886 = DIRECTION ( 'NONE',  ( 0.0000000000000000000, 0.0000000000000000000, 1.000000000000000000 ) ) ;
#2887 = VERTEX_POINT ( 'NONE', #4685 ) ;
#2888 = EDGE_CURVE ( 'NONE', #581, #1410, #4919, .T. ) ;
#2889 = DIRECTION ( 'NONE',  ( -1.000000000000000000, -0.0000000000000000000, 0.0000000000000000000 ) ) ;
#2890 = ORIENTED_EDGE ( 'NONE', *, *, #1913, .F. ) ;
#2891 = STYLED_ITEM ( 'NONE', ( #2359 ), #113 ) ;
#2892 = CARTESIAN_POINT ( 'NONE',  ( -2.624999999999975600, -17.26293531905800200, 2.049999999999996300 ) ) ;
#2893 = FACE_OUTER_BOUND ( 'NONE', #3990, .T. ) ;
#2894 = VECTOR ( 'NONE', #1987, 1000.000000000000000 ) ;
#2895 =( NAMED_UNIT ( * ) PLANE_ANGLE_UNIT ( ) SI_UNIT ( $, .RADIAN. ) );
#2896 = LINE ( 'NONE', #1197, #1182 ) ;
#2897 = CARTESIAN_POINT ( 'NONE',  ( 3.475000000000002300, 0.5100000000000459700, 0.0000000000000000000 ) ) ;
#2898 = DIRECTION ( 'NONE',  ( 0.0000000000000000000, -0.0000000000000000000, 1.000000000000000000 ) ) ;
#2899 = UNCERTAINTY_MEASURE_WITH_UNIT (LENGTH_MEASURE( 1.000000000000000100E-005 ), #1459, 'distance_accuracy_value', 'NONE');
#2900 = VERTEX_POINT ( 'NONE', #1620 ) ;
#2901 = EDGE_CURVE ( 'NONE', #994, #4615, #607, .T. ) ;
#2902 =( NAMED_UNIT ( * ) SI_UNIT ( $, .STERADIAN. ) SOLID_ANGLE_UNIT ( ) );
#2903 =( GEOMETRIC_REPRESENTATION_CONTEXT ( 3 ) GLOBAL_UNCERTAINTY_ASSIGNED_CONTEXT ( ( #3060 ) ) GLOBAL_UNIT_ASSIGNED_CONTEXT ( ( #101, #103, #106 ) ) REPRESENTATION_CONTEXT ( 'NONE', 'WORKASPACE' ) );
#2904 = EDGE_CURVE ( 'NONE', #4368, #3905, #4543, .T. ) ;
#2905 = DIRECTION ( 'NONE',  ( 0.0000000000000000000, -0.0000000000000000000, 1.000000000000000000 ) ) ;
#2906 = EDGE_CURVE ( 'NONE', #1410, #4368, #2465, .T. ) ;
#2907 = EDGE_CURVE ( 'NONE', #4368, #2288, #985, .T. ) ;
#2908 =( NAMED_UNIT ( * ) SI_UNIT ( $, .STERADIAN. ) SOLID_ANGLE_UNIT ( ) );
#2909 =( NAMED_UNIT ( * ) PLANE_ANGLE_UNIT ( ) SI_UNIT ( $, .RADIAN. ) );
#2910 = DIRECTION ( 'NONE',  ( 1.000000000000000000, 0.0000000000000000000, 0.0000000000000000000 ) ) ;
#2911 = DIRECTION ( 'NONE',  ( -0.0000000000000000000, 1.000000000000000000, 0.0000000000000000000 ) ) ;
#2912 =( LENGTH_UNIT ( ) NAMED_UNIT ( * ) SI_UNIT ( .MILLI., .METRE. ) );
#2913 = ORIENTED_EDGE ( 'NONE', *, *, #2197, .F. ) ;
#2914 = SURFACE_STYLE_FILL_AREA ( #4502 ) ;
#2915 =( LENGTH_UNIT ( ) NAMED_UNIT ( * ) SI_UNIT ( .MILLI., .METRE. ) );
#2916 = EDGE_CURVE ( 'NONE', #2288, #4290, #2376, .T. ) ;
#2917 = EDGE_CURVE ( 'NONE', #4924, #3088, #4203, .T. ) ;
#2918 = FILL_AREA_STYLE_COLOUR ( '', #4642 ) ;
#2919 = VERTEX_POINT ( 'NONE', #3586 ) ;
#2920 = CARTESIAN_POINT ( 'NONE',  ( -4.174999999999977600, 0.3500000000000468800, -1.425000000000000300 ) ) ;
#2921 = CARTESIAN_POINT ( 'NONE',  ( 0.0000000000000000000, 0.3800000000000000000, 0.0000000000000000000 ) ) ;
#2922 = LINE ( 'NONE', #377, #1294 ) ;
#2923 = CARTESIAN_POINT ( 'NONE',  ( 6.450000000000002000, 0.0000000000000000000, -4.799999999999999800 ) ) ;
#2924 = VECTOR ( 'NONE', #1261, 1000.000000000000000 ) ;
#2925 = DIRECTION ( 'NONE',  ( 0.0000000000000000000, -0.0000000000000000000, 1.000000000000000000 ) ) ;
#2926 = ORIENTED_EDGE ( 'NONE', *, *, #1663, .T. ) ;
#2927 = LINE ( 'NONE', #774, #1900 ) ;
#2928 = EDGE_CURVE ( 'NONE', #3195, #240, #2492, .T. ) ;
#2929 = FACE_OUTER_BOUND ( 'NONE', #58, .T. ) ;
#2930 = SURFACE_STYLE_USAGE ( .BOTH. , #2932 ) ;
#2931 = VERTEX_POINT ( 'NONE', #132 ) ;
#2932 = SURFACE_SIDE_STYLE ('',( #2309 ) ) ;
#2933 = UNCERTAINTY_MEASURE_WITH_UNIT (LENGTH_MEASURE( 1.000000000000000100E-005 ), #2561, 'distance_accuracy_value', 'NONE');
#2934 = FACE_OUTER_BOUND ( 'NONE', #1974, .T. ) ;
#2935 = EDGE_CURVE ( 'NONE', #4982, #2952, #4216, .T. ) ;
#2936 = FILL_AREA_STYLE ('',( #2993 ) ) ;
#2937 = EDGE_CURVE ( 'NONE', #2288, #3195, #924, .T. ) ;
#2938 = SURFACE_STYLE_FILL_AREA ( #1785 ) ;
#2939 = VERTEX_POINT ( 'NONE', #3059 ) ;
#2940 =( NAMED_UNIT ( * ) SI_UNIT ( $, .STERADIAN. ) SOLID_ANGLE_UNIT ( ) );
#2941 =( NAMED_UNIT ( * ) PLANE_ANGLE_UNIT ( ) SI_UNIT ( $, .RADIAN. ) );
#2942 = DIRECTION ( 'NONE',  ( 0.0000000000000000000, 0.0000000000000000000, 1.000000000000000000 ) ) ;
#2943 = CARTESIAN_POINT ( 'NONE',  ( -3.464999999999976300, 1.200000000000000000, 0.0000000000000000000 ) ) ;
#2944 = PRODUCT_DEFINITION_SHAPE ( 'NONE', 'NONE',  #5021 ) ;
#2945 = EDGE_CURVE ( 'NONE', #4705, #4472, #632, .T. ) ;
#2946 = PLANE ( 'NONE',  #2147 ) ;
#2947 =( LENGTH_UNIT ( ) NAMED_UNIT ( * ) SI_UNIT ( .MILLI., .METRE. ) );
#2948 = DIRECTION ( 'NONE',  ( -1.000000000000000000, 0.0000000000000000000, 0.0000000000000000000 ) ) ;
#2949 = SURFACE_STYLE_USAGE ( .BOTH. , #2951 ) ;
#2950 = EDGE_CURVE ( 'NONE', #3195, #4705, #1878, .T. ) ;
#2951 = SURFACE_SIDE_STYLE ('',( #4860 ) ) ;
#2952 = VERTEX_POINT ( 'NONE', #654 ) ;
#2953 = EDGE_CURVE ( 'NONE', #772, #2517, #1042, .T. ) ;
#2954 = CARTESIAN_POINT ( 'NONE',  ( 3.309999999999998700, 0.6800000000000000500, -4.309999999999998700 ) ) ;
#2955 = DIRECTION ( 'NONE',  ( -1.000000000000000000, -0.0000000000000000000, 0.0000000000000000000 ) ) ;
#2956 = ORIENTED_EDGE ( 'NONE', *, *, #2712, .T. ) ;
#2957 = ORIENTED_EDGE ( 'NONE', *, *, #2602, .F. ) ;
#2958 = SURFACE_STYLE_FILL_AREA ( #3570 ) ;
#2959 = EDGE_CURVE ( 'NONE', #4705, #772, #289, .T. ) ;
#2960 =( NAMED_UNIT ( * ) SI_UNIT ( $, .STERADIAN. ) SOLID_ANGLE_UNIT ( ) );
#2961 = EDGE_LOOP ( 'NONE', ( #3494, #2654, #4769, #4081 ) ) ;
#2962 = VECTOR ( 'NONE', #883, 1000.000000000000000 ) ;
#2963 = EDGE_CURVE ( 'NONE', #392, #4641, #3050, .T. ) ;
#2964 = UNCERTAINTY_MEASURE_WITH_UNIT (LENGTH_MEASURE( 1.000000000000000100E-005 ), #2452, 'distance_accuracy_value', 'NONE');
#2965 = CYLINDRICAL_SURFACE ( 'NONE', #2487, 0.01000000000000002600 ) ;
#2966 =( NAMED_UNIT ( * ) SI_UNIT ( $, .STERADIAN. ) SOLID_ANGLE_UNIT ( ) );
#2967 = PLANE ( 'NONE',  #39 ) ;
#2968 =( NAMED_UNIT ( * ) PLANE_ANGLE_UNIT ( ) SI_UNIT ( $, .RADIAN. ) );
#2969 = ORIENTED_EDGE ( 'NONE', *, *, #2682, .F. ) ;
#2970 = STYLED_ITEM ( 'NONE', ( #43 ), #41 ) ;
#2971 = FACE_OUTER_BOUND ( 'NONE', #3552, .T. ) ;
#2972 = SURFACE_STYLE_USAGE ( .BOTH. , #2978 ) ;
#2973 = ORIENTED_EDGE ( 'NONE', *, *, #927, .T. ) ;
#2974 = VECTOR ( 'NONE', #3357, 1000.000000000000000 ) ;
#2975 = CARTESIAN_POINT ( 'NONE',  ( -2.624999999999974700, 1.039999999999999600, 2.350000000000018700 ) ) ;
#2976 = EDGE_CURVE ( 'NONE', #772, #392, #3568, .T. ) ;
#2977 = EDGE_CURVE ( 'NONE', #392, #1278, #1132, .T. ) ;
#2978 = SURFACE_SIDE_STYLE ('',( #1603 ) ) ;
#2979 = EDGE_LOOP ( 'NONE', ( #4679, #1364, #2777, #4817 ) ) ;
#2980 = LINE ( 'NONE', #4633, #1905 ) ;
#2981 = SURFACE_SIDE_STYLE ('',( #4601 ) ) ;
#2982 = CARTESIAN_POINT ( 'NONE',  ( 0.0000000000000000000, 1.050000000000000000, -0.8250000000000201600 ) ) ;
#2983 = DIRECTION ( 'NONE',  ( 1.000000000000000000, -0.0000000000000000000, -0.0000000000000000000 ) ) ;
#2984 = FILL_AREA_STYLE ('',( #3103 ) ) ;
#2985 =( GEOMETRIC_REPRESENTATION_CONTEXT ( 3 ) GLOBAL_UNCERTAINTY_ASSIGNED_CONTEXT ( ( #507 ) ) GLOBAL_UNIT_ASSIGNED_CONTEXT ( ( #188, #194, #200 ) ) REPRESENTATION_CONTEXT ( 'NONE', 'WORKASPACE' ) );
#2986 = VERTEX_POINT ( 'NONE', #690 ) ;
#2987 =( GEOMETRIC_REPRESENTATION_CONTEXT ( 3 ) GLOBAL_UNCERTAINTY_ASSIGNED_CONTEXT ( ( #4189 ) ) GLOBAL_UNIT_ASSIGNED_CONTEXT ( ( #444, #2406, #2397 ) ) REPRESENTATION_CONTEXT ( 'NONE', 'WORKASPACE' ) );
#2988 = EDGE_CURVE ( 'NONE', #1278, #1687, #4548, .T. ) ;
#2989 = LINE ( 'NONE', #4950, #3584 ) ;
#2990 = SURFACE_STYLE_USAGE ( .BOTH. , #2981 ) ;
#2991 = DIRECTION ( 'NONE',  ( 0.0000000000000000000, 1.000000000000000000, 0.0000000000000000000 ) ) ;
#2992 = FILL_AREA_STYLE ('',( #727 ) ) ;
#2993 = FILL_AREA_STYLE_COLOUR ( '', #2361 ) ;
#2994 = COLOUR_RGB ( '',0.6588235294117647000, 0.6196078431372549200, 0.5607843137254902000 ) ;
#2995 =( LENGTH_UNIT ( ) NAMED_UNIT ( * ) SI_UNIT ( .MILLI., .METRE. ) );
#2996 = EDGE_CURVE ( 'NONE', #3827, #264, #4690, .T. ) ;
#2997 =( NAMED_UNIT ( * ) PLANE_ANGLE_UNIT ( ) SI_UNIT ( $, .RADIAN. ) );
#2998 = EDGE_CURVE ( 'NONE', #3297, #548, #675, .T. ) ;
#2999 =( NAMED_UNIT ( * ) SI_UNIT ( $, .STERADIAN. ) SOLID_ANGLE_UNIT ( ) );
#3000 = CARTESIAN_POINT ( 'NONE',  ( -6.450000000000001100, 0.3800000000000000000, 4.800000000000001600 ) ) ;
#3001 = CARTESIAN_POINT ( 'NONE',  ( -2.624999999999985800, 1.050000000000000000, -2.189999999999963100 ) ) ;
#3002 = CYLINDRICAL_SURFACE ( 'NONE', #102, 0.009999999999999592500 ) ;
#3003 = STYLED_ITEM ( 'NONE', ( #3637 ), #370 ) ;
#3004 = CARTESIAN_POINT ( 'NONE',  ( -4.014999999999972100, 1.039999999999999600, -1.024999999999998100 ) ) ;
#3005 = EDGE_CURVE ( 'NONE', #1278, #3827, #166, .T. ) ;
#3006 = PLANE ( 'NONE',  #1040 ) ;
#3007 = CARTESIAN_POINT ( 'NONE',  ( -4.174999999999970500, 0.6500000000000690800, 1.024999999999994100 ) ) ;
#3008 = DIRECTION ( 'NONE',  ( 0.0000000000000000000, -0.0000000000000000000, -1.000000000000000000 ) ) ;
#3009 = EDGE_CURVE ( 'NONE', #2012, #4998, #3139, .T. ) ;
#3010 = AXIS2_PLACEMENT_3D ( 'NONE', #1409, #1422, #1426 ) ;
#3011 =( NAMED_UNIT ( * ) PLANE_ANGLE_UNIT ( ) SI_UNIT ( $, .RADIAN. ) );
#3012 = LINE ( 'NONE', #342, #3304 ) ;
#3013 = CARTESIAN_POINT ( 'NONE',  ( 0.0000000000000000000, 0.0000000000000000000, 0.0000000000000000000 ) ) ;
#3014 = CARTESIAN_POINT ( 'NONE',  ( 2.709999999999999500, 0.6800000000000000500, -4.609999999999998500 ) ) ;
#3015 = FACE_OUTER_BOUND ( 'NONE', #3043, .T. ) ;
#3016 = EDGE_LOOP ( 'NONE', ( #2201, #1206, #1256, #4727 ) ) ;
#3017 = DIRECTION ( 'NONE',  ( 0.0000000000000000000, -1.000000000000000000, 0.0000000000000000000 ) ) ;
#3018 = PRESENTATION_STYLE_ASSIGNMENT (( #1284 ) ) ;
#3019 = EDGE_LOOP ( 'NONE', ( #2375, #2233, #4500, #3535, #491, #1693, #2137, #2811, #2643, #3074, #1570, #3848 ) ) ;
#3020 = PRESENTATION_LAYER_ASSIGNMENT (  '', '', ( #3003 ) ) ;
#3021 = DIRECTION ( 'NONE',  ( 1.000000000000000000, 0.0000000000000000000, -0.0000000000000000000 ) ) ;
#3022 = CARTESIAN_POINT ( 'NONE',  ( 2.875000000000017300, 0.3800000000000122700, 10.86684353621796500 ) ) ;
#3023 = CARTESIAN_POINT ( 'NONE',  ( -3.024999999999931500, -17.26293531905800200, -2.050000000000051800 ) ) ;
#3024 = VERTEX_POINT ( 'NONE', #3448 ) ;
#3025 = DIRECTION ( 'NONE',  ( -0.0000000000000000000, 1.000000000000000000, 0.0000000000000000000 ) ) ;
#3026 = DIRECTION ( 'NONE',  ( 0.0000000000000000000, -0.0000000000000000000, 1.000000000000000000 ) ) ;
#3027 = CARTESIAN_POINT ( 'NONE',  ( 3.875000000000030200, -17.26293531905800200, 2.049999999999996300 ) ) ;
#3028 = EDGE_CURVE ( 'NONE', #3827, #2012, #1747, .T. ) ;
#3029 = ORIENTED_EDGE ( 'NONE', *, *, #2562, .F. ) ;
#3030 = DIRECTION ( 'NONE',  ( 0.0000000000000000000, -0.0000000000000000000, 1.000000000000000000 ) ) ;
#3031 = ORIENTED_EDGE ( 'NONE', *, *, #1308, .T. ) ;
#3032 = MECHANICAL_DESIGN_GEOMETRIC_PRESENTATION_REPRESENTATION (  '', ( #3003 ), #3045 ) ;
#3033 =( NAMED_UNIT ( * ) SI_UNIT ( $, .STERADIAN. ) SOLID_ANGLE_UNIT ( ) );
#3034 = VECTOR ( 'NONE', #2597, 1000.000000000000000 ) ;
#3035 =( NAMED_UNIT ( * ) PLANE_ANGLE_UNIT ( ) SI_UNIT ( $, .RADIAN. ) );
#3036 = EDGE_CURVE ( 'NONE', #2012, #4024, #179, .T. ) ;
#3037 =( LENGTH_UNIT ( ) NAMED_UNIT ( * ) SI_UNIT ( .MILLI., .METRE. ) );
#3038 = EDGE_CURVE ( 'NONE', #4024, #739, #4496, .T. ) ;
#3039 =( NAMED_UNIT ( * ) SI_UNIT ( $, .STERADIAN. ) SOLID_ANGLE_UNIT ( ) );
#3040 = CARTESIAN_POINT ( 'NONE',  ( -3.464999999999976300, 1.039999999999999600, -1.425000000000007800 ) ) ;
#3041 = VERTEX_POINT ( 'NONE', #5010 ) ;
#3042 = CARTESIAN_POINT ( 'NONE',  ( -3.624999999999976500, 0.5000000000000490700, -1.425000000000009600 ) ) ;
#3043 = EDGE_LOOP ( 'NONE', ( #4493, #1777, #730, #4018, #1857, #4168, #1229, #1302 ) ) ;
#3044 = ADVANCED_FACE ( 'NONE', ( #1353 ), #2531, .F. ) ;
#3045 =( GEOMETRIC_REPRESENTATION_CONTEXT ( 3 ) GLOBAL_UNCERTAINTY_ASSIGNED_CONTEXT ( ( #2899 ) ) GLOBAL_UNIT_ASSIGNED_CONTEXT ( ( #1459, #1472, #1481 ) ) REPRESENTATION_CONTEXT ( 'NONE', 'WORKASPACE' ) );
#3046 = PLANE ( 'NONE',  #764 ) ;
#3047 = ORIENTED_EDGE ( 'NONE', *, *, #2319, .F. ) ;
#3048 = CARTESIAN_POINT ( 'NONE',  ( -4.174999999999979400, -17.26293531905800200, -2.200000000000035300 ) ) ;
#3049 =( NAMED_UNIT ( * ) PLANE_ANGLE_UNIT ( ) SI_UNIT ( $, .RADIAN. ) );
#3050 = CIRCLE ( 'NONE', #424, 0.1599999999999999800 ) ;
#3051 = CARTESIAN_POINT ( 'NONE',  ( 4.175000000000052200, 1.039999999999999600, -12.91516708532257200 ) ) ;
#3052 = VECTOR ( 'NONE', #3557, 1000.000000000000000 ) ;
#3053 = SURFACE_SIDE_STYLE ('',( #971 ) ) ;
#3054 = STYLED_ITEM ( 'NONE', ( #2198 ), #414 ) ;
#3055 = STYLED_ITEM ( 'NONE', ( #1787 ), #29 ) ;
#3056 = EDGE_CURVE ( 'NONE', #1203, #3502, #2989, .T. ) ;
#3057 = FACE_OUTER_BOUND ( 'NONE', #3199, .T. ) ;
#3058 = CARTESIAN_POINT ( 'NONE',  ( -3.074999999999982000, 1.199999999999999700, 1.024999999999996100 ) ) ;
#3059 = CARTESIAN_POINT ( 'NONE',  ( -6.450000000000000200, 0.3800000000000000000, -4.799999999999998900 ) ) ;
#3060 = UNCERTAINTY_MEASURE_WITH_UNIT (LENGTH_MEASURE( 1.000000000000000100E-005 ), #101, 'distance_accuracy_value', 'NONE');
#3061 = UNCERTAINTY_MEASURE_WITH_UNIT (LENGTH_MEASURE( 1.000000000000000100E-005 ), #4709, 'distance_accuracy_value', 'NONE');
#3062 = FACE_OUTER_BOUND ( 'NONE', #3359, .T. ) ;
#3063 = LINE ( 'NONE', #2596, #3034 ) ;
#3064 = PLANE ( 'NONE',  #3896 ) ;
#3065 = VECTOR ( 'NONE', #4545, 1000.000000000000000 ) ;
#3066 = VERTEX_POINT ( 'NONE', #4961 ) ;
#3067 = EDGE_CURVE ( 'NONE', #4024, #1203, #1723, .T. ) ;
#3068 = CARTESIAN_POINT ( 'NONE',  ( -3.024999999999931500, -17.26293531905800200, 2.199999999999992600 ) ) ;
#3069 = LINE ( 'NONE', #4309, #3715 ) ;
#3070 = COLOUR_RGB ( '',0.6588235294117647000, 0.6196078431372549200, 0.5607843137254902000 ) ;
#3071 = LINE ( 'NONE', #2035, #1756 ) ;
#3072 = EDGE_CURVE ( 'NONE', #2566, #4411, #1567, .T. ) ;
#3073 = FILL_AREA_STYLE ('',( #3097 ) ) ;
#3074 = ORIENTED_EDGE ( 'NONE', *, *, #468, .T. ) ;
#3075 = EDGE_CURVE ( 'NONE', #1203, #2566, #3881, .T. ) ;
#3076 = CARTESIAN_POINT ( 'NONE',  ( 2.947347000000045900, 0.6500000000000048000, -10.86684353621791400 ) ) ;
#3077 =( LENGTH_UNIT ( ) NAMED_UNIT ( * ) SI_UNIT ( .MILLI., .METRE. ) );
#3078 = EDGE_LOOP ( 'NONE', ( #4136, #3796, #4413, #3200 ) ) ;
#3079 = PLANE ( 'NONE',  #1063 ) ;
#3080 = LINE ( 'NONE', #2669, #14 ) ;
#3081 = EDGE_CURVE ( 'NONE', #185, #1835, #3156, .T. ) ;
#3082 = EDGE_CURVE ( 'NONE', #2566, #185, #1470, .T. ) ;
#3083 = ORIENTED_EDGE ( 'NONE', *, *, #1596, .F. ) ;
#3084 = SURFACE_STYLE_USAGE ( .BOTH. , #3091 ) ;
#3085 = CARTESIAN_POINT ( 'NONE',  ( -3.474999999999977900, 1.039999999999999800, -1.425000000000011400 ) ) ;
#3086 = ORIENTED_EDGE ( 'NONE', *, *, #2792, .T. ) ;
#3087 = DIRECTION ( 'NONE',  ( 1.000000000000000000, 0.0000000000000000000, 0.0000000000000000000 ) ) ;
#3088 = VERTEX_POINT ( 'NONE', #373 ) ;
#3089 = UNCERTAINTY_MEASURE_WITH_UNIT (LENGTH_MEASURE( 1.000000000000000100E-005 ), #4149, 'distance_accuracy_value', 'NONE');
#3090 = SURFACE_STYLE_USAGE ( .BOTH. , #3106 ) ;
#3091 = SURFACE_SIDE_STYLE ('',( #714 ) ) ;
#3092 = EDGE_CURVE ( 'NONE', #185, #4212, #4406, .T. ) ;
#3093 = FILL_AREA_STYLE ('',( #3154 ) ) ;
#3094 = EDGE_CURVE ( 'NONE', #4212, #3149, #4723, .T. ) ;
#3095 = ORIENTED_EDGE ( 'NONE', *, *, #2119, .T. ) ;
#3096 = LINE ( 'NONE', #4677, #4522 ) ;
#3097 = FILL_AREA_STYLE_COLOUR ( '', #1118 ) ;
#3098 = UNCERTAINTY_MEASURE_WITH_UNIT (LENGTH_MEASURE( 1.000000000000000100E-005 ), #4425, 'distance_accuracy_value', 'NONE');
#3099 = DIRECTION ( 'NONE',  ( 0.0000000000000000000, 1.000000000000000000, 0.0000000000000000000 ) ) ;
#3100 = PRESENTATION_STYLE_ASSIGNMENT (( #2737 ) ) ;
#3101 = ORIENTED_EDGE ( 'NONE', *, *, #2996, .T. ) ;
#3102 = VECTOR ( 'NONE', #3708, 1000.000000000000000 ) ;
#3103 = FILL_AREA_STYLE_COLOUR ( '', #1625 ) ;
#3104 = AXIS2_PLACEMENT_3D ( 'NONE', #73, #82, #122 ) ;
#3105 = EDGE_CURVE ( 'NONE', #2827, #3189, #3338, .T. ) ;
#3106 = SURFACE_SIDE_STYLE ('',( #4784 ) ) ;
#3107 = EDGE_LOOP ( 'NONE', ( #3140, #2956, #3244, #3583 ) ) ;
#3108 = PLANE ( 'NONE',  #1099 ) ;
#3109 = VECTOR ( 'NONE', #1066, 1000.000000000000000 ) ;
#3110 = EDGE_CURVE ( 'NONE', #4212, #2827, #1461, .T. ) ;
#3111 = DIRECTION ( 'NONE',  ( 0.0000000000000000000, -0.0000000000000000000, -1.000000000000000000 ) ) ;
#3112 = EDGE_CURVE ( 'NONE', #3220, #2064, #3198, .T. ) ;
#3113 = DIRECTION ( 'NONE',  ( 0.0000000000000000000, 0.0000000000000000000, 1.000000000000000000 ) ) ;
#3114 = COLOUR_RGB ( '',0.6588235294117647000, 0.6196078431372549200, 0.5607843137254902000 ) ;
#3115 = CARTESIAN_POINT ( 'NONE',  ( -3.634999999999981600, 0.5100000000000477500, -1.425000000000006000 ) ) ;
#3116 = CARTESIAN_POINT ( 'NONE',  ( -4.174999999999977600, -17.26293531905800200, -1.425000000000009600 ) ) ;
#3117 = ORIENTED_EDGE ( 'NONE', *, *, #2682, .T. ) ;
#3118 = DIRECTION ( 'NONE',  ( 0.0000000000000000000, 0.0000000000000000000, 1.000000000000000000 ) ) ;
#3119 = EDGE_CURVE ( 'NONE', #2827, #3220, #3972, .T. ) ;
#3120 = ORIENTED_EDGE ( 'NONE', *, *, #2888, .F. ) ;
#3121 = SURFACE_STYLE_FILL_AREA ( #4816 ) ;
#3122 = CARTESIAN_POINT ( 'NONE',  ( -3.624999999999976500, 0.5100000000000459700, 1.425000000000009600 ) ) ;
#3123 = EDGE_CURVE ( 'NONE', #3220, #1191, #393, .T. ) ;
#3124 = ADVANCED_FACE ( 'NONE', ( #4481 ), #4732, .T. ) ;
#3125 = DIRECTION ( 'NONE',  ( 0.0000000000000000000, -9.792793815995292000E-016, -1.000000000000000000 ) ) ;
#3126 = DIRECTION ( 'NONE',  ( 1.000000000000000000, -0.0000000000000000000, -0.0000000000000000000 ) ) ;
#3127 = SURFACE_STYLE_FILL_AREA ( #2836 ) ;
#3128 = ORIENTED_EDGE ( 'NONE', *, *, #3480, .F. ) ;
#3129 = EDGE_CURVE ( 'NONE', #1223, #1599, #3096, .T. ) ;
#3130 = COLOUR_RGB ( '',0.6588235294117647000, 0.6196078431372549200, 0.5607843137254902000 ) ;
#3131 = CARTESIAN_POINT ( 'NONE',  ( -2.624999999999971100, 1.039999999999999800, 2.190000000000018600 ) ) ;
#3132 = PLANE ( 'NONE',  #70 ) ;
#3133 = DIRECTION ( 'NONE',  ( -0.0000000000000000000, -1.000000000000000000, -0.0000000000000000000 ) ) ;
#3134 = ORIENTED_EDGE ( 'NONE', *, *, #3081, .F. ) ;
#3135 = CARTESIAN_POINT ( 'NONE',  ( 6.450000000000002800, 0.3800000000000000000, 4.799999999999999800 ) ) ;
#3136 = VECTOR ( 'NONE', #2227, 1000.000000000000000 ) ;
#3137 = MECHANICAL_DESIGN_GEOMETRIC_PRESENTATION_REPRESENTATION (  '', ( #3805 ), #4443 ) ;
#3138 = ADVANCED_FACE ( 'NONE', ( #4534 ), #4667, .T. ) ;
#3139 = CIRCLE ( 'NONE', #408, 0.1599999999999995600 ) ;
#3140 = ORIENTED_EDGE ( 'NONE', *, *, #4252, .F. ) ;
#3141 = FILL_AREA_STYLE ('',( #3151 ) ) ;
#3142 = ORIENTED_EDGE ( 'NONE', *, *, #4097, .T. ) ;
#3143 =( NAMED_UNIT ( * ) SI_UNIT ( $, .STERADIAN. ) SOLID_ANGLE_UNIT ( ) );
#3144 =( NAMED_UNIT ( * ) PLANE_ANGLE_UNIT ( ) SI_UNIT ( $, .RADIAN. ) );
#3145 = VECTOR ( 'NONE', #1061, 1000.000000000000000 ) ;
#3146 = PRESENTATION_STYLE_ASSIGNMENT (( #2612 ) ) ;
#3147 = ORIENTED_EDGE ( 'NONE', *, *, #2427, .T. ) ;
#3148 = CARTESIAN_POINT ( 'NONE',  ( 4.015000000000052100, 1.039999999999999600, 2.049999999999996300 ) ) ;
#3149 = VERTEX_POINT ( 'NONE', #4668 ) ;
#3150 =( LENGTH_UNIT ( ) NAMED_UNIT ( * ) SI_UNIT ( .MILLI., .METRE. ) );
#3151 = FILL_AREA_STYLE_COLOUR ( '', #4205 ) ;
#3152 = ORIENTED_EDGE ( 'NONE', *, *, #1590, .F. ) ;
#3153 = VECTOR ( 'NONE', #2698, 1000.000000000000000 ) ;
#3154 = FILL_AREA_STYLE_COLOUR ( '', #3290 ) ;
#3155 = SURFACE_STYLE_USAGE ( .BOTH. , #3162 ) ;
#3156 = CIRCLE ( 'NONE', #374, 0.1599999999999999800 ) ;
#3157 = DIRECTION ( 'NONE',  ( 0.0000000000000000000, 0.0000000000000000000, 1.000000000000000000 ) ) ;
#3158 = DIRECTION ( 'NONE',  ( 1.000000000000000000, 0.0000000000000000000, 0.0000000000000000000 ) ) ;
#3159 = ORIENTED_EDGE ( 'NONE', *, *, #3119, .F. ) ;
#3160 = PLANE ( 'NONE',  #2120 ) ;
#3161 = DIRECTION ( 'NONE',  ( -1.000000000000000000, 0.0000000000000000000, 0.0000000000000000000 ) ) ;
#3162 = SURFACE_SIDE_STYLE ('',( #574 ) ) ;
#3163 = DIRECTION ( 'NONE',  ( -0.0000000000000000000, -0.0000000000000000000, -1.000000000000000000 ) ) ;
#3164 = CARTESIAN_POINT ( 'NONE',  ( -4.174999999999970500, 1.049999999999998900, -1.024999999999998100 ) ) ;
#3165 = ORIENTED_EDGE ( 'NONE', *, *, #2292, .T. ) ;
#3166 = FILL_AREA_STYLE ('',( #3211 ) ) ;
#3167 = ORIENTED_EDGE ( 'NONE', *, *, #2998, .T. ) ;
#3168 = VECTOR ( 'NONE', #174, 1000.000000000000000 ) ;
#3169 = STYLED_ITEM ( 'NONE', ( #1799 ), #268 ) ;
#3170 = VECTOR ( 'NONE', #1729, 1000.000000000000000 ) ;
#3171 = CARTESIAN_POINT ( 'NONE',  ( -4.024999999999970200, 1.040000000000000000, 1.024999999999994400 ) ) ;
#3172 = DIRECTION ( 'NONE',  ( 0.0000000000000000000, 1.000000000000000000, -0.0000000000000000000 ) ) ;
#3173 = COLOUR_RGB ( '',0.1529411764705882500, 1.000000000000000000, 0.1529411764705882500 ) ;
#3174 = MECHANICAL_DESIGN_GEOMETRIC_PRESENTATION_REPRESENTATION (  '', ( #4743 ), #3963 ) ;
#3175 = VECTOR ( 'NONE', #4009, 1000.000000000000000 ) ;
#3176 =( NAMED_UNIT ( * ) SI_UNIT ( $, .STERADIAN. ) SOLID_ANGLE_UNIT ( ) );
#3177 = EDGE_CURVE ( 'NONE', #3749, #1676, #1978, .T. ) ;
#3178 = COLOUR_RGB ( '',0.6588235294117647000, 0.6196078431372549200, 0.5607843137254902000 ) ;
#3179 = CARTESIAN_POINT ( 'NONE',  ( -4.174999999999970500, 1.049999999999998900, 1.024999999999994100 ) ) ;
#3180 = SURFACE_STYLE_FILL_AREA ( #3533 ) ;
#3181 = SURFACE_SIDE_STYLE ('',( #4173 ) ) ;
#3182 =( NAMED_UNIT ( * ) PLANE_ANGLE_UNIT ( ) SI_UNIT ( $, .RADIAN. ) );
#3183 = VERTEX_POINT ( 'NONE', #4618 ) ;
#3184 =( LENGTH_UNIT ( ) NAMED_UNIT ( * ) SI_UNIT ( .MILLI., .METRE. ) );
#3185 = EDGE_CURVE ( 'NONE', #615, #686, #138, .T. ) ;
#3186 = CARTESIAN_POINT ( 'NONE',  ( 2.875000000000017800, 0.3800000000000122700, 2.200000000000021500 ) ) ;
#3187 = ORIENTED_EDGE ( 'NONE', *, *, #2262, .T. ) ;
#3188 = VECTOR ( 'NONE', #4735, 1000.000000000000000 ) ;
#3189 = VERTEX_POINT ( 'NONE', #4606 ) ;
#3190 = SURFACE_STYLE_USAGE ( .BOTH. , #3181 ) ;
#3191 = ORIENTED_EDGE ( 'NONE', *, *, #1782, .F. ) ;
#3192 =( LENGTH_UNIT ( ) NAMED_UNIT ( * ) SI_UNIT ( .MILLI., .METRE. ) );
#3193 = SURFACE_STYLE_USAGE ( .BOTH. , #3207 ) ;
#3194 = CARTESIAN_POINT ( 'NONE',  ( -4.174999999999970500, -17.26293531905800200, -1.024999999999998100 ) ) ;
#3195 = VERTEX_POINT ( 'NONE', #4598 ) ;
#3196 =( NAMED_UNIT ( * ) PLANE_ANGLE_UNIT ( ) SI_UNIT ( $, .RADIAN. ) );
#3197 = COLOUR_RGB ( '',0.6588235294117647000, 0.6196078431372549200, 0.5607843137254902000 ) ;
#3198 = LINE ( 'NONE', #4760, #2327 ) ;
#3199 = EDGE_LOOP ( 'NONE', ( #4857, #3236, #3445, #3117, #4900, #3649, #1009, #4889 ) ) ;
#3200 = ORIENTED_EDGE ( 'NONE', *, *, #3185, .F. ) ;
#3201 = PRODUCT_DEFINITION_CONTEXT ( 'detailed design', #2305, 'design' ) ;
#3202 = PRESENTATION_LAYER_ASSIGNMENT (  '', '', ( #3169 ) ) ;
#3203 = CARTESIAN_POINT ( 'NONE',  ( 4.175000000000052200, -17.26293531905800200, -2.050000000000051800 ) ) ;
#3204 = ORIENTED_EDGE ( 'NONE', *, *, #2180, .T. ) ;
#3205 = VERTEX_POINT ( 'NONE', #4590 ) ;
#3206 = ORIENTED_EDGE ( 'NONE', *, *, #2174, .F. ) ;
#3207 = SURFACE_SIDE_STYLE ('',( #1272 ) ) ;
#3208 = FILL_AREA_STYLE ('',( #3214 ) ) ;
#3209 = DIRECTION ( 'NONE',  ( 0.0000000000000000000, 1.000000000000000000, 0.0000000000000000000 ) ) ;
#3210 = ORIENTED_EDGE ( 'NONE', *, *, #4097, .F. ) ;
#3211 = FILL_AREA_STYLE_COLOUR ( '', #478 ) ;
#3212 = STYLED_ITEM ( 'NONE', ( #3146 ), #532 ) ;
#3213 =( NAMED_UNIT ( * ) SI_UNIT ( $, .STERADIAN. ) SOLID_ANGLE_UNIT ( ) );
#3214 = FILL_AREA_STYLE_COLOUR ( '', #4960 ) ;
#3215 = UNCERTAINTY_MEASURE_WITH_UNIT (LENGTH_MEASURE( 1.000000000000000100E-005 ), #4652, 'distance_accuracy_value', 'NONE');
#3216 = PLANE ( 'NONE',  #104 ) ;
#3217 = DIRECTION ( 'NONE',  ( -1.000000000000000000, 0.0000000000000000000, 0.0000000000000000000 ) ) ;
#3218 = DIRECTION ( 'NONE',  ( 0.0000000000000000000, 0.0000000000000000000, -1.000000000000000000 ) ) ;
#3219 = CARTESIAN_POINT ( 'NONE',  ( -4.174999999999977600, 0.3500000000000477700, -1.425000000000009600 ) ) ;
#3220 = VERTEX_POINT ( 'NONE', #4758 ) ;
#3221 = PRODUCT ( 'BLE_TypeD1', 'BLE_TypeD1', '', ( #2349 ) ) ;
#3222 = CARTESIAN_POINT ( 'NONE',  ( -3.464999999999976300, 1.039999999999999600, -1.425000000000013100 ) ) ;
#3223 = UNCERTAINTY_MEASURE_WITH_UNIT (LENGTH_MEASURE( 1.000000000000000100E-005 ), #4229, 'distance_accuracy_value', 'NONE');
#3224 = CARTESIAN_POINT ( 'NONE',  ( -3.474999999999977400, 0.0000000000000000000, 0.0000000000000000000 ) ) ;
#3225 = ORIENTED_EDGE ( 'NONE', *, *, #2300, .F. ) ;
#3226 = DIRECTION ( 'NONE',  ( -2.040851148207966600E-015, 1.020425574103983300E-015, 1.000000000000000000 ) ) ;
#3227 = COLOUR_RGB ( '',0.6588235294117647000, 0.6196078431372549200, 0.5607843137254902000 ) ;
#3228 = DIRECTION ( 'NONE',  ( 1.000000000000000000, 0.0000000000000000000, 0.0000000000000000000 ) ) ;
#3229 = VECTOR ( 'NONE', #1226, 1000.000000000000000 ) ;
#3230 = DIRECTION ( 'NONE',  ( -1.000000000000000000, 0.0000000000000000000, 0.0000000000000000000 ) ) ;
#3231 = CARTESIAN_POINT ( 'NONE',  ( 6.450000000000002800, 0.3800000000000000000, 4.800000000000000700 ) ) ;
#3232 = VECTOR ( 'NONE', #3087, 1000.000000000000000 ) ;
#3233 = DIRECTION ( 'NONE',  ( 0.0000000000000000000, 0.0000000000000000000, -1.000000000000000000 ) ) ;
#3234 = CARTESIAN_POINT ( 'NONE',  ( 0.0000000000000000000, 1.200000000000000000, -1.425000000000012300 ) ) ;
#3235 = FILL_AREA_STYLE_COLOUR ( '', #3613 ) ;
#3236 = ORIENTED_EDGE ( 'NONE', *, *, #2694, .F. ) ;
#3237 = ORIENTED_EDGE ( 'NONE', *, *, #4450, .F. ) ;
#3238 = STYLED_ITEM ( 'NONE', ( #1886 ), #415 ) ;
#3239 = DIRECTION ( 'NONE',  ( 0.0000000000000000000, -1.000000000000000000, -0.0000000000000000000 ) ) ;
#3240 = UNCERTAINTY_MEASURE_WITH_UNIT (LENGTH_MEASURE( 1.000000000000000100E-005 ), #1073, 'distance_accuracy_value', 'NONE');
#3241 = VERTEX_POINT ( 'NONE', #4573 ) ;
#3242 = VECTOR ( 'NONE', #74, 1000.000000000000200 ) ;
#3243 = DIRECTION ( 'NONE',  ( 1.000000000000000000, 0.0000000000000000000, 0.0000000000000000000 ) ) ;
#3244 = ORIENTED_EDGE ( 'NONE', *, *, #458, .F. ) ;
#3245 = LINE ( 'NONE', #1840, #3170 ) ;
#3246 = UNCERTAINTY_MEASURE_WITH_UNIT (LENGTH_MEASURE( 1.000000000000000100E-005 ), #3859, 'distance_accuracy_value', 'NONE');
#3247 = DIRECTION ( 'NONE',  ( -1.000000000000000000, 0.0000000000000000000, -0.0000000000000000000 ) ) ;
#3248 =( GEOMETRIC_REPRESENTATION_CONTEXT ( 3 ) GLOBAL_UNCERTAINTY_ASSIGNED_CONTEXT ( ( #1152 ) ) GLOBAL_UNIT_ASSIGNED_CONTEXT ( ( #284, #290, #296 ) ) REPRESENTATION_CONTEXT ( 'NONE', 'WORKASPACE' ) );
#3249 = ORIENTED_EDGE ( 'NONE', *, *, #217, .F. ) ;
#3250 = CARTESIAN_POINT ( 'NONE',  ( -2.624999999999982200, 1.050000000000000000, 0.0000000000000000000 ) ) ;
#3251 = DIRECTION ( 'NONE',  ( 0.0000000000000000000, 0.0000000000000000000, -1.000000000000000000 ) ) ;
#3252 = FACE_OUTER_BOUND ( 'NONE', #4267, .T. ) ;
#3253 = EDGE_LOOP ( 'NONE', ( #1471, #4988, #3934, #2606 ) ) ;
#3254 = CARTESIAN_POINT ( 'NONE',  ( 3.075000000000007300, -17.26293531905800200, 0.8250000000000201600 ) ) ;
#3255 = VECTOR ( 'NONE', #358, 1000.000000000000000 ) ;
#3256 = VERTEX_POINT ( 'NONE', #4582 ) ;
#3257 = MECHANICAL_DESIGN_GEOMETRIC_PRESENTATION_REPRESENTATION (  '', ( #91 ), #2655 ) ;
#3258 = DIRECTION ( 'NONE',  ( 2.710505431213761100E-016, 0.0000000000000000000, 1.000000000000000000 ) ) ;
#3259 = EDGE_CURVE ( 'NONE', #779, #3538, #4111, .T. ) ;
#3260 = ORIENTED_EDGE ( 'NONE', *, *, #4629, .T. ) ;
#3261 = CARTESIAN_POINT ( 'NONE',  ( 3.075000000000006800, 1.199999999999999700, -0.4250000000000074300 ) ) ;
#3262 = VECTOR ( 'NONE', #1320, 1000.000000000000000 ) ;
#3263 = CARTESIAN_POINT ( 'NONE',  ( 2.947347000000045900, 0.6500000000000048000, -2.199999999999963800 ) ) ;
#3264 = LINE ( 'NONE', #1349, #1658 ) ;
#3265 = PLANE ( 'NONE',  #1282 ) ;
#3266 = SURFACE_STYLE_USAGE ( .BOTH. , #4838 ) ;
#3267 = DIRECTION ( 'NONE',  ( 0.0000000000000000000, -0.0000000000000000000, 1.000000000000000000 ) ) ;
#3268 = PLANE ( 'NONE',  #1155 ) ;
#3269 = FILL_AREA_STYLE ('',( #3670 ) ) ;
#3270 = EDGE_LOOP ( 'NONE', ( #7, #1067, #5015, #86 ) ) ;
#3271 = PRESENTATION_LAYER_ASSIGNMENT (  '', '', ( #816 ) ) ;
#3272 = AXIS2_PLACEMENT_3D ( 'NONE', #304, #311, #320 ) ;
#3273 = EDGE_LOOP ( 'NONE', ( #3680, #4526, #1323, #2803 ) ) ;
#3274 = CARTESIAN_POINT ( 'NONE',  ( -3.024999999999932000, 1.049999999999999800, 2.049999999999996300 ) ) ;
#3275 = SURFACE_STYLE_USAGE ( .BOTH. , #3891 ) ;
#3276 = EDGE_LOOP ( 'NONE', ( #2710, #3120, #1566, #4228 ) ) ;
#3277 = LINE ( 'NONE', #339, #4610 ) ;
#3278 = ADVANCED_FACE ( 'NONE', ( #4815 ), #4559, .T. ) ;
#3279 = STYLED_ITEM ( 'NONE', ( #3851 ), #204 ) ;
#3280 =( GEOMETRIC_REPRESENTATION_CONTEXT ( 3 ) GLOBAL_UNCERTAINTY_ASSIGNED_CONTEXT ( ( #274 ) ) GLOBAL_UNIT_ASSIGNED_CONTEXT ( ( #2522, #2527, #2537 ) ) REPRESENTATION_CONTEXT ( 'NONE', 'WORKASPACE' ) );
#3281 = VERTEX_POINT ( 'NONE', #189 ) ;
#3282 =( LENGTH_UNIT ( ) NAMED_UNIT ( * ) SI_UNIT ( .MILLI., .METRE. ) );
#3283 = DIRECTION ( 'NONE',  ( 0.0000000000000000000, 0.0000000000000000000, 1.000000000000000000 ) ) ;
#3284 = ORIENTED_EDGE ( 'NONE', *, *, #2998, .F. ) ;
#3285 = CARTESIAN_POINT ( 'NONE',  ( -2.624999999999981300, 1.049999999999999800, -2.050000000000051800 ) ) ;
#3286 =( NAMED_UNIT ( * ) PLANE_ANGLE_UNIT ( ) SI_UNIT ( $, .RADIAN. ) );
#3287 = AXIS2_PLACEMENT_3D ( 'NONE', #598, #515, #704 ) ;
#3288 = CARTESIAN_POINT ( 'NONE',  ( 3.625000000000002200, 0.5100000000000457500, 0.4250000000000130300 ) ) ;
#3289 = COLOUR_RGB ( '',0.6588235294117647000, 0.6196078431372549200, 0.5607843137254902000 ) ;
#3290 = COLOUR_RGB ( '',0.6588235294117647000, 0.6196078431372549200, 0.5607843137254902000 ) ;
#3291 = PLANE ( 'NONE',  #2100 ) ;
#3292 = ORIENTED_EDGE ( 'NONE', *, *, #271, .T. ) ;
#3293 = VECTOR ( 'NONE', #3662, 1000.000000000000000 ) ;
#3294 = CARTESIAN_POINT ( 'NONE',  ( 6.450000000000000200, 0.0000000000000000000, -4.799999999999999800 ) ) ;
#3295 = CARTESIAN_POINT ( 'NONE',  ( -6.450000000000000200, 0.3800000000000000000, 0.0000000000000000000 ) ) ;
#3296 = SURFACE_STYLE_FILL_AREA ( #3365 ) ;
#3297 = VERTEX_POINT ( 'NONE', #4476 ) ;
#3298 = DIRECTION ( 'NONE',  ( -0.0000000000000000000, -1.000000000000000000, -0.0000000000000000000 ) ) ;
#3299 = CARTESIAN_POINT ( 'NONE',  ( -3.464999999999976300, 1.039999999999999600, -2.200000000000035300 ) ) ;
#3300 = CIRCLE ( 'NONE', #504, 0.1599999999999999800 ) ;
#3301 = EDGE_LOOP ( 'NONE', ( #4751, #248, #4122, #4099 ) ) ;
#3302 = UNCERTAINTY_MEASURE_WITH_UNIT (LENGTH_MEASURE( 1.000000000000000100E-005 ), #4488, 'distance_accuracy_value', 'NONE');
#3303 = DIRECTION ( 'NONE',  ( -1.000000000000000000, 0.0000000000000000000, 0.0000000000000000000 ) ) ;
#3304 = VECTOR ( 'NONE', #391, 1000.000000000000000 ) ;
#3305 = DIRECTION ( 'NONE',  ( -0.0000000000000000000, -1.000000000000000000, -0.0000000000000000000 ) ) ;
#3306 = LINE ( 'NONE', #1086, #4046 ) ;
#3307 =( NAMED_UNIT ( * ) SI_UNIT ( $, .STERADIAN. ) SOLID_ANGLE_UNIT ( ) );
#3308 = ORIENTED_EDGE ( 'NONE', *, *, #711, .F. ) ;
#3309 = FILL_AREA_STYLE_COLOUR ( '', #3289 ) ;
#3310 = DIRECTION ( 'NONE',  ( 0.0000000000000000000, 1.000000000000000000, 0.0000000000000000000 ) ) ;
#3311 = DIRECTION ( 'NONE',  ( -0.2588214418262129700, -0.9659251840857036000, 0.0000000000000000000 ) ) ;
#3312 = ORIENTED_EDGE ( 'NONE', *, *, #1201, .T. ) ;
#3313 = SURFACE_STYLE_FILL_AREA ( #5004 ) ;
#3314 = CARTESIAN_POINT ( 'NONE',  ( 6.450000000000002000, 0.3800000000000000000, -4.799999999999999800 ) ) ;
#3315 = ORIENTED_EDGE ( 'NONE', *, *, #2680, .T. ) ;
#3316 = CARTESIAN_POINT ( 'NONE',  ( 2.947347000000045500, 0.6500000000000048000, -10.86684353621791400 ) ) ;
#3317 = ORIENTED_EDGE ( 'NONE', *, *, #4289, .F. ) ;
#3318 = AXIS2_PLACEMENT_3D ( 'NONE', #807, #814, #828 ) ;
#3319 = LINE ( 'NONE', #2351, #461 ) ;
#3320 = FILL_AREA_STYLE ('',( #3235 ) ) ;
#3321 = FILL_AREA_STYLE ('',( #4058 ) ) ;
#3322 = EDGE_LOOP ( 'NONE', ( #4256, #4230, #1325, #3408, #1264, #2251, #140, #1838 ) ) ;
#3323 = DIRECTION ( 'NONE',  ( 0.0000000000000000000, -0.0000000000000000000, 1.000000000000000000 ) ) ;
#3324 = FACE_OUTER_BOUND ( 'NONE', #3397, .T. ) ;
#3325 = SURFACE_SIDE_STYLE ('',( #3645 ) ) ;
#3326 = SURFACE_STYLE_USAGE ( .BOTH. , #3325 ) ;
#3327 = LINE ( 'NONE', #1400, #4071 ) ;
#3328 = AXIS2_PLACEMENT_3D ( 'NONE', #2264, #2286, #2647 ) ;
#3329 = CARTESIAN_POINT ( 'NONE',  ( 3.075000000000006800, 1.049999999999999800, 0.4250000000000087000 ) ) ;
#3330 = VERTEX_POINT ( 'NONE', #4479 ) ;
#3331 = SURFACE_STYLE_USAGE ( .BOTH. , #239 ) ;
#3332 = PRESENTATION_STYLE_ASSIGNMENT (( #2424 ) ) ;
#3333 = UNCERTAINTY_MEASURE_WITH_UNIT (LENGTH_MEASURE( 1.000000000000000100E-005 ), #947, 'distance_accuracy_value', 'NONE');
#3334 = CARTESIAN_POINT ( 'NONE',  ( 2.709999999999999500, 0.3800000000000000000, -4.309999999999998700 ) ) ;
#3335 =( NAMED_UNIT ( * ) PLANE_ANGLE_UNIT ( ) SI_UNIT ( $, .RADIAN. ) );
#3336 = CARTESIAN_POINT ( 'NONE',  ( -4.014999999999972100, 1.200000000000000000, 0.0000000000000000000 ) ) ;
#3337 = VERTEX_POINT ( 'NONE', #4471 ) ;
#3338 = LINE ( 'NONE', #4802, #2653 ) ;
#3339 = UNCERTAINTY_MEASURE_WITH_UNIT (LENGTH_MEASURE( 1.000000000000000100E-005 ), #4850, 'distance_accuracy_value', 'NONE');
#3340 =( LENGTH_UNIT ( ) NAMED_UNIT ( * ) SI_UNIT ( .MILLI., .METRE. ) );
#3341 = ORIENTED_EDGE ( 'NONE', *, *, #2273, .T. ) ;
#3342 = SURFACE_STYLE_FILL_AREA ( #3269 ) ;
#3343 = STYLED_ITEM ( 'NONE', ( #1532 ), #88 ) ;
#3344 = DIRECTION ( 'NONE',  ( 0.0000000000000000000, -0.0000000000000000000, -1.000000000000000000 ) ) ;
#3345 = VERTEX_POINT ( 'NONE', #4487 ) ;
#3346 = VECTOR ( 'NONE', #3869, 1000.000000000000000 ) ;
#3347 = CARTESIAN_POINT ( 'NONE',  ( 14.22812472918243500, 1.039999999999999800, 2.190000000000018600 ) ) ;
#3348 = UNCERTAINTY_MEASURE_WITH_UNIT (LENGTH_MEASURE( 1.000000000000000100E-005 ), #1265, 'distance_accuracy_value', 'NONE');
#3349 = ORIENTED_EDGE ( 'NONE', *, *, #3129, .T. ) ;
#3350 = DIRECTION ( 'NONE',  ( 0.0000000000000000000, 0.0000000000000000000, -1.000000000000000000 ) ) ;
#3351 = EDGE_LOOP ( 'NONE', ( #3908, #303, #4447, #3454 ) ) ;
#3352 = AXIS2_PLACEMENT_3D ( 'NONE', #31, #37, #49 ) ;
#3353 = UNCERTAINTY_MEASURE_WITH_UNIT (LENGTH_MEASURE( 1.000000000000000100E-005 ), #4130, 'distance_accuracy_value', 'NONE');
#3354 = VECTOR ( 'NONE', #1003, 1000.000000000000000 ) ;
#3355 = VECTOR ( 'NONE', #4927, 1000.000000000000000 ) ;
#3356 = VECTOR ( 'NONE', #3679, 1000.000000000000000 ) ;
#3357 = DIRECTION ( 'NONE',  ( 1.000000000000000000, 0.0000000000000000000, 0.0000000000000000000 ) ) ;
#3358 = PRESENTATION_STYLE_ASSIGNMENT (( #3372 ) ) ;
#3359 = EDGE_LOOP ( 'NONE', ( #3946, #4364, #4862, #510 ) ) ;
#3360 = FILL_AREA_STYLE ('',( #3461 ) ) ;
#3361 = LINE ( 'NONE', #3203, #4063 ) ;
#3362 =( GEOMETRIC_REPRESENTATION_CONTEXT ( 3 ) GLOBAL_UNCERTAINTY_ASSIGNED_CONTEXT ( ( #2964 ) ) GLOBAL_UNIT_ASSIGNED_CONTEXT ( ( #2452, #822, #2451 ) ) REPRESENTATION_CONTEXT ( 'NONE', 'WORKASPACE' ) );
#3363 = PRODUCT_DEFINITION_SHAPE ( 'NONE', 'NONE',  #5022 ) ;
#3364 = DIRECTION ( 'NONE',  ( -0.0000000000000000000, -1.000000000000000000, -0.0000000000000000000 ) ) ;
#3365 = FILL_AREA_STYLE ('',( #3309 ) ) ;
#3366 = SURFACE_STYLE_FILL_AREA ( #4600 ) ;
#3367 = CARTESIAN_POINT ( 'NONE',  ( 2.875000000000017800, 0.3800000000000122200, -2.199999999999964700 ) ) ;
#3368 = CARTESIAN_POINT ( 'NONE',  ( 3.625000000000002200, 0.5100000000000457500, -0.4250000000000043700 ) ) ;
#3369 = EDGE_CURVE ( 'NONE', #4427, #1676, #1808, .T. ) ;
#3370 = EDGE_CURVE ( 'NONE', #2291, #151, #1108, .T. ) ;
#3371 = SURFACE_SIDE_STYLE ('',( #3296 ) ) ;
#3372 = SURFACE_STYLE_USAGE ( .BOTH. , #3371 ) ;
#3373 = FACE_OUTER_BOUND ( 'NONE', #2190, .T. ) ;
#3374 = ORIENTED_EDGE ( 'NONE', *, *, #3952, .F. ) ;
#3375 = CARTESIAN_POINT ( 'NONE',  ( -6.450000000000000200, 0.0000000000000000000, -4.799999999999998000 ) ) ;
#3376 = CARTESIAN_POINT ( 'NONE',  ( -3.464999999999976300, 1.200000000000000000, 1.425000000000009600 ) ) ;
#3377 = VECTOR ( 'NONE', #76, 1000.000000000000000 ) ;
#3378 = CARTESIAN_POINT ( 'NONE',  ( 3.875000000000017300, 1.039999999999999600, 2.200000000000018800 ) ) ;
#3379 = DIRECTION ( 'NONE',  ( -0.0000000000000000000, -1.000000000000000000, -0.0000000000000000000 ) ) ;
#3380 = VERTEX_POINT ( 'NONE', #4426 ) ;
#3381 = CARTESIAN_POINT ( 'NONE',  ( -3.464999999999976300, 1.039999999999999600, 13.50779316071252400 ) ) ;
#3382 = DIRECTION ( 'NONE',  ( -0.0000000000000000000, 0.0000000000000000000, -1.000000000000000000 ) ) ;
#3383 = ORIENTED_EDGE ( 'NONE', *, *, #2329, .T. ) ;
#3384 = DIRECTION ( 'NONE',  ( 1.000000000000000000, -0.0000000000000000000, 0.0000000000000000000 ) ) ;
#3385 = VERTEX_POINT ( 'NONE', #4421 ) ;
#3386 = LINE ( 'NONE', #3704, #4083 ) ;
#3387 =( LENGTH_UNIT ( ) NAMED_UNIT ( * ) SI_UNIT ( .MILLI., .METRE. ) );
#3388 = VECTOR ( 'NONE', #1399, 1000.000000000000000 ) ;
#3389 =( LENGTH_UNIT ( ) NAMED_UNIT ( * ) SI_UNIT ( .MILLI., .METRE. ) );
#3390 = CARTESIAN_POINT ( 'NONE',  ( -3.474999999999977400, 1.040000000000000000, 0.0000000000000000000 ) ) ;
#3391 = ORIENTED_EDGE ( 'NONE', *, *, #2369, .F. ) ;
#3392 = STYLED_ITEM ( 'NONE', ( #4839 ), #233 ) ;
#3393 = CARTESIAN_POINT ( 'NONE',  ( -3.634999999999984700, 0.5000000000000457400, -2.200000000000021500 ) ) ;
#3394 = PRESENTATION_STYLE_ASSIGNMENT (( #1268 ) ) ;
#3395 = CARTESIAN_POINT ( 'NONE',  ( 3.475000000000003200, 1.039999999999999600, -0.4250000000000078200 ) ) ;
#3396 = FACE_OUTER_BOUND ( 'NONE', #3526, .T. ) ;
#3397 = EDGE_LOOP ( 'NONE', ( #2000, #1094, #1859, #3406 ) ) ;
#3398 = COLOUR_RGB ( '',0.6588235294117647000, 0.6196078431372549200, 0.5607843137254902000 ) ;
#3399 = MECHANICAL_DESIGN_GEOMETRIC_PRESENTATION_REPRESENTATION (  '', ( #2746 ), #2442 ) ;
#3400 = PRESENTATION_STYLE_ASSIGNMENT (( #2215 ) ) ;
#3401 = PRESENTATION_STYLE_ASSIGNMENT (( #4792 ) ) ;
#3402 = ORIENTED_EDGE ( 'NONE', *, *, #4391, .T. ) ;
#3403 = CARTESIAN_POINT ( 'NONE',  ( 2.409999999999998800, 0.6800000000000000500, -4.609999999999998500 ) ) ;
#3404 = UNCERTAINTY_MEASURE_WITH_UNIT (LENGTH_MEASURE( 1.000000000000000100E-005 ), #4514, 'distance_accuracy_value', 'NONE');
#3405 = DIRECTION ( 'NONE',  ( 1.000000000000000000, 0.0000000000000000000, 0.0000000000000000000 ) ) ;
#3406 = ORIENTED_EDGE ( 'NONE', *, *, #2360, .F. ) ;
#3407 =( NAMED_UNIT ( * ) SI_UNIT ( $, .STERADIAN. ) SOLID_ANGLE_UNIT ( ) );
#3408 = ORIENTED_EDGE ( 'NONE', *, *, #2988, .T. ) ;
#3409 = CARTESIAN_POINT ( 'NONE',  ( -4.014999999999972100, 1.049999999999999400, 12.19239106447607800 ) ) ;
#3410 = DIRECTION ( 'NONE',  ( 0.0000000000000000000, 0.0000000000000000000, -1.000000000000000000 ) ) ;
#3411 = EDGE_LOOP ( 'NONE', ( #4721, #3029, #4316, #4338 ) ) ;
#3412 = LINE ( 'NONE', #467, #4550 ) ;
#3413 = DIRECTION ( 'NONE',  ( 1.000000000000000000, 0.0000000000000000000, 0.0000000000000000000 ) ) ;
#3414 = CARTESIAN_POINT ( 'NONE',  ( 4.025000000000051900, -8.673617379884035500E-016, 0.0000000000000000000 ) ) ;
#3415 = DIRECTION ( 'NONE',  ( 0.0000000000000000000, 0.0000000000000000000, -1.000000000000000000 ) ) ;
#3416 = CARTESIAN_POINT ( 'NONE',  ( 4.175000000000052200, 1.049999999999998900, -2.050000000000051800 ) ) ;
#3417 = FACE_OUTER_BOUND ( 'NONE', #2345, .T. ) ;
#3418 = VECTOR ( 'NONE', #2491, 1000.000000000000000 ) ;
#3419 =( NAMED_UNIT ( * ) SI_UNIT ( $, .STERADIAN. ) SOLID_ANGLE_UNIT ( ) );
#3420 = COLOUR_RGB ( '',0.6588235294117647000, 0.6196078431372549200, 0.5607843137254902000 ) ;
#3421 =( NAMED_UNIT ( * ) PLANE_ANGLE_UNIT ( ) SI_UNIT ( $, .RADIAN. ) );
#3422 = VECTOR ( 'NONE', #1652, 1000.000000000000000 ) ;
#3423 = DIRECTION ( 'NONE',  ( -0.0000000000000000000, -0.0000000000000000000, 1.000000000000000000 ) ) ;
#3424 = EDGE_LOOP ( 'NONE', ( #294, #4093, #1401, #3476 ) ) ;
#3425 = UNCERTAINTY_MEASURE_WITH_UNIT (LENGTH_MEASURE( 1.000000000000000100E-005 ), #4104, 'distance_accuracy_value', 'NONE');
#3426 = PRESENTATION_LAYER_ASSIGNMENT (  '', '', ( #2852 ) ) ;
#3427 = AXIS2_PLACEMENT_3D ( 'NONE', #2550, #2556, #2564 ) ;
#3428 =( NAMED_UNIT ( * ) SI_UNIT ( $, .STERADIAN. ) SOLID_ANGLE_UNIT ( ) );
#3429 = LINE ( 'NONE', #4254, #907 ) ;
#3430 = DIRECTION ( 'NONE',  ( -0.0000000000000000000, -0.0000000000000000000, -1.000000000000000000 ) ) ;
#3431 = LINE ( 'NONE', #2844, #2894 ) ;
#3432 =( NAMED_UNIT ( * ) PLANE_ANGLE_UNIT ( ) SI_UNIT ( $, .RADIAN. ) );
#3433 = EDGE_CURVE ( 'NONE', #4004, #3345, #1920, .T. ) ;
#3434 = DIRECTION ( 'NONE',  ( -1.000000000000000000, 0.0000000000000000000, 0.0000000000000000000 ) ) ;
#3435 = CARTESIAN_POINT ( 'NONE',  ( -3.474999999999976600, 1.039999999999999600, 2.200000000000006800 ) ) ;
#3436 = UNCERTAINTY_MEASURE_WITH_UNIT (LENGTH_MEASURE( 1.000000000000000100E-005 ), #3184, 'distance_accuracy_value', 'NONE');
#3437 = FILL_AREA_STYLE_COLOUR ( '', #2801 ) ;
#3438 =( LENGTH_UNIT ( ) NAMED_UNIT ( * ) SI_UNIT ( .MILLI., .METRE. ) );
#3439 = SURFACE_STYLE_USAGE ( .BOTH. , #3443 ) ;
#3440 = EDGE_CURVE ( 'NONE', #3749, #2146, #1096, .T. ) ;
#3441 = CYLINDRICAL_SURFACE ( 'NONE', #3328, 0.1599999999999999800 ) ;
#3442 =( NAMED_UNIT ( * ) SI_UNIT ( $, .STERADIAN. ) SOLID_ANGLE_UNIT ( ) );
#3443 = SURFACE_SIDE_STYLE ('',( #4510 ) ) ;
#3444 = EDGE_LOOP ( 'NONE', ( #4314, #4259, #4469, #305 ) ) ;
#3445 = ORIENTED_EDGE ( 'NONE', *, *, #2697, .F. ) ;
#3446 = LINE ( 'NONE', #4547, #1716 ) ;
#3447 = FILL_AREA_STYLE ('',( #3620 ) ) ;
#3448 = CARTESIAN_POINT ( 'NONE',  ( 4.015000000000052100, 1.050000000000000000, 0.8250000000000214900 ) ) ;
#3449 = PLANE ( 'NONE',  #1260 ) ;
#3450 = VERTEX_POINT ( 'NONE', #4403 ) ;
#3451 =( GEOMETRIC_REPRESENTATION_CONTEXT ( 3 ) GLOBAL_UNCERTAINTY_ASSIGNED_CONTEXT ( ( #1555 ) ) GLOBAL_UNIT_ASSIGNED_CONTEXT ( ( #616, #627, #644 ) ) REPRESENTATION_CONTEXT ( 'NONE', 'WORKASPACE' ) );
#3452 = PLANE ( 'NONE',  #120 ) ;
#3453 = DIRECTION ( 'NONE',  ( -0.0000000000000000000, -0.0000000000000000000, -1.000000000000000000 ) ) ;
#3454 = ORIENTED_EDGE ( 'NONE', *, *, #2244, .T. ) ;
#3455 = DIRECTION ( 'NONE',  ( 0.0000000000000000000, 0.0000000000000000000, 1.000000000000000000 ) ) ;
#3456 = SURFACE_SIDE_STYLE ('',( #518 ) ) ;
#3457 = COLOUR_RGB ( '',0.6588235294117647000, 0.6196078431372549200, 0.5607843137254902000 ) ;
#3458 = FACE_OUTER_BOUND ( 'NONE', #3019, .T. ) ;
#3459 = DIRECTION ( 'NONE',  ( 0.0000000000000000000, 0.0000000000000000000, 1.000000000000000000 ) ) ;
#3460 = VERTEX_POINT ( 'NONE', #4394 ) ;
#3461 = FILL_AREA_STYLE_COLOUR ( '', #2994 ) ;
#3462 = ITEM_DEFINED_TRANSFORMATION ( 'NONE', 'NONE', #1804,  #17 ) ;
#3463 = CONTEXT_DEPENDENT_SHAPE_REPRESENTATION ( #889, #2944 ) ;
#3464 = FILL_AREA_STYLE ('',( #4851 ) ) ;
#3465 = EDGE_CURVE ( 'NONE', #3189, #2064, #2399, .T. ) ;
#3466 = PRESENTATION_STYLE_ASSIGNMENT (( #4412 ) ) ;
#3467 = CARTESIAN_POINT ( 'NONE',  ( 4.015000000000052100, 1.039999999999999600, -12.91516708532257200 ) ) ;
#3468 = FACE_OUTER_BOUND ( 'NONE', #346, .T. ) ;
#3469 = VECTOR ( 'NONE', #748, 1000.000000000000000 ) ;
#3470 = CARTESIAN_POINT ( 'NONE',  ( 3.875000000000029800, 1.200000000000000000, -2.189999999999963100 ) ) ;
#3471 = ORIENTED_EDGE ( 'NONE', *, *, #2068, .T. ) ;
#3472 = CARTESIAN_POINT ( 'NONE',  ( 4.015000000000052100, 1.039999999999999600, -2.050000000000046500 ) ) ;
#3473 = SURFACE_SIDE_STYLE ('',( #4365 ) ) ;
#3474 = EDGE_LOOP ( 'NONE', ( #4918, #2010, #4285, #4708 ) ) ;
#3475 = MECHANICAL_DESIGN_GEOMETRIC_PRESENTATION_REPRESENTATION (  '', ( #1921 ), #4114 ) ;
#3476 = ORIENTED_EDGE ( 'NONE', *, *, #1733, .F. ) ;
#3477 = DIRECTION ( 'NONE',  ( -1.000000000000000000, -1.257247067695986200E-030, 2.238352872228065900E-015 ) ) ;
#3478 = LINE ( 'NONE', #3823, #3168 ) ;
#3479 = ORIENTED_EDGE ( 'NONE', *, *, #3092, .F. ) ;
#3480 = EDGE_CURVE ( 'NONE', #4847, #4747, #636, .T. ) ;
#3481 = COLOUR_RGB ( '',0.6588235294117647000, 0.6196078431372549200, 0.5607843137254902000 ) ;
#3482 = MECHANICAL_DESIGN_GEOMETRIC_PRESENTATION_REPRESENTATION (  '', ( #3212 ), #2379 ) ;
#3483 = CIRCLE ( 'NONE', #573, 0.01000000000000002600 ) ;
#3484 = ORIENTED_EDGE ( 'NONE', *, *, #2937, .T. ) ;
#3485 = UNCERTAINTY_MEASURE_WITH_UNIT (LENGTH_MEASURE( 1.000000000000000100E-005 ), #3756, 'distance_accuracy_value', 'NONE');
#3486 = DIRECTION ( 'NONE',  ( 0.0000000000000000000, 0.0000000000000000000, 1.000000000000000000 ) ) ;
#3487 = DIRECTION ( 'NONE',  ( -1.000000000000000000, 0.0000000000000000000, -0.0000000000000000000 ) ) ;
#3488 = FACE_OUTER_BOUND ( 'NONE', #4569, .T. ) ;
#3489 = SURFACE_STYLE_USAGE ( .BOTH. , #3473 ) ;
#3490 = PRODUCT_DEFINITION ( 'UNKNOWN', '', #3890, #3201 ) ;
#3491 =( LENGTH_UNIT ( ) NAMED_UNIT ( * ) SI_UNIT ( .MILLI., .METRE. ) );
#3492 = FILL_AREA_STYLE ('',( #3542 ) ) ;
#3493 = SURFACE_SIDE_STYLE ('',( #2756 ) ) ;
#3494 = ORIENTED_EDGE ( 'NONE', *, *, #4223, .F. ) ;
#3495 = FACE_OUTER_BOUND ( 'NONE', #4278, .T. ) ;
#3496 = SURFACE_STYLE_USAGE ( .BOTH. , #3493 ) ;
#3497 = DIRECTION ( 'NONE',  ( 0.0000000000000000000, 0.0000000000000000000, -1.000000000000000000 ) ) ;
#3498 = EDGE_CURVE ( 'NONE', #4578, #1303, #4001, .T. ) ;
#3499 =( NAMED_UNIT ( * ) SI_UNIT ( $, .STERADIAN. ) SOLID_ANGLE_UNIT ( ) );
#3500 =( LENGTH_UNIT ( ) NAMED_UNIT ( * ) SI_UNIT ( .MILLI., .METRE. ) );
#3501 = CARTESIAN_POINT ( 'NONE',  ( 0.0000000000000000000, 0.0000000000000000000, 2.200000000000018800 ) ) ;
#3502 = VERTEX_POINT ( 'NONE', #4333 ) ;
#3503 = LINE ( 'NONE', #2581, #4393 ) ;
#3504 = CARTESIAN_POINT ( 'NONE',  ( 4.025000000000051900, 1.039999999999999600, 0.0000000000000000000 ) ) ;
#3505 =( NAMED_UNIT ( * ) PLANE_ANGLE_UNIT ( ) SI_UNIT ( $, .RADIAN. ) );
#3506 = CARTESIAN_POINT ( 'NONE',  ( -3.024999999999932000, 1.050000000000000000, 0.0000000000000000000 ) ) ;
#3507 = PRESENTATION_STYLE_ASSIGNMENT (( #4243 ) ) ;
#3508 = ORIENTED_EDGE ( 'NONE', *, *, #3105, .T. ) ;
#3509 = CARTESIAN_POINT ( 'NONE',  ( 3.635000000000002500, 0.5100000000000459700, 0.4250000000000225800 ) ) ;
#3510 = SURFACE_STYLE_FILL_AREA ( #1739 ) ;
#3511 = UNCERTAINTY_MEASURE_WITH_UNIT (LENGTH_MEASURE( 1.000000000000000100E-005 ), #2830, 'distance_accuracy_value', 'NONE');
#3512 =( NAMED_UNIT ( * ) SI_UNIT ( $, .STERADIAN. ) SOLID_ANGLE_UNIT ( ) );
#3513 =( NAMED_UNIT ( * ) SI_UNIT ( $, .STERADIAN. ) SOLID_ANGLE_UNIT ( ) );
#3514 = ORIENTED_EDGE ( 'NONE', *, *, #3082, .F. ) ;
#3515 = LINE ( 'NONE', #3722, #3950 ) ;
#3516 = FILL_AREA_STYLE ('',( #3953 ) ) ;
#3517 = SURFACE_STYLE_FILL_AREA ( #1443 ) ;
#3518 = UNCERTAINTY_MEASURE_WITH_UNIT (LENGTH_MEASURE( 1.000000000000000100E-005 ), #3389, 'distance_accuracy_value', 'NONE');
#3519 =( NAMED_UNIT ( * ) PLANE_ANGLE_UNIT ( ) SI_UNIT ( $, .RADIAN. ) );
#3520 = ORIENTED_EDGE ( 'NONE', *, *, #711, .T. ) ;
#3521 = FILL_AREA_STYLE_COLOUR ( '', #1576 ) ;
#3522 = ORIENTED_EDGE ( 'NONE', *, *, #669, .F. ) ;
#3523 = DIRECTION ( 'NONE',  ( 1.000000000000000000, 0.0000000000000000000, 0.0000000000000000000 ) ) ;
#3524 =( LENGTH_UNIT ( ) NAMED_UNIT ( * ) SI_UNIT ( .MILLI., .METRE. ) );
#3525 = VERTEX_POINT ( 'NONE', #4337 ) ;
#3526 = EDGE_LOOP ( 'NONE', ( #2254, #2058, #2447, #1755 ) ) ;
#3527 = SURFACE_STYLE_USAGE ( .BOTH. , #3532 ) ;
#3528 = COLOUR_RGB ( '',0.6588235294117647000, 0.6196078431372549200, 0.5607843137254902000 ) ;
#3529 = FILL_AREA_STYLE_COLOUR ( '', #3841 ) ;
#3530 = PRESENTATION_LAYER_ASSIGNMENT (  '', '', ( #2722 ) ) ;
#3531 = FILL_AREA_STYLE_COLOUR ( '', #1858 ) ;
#3532 = SURFACE_SIDE_STYLE ('',( #3180 ) ) ;
#3533 = FILL_AREA_STYLE ('',( #3551 ) ) ;
#3534 = VECTOR ( 'NONE', #2925, 1000.000000000000000 ) ;
#3535 = ORIENTED_EDGE ( 'NONE', *, *, #2885, .T. ) ;
#3536 = DIRECTION ( 'NONE',  ( 0.0000000000000000000, 0.0000000000000000000, -1.000000000000000000 ) ) ;
#3537 = ORIENTED_EDGE ( 'NONE', *, *, #2680, .F. ) ;
#3538 = VERTEX_POINT ( 'NONE', #4327 ) ;
#3539 = DIRECTION ( 'NONE',  ( -1.000000000000000000, 0.0000000000000000000, -0.0000000000000000000 ) ) ;
#3540 = VERTEX_POINT ( 'NONE', #4317 ) ;
#3541 = CIRCLE ( 'NONE', #20, 0.01000000000000002600 ) ;
#3542 = FILL_AREA_STYLE_COLOUR ( '', #2548 ) ;
#3543 = ORIENTED_EDGE ( 'NONE', *, *, #2484, .F. ) ;
#3544 = CARTESIAN_POINT ( 'NONE',  ( -2.624999999999975600, 1.050000000000000000, -2.349999999999963200 ) ) ;
#3545 = ORIENTED_EDGE ( 'NONE', *, *, #999, .T. ) ;
#3546 = SURFACE_STYLE_FILL_AREA ( #608 ) ;
#3547 = DIRECTION ( 'NONE',  ( 0.0000000000000000000, -1.000000000000000000, 0.0000000000000000000 ) ) ;
#3548 = CARTESIAN_POINT ( 'NONE',  ( -2.624999999999975600, -17.26293531905800200, 2.049999999999996300 ) ) ;
#3549 = CARTESIAN_POINT ( 'NONE',  ( 3.465000000000003400, 1.039999999999999600, 0.4250000000000087000 ) ) ;
#3550 = FILL_AREA_STYLE ('',( #2302 ) ) ;
#3551 = FILL_AREA_STYLE_COLOUR ( '', #4936 ) ;
#3552 = EDGE_LOOP ( 'NONE', ( #1249, #1454, #1351, #4131 ) ) ;
#3553 = ORIENTED_EDGE ( 'NONE', *, *, #2343, .T. ) ;
#3554 = PLANE ( 'NONE',  #155 ) ;
#3555 = CARTESIAN_POINT ( 'NONE',  ( 0.0000000000000000000, 1.050000000000000000, 0.8250000000000210500 ) ) ;
#3556 = PRESENTATION_LAYER_ASSIGNMENT (  '', '', ( #3392 ) ) ;
#3557 = DIRECTION ( 'NONE',  ( 5.952979067448854200E-033, 1.595089717086451100E-033, -1.000000000000000000 ) ) ;
#3558 = ORIENTED_EDGE ( 'NONE', *, *, #2380, .F. ) ;
#3559 = PRESENTATION_STYLE_ASSIGNMENT (( #1775 ) ) ;
#3560 = DIRECTION ( 'NONE',  ( -1.000000000000000000, 0.0000000000000000000, -0.0000000000000000000 ) ) ;
#3561 = EDGE_LOOP ( 'NONE', ( #1562, #2838, #3918, #1949 ) ) ;
#3562 = DIRECTION ( 'NONE',  ( 0.0000000000000000000, 0.0000000000000000000, 1.000000000000000000 ) ) ;
#3563 = CARTESIAN_POINT ( 'NONE',  ( -3.474999999999977400, 1.039999999999999600, 1.425000000000009600 ) ) ;
#3564 = ORIENTED_EDGE ( 'NONE', *, *, #2025, .T. ) ;
#3565 = CARTESIAN_POINT ( 'NONE',  ( 2.002654000000049000, 0.6500000000000048000, 10.86684353621796500 ) ) ;
#3566 = DIRECTION ( 'NONE',  ( 0.0000000000000000000, 0.0000000000000000000, -1.000000000000000000 ) ) ;
#3567 = VERTEX_POINT ( 'NONE', #4311 ) ;
#3568 = LINE ( 'NONE', #325, #1279 ) ;
#3569 = CARTESIAN_POINT ( 'NONE',  ( 6.450000000000001100, 0.3800000000000000000, -4.799999999999999800 ) ) ;
#3570 = FILL_AREA_STYLE ('',( #3616 ) ) ;
#3571 = ORIENTED_EDGE ( 'NONE', *, *, #2358, .T. ) ;
#3572 = PLANE ( 'NONE',  #2005 ) ;
#3573 = CARTESIAN_POINT ( 'NONE',  ( 2.947347000000045500, 0.6500000000000048000, 2.350000000000021800 ) ) ;
#3574 = ORIENTED_EDGE ( 'NONE', *, *, #601, .F. ) ;
#3575 = ORIENTED_EDGE ( 'NONE', *, *, #2639, .F. ) ;
#3576 = SURFACE_SIDE_STYLE ('',( #2423 ) ) ;
#3577 = VECTOR ( 'NONE', #731, 1000.000000000000000 ) ;
#3578 = DIRECTION ( 'NONE',  ( -0.0000000000000000000, -0.0000000000000000000, -1.000000000000000000 ) ) ;
#3579 = CARTESIAN_POINT ( 'NONE',  ( 3.634999999999982900, 0.3500000000000558800, 10.10341311811409800 ) ) ;
#3580 = CYLINDRICAL_SURFACE ( 'NONE', #1452, 0.1599999999999995600 ) ;
#3581 = VERTEX_POINT ( 'NONE', #4308 ) ;
#3582 = SURFACE_STYLE_USAGE ( .BOTH. , #3576 ) ;
#3583 = ORIENTED_EDGE ( 'NONE', *, *, #2917, .F. ) ;
#3584 = VECTOR ( 'NONE', #4935, 1000.000000000000000 ) ;
#3585 = CARTESIAN_POINT ( 'NONE',  ( -3.624999999999976500, 1.039999999999999600, 2.200000000000020600 ) ) ;
#3586 = CARTESIAN_POINT ( 'NONE',  ( 3.475000000000002300, 0.5100000000000457500, -0.4250000000000045400 ) ) ;
#3587 = VERTEX_POINT ( 'NONE', #4305 ) ;
#3588 =( LENGTH_UNIT ( ) NAMED_UNIT ( * ) SI_UNIT ( .MILLI., .METRE. ) );
#3589 = DIRECTION ( 'NONE',  ( -0.0000000000000000000, 0.0000000000000000000, 1.000000000000000000 ) ) ;
#3590 = VERTEX_POINT ( 'NONE', #4300 ) ;
#3591 = CARTESIAN_POINT ( 'NONE',  ( -3.634999999999991800, 0.5100000000000243200, -8.253413118114044900 ) ) ;
#3592 = MECHANICAL_DESIGN_GEOMETRIC_PRESENTATION_REPRESENTATION (  '', ( #2891 ), #1313 ) ;
#3593 = DIRECTION ( 'NONE',  ( 2.238352872228222100E-015, 2.238352872228222100E-015, 1.000000000000000000 ) ) ;
#3594 = VERTEX_POINT ( 'NONE', #4334 ) ;
#3595 = CARTESIAN_POINT ( 'NONE',  ( 3.875000000000018200, 0.6500000000000048000, 10.86684353621796500 ) ) ;
#3596 = CARTESIAN_POINT ( 'NONE',  ( 2.875000000000017800, 0.3800000000000122700, 10.86684353621796500 ) ) ;
#3597 = LINE ( 'NONE', #4827, #1759 ) ;
#3598 = FACE_OUTER_BOUND ( 'NONE', #2267, .T. ) ;
#3599 = DIRECTION ( 'NONE',  ( -1.000000000000000000, 0.0000000000000000000, 0.0000000000000000000 ) ) ;
#3600 = DIRECTION ( 'NONE',  ( 0.0000000000000000000, 0.0000000000000000000, 1.000000000000000000 ) ) ;
#3601 =( NAMED_UNIT ( * ) PLANE_ANGLE_UNIT ( ) SI_UNIT ( $, .RADIAN. ) );
#3602 =( NAMED_UNIT ( * ) SI_UNIT ( $, .STERADIAN. ) SOLID_ANGLE_UNIT ( ) );
#3603 = FACE_OUTER_BOUND ( 'NONE', #4150, .T. ) ;
#3604 = LINE ( 'NONE', #2265, #13 ) ;
#3605 = CARTESIAN_POINT ( 'NONE',  ( 3.475000000000002300, -17.26293531905800200, 0.4250000000000087000 ) ) ;
#3606 = UNCERTAINTY_MEASURE_WITH_UNIT (LENGTH_MEASURE( 1.000000000000000100E-005 ), #1754, 'distance_accuracy_value', 'NONE');
#3607 = ORIENTED_EDGE ( 'NONE', *, *, #2369, .T. ) ;
#3608 = SURFACE_STYLE_FILL_AREA ( #331 ) ;
#3609 = ORIENTED_EDGE ( 'NONE', *, *, #2542, .T. ) ;
#3610 = DIRECTION ( 'NONE',  ( -0.0000000000000000000, -0.0000000000000000000, -1.000000000000000000 ) ) ;
#3611 = ORIENTED_EDGE ( 'NONE', *, *, #1220, .T. ) ;
#3612 = VERTEX_POINT ( 'NONE', #4321 ) ;
#3613 = COLOUR_RGB ( '',0.6588235294117647000, 0.6196078431372549200, 0.5607843137254902000 ) ;
#3614 = DIRECTION ( 'NONE',  ( -0.0000000000000000000, 0.0000000000000000000, -1.000000000000000000 ) ) ;
#3615 = DIRECTION ( 'NONE',  ( -5.952979067448854200E-033, -1.595089717086451100E-033, -1.000000000000000000 ) ) ;
#3616 = FILL_AREA_STYLE_COLOUR ( '', #4387 ) ;
#3617 = CARTESIAN_POINT ( 'NONE',  ( -3.624999999999976500, -17.26293531905800200, -2.200000000000035300 ) ) ;
#3618 = ORIENTED_EDGE ( 'NONE', *, *, #2868, .F. ) ;
#3619 = EDGE_CURVE ( 'NONE', #2224, #4262, #874, .T. ) ;
#3620 = FILL_AREA_STYLE_COLOUR ( '', #3398 ) ;
#3621 = ORIENTED_EDGE ( 'NONE', *, *, #3776, .F. ) ;
#3622 = VECTOR ( 'NONE', #4032, 1000.000000000000000 ) ;
#3623 = CARTESIAN_POINT ( 'NONE',  ( -6.450000000000001100, 0.3800000000000000000, 4.800000000000001600 ) ) ;
#3624 = FACE_OUTER_BOUND ( 'NONE', #2979, .T. ) ;
#3625 = LINE ( 'NONE', #4613, #1502 ) ;
#3626 = ORIENTED_EDGE ( 'NONE', *, *, #2917, .T. ) ;
#3627 =( NAMED_UNIT ( * ) PLANE_ANGLE_UNIT ( ) SI_UNIT ( $, .RADIAN. ) );
#3628 = CARTESIAN_POINT ( 'NONE',  ( 3.075000000000006800, 1.050000000000000000, 0.0000000000000000000 ) ) ;
#3629 = SURFACE_STYLE_FILL_AREA ( #4380 ) ;
#3630 = VERTEX_POINT ( 'NONE', #4276 ) ;
#3631 = CARTESIAN_POINT ( 'NONE',  ( -3.024999999999931500, -17.26293531905800200, -2.050000000000051800 ) ) ;
#3632 = CARTESIAN_POINT ( 'NONE',  ( 4.015000000000052100, 1.050000000000000000, 0.0000000000000000000 ) ) ;
#3633 = CARTESIAN_POINT ( 'NONE',  ( 2.002654000000049000, 0.6500000000000048000, -10.86684353621791400 ) ) ;
#3634 = VECTOR ( 'NONE', #3298, 1000.000000000000000 ) ;
#3635 = DIRECTION ( 'NONE',  ( -0.0000000000000000000, 0.0000000000000000000, -1.000000000000000000 ) ) ;
#3636 = DIRECTION ( 'NONE',  ( 0.0000000000000000000, 0.0000000000000000000, -1.000000000000000000 ) ) ;
#3637 = PRESENTATION_STYLE_ASSIGNMENT (( #1453 ) ) ;
#3638 = VECTOR ( 'NONE', #968, 1000.000000000000000 ) ;
#3639 =( LENGTH_UNIT ( ) NAMED_UNIT ( * ) SI_UNIT ( .MILLI., .METRE. ) );
#3640 = VECTOR ( 'NONE', #3382, 1000.000000000000000 ) ;
#3641 = DIRECTION ( 'NONE',  ( -1.000000000000000000, 0.0000000000000000000, -0.0000000000000000000 ) ) ;
#3642 = FACE_OUTER_BOUND ( 'NONE', #2004, .T. ) ;
#3643 = ORIENTED_EDGE ( 'NONE', *, *, #2412, .F. ) ;
#3644 = SURFACE_STYLE_FILL_AREA ( #4343 ) ;
#3645 = SURFACE_STYLE_FILL_AREA ( #3320 ) ;
#3646 = EDGE_CURVE ( 'NONE', #2306, #2224, #3996, .T. ) ;
#3647 = VECTOR ( 'NONE', #1110, 1000.000000000000000 ) ;
#3648 = DIRECTION ( 'NONE',  ( -1.000000000000000000, -0.0000000000000000000, -0.0000000000000000000 ) ) ;
#3649 = ORIENTED_EDGE ( 'NONE', *, *, #3433, .F. ) ;
#3650 = SURFACE_STYLE_USAGE ( .BOTH. , #3757 ) ;
#3651 = CARTESIAN_POINT ( 'NONE',  ( 4.015000000000052100, 1.039999999999999600, -10.04016708532250000 ) ) ;
#3652 = PRESENTATION_STYLE_ASSIGNMENT (( #2685 ) ) ;
#3653 = EDGE_LOOP ( 'NONE', ( #4326, #4608, #4647, #4881 ) ) ;
#3654 = FACE_OUTER_BOUND ( 'NONE', #3810, .T. ) ;
#3655 = CARTESIAN_POINT ( 'NONE',  ( 2.409999999999998800, 0.6800000000000000500, -4.309999999999998700 ) ) ;
#3656 = ORIENTED_EDGE ( 'NONE', *, *, #1821, .F. ) ;
#3657 = DIRECTION ( 'NONE',  ( 0.0000000000000000000, 1.000000000000000000, 0.0000000000000000000 ) ) ;
#3658 = VERTEX_POINT ( 'NONE', #4258 ) ;
#3659 =( NAMED_UNIT ( * ) SI_UNIT ( $, .STERADIAN. ) SOLID_ANGLE_UNIT ( ) );
#3660 = VECTOR ( 'NONE', #38, 1000.000000000000000 ) ;
#3661 = DIRECTION ( 'NONE',  ( 0.0000000000000000000, -0.0000000000000000000, 1.000000000000000000 ) ) ;
#3662 = DIRECTION ( 'NONE',  ( -1.000000000000000000, 0.0000000000000000000, -0.0000000000000000000 ) ) ;
#3663 = FILL_AREA_STYLE_COLOUR ( '', #723 ) ;
#3664 = COLOUR_RGB ( '',0.6588235294117647000, 0.6196078431372549200, 0.5607843137254902000 ) ;
#3665 = DIRECTION ( 'NONE',  ( 1.000000000000000000, 0.0000000000000000000, 0.0000000000000000000 ) ) ;
#3666 =( NAMED_UNIT ( * ) SI_UNIT ( $, .STERADIAN. ) SOLID_ANGLE_UNIT ( ) );
#3667 = UNCERTAINTY_MEASURE_WITH_UNIT (LENGTH_MEASURE( 1.000000000000000100E-005 ), #2810, 'distance_accuracy_value', 'NONE');
#3668 = FILL_AREA_STYLE ('',( #3531 ) ) ;
#3669 = ORIENTED_EDGE ( 'NONE', *, *, #2401, .F. ) ;
#3670 = FILL_AREA_STYLE_COLOUR ( '', #2036 ) ;
#3671 = ORIENTED_EDGE ( 'NONE', *, *, #2380, .T. ) ;
#3672 = SURFACE_SIDE_STYLE ('',( #1874 ) ) ;
#3673 = DIRECTION ( 'NONE',  ( 0.0000000000000000000, 1.000000000000000000, 0.0000000000000000000 ) ) ;
#3674 = COLOUR_RGB ( '',0.6588235294117647000, 0.6196078431372549200, 0.5607843137254902000 ) ;
#3675 = PLANE ( 'NONE',  #1247 ) ;
#3676 = ORIENTED_EDGE ( 'NONE', *, *, #2630, .F. ) ;
#3677 = CARTESIAN_POINT ( 'NONE',  ( -3.624999999999976500, 0.5100000000000468600, -1.425000000000007800 ) ) ;
#3678 = VECTOR ( 'NONE', #1442, 1000.000000000000000 ) ;
#3679 = DIRECTION ( 'NONE',  ( 0.0000000000000000000, 0.0000000000000000000, -1.000000000000000000 ) ) ;
#3680 = ORIENTED_EDGE ( 'NONE', *, *, #1050, .F. ) ;
#3681 = AXIS2_PLACEMENT_3D ( 'NONE', #2381, #2390, #2417 ) ;
#3682 =( NAMED_UNIT ( * ) PLANE_ANGLE_UNIT ( ) SI_UNIT ( $, .RADIAN. ) );
#3683 = SURFACE_STYLE_USAGE ( .BOTH. , #3672 ) ;
#3684 = ORIENTED_EDGE ( 'NONE', *, *, #3820, .T. ) ;
#3685 = ADVANCED_FACE ( 'NONE', ( #951 ), #4315, .F. ) ;
#3686 = CARTESIAN_POINT ( 'NONE',  ( -2.624999999999975600, 0.3800000000000122700, -2.349999999999963200 ) ) ;
#3687 = CARTESIAN_POINT ( 'NONE',  ( 3.465000000000003400, 1.200000000000000000, -0.4250000000000034900 ) ) ;
#3688 = FILL_AREA_STYLE ('',( #3663 ) ) ;
#3689 = VECTOR ( 'NONE', #2742, 1000.000000000000000 ) ;
#3690 =( GEOMETRIC_REPRESENTATION_CONTEXT ( 3 ) GLOBAL_UNCERTAINTY_ASSIGNED_CONTEXT ( ( #1205 ) ) GLOBAL_UNIT_ASSIGNED_CONTEXT ( ( #2479, #2780, #2788 ) ) REPRESENTATION_CONTEXT ( 'NONE', 'WORKASPACE' ) );
#3691 = CARTESIAN_POINT ( 'NONE',  ( -2.624999999999976000, 1.050000000000000000, 0.0000000000000000000 ) ) ;
#3692 = SURFACE_STYLE_USAGE ( .BOTH. , #3699 ) ;
#3693 = FACE_OUTER_BOUND ( 'NONE', #3078, .T. ) ;
#3694 = UNCERTAINTY_MEASURE_WITH_UNIT (LENGTH_MEASURE( 1.000000000000000100E-005 ), #2214, 'distance_accuracy_value', 'NONE');
#3695 = CARTESIAN_POINT ( 'NONE',  ( -4.024999999999970200, -8.673617379884035500E-016, 1.024999999999994100 ) ) ;
#3696 = DIRECTION ( 'NONE',  ( -0.0000000000000000000, -0.0000000000000000000, -1.000000000000000000 ) ) ;
#3697 = ORIENTED_EDGE ( 'NONE', *, *, #2608, .T. ) ;
#3698 = VECTOR ( 'NONE', #4739, 1000.000000000000000 ) ;
#3699 = SURFACE_SIDE_STYLE ('',( #1393 ) ) ;
#3700 = CARTESIAN_POINT ( 'NONE',  ( 3.075000000000007300, 0.6500000000000637500, -0.8250000000000201600 ) ) ;
#3701 = PRESENTATION_STYLE_ASSIGNMENT (( #2681 ) ) ;
#3702 = FILL_AREA_STYLE_COLOUR ( '', #1173 ) ;
#3703 = VECTOR ( 'NONE', #3648, 1000.000000000000000 ) ;
#3704 = CARTESIAN_POINT ( 'NONE',  ( -4.024999999999970200, 1.040000000000000300, 0.0000000000000000000 ) ) ;
#3705 = EDGE_LOOP ( 'NONE', ( #1737, #3206, #160, #2384 ) ) ;
#3706 = PRESENTATION_STYLE_ASSIGNMENT (( #1856 ) ) ;
#3707 = LINE ( 'NONE', #2866, #1976 ) ;
#3708 = DIRECTION ( 'NONE',  ( 0.0000000000000000000, 0.0000000000000000000, -1.000000000000000000 ) ) ;
#3709 = CARTESIAN_POINT ( 'NONE',  ( 4.175000000000052200, -17.26293531905800200, -0.8250000000000201600 ) ) ;
#3710 = VECTOR ( 'NONE', #1618, 1000.000000000000000 ) ;
#3711 =( NAMED_UNIT ( * ) PLANE_ANGLE_UNIT ( ) SI_UNIT ( $, .RADIAN. ) );
#3712 =( GEOMETRIC_REPRESENTATION_CONTEXT ( 3 ) GLOBAL_UNCERTAINTY_ASSIGNED_CONTEXT ( ( #462 ) ) GLOBAL_UNIT_ASSIGNED_CONTEXT ( ( #1287, #1295, #1310 ) ) REPRESENTATION_CONTEXT ( 'NONE', 'WORKASPACE' ) );
#3713 = DIRECTION ( 'NONE',  ( 0.0000000000000000000, 1.000000000000000000, -0.0000000000000000000 ) ) ;
#3714 = PRESENTATION_LAYER_ASSIGNMENT (  '', '', ( #1760 ) ) ;
#3715 = VECTOR ( 'NONE', #4319, 1000.000000000000000 ) ;
#3716 = CARTESIAN_POINT ( 'NONE',  ( 1.809999999999999200, 0.3800000000000000000, -4.309999999999998700 ) ) ;
#3717 =( LENGTH_UNIT ( ) NAMED_UNIT ( * ) SI_UNIT ( .MILLI., .METRE. ) );
#3718 = CARTESIAN_POINT ( 'NONE',  ( 3.465000000000003400, 1.039999999999999600, -0.4250000000000069800 ) ) ;
#3719 = LINE ( 'NONE', #3116, #3634 ) ;
#3720 = COLOUR_RGB ( '',0.6588235294117647000, 0.6196078431372549200, 0.5607843137254902000 ) ;
#3721 = FACE_OUTER_BOUND ( 'NONE', #5007, .T. ) ;
#3722 = CARTESIAN_POINT ( 'NONE',  ( -3.074999999999981500, -17.26293531905800200, 1.024999999999997200 ) ) ;
#3723 = VERTEX_POINT ( 'NONE', #4169 ) ;
#3724 = FACE_OUTER_BOUND ( 'NONE', #259, .T. ) ;
#3725 = PRESENTATION_STYLE_ASSIGNMENT (( #4110 ) ) ;
#3726 = VERTEX_POINT ( 'NONE', #4164 ) ;
#3727 = VERTEX_POINT ( 'NONE', #4159 ) ;
#3728 = LINE ( 'NONE', #2982, #1385 ) ;
#3729 = DIRECTION ( 'NONE',  ( -1.000000000000000000, 0.0000000000000000000, 0.0000000000000000000 ) ) ;
#3730 = CARTESIAN_POINT ( 'NONE',  ( 4.025000000000051900, 0.6500000000000623100, -2.050000000000050400 ) ) ;
#3731 =( NAMED_UNIT ( * ) SI_UNIT ( $, .STERADIAN. ) SOLID_ANGLE_UNIT ( ) );
#3732 = DIRECTION ( 'NONE',  ( 0.0000000000000000000, -1.000000000000000000, 0.0000000000000000000 ) ) ;
#3733 = VERTEX_POINT ( 'NONE', #4155 ) ;
#3734 = DIRECTION ( 'NONE',  ( 0.0000000000000000000, 9.792793815998419900E-016, 1.000000000000000000 ) ) ;
#3735 = CARTESIAN_POINT ( 'NONE',  ( 0.0000000000000000000, 0.3800000000000000000, 0.0000000000000000000 ) ) ;
#3736 = DIRECTION ( 'NONE',  ( -5.004336367495796400E-030, 1.000000000000000000, -9.792793815998419900E-016 ) ) ;
#3737 = ORIENTED_EDGE ( 'NONE', *, *, #2371, .T. ) ;
#3738 = FILL_AREA_STYLE_COLOUR ( '', #1849 ) ;
#3739 = PRESENTATION_STYLE_ASSIGNMENT (( #887 ) ) ;
#3740 = SURFACE_STYLE_FILL_AREA ( #2378 ) ;
#3741 = CARTESIAN_POINT ( 'NONE',  ( 7.806255641895631900E-015, 0.5000000000000446300, 1.544463481837388000E-014 ) ) ;
#3742 = DIRECTION ( 'NONE',  ( 0.0000000000000000000, -0.0000000000000000000, -1.000000000000000000 ) ) ;
#3743 = DIRECTION ( 'NONE',  ( 1.000000000000000000, 0.0000000000000000000, 0.0000000000000000000 ) ) ;
#3744 = PRESENTATION_LAYER_ASSIGNMENT (  '', '', ( #91 ) ) ;
#3745 = PRESENTATION_LAYER_ASSIGNMENT (  '', '', ( #3805 ) ) ;
#3746 = ORIENTED_EDGE ( 'NONE', *, *, #4484, .F. ) ;
#3747 = PRESENTATION_STYLE_ASSIGNMENT (( #314 ) ) ;
#3748 =( NAMED_UNIT ( * ) SI_UNIT ( $, .STERADIAN. ) SOLID_ANGLE_UNIT ( ) );
#3749 = VERTEX_POINT ( 'NONE', #4182 ) ;
#3750 = SURFACE_STYLE_FILL_AREA ( #4719 ) ;
#3751 =( NAMED_UNIT ( * ) PLANE_ANGLE_UNIT ( ) SI_UNIT ( $, .RADIAN. ) );
#3752 = VERTEX_POINT ( 'NONE', #4273 ) ;
#3753 = PLANE ( 'NONE',  #1210 ) ;
#3754 = ADVANCED_FACE ( 'NONE', ( #3803 ), #4128, .F. ) ;
#3755 = SURFACE_STYLE_FILL_AREA ( #2687 ) ;
#3756 =( LENGTH_UNIT ( ) NAMED_UNIT ( * ) SI_UNIT ( .MILLI., .METRE. ) );
#3757 = SURFACE_SIDE_STYLE ('',( #2958 ) ) ;
#3758 = CARTESIAN_POINT ( 'NONE',  ( -3.624999999999976500, 0.3500000000000481600, -2.200000000000035300 ) ) ;
#3759 = CYLINDRICAL_SURFACE ( 'NONE', #843, 0.1599999999999995600 ) ;
#3760 = SURFACE_STYLE_USAGE ( .BOTH. , #3762 ) ;
#3761 = ORIENTED_EDGE ( 'NONE', *, *, #3619, .F. ) ;
#3762 = SURFACE_SIDE_STYLE ('',( #3546 ) ) ;
#3763 = DIRECTION ( 'NONE',  ( -0.0000000000000000000, -1.000000000000000000, -0.0000000000000000000 ) ) ;
#3764 = ORIENTED_EDGE ( 'NONE', *, *, #2928, .F. ) ;
#3765 = LINE ( 'NONE', #4066, #471 ) ;
#3766 = FILL_AREA_STYLE ('',( #64 ) ) ;
#3767 = FILL_AREA_STYLE_COLOUR ( '', #2668 ) ;
#3768 = DIRECTION ( 'NONE',  ( -1.000000000000000000, 0.0000000000000000000, -0.0000000000000000000 ) ) ;
#3769 = COLOUR_RGB ( '',0.6588235294117647000, 0.6196078431372549200, 0.5607843137254902000 ) ;
#3770 = VERTEX_POINT ( 'NONE', #4064 ) ;
#3771 = CARTESIAN_POINT ( 'NONE',  ( 3.635000000000002900, 0.3500000000000450500, 0.4250000000000157500 ) ) ;
#3772 = PLANE ( 'NONE',  #1726 ) ;
#3773 = CARTESIAN_POINT ( 'NONE',  ( -3.024999999999931500, 1.200000000000000000, 0.0000000000000000000 ) ) ;
#3774 = DIRECTION ( 'NONE',  ( 1.000000000000000000, 0.0000000000000000000, 0.0000000000000000000 ) ) ;
#3775 = PRESENTATION_STYLE_ASSIGNMENT (( #2370 ) ) ;
#3776 = EDGE_CURVE ( 'NONE', #873, #1469, #3765, .T. ) ;
#3777 = CARTESIAN_POINT ( 'NONE',  ( 3.309999999999998700, 0.6800000000000000500, -4.609999999999998500 ) ) ;
#3778 = ORIENTED_EDGE ( 'NONE', *, *, #1868, .T. ) ;
#3779 = DIRECTION ( 'NONE',  ( -1.000000000000000000, -0.0000000000000000000, -0.0000000000000000000 ) ) ;
#3780 = VECTOR ( 'NONE', #3898, 1000.000000000000000 ) ;
#3781 = FILL_AREA_STYLE ('',( #3931 ) ) ;
#3782 = PLANE ( 'NONE',  #1960 ) ;
#3783 = PLANE ( 'NONE',  #178 ) ;
#3784 = COLOUR_RGB ( '',0.6588235294117647000, 0.6196078431372549200, 0.5607843137254902000 ) ;
#3785 = DIRECTION ( 'NONE',  ( 1.000000000000000000, 0.0000000000000000000, 0.0000000000000000000 ) ) ;
#3786 = ORIENTED_EDGE ( 'NONE', *, *, #2649, .F. ) ;
#3787 = PRESENTATION_LAYER_ASSIGNMENT (  '', '', ( #1776 ) ) ;
#3788 = FACE_OUTER_BOUND ( 'NONE', #4287, .T. ) ;
#3789 = FILL_AREA_STYLE ('',( #3702 ) ) ;
#3790 = CARTESIAN_POINT ( 'NONE',  ( 0.0000000000000000000, 1.050000000000000000, -2.050000000000051800 ) ) ;
#3791 = CARTESIAN_POINT ( 'NONE',  ( 4.175000000000052200, 0.6500000000000637500, -2.050000000000051800 ) ) ;
#3792 = VECTOR ( 'NONE', #2157, 1000.000000000000000 ) ;
#3793 = SURFACE_SIDE_STYLE ('',( #1222 ) ) ;
#3794 = SURFACE_STYLE_USAGE ( .BOTH. , #3793 ) ;
#3795 = SURFACE_STYLE_USAGE ( .BOTH. , #2422 ) ;
#3796 = ORIENTED_EDGE ( 'NONE', *, *, #2371, .F. ) ;
#3797 =( LENGTH_UNIT ( ) NAMED_UNIT ( * ) SI_UNIT ( .MILLI., .METRE. ) );
#3798 =( NAMED_UNIT ( * ) SI_UNIT ( $, .STERADIAN. ) SOLID_ANGLE_UNIT ( ) );
#3799 = PRESENTATION_LAYER_ASSIGNMENT (  '', '', ( #2746 ) ) ;
#3800 = CARTESIAN_POINT ( 'NONE',  ( 2.709999999999999500, 0.6800000000000000500, 0.0000000000000000000 ) ) ;
#3801 = CARTESIAN_POINT ( 'NONE',  ( 1.809999999999999200, 0.6800000000000000500, -4.309999999999998700 ) ) ;
#3802 = VERTEX_POINT ( 'NONE', #4087 ) ;
#3803 = FACE_OUTER_BOUND ( 'NONE', #3253, .T. ) ;
#3804 = PLANE ( 'NONE',  #1781 ) ;
#3805 = STYLED_ITEM ( 'NONE', ( #3652 ), #32 ) ;
#3806 =( NAMED_UNIT ( * ) SI_UNIT ( $, .STERADIAN. ) SOLID_ANGLE_UNIT ( ) );
#3807 = EDGE_LOOP ( 'NONE', ( #1021, #1488, #165, #3142 ) ) ;
#3808 = CARTESIAN_POINT ( 'NONE',  ( 4.015000000000052100, 1.200000000000000000, 0.8250000000000236000 ) ) ;
#3809 = DIRECTION ( 'NONE',  ( 0.0000000000000000000, 0.0000000000000000000, -1.000000000000000000 ) ) ;
#3810 = EDGE_LOOP ( 'NONE', ( #3888, #423, #1959, #4072 ) ) ;
#3811 = LINE ( 'NONE', #4052, #1531 ) ;
#3812 = ORIENTED_EDGE ( 'NONE', *, *, #4450, .T. ) ;
#3813 =( NAMED_UNIT ( * ) PLANE_ANGLE_UNIT ( ) SI_UNIT ( $, .RADIAN. ) );
#3814 = EDGE_CURVE ( 'NONE', #2139, #4924, #2426, .T. ) ;
#3815 = ORIENTED_EDGE ( 'NONE', *, *, #62, .T. ) ;
#3816 = DIRECTION ( 'NONE',  ( -1.000000000000000000, 0.0000000000000000000, -2.032879073410321200E-015 ) ) ;
#3817 =( NAMED_UNIT ( * ) SI_UNIT ( $, .STERADIAN. ) SOLID_ANGLE_UNIT ( ) );
#3818 = ORIENTED_EDGE ( 'NONE', *, *, #1002, .T. ) ;
#3819 = CARTESIAN_POINT ( 'NONE',  ( 0.0000000000000000000, 1.200000000000000000, 2.049999999999996300 ) ) ;
#3820 = EDGE_CURVE ( 'NONE', #3594, #2016, #3811, .T. ) ;
#3821 = DIRECTION ( 'NONE',  ( -0.0000000000000000000, 0.0000000000000000000, -1.000000000000000000 ) ) ;
#3822 = EDGE_CURVE ( 'NONE', #994, #3385, #276, .T. ) ;
#3823 = CARTESIAN_POINT ( 'NONE',  ( 2.709999999999999500, 0.3800000000000000000, -4.309999999999998700 ) ) ;
#3824 = EDGE_LOOP ( 'NONE', ( #3975, #4765, #530, #868 ) ) ;
#3825 = ORIENTED_EDGE ( 'NONE', *, *, #4186, .T. ) ;
#3826 = DIRECTION ( 'NONE',  ( 1.000000000000000000, 0.0000000000000000000, 0.0000000000000000000 ) ) ;
#3827 = VERTEX_POINT ( 'NONE', #4014 ) ;
#3828 =( NAMED_UNIT ( * ) SI_UNIT ( $, .STERADIAN. ) SOLID_ANGLE_UNIT ( ) );
#3829 = ORIENTED_EDGE ( 'NONE', *, *, #1875, .F. ) ;
#3830 = DIRECTION ( 'NONE',  ( -1.000000000000000000, -0.0000000000000000000, -0.0000000000000000000 ) ) ;
#3831 = ORIENTED_EDGE ( 'NONE', *, *, #2832, .T. ) ;
#3832 = CARTESIAN_POINT ( 'NONE',  ( 3.875000000000030200, -17.26293531905800200, -2.050000000000051800 ) ) ;
#3833 = EDGE_CURVE ( 'NONE', #2952, #2834, #4077, .T. ) ;
#3834 = ORIENTED_EDGE ( 'NONE', *, *, #1588, .F. ) ;
#3835 = LINE ( 'NONE', #3632, #2781 ) ;
#3836 = DIRECTION ( 'NONE',  ( -1.000000000000000000, 0.0000000000000000000, -0.0000000000000000000 ) ) ;
#3837 = PRESENTATION_STYLE_ASSIGNMENT (( #4594 ) ) ;
#3838 = ORIENTED_EDGE ( 'NONE', *, *, #1596, .T. ) ;
#3839 = CARTESIAN_POINT ( 'NONE',  ( -3.624999999999976500, -17.26293531905800200, 2.199999999999979700 ) ) ;
#3840 =( NAMED_UNIT ( * ) SI_UNIT ( $, .STERADIAN. ) SOLID_ANGLE_UNIT ( ) );
#3841 = COLOUR_RGB ( '',0.1529411764705882500, 1.000000000000000000, 0.1529411764705882500 ) ;
#3842 = VERTEX_POINT ( 'NONE', #3989 ) ;
#3843 = DIRECTION ( 'NONE',  ( 0.0000000000000000000, -0.0000000000000000000, 1.000000000000000000 ) ) ;
#3844 =( NAMED_UNIT ( * ) PLANE_ANGLE_UNIT ( ) SI_UNIT ( $, .RADIAN. ) );
#3845 = DIRECTION ( 'NONE',  ( 1.000000000000000000, 0.0000000000000000000, 0.0000000000000000000 ) ) ;
#3846 = VERTEX_POINT ( 'NONE', #3995 ) ;
#3847 = DIRECTION ( 'NONE',  ( 1.000000000000000000, 0.0000000000000000000, -0.0000000000000000000 ) ) ;
#3848 = ORIENTED_EDGE ( 'NONE', *, *, #308, .T. ) ;
#3849 =( GEOMETRIC_REPRESENTATION_CONTEXT ( 3 ) GLOBAL_UNCERTAINTY_ASSIGNED_CONTEXT ( ( #3098 ) ) GLOBAL_UNIT_ASSIGNED_CONTEXT ( ( #4425, #1605, #3407 ) ) REPRESENTATION_CONTEXT ( 'NONE', 'WORKASPACE' ) );
#3850 = LINE ( 'NONE', #760, #3469 ) ;
#3851 = PRESENTATION_STYLE_ASSIGNMENT (( #464 ) ) ;
#3852 = FILL_AREA_STYLE_COLOUR ( '', #791 ) ;
#3853 = CARTESIAN_POINT ( 'NONE',  ( 3.075000000000007300, 0.3500000000000481600, -0.4250000000000087000 ) ) ;
#3854 = EDGE_LOOP ( 'NONE', ( #702, #3829, #1895, #1413 ) ) ;
#3855 =( NAMED_UNIT ( * ) PLANE_ANGLE_UNIT ( ) SI_UNIT ( $, .RADIAN. ) );
#3856 = EDGE_CURVE ( 'NONE', #4486, #1469, #4775, .T. ) ;
#3857 = CARTESIAN_POINT ( 'NONE',  ( -4.014999999999972100, 1.050000000000000000, 1.024999999999995500 ) ) ;
#3858 = UNCERTAINTY_MEASURE_WITH_UNIT (LENGTH_MEASURE( 1.000000000000000100E-005 ), #2947, 'distance_accuracy_value', 'NONE');
#3859 =( LENGTH_UNIT ( ) NAMED_UNIT ( * ) SI_UNIT ( .MILLI., .METRE. ) );
#3860 = VECTOR ( 'NONE', #696, 1000.000000000000000 ) ;
#3861 = SURFACE_STYLE_USAGE ( .BOTH. , #3866 ) ;
#3862 = PLANE ( 'NONE',  #526 ) ;
#3863 =( LENGTH_UNIT ( ) NAMED_UNIT ( * ) SI_UNIT ( .MILLI., .METRE. ) );
#3864 = ORIENTED_EDGE ( 'NONE', *, *, #1875, .T. ) ;
#3865 = LINE ( 'NONE', #12, #3377 ) ;
#3866 = SURFACE_SIDE_STYLE ('',( #421 ) ) ;
#3867 = VERTEX_POINT ( 'NONE', #3984 ) ;
#3868 = FILL_AREA_STYLE ('',( #3879 ) ) ;
#3869 = DIRECTION ( 'NONE',  ( -0.0000000000000000000, -1.000000000000000000, -0.0000000000000000000 ) ) ;
#3870 = VERTEX_POINT ( 'NONE', #3973 ) ;
#3871 = LINE ( 'NONE', #3716, #3102 ) ;
#3872 = DIRECTION ( 'NONE',  ( 0.0000000000000000000, 0.0000000000000000000, -1.000000000000000000 ) ) ;
#3873 = FACE_OUTER_BOUND ( 'NONE', #3854, .T. ) ;
#3874 = ORIENTED_EDGE ( 'NONE', *, *, #2664, .F. ) ;
#3875 = CARTESIAN_POINT ( 'NONE',  ( 3.875000000000030200, 0.6500000000000637500, -2.050000000000051800 ) ) ;
#3876 =( NAMED_UNIT ( * ) PLANE_ANGLE_UNIT ( ) SI_UNIT ( $, .RADIAN. ) );
#3877 = CARTESIAN_POINT ( 'NONE',  ( -3.635000000000017100, 0.3500000000000360600, -11.87841311811409100 ) ) ;
#3878 = CARTESIAN_POINT ( 'NONE',  ( 3.875000000000032900, 1.039999999999999800, -2.189999999999963100 ) ) ;
#3879 = FILL_AREA_STYLE_COLOUR ( '', #2112 ) ;
#3880 = DIRECTION ( 'NONE',  ( 1.000000000000000000, 0.0000000000000000000, -0.0000000000000000000 ) ) ;
#3881 = LINE ( 'NONE', #4886, #1611 ) ;
#3882 = CARTESIAN_POINT ( 'NONE',  ( 3.875000000000008400, 1.039999999999999800, 2.190000000000018600 ) ) ;
#3883 = EDGE_CURVE ( 'NONE', #3345, #542, #4586, .T. ) ;
#3884 =( LENGTH_UNIT ( ) NAMED_UNIT ( * ) SI_UNIT ( .MILLI., .METRE. ) );
#3885 = DIRECTION ( 'NONE',  ( -3.357529308342098400E-015, -1.119176436114032700E-015, -1.000000000000000000 ) ) ;
#3886 = VECTOR ( 'NONE', #4692, 1000.000000000000000 ) ;
#3887 = CARTESIAN_POINT ( 'NONE',  ( -2.624999999999973400, 1.050000000000000000, 2.190000000000018600 ) ) ;
#3888 = ORIENTED_EDGE ( 'NONE', *, *, #2953, .F. ) ;
#3889 = VERTEX_POINT ( 'NONE', #3960 ) ;
#3890 = PRODUCT_DEFINITION_FORMATION_WITH_SPECIFIED_SOURCE ( 'ANY', '', #4911, .NOT_KNOWN. ) ;
#3891 = SURFACE_SIDE_STYLE ('',( #3342 ) ) ;
#3892 = FACE_OUTER_BOUND ( 'NONE', #2508, .T. ) ;
#3893 = DIRECTION ( 'NONE',  ( 0.9659251840857036000, -0.2588214418262129700, -3.081487911019577000E-033 ) ) ;
#3894 = COLOUR_RGB ( '',0.6588235294117647000, 0.6196078431372549200, 0.5607843137254902000 ) ;
#3895 = CARTESIAN_POINT ( 'NONE',  ( -4.174999999999970500, 1.039999999999999600, 1.024999999999993700 ) ) ;
#3896 = AXIS2_PLACEMENT_3D ( 'NONE', #4945, #2544, #4728 ) ;
#3897 = CARTESIAN_POINT ( 'NONE',  ( -3.074999999999982000, 1.049999999999999800, 1.425000000000009600 ) ) ;
#3898 = DIRECTION ( 'NONE',  ( -0.0000000000000000000, -0.0000000000000000000, -1.000000000000000000 ) ) ;
#3899 = EDGE_CURVE ( 'NONE', #1654, #2306, #2367, .T. ) ;
#3900 = CARTESIAN_POINT ( 'NONE',  ( -3.474999999999978800, -17.26293531905800200, -1.425000000000009600 ) ) ;
#3901 =( LENGTH_UNIT ( ) NAMED_UNIT ( * ) SI_UNIT ( .MILLI., .METRE. ) );
#3902 = COLOUR_RGB ( '',0.6588235294117647000, 0.6196078431372549200, 0.5607843137254902000 ) ;
#3903 = CARTESIAN_POINT ( 'NONE',  ( -2.624999999999987100, 0.6500000000000048000, -2.199999999999965100 ) ) ;
#3904 = EDGE_LOOP ( 'NONE', ( #2757, #544, #4044, #2552 ) ) ;
#3905 = VERTEX_POINT ( 'NONE', #3932 ) ;
#3906 = DIRECTION ( 'NONE',  ( 2.040851148207966600E-015, -1.020425574103983300E-015, -1.000000000000000000 ) ) ;
#3907 = PLANE ( 'NONE',  #1926 ) ;
#3908 = ORIENTED_EDGE ( 'NONE', *, *, #4289, .T. ) ;
#3909 = DIRECTION ( 'NONE',  ( 0.0000000000000000000, -1.000000000000000000, 0.0000000000000000000 ) ) ;
#3910 = FILL_AREA_STYLE ('',( #3852 ) ) ;
#3911 = ORIENTED_EDGE ( 'NONE', *, *, #3899, .T. ) ;
#3912 = CARTESIAN_POINT ( 'NONE',  ( -4.174999999999963400, 0.5000000000000482900, 2.199999999999979700 ) ) ;
#3913 = EDGE_CURVE ( 'NONE', #803, #1374, #795, .T. ) ;
#3914 = DIRECTION ( 'NONE',  ( 1.000000000000000000, 0.0000000000000000000, 0.0000000000000000000 ) ) ;
#3915 =( LENGTH_UNIT ( ) NAMED_UNIT ( * ) SI_UNIT ( .MILLI., .METRE. ) );
#3916 = CARTESIAN_POINT ( 'NONE',  ( -6.450000000000001100, 0.0000000000000000000, 4.800000000000001600 ) ) ;
#3917 = SURFACE_SIDE_STYLE ('',( #815 ) ) ;
#3918 = ORIENTED_EDGE ( 'NONE', *, *, #621, .F. ) ;
#3919 = DIRECTION ( 'NONE',  ( -2.976486777709454800E-033, 7.975551441001319100E-034, -1.000000000000000000 ) ) ;
#3920 = CARTESIAN_POINT ( 'NONE',  ( -2.624999999999987600, 0.6500000000000048000, 2.200000000000019700 ) ) ;
#3921 = DIRECTION ( 'NONE',  ( 1.344746880602176200E-016, -0.0000000000000000000, 1.000000000000000000 ) ) ;
#3922 = ORIENTED_EDGE ( 'NONE', *, *, #2575, .T. ) ;
#3923 = CONTEXT_DEPENDENT_SHAPE_REPRESENTATION ( #2266, #3363 ) ;
#3924 = LINE ( 'NONE', #4937, #2282 ) ;
#3925 = DIRECTION ( 'NONE',  ( 1.000000000000000000, 0.0000000000000000000, -1.344746880602176200E-016 ) ) ;
#3926 = AXIS2_PLACEMENT_3D ( 'NONE', #2578, #2391, #2382 ) ;
#3927 = DIRECTION ( 'NONE',  ( 0.0000000000000000000, -0.0000000000000000000, 1.000000000000000000 ) ) ;
#3928 = DIRECTION ( 'NONE',  ( 0.2588181039721620900, -0.9659260784636963800, 0.0000000000000000000 ) ) ;
#3929 = VERTEX_POINT ( 'NONE', #3912 ) ;
#3930 = DIRECTION ( 'NONE',  ( 0.0000000000000000000, 0.0000000000000000000, 1.000000000000000000 ) ) ;
#3931 = FILL_AREA_STYLE_COLOUR ( '', #293 ) ;
#3932 = CARTESIAN_POINT ( 'NONE',  ( -3.624999999999974700, 1.039999999999999600, 1.425000000000009600 ) ) ;
#3933 = CARTESIAN_POINT ( 'NONE',  ( -6.450000000000000200, 0.3800000000000000000, -4.799999999999998000 ) ) ;
#3934 = ORIENTED_EDGE ( 'NONE', *, *, #2290, .F. ) ;
#3935 = PLANE ( 'NONE',  #1885 ) ;
#3936 = AXIS2_PLACEMENT_3D ( 'NONE', #1493, #1498, #1507 ) ;
#3937 =( NAMED_UNIT ( * ) PLANE_ANGLE_UNIT ( ) SI_UNIT ( $, .RADIAN. ) );
#3938 = DIRECTION ( 'NONE',  ( 0.0000000000000000000, 1.000000000000000000, 0.0000000000000000000 ) ) ;
#3939 = ORIENTED_EDGE ( 'NONE', *, *, #1319, .T. ) ;
#3940 = CARTESIAN_POINT ( 'NONE',  ( -4.014999999999972100, 1.039999999999999600, 1.024999999999993000 ) ) ;
#3941 = CIRCLE ( 'NONE', #1648, 0.1599999999999999800 ) ;
#3942 = UNCERTAINTY_MEASURE_WITH_UNIT (LENGTH_MEASURE( 1.000000000000000100E-005 ), #3077, 'distance_accuracy_value', 'NONE');
#3943 = CARTESIAN_POINT ( 'NONE',  ( 3.635000000000004200, 0.5100000000000450800, -0.4250000000000000400 ) ) ;
#3944 = LINE ( 'NONE', #4275, #3780 ) ;
#3945 = AXIS2_PLACEMENT_3D ( 'NONE', #1230, #1232, #1330 ) ;
#3946 = ORIENTED_EDGE ( 'NONE', *, *, #2945, .F. ) ;
#3947 = ORIENTED_EDGE ( 'NONE', *, *, #321, .F. ) ;
#3948 =( NAMED_UNIT ( * ) SI_UNIT ( $, .STERADIAN. ) SOLID_ANGLE_UNIT ( ) );
#3949 = ORIENTED_EDGE ( 'NONE', *, *, #1220, .F. ) ;
#3950 = VECTOR ( 'NONE', #1301, 1000.000000000000000 ) ;
#3951 = EDGE_CURVE ( 'NONE', #2224, #2291, #52, .T. ) ;
#3952 = EDGE_CURVE ( 'NONE', #1303, #548, #4680, .T. ) ;
#3953 = FILL_AREA_STYLE_COLOUR ( '', #4065 ) ;
#3954 = PRESENTATION_STYLE_ASSIGNMENT (( #2347 ) ) ;
#3955 = DIRECTION ( 'NONE',  ( -0.0000000000000000000, -0.0000000000000000000, -1.000000000000000000 ) ) ;
#3956 = FILL_AREA_STYLE_COLOUR ( '', #260 ) ;
#3957 = ORIENTED_EDGE ( 'NONE', *, *, #3498, .T. ) ;
#3958 = SURFACE_SIDE_STYLE ('',( #309 ) ) ;
#3959 = SURFACE_STYLE_USAGE ( .BOTH. , #3958 ) ;
#3960 = CARTESIAN_POINT ( 'NONE',  ( 2.002654000000049000, 0.6500000000000048000, -2.199999999999972200 ) ) ;
#3961 = ORIENTED_EDGE ( 'NONE', *, *, #1178, .T. ) ;
#3962 = SURFACE_STYLE_USAGE ( .BOTH. , #3977 ) ;
#3963 =( GEOMETRIC_REPRESENTATION_CONTEXT ( 3 ) GLOBAL_UNCERTAINTY_ASSIGNED_CONTEXT ( ( #1646 ) ) GLOBAL_UNIT_ASSIGNED_CONTEXT ( ( #3884, #4542, #3806 ) ) REPRESENTATION_CONTEXT ( 'NONE', 'WORKASPACE' ) );
#3964 =( LENGTH_UNIT ( ) NAMED_UNIT ( * ) SI_UNIT ( .MILLI., .METRE. ) );
#3965 = ORIENTED_EDGE ( 'NONE', *, *, #2166, .T. ) ;
#3966 =( LENGTH_UNIT ( ) NAMED_UNIT ( * ) SI_UNIT ( .MILLI., .METRE. ) );
#3967 =( NAMED_UNIT ( * ) PLANE_ANGLE_UNIT ( ) SI_UNIT ( $, .RADIAN. ) );
#3968 = EDGE_LOOP ( 'NONE', ( #2104, #691, #4437, #4835 ) ) ;
#3969 = PRESENTATION_STYLE_ASSIGNMENT (( #3266 ) ) ;
#3970 = CARTESIAN_POINT ( 'NONE',  ( 2.002654000000049000, 0.6500000000000048000, 2.350000000000018700 ) ) ;
#3971 = FILL_AREA_STYLE ('',( #3529 ) ) ;
#3972 = LINE ( 'NONE', #4809, #1574 ) ;
#3973 = CARTESIAN_POINT ( 'NONE',  ( 4.025000000000051900, 0.6500000000000637500, -0.8250000000000201600 ) ) ;
#3974 = COLOUR_RGB ( '',0.6588235294117647000, 0.6196078431372549200, 0.5607843137254902000 ) ;
#3975 = ORIENTED_EDGE ( 'NONE', *, *, #999, .F. ) ;
#3976 = VECTOR ( 'NONE', #4812, 1000.000000000000000 ) ;
#3977 = SURFACE_SIDE_STYLE ('',( #2501 ) ) ;
#3978 = DIRECTION ( 'NONE',  ( 0.0000000000000000000, -0.0000000000000000000, -1.000000000000000000 ) ) ;
#3979 = VECTOR ( 'NONE', #1354, 1000.000000000000000 ) ;
#3980 = MANIFOLD_SOLID_BREP ( 'ｲﾝﾎﾟｰﾄ1', #484 ) ;
#3981 = UNCERTAINTY_MEASURE_WITH_UNIT (LENGTH_MEASURE( 1.000000000000000100E-005 ), #3524, 'distance_accuracy_value', 'NONE');
#3982 = LINE ( 'NONE', #1456, #3388 ) ;
#3983 =( NAMED_UNIT ( * ) SI_UNIT ( $, .STERADIAN. ) SOLID_ANGLE_UNIT ( ) );
#3984 = CARTESIAN_POINT ( 'NONE',  ( 3.875000000000027500, 0.6500000000000048000, -2.199999999999963800 ) ) ;
#3985 = PRODUCT_DEFINITION ( 'UNKNOWN', '', #4836, #858 ) ;
#3986 = CARTESIAN_POINT ( 'NONE',  ( -3.464999999999976300, 1.039999999999999600, -2.200000000000035300 ) ) ;
#3987 = FACE_OUTER_BOUND ( 'NONE', #956, .T. ) ;
#3988 = LINE ( 'NONE', #218, #1910 ) ;
#3989 = CARTESIAN_POINT ( 'NONE',  ( -3.074999999999982000, 1.049999999999999800, 1.024999999999996600 ) ) ;
#3990 = EDGE_LOOP ( 'NONE', ( #863, #2051, #4366, #1198 ) ) ;
#3991 = PRESENTATION_LAYER_ASSIGNMENT (  '', '', ( #2069 ) ) ;
#3992 = VECTOR ( 'NONE', #1887, 1000.000000000000000 ) ;
#3993 = DIRECTION ( 'NONE',  ( 0.0000000000000000000, 0.0000000000000000000, -1.000000000000000000 ) ) ;
#3994 = PRESENTATION_LAYER_ASSIGNMENT (  '', '', ( #388 ) ) ;
#3995 = CARTESIAN_POINT ( 'NONE',  ( 4.175000000000052200, 1.039999999999999600, -2.050000000000049100 ) ) ;
#3996 = LINE ( 'NONE', #4295, #1862 ) ;
#3997 = CIRCLE ( 'NONE', #650, 0.01000000000000002600 ) ;
#3998 = ORIENTED_EDGE ( 'NONE', *, *, #2797, .F. ) ;
#3999 = DIRECTION ( 'NONE',  ( 1.000000000000000000, 0.0000000000000000000, 0.0000000000000000000 ) ) ;
#4000 = CARTESIAN_POINT ( 'NONE',  ( -2.624999999999987100, 1.050000000000000000, -2.349999999999963200 ) ) ;
#4001 = LINE ( 'NONE', #4349, #2607 ) ;
#4002 = FILL_AREA_STYLE ('',( #948 ) ) ;
#4003 = CIRCLE ( 'NONE', #613, 0.1599999999999999800 ) ;
#4004 = VERTEX_POINT ( 'NONE', #3903 ) ;
#4005 = CARTESIAN_POINT ( 'NONE',  ( 0.0000000000000000000, 1.050000000000000000, -1.425000000000011400 ) ) ;
#4006 = DIRECTION ( 'NONE',  ( 0.0000000000000000000, 0.0000000000000000000, -1.000000000000000000 ) ) ;
#4007 = ORIENTED_EDGE ( 'NONE', *, *, #1890, .F. ) ;
#4008 = DIRECTION ( 'NONE',  ( 1.000000000000000000, -0.0000000000000000000, -0.0000000000000000000 ) ) ;
#4009 = DIRECTION ( 'NONE',  ( 9.035018104045870700E-017, 0.0000000000000000000, -1.000000000000000000 ) ) ;
#4010 = DIRECTION ( 'NONE',  ( -1.000000000000000000, 0.0000000000000000000, -0.0000000000000000000 ) ) ;
#4011 = VERTEX_POINT ( 'NONE', #3897 ) ;
#4012 = LINE ( 'NONE', #695, #3577 ) ;
#4013 = CARTESIAN_POINT ( 'NONE',  ( 0.1485356713462992800, 0.6500000000000648600, 1.024999999999994100 ) ) ;
#4014 = CARTESIAN_POINT ( 'NONE',  ( 3.875000000000024400, 1.199999999999999700, 2.049999999999996300 ) ) ;
#4015 = ORIENTED_EDGE ( 'NONE', *, *, #2602, .T. ) ;
#4016 = CARTESIAN_POINT ( 'NONE',  ( -6.450000000000000200, 0.0000000000000000000, -4.799999999999998000 ) ) ;
#4017 = DIRECTION ( 'NONE',  ( -1.000000000000000000, 0.0000000000000000000, 0.0000000000000000000 ) ) ;
#4018 = ORIENTED_EDGE ( 'NONE', *, *, #2409, .T. ) ;
#4019 = PRESENTATION_LAYER_ASSIGNMENT (  '', '', ( #3212 ) ) ;
#4020 = VERTEX_POINT ( 'NONE', #3887 ) ;
#4021 = SURFACE_STYLE_FILL_AREA ( #2528 ) ;
#4022 =( GEOMETRIC_REPRESENTATION_CONTEXT ( 3 ) GLOBAL_UNCERTAINTY_ASSIGNED_CONTEXT ( ( #2255 ) ) GLOBAL_UNIT_ASSIGNED_CONTEXT ( ( #677, #692, #693 ) ) REPRESENTATION_CONTEXT ( 'NONE', 'WORKASPACE' ) );
#4023 = CARTESIAN_POINT ( 'NONE',  ( 4.025000000000051900, 1.039999999999999400, 2.049999999999996300 ) ) ;
#4024 = VERTEX_POINT ( 'NONE', #3808 ) ;
#4025 = LINE ( 'NONE', #175, #4424 ) ;
#4026 = DIRECTION ( 'NONE',  ( -1.555753819465285400E-061, -1.000000000000000000, -3.490602116294801600E-015 ) ) ;
#4027 = CARTESIAN_POINT ( 'NONE',  ( -3.474999999999977400, 0.5100000000000468600, 0.0000000000000000000 ) ) ;
#4028 = PRESENTATION_STYLE_ASSIGNMENT (( #4978 ) ) ;
#4029 = FILL_AREA_STYLE ('',( #4054 ) ) ;
#4030 = SURFACE_SIDE_STYLE ('',( #4702 ) ) ;
#4031 = ORIENTED_EDGE ( 'NONE', *, *, #4848, .F. ) ;
#4032 = DIRECTION ( 'NONE',  ( 1.000000000000000000, 0.0000000000000000000, 0.0000000000000000000 ) ) ;
#4033 = CIRCLE ( 'NONE', #1333, 0.01000000000000002600 ) ;
#4034 = DIRECTION ( 'NONE',  ( -1.000000000000000000, -0.0000000000000000000, -0.0000000000000000000 ) ) ;
#4035 = CARTESIAN_POINT ( 'NONE',  ( 4.175000000000052200, 1.049999999999998900, 0.8250000000000201600 ) ) ;
#4036 = VERTEX_POINT ( 'NONE', #3895 ) ;
#4037 = VECTOR ( 'NONE', #1893, 1000.000000000000000 ) ;
#4038 = DIRECTION ( 'NONE',  ( 0.0000000000000000000, 3.490602116294801600E-015, -1.000000000000000000 ) ) ;
#4039 = CARTESIAN_POINT ( 'NONE',  ( 0.0000000000000000000, 0.6800000000000000500, -4.609999999999998500 ) ) ;
#4040 = ORIENTED_EDGE ( 'NONE', *, *, #2076, .T. ) ;
#4041 =( NAMED_UNIT ( * ) SI_UNIT ( $, .STERADIAN. ) SOLID_ANGLE_UNIT ( ) );
#4042 = ORIENTED_EDGE ( 'NONE', *, *, #912, .T. ) ;
#4043 =( NAMED_UNIT ( * ) PLANE_ANGLE_UNIT ( ) SI_UNIT ( $, .RADIAN. ) );
#4044 = ORIENTED_EDGE ( 'NONE', *, *, #3822, .F. ) ;
#4045 =( NAMED_UNIT ( * ) SI_UNIT ( $, .STERADIAN. ) SOLID_ANGLE_UNIT ( ) );
#4046 = VECTOR ( 'NONE', #3743, 1000.000000000000000 ) ;
#4047 = CARTESIAN_POINT ( 'NONE',  ( -2.624999999999987100, 0.0000000000000000000, -2.199999999999963300 ) ) ;
#4048 = DIRECTION ( 'NONE',  ( -0.0000000000000000000, -0.0000000000000000000, 1.000000000000000000 ) ) ;
#4049 = ORIENTED_EDGE ( 'NONE', *, *, #1790, .T. ) ;
#4050 =( LENGTH_UNIT ( ) NAMED_UNIT ( * ) SI_UNIT ( .MILLI., .METRE. ) );
#4051 = UNCERTAINTY_MEASURE_WITH_UNIT (LENGTH_MEASURE( 1.000000000000000100E-005 ), #4717, 'distance_accuracy_value', 'NONE');
#4052 = CARTESIAN_POINT ( 'NONE',  ( 0.0000000000000000000, 0.3800000000000000000, -4.609999999999998500 ) ) ;
#4053 = DIRECTION ( 'NONE',  ( -1.000000000000000000, 0.0000000000000000000, -0.0000000000000000000 ) ) ;
#4054 = FILL_AREA_STYLE_COLOUR ( '', #3974 ) ;
#4055 =( NAMED_UNIT ( * ) PLANE_ANGLE_UNIT ( ) SI_UNIT ( $, .RADIAN. ) );
#4056 = CARTESIAN_POINT ( 'NONE',  ( 2.947347000000045900, 0.6500000000000048000, 10.86684353621796500 ) ) ;
#4057 = PRESENTATION_STYLE_ASSIGNMENT (( #2043 ) ) ;
#4058 = FILL_AREA_STYLE_COLOUR ( '', #3420 ) ;
#4059 = SURFACE_STYLE_USAGE ( .BOTH. , #3917 ) ;
#4060 = DIRECTION ( 'NONE',  ( 0.0000000000000000000, -0.0000000000000000000, -1.000000000000000000 ) ) ;
#4061 = PRESENTATION_STYLE_ASSIGNMENT (( #2555 ) ) ;
#4062 = CARTESIAN_POINT ( 'NONE',  ( 3.875000000000018200, 0.6500000000000048000, 2.350000000000018700 ) ) ;
#4063 = VECTOR ( 'NONE', #2283, 1000.000000000000000 ) ;
#4064 = CARTESIAN_POINT ( 'NONE',  ( 3.309999999999998700, 0.6800000000000000500, -4.309999999999998700 ) ) ;
#4065 = COLOUR_RGB ( '',0.6588235294117647000, 0.6196078431372549200, 0.5607843137254902000 ) ;
#4066 = CARTESIAN_POINT ( 'NONE',  ( -2.624999999999975600, 0.6500000000000048000, -2.349999999999963200 ) ) ;
#4067 = EDGE_LOOP ( 'NONE', ( #2212, #2600, #537, #2088, #2074, #3315, #991, #1930, #4396, #2825, #4803, #2160, #3831, #2467, #2708, #1864, #2322, #2363, #2430, #3484, #1940, #1867, #384, #2874, #2221, #442, #2763, #4627, #2045, #4902, #2274, #4986 ) ) ;
#4068 = FILL_AREA_STYLE_COLOUR ( '', #4880 ) ;
#4069 = SHAPE_DEFINITION_REPRESENTATION ( #4132, #4972 ) ;
#4070 = UNCERTAINTY_MEASURE_WITH_UNIT (LENGTH_MEASURE( 1.000000000000000100E-005 ), #2572, 'distance_accuracy_value', 'NONE');
#4071 = VECTOR ( 'NONE', #1368, 1000.000000000000000 ) ;
#4072 = ORIENTED_EDGE ( 'NONE', *, *, #1590, .T. ) ;
#4073 = ORIENTED_EDGE ( 'NONE', *, *, #572, .T. ) ;
#4074 = ORIENTED_EDGE ( 'NONE', *, *, #2620, .F. ) ;
#4075 = DIRECTION ( 'NONE',  ( 0.0000000000000000000, 3.826595902889935400E-016, -1.000000000000000000 ) ) ;
#4076 = DIRECTION ( 'NONE',  ( -0.0000000000000000000, -1.000000000000000000, -0.0000000000000000000 ) ) ;
#4077 = LINE ( 'NONE', #4005, #4605 ) ;
#4078 = MECHANICAL_DESIGN_GEOMETRIC_PRESENTATION_REPRESENTATION (  '', ( #549 ), #4599 ) ;
#4079 = DIRECTION ( 'NONE',  ( -6.518909667350975500E-031, -1.000000000000000000, -3.826595902889935400E-016 ) ) ;
#4080 = SURFACE_SIDE_STYLE ('',( #958 ) ) ;
#4081 = ORIENTED_EDGE ( 'NONE', *, *, #3913, .T. ) ;
#4082 = CARTESIAN_POINT ( 'NONE',  ( 1.734723475976807100E-015, 0.5000000000000468500, 1.169293480566425500E-014 ) ) ;
#4083 = VECTOR ( 'NONE', #3696, 1000.000000000000000 ) ;
#4084 = DIRECTION ( 'NONE',  ( 2.040851148207966600E-015, -1.020425574103983300E-015, -1.000000000000000000 ) ) ;
#4085 = CARTESIAN_POINT ( 'NONE',  ( 4.015000000000052100, 1.039999999999999600, -0.8250000000000201600 ) ) ;
#4086 = VECTOR ( 'NONE', #3938, 1000.000000000000000 ) ;
#4087 = CARTESIAN_POINT ( 'NONE',  ( -4.014999999999972100, 1.049999999999999800, -1.024999999999998100 ) ) ;
#4088 = AXIS2_PLACEMENT_3D ( 'NONE', #932, #957, #966 ) ;
#4089 =( GEOMETRIC_REPRESENTATION_CONTEXT ( 3 ) GLOBAL_UNCERTAINTY_ASSIGNED_CONTEXT ( ( #1055 ) ) GLOBAL_UNIT_ASSIGNED_CONTEXT ( ( #1193, #1204, #1215 ) ) REPRESENTATION_CONTEXT ( 'NONE', 'WORKASPACE' ) );
#4090 =( LENGTH_UNIT ( ) NAMED_UNIT ( * ) SI_UNIT ( .MILLI., .METRE. ) );
#4091 = ORIENTED_EDGE ( 'NONE', *, *, #3009, .F. ) ;
#4092 = COLOUR_RGB ( '',0.6588235294117647000, 0.6196078431372549200, 0.5607843137254902000 ) ;
#4093 = ORIENTED_EDGE ( 'NONE', *, *, #1390, .F. ) ;
#4094 =( NAMED_UNIT ( * ) SI_UNIT ( $, .STERADIAN. ) SOLID_ANGLE_UNIT ( ) );
#4095 = SURFACE_SIDE_STYLE ('',( #4108 ) ) ;
#4096 = VECTOR ( 'NONE', #1536, 1000.000000000000000 ) ;
#4097 = EDGE_CURVE ( 'NONE', #4467, #3581, #1432, .T. ) ;
#4098 = VECTOR ( 'NONE', #3615, 1000.000000000000000 ) ;
#4099 = ORIENTED_EDGE ( 'NONE', *, *, #1457, .F. ) ;
#4100 =( NAMED_UNIT ( * ) PLANE_ANGLE_UNIT ( ) SI_UNIT ( $, .RADIAN. ) );
#4101 = FACE_OUTER_BOUND ( 'NONE', #126, .T. ) ;
#4102 = ORIENTED_EDGE ( 'NONE', *, *, #3110, .F. ) ;
#4103 = PLANE ( 'NONE',  #1679 ) ;
#4104 =( LENGTH_UNIT ( ) NAMED_UNIT ( * ) SI_UNIT ( .MILLI., .METRE. ) );
#4105 = SURFACE_STYLE_USAGE ( .BOTH. , #4095 ) ;
#4106 = CIRCLE ( 'NONE', #440, 0.1599999999999999800 ) ;
#4107 = CARTESIAN_POINT ( 'NONE',  ( 3.075000000000007300, 0.3500000000000447200, 0.4250000000000087000 ) ) ;
#4108 = SURFACE_STYLE_FILL_AREA ( #4029 ) ;
#4109 = ORIENTED_EDGE ( 'NONE', *, *, #4200, .T. ) ;
#4110 = SURFACE_STYLE_USAGE ( .BOTH. , #4117 ) ;
#4111 = LINE ( 'NONE', #4567, #3065 ) ;
#4112 = AXIS2_PLACEMENT_3D ( 'NONE', #589, #593, #1192 ) ;
#4113 = CARTESIAN_POINT ( 'NONE',  ( -4.174999999999978500, 0.3500000000000475000, -2.200000000000031300 ) ) ;
#4114 =( GEOMETRIC_REPRESENTATION_CONTEXT ( 3 ) GLOBAL_UNCERTAINTY_ASSIGNED_CONTEXT ( ( #3339 ) ) GLOBAL_UNIT_ASSIGNED_CONTEXT ( ( #4850, #2366, #1709 ) ) REPRESENTATION_CONTEXT ( 'NONE', 'WORKASPACE' ) );
#4115 = VECTOR ( 'NONE', #4563, 1000.000000000000000 ) ;
#4116 =( NAMED_UNIT ( * ) SI_UNIT ( $, .STERADIAN. ) SOLID_ANGLE_UNIT ( ) );
#4117 = SURFACE_SIDE_STYLE ('',( #751 ) ) ;
#4118 = LINE ( 'NONE', #1650, #4527 ) ;
#4119 = SURFACE_SIDE_STYLE ('',( #4681 ) ) ;
#4120 = ORIENTED_EDGE ( 'NONE', *, *, #2867, .T. ) ;
#4121 = FILL_AREA_STYLE ('',( #4190 ) ) ;
#4122 = ORIENTED_EDGE ( 'NONE', *, *, #1416, .F. ) ;
#4123 = DIRECTION ( 'NONE',  ( -1.000000000000000000, 0.0000000000000000000, 0.0000000000000000000 ) ) ;
#4124 = ORIENTED_EDGE ( 'NONE', *, *, #3075, .F. ) ;
#4125 = CARTESIAN_POINT ( 'NONE',  ( 0.0000000000000000000, 1.200000000000000000, 2.049999999999996300 ) ) ;
#4126 = EDGE_LOOP ( 'NONE', ( #4272, #4234, #4162, #4153 ) ) ;
#4127 = LINE ( 'NONE', #2689, #4181 ) ;
#4128 = PLANE ( 'NONE',  #231 ) ;
#4129 = FACE_OUTER_BOUND ( 'NONE', #3561, .T. ) ;
#4130 =( LENGTH_UNIT ( ) NAMED_UNIT ( * ) SI_UNIT ( .MILLI., .METRE. ) );
#4131 = ORIENTED_EDGE ( 'NONE', *, *, #2526, .F. ) ;
#4132 = PRODUCT_DEFINITION_SHAPE ( 'NONE', 'NONE',  #3985 ) ;
#4133 = VECTOR ( 'NONE', #1104, 1000.000000000000000 ) ;
#4134 =( LENGTH_UNIT ( ) NAMED_UNIT ( * ) SI_UNIT ( .MILLI., .METRE. ) );
#4135 = FILL_AREA_STYLE_COLOUR ( '', #1789 ) ;
#4136 = ORIENTED_EDGE ( 'NONE', *, *, #4195, .T. ) ;
#4137 = LINE ( 'NONE', #597, #118 ) ;
#4138 =( NAMED_UNIT ( * ) PLANE_ANGLE_UNIT ( ) SI_UNIT ( $, .RADIAN. ) );
#4139 = FACE_OUTER_BOUND ( 'NONE', #1285, .T. ) ;
#4140 = VERTEX_POINT ( 'NONE', #3777 ) ;
#4141 = LINE ( 'NONE', #3633, #4098 ) ;
#4142 = CYLINDRICAL_SURFACE ( 'NONE', #1177, 0.1599999999999999800 ) ;
#4143 = VECTOR ( 'NONE', #3673, 1000.000000000000000 ) ;
#4144 = CARTESIAN_POINT ( 'NONE',  ( 0.0000000000000000000, 0.3800000000000000000, 0.0000000000000000000 ) ) ;
#4145 =( NAMED_UNIT ( * ) SI_UNIT ( $, .STERADIAN. ) SOLID_ANGLE_UNIT ( ) );
#4146 = ORIENTED_EDGE ( 'NONE', *, *, #2935, .F. ) ;
#4147 = DIRECTION ( 'NONE',  ( -0.0000000000000000000, 1.000000000000000000, 0.0000000000000000000 ) ) ;
#4148 = PRESENTATION_STYLE_ASSIGNMENT (( #3190 ) ) ;
#4149 =( LENGTH_UNIT ( ) NAMED_UNIT ( * ) SI_UNIT ( .MILLI., .METRE. ) );
#4150 = EDGE_LOOP ( 'NONE', ( #4864, #2153, #3317, #4429 ) ) ;
#4151 = FACE_OUTER_BOUND ( 'NONE', #3301, .T. ) ;
#4152 = UNCERTAINTY_MEASURE_WITH_UNIT (LENGTH_MEASURE( 1.000000000000000100E-005 ), #2553, 'distance_accuracy_value', 'NONE');
#4153 = ORIENTED_EDGE ( 'NONE', *, *, #2617, .F. ) ;
#4154 = ADVANCED_FACE ( 'NONE', ( #4151 ), #3783, .T. ) ;
#4155 = CARTESIAN_POINT ( 'NONE',  ( 3.475000000000002800, 1.039999999999999600, 0.4250000000000087000 ) ) ;
#4156 = CARTESIAN_POINT ( 'NONE',  ( -3.074999999999981500, -17.26293531905800200, 1.425000000000009600 ) ) ;
#4157 = SURFACE_STYLE_FILL_AREA ( #4856 ) ;
#4158 = CLOSED_SHELL ( 'NONE', ( #3278, #716, #343, #415, #783, #523, #1123, #908, #558, #4562, #1159, #233, #1080, #46, #1128, #672, #119, #1131, #302, #840, #813, #79, #368, #1175, #1150, #919, #1181, #657, #532, #63, #268, #694, #1164, #4342, #1214, #700, #647, #826, #878, #759, #370, #1228, #3754, #366, #3124, #662, #768, #36, #804, #938, #786, #88, #708, #931, #3138, #100, #4154, #835, #1158, #4504, #29, #617, #1187, #884, #2315, #3044, #3685, #92, #910, #638, #53, #227, #162, #701, #688, #414, #1071, #436, #1227, #4306, #41, #533, #640, #83, #4662, #472 ) ) ;
#4159 = CARTESIAN_POINT ( 'NONE',  ( -3.624999999999976500, 0.5100000000000466400, 2.199999999999995300 ) ) ;
#4160 = ORIENTED_EDGE ( 'NONE', *, *, #2583, .T. ) ;
#4161 = DIRECTION ( 'NONE',  ( 1.000000000000000000, 0.0000000000000000000, 0.0000000000000000000 ) ) ;
#4162 = ORIENTED_EDGE ( 'NONE', *, *, #2579, .T. ) ;
#4163 = ADVANCED_BREP_SHAPE_REPRESENTATION ( '', ( #3980, #1020, #1419, #17 ), #25 ) ;
#4164 = CARTESIAN_POINT ( 'NONE',  ( 4.175000000000052200, 1.039999999999999600, -0.8250000000000201600 ) ) ;
#4165 =( NAMED_UNIT ( * ) SI_UNIT ( $, .STERADIAN. ) SOLID_ANGLE_UNIT ( ) );
#4166 = EDGE_LOOP ( 'NONE', ( #609, #827, #754, #832 ) ) ;
#4167 = CARTESIAN_POINT ( 'NONE',  ( 3.634999999999982500, 0.5100000000000558500, 10.10341311811409800 ) ) ;
#4168 = ORIENTED_EDGE ( 'NONE', *, *, #1735, .T. ) ;
#4169 = CARTESIAN_POINT ( 'NONE',  ( -3.634999999999969100, 0.5000000000000456300, 1.425000000000013100 ) ) ;
#4170 = SURFACE_STYLE_FILL_AREA ( #2573 ) ;
#4171 = DIRECTION ( 'NONE',  ( -1.000000000000000000, 0.0000000000000000000, 0.0000000000000000000 ) ) ;
#4172 = ORIENTED_EDGE ( 'NONE', *, *, #4360, .F. ) ;
#4173 = SURFACE_STYLE_FILL_AREA ( #3141 ) ;
#4174 = FILL_AREA_STYLE ('',( #3521 ) ) ;
#4175 = ORIENTED_EDGE ( 'NONE', *, *, #3072, .T. ) ;
#4176 = LINE ( 'NONE', #2321, #4320 ) ;
#4177 = FACE_OUTER_BOUND ( 'NONE', #4359, .T. ) ;
#4178 = CARTESIAN_POINT ( 'NONE',  ( -2.624999999999976000, 1.199999999999999700, 2.049999999999996300 ) ) ;
#4179 = PRESENTATION_STYLE_ASSIGNMENT (( #3861 ) ) ;
#4180 = VERTEX_POINT ( 'NONE', #3730 ) ;
#4181 = VECTOR ( 'NONE', #2590, 1000.000000000000000 ) ;
#4182 = CARTESIAN_POINT ( 'NONE',  ( 2.074999999999994400, 0.3800000000000122700, -2.349999999999965900 ) ) ;
#4183 = CARTESIAN_POINT ( 'NONE',  ( 0.0000000000000000000, 1.200000000000000000, 1.024999999999995500 ) ) ;
#4184 = CIRCLE ( 'NONE', #594, 0.009999999999999592500 ) ;
#4185 = VECTOR ( 'NONE', #3111, 1000.000000000000000 ) ;
#4186 = EDGE_CURVE ( 'NONE', #1612, #4772, #3871, .T. ) ;
#4187 = PLANE ( 'NONE',  #1529 ) ;
#4188 = VERTEX_POINT ( 'NONE', #3771 ) ;
#4189 = UNCERTAINTY_MEASURE_WITH_UNIT (LENGTH_MEASURE( 1.000000000000000100E-005 ), #444, 'distance_accuracy_value', 'NONE');
#4190 = FILL_AREA_STYLE_COLOUR ( '', #4644 ) ;
#4191 = ORIENTED_EDGE ( 'NONE', *, *, #3081, .T. ) ;
#4192 = CARTESIAN_POINT ( 'NONE',  ( 0.0000000000000000000, 1.039999999999999600, -2.199999999999963300 ) ) ;
#4193 = FILL_AREA_STYLE ('',( #4068 ) ) ;
#4194 = PRESENTATION_LAYER_ASSIGNMENT (  '', '', ( #3054 ) ) ;
#4195 = EDGE_CURVE ( 'NONE', #615, #1235, #3386, .T. ) ;
#4196 = VERTEX_POINT ( 'NONE', #3368 ) ;
#4197 = ORIENTED_EDGE ( 'NONE', *, *, #4617, .F. ) ;
#4198 = LINE ( 'NONE', #4603, #383 ) ;
#4199 = SURFACE_SIDE_STYLE ('',( #451 ) ) ;
#4200 = EDGE_CURVE ( 'NONE', #1612, #779, #1541, .T. ) ;
#4201 = DIRECTION ( 'NONE',  ( 1.000000000000000000, 0.0000000000000000000, 0.0000000000000000000 ) ) ;
#4202 = PRESENTATION_STYLE_ASSIGNMENT (( #3275 ) ) ;
#4203 = LINE ( 'NONE', #3403, #4213 ) ;
#4204 = SURFACE_STYLE_FILL_AREA ( #3550 ) ;
#4205 = COLOUR_RGB ( '',0.6588235294117647000, 0.6196078431372549200, 0.5607843137254902000 ) ;
#4206 = SURFACE_STYLE_USAGE ( .BOTH. , #4199 ) ;
#4207 = PRESENTATION_LAYER_ASSIGNMENT (  '', '', ( #2970 ) ) ;
#4208 = CARTESIAN_POINT ( 'NONE',  ( -3.474999999999977400, 0.0000000000000000000, 0.0000000000000000000 ) ) ;
#4209 = VERTEX_POINT ( 'NONE', #3677 ) ;
#4210 =( NAMED_UNIT ( * ) SI_UNIT ( $, .STERADIAN. ) SOLID_ANGLE_UNIT ( ) );
#4211 = PRESENTATION_STYLE_ASSIGNMENT (( #3326 ) ) ;
#4212 = VERTEX_POINT ( 'NONE', #3687 ) ;
#4213 = VECTOR ( 'NONE', #1643, 1000.000000000000000 ) ;
#4214 = SURFACE_STYLE_FILL_AREA ( #4706 ) ;
#4215 = FILL_AREA_STYLE_COLOUR ( '', #75 ) ;
#4216 = LINE ( 'NONE', #169, #4592 ) ;
#4217 =( NAMED_UNIT ( * ) SI_UNIT ( $, .STERADIAN. ) SOLID_ANGLE_UNIT ( ) );
#4218 =( LENGTH_UNIT ( ) NAMED_UNIT ( * ) SI_UNIT ( .MILLI., .METRE. ) );
#4219 = PRESENTATION_STYLE_ASSIGNMENT (( #553 ) ) ;
#4220 = SHAPE_DEFINITION_REPRESENTATION ( #4780, #2213 ) ;
#4221 = EDGE_CURVE ( 'NONE', #4867, #3749, #2678, .T. ) ;
#4222 =( NAMED_UNIT ( * ) PLANE_ANGLE_UNIT ( ) SI_UNIT ( $, .RADIAN. ) );
#4223 = EDGE_CURVE ( 'NONE', #1654, #1374, #4141, .T. ) ;
#4224 = EDGE_CURVE ( 'NONE', #3066, #1223, #3835, .T. ) ;
#4225 =( NAMED_UNIT ( * ) PLANE_ANGLE_UNIT ( ) SI_UNIT ( $, .RADIAN. ) );
#4226 = ORIENTED_EDGE ( 'NONE', *, *, #2859, .F. ) ;
#4227 = LINE ( 'NONE', #205, #1708 ) ;
#4228 = ORIENTED_EDGE ( 'NONE', *, *, #4753, .T. ) ;
#4229 =( LENGTH_UNIT ( ) NAMED_UNIT ( * ) SI_UNIT ( .MILLI., .METRE. ) );
#4230 = ORIENTED_EDGE ( 'NONE', *, *, #2996, .F. ) ;
#4231 = MECHANICAL_DESIGN_GEOMETRIC_PRESENTATION_REPRESENTATION (  '', ( #4697 ), #2419 ) ;
#4232 = SURFACE_STYLE_USAGE ( .BOTH. , #4240 ) ;
#4233 =( NAMED_UNIT ( * ) SI_UNIT ( $, .STERADIAN. ) SOLID_ANGLE_UNIT ( ) );
#4234 = ORIENTED_EDGE ( 'NONE', *, *, #2608, .F. ) ;
#4235 = DIRECTION ( 'NONE',  ( 1.000000000000000000, 0.0000000000000000000, 0.0000000000000000000 ) ) ;
#4236 = ORIENTED_EDGE ( 'NONE', *, *, #1698, .T. ) ;
#4237 = UNCERTAINTY_MEASURE_WITH_UNIT (LENGTH_MEASURE( 1.000000000000000100E-005 ), #4218, 'distance_accuracy_value', 'NONE');
#4238 = DIRECTION ( 'NONE',  ( 0.0000000000000000000, 0.0000000000000000000, 1.000000000000000000 ) ) ;
#4239 = SHAPE_DEFINITION_REPRESENTATION ( #4524, #1800 ) ;
#4240 = SURFACE_SIDE_STYLE ('',( #2599 ) ) ;
#4241 = UNCERTAINTY_MEASURE_WITH_UNIT (LENGTH_MEASURE( 1.000000000000000100E-005 ), #4336, 'distance_accuracy_value', 'NONE');
#4242 = PRESENTATION_STYLE_ASSIGNMENT (( #3692 ) ) ;
#4243 = SURFACE_STYLE_USAGE ( .BOTH. , #781 ) ;
#4244 = VECTOR ( 'NONE', #4379, 1000.000000000000000 ) ;
#4245 = EDGE_CURVE ( 'NONE', #4867, #4427, #2771, .T. ) ;
#4246 = FILL_AREA_STYLE ('',( #4277 ) ) ;
#4247 = FILL_AREA_STYLE_COLOUR ( '', #3227 ) ;
#4248 = CARTESIAN_POINT ( 'NONE',  ( 4.025000000000051900, -17.26293531905800200, -2.050000000000051800 ) ) ;
#4249 = ORIENTED_EDGE ( 'NONE', *, *, #1797, .F. ) ;
#4250 = VECTOR ( 'NONE', #3158, 1000.000000000000000 ) ;
#4251 = VECTOR ( 'NONE', #1266, 1000.000000000000000 ) ;
#4252 = EDGE_CURVE ( 'NONE', #3538, #4924, #2822, .T. ) ;
#4253 = UNCERTAINTY_MEASURE_WITH_UNIT (LENGTH_MEASURE( 1.000000000000000100E-005 ), #1951, 'distance_accuracy_value', 'NONE');
#4254 = CARTESIAN_POINT ( 'NONE',  ( -3.074999999999981500, 1.200000000000000000, 0.0000000000000000000 ) ) ;
#4255 = CIRCLE ( 'NONE', #108, 0.01000000000000002600 ) ;
#4256 = ORIENTED_EDGE ( 'NONE', *, *, #2462, .T. ) ;
#4257 = DIRECTION ( 'NONE',  ( -1.000000000000000000, 0.0000000000000000000, 0.0000000000000000000 ) ) ;
#4258 = CARTESIAN_POINT ( 'NONE',  ( -2.624999999999979100, 0.6500000000000048000, 2.350000000000019200 ) ) ;
#4259 = ORIENTED_EDGE ( 'NONE', *, *, #3646, .F. ) ;
#4260 = VERTEX_POINT ( 'NONE', #3569 ) ;
#4261 = DIRECTION ( 'NONE',  ( 3.357529308342098400E-015, 1.119176436114032700E-015, 1.000000000000000000 ) ) ;
#4262 = VERTEX_POINT ( 'NONE', #3573 ) ;
#4263 = LINE ( 'NONE', #673, #2352 ) ;
#4264 = DIRECTION ( 'NONE',  ( 1.000000000000000000, 0.0000000000000000000, -0.0000000000000000000 ) ) ;
#4265 = CARTESIAN_POINT ( 'NONE',  ( 4.025000000000051900, -8.673617379884035500E-016, 0.0000000000000000000 ) ) ;
#4266 = DIRECTION ( 'NONE',  ( -1.000000000000000000, 0.0000000000000000000, 0.0000000000000000000 ) ) ;
#4267 = EDGE_LOOP ( 'NONE', ( #3543, #4197, #1448, #148 ) ) ;
#4268 = CYLINDRICAL_SURFACE ( 'NONE', #776, 0.1599999999999999800 ) ;
#4269 = VECTOR ( 'NONE', #1341, 1000.000000000000000 ) ;
#4270 = UNCERTAINTY_MEASURE_WITH_UNIT (LENGTH_MEASURE( 1.000000000000000100E-005 ), #4401, 'distance_accuracy_value', 'NONE');
#4271 = VECTOR ( 'NONE', #1540, 1000.000000000000000 ) ;
#4272 = ORIENTED_EDGE ( 'NONE', *, *, #2586, .F. ) ;
#4273 = CARTESIAN_POINT ( 'NONE',  ( 4.025000000000051900, 1.039999999999999600, -0.8250000000000201600 ) ) ;
#4274 = UNCERTAINTY_MEASURE_WITH_UNIT (LENGTH_MEASURE( 1.000000000000000100E-005 ), #4470, 'distance_accuracy_value', 'NONE');
#4275 = CARTESIAN_POINT ( 'NONE',  ( 3.475000000000003200, 1.039999999999999600, -11.29016708532252800 ) ) ;
#4276 = CARTESIAN_POINT ( 'NONE',  ( -2.624999999999979100, 1.039999999999999600, 2.200000000000018800 ) ) ;
#4277 = FILL_AREA_STYLE_COLOUR ( '', #4620 ) ;
#4278 = EDGE_LOOP ( 'NONE', ( #2731, #2593, #2342, #4346 ) ) ;
#4279 = CARTESIAN_POINT ( 'NONE',  ( -3.464999999999976300, 1.039999999999999600, 2.200000000000061500 ) ) ;
#4280 = COLOUR_RGB ( '',0.6588235294117647000, 0.6196078431372549200, 0.5607843137254902000 ) ;
#4281 = SURFACE_STYLE_FILL_AREA ( #2019 ) ;
#4282 = DIRECTION ( 'NONE',  ( 0.2588214418262129700, 0.9659251840857036000, 0.0000000000000000000 ) ) ;
#4283 = LINE ( 'NONE', #972, #23 ) ;
#4284 = FILL_AREA_STYLE_COLOUR ( '', #1740 ) ;
#4285 = ORIENTED_EDGE ( 'NONE', *, *, #1553, .F. ) ;
#4286 = VECTOR ( 'NONE', #3099, 1000.000000000000000 ) ;
#4287 = EDGE_LOOP ( 'NONE', ( #4634, #4513, #1062, #3611 ) ) ;
#4288 = CARTESIAN_POINT ( 'NONE',  ( -3.635000000000016700, 0.5100000000000359800, -11.87841311811409100 ) ) ;
#4289 = EDGE_CURVE ( 'NONE', #3889, #2146, #4875, .T. ) ;
#4290 = VERTEX_POINT ( 'NONE', #3585 ) ;
#4291 = ORIENTED_EDGE ( 'NONE', *, *, #678, .T. ) ;
#4292 = COLOUR_RGB ( '',0.2039215686274509800, 0.2039215686274509800, 0.2039215686274509800 ) ;
#4293 = CARTESIAN_POINT ( 'NONE',  ( 2.875000000000017300, 0.3800000000000122700, 2.350000000000018700 ) ) ;
#4294 = FILL_AREA_STYLE_COLOUR ( '', #5001 ) ;
#4295 = CARTESIAN_POINT ( 'NONE',  ( -2.624999999999975600, 0.3800000000000122700, 2.350000000000018700 ) ) ;
#4296 = VECTOR ( 'NONE', #4449, 1000.000000000000000 ) ;
#4297 = CARTESIAN_POINT ( 'NONE',  ( 0.0000000000000000000, 1.200000000000000000, 2.200000000000023300 ) ) ;
#4298 = UNCERTAINTY_MEASURE_WITH_UNIT (LENGTH_MEASURE( 1.000000000000000100E-005 ), #4781, 'distance_accuracy_value', 'NONE');
#4299 = FACE_OUTER_BOUND ( 'NONE', #324, .T. ) ;
#4300 = CARTESIAN_POINT ( 'NONE',  ( 3.635000000000003800, 0.5000000000000459600, -0.4250000000000043700 ) ) ;
#4301 =( NAMED_UNIT ( * ) SI_UNIT ( $, .STERADIAN. ) SOLID_ANGLE_UNIT ( ) );
#4302 = FACE_OUTER_BOUND ( 'NONE', #2253, .T. ) ;
#4303 = FILL_AREA_STYLE_COLOUR ( '', #665 ) ;
#4304 = VERTEX_POINT ( 'NONE', #3563 ) ;
#4305 = CARTESIAN_POINT ( 'NONE',  ( -4.174999999999971400, 1.039999999999999600, -1.024999999999998100 ) ) ;
#4306 = ADVANCED_FACE ( 'NONE', ( #3015 ), #3554, .T. ) ;
#4307 = LINE ( 'NONE', #3048, #4286 ) ;
#4308 = CARTESIAN_POINT ( 'NONE',  ( -3.024999999999932000, 1.049999999999999800, -2.050000000000051800 ) ) ;
#4309 = CARTESIAN_POINT ( 'NONE',  ( 3.875000000000026200, 0.0000000000000000000, -2.199999999999963300 ) ) ;
#4310 = LINE ( 'NONE', #543, #2017 ) ;
#4311 = CARTESIAN_POINT ( 'NONE',  ( 3.875000000000029300, 1.039999999999999600, -2.349999999999963200 ) ) ;
#4312 = ORIENTED_EDGE ( 'NONE', *, *, #2398, .T. ) ;
#4313 =( LENGTH_UNIT ( ) NAMED_UNIT ( * ) SI_UNIT ( .MILLI., .METRE. ) );
#4314 = ORIENTED_EDGE ( 'NONE', *, *, #3951, .F. ) ;
#4315 = CYLINDRICAL_SURFACE ( 'NONE', #250, 0.01000000000000002600 ) ;
#4316 = ORIENTED_EDGE ( 'NONE', *, *, #2569, .F. ) ;
#4317 = CARTESIAN_POINT ( 'NONE',  ( -3.024999999999932000, 1.049999999999999800, -2.200000000000035300 ) ) ;
#4318 = DIRECTION ( 'NONE',  ( 0.0000000000000000000, 0.0000000000000000000, 1.000000000000000000 ) ) ;
#4319 = DIRECTION ( 'NONE',  ( -0.0000000000000000000, -1.000000000000000000, -0.0000000000000000000 ) ) ;
#4320 = VECTOR ( 'NONE', #2310, 1000.000000000000000 ) ;
#4321 = CARTESIAN_POINT ( 'NONE',  ( -3.024999999999932000, 1.199999999999999700, -2.200000000000035300 ) ) ;
#4322 = SURFACE_SIDE_STYLE ('',( #3366 ) ) ;
#4323 = ORIENTED_EDGE ( 'NONE', *, *, #1841, .T. ) ;
#4324 = SURFACE_STYLE_USAGE ( .BOTH. , #4322 ) ;
#4325 = LINE ( 'NONE', #3076, #4185 ) ;
#4326 = ORIENTED_EDGE ( 'NONE', *, *, #2577, .F. ) ;
#4327 = CARTESIAN_POINT ( 'NONE',  ( 2.409999999999998800, 0.6800000000000000500, -4.309999999999998700 ) ) ;
#4328 = LINE ( 'NONE', #2920, #4358 ) ;
#4329 = VERTEX_POINT ( 'NONE', #3470 ) ;
#4330 = DIRECTION ( 'NONE',  ( 0.0000000000000000000, -0.0000000000000000000, -1.000000000000000000 ) ) ;
#4331 = LINE ( 'NONE', #837, #4746 ) ;
#4332 = ORIENTED_EDGE ( 'NONE', *, *, #2916, .F. ) ;
#4333 = CARTESIAN_POINT ( 'NONE',  ( 3.075000000000006800, 1.049999999999999800, 0.8250000000000209400 ) ) ;
#4334 = CARTESIAN_POINT ( 'NONE',  ( 3.309999999999998700, 0.3800000000000000000, -4.609999999999998500 ) ) ;
#4335 = SURFACE_STYLE_FILL_AREA ( #1365 ) ;
#4336 =( LENGTH_UNIT ( ) NAMED_UNIT ( * ) SI_UNIT ( .MILLI., .METRE. ) );
#4337 = CARTESIAN_POINT ( 'NONE',  ( -3.624999999999978200, 1.039999999999999600, -2.200000000000035300 ) ) ;
#4338 = ORIENTED_EDGE ( 'NONE', *, *, #2428, .F. ) ;
#4339 = CARTESIAN_POINT ( 'NONE',  ( 0.0000000000000000000, 0.3800000000000000000, 4.800000000000001600 ) ) ;
#4340 =( NAMED_UNIT ( * ) PLANE_ANGLE_UNIT ( ) SI_UNIT ( $, .RADIAN. ) );
#4341 = VECTOR ( 'NONE', #3350, 1000.000000000000000 ) ;
#4342 = ADVANCED_FACE ( 'NONE', ( #973 ), #3452, .T. ) ;
#4343 = FILL_AREA_STYLE ('',( #4247 ) ) ;
#4344 = ORIENTED_EDGE ( 'NONE', *, *, #2042, .F. ) ;
#4345 = CARTESIAN_POINT ( 'NONE',  ( -2.624999999999987600, 0.6500000000000048000, -10.86684353621791400 ) ) ;
#4346 = ORIENTED_EDGE ( 'NONE', *, *, #1023, .F. ) ;
#4347 = PLANE ( 'NONE',  #2509 ) ;
#4348 = LINE ( 'NONE', #3042, #4377 ) ;
#4349 = CARTESIAN_POINT ( 'NONE',  ( -12.62640447190884400, 1.050000000000000000, -2.189999999999963100 ) ) ;
#4350 =( NAMED_UNIT ( * ) SI_UNIT ( $, .STERADIAN. ) SOLID_ANGLE_UNIT ( ) );
#4351 = VERTEX_POINT ( 'NONE', #3395 ) ;
#4352 = VECTOR ( 'NONE', #418, 1000.000000000000000 ) ;
#4353 = ORIENTED_EDGE ( 'NONE', *, *, #2360, .T. ) ;
#4354 = VECTOR ( 'NONE', #534, 1000.000000000000000 ) ;
#4355 = SURFACE_SIDE_STYLE ('',( #3644 ) ) ;
#4356 = CARTESIAN_POINT ( 'NONE',  ( 3.465000000000003400, 1.039999999999999600, -11.29016708532252800 ) ) ;
#4357 = DIRECTION ( 'NONE',  ( 1.000000000000000000, 0.0000000000000000000, 0.0000000000000000000 ) ) ;
#4358 = VECTOR ( 'NONE', #3125, 1000.000000000000000 ) ;
#4359 = EDGE_LOOP ( 'NONE', ( #2460, #4042, #939, #1554 ) ) ;
#4360 = EDGE_CURVE ( 'NONE', #3581, #3540, #4932, .T. ) ;
#4361 = DIRECTION ( 'NONE',  ( -0.0000000000000000000, 0.0000000000000000000, -1.000000000000000000 ) ) ;
#4362 = PRODUCT_RELATED_PRODUCT_CATEGORY ( 'part', '', ( #4911 ) ) ;
#4363 = CARTESIAN_POINT ( 'NONE',  ( -2.624999999999987100, 0.6500000000000048000, 2.200000000000019300 ) ) ;
#4364 = ORIENTED_EDGE ( 'NONE', *, *, #2950, .F. ) ;
#4365 = SURFACE_STYLE_FILL_AREA ( #3464 ) ;
#4366 = ORIENTED_EDGE ( 'NONE', *, *, #2935, .T. ) ;
#4367 = UNCERTAINTY_MEASURE_WITH_UNIT (LENGTH_MEASURE( 1.000000000000000100E-005 ), #4531, 'distance_accuracy_value', 'NONE');
#4368 = VERTEX_POINT ( 'NONE', #3376 ) ;
#4369 = PLANE ( 'NONE',  #1499 ) ;
#4370 =( LENGTH_UNIT ( ) NAMED_UNIT ( * ) SI_UNIT ( .MILLI., .METRE. ) );
#4371 = UNCERTAINTY_MEASURE_WITH_UNIT (LENGTH_MEASURE( 1.000000000000000100E-005 ), #4609, 'distance_accuracy_value', 'NONE');
#4372 = CARTESIAN_POINT ( 'NONE',  ( 3.465000000000003400, 1.050000000000000000, 0.0000000000000000000 ) ) ;
#4373 = EDGE_LOOP ( 'NONE', ( #1917, #1381, #3684, #2663 ) ) ;
#4374 =( NAMED_UNIT ( * ) PLANE_ANGLE_UNIT ( ) SI_UNIT ( $, .RADIAN. ) );
#4375 = CARTESIAN_POINT ( 'NONE',  ( 3.875000000000027500, -17.26293531905800200, 2.049999999999996300 ) ) ;
#4376 = VERTEX_POINT ( 'NONE', #3378 ) ;
#4377 = VECTOR ( 'NONE', #2955, 1000.000000000000000 ) ;
#4378 = PRESENTATION_STYLE_ASSIGNMENT (( #2308 ) ) ;
#4379 = DIRECTION ( 'NONE',  ( -0.0000000000000000000, 0.0000000000000000000, -1.000000000000000000 ) ) ;
#4380 = FILL_AREA_STYLE ('',( #4557 ) ) ;
#4381 = ORIENTED_EDGE ( 'NONE', *, *, #468, .F. ) ;
#4382 = DIRECTION ( 'NONE',  ( 1.000000000000000000, 0.0000000000000000000, 0.0000000000000000000 ) ) ;
#4383 = EDGE_CURVE ( 'NONE', #686, #3802, #172, .T. ) ;
#4384 = VERTEX_POINT ( 'NONE', #3393 ) ;
#4385 = FILL_AREA_STYLE ('',( #4284 ) ) ;
#4386 =( NAMED_UNIT ( * ) SI_UNIT ( $, .STERADIAN. ) SOLID_ANGLE_UNIT ( ) );
#4387 = COLOUR_RGB ( '',0.6588235294117647000, 0.6196078431372549200, 0.5607843137254902000 ) ;
#4388 = ORIENTED_EDGE ( 'NONE', *, *, #2389, .F. ) ;
#4389 = LINE ( 'NONE', #1149, #3422 ) ;
#4390 = SURFACE_SIDE_STYLE ('',( #1418 ) ) ;
#4391 = EDGE_CURVE ( 'NONE', #3385, #4650, #1870, .T. ) ;
#4392 = PRESENTATION_STYLE_ASSIGNMENT (( #3962 ) ) ;
#4393 = VECTOR ( 'NONE', #3228, 1000.000000000000000 ) ;
#4394 = CARTESIAN_POINT ( 'NONE',  ( -3.634999999999982900, 0.5000000000000486300, -1.425000000000007800 ) ) ;
#4395 = DIRECTION ( 'NONE',  ( 0.0000000000000000000, 0.0000000000000000000, 1.000000000000000000 ) ) ;
#4396 = ORIENTED_EDGE ( 'NONE', *, *, #2739, .T. ) ;
#4397 = SURFACE_STYLE_USAGE ( .BOTH. , #4390 ) ;
#4398 = SURFACE_STYLE_USAGE ( .BOTH. , #2034 ) ;
#4399 = DIRECTION ( 'NONE',  ( -0.2588181039721620900, 0.9659260784636963800, 0.0000000000000000000 ) ) ;
#4400 = SURFACE_STYLE_USAGE ( .BOTH. , #4785 ) ;
#4401 =( LENGTH_UNIT ( ) NAMED_UNIT ( * ) SI_UNIT ( .MILLI., .METRE. ) );
#4402 = LINE ( 'NONE', #3579, #3992 ) ;
#4403 = CARTESIAN_POINT ( 'NONE',  ( 3.875000000000020900, 1.050000000000000000, 2.190000000000018600 ) ) ;
#4404 = CARTESIAN_POINT ( 'NONE',  ( 2.074999999999994400, 0.3800000000000122700, -2.349999999999963200 ) ) ;
#4405 =( NAMED_UNIT ( * ) PLANE_ANGLE_UNIT ( ) SI_UNIT ( $, .RADIAN. ) );
#4406 = LINE ( 'NONE', #4843, #3976 ) ;
#4407 = EDGE_CURVE ( 'NONE', #3281, #2016, #2538, .T. ) ;
#4408 = LINE ( 'NONE', #3336, #854 ) ;
#4409 = CARTESIAN_POINT ( 'NONE',  ( -3.634999999999984200, 0.5100000000000468600, -2.200000000000033500 ) ) ;
#4410 =( NAMED_UNIT ( * ) SI_UNIT ( $, .STERADIAN. ) SOLID_ANGLE_UNIT ( ) );
#4411 = VERTEX_POINT ( 'NONE', #3329 ) ;
#4412 = SURFACE_STYLE_USAGE ( .BOTH. , #4355 ) ;
#4413 = ORIENTED_EDGE ( 'NONE', *, *, #4383, .F. ) ;
#4414 = STYLED_ITEM ( 'NONE', ( #4057 ), #65 ) ;
#4415 = CARTESIAN_POINT ( 'NONE',  ( -2.624999999999975600, 1.050000000000000000, 2.350000000000018700 ) ) ;
#4416 = ORIENTED_EDGE ( 'NONE', *, *, #1963, .F. ) ;
#4417 = LINE ( 'NONE', #249, #2083 ) ;
#4418 = CARTESIAN_POINT ( 'NONE',  ( 3.075000000000006800, 1.050000000000000000, 0.0000000000000000000 ) ) ;
#4419 = CIRCLE ( 'NONE', #603, 0.01000000000000002600 ) ;
#4420 = ORIENTED_EDGE ( 'NONE', *, *, #2410, .F. ) ;
#4421 = CARTESIAN_POINT ( 'NONE',  ( -6.450000000000000200, 0.0000000000000000000, -4.799999999999998900 ) ) ;
#4422 = DIRECTION ( 'NONE',  ( 0.0000000000000000000, 0.0000000000000000000, 1.000000000000000000 ) ) ;
#4423 = DIRECTION ( 'NONE',  ( 1.000000000000000000, 0.0000000000000000000, -0.0000000000000000000 ) ) ;
#4424 = VECTOR ( 'NONE', #183, 1000.000000000000000 ) ;
#4425 =( LENGTH_UNIT ( ) NAMED_UNIT ( * ) SI_UNIT ( .MILLI., .METRE. ) );
#4426 = CARTESIAN_POINT ( 'NONE',  ( 3.475000000000002300, 0.5100000000000457500, 0.4250000000000154800 ) ) ;
#4427 = VERTEX_POINT ( 'NONE', #3367 ) ;
#4428 = FILL_AREA_STYLE ('',( #4433 ) ) ;
#4429 = ORIENTED_EDGE ( 'NONE', *, *, #1782, .T. ) ;
#4430 = ORIENTED_EDGE ( 'NONE', *, *, #2292, .F. ) ;
#4431 = MECHANICAL_DESIGN_GEOMETRIC_PRESENTATION_REPRESENTATION (  '', ( #2610 ), #3280 ) ;
#4432 = FACE_OUTER_BOUND ( 'NONE', #653, .T. ) ;
#4433 = FILL_AREA_STYLE_COLOUR ( '', #4440 ) ;
#4434 = SURFACE_STYLE_FILL_AREA ( #3766 ) ;
#4435 = CARTESIAN_POINT ( 'NONE',  ( 3.635000000000002900, 0.5000000000000458500, 0.4250000000000130300 ) ) ;
#4436 = CLOSED_SHELL ( 'NONE', ( #737, #1077, #360, #1195, #681, #204 ) ) ;
#4437 = ORIENTED_EDGE ( 'NONE', *, *, #1813, .T. ) ;
#4438 = LINE ( 'NONE', #625, #4963 ) ;
#4439 = DIRECTION ( 'NONE',  ( 1.000000000000000000, 0.0000000000000000000, 0.0000000000000000000 ) ) ;
#4440 = COLOUR_RGB ( '',0.6588235294117647000, 0.6196078431372549200, 0.5607843137254902000 ) ;
#4441 = PLANE ( 'NONE',  #1474 ) ;
#4442 = EDGE_CURVE ( 'NONE', #1469, #4867, #4263, .T. ) ;
#4443 =( GEOMETRIC_REPRESENTATION_CONTEXT ( 3 ) GLOBAL_UNCERTAINTY_ASSIGNED_CONTEXT ( ( #1293 ) ) GLOBAL_UNIT_ASSIGNED_CONTEXT ( ( #1236, #630, #4451 ) ) REPRESENTATION_CONTEXT ( 'NONE', 'WORKASPACE' ) );
#4444 = CARTESIAN_POINT ( 'NONE',  ( -4.174999999999972300, 1.039999999999999600, 12.19239106447607800 ) ) ;
#4445 = ORIENTED_EDGE ( 'NONE', *, *, #860, .F. ) ;
#4446 = LINE ( 'NONE', #974, #2514 ) ;
#4447 = ORIENTED_EDGE ( 'NONE', *, *, #3177, .T. ) ;
#4448 = VECTOR ( 'NONE', #3845, 1000.000000000000000 ) ;
#4449 = DIRECTION ( 'NONE',  ( 0.0000000000000000000, -0.0000000000000000000, 1.000000000000000000 ) ) ;
#4450 = EDGE_CURVE ( 'NONE', #4650, #4260, #1029, .T. ) ;
#4451 =( NAMED_UNIT ( * ) SI_UNIT ( $, .STERADIAN. ) SOLID_ANGLE_UNIT ( ) );
#4452 = DIRECTION ( 'NONE',  ( -1.000000000000000000, 0.0000000000000000000, -0.0000000000000000000 ) ) ;
#4453 = LINE ( 'NONE', #1546, #4271 ) ;
#4454 = SURFACE_SIDE_STYLE ('',( #1345 ) ) ;
#4455 = VECTOR ( 'NONE', #351, 1000.000000000000000 ) ;
#4456 = DIRECTION ( 'NONE',  ( -1.000000000000000000, 0.0000000000000000000, -0.0000000000000000000 ) ) ;
#4457 = CYLINDRICAL_SURFACE ( 'NONE', #1581, 0.1599999999999999800 ) ;
#4458 = SURFACE_STYLE_USAGE ( .BOTH. , #3053 ) ;
#4459 = SURFACE_STYLE_USAGE ( .BOTH. , #4454 ) ;
#4460 = UNCERTAINTY_MEASURE_WITH_UNIT (LENGTH_MEASURE( 1.000000000000000100E-005 ), #3588, 'distance_accuracy_value', 'NONE');
#4461 = FACE_OUTER_BOUND ( 'NONE', #2618, .T. ) ;
#4462 = CARTESIAN_POINT ( 'NONE',  ( -2.624999999999987600, 0.6500000000000048000, 10.86684353621796500 ) ) ;
#4463 = CARTESIAN_POINT ( 'NONE',  ( 0.0000000000000000000, 0.3800000000000122700, 2.200000000000018800 ) ) ;
#4464 = DIRECTION ( 'NONE',  ( -0.0000000000000000000, -0.0000000000000000000, 1.000000000000000000 ) ) ;
#4465 = ORIENTED_EDGE ( 'NONE', *, *, #1700, .T. ) ;
#4466 = LINE ( 'NONE', #955, #2598 ) ;
#4467 = VERTEX_POINT ( 'NONE', #3285 ) ;
#4468 = CARTESIAN_POINT ( 'NONE',  ( 0.0000000000000000000, 0.3800000000000122700, -2.199999999999963300 ) ) ;
#4469 = ORIENTED_EDGE ( 'NONE', *, *, #1082, .T. ) ;
#4470 =( LENGTH_UNIT ( ) NAMED_UNIT ( * ) SI_UNIT ( .MILLI., .METRE. ) );
#4471 = CARTESIAN_POINT ( 'NONE',  ( -3.624999999999979100, 0.5100000000000464200, -2.200000000000021500 ) ) ;
#4472 = VERTEX_POINT ( 'NONE', #3274 ) ;
#4473 =( NAMED_UNIT ( * ) PLANE_ANGLE_UNIT ( ) SI_UNIT ( $, .RADIAN. ) );
#4474 = SURFACE_STYLE_FILL_AREA ( #1018 ) ;
#4475 = EDGE_CURVE ( 'NONE', #4650, #2670, #270, .T. ) ;
#4476 = CARTESIAN_POINT ( 'NONE',  ( -2.624999999999987600, 1.039999999999999600, -2.199999999999963300 ) ) ;
#4477 =( NAMED_UNIT ( * ) SI_UNIT ( $, .STERADIAN. ) SOLID_ANGLE_UNIT ( ) );
#4478 = LINE ( 'NONE', #1355, #3262 ) ;
#4479 = CARTESIAN_POINT ( 'NONE',  ( 4.175000000000052200, 0.6500000000000725200, 0.8250000000000201600 ) ) ;
#4480 = ORIENTED_EDGE ( 'NONE', *, *, #1201, .F. ) ;
#4481 = FACE_OUTER_BOUND ( 'NONE', #3705, .T. ) ;
#4482 =( NAMED_UNIT ( * ) PLANE_ANGLE_UNIT ( ) SI_UNIT ( $, .RADIAN. ) );
#4483 = CARTESIAN_POINT ( 'NONE',  ( -3.634999999999968300, 0.3500000000000481100, 2.199999999999995300 ) ) ;
#4484 = EDGE_CURVE ( 'NONE', #4578, #4467, #2785, .T. ) ;
#4485 = FACE_OUTER_BOUND ( 'NONE', #724, .T. ) ;
#4486 = VERTEX_POINT ( 'NONE', #3263 ) ;
#4487 = CARTESIAN_POINT ( 'NONE',  ( -2.624999999999987100, 0.6500000000000048000, -2.349999999999963200 ) ) ;
#4488 =( LENGTH_UNIT ( ) NAMED_UNIT ( * ) SI_UNIT ( .MILLI., .METRE. ) );
#4489 = DIRECTION ( 'NONE',  ( 0.0000000000000000000, -0.0000000000000000000, 1.000000000000000000 ) ) ;
#4490 = ORIENTED_EDGE ( 'NONE', *, *, #3369, .F. ) ;
#4491 = COLOUR_RGB ( '',0.6588235294117647000, 0.6196078431372549200, 0.5607843137254902000 ) ;
#4492 = DIRECTION ( 'NONE',  ( 1.000000000000000000, 0.0000000000000000000, 0.0000000000000000000 ) ) ;
#4493 = ORIENTED_EDGE ( 'NONE', *, *, #3370, .T. ) ;
#4494 = COLOUR_RGB ( '',0.6588235294117647000, 0.6196078431372549200, 0.5607843137254902000 ) ;
#4495 = DIRECTION ( 'NONE',  ( 0.0000000000000000000, 0.0000000000000000000, -1.000000000000000000 ) ) ;
#4496 = CIRCLE ( 'NONE', #405, 0.1599999999999995600 ) ;
#4497 = DIRECTION ( 'NONE',  ( -0.0000000000000000000, 1.000000000000000000, 0.0000000000000000000 ) ) ;
#4498 = ORIENTED_EDGE ( 'NONE', *, *, #2529, .F. ) ;
#4499 = COLOUR_RGB ( '',0.2039215686274509800, 0.2039215686274509800, 0.2039215686274509800 ) ;
#4500 = ORIENTED_EDGE ( 'NONE', *, *, #2720, .T. ) ;
#4501 = CARTESIAN_POINT ( 'NONE',  ( 0.0000000000000000000, 1.200000000000000000, 0.0000000000000000000 ) ) ;
#4502 = FILL_AREA_STYLE ('',( #4507 ) ) ;
#4503 = PRESENTATION_STYLE_ASSIGNMENT (( #4528 ) ) ;
#4504 = ADVANCED_FACE ( 'NONE', ( #2285 ), #3216, .T. ) ;
#4505 = UNCERTAINTY_MEASURE_WITH_UNIT (LENGTH_MEASURE( 1.000000000000000100E-005 ), #313, 'distance_accuracy_value', 'NONE');
#4506 = UNCERTAINTY_MEASURE_WITH_UNIT (LENGTH_MEASURE( 1.000000000000000100E-005 ), #2912, 'distance_accuracy_value', 'NONE');
#4507 = FILL_AREA_STYLE_COLOUR ( '', #1794 ) ;
#4508 = ORIENTED_EDGE ( 'NONE', *, *, #2401, .T. ) ;
#4509 = DIRECTION ( 'NONE',  ( 0.0000000000000000000, -1.000000000000000000, 0.0000000000000000000 ) ) ;
#4510 = SURFACE_STYLE_FILL_AREA ( #3447 ) ;
#4511 =( NAMED_UNIT ( * ) SI_UNIT ( $, .STERADIAN. ) SOLID_ANGLE_UNIT ( ) );
#4512 =( NAMED_UNIT ( * ) PLANE_ANGLE_UNIT ( ) SI_UNIT ( $, .RADIAN. ) );
#4513 = ORIENTED_EDGE ( 'NONE', *, *, #4442, .F. ) ;
#4514 =( LENGTH_UNIT ( ) NAMED_UNIT ( * ) SI_UNIT ( .MILLI., .METRE. ) );
#4515 = COLOUR_RGB ( '',0.6588235294117647000, 0.6196078431372549200, 0.5607843137254902000 ) ;
#4516 = VECTOR ( 'NONE', #729, 1000.000000000000200 ) ;
#4517 = DIRECTION ( 'NONE',  ( 0.0000000000000000000, 0.0000000000000000000, -1.000000000000000000 ) ) ;
#4518 = ORIENTED_EDGE ( 'NONE', *, *, #2845, .F. ) ;
#4519 = COLOUR_RGB ( '',0.6588235294117647000, 0.6196078431372549200, 0.5607843137254902000 ) ;
#4520 = SURFACE_SIDE_STYLE ('',( #2914 ) ) ;
#4521 = ORIENTED_EDGE ( 'NONE', *, *, #2196, .F. ) ;
#4522 = VECTOR ( 'NONE', #4724, 1000.000000000000000 ) ;
#4523 = ORIENTED_EDGE ( 'NONE', *, *, #1466, .T. ) ;
#4524 = PRODUCT_DEFINITION_SHAPE ( 'NONE', 'NONE',  #3490 ) ;
#4525 = SURFACE_STYLE_USAGE ( .BOTH. , #4520 ) ;
#4526 = ORIENTED_EDGE ( 'NONE', *, *, #1267, .F. ) ;
#4527 = VECTOR ( 'NONE', #3821, 1000.000000000000000 ) ;
#4528 = SURFACE_STYLE_USAGE ( .BOTH. , #4533 ) ;
#4529 = ORIENTED_EDGE ( 'NONE', *, *, #4221, .T. ) ;
#4530 = LINE ( 'NONE', #699, #3860 ) ;
#4531 =( LENGTH_UNIT ( ) NAMED_UNIT ( * ) SI_UNIT ( .MILLI., .METRE. ) );
#4532 = COLOUR_RGB ( '',0.6588235294117647000, 0.6196078431372549200, 0.5607843137254902000 ) ;
#4533 = SURFACE_SIDE_STYLE ('',( #4686 ) ) ;
#4534 = FACE_OUTER_BOUND ( 'NONE', #1509, .T. ) ;
#4535 =( NAMED_UNIT ( * ) PLANE_ANGLE_UNIT ( ) SI_UNIT ( $, .RADIAN. ) );
#4536 =( NAMED_UNIT ( * ) PLANE_ANGLE_UNIT ( ) SI_UNIT ( $, .RADIAN. ) );
#4537 = EDGE_CURVE ( 'NONE', #4020, #3630, #4255, .T. ) ;
#4538 = LINE ( 'NONE', #2385, #2109 ) ;
#4539 = FILL_AREA_STYLE ('',( #4566 ) ) ;
#4540 =( NAMED_UNIT ( * ) SI_UNIT ( $, .STERADIAN. ) SOLID_ANGLE_UNIT ( ) );
#4541 = COLOUR_RGB ( '',0.1529411764705882500, 1.000000000000000000, 0.1529411764705882500 ) ;
#4542 =( NAMED_UNIT ( * ) PLANE_ANGLE_UNIT ( ) SI_UNIT ( $, .RADIAN. ) );
#4543 = CIRCLE ( 'NONE', #426, 0.1599999999999999800 ) ;
#4544 = DIRECTION ( 'NONE',  ( 0.0000000000000000000, -0.0000000000000000000, -1.000000000000000000 ) ) ;
#4545 = DIRECTION ( 'NONE',  ( 1.000000000000000000, -0.0000000000000000000, 0.0000000000000000000 ) ) ;
#4546 = ORIENTED_EDGE ( 'NONE', *, *, #2586, .T. ) ;
#4547 = CARTESIAN_POINT ( 'NONE',  ( -3.474999999999973000, -17.26293531905800200, 2.199999999999979700 ) ) ;
#4548 = CIRCLE ( 'NONE', #413, 0.1599999999999999800 ) ;
#4549 =( LENGTH_UNIT ( ) NAMED_UNIT ( * ) SI_UNIT ( .MILLI., .METRE. ) );
#4550 = VECTOR ( 'NONE', #457, 1000.000000000000000 ) ;
#4551 = CARTESIAN_POINT ( 'NONE',  ( -4.014999999999972100, 1.039999999999999600, 12.19239106447607800 ) ) ;
#4552 = ORIENTED_EDGE ( 'NONE', *, *, #1547, .T. ) ;
#4553 = SURFACE_SIDE_STYLE ('',( #4204 ) ) ;
#4554 = COLOUR_RGB ( '',0.6588235294117647000, 0.6196078431372549200, 0.5607843137254902000 ) ;
#4555 = VECTOR ( 'NONE', #3364, 1000.000000000000000 ) ;
#4556 = DIRECTION ( 'NONE',  ( -1.000000000000000000, 0.0000000000000000000, 0.0000000000000000000 ) ) ;
#4557 = FILL_AREA_STYLE_COLOUR ( '', #3674 ) ;
#4558 = PRESENTATION_STYLE_ASSIGNMENT (( #4771 ) ) ;
#4559 = PLANE ( 'NONE',  #269 ) ;
#4560 =( NAMED_UNIT ( * ) SI_UNIT ( $, .STERADIAN. ) SOLID_ANGLE_UNIT ( ) );
#4561 = ORIENTED_EDGE ( 'NONE', *, *, #4696, .T. ) ;
#4562 = ADVANCED_FACE ( 'NONE', ( #600 ), #3132, .T. ) ;
#4563 = DIRECTION ( 'NONE',  ( -1.000000000000000000, -0.0000000000000000000, -0.0000000000000000000 ) ) ;
#4564 = ORIENTED_EDGE ( 'NONE', *, *, #3067, .F. ) ;
#4565 = VERTEX_POINT ( 'NONE', #3231 ) ;
#4566 = FILL_AREA_STYLE_COLOUR ( '', #3178 ) ;
#4567 = CARTESIAN_POINT ( 'NONE',  ( 1.809999999999999200, 0.6800000000000000500, -4.309999999999998700 ) ) ;
#4568 = CARTESIAN_POINT ( 'NONE',  ( 3.465000000000003400, 1.039999999999999600, -11.29016708532252800 ) ) ;
#4569 = EDGE_LOOP ( 'NONE', ( #3391, #3383, #3558, #1631 ) ) ;
#4570 = UNCERTAINTY_MEASURE_WITH_UNIT (LENGTH_MEASURE( 1.000000000000000100E-005 ), #1489, 'distance_accuracy_value', 'NONE');
#4571 = SURFACE_STYLE_FILL_AREA ( #2289 ) ;
#4572 = SURFACE_SIDE_STYLE ('',( #1252 ) ) ;
#4573 = CARTESIAN_POINT ( 'NONE',  ( 2.409999999999998800, 0.3800000000000000000, -4.309999999999998700 ) ) ;
#4574 = DIRECTION ( 'NONE',  ( -1.000000000000000000, 0.0000000000000000000, 0.0000000000000000000 ) ) ;
#4575 = DIRECTION ( 'NONE',  ( 0.0000000000000000000, 0.0000000000000000000, 1.000000000000000000 ) ) ;
#4576 = PRESENTATION_LAYER_ASSIGNMENT (  '', '', ( #4743 ) ) ;
#4577 = FACE_OUTER_BOUND ( 'NONE', #1134, .T. ) ;
#4578 = VERTEX_POINT ( 'NONE', #3001 ) ;
#4579 = DIRECTION ( 'NONE',  ( 0.0000000000000000000, 0.0000000000000000000, -1.000000000000000000 ) ) ;
#4580 = CARTESIAN_POINT ( 'NONE',  ( 0.0000000000000000000, 0.3800000000000000000, -4.609999999999998500 ) ) ;
#4581 = VECTOR ( 'NONE', #3323, 1000.000000000000000 ) ;
#4582 = CARTESIAN_POINT ( 'NONE',  ( 3.875000000000029800, 1.199999999999999700, -2.050000000000050400 ) ) ;
#4583 =( NAMED_UNIT ( * ) PLANE_ANGLE_UNIT ( ) SI_UNIT ( $, .RADIAN. ) );
#4584 = SURFACE_SIDE_STYLE ('',( #3629 ) ) ;
#4585 = ORIENTED_EDGE ( 'NONE', *, *, #1119, .F. ) ;
#4586 = LINE ( 'NONE', #4000, #4086 ) ;
#4587 = SURFACE_STYLE_FILL_AREA ( #2454 ) ;
#4588 = DIRECTION ( 'NONE',  ( 1.000000000000000000, 0.0000000000000000000, 0.0000000000000000000 ) ) ;
#4589 = ORIENTED_EDGE ( 'NONE', *, *, #2720, .F. ) ;
#4590 = CARTESIAN_POINT ( 'NONE',  ( -4.024999999999969300, 0.6500000000000719600, -1.025000000000000600 ) ) ;
#4591 = FILL_AREA_STYLE ('',( #1907 ) ) ;
#4592 = VECTOR ( 'NONE', #1069, 1000.000000000000000 ) ;
#4593 = EDGE_LOOP ( 'NONE', ( #4922, #2365, #4821, #4790 ) ) ;
#4594 = SURFACE_STYLE_USAGE ( .BOTH. , #4584 ) ;
#4595 = CARTESIAN_POINT ( 'NONE',  ( -3.474999999999977400, 1.039999999999999600, 0.0000000000000000000 ) ) ;
#4596 = CYLINDRICAL_SURFACE ( 'NONE', #2165, 0.1599999999999995600 ) ;
#4597 = CYLINDRICAL_SURFACE ( 'NONE', #926, 0.1599999999999999800 ) ;
#4598 = CARTESIAN_POINT ( 'NONE',  ( -3.024999999999932000, 1.199999999999999700, 2.200000000000013100 ) ) ;
#4599 =( GEOMETRIC_REPRESENTATION_CONTEXT ( 3 ) GLOBAL_UNCERTAINTY_ASSIGNED_CONTEXT ( ( #3348 ) ) GLOBAL_UNIT_ASSIGNED_CONTEXT ( ( #1265, #1274, #1304 ) ) REPRESENTATION_CONTEXT ( 'NONE', 'WORKASPACE' ) );
#4600 = FILL_AREA_STYLE ('',( #4294 ) ) ;
#4601 = SURFACE_STYLE_FILL_AREA ( #2782 ) ;
#4602 = FACE_OUTER_BOUND ( 'NONE', #2395, .T. ) ;
#4603 = CARTESIAN_POINT ( 'NONE',  ( -3.624999999999976500, 0.3500000000000481600, -1.425000000000009600 ) ) ;
#4604 = PLANE ( 'NONE',  #1655 ) ;
#4605 = VECTOR ( 'NONE', #3999, 1000.000000000000000 ) ;
#4606 = CARTESIAN_POINT ( 'NONE',  ( 3.075000000000006800, 1.049999999999999800, -0.4250000000000079800 ) ) ;
#4607 = SURFACE_STYLE_FILL_AREA ( #2504 ) ;
#4608 = ORIENTED_EDGE ( 'NONE', *, *, #2579, .F. ) ;
#4609 =( LENGTH_UNIT ( ) NAMED_UNIT ( * ) SI_UNIT ( .MILLI., .METRE. ) );
#4610 = VECTOR ( 'NONE', #272, 1000.000000000000000 ) ;
#4611 =( NAMED_UNIT ( * ) PLANE_ANGLE_UNIT ( ) SI_UNIT ( $, .RADIAN. ) );
#4612 = VERTEX_POINT ( 'NONE', #3007 ) ;
#4613 = CARTESIAN_POINT ( 'NONE',  ( 0.1485356713462992800, 0.6500000000000648600, 1.024999999999994100 ) ) ;
#4614 = ORIENTED_EDGE ( 'NONE', *, *, #3856, .T. ) ;
#4615 = VERTEX_POINT ( 'NONE', #3000 ) ;
#4616 = PRESENTATION_STYLE_ASSIGNMENT (( #2496 ) ) ;
#4617 = EDGE_CURVE ( 'NONE', #2016, #2900, #1263, .T. ) ;
#4618 = CARTESIAN_POINT ( 'NONE',  ( -3.474999999999977400, 0.5100000000000470800, 1.425000000000016300 ) ) ;
#4619 = AXIS2_PLACEMENT_3D ( 'NONE', #1586, #1587, #1594 ) ;
#4620 = COLOUR_RGB ( '',0.6588235294117647000, 0.6196078431372549200, 0.5607843137254902000 ) ;
#4621 = CARTESIAN_POINT ( 'NONE',  ( -3.634999999999970500, 0.5100000000000459700, 1.425000000000023400 ) ) ;
#4622 = CARTESIAN_POINT ( 'NONE',  ( 2.074999999999994400, 0.3800000000000122700, 10.86684353621796500 ) ) ;
#4623 = DIRECTION ( 'NONE',  ( 1.000000000000000000, 0.0000000000000000000, 0.0000000000000000000 ) ) ;
#4624 = LINE ( 'NONE', #2732, #3689 ) ;
#4625 = DIRECTION ( 'NONE',  ( -1.000000000000000000, 0.0000000000000000000, 0.0000000000000000000 ) ) ;
#4626 = DIRECTION ( 'NONE',  ( 0.0000000000000000000, -9.792793816000940300E-016, -1.000000000000000000 ) ) ;
#4627 = ORIENTED_EDGE ( 'NONE', *, *, #3067, .T. ) ;
#4628 = DIRECTION ( 'NONE',  ( 2.238352872228222100E-015, 2.238352872228222100E-015, 1.000000000000000000 ) ) ;
#4629 = EDGE_CURVE ( 'NONE', #2064, #3066, #3728, .T. ) ;
#4630 = PRESENTATION_STYLE_ASSIGNMENT (( #2990 ) ) ;
#4631 = FILL_AREA_STYLE ('',( #121 ) ) ;
#4632 = VECTOR ( 'NONE', #4933, 1000.000000000000000 ) ;
#4633 = CARTESIAN_POINT ( 'NONE',  ( -3.634999999999991300, 0.3500000000000243500, -8.253413118114044900 ) ) ;
#4634 = ORIENTED_EDGE ( 'NONE', *, *, #4245, .F. ) ;
#4635 = DIRECTION ( 'NONE',  ( 5.004336367495796400E-030, -1.000000000000000000, 9.792793816000940300E-016 ) ) ;
#4636 = FILL_AREA_STYLE_COLOUR ( '', #389 ) ;
#4637 = FACE_OUTER_BOUND ( 'NONE', #4962, .T. ) ;
#4638 = CARTESIAN_POINT ( 'NONE',  ( 3.075000000000007300, -17.26293531905800200, -0.8250000000000201600 ) ) ;
#4639 = PLANE ( 'NONE',  #2341 ) ;
#4640 = CARTESIAN_POINT ( 'NONE',  ( -3.474999999999968600, 0.3500000000000468800, 2.200000000000044600 ) ) ;
#4641 = VERTEX_POINT ( 'NONE', #2975 ) ;
#4642 = COLOUR_RGB ( '',0.1529411764705882500, 1.000000000000000000, 0.1529411764705882500 ) ;
#4643 = FILL_AREA_STYLE_COLOUR ( '', #54 ) ;
#4644 = COLOUR_RGB ( '',0.6588235294117647000, 0.6196078431372549200, 0.5607843137254902000 ) ;
#4645 = ADVANCED_FACE ( 'NONE', ( #4485 ), #2967, .T. ) ;
#4646 =( NAMED_UNIT ( * ) SI_UNIT ( $, .STERADIAN. ) SOLID_ANGLE_UNIT ( ) );
#4647 = ORIENTED_EDGE ( 'NONE', *, *, #2583, .F. ) ;
#4648 = CARTESIAN_POINT ( 'NONE',  ( -3.634999999999991800, 0.5100000000000243200, -8.253413118114044900 ) ) ;
#4649 =( NAMED_UNIT ( * ) PLANE_ANGLE_UNIT ( ) SI_UNIT ( $, .RADIAN. ) );
#4650 = VERTEX_POINT ( 'NONE', #2923 ) ;
#4651 =( NAMED_UNIT ( * ) PLANE_ANGLE_UNIT ( ) SI_UNIT ( $, .RADIAN. ) );
#4652 =( LENGTH_UNIT ( ) NAMED_UNIT ( * ) SI_UNIT ( .MILLI., .METRE. ) );
#4653 = DIRECTION ( 'NONE',  ( 0.0000000000000000000, -0.0000000000000000000, 1.000000000000000000 ) ) ;
#4654 = ORIENTED_EDGE ( 'NONE', *, *, #3036, .F. ) ;
#4655 = SURFACE_STYLE_USAGE ( .BOTH. , #4656 ) ;
#4656 = SURFACE_SIDE_STYLE ('',( #1593 ) ) ;
#4657 = SURFACE_SIDE_STYLE ('',( #3313 ) ) ;
#4658 = LINE ( 'NONE', #4858, #3346 ) ;
#4659 = FILL_AREA_STYLE_COLOUR ( '', #624 ) ;
#4660 = FILL_AREA_STYLE ('',( #4674 ) ) ;
#4661 = ORIENTED_EDGE ( 'NONE', *, *, #697, .F. ) ;
#4662 = ADVANCED_FACE ( 'NONE', ( #3721 ), #2677, .F. ) ;
#4663 = DIRECTION ( 'NONE',  ( 1.000000000000000000, 0.0000000000000000000, -0.0000000000000000000 ) ) ;
#4664 = SURFACE_STYLE_FILL_AREA ( #4591 ) ;
#4665 = SURFACE_STYLE_USAGE ( .BOTH. , #4657 ) ;
#4666 = VECTOR ( 'NONE', #2991, 1000.000000000000000 ) ;
#4667 = PLANE ( 'NONE',  #316 ) ;
#4668 = CARTESIAN_POINT ( 'NONE',  ( 3.625000000000003100, 1.039999999999999600, -0.4250000000000043700 ) ) ;
#4669 = ORIENTED_EDGE ( 'NONE', *, *, #3465, .T. ) ;
#4670 =( LENGTH_UNIT ( ) NAMED_UNIT ( * ) SI_UNIT ( .MILLI., .METRE. ) );
#4671 = ORIENTED_EDGE ( 'NONE', *, *, #1768, .T. ) ;
#4672 =( NAMED_UNIT ( * ) PLANE_ANGLE_UNIT ( ) SI_UNIT ( $, .RADIAN. ) );
#4673 = CIRCLE ( 'NONE', #449, 0.1599999999999999800 ) ;
#4674 = FILL_AREA_STYLE_COLOUR ( '', #4494 ) ;
#4675 = EDGE_LOOP ( 'NONE', ( #4518, #3237, #2824, #3939 ) ) ;
#4676 = DIRECTION ( 'NONE',  ( -1.000000000000000000, -0.0000000000000000000, -0.0000000000000000000 ) ) ;
#4677 = CARTESIAN_POINT ( 'NONE',  ( 0.0000000000000000000, 1.050000000000000000, -2.050000000000050900 ) ) ;
#4678 =( NAMED_UNIT ( * ) SI_UNIT ( $, .STERADIAN. ) SOLID_ANGLE_UNIT ( ) );
#4679 = ORIENTED_EDGE ( 'NONE', *, *, #2812, .F. ) ;
#4680 = CIRCLE ( 'NONE', #232, 0.01000000000000002600 ) ;
#4681 = SURFACE_STYLE_FILL_AREA ( #3321 ) ;
#4682 = PLANE ( 'NONE',  #1624 ) ;
#4683 = ORIENTED_EDGE ( 'NONE', *, *, #1082, .F. ) ;
#4684 = DIRECTION ( 'NONE',  ( -0.0000000000000000000, -0.0000000000000000000, 1.000000000000000000 ) ) ;
#4685 = CARTESIAN_POINT ( 'NONE',  ( -3.474999999999977400, 0.5100000000000464200, -2.200000000000034400 ) ) ;
#4686 = SURFACE_STYLE_FILL_AREA ( #4539 ) ;
#4687 = DIRECTION ( 'NONE',  ( 0.0000000000000000000, 0.0000000000000000000, -1.000000000000000000 ) ) ;
#4688 = DIRECTION ( 'NONE',  ( 1.000000000000000000, 0.0000000000000000000, 0.0000000000000000000 ) ) ;
#4689 = PLANE ( 'NONE',  #1367 ) ;
#4690 = LINE ( 'NONE', #4375, #419 ) ;
#4691 = UNCERTAINTY_MEASURE_WITH_UNIT (LENGTH_MEASURE( 1.000000000000000100E-005 ), #3901, 'distance_accuracy_value', 'NONE');
#4692 = DIRECTION ( 'NONE',  ( 0.0000000000000000000, 0.0000000000000000000, 1.000000000000000000 ) ) ;
#4693 = ORIENTED_EDGE ( 'NONE', *, *, #1579, .T. ) ;
#4694 = DIRECTION ( 'NONE',  ( 1.000000000000000000, 0.0000000000000000000, 0.0000000000000000000 ) ) ;
#4695 = EDGE_LOOP ( 'NONE', ( #3947, #2259, #1490, #1675 ) ) ;
#4696 = EDGE_CURVE ( 'NONE', #4772, #2139, #4808, .T. ) ;
#4697 = STYLED_ITEM ( 'NONE', ( #998 ), #46 ) ;
#4698 = CARTESIAN_POINT ( 'NONE',  ( 3.625000000000002200, 1.050000000000000000, -0.4250000000000087000 ) ) ;
#4699 = PLANE ( 'NONE',  #1383 ) ;
#4700 = CARTESIAN_POINT ( 'NONE',  ( -3.024999999999932000, 1.199999999999999700, -2.050000000000051800 ) ) ;
#4701 = VECTOR ( 'NONE', #3635, 1000.000000000000000 ) ;
#4702 = SURFACE_STYLE_FILL_AREA ( #1417 ) ;
#4703 =( NAMED_UNIT ( * ) SI_UNIT ( $, .STERADIAN. ) SOLID_ANGLE_UNIT ( ) );
#4704 = FILL_AREA_STYLE_COLOUR ( '', #4499 ) ;
#4705 = VERTEX_POINT ( 'NONE', #2772 ) ;
#4706 = FILL_AREA_STYLE ('',( #4636 ) ) ;
#4707 =( NAMED_UNIT ( * ) PLANE_ANGLE_UNIT ( ) SI_UNIT ( $, .RADIAN. ) );
#4708 = ORIENTED_EDGE ( 'NONE', *, *, #1416, .T. ) ;
#4709 =( LENGTH_UNIT ( ) NAMED_UNIT ( * ) SI_UNIT ( .MILLI., .METRE. ) );
#4710 = DIRECTION ( 'NONE',  ( -0.0000000000000000000, 0.0000000000000000000, -1.000000000000000000 ) ) ;
#4711 = SURFACE_SIDE_STYLE ('',( #4214 ) ) ;
#4712 = STYLED_ITEM ( 'NONE', ( #635 ), #343 ) ;
#4713 = SURFACE_STYLE_USAGE ( .BOTH. , #4715 ) ;
#4714 = DIRECTION ( 'NONE',  ( 3.357529308342098400E-015, 1.119176436114032700E-015, 1.000000000000000000 ) ) ;
#4715 = SURFACE_SIDE_STYLE ('',( #3750 ) ) ;
#4716 = ORIENTED_EDGE ( 'NONE', *, *, #4788, .T. ) ;
#4717 =( LENGTH_UNIT ( ) NAMED_UNIT ( * ) SI_UNIT ( .MILLI., .METRE. ) );
#4718 = VECTOR ( 'NONE', #1720, 1000.000000000000000 ) ;
#4719 = FILL_AREA_STYLE ('',( #4725 ) ) ;
#4720 =( NAMED_UNIT ( * ) PLANE_ANGLE_UNIT ( ) SI_UNIT ( $, .RADIAN. ) );
#4721 = ORIENTED_EDGE ( 'NONE', *, *, #2549, .F. ) ;
#4722 =( NAMED_UNIT ( * ) SI_UNIT ( $, .STERADIAN. ) SOLID_ANGLE_UNIT ( ) );
#4723 = CIRCLE ( 'NONE', #365, 0.1599999999999999800 ) ;
#4724 = DIRECTION ( 'NONE',  ( -1.000000000000000000, -0.0000000000000000000, -0.0000000000000000000 ) ) ;
#4725 = FILL_AREA_STYLE_COLOUR ( '', #4092 ) ;
#4726 = DIRECTION ( 'NONE',  ( 1.000000000000000000, 0.0000000000000000000, -2.710505431213761500E-015 ) ) ;
#4727 = ORIENTED_EDGE ( 'NONE', *, *, #1606, .T. ) ;
#4728 = DIRECTION ( 'NONE',  ( 5.004336367495797800E-030, -1.000000000000000000, 0.0000000000000000000 ) ) ;
#4729 = VECTOR ( 'NONE', #4906, 1000.000000000000000 ) ;
#4730 = VERTEX_POINT ( 'NONE', #2774 ) ;
#4731 = PRESENTATION_STYLE_ASSIGNMENT (( #4981 ) ) ;
#4732 = PLANE ( 'NONE',  #338 ) ;
#4733 =( GEOMETRIC_REPRESENTATION_CONTEXT ( 3 ) GLOBAL_UNCERTAINTY_ASSIGNED_CONTEXT ( ( #1969 ) ) GLOBAL_UNIT_ASSIGNED_CONTEXT ( ( #780, #796, #797 ) ) REPRESENTATION_CONTEXT ( 'NONE', 'WORKASPACE' ) );
#4734 = CARTESIAN_POINT ( 'NONE',  ( -4.174999999999971400, -17.26293531905800200, 1.024999999999998100 ) ) ;
#4735 = DIRECTION ( 'NONE',  ( -0.0000000000000000000, 0.0000000000000000000, -1.000000000000000000 ) ) ;
#4736 = VECTOR ( 'NONE', #1007, 1000.000000000000000 ) ;
#4737 = FACE_OUTER_BOUND ( 'NONE', #3444, .T. ) ;
#4738 = LINE ( 'NONE', #4580, #1601 ) ;
#4739 = DIRECTION ( 'NONE',  ( 1.000000000000000000, 0.0000000000000000000, 0.0000000000000000000 ) ) ;
#4740 = ORIENTED_EDGE ( 'NONE', *, *, #2916, .T. ) ;
#4741 = SURFACE_STYLE_USAGE ( .BOTH. , #4553 ) ;
#4742 = DIRECTION ( 'NONE',  ( 0.0000000000000000000, -0.0000000000000000000, 1.000000000000000000 ) ) ;
#4743 = STYLED_ITEM ( 'NONE', ( #1329 ), #100 ) ;
#4744 = DIRECTION ( 'NONE',  ( 1.000000000000000000, 0.0000000000000000000, -0.0000000000000000000 ) ) ;
#4745 = FILL_AREA_STYLE_COLOUR ( '', #230 ) ;
#4746 = VECTOR ( 'NONE', #2594, 1000.000000000000000 ) ;
#4747 = VERTEX_POINT ( 'NONE', #2882 ) ;
#4748 = AXIS2_PLACEMENT_3D ( 'NONE', #2181, #2183, #2185 ) ;
#4749 = DIRECTION ( 'NONE',  ( -0.0000000000000000000, 0.0000000000000000000, -1.000000000000000000 ) ) ;
#4750 = FACE_OUTER_BOUND ( 'NONE', #144, .T. ) ;
#4751 = ORIENTED_EDGE ( 'NONE', *, *, #1299, .T. ) ;
#4752 = FACE_OUTER_BOUND ( 'NONE', #3276, .T. ) ;
#4753 = EDGE_CURVE ( 'NONE', #3842, #4011, #4227, .T. ) ;
#4754 = CIRCLE ( 'NONE', #475, 0.009999999999999592500 ) ;
#4755 = ORIENTED_EDGE ( 'NONE', *, *, #3465, .F. ) ;
#4756 = ORIENTED_EDGE ( 'NONE', *, *, #2867, .F. ) ;
#4757 = DIRECTION ( 'NONE',  ( 1.000000000000000000, 0.0000000000000000000, -0.0000000000000000000 ) ) ;
#4758 = CARTESIAN_POINT ( 'NONE',  ( 3.075000000000006800, 1.199999999999999700, -0.8250000000000201600 ) ) ;
#4759 = PRODUCT_DEFINITION ( 'UNKNOWN', '', #513, #1292 ) ;
#4760 = CARTESIAN_POINT ( 'NONE',  ( 3.075000000000007300, -17.26293531905800200, -0.8250000000000201600 ) ) ;
#4761 = ORIENTED_EDGE ( 'NONE', *, *, #2773, .F. ) ;
#4762 = CARTESIAN_POINT ( 'NONE',  ( 4.175000000000052200, 1.039999999999999600, 0.8250000000000227200 ) ) ;
#4763 = PRESENTATION_STYLE_ASSIGNMENT (( #3090 ) ) ;
#4764 = PLANE ( 'NONE',  #1829 ) ;
#4765 = ORIENTED_EDGE ( 'NONE', *, *, #1002, .F. ) ;
#4766 = LINE ( 'NONE', #3800, #3534 ) ;
#4767 = FILL_AREA_STYLE ('',( #2155 ) ) ;
#4768 = FILL_AREA_STYLE ('',( #4135 ) ) ;
#4769 = ORIENTED_EDGE ( 'NONE', *, *, #4848, .T. ) ;
#4770 = FILL_AREA_STYLE ('',( #4704 ) ) ;
#4771 = SURFACE_STYLE_USAGE ( .BOTH. , #1952 ) ;
#4772 = VERTEX_POINT ( 'NONE', #212 ) ;
#4773 = DIRECTION ( 'NONE',  ( -1.000000000000000000, -0.0000000000000000000, -0.0000000000000000000 ) ) ;
#4774 = SURFACE_SIDE_STYLE ('',( #2557 ) ) ;
#4775 = LINE ( 'NONE', #4056, #1836 ) ;
#4776 =( LENGTH_UNIT ( ) NAMED_UNIT ( * ) SI_UNIT ( .MILLI., .METRE. ) );
#4777 = LINE ( 'NONE', #2707, #1475 ) ;
#4778 = CARTESIAN_POINT ( 'NONE',  ( 0.0000000000000000000, 1.200000000000000000, -0.8250000000000201600 ) ) ;
#4779 = ORIENTED_EDGE ( 'NONE', *, *, #2197, .T. ) ;
#4780 = PRODUCT_DEFINITION_SHAPE ( 'NONE', 'NONE',  #4759 ) ;
#4781 =( LENGTH_UNIT ( ) NAMED_UNIT ( * ) SI_UNIT ( .MILLI., .METRE. ) );
#4782 = MECHANICAL_DESIGN_GEOMETRIC_PRESENTATION_REPRESENTATION (  '', ( #2722 ), #3248 ) ;
#4783 = PRESENTATION_STYLE_ASSIGNMENT (( #4398 ) ) ;
#4784 = SURFACE_STYLE_FILL_AREA ( #2715 ) ;
#4785 = SURFACE_SIDE_STYLE ('',( #2013 ) ) ;
#4786 = SURFACE_STYLE_USAGE ( .BOTH. , #4774 ) ;
#4787 = DIRECTION ( 'NONE',  ( 1.000000000000000000, 0.0000000000000000000, 0.0000000000000000000 ) ) ;
#4788 = EDGE_CURVE ( 'NONE', #902, #3802, #1251, .T. ) ;
#4789 =( NAMED_UNIT ( * ) PLANE_ANGLE_UNIT ( ) SI_UNIT ( $, .RADIAN. ) );
#4790 = ORIENTED_EDGE ( 'NONE', *, *, #3259, .T. ) ;
#4791 = DIRECTION ( 'NONE',  ( -0.0000000000000000000, -0.0000000000000000000, -1.000000000000000000 ) ) ;
#4792 = SURFACE_STYLE_USAGE ( .BOTH. , #4807 ) ;
#4793 = CARTESIAN_POINT ( 'NONE',  ( 3.465000000000003400, 1.039999999999999600, -0.4250000000000000400 ) ) ;
#4794 =( LENGTH_UNIT ( ) NAMED_UNIT ( * ) SI_UNIT ( .MILLI., .METRE. ) );
#4795 = FACE_OUTER_BOUND ( 'NONE', #1075, .T. ) ;
#4796 = COLOUR_RGB ( '',0.6588235294117647000, 0.6196078431372549200, 0.5607843137254902000 ) ;
#4797 = UNCERTAINTY_MEASURE_WITH_UNIT (LENGTH_MEASURE( 1.000000000000000100E-005 ), #2258, 'distance_accuracy_value', 'NONE');
#4798 = DIRECTION ( 'NONE',  ( -0.0000000000000000000, -1.000000000000000000, -0.0000000000000000000 ) ) ;
#4799 = CARTESIAN_POINT ( 'NONE',  ( 0.0000000000000000000, 1.200000000000000000, -0.4250000000000069800 ) ) ;
#4800 =( NAMED_UNIT ( * ) PLANE_ANGLE_UNIT ( ) SI_UNIT ( $, .RADIAN. ) );
#4801 = ORIENTED_EDGE ( 'NONE', *, *, #3112, .T. ) ;
#4802 = CARTESIAN_POINT ( 'NONE',  ( 3.075000000000007300, -17.26293531905800200, -0.4250000000000082600 ) ) ;
#4803 = ORIENTED_EDGE ( 'NONE', *, *, #2773, .T. ) ;
#4804 = EDGE_CURVE ( 'NONE', #3450, #4020, #4624, .T. ) ;
#4805 = PRESENTATION_STYLE_ASSIGNMENT (( #2223 ) ) ;
#4806 = PRESENTATION_LAYER_ASSIGNMENT (  '', '', ( #549 ) ) ;
#4807 = SURFACE_SIDE_STYLE ('',( #3121 ) ) ;
#4808 = LINE ( 'NONE', #2748, #1312 ) ;
#4809 = CARTESIAN_POINT ( 'NONE',  ( 3.075000000000007300, 1.200000000000000000, 0.0000000000000000000 ) ) ;
#4810 =( NAMED_UNIT ( * ) SI_UNIT ( $, .STERADIAN. ) SOLID_ANGLE_UNIT ( ) );
#4811 = CARTESIAN_POINT ( 'NONE',  ( -2.624999999999985300, 1.200000000000000000, 0.0000000000000000000 ) ) ;
#4812 = DIRECTION ( 'NONE',  ( -0.0000000000000000000, 0.0000000000000000000, -1.000000000000000000 ) ) ;
#4813 = COLOUR_RGB ( '',0.6588235294117647000, 0.6196078431372549200, 0.5607843137254902000 ) ;
#4814 =( NAMED_UNIT ( * ) SI_UNIT ( $, .STERADIAN. ) SOLID_ANGLE_UNIT ( ) );
#4815 = FACE_OUTER_BOUND ( 'NONE', #4067, .T. ) ;
#4816 = FILL_AREA_STYLE ('',( #4745 ) ) ;
#4817 = ORIENTED_EDGE ( 'NONE', *, *, #1560, .T. ) ;
#4818 = VECTOR ( 'NONE', #292, 1000.000000000000000 ) ;
#4819 =( GEOMETRIC_REPRESENTATION_CONTEXT ( 3 ) GLOBAL_UNCERTAINTY_ASSIGNED_CONTEXT ( ( #3606 ) ) GLOBAL_UNIT_ASSIGNED_CONTEXT ( ( #1754, #1561, #1564 ) ) REPRESENTATION_CONTEXT ( 'NONE', 'WORKASPACE' ) );
#4820 = CARTESIAN_POINT ( 'NONE',  ( 0.0000000000000000000, 0.6800000000000000500, 0.0000000000000000000 ) ) ;
#4821 = ORIENTED_EDGE ( 'NONE', *, *, #406, .F. ) ;
#4822 = LINE ( 'NONE', #452, #1298 ) ;
#4823 = DIRECTION ( 'NONE',  ( 0.0000000000000000000, -1.000000000000000000, 0.0000000000000000000 ) ) ;
#4824 = CIRCLE ( 'NONE', #483, 0.01000000000000002600 ) ;
#4825 = DIRECTION ( 'NONE',  ( 1.000000000000000000, 0.0000000000000000000, 0.0000000000000000000 ) ) ;
#4826 = DIRECTION ( 'NONE',  ( 0.0000000000000000000, -0.0000000000000000000, -1.000000000000000000 ) ) ;
#4827 = CARTESIAN_POINT ( 'NONE',  ( 6.450000000000002800, 0.3800000000000000000, 0.0000000000000000000 ) ) ;
#4828 = LINE ( 'NONE', #1717, #962 ) ;
#4829 = LINE ( 'NONE', #1580, #1402 ) ;
#4830 = STYLED_ITEM ( 'NONE', ( #4983 ), #436 ) ;
#4831 = DIRECTION ( 'NONE',  ( -0.0000000000000000000, -0.0000000000000000000, -1.000000000000000000 ) ) ;
#4832 = UNCERTAINTY_MEASURE_WITH_UNIT (LENGTH_MEASURE( 1.000000000000000100E-005 ), #1674, 'distance_accuracy_value', 'NONE');
#4833 = CARTESIAN_POINT ( 'NONE',  ( 3.875000000000029800, 0.6500000000000048000, -2.349999999999963200 ) ) ;
#4834 = PRESENTATION_STYLE_ASSIGNMENT (( #4883 ) ) ;
#4835 = ORIENTED_EDGE ( 'NONE', *, *, #2988, .F. ) ;
#4836 = PRODUCT_DEFINITION_FORMATION_WITH_SPECIFIED_SOURCE ( 'ANY', '', #3221, .NOT_KNOWN. ) ;
#4837 = CARTESIAN_POINT ( 'NONE',  ( 3.465000000000003400, 1.039999999999999600, 0.4250000000000087000 ) ) ;
#4838 = SURFACE_SIDE_STYLE ('',( #2172 ) ) ;
#4839 = PRESENTATION_STYLE_ASSIGNMENT (( #671 ) ) ;
#4840 = CARTESIAN_POINT ( 'NONE',  ( 2.709999999999999500, 0.6800000000000000500, -4.309999999999998700 ) ) ;
#4841 = DIRECTION ( 'NONE',  ( -3.357529308342098400E-015, -1.119176436114032700E-015, -1.000000000000000000 ) ) ;
#4842 = ORIENTED_EDGE ( 'NONE', *, *, #2885, .F. ) ;
#4843 = CARTESIAN_POINT ( 'NONE',  ( 3.465000000000003400, 1.200000000000000000, 0.0000000000000000000 ) ) ;
#4844 = SURFACE_STYLE_FILL_AREA ( #2052 ) ;
#4845 = UNCERTAINTY_MEASURE_WITH_UNIT (LENGTH_MEASURE( 1.000000000000000100E-005 ), #4670, 'distance_accuracy_value', 'NONE');
#4846 = DIRECTION ( 'NONE',  ( -1.000000000000000000, 1.555753819465285400E-061, 5.430517574659245900E-076 ) ) ;
#4847 = VERTEX_POINT ( 'NONE', #2716 ) ;
#4848 = EDGE_CURVE ( 'NONE', #3658, #803, #1286, .T. ) ;
#4849 = FACE_OUTER_BOUND ( 'NONE', #2387, .T. ) ;
#4850 =( LENGTH_UNIT ( ) NAMED_UNIT ( * ) SI_UNIT ( .MILLI., .METRE. ) );
#4851 = FILL_AREA_STYLE_COLOUR ( '', #4813 ) ;
#4852 = UNCERTAINTY_MEASURE_WITH_UNIT (LENGTH_MEASURE( 1.000000000000000100E-005 ), #1845, 'distance_accuracy_value', 'NONE');
#4853 = CARTESIAN_POINT ( 'NONE',  ( 2.709999999999999500, 0.6800000000000000500, -4.309999999999998700 ) ) ;
#4854 = MECHANICAL_DESIGN_GEOMETRIC_PRESENTATION_REPRESENTATION (  '', ( #3392 ), #4022 ) ;
#4855 = CARTESIAN_POINT ( 'NONE',  ( 4.015000000000052100, 1.039999999999999600, -12.91516708532257200 ) ) ;
#4856 = FILL_AREA_STYLE ('',( #4968 ) ) ;
#4857 = ORIENTED_EDGE ( 'NONE', *, *, #4484, .T. ) ;
#4858 = CARTESIAN_POINT ( 'NONE',  ( 2.409999999999998800, 0.6800000000000000500, -4.309999999999998700 ) ) ;
#4859 = ORIENTED_EDGE ( 'NONE', *, *, #177, .T. ) ;
#4860 = SURFACE_STYLE_FILL_AREA ( #2992 ) ;
#4861 = DIRECTION ( 'NONE',  ( -0.0000000000000000000, 0.0000000000000000000, -1.000000000000000000 ) ) ;
#4862 = ORIENTED_EDGE ( 'NONE', *, *, #2928, .T. ) ;
#4863 = FACE_OUTER_BOUND ( 'NONE', #1779, .T. ) ;
#4864 = ORIENTED_EDGE ( 'NONE', *, *, #3433, .T. ) ;
#4865 = ORIENTED_EDGE ( 'NONE', *, *, #2664, .T. ) ;
#4866 = DIRECTION ( 'NONE',  ( 0.0000000000000000000, 0.0000000000000000000, -1.000000000000000000 ) ) ;
#4867 = VERTEX_POINT ( 'NONE', #2703 ) ;
#4868 = DIRECTION ( 'NONE',  ( -0.0000000000000000000, 0.0000000000000000000, -1.000000000000000000 ) ) ;
#4869 = LINE ( 'NONE', #1518, #2673 ) ;
#4870 = PLANE ( 'NONE',  #1344 ) ;
#4871 = VECTOR ( 'NONE', #4456, 1000.000000000000000 ) ;
#4872 = COLOUR_RGB ( '',0.6588235294117647000, 0.6196078431372549200, 0.5607843137254902000 ) ;
#4873 = DIRECTION ( 'NONE',  ( 0.0000000000000000000, -3.540251991789472500E-015, -1.000000000000000000 ) ) ;
#4874 = FACE_OUTER_BOUND ( 'NONE', #3322, .T. ) ;
#4875 = LINE ( 'NONE', #3565, #3052 ) ;
#4876 = COLOUR_RGB ( '',0.6588235294117647000, 0.6196078431372549200, 0.5607843137254902000 ) ;
#4877 = DIRECTION ( 'NONE',  ( -0.0000000000000000000, -1.000000000000000000, -0.0000000000000000000 ) ) ;
#4878 = ORIENTED_EDGE ( 'NONE', *, *, #3814, .T. ) ;
#4879 = SURFACE_SIDE_STYLE ('',( #4157 ) ) ;
#4880 = COLOUR_RGB ( '',0.6588235294117647000, 0.6196078431372549200, 0.5607843137254902000 ) ;
#4881 = ORIENTED_EDGE ( 'NONE', *, *, #2562, .T. ) ;
#4882 = CARTESIAN_POINT ( 'NONE',  ( 0.0000000000000000000, 1.200000000000000000, 0.4250000000000087000 ) ) ;
#4883 = SURFACE_STYLE_USAGE ( .BOTH. , #4879 ) ;
#4884 = VERTEX_POINT ( 'NONE', #2709 ) ;
#4885 = LINE ( 'NONE', #81, #1092 ) ;
#4886 = CARTESIAN_POINT ( 'NONE',  ( 3.075000000000007300, 1.200000000000000000, 0.0000000000000000000 ) ) ;
#4887 = PRESENTATION_LAYER_ASSIGNMENT (  '', '', ( #3238 ) ) ;
#4888 =( LENGTH_UNIT ( ) NAMED_UNIT ( * ) SI_UNIT ( .MILLI., .METRE. ) );
#4889 = ORIENTED_EDGE ( 'NONE', *, *, #4904, .T. ) ;
#4890 =( NAMED_UNIT ( * ) PLANE_ANGLE_UNIT ( ) SI_UNIT ( $, .RADIAN. ) );
#4891 = UNCERTAINTY_MEASURE_WITH_UNIT (LENGTH_MEASURE( 1.000000000000000100E-005 ), #2316, 'distance_accuracy_value', 'NONE');
#4892 = ORIENTED_EDGE ( 'NONE', *, *, #3440, .T. ) ;
#4893 = EDGE_LOOP ( 'NONE', ( #4938, #4124, #1543, #1911 ) ) ;
#4894 =( NAMED_UNIT ( * ) SI_UNIT ( $, .STERADIAN. ) SOLID_ANGLE_UNIT ( ) );
#4895 = PRESENTATION_LAYER_ASSIGNMENT (  '', '', ( #2313 ) ) ;
#4896 = ORIENTED_EDGE ( 'NONE', *, *, #1751, .F. ) ;
#4897 = ORIENTED_EDGE ( 'NONE', *, *, #1606, .F. ) ;
#4898 = VECTOR ( 'NONE', #2808, 1000.000000000000000 ) ;
#4899 = CARTESIAN_POINT ( 'NONE',  ( 4.025000000000051900, 1.039999999999999400, 0.8250000000000210500 ) ) ;
#4900 = ORIENTED_EDGE ( 'NONE', *, *, #3883, .F. ) ;
#4901 = CARTESIAN_POINT ( 'NONE',  ( -3.624999999999976500, -17.26293531905800200, 1.425000000000009600 ) ) ;
#4902 = ORIENTED_EDGE ( 'NONE', *, *, #3082, .T. ) ;
#4903 = FACE_OUTER_BOUND ( 'NONE', #1317, .T. ) ;
#4904 = EDGE_CURVE ( 'NONE', #3297, #4578, #3541, .T. ) ;
#4905 = EDGE_LOOP ( 'NONE', ( #3669, #3643, #989, #18 ) ) ;
#4906 = DIRECTION ( 'NONE',  ( -1.000000000000000000, -0.0000000000000000000, -0.0000000000000000000 ) ) ;
#4907 = PRESENTATION_STYLE_ASSIGNMENT (( #2869 ) ) ;
#4908 = ORIENTED_EDGE ( 'NONE', *, *, #4442, .T. ) ;
#4909 = CARTESIAN_POINT ( 'NONE',  ( 3.475000000000002300, 0.0000000000000000000, 0.0000000000000000000 ) ) ;
#4910 = DIRECTION ( 'NONE',  ( 1.000000000000000000, 0.0000000000000000000, 0.0000000000000000000 ) ) ;
#4911 = PRODUCT ( '9_BLE_小型サイズベースANT拡大MODULE_シールドケース_1_2', '9_BLE_小型サイズベースANT拡大MODULE_シールドケース_1_2', '', ( #2311 ) ) ;
#4912 = LINE ( 'NONE', #1424, #524 ) ;
#4913 = ORIENTED_EDGE ( 'NONE', *, *, #330, .F. ) ;
#4914 = DIRECTION ( 'NONE',  ( 1.000000000000000000, 0.0000000000000000000, -2.710505431213761500E-015 ) ) ;
#4915 = DIRECTION ( 'NONE',  ( 0.0000000000000000000, 0.0000000000000000000, -1.000000000000000000 ) ) ;
#4916 = FACE_OUTER_BOUND ( 'NONE', #606, .T. ) ;
#4917 = LINE ( 'NONE', #2760, #4898 ) ;
#4918 = ORIENTED_EDGE ( 'NONE', *, *, #1466, .F. ) ;
#4919 = LINE ( 'NONE', #1270, #27 ) ;
#4920 = MECHANICAL_DESIGN_GEOMETRIC_PRESENTATION_REPRESENTATION (  '', ( #2313 ), #95 ) ;
#4921 = FILL_AREA_STYLE_COLOUR ( '', #1771 ) ;
#4922 = ORIENTED_EDGE ( 'NONE', *, *, #4252, .T. ) ;
#4923 = SURFACE_STYLE_FILL_AREA ( #2858 ) ;
#4924 = VERTEX_POINT ( 'NONE', #2648 ) ;
#4925 = CARTESIAN_POINT ( 'NONE',  ( -3.074999999999982000, 1.049999999999999800, -1.024999999999998100 ) ) ;
#4926 = SURFACE_STYLE_USAGE ( .BOTH. , #4080 ) ;
#4927 = DIRECTION ( 'NONE',  ( 1.000000000000000000, 0.0000000000000000000, 0.0000000000000000000 ) ) ;
#4928 = VECTOR ( 'NONE', #1375, 1000.000000000000000 ) ;
#4929 = CARTESIAN_POINT ( 'NONE',  ( 0.0000000000000000000, 1.200000000000000000, 0.8250000000000220500 ) ) ;
#4930 = CIRCLE ( 'NONE', #2507, 0.01000000000000002600 ) ;
#4931 =( NAMED_UNIT ( * ) SI_UNIT ( $, .STERADIAN. ) SOLID_ANGLE_UNIT ( ) );
#4932 = LINE ( 'NONE', #3506, #3640 ) ;
#4933 = DIRECTION ( 'NONE',  ( -1.000000000000000000, 0.0000000000000000000, -0.0000000000000000000 ) ) ;
#4934 = UNCERTAINTY_MEASURE_WITH_UNIT (LENGTH_MEASURE( 1.000000000000000100E-005 ), #2027, 'distance_accuracy_value', 'NONE');
#4935 = DIRECTION ( 'NONE',  ( -0.0000000000000000000, -1.000000000000000000, -0.0000000000000000000 ) ) ;
#4936 = COLOUR_RGB ( '',0.6588235294117647000, 0.6196078431372549200, 0.5607843137254902000 ) ;
#4937 = CARTESIAN_POINT ( 'NONE',  ( -3.474999999999977400, -17.26293531905800200, -2.200000000000035300 ) ) ;
#4938 = ORIENTED_EDGE ( 'NONE', *, *, #3072, .F. ) ;
#4939 = DIRECTION ( 'NONE',  ( -0.0000000000000000000, -1.000000000000000000, -0.0000000000000000000 ) ) ;
#4940 = VERTEX_POINT ( 'NONE', #2667 ) ;
#4941 = PLANE ( 'NONE',  #1326 ) ;
#4942 = VECTOR ( 'NONE', #1122, 1000.000000000000000 ) ;
#4943 = DIRECTION ( 'NONE',  ( 0.0000000000000000000, 0.0000000000000000000, 1.000000000000000000 ) ) ;
#4944 = EDGE_LOOP ( 'NONE', ( #4683, #2817, #1446, #570 ) ) ;
#4945 = CARTESIAN_POINT ( 'NONE',  ( -4.174999999999963400, 2.239153249474474800, 2.199999999999989500 ) ) ;
#4946 = CARTESIAN_POINT ( 'NONE',  ( 3.075000000000007300, -17.26293531905800200, 0.4250000000000087000 ) ) ;
#4947 = VERTEX_POINT ( 'NONE', #2650 ) ;
#4948 = FILL_AREA_STYLE ('',( #4921 ) ) ;
#4949 = DIRECTION ( 'NONE',  ( -0.0000000000000000000, -1.000000000000000000, -0.0000000000000000000 ) ) ;
#4950 = CARTESIAN_POINT ( 'NONE',  ( 3.075000000000007300, -17.26293531905800200, 0.8250000000000206100 ) ) ;
#4951 = MECHANICAL_DESIGN_GEOMETRIC_PRESENTATION_REPRESENTATION (  '', ( #388 ), #2733 ) ;
#4952 = SURFACE_SIDE_STYLE ('',( #1338 ) ) ;
#4953 = ORIENTED_EDGE ( 'NONE', *, *, #1711, .T. ) ;
#4954 = CARTESIAN_POINT ( 'NONE',  ( 3.309999999999998700, 0.3800000000000000000, -4.309999999999998700 ) ) ;
#4955 = ORIENTED_EDGE ( 'NONE', *, *, #2884, .T. ) ;
#4956 = DIRECTION ( 'NONE',  ( 0.0000000000000000000, -9.792793815997816400E-016, -1.000000000000000000 ) ) ;
#4957 = DIRECTION ( 'NONE',  ( 3.449771409625986500E-030, -1.000000000000000000, 9.792793815997816400E-016 ) ) ;
#4958 = DIRECTION ( 'NONE',  ( -1.000000000000000000, 0.0000000000000000000, -0.0000000000000000000 ) ) ;
#4959 = ORIENTED_EDGE ( 'NONE', *, *, #666, .F. ) ;
#4960 = COLOUR_RGB ( '',0.6588235294117647000, 0.6196078431372549200, 0.5607843137254902000 ) ;
#4961 = CARTESIAN_POINT ( 'NONE',  ( 4.015000000000052100, 1.050000000000000000, -0.8250000000000201600 ) ) ;
#4962 = EDGE_LOOP ( 'NONE', ( #744, #4, #255, #3402 ) ) ;
#4963 = VECTOR ( 'NONE', #633, 1000.000000000000000 ) ;
#4964 = SURFACE_STYLE_USAGE ( .BOTH. , #4952 ) ;
#4965 = VECTOR ( 'NONE', #525, 1000.000000000000000 ) ;
#4966 =( NAMED_UNIT ( * ) SI_UNIT ( $, .STERADIAN. ) SOLID_ANGLE_UNIT ( ) );
#4967 = SURFACE_STYLE_FILL_AREA ( #2849 ) ;
#4968 = FILL_AREA_STYLE_COLOUR ( '', #2122 ) ;
#4969 =( LENGTH_UNIT ( ) NAMED_UNIT ( * ) SI_UNIT ( .MILLI., .METRE. ) );
#4970 = EDGE_LOOP ( 'NONE', ( #4236, #1899, #1839, #1241 ) ) ;
#4971 =( NAMED_UNIT ( * ) PLANE_ANGLE_UNIT ( ) SI_UNIT ( $, .RADIAN. ) );
#4972 = SHAPE_REPRESENTATION ( 'BLE_TypeD1', ( #3926, #2695, #1804 ), #2987 ) ;
#4973 =( NAMED_UNIT ( * ) SI_UNIT ( $, .STERADIAN. ) SOLID_ANGLE_UNIT ( ) );
#4974 =( NAMED_UNIT ( * ) SI_UNIT ( $, .STERADIAN. ) SOLID_ANGLE_UNIT ( ) );
#4975 = CARTESIAN_POINT ( 'NONE',  ( -3.074999999999981500, -17.26293531905800200, -1.425000000000010500 ) ) ;
#4976 =( NAMED_UNIT ( * ) PLANE_ANGLE_UNIT ( ) SI_UNIT ( $, .RADIAN. ) );
#4977 = COLOUR_RGB ( '',0.6588235294117647000, 0.6196078431372549200, 0.5607843137254902000 ) ;
#4978 = SURFACE_STYLE_USAGE ( .BOTH. , #4711 ) ;
#4979 = CARTESIAN_POINT ( 'NONE',  ( -3.474999999999982300, 0.3500000000000468800, -1.425000000000000300 ) ) ;
#4980 = LINE ( 'NONE', #386, #2589 ) ;
#4981 = SURFACE_STYLE_USAGE ( .BOTH. , #4989 ) ;
#4982 = VERTEX_POINT ( 'NONE', #2605 ) ;
#4983 = PRESENTATION_STYLE_ASSIGNMENT (( #1748 ) ) ;
#4984 = DIRECTION ( 'NONE',  ( -1.000000000000000000, 0.0000000000000000000, 0.0000000000000000000 ) ) ;
#4985 = FILL_AREA_STYLE ('',( #3738 ) ) ;
#4986 = ORIENTED_EDGE ( 'NONE', *, *, #3110, .T. ) ;
#4987 = LINE ( 'NONE', #917, #2521 ) ;
#4988 = ORIENTED_EDGE ( 'NONE', *, *, #2280, .F. ) ;
#4989 = SURFACE_SIDE_STYLE ('',( #2207 ) ) ;
#4990 = DIRECTION ( 'NONE',  ( 3.449771409625420400E-030, -1.000000000000000000, 9.792793815995292000E-016 ) ) ;
#4991 = DIRECTION ( 'NONE',  ( 0.0000000000000000000, -9.792793815995292000E-016, -1.000000000000000000 ) ) ;
#4992 = ORIENTED_EDGE ( 'NONE', *, *, #2963, .F. ) ;
#4993 = SURFACE_STYLE_FILL_AREA ( #2293 ) ;
#4994 = CARTESIAN_POINT ( 'NONE',  ( -2.602085213965210600E-015, 0.5000000000000488500, 7.549724035405217300E-015 ) ) ;
#4995 = DIRECTION ( 'NONE',  ( 1.000000000000000000, 0.0000000000000000000, 0.0000000000000000000 ) ) ;
#4996 = FILL_AREA_STYLE ('',( #5000 ) ) ;
#4997 = DIRECTION ( 'NONE',  ( -0.0000000000000000000, -0.0000000000000000000, -1.000000000000000000 ) ) ;
#4998 = VERTEX_POINT ( 'NONE', #2691 ) ;
#4999 = CIRCLE ( 'NONE', #496, 0.1599999999999999800 ) ;
#5000 = FILL_AREA_STYLE_COLOUR ( '', #2059 ) ;
#5001 = COLOUR_RGB ( '',0.6588235294117647000, 0.6196078431372549200, 0.5607843137254902000 ) ;
#5002 = ORIENTED_EDGE ( 'NONE', *, *, #860, .T. ) ;
#5003 = CARTESIAN_POINT ( 'NONE',  ( 4.015000000000052100, 1.039999999999999600, 0.8250000000000253800 ) ) ;
#5004 = FILL_AREA_STYLE ('',( #4643 ) ) ;
#5005 = PRESENTATION_STYLE_ASSIGNMENT (( #2446 ) ) ;
#5006 = VECTOR ( 'NONE', #2671, 1000.000000000000000 ) ;
#5007 = EDGE_LOOP ( 'NONE', ( #3167, #3374, #1362, #1568 ) ) ;
#5008 = LINE ( 'NONE', #3504, #125 ) ;
#5009 = FILL_AREA_STYLE_COLOUR ( '', #5016 ) ;
#5010 = CARTESIAN_POINT ( 'NONE',  ( -3.464999999999976300, 1.200000000000000000, -1.425000000000010000 ) ) ;
#5011 =( NAMED_UNIT ( * ) PLANE_ANGLE_UNIT ( ) SI_UNIT ( $, .RADIAN. ) );
#5012 = STYLED_ITEM ( 'NONE', ( #1126 ), #2755 ) ;
#5013 = UNCERTAINTY_MEASURE_WITH_UNIT (LENGTH_MEASURE( 1.000000000000000100E-005 ), #470, 'distance_accuracy_value', 'NONE');
#5014 = LINE ( 'NONE', #819, #1851 ) ;
#5015 = ORIENTED_EDGE ( 'NONE', *, *, #2776, .T. ) ;
#5016 = COLOUR_RGB ( '',0.6588235294117647000, 0.6196078431372549200, 0.5607843137254902000 ) ;
#5017 = LINE ( 'NONE', #1450, #628 ) ;
#5018 = ORIENTED_EDGE ( 'NONE', *, *, #722, .T. ) ;
#5019 = DIRECTION ( 'NONE',  ( 0.0000000000000000000, -0.0000000000000000000, 1.000000000000000000 ) ) ;
#5020 = PLANE ( 'NONE',  #1300 ) ;
#5021 = NEXT_ASSEMBLY_USAGE_OCCURRENCE ( 'NAUO1', ' ', ' ', #3985, #4759, $ ) ;
#5022 = NEXT_ASSEMBLY_USAGE_OCCURRENCE ( 'NAUO2', ' ', ' ', #3985, #3490, $ ) ;
ENDSEC;
END-ISO-10303-21;
