ISO-10303-21;
HEADER;
FILE_DESCRIPTION((''),'2;1');
FILE_NAME('EJ5340BA_ASM','2023-06-22T',('0696'),(''),
'PRO/ENGINEER BY PARAMETRIC TECHNOLOGY CORPORATION, 2017170',
'PRO/ENGINEER BY PARAMETRIC TECHNOLOGY CORPORATION, 2017170','');
FILE_SCHEMA(('AUTOMOTIVE_DESIGN { 1 0 10303 214 1 1 1 1 }'));
ENDSEC;
DATA;
#15=DIRECTION('',(1.E0,0.E0,0.E0));
#16=VECTOR('',#15,1.13E1);
#17=CARTESIAN_POINT('',(0.E0,0.E0,0.E0));
#18=LINE('45',#17,#16);
#19=DRAUGHTING_PRE_DEFINED_CURVE_FONT('continuous');
#20=CURVE_STYLE('',#19,POSITIVE_LENGTH_MEASURE(2.E-2),#1);
#21=PRESENTATION_STYLE_ASSIGNMENT((#20));
#22=STYLED_ITEM('',(#21),#18);
#23=DIRECTION('',(0.E0,0.E0,-1.E0));
#24=VECTOR('',#23,5.1E0);
#25=CARTESIAN_POINT('',(1.13E1,0.E0,0.E0));
#26=LINE('46',#25,#24);
#27=CURVE_STYLE('',#19,POSITIVE_LENGTH_MEASURE(2.E-2),#1);
#28=PRESENTATION_STYLE_ASSIGNMENT((#27));
#29=STYLED_ITEM('',(#28),#26);
#30=DIRECTION('',(-1.E0,0.E0,0.E0));
#31=VECTOR('',#30,1.13E1);
#32=CARTESIAN_POINT('',(1.13E1,0.E0,-5.1E0));
#33=LINE('47',#32,#31);
#34=CURVE_STYLE('',#19,POSITIVE_LENGTH_MEASURE(2.E-2),#1);
#35=PRESENTATION_STYLE_ASSIGNMENT((#34));
#36=STYLED_ITEM('',(#35),#33);
#37=DIRECTION('',(0.E0,0.E0,1.E0));
#38=VECTOR('',#37,5.1E0);
#39=CARTESIAN_POINT('',(0.E0,0.E0,-5.1E0));
#40=LINE('48',#39,#38);
#41=CURVE_STYLE('',#19,POSITIVE_LENGTH_MEASURE(2.E-2),#1);
#42=PRESENTATION_STYLE_ASSIGNMENT((#41));
#43=STYLED_ITEM('',(#42),#40);
#44=DIRECTION('',(0.E0,1.E0,0.E0));
#45=VECTOR('',#44,4.7E-1);
#46=CARTESIAN_POINT('',(0.E0,0.E0,0.E0));
#47=LINE('55',#46,#45);
#48=CURVE_STYLE('',#19,POSITIVE_LENGTH_MEASURE(2.E-2),#1);
#49=PRESENTATION_STYLE_ASSIGNMENT((#48));
#50=STYLED_ITEM('',(#49),#47);
#51=DIRECTION('',(0.E0,1.E0,0.E0));
#52=VECTOR('',#51,4.7E-1);
#53=CARTESIAN_POINT('',(0.E0,0.E0,-5.1E0));
#54=LINE('61',#53,#52);
#55=CURVE_STYLE('',#19,POSITIVE_LENGTH_MEASURE(2.E-2),#1);
#56=PRESENTATION_STYLE_ASSIGNMENT((#55));
#57=STYLED_ITEM('',(#56),#54);
#58=DIRECTION('',(0.E0,1.E0,0.E0));
#59=VECTOR('',#58,4.7E-1);
#60=CARTESIAN_POINT('',(1.13E1,0.E0,-5.1E0));
#61=LINE('59',#60,#59);
#62=CURVE_STYLE('',#19,POSITIVE_LENGTH_MEASURE(2.E-2),#1);
#63=PRESENTATION_STYLE_ASSIGNMENT((#62));
#64=STYLED_ITEM('',(#63),#61);
#65=DIRECTION('',(0.E0,1.E0,0.E0));
#66=VECTOR('',#65,4.7E-1);
#67=CARTESIAN_POINT('',(1.13E1,0.E0,0.E0));
#68=LINE('57',#67,#66);
#69=CURVE_STYLE('',#19,POSITIVE_LENGTH_MEASURE(2.E-2),#1);
#70=PRESENTATION_STYLE_ASSIGNMENT((#69));
#71=STYLED_ITEM('',(#70),#68);
#72=DIRECTION('',(1.E0,0.E0,0.E0));
#73=VECTOR('',#72,1.13E1);
#74=CARTESIAN_POINT('',(0.E0,4.7E-1,0.E0));
#75=LINE('50',#74,#73);
#76=CURVE_STYLE('',#19,POSITIVE_LENGTH_MEASURE(2.E-2),#1);
#77=PRESENTATION_STYLE_ASSIGNMENT((#76));
#78=STYLED_ITEM('',(#77),#75);
#79=DIRECTION('',(0.E0,0.E0,1.E0));
#80=VECTOR('',#79,5.1E0);
#81=CARTESIAN_POINT('',(0.E0,4.7E-1,-5.1E0));
#82=LINE('53',#81,#80);
#83=CURVE_STYLE('',#19,POSITIVE_LENGTH_MEASURE(2.E-2),#1);
#84=PRESENTATION_STYLE_ASSIGNMENT((#83));
#85=STYLED_ITEM('',(#84),#82);
#86=DIRECTION('',(-1.E0,0.E0,0.E0));
#87=VECTOR('',#86,1.13E1);
#88=CARTESIAN_POINT('',(1.13E1,4.7E-1,-5.1E0));
#89=LINE('52',#88,#87);
#90=CURVE_STYLE('',#19,POSITIVE_LENGTH_MEASURE(2.E-2),#1);
#91=PRESENTATION_STYLE_ASSIGNMENT((#90));
#92=STYLED_ITEM('',(#91),#89);
#93=DIRECTION('',(0.E0,0.E0,-1.E0));
#94=VECTOR('',#93,5.1E0);
#95=CARTESIAN_POINT('',(1.13E1,4.7E-1,0.E0));
#96=LINE('51',#95,#94);
#97=CURVE_STYLE('',#19,POSITIVE_LENGTH_MEASURE(2.E-2),#1);
#98=PRESENTATION_STYLE_ASSIGNMENT((#97));
#99=STYLED_ITEM('',(#98),#96);
#100=CARTESIAN_POINT('',(0.E0,0.E0,0.E0));
#101=CARTESIAN_POINT('',(1.13E1,0.E0,0.E0));
#102=VERTEX_POINT('',#100);
#103=VERTEX_POINT('',#101);
#104=CARTESIAN_POINT('',(1.13E1,0.E0,-5.1E0));
#105=VERTEX_POINT('',#104);
#106=CARTESIAN_POINT('',(0.E0,0.E0,-5.1E0));
#107=VERTEX_POINT('',#106);
#108=CARTESIAN_POINT('',(0.E0,4.7E-1,0.E0));
#109=CARTESIAN_POINT('',(1.13E1,4.7E-1,0.E0));
#110=VERTEX_POINT('',#108);
#111=VERTEX_POINT('',#109);
#112=CARTESIAN_POINT('',(1.13E1,4.7E-1,-5.1E0));
#113=VERTEX_POINT('',#112);
#114=CARTESIAN_POINT('',(0.E0,4.7E-1,-5.1E0));
#115=VERTEX_POINT('',#114);
#116=CARTESIAN_POINT('',(0.E0,0.E0,0.E0));
#117=DIRECTION('',(0.E0,1.E0,0.E0));
#118=DIRECTION('',(1.E0,0.E0,0.E0));
#119=AXIS2_PLACEMENT_3D('',#116,#117,#118);
#120=PLANE('44',#119);
#122=ORIENTED_EDGE('45',*,*,#121,.T.);
#124=ORIENTED_EDGE('46',*,*,#123,.T.);
#126=ORIENTED_EDGE('47',*,*,#125,.T.);
#128=ORIENTED_EDGE('48',*,*,#127,.T.);
#129=EDGE_LOOP('44',(#122,#124,#126,#128));
#130=FACE_OUTER_BOUND('44',#129,.F.);
#132=CARTESIAN_POINT('',(0.E0,0.E0,0.E0));
#133=DIRECTION('',(0.E0,0.E0,1.E0));
#134=DIRECTION('',(1.E0,0.E0,0.E0));
#135=AXIS2_PLACEMENT_3D('',#132,#133,#134);
#136=PLANE('54',#135);
#137=ORIENTED_EDGE('45',*,*,#121,.F.);
#139=ORIENTED_EDGE('55',*,*,#138,.T.);
#141=ORIENTED_EDGE('50',*,*,#140,.T.);
#143=ORIENTED_EDGE('57',*,*,#142,.F.);
#144=EDGE_LOOP('54',(#137,#139,#141,#143));
#145=FACE_OUTER_BOUND('54',#144,.F.);
#147=CARTESIAN_POINT('',(0.E0,0.E0,-5.1E0));
#148=DIRECTION('',(-1.E0,0.E0,0.E0));
#149=DIRECTION('',(0.E0,0.E0,1.E0));
#150=AXIS2_PLACEMENT_3D('',#147,#148,#149);
#151=PLANE('60',#150);
#152=ORIENTED_EDGE('48',*,*,#127,.F.);
#154=ORIENTED_EDGE('61',*,*,#153,.T.);
#156=ORIENTED_EDGE('53',*,*,#155,.T.);
#157=ORIENTED_EDGE('55',*,*,#138,.F.);
#158=EDGE_LOOP('60',(#152,#154,#156,#157));
#159=FACE_OUTER_BOUND('60',#158,.F.);
#161=CARTESIAN_POINT('',(1.13E1,0.E0,-5.1E0));
#162=DIRECTION('',(0.E0,0.E0,-1.E0));
#163=DIRECTION('',(-1.E0,0.E0,0.E0));
#164=AXIS2_PLACEMENT_3D('',#161,#162,#163);
#165=PLANE('58',#164);
#166=ORIENTED_EDGE('47',*,*,#125,.F.);
#168=ORIENTED_EDGE('59',*,*,#167,.T.);
#170=ORIENTED_EDGE('52',*,*,#169,.T.);
#171=ORIENTED_EDGE('61',*,*,#153,.F.);
#172=EDGE_LOOP('58',(#166,#168,#170,#171));
#173=FACE_OUTER_BOUND('58',#172,.F.);
#175=CARTESIAN_POINT('',(1.13E1,0.E0,0.E0));
#176=DIRECTION('',(1.E0,0.E0,0.E0));
#177=DIRECTION('',(0.E0,0.E0,-1.E0));
#178=AXIS2_PLACEMENT_3D('',#175,#176,#177);
#179=PLANE('56',#178);
#180=ORIENTED_EDGE('46',*,*,#123,.F.);
#181=ORIENTED_EDGE('57',*,*,#142,.T.);
#183=ORIENTED_EDGE('51',*,*,#182,.T.);
#184=ORIENTED_EDGE('59',*,*,#167,.F.);
#185=EDGE_LOOP('56',(#180,#181,#183,#184));
#186=FACE_OUTER_BOUND('56',#185,.F.);
#188=CARTESIAN_POINT('',(0.E0,4.7E-1,0.E0));
#189=DIRECTION('',(0.E0,1.E0,0.E0));
#190=DIRECTION('',(1.E0,0.E0,0.E0));
#191=AXIS2_PLACEMENT_3D('',#188,#189,#190);
#192=PLANE('49',#191);
#193=ORIENTED_EDGE('50',*,*,#140,.F.);
#194=ORIENTED_EDGE('53',*,*,#155,.F.);
#195=ORIENTED_EDGE('52',*,*,#169,.F.);
#196=ORIENTED_EDGE('51',*,*,#182,.F.);
#197=EDGE_LOOP('49',(#193,#194,#195,#196));
#198=FACE_OUTER_BOUND('49',#197,.F.);
#200=CLOSED_SHELL('',(#131,#146,#160,#174,#187,#199));
#201=MANIFOLD_SOLID_BREP('',#200);
#202=FILL_AREA_STYLE_COLOUR('',#1);
#203=FILL_AREA_STYLE('',(#202));
#204=SURFACE_STYLE_FILL_AREA(#203);
#205=SURFACE_SIDE_STYLE('',(#204));
#206=SURFACE_STYLE_USAGE(.BOTH.,#205);
#207=PRESENTATION_STYLE_ASSIGNMENT((#206));
#14=STYLED_ITEM('',(#207),#201);
#210=PLANE_ANGLE_MEASURE_WITH_UNIT(PLANE_ANGLE_MEASURE(1.745329251994E-2),#209);
#211=(CONVERSION_BASED_UNIT('DEGREE',#210)NAMED_UNIT(*)PLANE_ANGLE_UNIT());
#213=UNCERTAINTY_MEASURE_WITH_UNIT(LENGTH_MEASURE(1.E-3),#208,
'distance_accuracy_value',
'Maximum model space distance between geometric entities at asserted connectivities');
#215=CARTESIAN_POINT('',(0.E0,0.E0,0.E0));
#216=DIRECTION('',(0.E0,0.E0,1.E0));
#217=DIRECTION('',(1.E0,0.E0,0.E0));
#220=APPLICATION_CONTEXT('automotive_design');
#221=APPLICATION_PROTOCOL_DEFINITION('international standard',
'automotive_design',2001,#220);
#222=PRODUCT_DEFINITION_CONTEXT('part definition',#220,'design');
#223=PRODUCT_CONTEXT('',#220,'mechanical');
#224=PRODUCT('PCB','PCB','NOT SPECIFIED',(#223));
#225=PRODUCT_DEFINITION_FORMATION('1','LAST_VERSION',#224);
#233=DERIVED_UNIT_ELEMENT(#232,2.E0);
#234=DERIVED_UNIT((#233));
#235=MEASURE_REPRESENTATION_ITEM('surface area measure',AREA_MEASURE(1.30676E2),
#234);
#240=DERIVED_UNIT_ELEMENT(#239,3.E0);
#241=DERIVED_UNIT((#240));
#242=MEASURE_REPRESENTATION_ITEM('volume measure',VOLUME_MEASURE(2.70861E1),
#241);
#246=CARTESIAN_POINT('centre point',(5.65E0,2.35E-1,-2.55E0));
#251=DERIVED_UNIT_ELEMENT(#250,2.E0);
#252=DERIVED_UNIT((#251));
#253=MEASURE_REPRESENTATION_ITEM('surface area measure',AREA_MEASURE(1.30676E2),
#252);
#258=DERIVED_UNIT_ELEMENT(#257,3.E0);
#259=DERIVED_UNIT((#258));
#260=MEASURE_REPRESENTATION_ITEM('volume measure',VOLUME_MEASURE(2.70861E1),
#259);
#264=CARTESIAN_POINT('centre point',(5.65E0,2.35E-1,-2.55E0));
#270=GENERAL_PROPERTY('','DESCRIPTION','user defined attribute');
#271=GENERAL_PROPERTY_ASSOCIATION('user defined attribute','',#270,#269);
#272=DESCRIPTIVE_REPRESENTATION_ITEM('DESCRIPTION','');
#276=GENERAL_PROPERTY('','MODELED_BY','user defined attribute');
#277=GENERAL_PROPERTY_ASSOCIATION('user defined attribute','',#276,#275);
#278=DESCRIPTIVE_REPRESENTATION_ITEM('MODELED_BY','');
#286=CARTESIAN_POINT('centre point',(5.65E0,2.35E-1,-2.55E0));
#290=CARTESIAN_POINT('',(0.E0,0.E0,0.E0));
#291=DIRECTION('',(0.E0,0.E0,1.E0));
#292=DIRECTION('',(1.E0,0.E0,0.E0));
#293=AXIS2_PLACEMENT_3D('',#290,#291,#292);
#294=ITEM_DEFINED_TRANSFORMATION('','',#218,#293);
#295=(REPRESENTATION_RELATIONSHIP('','',#219,#283)REPRESENTATION_RELATIONSHIP_WITH_TRANSFORMATION(#294)SHAPE_REPRESENTATION_RELATIONSHIP());
#296=CONTEXT_DEPENDENT_SHAPE_REPRESENTATION(#295,#285);
#299=DIRECTION('',(0.E0,0.E0,-1.E0));
#300=VECTOR('',#299,1.225E0);
#301=CARTESIAN_POINT('',(8.2E0,8.3E-1,-3.175E0));
#302=LINE('1266',#301,#300);
#303=CURVE_STYLE('',#19,POSITIVE_LENGTH_MEASURE(2.E-2),#297);
#304=PRESENTATION_STYLE_ASSIGNMENT((#303));
#305=STYLED_ITEM('',(#304),#302);
#306=DIRECTION('',(-1.E0,0.E0,0.E0));
#307=VECTOR('',#306,9.5E-1);
#308=CARTESIAN_POINT('',(8.2E0,8.3E-1,-3.175E0));
#309=LINE('1302',#308,#307);
#310=CURVE_STYLE('',#19,POSITIVE_LENGTH_MEASURE(2.E-2),#297);
#311=PRESENTATION_STYLE_ASSIGNMENT((#310));
#312=STYLED_ITEM('',(#311),#309);
#313=DIRECTION('',(0.E0,0.E0,1.E0));
#314=VECTOR('',#313,4.E-1);
#315=CARTESIAN_POINT('',(7.25E0,8.3E-1,-3.175E0));
#316=LINE('312',#315,#314);
#317=CURVE_STYLE('',#19,POSITIVE_LENGTH_MEASURE(2.E-2),#297);
#318=PRESENTATION_STYLE_ASSIGNMENT((#317));
#319=STYLED_ITEM('',(#318),#316);
#320=DIRECTION('',(-1.E0,0.E0,0.E0));
#321=VECTOR('',#320,2.E-1);
#322=CARTESIAN_POINT('',(7.45E0,8.3E-1,-2.775E0));
#323=LINE('1069',#322,#321);
#324=CURVE_STYLE('',#19,POSITIVE_LENGTH_MEASURE(2.E-2),#297);
#325=PRESENTATION_STYLE_ASSIGNMENT((#324));
#326=STYLED_ITEM('',(#325),#323);
#327=DIRECTION('',(0.E0,0.E0,-1.E0));
#328=VECTOR('',#327,8.5E-1);
#329=CARTESIAN_POINT('',(7.45E0,8.3E-1,-1.925E0));
#330=LINE('1059',#329,#328);
#331=CURVE_STYLE('',#19,POSITIVE_LENGTH_MEASURE(2.E-2),#297);
#332=PRESENTATION_STYLE_ASSIGNMENT((#331));
#333=STYLED_ITEM('',(#332),#330);
#334=DIRECTION('',(-1.E0,0.E0,0.E0));
#335=VECTOR('',#334,2.E-1);
#336=CARTESIAN_POINT('',(7.45E0,8.3E-1,-1.925E0));
#337=LINE('1068',#336,#335);
#338=CURVE_STYLE('',#19,POSITIVE_LENGTH_MEASURE(2.E-2),#297);
#339=PRESENTATION_STYLE_ASSIGNMENT((#338));
#340=STYLED_ITEM('',(#339),#337);
#341=DIRECTION('',(0.E0,0.E0,1.E0));
#342=VECTOR('',#341,4.E-1);
#343=CARTESIAN_POINT('',(7.25E0,8.3E-1,-1.925E0));
#344=LINE('309',#343,#342);
#345=CURVE_STYLE('',#19,POSITIVE_LENGTH_MEASURE(2.E-2),#297);
#346=PRESENTATION_STYLE_ASSIGNMENT((#345));
#347=STYLED_ITEM('',(#346),#344);
#348=DIRECTION('',(-1.E0,0.E0,0.E0));
#349=VECTOR('',#348,9.5E-1);
#350=CARTESIAN_POINT('',(8.2E0,8.3E-1,-1.525E0));
#351=LINE('1301',#350,#349);
#352=CURVE_STYLE('',#19,POSITIVE_LENGTH_MEASURE(2.E-2),#297);
#353=PRESENTATION_STYLE_ASSIGNMENT((#352));
#354=STYLED_ITEM('',(#353),#351);
#355=DIRECTION('',(0.E0,0.E0,-1.E0));
#356=VECTOR('',#355,1.225E0);
#357=CARTESIAN_POINT('',(8.2E0,8.3E-1,-3.E-1));
#358=LINE('1270',#357,#356);
#359=CURVE_STYLE('',#19,POSITIVE_LENGTH_MEASURE(2.E-2),#297);
#360=PRESENTATION_STYLE_ASSIGNMENT((#359));
#361=STYLED_ITEM('',(#360),#358);
#362=DIRECTION('',(-1.E0,0.E0,0.E0));
#363=VECTOR('',#362,1.5E-1);
#364=CARTESIAN_POINT('',(8.2E0,8.3E-1,-3.E-1));
#365=LINE('1297',#364,#363);
#366=CURVE_STYLE('',#19,POSITIVE_LENGTH_MEASURE(2.E-2),#297);
#367=PRESENTATION_STYLE_ASSIGNMENT((#366));
#368=STYLED_ITEM('',(#367),#365);
#369=DIRECTION('',(-1.184237892934E-14,0.E0,-1.E0));
#370=VECTOR('',#369,1.5E-1);
#371=CARTESIAN_POINT('',(8.05E0,8.3E-1,-1.5E-1));
#372=LINE('1298',#371,#370);
#373=CURVE_STYLE('',#19,POSITIVE_LENGTH_MEASURE(2.E-2),#297);
#374=PRESENTATION_STYLE_ASSIGNMENT((#373));
#375=STYLED_ITEM('',(#374),#372);
#376=DIRECTION('',(1.E0,0.E0,0.E0));
#377=VECTOR('',#376,1.95E0);
#378=CARTESIAN_POINT('',(6.1E0,8.3E-1,-1.5E-1));
#379=LINE('1274',#378,#377);
#380=CURVE_STYLE('',#19,POSITIVE_LENGTH_MEASURE(2.E-2),#297);
#381=PRESENTATION_STYLE_ASSIGNMENT((#380));
#382=STYLED_ITEM('',(#381),#379);
#383=DIRECTION('',(-1.E0,0.E0,0.E0));
#384=VECTOR('',#383,4.E-1);
#385=CARTESIAN_POINT('',(6.1E0,8.3E-1,-3.E-1));
#386=LINE('299',#385,#384);
#387=CURVE_STYLE('',#19,POSITIVE_LENGTH_MEASURE(2.E-2),#297);
#388=PRESENTATION_STYLE_ASSIGNMENT((#387));
#389=STYLED_ITEM('',(#388),#386);
#390=DIRECTION('',(0.E0,0.E0,1.E0));
#391=VECTOR('',#390,1.5E-1);
#392=CARTESIAN_POINT('',(5.7E0,8.3E-1,-3.E-1));
#393=LINE('297',#392,#391);
#394=CURVE_STYLE('',#19,POSITIVE_LENGTH_MEASURE(2.E-2),#297);
#395=PRESENTATION_STYLE_ASSIGNMENT((#394));
#396=STYLED_ITEM('',(#395),#393);
#397=DIRECTION('',(1.E0,0.E0,0.E0));
#398=VECTOR('',#397,4.8E0);
#399=CARTESIAN_POINT('',(9.E-1,8.3E-1,-1.5E-1));
#400=LINE('1071',#399,#398);
#401=CURVE_STYLE('',#19,POSITIVE_LENGTH_MEASURE(2.E-2),#297);
#402=PRESENTATION_STYLE_ASSIGNMENT((#401));
#403=STYLED_ITEM('',(#402),#400);
#404=DIRECTION('',(0.E0,0.E0,1.E0));
#405=VECTOR('',#404,7.75E-1);
#406=CARTESIAN_POINT('',(9.E-1,8.3E-1,-9.25E-1));
#407=LINE('1051',#406,#405);
#408=CURVE_STYLE('',#19,POSITIVE_LENGTH_MEASURE(2.E-2),#297);
#409=PRESENTATION_STYLE_ASSIGNMENT((#408));
#410=STYLED_ITEM('',(#409),#407);
#411=DIRECTION('',(1.E0,0.E0,0.E0));
#412=VECTOR('',#411,2.E-1);
#413=CARTESIAN_POINT('',(9.E-1,8.3E-1,-9.25E-1));
#414=LINE('1067',#413,#412);
#415=CURVE_STYLE('',#19,POSITIVE_LENGTH_MEASURE(2.E-2),#297);
#416=PRESENTATION_STYLE_ASSIGNMENT((#415));
#417=STYLED_ITEM('',(#416),#414);
#418=DIRECTION('',(0.E0,0.E0,-1.E0));
#419=VECTOR('',#418,4.E-1);
#420=CARTESIAN_POINT('',(1.1E0,8.3E-1,-9.25E-1));
#421=LINE('296',#420,#419);
#422=CURVE_STYLE('',#19,POSITIVE_LENGTH_MEASURE(2.E-2),#297);
#423=PRESENTATION_STYLE_ASSIGNMENT((#422));
#424=STYLED_ITEM('',(#423),#421);
#425=DIRECTION('',(1.E0,0.E0,0.E0));
#426=VECTOR('',#425,9.5E-1);
#427=CARTESIAN_POINT('',(1.5E-1,8.3E-1,-1.325E0));
#428=LINE('1296',#427,#426);
#429=CURVE_STYLE('',#19,POSITIVE_LENGTH_MEASURE(2.E-2),#297);
#430=PRESENTATION_STYLE_ASSIGNMENT((#429));
#431=STYLED_ITEM('',(#430),#428);
#432=DIRECTION('',(0.E0,0.E0,1.E0));
#433=VECTOR('',#432,2.05E0);
#434=CARTESIAN_POINT('',(1.5E-1,8.3E-1,-3.375E0));
#435=LINE('1282',#434,#433);
#436=CURVE_STYLE('',#19,POSITIVE_LENGTH_MEASURE(2.E-2),#297);
#437=PRESENTATION_STYLE_ASSIGNMENT((#436));
#438=STYLED_ITEM('',(#437),#435);
#439=DIRECTION('',(1.E0,0.E0,0.E0));
#440=VECTOR('',#439,9.5E-1);
#441=CARTESIAN_POINT('',(1.5E-1,8.3E-1,-3.375E0));
#442=LINE('1295',#441,#440);
#443=CURVE_STYLE('',#19,POSITIVE_LENGTH_MEASURE(2.E-2),#297);
#444=PRESENTATION_STYLE_ASSIGNMENT((#443));
#445=STYLED_ITEM('',(#444),#442);
#446=DIRECTION('',(0.E0,0.E0,-1.E0));
#447=VECTOR('',#446,4.E-1);
#448=CARTESIAN_POINT('',(1.1E0,8.3E-1,-3.375E0));
#449=LINE('293',#448,#447);
#450=CURVE_STYLE('',#19,POSITIVE_LENGTH_MEASURE(2.E-2),#297);
#451=PRESENTATION_STYLE_ASSIGNMENT((#450));
#452=STYLED_ITEM('',(#451),#449);
#453=DIRECTION('',(1.E0,0.E0,0.E0));
#454=VECTOR('',#453,2.E-1);
#455=CARTESIAN_POINT('',(9.E-1,8.3E-1,-3.775E0));
#456=LINE('1066',#455,#454);
#457=CURVE_STYLE('',#19,POSITIVE_LENGTH_MEASURE(2.E-2),#297);
#458=PRESENTATION_STYLE_ASSIGNMENT((#457));
#459=STYLED_ITEM('',(#458),#456);
#460=DIRECTION('',(0.E0,0.E0,1.E0));
#461=VECTOR('',#460,7.75E-1);
#462=CARTESIAN_POINT('',(9.E-1,8.3E-1,-4.55E0));
#463=LINE('1055',#462,#461);
#464=CURVE_STYLE('',#19,POSITIVE_LENGTH_MEASURE(2.E-2),#297);
#465=PRESENTATION_STYLE_ASSIGNMENT((#464));
#466=STYLED_ITEM('',(#465),#463);
#467=DIRECTION('',(1.E0,0.E0,0.E0));
#468=VECTOR('',#467,4.8E0);
#469=CARTESIAN_POINT('',(9.E-1,8.3E-1,-4.55E0));
#470=LINE('1070',#469,#468);
#471=CURVE_STYLE('',#19,POSITIVE_LENGTH_MEASURE(2.E-2),#297);
#472=PRESENTATION_STYLE_ASSIGNMENT((#471));
#473=STYLED_ITEM('',(#472),#470);
#474=DIRECTION('',(0.E0,0.E0,1.E0));
#475=VECTOR('',#474,1.5E-1);
#476=CARTESIAN_POINT('',(5.7E0,8.3E-1,-4.55E0));
#477=LINE('302',#476,#475);
#478=CURVE_STYLE('',#19,POSITIVE_LENGTH_MEASURE(2.E-2),#297);
#479=PRESENTATION_STYLE_ASSIGNMENT((#478));
#480=STYLED_ITEM('',(#479),#477);
#481=DIRECTION('',(1.E0,0.E0,0.E0));
#482=VECTOR('',#481,4.E-1);
#483=CARTESIAN_POINT('',(5.7E0,8.3E-1,-4.4E0));
#484=LINE('300',#483,#482);
#485=CURVE_STYLE('',#19,POSITIVE_LENGTH_MEASURE(2.E-2),#297);
#486=PRESENTATION_STYLE_ASSIGNMENT((#485));
#487=STYLED_ITEM('',(#486),#484);
#488=DIRECTION('',(-1.E0,0.E0,0.E0));
#489=VECTOR('',#488,1.95E0);
#490=CARTESIAN_POINT('',(8.05E0,8.3E-1,-4.55E0));
#491=LINE('1278',#490,#489);
#492=CURVE_STYLE('',#19,POSITIVE_LENGTH_MEASURE(2.E-2),#297);
#493=PRESENTATION_STYLE_ASSIGNMENT((#492));
#494=STYLED_ITEM('',(#493),#491);
#495=DIRECTION('',(0.E0,0.E0,1.E0));
#496=VECTOR('',#495,1.5E-1);
#497=CARTESIAN_POINT('',(8.05E0,8.3E-1,-4.55E0));
#498=LINE('1300',#497,#496);
#499=CURVE_STYLE('',#19,POSITIVE_LENGTH_MEASURE(2.E-2),#297);
#500=PRESENTATION_STYLE_ASSIGNMENT((#499));
#501=STYLED_ITEM('',(#500),#498);
#502=DIRECTION('',(-1.E0,0.E0,0.E0));
#503=VECTOR('',#502,1.5E-1);
#504=CARTESIAN_POINT('',(8.2E0,8.3E-1,-4.4E0));
#505=LINE('1299',#504,#503);
#506=CURVE_STYLE('',#19,POSITIVE_LENGTH_MEASURE(2.E-2),#297);
#507=PRESENTATION_STYLE_ASSIGNMENT((#506));
#508=STYLED_ITEM('',(#507),#505);
#509=CARTESIAN_POINT('',(8.2E0,6.8E-1,-4.4E0));
#510=DIRECTION('',(0.E0,0.E0,-1.E0));
#511=DIRECTION('',(0.E0,1.E0,0.E0));
#512=AXIS2_PLACEMENT_3D('',#509,#510,#511);
#514=CURVE_STYLE('',#19,POSITIVE_LENGTH_MEASURE(2.E-2),#297);
#515=PRESENTATION_STYLE_ASSIGNMENT((#514));
#516=STYLED_ITEM('',(#515),#513);
#517=DIRECTION('',(0.E0,1.E0,0.E0));
#518=VECTOR('',#517,1.5E-1);
#519=CARTESIAN_POINT('',(8.05E0,6.8E-1,-4.4E0));
#520=LINE('614',#519,#518);
#521=CURVE_STYLE('',#19,POSITIVE_LENGTH_MEASURE(2.E-2),#297);
#522=PRESENTATION_STYLE_ASSIGNMENT((#521));
#523=STYLED_ITEM('',(#522),#520);
#524=DIRECTION('',(1.E0,0.E0,0.E0));
#525=VECTOR('',#524,1.5E-1);
#526=CARTESIAN_POINT('',(8.05E0,6.8E-1,-4.4E0));
#527=LINE('573',#526,#525);
#528=CURVE_STYLE('',#19,POSITIVE_LENGTH_MEASURE(2.E-2),#297);
#529=PRESENTATION_STYLE_ASSIGNMENT((#528));
#530=STYLED_ITEM('',(#529),#527);
#531=DIRECTION('',(0.E0,1.E0,0.E0));
#532=VECTOR('',#531,3.8E-1);
#533=CARTESIAN_POINT('',(8.2E0,3.E-1,-4.4E0));
#534=LINE('714',#533,#532);
#535=CURVE_STYLE('',#19,POSITIVE_LENGTH_MEASURE(2.E-2),#297);
#536=PRESENTATION_STYLE_ASSIGNMENT((#535));
#537=STYLED_ITEM('',(#536),#534);
#538=DIRECTION('',(1.E0,0.E0,0.E0));
#539=VECTOR('',#538,1.5E-1);
#540=CARTESIAN_POINT('',(8.2E0,3.E-1,-4.4E0));
#541=LINE('699',#540,#539);
#542=CURVE_STYLE('',#19,POSITIVE_LENGTH_MEASURE(2.E-2),#297);
#543=PRESENTATION_STYLE_ASSIGNMENT((#542));
#544=STYLED_ITEM('',(#543),#541);
#545=CARTESIAN_POINT('',(8.05E0,6.8E-1,-4.55E0));
#546=DIRECTION('',(1.E0,0.E0,0.E0));
#547=DIRECTION('',(0.E0,-1.036208156317E-14,-1.E0));
#548=AXIS2_PLACEMENT_3D('',#545,#546,#547);
#550=CURVE_STYLE('',#19,POSITIVE_LENGTH_MEASURE(2.E-2),#297);
#551=PRESENTATION_STYLE_ASSIGNMENT((#550));
#552=STYLED_ITEM('',(#551),#549);
#553=DIRECTION('',(0.E0,0.E0,1.E0));
#554=VECTOR('',#553,1.5E-1);
#555=CARTESIAN_POINT('',(8.05E0,3.E-1,-4.7E0));
#556=LINE('825',#555,#554);
#557=CURVE_STYLE('',#19,POSITIVE_LENGTH_MEASURE(2.E-2),#297);
#558=PRESENTATION_STYLE_ASSIGNMENT((#557));
#559=STYLED_ITEM('',(#558),#556);
#560=DIRECTION('',(0.E0,1.E0,0.E0));
#561=VECTOR('',#560,3.8E-1);
#562=CARTESIAN_POINT('',(8.05E0,3.E-1,-4.55E0));
#563=LINE('833',#562,#561);
#564=CURVE_STYLE('',#19,POSITIVE_LENGTH_MEASURE(2.E-2),#297);
#565=PRESENTATION_STYLE_ASSIGNMENT((#564));
#566=STYLED_ITEM('',(#565),#563);
#567=DIRECTION('',(0.E0,0.E0,-1.E0));
#568=VECTOR('',#567,1.5E-1);
#569=CARTESIAN_POINT('',(8.05E0,6.8E-1,-4.4E0));
#570=LINE('575',#569,#568);
#571=CURVE_STYLE('',#19,POSITIVE_LENGTH_MEASURE(2.E-2),#297);
#572=PRESENTATION_STYLE_ASSIGNMENT((#571));
#573=STYLED_ITEM('',(#572),#570);
#574=CARTESIAN_POINT('',(6.1E0,6.8E-1,-4.55E0));
#575=DIRECTION('',(-1.E0,0.E0,0.E0));
#576=DIRECTION('',(0.E0,1.E0,0.E0));
#577=AXIS2_PLACEMENT_3D('',#574,#575,#576);
#579=CURVE_STYLE('',#19,POSITIVE_LENGTH_MEASURE(2.E-2),#297);
#580=PRESENTATION_STYLE_ASSIGNMENT((#579));
#581=STYLED_ITEM('',(#580),#578);
#582=DIRECTION('',(0.E0,0.E0,1.E0));
#583=VECTOR('',#582,1.5E-1);
#584=CARTESIAN_POINT('',(6.1E0,8.3E-1,-4.55E0));
#585=LINE('1304',#584,#583);
#586=CURVE_STYLE('',#19,POSITIVE_LENGTH_MEASURE(2.E-2),#297);
#587=PRESENTATION_STYLE_ASSIGNMENT((#586));
#588=STYLED_ITEM('',(#587),#585);
#589=DIRECTION('',(0.E0,1.E0,0.E0));
#590=VECTOR('',#589,1.5E-1);
#591=CARTESIAN_POINT('',(6.1E0,6.8E-1,-4.4E0));
#592=LINE('612',#591,#590);
#593=CURVE_STYLE('',#19,POSITIVE_LENGTH_MEASURE(2.E-2),#297);
#594=PRESENTATION_STYLE_ASSIGNMENT((#593));
#595=STYLED_ITEM('',(#594),#592);
#596=DIRECTION('',(0.E0,0.E0,-1.E0));
#597=VECTOR('',#596,1.5E-1);
#598=CARTESIAN_POINT('',(6.1E0,6.8E-1,-4.4E0));
#599=LINE('545',#598,#597);
#600=CURVE_STYLE('',#19,POSITIVE_LENGTH_MEASURE(2.E-2),#297);
#601=PRESENTATION_STYLE_ASSIGNMENT((#600));
#602=STYLED_ITEM('',(#601),#599);
#603=DIRECTION('',(0.E0,1.E0,0.E0));
#604=VECTOR('',#603,9.019237886467E-2);
#605=CARTESIAN_POINT('',(6.1E0,5.898076211353E-1,-4.55E0));
#606=LINE('832',#605,#604);
#607=CURVE_STYLE('',#19,POSITIVE_LENGTH_MEASURE(2.E-2),#297);
#608=PRESENTATION_STYLE_ASSIGNMENT((#607));
#609=STYLED_ITEM('',(#608),#606);
#610=DIRECTION('',(0.E0,0.E0,1.E0));
#611=VECTOR('',#610,1.5E-1);
#612=CARTESIAN_POINT('',(6.1E0,5.898076211353E-1,-4.7E0));
#613=LINE('824',#612,#611);
#614=CURVE_STYLE('',#19,POSITIVE_LENGTH_MEASURE(2.E-2),#297);
#615=PRESENTATION_STYLE_ASSIGNMENT((#614));
#616=STYLED_ITEM('',(#615),#613);
#617=DIRECTION('',(1.E0,0.E0,0.E0));
#618=VECTOR('',#617,4.E-1);
#619=CARTESIAN_POINT('',(5.7E0,6.8E-1,-4.4E0));
#620=LINE('567',#619,#618);
#621=CURVE_STYLE('',#19,POSITIVE_LENGTH_MEASURE(2.E-2),#297);
#622=PRESENTATION_STYLE_ASSIGNMENT((#621));
#623=STYLED_ITEM('',(#622),#620);
#624=DIRECTION('',(0.E0,1.E0,0.E0));
#625=VECTOR('',#624,1.5E-1);
#626=CARTESIAN_POINT('',(5.7E0,6.8E-1,-4.4E0));
#627=LINE('611',#626,#625);
#628=CURVE_STYLE('',#19,POSITIVE_LENGTH_MEASURE(2.E-2),#297);
#629=PRESENTATION_STYLE_ASSIGNMENT((#628));
#630=STYLED_ITEM('',(#629),#627);
#631=DIRECTION('',(0.E0,0.E0,1.E0));
#632=VECTOR('',#631,7.75E-1);
#633=CARTESIAN_POINT('',(9.E-1,6.8E-1,-9.25E-1));
#634=LINE('936',#633,#632);
#635=CURVE_STYLE('',#19,POSITIVE_LENGTH_MEASURE(2.E-2),#297);
#636=PRESENTATION_STYLE_ASSIGNMENT((#635));
#637=STYLED_ITEM('',(#636),#634);
#638=DIRECTION('',(1.E0,0.E0,0.E0));
#639=VECTOR('',#638,1.95E0);
#640=CARTESIAN_POINT('',(6.1E0,6.8E-1,-1.5E-1));
#641=LINE('623',#640,#639);
#642=CURVE_STYLE('',#19,POSITIVE_LENGTH_MEASURE(2.E-2),#297);
#643=PRESENTATION_STYLE_ASSIGNMENT((#642));
#644=STYLED_ITEM('',(#643),#641);
#645=DIRECTION('',(0.E0,0.E0,-1.E0));
#646=VECTOR('',#645,1.225E0);
#647=CARTESIAN_POINT('',(8.2E0,6.8E-1,-3.E-1));
#648=LINE('624',#647,#646);
#649=CURVE_STYLE('',#19,POSITIVE_LENGTH_MEASURE(2.E-2),#297);
#650=PRESENTATION_STYLE_ASSIGNMENT((#649));
#651=STYLED_ITEM('',(#650),#648);
#652=DIRECTION('',(0.E0,0.E0,-1.E0));
#653=VECTOR('',#652,8.5E-1);
#654=CARTESIAN_POINT('',(7.45E0,6.8E-1,-1.925E0));
#655=LINE('948',#654,#653);
#656=CURVE_STYLE('',#19,POSITIVE_LENGTH_MEASURE(2.E-2),#297);
#657=PRESENTATION_STYLE_ASSIGNMENT((#656));
#658=STYLED_ITEM('',(#657),#655);
#659=DIRECTION('',(0.E0,0.E0,-1.E0));
#660=VECTOR('',#659,1.225E0);
#661=CARTESIAN_POINT('',(8.2E0,6.8E-1,-3.175E0));
#662=LINE('626',#661,#660);
#663=CURVE_STYLE('',#19,POSITIVE_LENGTH_MEASURE(2.E-2),#297);
#664=PRESENTATION_STYLE_ASSIGNMENT((#663));
#665=STYLED_ITEM('',(#664),#662);
#666=DIRECTION('',(-1.E0,0.E0,0.E0));
#667=VECTOR('',#666,1.95E0);
#668=CARTESIAN_POINT('',(8.05E0,6.8E-1,-4.55E0));
#669=LINE('627',#668,#667);
#670=CURVE_STYLE('',#19,POSITIVE_LENGTH_MEASURE(2.E-2),#297);
#671=PRESENTATION_STYLE_ASSIGNMENT((#670));
#672=STYLED_ITEM('',(#671),#669);
#673=DIRECTION('',(0.E0,0.E0,1.E0));
#674=VECTOR('',#673,7.75E-1);
#675=CARTESIAN_POINT('',(9.E-1,6.8E-1,-4.55E0));
#676=LINE('942',#675,#674);
#677=CURVE_STYLE('',#19,POSITIVE_LENGTH_MEASURE(2.E-2),#297);
#678=PRESENTATION_STYLE_ASSIGNMENT((#677));
#679=STYLED_ITEM('',(#678),#676);
#680=DIRECTION('',(0.E0,0.E0,1.E0));
#681=VECTOR('',#680,2.05E0);
#682=CARTESIAN_POINT('',(1.5E-1,6.8E-1,-3.375E0));
#683=LINE('621',#682,#681);
#684=CURVE_STYLE('',#19,POSITIVE_LENGTH_MEASURE(2.E-2),#297);
#685=PRESENTATION_STYLE_ASSIGNMENT((#684));
#686=STYLED_ITEM('',(#685),#683);
#687=CARTESIAN_POINT('',(9.E-1,4.8E-1,-9.25E-1));
#688=DIRECTION('',(0.E0,0.E0,1.E0));
#689=DIRECTION('',(0.E0,1.E0,0.E0));
#690=AXIS2_PLACEMENT_3D('',#687,#688,#689);
#692=CURVE_STYLE('',#19,POSITIVE_LENGTH_MEASURE(2.E-2),#297);
#693=PRESENTATION_STYLE_ASSIGNMENT((#692));
#694=STYLED_ITEM('',(#693),#691);
#695=CARTESIAN_POINT('',(9.E-1,4.8E-1,-1.5E-1));
#696=DIRECTION('',(0.E0,0.E0,-1.E0));
#697=DIRECTION('',(-1.E0,0.E0,0.E0));
#698=AXIS2_PLACEMENT_3D('',#695,#696,#697);
#700=CURVE_STYLE('',#19,POSITIVE_LENGTH_MEASURE(2.E-2),#297);
#701=PRESENTATION_STYLE_ASSIGNMENT((#700));
#702=STYLED_ITEM('',(#701),#699);
#703=CARTESIAN_POINT('',(5.5E-1,1.5E-1,-9.25E-1));
#704=DIRECTION('',(0.E0,0.E0,-1.E0));
#705=DIRECTION('',(1.E0,0.E0,0.E0));
#706=AXIS2_PLACEMENT_3D('',#703,#704,#705);
#708=CURVE_STYLE('',#19,POSITIVE_LENGTH_MEASURE(2.E-2),#297);
#709=PRESENTATION_STYLE_ASSIGNMENT((#708));
#710=STYLED_ITEM('',(#709),#707);
#711=DIRECTION('',(0.E0,1.E0,0.E0));
#712=VECTOR('',#711,3.3E-1);
#713=CARTESIAN_POINT('',(7.E-1,1.5E-1,-9.25E-1));
#714=LINE('1324',#713,#712);
#715=CURVE_STYLE('',#19,POSITIVE_LENGTH_MEASURE(2.E-2),#297);
#716=PRESENTATION_STYLE_ASSIGNMENT((#715));
#717=STYLED_ITEM('',(#716),#714);
#718=DIRECTION('',(-1.E0,0.E0,0.E0));
#719=VECTOR('',#718,2.E-1);
#720=CARTESIAN_POINT('',(1.1E0,6.8E-1,-9.25E-1));
#721=LINE('960',#720,#719);
#722=CURVE_STYLE('',#19,POSITIVE_LENGTH_MEASURE(2.E-2),#297);
#723=PRESENTATION_STYLE_ASSIGNMENT((#722));
#724=STYLED_ITEM('',(#723),#721);
#725=CARTESIAN_POINT('',(9.E-1,4.8E-1,-9.25E-1));
#726=DIRECTION('',(0.E0,0.E0,-1.E0));
#727=DIRECTION('',(-1.E0,0.E0,0.E0));
#728=AXIS2_PLACEMENT_3D('',#725,#726,#727);
#730=CURVE_STYLE('',#19,POSITIVE_LENGTH_MEASURE(2.E-2),#297);
#731=PRESENTATION_STYLE_ASSIGNMENT((#730));
#732=STYLED_ITEM('',(#731),#729);
#733=DIRECTION('',(0.E0,-1.E0,0.E0));
#734=VECTOR('',#733,3.3E-1);
#735=CARTESIAN_POINT('',(5.5E-1,4.8E-1,-9.25E-1));
#736=LINE('1063',#735,#734);
#737=CURVE_STYLE('',#19,POSITIVE_LENGTH_MEASURE(2.E-2),#297);
#738=PRESENTATION_STYLE_ASSIGNMENT((#737));
#739=STYLED_ITEM('',(#738),#736);
#740=DIRECTION('',(1.E0,0.E0,0.E0));
#741=VECTOR('',#740,5.5E-1);
#742=CARTESIAN_POINT('',(0.E0,1.5E-1,-9.25E-1));
#743=LINE('450',#742,#741);
#744=CURVE_STYLE('',#19,POSITIVE_LENGTH_MEASURE(2.E-2),#297);
#745=PRESENTATION_STYLE_ASSIGNMENT((#744));
#746=STYLED_ITEM('',(#745),#743);
#747=CARTESIAN_POINT('',(5.5E-1,1.5E-1,-1.5E-1));
#748=DIRECTION('',(0.E0,0.E0,1.E0));
#749=DIRECTION('',(0.E0,-1.E0,0.E0));
#750=AXIS2_PLACEMENT_3D('',#747,#748,#749);
#752=CURVE_STYLE('',#19,POSITIVE_LENGTH_MEASURE(2.E-2),#297);
#753=PRESENTATION_STYLE_ASSIGNMENT((#752));
#754=STYLED_ITEM('',(#753),#751);
#755=DIRECTION('',(-1.E0,0.E0,0.E0));
#756=VECTOR('',#755,5.5E-1);
#757=CARTESIAN_POINT('',(5.5E-1,1.5E-1,-1.5E-1));
#758=LINE('446',#757,#756);
#759=CURVE_STYLE('',#19,POSITIVE_LENGTH_MEASURE(2.E-2),#297);
#760=PRESENTATION_STYLE_ASSIGNMENT((#759));
#761=STYLED_ITEM('',(#760),#758);
#762=DIRECTION('',(0.E0,-1.E0,0.E0));
#763=VECTOR('',#762,3.3E-1);
#764=CARTESIAN_POINT('',(5.5E-1,4.8E-1,-1.5E-1));
#765=LINE('1061',#764,#763);
#766=CURVE_STYLE('',#19,POSITIVE_LENGTH_MEASURE(2.E-2),#297);
#767=PRESENTATION_STYLE_ASSIGNMENT((#766));
#768=STYLED_ITEM('',(#767),#765);
#769=CARTESIAN_POINT('',(9.E-1,4.8E-1,-1.5E-1));
#770=DIRECTION('',(0.E0,0.E0,1.E0));
#771=DIRECTION('',(0.E0,1.E0,0.E0));
#772=AXIS2_PLACEMENT_3D('',#769,#770,#771);
#774=CURVE_STYLE('',#19,POSITIVE_LENGTH_MEASURE(2.E-2),#297);
#775=PRESENTATION_STYLE_ASSIGNMENT((#774));
#776=STYLED_ITEM('',(#775),#773);
#777=DIRECTION('',(0.E0,1.E0,0.E0));
#778=VECTOR('',#777,1.5E-1);
#779=CARTESIAN_POINT('',(5.7E0,6.8E-1,-1.5E-1));
#780=LINE('602',#779,#778);
#781=CURVE_STYLE('',#19,POSITIVE_LENGTH_MEASURE(2.E-2),#297);
#782=PRESENTATION_STYLE_ASSIGNMENT((#781));
#783=STYLED_ITEM('',(#782),#780);
#784=DIRECTION('',(-1.E0,0.E0,0.E0));
#785=VECTOR('',#784,4.8E0);
#786=CARTESIAN_POINT('',(5.7E0,6.8E-1,-1.5E-1));
#787=LINE('956',#786,#785);
#788=CURVE_STYLE('',#19,POSITIVE_LENGTH_MEASURE(2.E-2),#297);
#789=PRESENTATION_STYLE_ASSIGNMENT((#788));
#790=STYLED_ITEM('',(#789),#787);
#791=DIRECTION('',(0.E0,1.E0,0.E0));
#792=VECTOR('',#791,3.3E-1);
#793=CARTESIAN_POINT('',(7.E-1,1.5E-1,-1.5E-1));
#794=LINE('1322',#793,#792);
#795=CURVE_STYLE('',#19,POSITIVE_LENGTH_MEASURE(2.E-2),#297);
#796=PRESENTATION_STYLE_ASSIGNMENT((#795));
#797=STYLED_ITEM('',(#796),#794);
#798=DIRECTION('',(0.E0,0.E0,1.E0));
#799=VECTOR('',#798,7.75E-1);
#800=CARTESIAN_POINT('',(5.5E-1,0.E0,-4.55E0));
#801=LINE('1286',#800,#799);
#802=CURVE_STYLE('',#19,POSITIVE_LENGTH_MEASURE(2.E-2),#297);
#803=PRESENTATION_STYLE_ASSIGNMENT((#802));
#804=STYLED_ITEM('',(#803),#801);
#805=DIRECTION('',(1.E0,0.E0,0.E0));
#806=VECTOR('',#805,5.5E-1);
#807=CARTESIAN_POINT('',(0.E0,0.E0,-4.55E0));
#808=LINE('1309',#807,#806);
#809=CURVE_STYLE('',#19,POSITIVE_LENGTH_MEASURE(2.E-2),#297);
#810=PRESENTATION_STYLE_ASSIGNMENT((#809));
#811=STYLED_ITEM('',(#810),#808);
#812=DIRECTION('',(0.E0,0.E0,1.E0));
#813=VECTOR('',#812,7.75E-1);
#814=CARTESIAN_POINT('',(0.E0,0.E0,-4.55E0));
#815=LINE('345',#814,#813);
#816=CURVE_STYLE('',#19,POSITIVE_LENGTH_MEASURE(2.E-2),#297);
#817=PRESENTATION_STYLE_ASSIGNMENT((#816));
#818=STYLED_ITEM('',(#817),#815);
#819=DIRECTION('',(1.E0,0.E0,0.E0));
#820=VECTOR('',#819,5.5E-1);
#821=CARTESIAN_POINT('',(0.E0,0.E0,-3.775E0));
#822=LINE('1305',#821,#820);
#823=CURVE_STYLE('',#19,POSITIVE_LENGTH_MEASURE(2.E-2),#297);
#824=PRESENTATION_STYLE_ASSIGNMENT((#823));
#825=STYLED_ITEM('',(#824),#822);
#826=DIRECTION('',(0.E0,0.E0,1.E0));
#827=VECTOR('',#826,7.75E-1);
#828=CARTESIAN_POINT('',(5.5E-1,0.E0,-9.25E-1));
#829=LINE('1290',#828,#827);
#830=CURVE_STYLE('',#19,POSITIVE_LENGTH_MEASURE(2.E-2),#297);
#831=PRESENTATION_STYLE_ASSIGNMENT((#830));
#832=STYLED_ITEM('',(#831),#829);
#833=DIRECTION('',(1.E0,0.E0,0.E0));
#834=VECTOR('',#833,5.5E-1);
#835=CARTESIAN_POINT('',(0.E0,0.E0,-9.25E-1));
#836=LINE('1306',#835,#834);
#837=CURVE_STYLE('',#19,POSITIVE_LENGTH_MEASURE(2.E-2),#297);
#838=PRESENTATION_STYLE_ASSIGNMENT((#837));
#839=STYLED_ITEM('',(#838),#836);
#840=DIRECTION('',(0.E0,0.E0,1.E0));
#841=VECTOR('',#840,7.75E-1);
#842=CARTESIAN_POINT('',(0.E0,0.E0,-9.25E-1));
#843=LINE('347',#842,#841);
#844=CURVE_STYLE('',#19,POSITIVE_LENGTH_MEASURE(2.E-2),#297);
#845=PRESENTATION_STYLE_ASSIGNMENT((#844));
#846=STYLED_ITEM('',(#845),#843);
#847=DIRECTION('',(1.E0,0.E0,0.E0));
#848=VECTOR('',#847,5.5E-1);
#849=CARTESIAN_POINT('',(0.E0,0.E0,-1.5E-1));
#850=LINE('1310',#849,#848);
#851=CURVE_STYLE('',#19,POSITIVE_LENGTH_MEASURE(2.E-2),#297);
#852=PRESENTATION_STYLE_ASSIGNMENT((#851));
#853=STYLED_ITEM('',(#852),#850);
#854=DIRECTION('',(0.E0,0.E0,-1.E0));
#855=VECTOR('',#854,8.5E-1);
#856=CARTESIAN_POINT('',(7.8E0,0.E0,-1.925E0));
#857=LINE('1294',#856,#855);
#858=CURVE_STYLE('',#19,POSITIVE_LENGTH_MEASURE(2.E-2),#297);
#859=PRESENTATION_STYLE_ASSIGNMENT((#858));
#860=STYLED_ITEM('',(#859),#857);
#861=DIRECTION('',(-1.E0,0.E0,0.E0));
#862=VECTOR('',#861,5.5E-1);
#863=CARTESIAN_POINT('',(8.35E0,0.E0,-1.925E0));
#864=LINE('1307',#863,#862);
#865=CURVE_STYLE('',#19,POSITIVE_LENGTH_MEASURE(2.E-2),#297);
#866=PRESENTATION_STYLE_ASSIGNMENT((#865));
#867=STYLED_ITEM('',(#866),#864);
#868=DIRECTION('',(0.E0,0.E0,-1.E0));
#869=VECTOR('',#868,8.5E-1);
#870=CARTESIAN_POINT('',(8.35E0,0.E0,-1.925E0));
#871=LINE('330',#870,#869);
#872=CURVE_STYLE('',#19,POSITIVE_LENGTH_MEASURE(2.E-2),#297);
#873=PRESENTATION_STYLE_ASSIGNMENT((#872));
#874=STYLED_ITEM('',(#873),#871);
#875=DIRECTION('',(-1.E0,0.E0,0.E0));
#876=VECTOR('',#875,5.5E-1);
#877=CARTESIAN_POINT('',(8.35E0,0.E0,-2.775E0));
#878=LINE('1308',#877,#876);
#879=CURVE_STYLE('',#19,POSITIVE_LENGTH_MEASURE(2.E-2),#297);
#880=PRESENTATION_STYLE_ASSIGNMENT((#879));
#881=STYLED_ITEM('',(#880),#878);
#882=CARTESIAN_POINT('',(5.5E-1,1.5E-1,-3.775E0));
#883=DIRECTION('',(0.E0,0.E0,1.E0));
#884=DIRECTION('',(0.E0,-1.E0,0.E0));
#885=AXIS2_PLACEMENT_3D('',#882,#883,#884);
#887=CURVE_STYLE('',#19,POSITIVE_LENGTH_MEASURE(2.E-2),#297);
#888=PRESENTATION_STYLE_ASSIGNMENT((#887));
#889=STYLED_ITEM('',(#888),#886);
#890=DIRECTION('',(-1.E0,0.E0,0.E0));
#891=VECTOR('',#890,5.5E-1);
#892=CARTESIAN_POINT('',(5.5E-1,1.5E-1,-3.775E0));
#893=LINE('448',#892,#891);
#894=CURVE_STYLE('',#19,POSITIVE_LENGTH_MEASURE(2.E-2),#297);
#895=PRESENTATION_STYLE_ASSIGNMENT((#894));
#896=STYLED_ITEM('',(#895),#893);
#897=DIRECTION('',(0.E0,-1.E0,0.E0));
#898=VECTOR('',#897,3.3E-1);
#899=CARTESIAN_POINT('',(5.5E-1,4.8E-1,-3.775E0));
#900=LINE('1062',#899,#898);
#901=CURVE_STYLE('',#19,POSITIVE_LENGTH_MEASURE(2.E-2),#297);
#902=PRESENTATION_STYLE_ASSIGNMENT((#901));
#903=STYLED_ITEM('',(#902),#900);
#904=CARTESIAN_POINT('',(9.E-1,4.8E-1,-3.775E0));
#905=DIRECTION('',(0.E0,0.E0,1.E0));
#906=DIRECTION('',(0.E0,1.E0,0.E0));
#907=AXIS2_PLACEMENT_3D('',#904,#905,#906);
#909=CURVE_STYLE('',#19,POSITIVE_LENGTH_MEASURE(2.E-2),#297);
#910=PRESENTATION_STYLE_ASSIGNMENT((#909));
#911=STYLED_ITEM('',(#910),#908);
#912=DIRECTION('',(0.E0,1.E0,0.E0));
#913=VECTOR('',#912,1.5E-1);
#914=CARTESIAN_POINT('',(1.1E0,6.8E-1,-3.775E0));
#915=LINE('605',#914,#913);
#916=CURVE_STYLE('',#19,POSITIVE_LENGTH_MEASURE(2.E-2),#297);
#917=PRESENTATION_STYLE_ASSIGNMENT((#916));
#918=STYLED_ITEM('',(#917),#915);
#919=DIRECTION('',(-1.E0,0.E0,0.E0));
#920=VECTOR('',#919,2.E-1);
#921=CARTESIAN_POINT('',(1.1E0,6.8E-1,-3.775E0));
#922=LINE('958',#921,#920);
#923=CURVE_STYLE('',#19,POSITIVE_LENGTH_MEASURE(2.E-2),#297);
#924=PRESENTATION_STYLE_ASSIGNMENT((#923));
#925=STYLED_ITEM('',(#924),#922);
#926=DIRECTION('',(0.E0,1.E0,0.E0));
#927=VECTOR('',#926,3.3E-1);
#928=CARTESIAN_POINT('',(7.E-1,1.5E-1,-3.775E0));
#929=LINE('1323',#928,#927);
#930=CURVE_STYLE('',#19,POSITIVE_LENGTH_MEASURE(2.E-2),#297);
#931=PRESENTATION_STYLE_ASSIGNMENT((#930));
#932=STYLED_ITEM('',(#931),#929);
#933=DIRECTION('',(0.E0,0.E0,1.E0));
#934=VECTOR('',#933,7.75E-1);
#935=CARTESIAN_POINT('',(0.E0,1.5E-1,-4.55E0));
#936=LINE('442',#935,#934);
#937=CURVE_STYLE('',#19,POSITIVE_LENGTH_MEASURE(2.E-2),#297);
#938=PRESENTATION_STYLE_ASSIGNMENT((#937));
#939=STYLED_ITEM('',(#938),#936);
#940=DIRECTION('',(0.E0,1.E0,0.E0));
#941=VECTOR('',#940,1.5E-1);
#942=CARTESIAN_POINT('',(0.E0,0.E0,-3.775E0));
#943=LINE('464',#942,#941);
#944=CURVE_STYLE('',#19,POSITIVE_LENGTH_MEASURE(2.E-2),#297);
#945=PRESENTATION_STYLE_ASSIGNMENT((#944));
#946=STYLED_ITEM('',(#945),#943);
#947=DIRECTION('',(0.E0,1.E0,0.E0));
#948=VECTOR('',#947,1.5E-1);
#949=CARTESIAN_POINT('',(0.E0,0.E0,-4.55E0));
#950=LINE('456',#949,#948);
#951=CURVE_STYLE('',#19,POSITIVE_LENGTH_MEASURE(2.E-2),#297);
#952=PRESENTATION_STYLE_ASSIGNMENT((#951));
#953=STYLED_ITEM('',(#952),#950);
#954=DIRECTION('',(0.E0,0.E0,1.E0));
#955=VECTOR('',#954,7.75E-1);
#956=CARTESIAN_POINT('',(0.E0,1.5E-1,-9.25E-1));
#957=LINE('443',#956,#955);
#958=CURVE_STYLE('',#19,POSITIVE_LENGTH_MEASURE(2.E-2),#297);
#959=PRESENTATION_STYLE_ASSIGNMENT((#958));
#960=STYLED_ITEM('',(#959),#957);
#961=DIRECTION('',(0.E0,1.E0,0.E0));
#962=VECTOR('',#961,1.5E-1);
#963=CARTESIAN_POINT('',(0.E0,0.E0,-1.5E-1));
#964=LINE('457',#963,#962);
#965=CURVE_STYLE('',#19,POSITIVE_LENGTH_MEASURE(2.E-2),#297);
#966=PRESENTATION_STYLE_ASSIGNMENT((#965));
#967=STYLED_ITEM('',(#966),#964);
#968=DIRECTION('',(0.E0,1.E0,0.E0));
#969=VECTOR('',#968,1.5E-1);
#970=CARTESIAN_POINT('',(0.E0,0.E0,-9.25E-1));
#971=LINE('465',#970,#969);
#972=CURVE_STYLE('',#19,POSITIVE_LENGTH_MEASURE(2.E-2),#297);
#973=PRESENTATION_STYLE_ASSIGNMENT((#972));
#974=STYLED_ITEM('',(#973),#971);
#975=DIRECTION('',(0.E0,0.E0,1.E0));
#976=VECTOR('',#975,2.05E0);
#977=CARTESIAN_POINT('',(0.E0,6.8E-1,-3.375E0));
#978=LINE('1280',#977,#976);
#979=CURVE_STYLE('',#19,POSITIVE_LENGTH_MEASURE(2.E-2),#297);
#980=PRESENTATION_STYLE_ASSIGNMENT((#979));
#981=STYLED_ITEM('',(#980),#978);
#982=DIRECTION('',(0.E0,1.E0,0.E0));
#983=VECTOR('',#982,3.8E-1);
#984=CARTESIAN_POINT('',(0.E0,3.E-1,-1.325E0));
#985=LINE('1316',#984,#983);
#986=CURVE_STYLE('',#19,POSITIVE_LENGTH_MEASURE(2.E-2),#297);
#987=PRESENTATION_STYLE_ASSIGNMENT((#986));
#988=STYLED_ITEM('',(#987),#985);
#989=DIRECTION('',(0.E0,0.E0,1.E0));
#990=VECTOR('',#989,2.05E0);
#991=CARTESIAN_POINT('',(0.E0,3.E-1,-3.375E0));
#992=LINE('695',#991,#990);
#993=CURVE_STYLE('',#19,POSITIVE_LENGTH_MEASURE(2.E-2),#297);
#994=PRESENTATION_STYLE_ASSIGNMENT((#993));
#995=STYLED_ITEM('',(#994),#992);
#996=DIRECTION('',(0.E0,1.E0,0.E0));
#997=VECTOR('',#996,3.8E-1);
#998=CARTESIAN_POINT('',(0.E0,3.E-1,-3.375E0));
#999=LINE('1315',#998,#997);
#1000=CURVE_STYLE('',#19,POSITIVE_LENGTH_MEASURE(2.E-2),#297);
#1001=PRESENTATION_STYLE_ASSIGNMENT((#1000));
#1002=STYLED_ITEM('',(#1001),#999);
#1003=DIRECTION('',(0.E0,0.E0,1.E0));
#1004=VECTOR('',#1003,8.5E-1);
#1005=CARTESIAN_POINT('',(7.8E0,1.5E-1,-2.775E0));
#1006=LINE('470',#1005,#1004);
#1007=CURVE_STYLE('',#19,POSITIVE_LENGTH_MEASURE(2.E-2),#297);
#1008=PRESENTATION_STYLE_ASSIGNMENT((#1007));
#1009=STYLED_ITEM('',(#1008),#1006);
#1010=DIRECTION('',(0.E0,0.E0,-1.E0));
#1011=VECTOR('',#1010,7.75E-1);
#1012=CARTESIAN_POINT('',(5.5E-1,1.5E-1,-3.775E0));
#1013=LINE('468',#1012,#1011);
#1014=CURVE_STYLE('',#19,POSITIVE_LENGTH_MEASURE(2.E-2),#297);
#1015=PRESENTATION_STYLE_ASSIGNMENT((#1014));
#1016=STYLED_ITEM('',(#1015),#1013);
#1017=DIRECTION('',(0.E0,0.E0,-1.E0));
#1018=VECTOR('',#1017,7.75E-1);
#1019=CARTESIAN_POINT('',(5.5E-1,1.5E-1,-1.5E-1));
#1020=LINE('469',#1019,#1018);
#1021=CURVE_STYLE('',#19,POSITIVE_LENGTH_MEASURE(2.E-2),#297);
#1022=PRESENTATION_STYLE_ASSIGNMENT((#1021));
#1023=STYLED_ITEM('',(#1022),#1020);
#1024=DIRECTION('',(0.E0,0.E0,-1.E0));
#1025=VECTOR('',#1024,8.5E-1);
#1026=CARTESIAN_POINT('',(8.35E0,1.5E-1,-1.925E0));
#1027=LINE('441',#1026,#1025);
#1028=CURVE_STYLE('',#19,POSITIVE_LENGTH_MEASURE(2.E-2),#297);
#1029=PRESENTATION_STYLE_ASSIGNMENT((#1028));
#1030=STYLED_ITEM('',(#1029),#1027);
#1031=DIRECTION('',(0.E0,1.E0,0.E0));
#1032=VECTOR('',#1031,1.5E-1);
#1033=CARTESIAN_POINT('',(8.35E0,0.E0,-2.775E0));
#1034=LINE('463',#1033,#1032);
#1035=CURVE_STYLE('',#19,POSITIVE_LENGTH_MEASURE(2.E-2),#297);
#1036=PRESENTATION_STYLE_ASSIGNMENT((#1035));
#1037=STYLED_ITEM('',(#1036),#1034);
#1038=DIRECTION('',(0.E0,1.E0,0.E0));
#1039=VECTOR('',#1038,1.5E-1);
#1040=CARTESIAN_POINT('',(8.35E0,0.E0,-1.925E0));
#1041=LINE('462',#1040,#1039);
#1042=CURVE_STYLE('',#19,POSITIVE_LENGTH_MEASURE(2.E-2),#297);
#1043=PRESENTATION_STYLE_ASSIGNMENT((#1042));
#1044=STYLED_ITEM('',(#1043),#1041);
#1045=DIRECTION('',(0.E0,0.E0,-1.E0));
#1046=VECTOR('',#1045,1.225E0);
#1047=CARTESIAN_POINT('',(8.35E0,6.8E-1,-3.175E0));
#1048=LINE('1264',#1047,#1046);
#1049=CURVE_STYLE('',#19,POSITIVE_LENGTH_MEASURE(2.E-2),#297);
#1050=PRESENTATION_STYLE_ASSIGNMENT((#1049));
#1051=STYLED_ITEM('',(#1050),#1048);
#1052=DIRECTION('',(0.E0,1.E0,0.E0));
#1053=VECTOR('',#1052,3.8E-1);
#1054=CARTESIAN_POINT('',(8.35E0,3.E-1,-4.4E0));
#1055=LINE('1312',#1054,#1053);
#1056=CURVE_STYLE('',#19,POSITIVE_LENGTH_MEASURE(2.E-2),#297);
#1057=PRESENTATION_STYLE_ASSIGNMENT((#1056));
#1058=STYLED_ITEM('',(#1057),#1055);
#1059=DIRECTION('',(0.E0,0.E0,-1.E0));
#1060=VECTOR('',#1059,1.225E0);
#1061=CARTESIAN_POINT('',(8.35E0,3.E-1,-3.175E0));
#1062=LINE('694',#1061,#1060);
#1063=CURVE_STYLE('',#19,POSITIVE_LENGTH_MEASURE(2.E-2),#297);
#1064=PRESENTATION_STYLE_ASSIGNMENT((#1063));
#1065=STYLED_ITEM('',(#1064),#1062);
#1066=DIRECTION('',(0.E0,1.E0,0.E0));
#1067=VECTOR('',#1066,3.8E-1);
#1068=CARTESIAN_POINT('',(8.35E0,3.E-1,-3.175E0));
#1069=LINE('1314',#1068,#1067);
#1070=CURVE_STYLE('',#19,POSITIVE_LENGTH_MEASURE(2.E-2),#297);
#1071=PRESENTATION_STYLE_ASSIGNMENT((#1070));
#1072=STYLED_ITEM('',(#1071),#1069);
#1073=DIRECTION('',(0.E0,0.E0,-1.E0));
#1074=VECTOR('',#1073,1.225E0);
#1075=CARTESIAN_POINT('',(8.35E0,6.8E-1,-3.E-1));
#1076=LINE('1268',#1075,#1074);
#1077=CURVE_STYLE('',#19,POSITIVE_LENGTH_MEASURE(2.E-2),#297);
#1078=PRESENTATION_STYLE_ASSIGNMENT((#1077));
#1079=STYLED_ITEM('',(#1078),#1076);
#1080=DIRECTION('',(0.E0,1.E0,0.E0));
#1081=VECTOR('',#1080,3.8E-1);
#1082=CARTESIAN_POINT('',(8.35E0,3.E-1,-1.525E0));
#1083=LINE('1313',#1082,#1081);
#1084=CURVE_STYLE('',#19,POSITIVE_LENGTH_MEASURE(2.E-2),#297);
#1085=PRESENTATION_STYLE_ASSIGNMENT((#1084));
#1086=STYLED_ITEM('',(#1085),#1083);
#1087=DIRECTION('',(0.E0,0.E0,-1.E0));
#1088=VECTOR('',#1087,1.225E0);
#1089=CARTESIAN_POINT('',(8.35E0,3.E-1,-3.E-1));
#1090=LINE('693',#1089,#1088);
#1091=CURVE_STYLE('',#19,POSITIVE_LENGTH_MEASURE(2.E-2),#297);
#1092=PRESENTATION_STYLE_ASSIGNMENT((#1091));
#1093=STYLED_ITEM('',(#1092),#1090);
#1094=DIRECTION('',(0.E0,1.E0,0.E0));
#1095=VECTOR('',#1094,3.8E-1);
#1096=CARTESIAN_POINT('',(8.35E0,3.E-1,-3.E-1));
#1097=LINE('1311',#1096,#1095);
#1098=CURVE_STYLE('',#19,POSITIVE_LENGTH_MEASURE(2.E-2),#297);
#1099=PRESENTATION_STYLE_ASSIGNMENT((#1098));
#1100=STYLED_ITEM('',(#1099),#1097);
#1101=CARTESIAN_POINT('',(7.8E0,1.5E-1,-2.775E0));
#1102=DIRECTION('',(0.E0,0.E0,-1.E0));
#1103=DIRECTION('',(0.E0,-1.E0,0.E0));
#1104=AXIS2_PLACEMENT_3D('',#1101,#1102,#1103);
#1106=CURVE_STYLE('',#19,POSITIVE_LENGTH_MEASURE(2.E-2),#297);
#1107=PRESENTATION_STYLE_ASSIGNMENT((#1106));
#1108=STYLED_ITEM('',(#1107),#1105);
#1109=DIRECTION('',(1.E0,0.E0,0.E0));
#1110=VECTOR('',#1109,5.5E-1);
#1111=CARTESIAN_POINT('',(7.8E0,1.5E-1,-2.775E0));
#1112=LINE('454',#1111,#1110);
#1113=CURVE_STYLE('',#19,POSITIVE_LENGTH_MEASURE(2.E-2),#297);
#1114=PRESENTATION_STYLE_ASSIGNMENT((#1113));
#1115=STYLED_ITEM('',(#1114),#1112);
#1116=DIRECTION('',(0.E0,-1.E0,0.E0));
#1117=VECTOR('',#1116,3.3E-1);
#1118=CARTESIAN_POINT('',(7.8E0,4.8E-1,-2.775E0));
#1119=LINE('1065',#1118,#1117);
#1120=CURVE_STYLE('',#19,POSITIVE_LENGTH_MEASURE(2.E-2),#297);
#1121=PRESENTATION_STYLE_ASSIGNMENT((#1120));
#1122=STYLED_ITEM('',(#1121),#1119);
#1123=CARTESIAN_POINT('',(7.45E0,4.8E-1,-2.775E0));
#1124=DIRECTION('',(0.E0,0.E0,-1.E0));
#1125=DIRECTION('',(0.E0,1.E0,0.E0));
#1126=AXIS2_PLACEMENT_3D('',#1123,#1124,#1125);
#1128=CURVE_STYLE('',#19,POSITIVE_LENGTH_MEASURE(2.E-2),#297);
#1129=PRESENTATION_STYLE_ASSIGNMENT((#1128));
#1130=STYLED_ITEM('',(#1129),#1127);
#1131=DIRECTION('',(0.E0,1.E0,0.E0));
#1132=VECTOR('',#1131,1.5E-1);
#1133=CARTESIAN_POINT('',(7.25E0,6.8E-1,-2.775E0));
#1134=LINE('617',#1133,#1132);
#1135=CURVE_STYLE('',#19,POSITIVE_LENGTH_MEASURE(2.E-2),#297);
#1136=PRESENTATION_STYLE_ASSIGNMENT((#1135));
#1137=STYLED_ITEM('',(#1136),#1134);
#1138=DIRECTION('',(1.E0,0.E0,0.E0));
#1139=VECTOR('',#1138,2.E-1);
#1140=CARTESIAN_POINT('',(7.25E0,6.8E-1,-2.775E0));
#1141=LINE('964',#1140,#1139);
#1142=CURVE_STYLE('',#19,POSITIVE_LENGTH_MEASURE(2.E-2),#297);
#1143=PRESENTATION_STYLE_ASSIGNMENT((#1142));
#1144=STYLED_ITEM('',(#1143),#1141);
#1145=DIRECTION('',(0.E0,1.E0,0.E0));
#1146=VECTOR('',#1145,3.3E-1);
#1147=CARTESIAN_POINT('',(7.65E0,1.5E-1,-2.775E0));
#1148=LINE('1326',#1147,#1146);
#1149=CURVE_STYLE('',#19,POSITIVE_LENGTH_MEASURE(2.E-2),#297);
#1150=PRESENTATION_STYLE_ASSIGNMENT((#1149));
#1151=STYLED_ITEM('',(#1150),#1148);
#1152=DIRECTION('',(0.E0,0.E0,-1.E0));
#1153=VECTOR('',#1152,8.5E-1);
#1154=CARTESIAN_POINT('',(7.65E0,1.5E-1,-1.925E0));
#1155=LINE('1292',#1154,#1153);
#1156=CURVE_STYLE('',#19,POSITIVE_LENGTH_MEASURE(2.E-2),#297);
#1157=PRESENTATION_STYLE_ASSIGNMENT((#1156));
#1158=STYLED_ITEM('',(#1157),#1155);
#1159=DIRECTION('',(0.E0,0.E0,-1.E0));
#1160=VECTOR('',#1159,8.5E-1);
#1161=CARTESIAN_POINT('',(7.65E0,4.8E-1,-1.925E0));
#1162=LINE('949',#1161,#1160);
#1163=CURVE_STYLE('',#19,POSITIVE_LENGTH_MEASURE(2.E-2),#297);
#1164=PRESENTATION_STYLE_ASSIGNMENT((#1163));
#1165=STYLED_ITEM('',(#1164),#1162);
#1166=CARTESIAN_POINT('',(7.45E0,4.8E-1,-1.925E0));
#1167=DIRECTION('',(0.E0,0.E0,-1.E0));
#1168=DIRECTION('',(0.E0,1.E0,0.E0));
#1169=AXIS2_PLACEMENT_3D('',#1166,#1167,#1168);
#1171=CURVE_STYLE('',#19,POSITIVE_LENGTH_MEASURE(2.E-2),#297);
#1172=PRESENTATION_STYLE_ASSIGNMENT((#1171));
#1173=STYLED_ITEM('',(#1172),#1170);
#1174=CARTESIAN_POINT('',(7.45E0,4.8E-1,-2.775E0));
#1175=DIRECTION('',(0.E0,0.E0,1.E0));
#1176=DIRECTION('',(1.E0,0.E0,0.E0));
#1177=AXIS2_PLACEMENT_3D('',#1174,#1175,#1176);
#1179=CURVE_STYLE('',#19,POSITIVE_LENGTH_MEASURE(2.E-2),#297);
#1180=PRESENTATION_STYLE_ASSIGNMENT((#1179));
#1181=STYLED_ITEM('',(#1180),#1178);
#1182=CARTESIAN_POINT('',(7.8E0,1.5E-1,-1.925E0));
#1183=DIRECTION('',(0.E0,0.E0,1.E0));
#1184=DIRECTION('',(-1.E0,1.128726741702E-14,0.E0));
#1185=AXIS2_PLACEMENT_3D('',#1182,#1183,#1184);
#1187=CURVE_STYLE('',#19,POSITIVE_LENGTH_MEASURE(2.E-2),#297);
#1188=PRESENTATION_STYLE_ASSIGNMENT((#1187));
#1189=STYLED_ITEM('',(#1188),#1186);
#1190=DIRECTION('',(0.E0,1.E0,0.E0));
#1191=VECTOR('',#1190,3.3E-1);
#1192=CARTESIAN_POINT('',(7.65E0,1.5E-1,-1.925E0));
#1193=LINE('1325',#1192,#1191);
#1194=CURVE_STYLE('',#19,POSITIVE_LENGTH_MEASURE(2.E-2),#297);
#1195=PRESENTATION_STYLE_ASSIGNMENT((#1194));
#1196=STYLED_ITEM('',(#1195),#1193);
#1197=DIRECTION('',(1.E0,0.E0,0.E0));
#1198=VECTOR('',#1197,2.E-1);
#1199=CARTESIAN_POINT('',(7.25E0,6.8E-1,-1.925E0));
#1200=LINE('962',#1199,#1198);
#1201=CURVE_STYLE('',#19,POSITIVE_LENGTH_MEASURE(2.E-2),#297);
#1202=PRESENTATION_STYLE_ASSIGNMENT((#1201));
#1203=STYLED_ITEM('',(#1202),#1200);
#1204=CARTESIAN_POINT('',(7.45E0,4.8E-1,-1.925E0));
#1205=DIRECTION('',(0.E0,0.E0,1.E0));
#1206=DIRECTION('',(1.E0,0.E0,0.E0));
#1207=AXIS2_PLACEMENT_3D('',#1204,#1205,#1206);
#1209=CURVE_STYLE('',#19,POSITIVE_LENGTH_MEASURE(2.E-2),#297);
#1210=PRESENTATION_STYLE_ASSIGNMENT((#1209));
#1211=STYLED_ITEM('',(#1210),#1208);
#1212=DIRECTION('',(0.E0,-1.E0,0.E0));
#1213=VECTOR('',#1212,3.3E-1);
#1214=CARTESIAN_POINT('',(7.8E0,4.8E-1,-1.925E0));
#1215=LINE('1064',#1214,#1213);
#1216=CURVE_STYLE('',#19,POSITIVE_LENGTH_MEASURE(2.E-2),#297);
#1217=PRESENTATION_STYLE_ASSIGNMENT((#1216));
#1218=STYLED_ITEM('',(#1217),#1215);
#1219=DIRECTION('',(-1.E0,0.E0,0.E0));
#1220=VECTOR('',#1219,5.5E-1);
#1221=CARTESIAN_POINT('',(8.35E0,1.5E-1,-1.925E0));
#1222=LINE('452',#1221,#1220);
#1223=CURVE_STYLE('',#19,POSITIVE_LENGTH_MEASURE(2.E-2),#297);
#1224=PRESENTATION_STYLE_ASSIGNMENT((#1223));
#1225=STYLED_ITEM('',(#1224),#1222);
#1226=DIRECTION('',(0.E0,0.E0,1.E0));
#1227=VECTOR('',#1226,4.E-1);
#1228=CARTESIAN_POINT('',(7.25E0,6.8E-1,-1.925E0));
#1229=LINE('582',#1228,#1227);
#1230=CURVE_STYLE('',#19,POSITIVE_LENGTH_MEASURE(2.E-2),#297);
#1231=PRESENTATION_STYLE_ASSIGNMENT((#1230));
#1232=STYLED_ITEM('',(#1231),#1229);
#1233=DIRECTION('',(0.E0,1.E0,0.E0));
#1234=VECTOR('',#1233,1.5E-1);
#1235=CARTESIAN_POINT('',(7.25E0,6.8E-1,-1.925E0));
#1236=LINE('616',#1235,#1234);
#1237=CURVE_STYLE('',#19,POSITIVE_LENGTH_MEASURE(2.E-2),#297);
#1238=PRESENTATION_STYLE_ASSIGNMENT((#1237));
#1239=STYLED_ITEM('',(#1238),#1236);
#1240=CARTESIAN_POINT('',(8.2E0,6.8E-1,-1.525E0));
#1241=DIRECTION('',(0.E0,0.E0,-1.E0));
#1242=DIRECTION('',(0.E0,1.E0,0.E0));
#1243=AXIS2_PLACEMENT_3D('',#1240,#1241,#1242);
#1245=CURVE_STYLE('',#19,POSITIVE_LENGTH_MEASURE(2.E-2),#297);
#1246=PRESENTATION_STYLE_ASSIGNMENT((#1245));
#1247=STYLED_ITEM('',(#1246),#1244);
#1248=DIRECTION('',(0.E0,1.E0,0.E0));
#1249=VECTOR('',#1248,1.5E-1);
#1250=CARTESIAN_POINT('',(7.25E0,6.8E-1,-1.525E0));
#1251=LINE('615',#1250,#1249);
#1252=CURVE_STYLE('',#19,POSITIVE_LENGTH_MEASURE(2.E-2),#297);
#1253=PRESENTATION_STYLE_ASSIGNMENT((#1252));
#1254=STYLED_ITEM('',(#1253),#1251);
#1255=DIRECTION('',(1.E0,0.E0,0.E0));
#1256=VECTOR('',#1255,9.5E-1);
#1257=CARTESIAN_POINT('',(7.25E0,6.8E-1,-1.525E0));
#1258=LINE('577',#1257,#1256);
#1259=CURVE_STYLE('',#19,POSITIVE_LENGTH_MEASURE(2.E-2),#297);
#1260=PRESENTATION_STYLE_ASSIGNMENT((#1259));
#1261=STYLED_ITEM('',(#1260),#1258);
#1262=DIRECTION('',(0.E0,1.E0,0.E0));
#1263=VECTOR('',#1262,3.8E-1);
#1264=CARTESIAN_POINT('',(8.2E0,3.E-1,-1.525E0));
#1265=LINE('715',#1264,#1263);
#1266=CURVE_STYLE('',#19,POSITIVE_LENGTH_MEASURE(2.E-2),#297);
#1267=PRESENTATION_STYLE_ASSIGNMENT((#1266));
#1268=STYLED_ITEM('',(#1267),#1265);
#1269=DIRECTION('',(1.E0,0.E0,0.E0));
#1270=VECTOR('',#1269,1.5E-1);
#1271=CARTESIAN_POINT('',(8.2E0,3.E-1,-1.525E0));
#1272=LINE('700',#1271,#1270);
#1273=CURVE_STYLE('',#19,POSITIVE_LENGTH_MEASURE(2.E-2),#297);
#1274=PRESENTATION_STYLE_ASSIGNMENT((#1273));
#1275=STYLED_ITEM('',(#1274),#1272);
#1276=CARTESIAN_POINT('',(8.2E0,6.8E-1,-3.E-1));
#1277=DIRECTION('',(0.E0,0.E0,1.E0));
#1278=DIRECTION('',(1.E0,0.E0,0.E0));
#1279=AXIS2_PLACEMENT_3D('',#1276,#1277,#1278);
#1281=CURVE_STYLE('',#19,POSITIVE_LENGTH_MEASURE(2.E-2),#297);
#1282=PRESENTATION_STYLE_ASSIGNMENT((#1281));
#1283=STYLED_ITEM('',(#1282),#1280);
#1284=DIRECTION('',(-1.E0,0.E0,0.E0));
#1285=VECTOR('',#1284,1.5E-1);
#1286=CARTESIAN_POINT('',(8.35E0,3.E-1,-3.E-1));
#1287=LINE('698',#1286,#1285);
#1288=CURVE_STYLE('',#19,POSITIVE_LENGTH_MEASURE(2.E-2),#297);
#1289=PRESENTATION_STYLE_ASSIGNMENT((#1288));
#1290=STYLED_ITEM('',(#1289),#1287);
#1291=DIRECTION('',(0.E0,1.E0,0.E0));
#1292=VECTOR('',#1291,3.8E-1);
#1293=CARTESIAN_POINT('',(8.2E0,3.E-1,-3.E-1));
#1294=LINE('713',#1293,#1292);
#1295=CURVE_STYLE('',#19,POSITIVE_LENGTH_MEASURE(2.E-2),#297);
#1296=PRESENTATION_STYLE_ASSIGNMENT((#1295));
#1297=STYLED_ITEM('',(#1296),#1294);
#1298=DIRECTION('',(1.E0,0.E0,0.E0));
#1299=VECTOR('',#1298,1.5E-1);
#1300=CARTESIAN_POINT('',(8.05E0,6.8E-1,-3.E-1));
#1301=LINE('569',#1300,#1299);
#1302=CURVE_STYLE('',#19,POSITIVE_LENGTH_MEASURE(2.E-2),#297);
#1303=PRESENTATION_STYLE_ASSIGNMENT((#1302));
#1304=STYLED_ITEM('',(#1303),#1301);
#1305=DIRECTION('',(0.E0,0.E0,-1.E0));
#1306=VECTOR('',#1305,1.225E0);
#1307=CARTESIAN_POINT('',(8.2E0,3.E-1,-3.E-1));
#1308=LINE('703',#1307,#1306);
#1309=CURVE_STYLE('',#19,POSITIVE_LENGTH_MEASURE(2.E-2),#297);
#1310=PRESENTATION_STYLE_ASSIGNMENT((#1309));
#1311=STYLED_ITEM('',(#1310),#1308);
#1312=DIRECTION('',(0.E0,0.E0,-1.E0));
#1313=VECTOR('',#1312,1.225E0);
#1314=CARTESIAN_POINT('',(8.2E0,3.E-1,-3.175E0));
#1315=LINE('704',#1314,#1313);
#1316=CURVE_STYLE('',#19,POSITIVE_LENGTH_MEASURE(2.E-2),#297);
#1317=PRESENTATION_STYLE_ASSIGNMENT((#1316));
#1318=STYLED_ITEM('',(#1317),#1315);
#1319=CARTESIAN_POINT('',(8.2E0,6.8E-1,-3.175E0));
#1320=DIRECTION('',(0.E0,0.E0,1.E0));
#1321=DIRECTION('',(1.E0,0.E0,0.E0));
#1322=AXIS2_PLACEMENT_3D('',#1319,#1320,#1321);
#1324=CURVE_STYLE('',#19,POSITIVE_LENGTH_MEASURE(2.E-2),#297);
#1325=PRESENTATION_STYLE_ASSIGNMENT((#1324));
#1326=STYLED_ITEM('',(#1325),#1323);
#1327=DIRECTION('',(-1.E0,0.E0,0.E0));
#1328=VECTOR('',#1327,1.5E-1);
#1329=CARTESIAN_POINT('',(8.35E0,3.E-1,-3.175E0));
#1330=LINE('701',#1329,#1328);
#1331=CURVE_STYLE('',#19,POSITIVE_LENGTH_MEASURE(2.E-2),#297);
#1332=PRESENTATION_STYLE_ASSIGNMENT((#1331));
#1333=STYLED_ITEM('',(#1332),#1330);
#1334=DIRECTION('',(0.E0,1.E0,0.E0));
#1335=VECTOR('',#1334,3.8E-1);
#1336=CARTESIAN_POINT('',(8.2E0,3.E-1,-3.175E0));
#1337=LINE('716',#1336,#1335);
#1338=CURVE_STYLE('',#19,POSITIVE_LENGTH_MEASURE(2.E-2),#297);
#1339=PRESENTATION_STYLE_ASSIGNMENT((#1338));
#1340=STYLED_ITEM('',(#1339),#1337);
#1341=DIRECTION('',(-1.E0,0.E0,0.E0));
#1342=VECTOR('',#1341,9.5E-1);
#1343=CARTESIAN_POINT('',(8.2E0,6.8E-1,-3.175E0));
#1344=LINE('585',#1343,#1342);
#1345=CURVE_STYLE('',#19,POSITIVE_LENGTH_MEASURE(2.E-2),#297);
#1346=PRESENTATION_STYLE_ASSIGNMENT((#1345));
#1347=STYLED_ITEM('',(#1346),#1344);
#1348=DIRECTION('',(0.E0,0.E0,1.E0));
#1349=VECTOR('',#1348,4.E-1);
#1350=CARTESIAN_POINT('',(7.25E0,6.8E-1,-3.175E0));
#1351=LINE('588',#1350,#1349);
#1352=CURVE_STYLE('',#19,POSITIVE_LENGTH_MEASURE(2.E-2),#297);
#1353=PRESENTATION_STYLE_ASSIGNMENT((#1352));
#1354=STYLED_ITEM('',(#1353),#1351);
#1355=DIRECTION('',(0.E0,1.E0,0.E0));
#1356=VECTOR('',#1355,1.5E-1);
#1357=CARTESIAN_POINT('',(7.25E0,6.8E-1,-3.175E0));
#1358=LINE('618',#1357,#1356);
#1359=CURVE_STYLE('',#19,POSITIVE_LENGTH_MEASURE(2.E-2),#297);
#1360=PRESENTATION_STYLE_ASSIGNMENT((#1359));
#1361=STYLED_ITEM('',(#1360),#1358);
#1362=CARTESIAN_POINT('',(1.5E-1,6.8E-1,-1.325E0));
#1363=DIRECTION('',(0.E0,0.E0,1.E0));
#1364=DIRECTION('',(0.E0,1.E0,0.E0));
#1365=AXIS2_PLACEMENT_3D('',#1362,#1363,#1364);
#1367=CURVE_STYLE('',#19,POSITIVE_LENGTH_MEASURE(2.E-2),#297);
#1368=PRESENTATION_STYLE_ASSIGNMENT((#1367));
#1369=STYLED_ITEM('',(#1368),#1366);
#1370=DIRECTION('',(0.E0,1.E0,0.E0));
#1371=VECTOR('',#1370,1.5E-1);
#1372=CARTESIAN_POINT('',(1.1E0,6.8E-1,-1.325E0));
#1373=LINE('607',#1372,#1371);
#1374=CURVE_STYLE('',#19,POSITIVE_LENGTH_MEASURE(2.E-2),#297);
#1375=PRESENTATION_STYLE_ASSIGNMENT((#1374));
#1376=STYLED_ITEM('',(#1375),#1373);
#1377=DIRECTION('',(-1.E0,0.E0,0.E0));
#1378=VECTOR('',#1377,9.5E-1);
#1379=CARTESIAN_POINT('',(1.1E0,6.8E-1,-1.325E0));
#1380=LINE('559',#1379,#1378);
#1381=CURVE_STYLE('',#19,POSITIVE_LENGTH_MEASURE(2.E-2),#297);
#1382=PRESENTATION_STYLE_ASSIGNMENT((#1381));
#1383=STYLED_ITEM('',(#1382),#1380);
#1384=DIRECTION('',(0.E0,1.E0,0.E0));
#1385=VECTOR('',#1384,3.8E-1);
#1386=CARTESIAN_POINT('',(1.5E-1,3.E-1,-1.325E0));
#1387=LINE('712',#1386,#1385);
#1388=CURVE_STYLE('',#19,POSITIVE_LENGTH_MEASURE(2.E-2),#297);
#1389=PRESENTATION_STYLE_ASSIGNMENT((#1388));
#1390=STYLED_ITEM('',(#1389),#1387);
#1391=DIRECTION('',(-1.E0,0.E0,0.E0));
#1392=VECTOR('',#1391,1.5E-1);
#1393=CARTESIAN_POINT('',(1.5E-1,3.E-1,-1.325E0));
#1394=LINE('697',#1393,#1392);
#1395=CURVE_STYLE('',#19,POSITIVE_LENGTH_MEASURE(2.E-2),#297);
#1396=PRESENTATION_STYLE_ASSIGNMENT((#1395));
#1397=STYLED_ITEM('',(#1396),#1394);
#1398=CARTESIAN_POINT('',(1.5E-1,6.8E-1,-3.375E0));
#1399=DIRECTION('',(0.E0,0.E0,-1.E0));
#1400=DIRECTION('',(-1.E0,0.E0,0.E0));
#1401=AXIS2_PLACEMENT_3D('',#1398,#1399,#1400);
#1403=CURVE_STYLE('',#19,POSITIVE_LENGTH_MEASURE(2.E-2),#297);
#1404=PRESENTATION_STYLE_ASSIGNMENT((#1403));
#1405=STYLED_ITEM('',(#1404),#1402);
#1406=DIRECTION('',(1.E0,0.E0,0.E0));
#1407=VECTOR('',#1406,1.5E-1);
#1408=CARTESIAN_POINT('',(0.E0,3.E-1,-3.375E0));
#1409=LINE('696',#1408,#1407);
#1410=CURVE_STYLE('',#19,POSITIVE_LENGTH_MEASURE(2.E-2),#297);
#1411=PRESENTATION_STYLE_ASSIGNMENT((#1410));
#1412=STYLED_ITEM('',(#1411),#1409);
#1413=DIRECTION('',(0.E0,1.E0,0.E0));
#1414=VECTOR('',#1413,3.8E-1);
#1415=CARTESIAN_POINT('',(1.5E-1,3.E-1,-3.375E0));
#1416=LINE('711',#1415,#1414);
#1417=CURVE_STYLE('',#19,POSITIVE_LENGTH_MEASURE(2.E-2),#297);
#1418=PRESENTATION_STYLE_ASSIGNMENT((#1417));
#1419=STYLED_ITEM('',(#1418),#1416);
#1420=DIRECTION('',(1.E0,0.E0,0.E0));
#1421=VECTOR('',#1420,9.5E-1);
#1422=CARTESIAN_POINT('',(1.5E-1,6.8E-1,-3.375E0));
#1423=LINE('555',#1422,#1421);
#1424=CURVE_STYLE('',#19,POSITIVE_LENGTH_MEASURE(2.E-2),#297);
#1425=PRESENTATION_STYLE_ASSIGNMENT((#1424));
#1426=STYLED_ITEM('',(#1425),#1423);
#1427=DIRECTION('',(0.E0,0.E0,1.E0));
#1428=VECTOR('',#1427,2.05E0);
#1429=CARTESIAN_POINT('',(1.5E-1,3.E-1,-3.375E0));
#1430=LINE('702',#1429,#1428);
#1431=CURVE_STYLE('',#19,POSITIVE_LENGTH_MEASURE(2.E-2),#297);
#1432=PRESENTATION_STYLE_ASSIGNMENT((#1431));
#1433=STYLED_ITEM('',(#1432),#1430);
#1434=DIRECTION('',(0.E0,0.E0,-1.E0));
#1435=VECTOR('',#1434,4.E-1);
#1436=CARTESIAN_POINT('',(1.1E0,6.8E-1,-3.375E0));
#1437=LINE('558',#1436,#1435);
#1438=CURVE_STYLE('',#19,POSITIVE_LENGTH_MEASURE(2.E-2),#297);
#1439=PRESENTATION_STYLE_ASSIGNMENT((#1438));
#1440=STYLED_ITEM('',(#1439),#1437);
#1441=DIRECTION('',(0.E0,1.E0,0.E0));
#1442=VECTOR('',#1441,1.5E-1);
#1443=CARTESIAN_POINT('',(1.1E0,6.8E-1,-3.375E0));
#1444=LINE('606',#1443,#1442);
#1445=CURVE_STYLE('',#19,POSITIVE_LENGTH_MEASURE(2.E-2),#297);
#1446=PRESENTATION_STYLE_ASSIGNMENT((#1445));
#1447=STYLED_ITEM('',(#1446),#1444);
#1448=DIRECTION('',(0.E0,0.E0,-1.E0));
#1449=VECTOR('',#1448,4.E-1);
#1450=CARTESIAN_POINT('',(1.1E0,6.8E-1,-9.25E-1));
#1451=LINE('564',#1450,#1449);
#1452=CURVE_STYLE('',#19,POSITIVE_LENGTH_MEASURE(2.E-2),#297);
#1453=PRESENTATION_STYLE_ASSIGNMENT((#1452));
#1454=STYLED_ITEM('',(#1453),#1451);
#1455=DIRECTION('',(0.E0,1.E0,0.E0));
#1456=VECTOR('',#1455,1.5E-1);
#1457=CARTESIAN_POINT('',(1.1E0,6.8E-1,-9.25E-1));
#1458=LINE('608',#1457,#1456);
#1459=CURVE_STYLE('',#19,POSITIVE_LENGTH_MEASURE(2.E-2),#297);
#1460=PRESENTATION_STYLE_ASSIGNMENT((#1459));
#1461=STYLED_ITEM('',(#1460),#1458);
#1462=CARTESIAN_POINT('',(8.05E0,6.8E-1,-1.5E-1));
#1463=DIRECTION('',(1.E0,0.E0,0.E0));
#1464=DIRECTION('',(0.E0,1.E0,0.E0));
#1465=AXIS2_PLACEMENT_3D('',#1462,#1463,#1464);
#1467=CURVE_STYLE('',#19,POSITIVE_LENGTH_MEASURE(2.E-2),#297);
#1468=PRESENTATION_STYLE_ASSIGNMENT((#1467));
#1469=STYLED_ITEM('',(#1468),#1466);
#1470=DIRECTION('',(0.E0,1.E0,0.E0));
#1471=VECTOR('',#1470,1.5E-1);
#1472=CARTESIAN_POINT('',(8.05E0,6.8E-1,-3.E-1));
#1473=LINE('613',#1472,#1471);
#1474=CURVE_STYLE('',#19,POSITIVE_LENGTH_MEASURE(2.E-2),#297);
#1475=PRESENTATION_STYLE_ASSIGNMENT((#1474));
#1476=STYLED_ITEM('',(#1475),#1473);
#1477=DIRECTION('',(0.E0,0.E0,1.E0));
#1478=VECTOR('',#1477,1.5E-1);
#1479=CARTESIAN_POINT('',(8.05E0,6.8E-1,-3.E-1));
#1480=LINE('571',#1479,#1478);
#1481=CURVE_STYLE('',#19,POSITIVE_LENGTH_MEASURE(2.E-2),#297);
#1482=PRESENTATION_STYLE_ASSIGNMENT((#1481));
#1483=STYLED_ITEM('',(#1482),#1480);
#1484=DIRECTION('',(0.E0,1.E0,0.E0));
#1485=VECTOR('',#1484,3.8E-1);
#1486=CARTESIAN_POINT('',(8.05E0,3.E-1,-1.5E-1));
#1487=LINE('772',#1486,#1485);
#1488=CURVE_STYLE('',#19,POSITIVE_LENGTH_MEASURE(2.E-2),#297);
#1489=PRESENTATION_STYLE_ASSIGNMENT((#1488));
#1490=STYLED_ITEM('',(#1489),#1487);
#1491=DIRECTION('',(0.E0,0.E0,-1.E0));
#1492=VECTOR('',#1491,1.5E-1);
#1493=CARTESIAN_POINT('',(8.05E0,3.E-1,0.E0));
#1494=LINE('764',#1493,#1492);
#1495=CURVE_STYLE('',#19,POSITIVE_LENGTH_MEASURE(2.E-2),#297);
#1496=PRESENTATION_STYLE_ASSIGNMENT((#1495));
#1497=STYLED_ITEM('',(#1496),#1494);
#1498=DIRECTION('',(1.E0,0.E0,0.E0));
#1499=VECTOR('',#1498,1.95E0);
#1500=CARTESIAN_POINT('',(6.1E0,6.8E-1,0.E0));
#1501=LINE('1272',#1500,#1499);
#1502=CURVE_STYLE('',#19,POSITIVE_LENGTH_MEASURE(2.E-2),#297);
#1503=PRESENTATION_STYLE_ASSIGNMENT((#1502));
#1504=STYLED_ITEM('',(#1503),#1501);
#1505=DIRECTION('',(0.E0,1.E0,0.E0));
#1506=VECTOR('',#1505,3.8E-1);
#1507=CARTESIAN_POINT('',(8.05E0,3.E-1,0.E0));
#1508=LINE('1318',#1507,#1506);
#1509=CURVE_STYLE('',#19,POSITIVE_LENGTH_MEASURE(2.E-2),#297);
#1510=PRESENTATION_STYLE_ASSIGNMENT((#1509));
#1511=STYLED_ITEM('',(#1510),#1508);
#1512=DIRECTION('',(-1.E0,0.E0,0.E0));
#1513=VECTOR('',#1512,9.276537180436E-1);
#1514=CARTESIAN_POINT('',(8.05E0,3.E-1,0.E0));
#1515=LINE('762',#1514,#1513);
#1516=CURVE_STYLE('',#19,POSITIVE_LENGTH_MEASURE(2.E-2),#297);
#1517=PRESENTATION_STYLE_ASSIGNMENT((#1516));
#1518=STYLED_ITEM('',(#1517),#1515);
#1519=DIRECTION('',(-2.588190451025E-1,-9.659258262891E-1,0.E0));
#1520=VECTOR('',#1519,2.795245687107E-1);
#1521=CARTESIAN_POINT('',(7.122346281956E0,3.E-1,0.E0));
#1522=LINE('759',#1521,#1520);
#1523=CURVE_STYLE('',#19,POSITIVE_LENGTH_MEASURE(2.E-2),#297);
#1524=PRESENTATION_STYLE_ASSIGNMENT((#1523));
#1525=STYLED_ITEM('',(#1524),#1522);
#1526=DIRECTION('',(-1.E0,0.E0,0.E0));
#1527=VECTOR('',#1526,8.E-1);
#1528=CARTESIAN_POINT('',(7.05E0,3.E-2,0.E0));
#1529=LINE('760',#1528,#1527);
#1530=CURVE_STYLE('',#19,POSITIVE_LENGTH_MEASURE(2.E-2),#297);
#1531=PRESENTATION_STYLE_ASSIGNMENT((#1530));
#1532=STYLED_ITEM('',(#1531),#1529);
#1533=DIRECTION('',(-2.588190451025E-1,9.659258262891E-1,0.E0));
#1534=VECTOR('',#1533,5.795554957734E-1);
#1535=CARTESIAN_POINT('',(6.25E0,3.E-2,0.E0));
#1536=LINE('761',#1535,#1534);
#1537=CURVE_STYLE('',#19,POSITIVE_LENGTH_MEASURE(2.E-2),#297);
#1538=PRESENTATION_STYLE_ASSIGNMENT((#1537));
#1539=STYLED_ITEM('',(#1538),#1536);
#1540=DIRECTION('',(0.E0,1.E0,0.E0));
#1541=VECTOR('',#1540,9.019237886467E-2);
#1542=CARTESIAN_POINT('',(6.1E0,5.898076211353E-1,0.E0));
#1543=LINE('1317',#1542,#1541);
#1544=CURVE_STYLE('',#19,POSITIVE_LENGTH_MEASURE(2.E-2),#297);
#1545=PRESENTATION_STYLE_ASSIGNMENT((#1544));
#1546=STYLED_ITEM('',(#1545),#1543);
#1547=DIRECTION('',(-2.588190451025E-1,-9.659258262891E-1,0.E0));
#1548=VECTOR('',#1547,2.795245687107E-1);
#1549=CARTESIAN_POINT('',(7.122346281956E0,3.E-1,-1.5E-1));
#1550=LINE('765',#1549,#1548);
#1551=CURVE_STYLE('',#19,POSITIVE_LENGTH_MEASURE(2.E-2),#297);
#1552=PRESENTATION_STYLE_ASSIGNMENT((#1551));
#1553=STYLED_ITEM('',(#1552),#1550);
#1554=DIRECTION('',(-1.E0,0.E0,0.E0));
#1555=VECTOR('',#1554,9.276537180436E-1);
#1556=CARTESIAN_POINT('',(8.05E0,3.E-1,-1.5E-1));
#1557=LINE('768',#1556,#1555);
#1558=CURVE_STYLE('',#19,POSITIVE_LENGTH_MEASURE(2.E-2),#297);
#1559=PRESENTATION_STYLE_ASSIGNMENT((#1558));
#1560=STYLED_ITEM('',(#1559),#1557);
#1561=DIRECTION('',(-2.588190451025E-1,9.659258262891E-1,0.E0));
#1562=VECTOR('',#1561,5.795554957734E-1);
#1563=CARTESIAN_POINT('',(6.25E0,3.E-2,-1.5E-1));
#1564=LINE('767',#1563,#1562);
#1565=CURVE_STYLE('',#19,POSITIVE_LENGTH_MEASURE(2.E-2),#297);
#1566=PRESENTATION_STYLE_ASSIGNMENT((#1565));
#1567=STYLED_ITEM('',(#1566),#1564);
#1568=DIRECTION('',(-1.E0,0.E0,0.E0));
#1569=VECTOR('',#1568,8.E-1);
#1570=CARTESIAN_POINT('',(7.05E0,3.E-2,-1.5E-1));
#1571=LINE('766',#1570,#1569);
#1572=CURVE_STYLE('',#19,POSITIVE_LENGTH_MEASURE(2.E-2),#297);
#1573=PRESENTATION_STYLE_ASSIGNMENT((#1572));
#1574=STYLED_ITEM('',(#1573),#1571);
#1575=DIRECTION('',(0.E0,0.E0,-1.E0));
#1576=VECTOR('',#1575,1.5E-1);
#1577=CARTESIAN_POINT('',(7.122346281956E0,3.E-1,0.E0));
#1578=LINE('773',#1577,#1576);
#1579=CURVE_STYLE('',#19,POSITIVE_LENGTH_MEASURE(2.E-2),#297);
#1580=PRESENTATION_STYLE_ASSIGNMENT((#1579));
#1581=STYLED_ITEM('',(#1580),#1578);
#1582=DIRECTION('',(0.E0,0.E0,-1.E0));
#1583=VECTOR('',#1582,1.5E-1);
#1584=CARTESIAN_POINT('',(7.05E0,3.E-2,0.E0));
#1585=LINE('774',#1584,#1583);
#1586=CURVE_STYLE('',#19,POSITIVE_LENGTH_MEASURE(2.E-2),#297);
#1587=PRESENTATION_STYLE_ASSIGNMENT((#1586));
#1588=STYLED_ITEM('',(#1587),#1585);
#1589=DIRECTION('',(0.E0,0.E0,-1.E0));
#1590=VECTOR('',#1589,1.5E-1);
#1591=CARTESIAN_POINT('',(6.25E0,3.E-2,0.E0));
#1592=LINE('775',#1591,#1590);
#1593=CURVE_STYLE('',#19,POSITIVE_LENGTH_MEASURE(2.E-2),#297);
#1594=PRESENTATION_STYLE_ASSIGNMENT((#1593));
#1595=STYLED_ITEM('',(#1594),#1592);
#1596=CARTESIAN_POINT('',(6.1E0,6.8E-1,-1.5E-1));
#1597=DIRECTION('',(-1.E0,0.E0,0.E0));
#1598=DIRECTION('',(0.E0,0.E0,1.E0));
#1599=AXIS2_PLACEMENT_3D('',#1596,#1597,#1598);
#1601=CURVE_STYLE('',#19,POSITIVE_LENGTH_MEASURE(2.E-2),#297);
#1602=PRESENTATION_STYLE_ASSIGNMENT((#1601));
#1603=STYLED_ITEM('',(#1602),#1600);
#1604=DIRECTION('',(0.E0,0.E0,-1.E0));
#1605=VECTOR('',#1604,1.5E-1);
#1606=CARTESIAN_POINT('',(6.1E0,5.898076211353E-1,0.E0));
#1607=LINE('763',#1606,#1605);
#1608=CURVE_STYLE('',#19,POSITIVE_LENGTH_MEASURE(2.E-2),#297);
#1609=PRESENTATION_STYLE_ASSIGNMENT((#1608));
#1610=STYLED_ITEM('',(#1609),#1607);
#1611=DIRECTION('',(0.E0,1.E0,0.E0));
#1612=VECTOR('',#1611,9.019237886467E-2);
#1613=CARTESIAN_POINT('',(6.1E0,5.898076211353E-1,-1.5E-1));
#1614=LINE('771',#1613,#1612);
#1615=CURVE_STYLE('',#19,POSITIVE_LENGTH_MEASURE(2.E-2),#297);
#1616=PRESENTATION_STYLE_ASSIGNMENT((#1615));
#1617=STYLED_ITEM('',(#1616),#1614);
#1618=DIRECTION('',(0.E0,0.E0,1.E0));
#1619=VECTOR('',#1618,1.5E-1);
#1620=CARTESIAN_POINT('',(6.1E0,6.8E-1,-3.E-1));
#1621=LINE('549',#1620,#1619);
#1622=CURVE_STYLE('',#19,POSITIVE_LENGTH_MEASURE(2.E-2),#297);
#1623=PRESENTATION_STYLE_ASSIGNMENT((#1622));
#1624=STYLED_ITEM('',(#1623),#1621);
#1625=DIRECTION('',(0.E0,0.E0,1.E0));
#1626=VECTOR('',#1625,1.5E-1);
#1627=CARTESIAN_POINT('',(6.1E0,8.3E-1,-3.E-1));
#1628=LINE('1303',#1627,#1626);
#1629=CURVE_STYLE('',#19,POSITIVE_LENGTH_MEASURE(2.E-2),#297);
#1630=PRESENTATION_STYLE_ASSIGNMENT((#1629));
#1631=STYLED_ITEM('',(#1630),#1628);
#1632=DIRECTION('',(-1.E0,0.E0,0.E0));
#1633=VECTOR('',#1632,4.E-1);
#1634=CARTESIAN_POINT('',(6.1E0,6.8E-1,-3.E-1));
#1635=LINE('566',#1634,#1633);
#1636=CURVE_STYLE('',#19,POSITIVE_LENGTH_MEASURE(2.E-2),#297);
#1637=PRESENTATION_STYLE_ASSIGNMENT((#1636));
#1638=STYLED_ITEM('',(#1637),#1635);
#1639=DIRECTION('',(0.E0,1.E0,0.E0));
#1640=VECTOR('',#1639,1.5E-1);
#1641=CARTESIAN_POINT('',(6.1E0,6.8E-1,-3.E-1));
#1642=LINE('610',#1641,#1640);
#1643=CURVE_STYLE('',#19,POSITIVE_LENGTH_MEASURE(2.E-2),#297);
#1644=PRESENTATION_STYLE_ASSIGNMENT((#1643));
#1645=STYLED_ITEM('',(#1644),#1642);
#1646=DIRECTION('',(0.E0,0.E0,1.E0));
#1647=VECTOR('',#1646,1.5E-1);
#1648=CARTESIAN_POINT('',(5.7E0,6.8E-1,-3.E-1));
#1649=LINE('565',#1648,#1647);
#1650=CURVE_STYLE('',#19,POSITIVE_LENGTH_MEASURE(2.E-2),#297);
#1651=PRESENTATION_STYLE_ASSIGNMENT((#1650));
#1652=STYLED_ITEM('',(#1651),#1649);
#1653=DIRECTION('',(0.E0,1.E0,0.E0));
#1654=VECTOR('',#1653,1.5E-1);
#1655=CARTESIAN_POINT('',(5.7E0,6.8E-1,-3.E-1));
#1656=LINE('609',#1655,#1654);
#1657=CURVE_STYLE('',#19,POSITIVE_LENGTH_MEASURE(2.E-2),#297);
#1658=PRESENTATION_STYLE_ASSIGNMENT((#1657));
#1659=STYLED_ITEM('',(#1658),#1656);
#1660=DIRECTION('',(0.E0,0.E0,-1.E0));
#1661=VECTOR('',#1660,8.5E-1);
#1662=CARTESIAN_POINT('',(7.8E0,4.8E-1,-1.925E0));
#1663=LINE('1057',#1662,#1661);
#1664=CURVE_STYLE('',#19,POSITIVE_LENGTH_MEASURE(2.E-2),#297);
#1665=PRESENTATION_STYLE_ASSIGNMENT((#1664));
#1666=STYLED_ITEM('',(#1665),#1663);
#1667=CARTESIAN_POINT('',(5.5E-1,1.5E-1,-4.55E0));
#1668=DIRECTION('',(0.E0,0.E0,-1.E0));
#1669=DIRECTION('',(1.E0,0.E0,0.E0));
#1670=AXIS2_PLACEMENT_3D('',#1667,#1668,#1669);
#1672=CURVE_STYLE('',#19,POSITIVE_LENGTH_MEASURE(2.E-2),#297);
#1673=PRESENTATION_STYLE_ASSIGNMENT((#1672));
#1674=STYLED_ITEM('',(#1673),#1671);
#1675=DIRECTION('',(0.E0,1.E0,0.E0));
#1676=VECTOR('',#1675,3.3E-1);
#1677=CARTESIAN_POINT('',(7.E-1,1.5E-1,-4.55E0));
#1678=LINE('1321',#1677,#1676);
#1679=CURVE_STYLE('',#19,POSITIVE_LENGTH_MEASURE(2.E-2),#297);
#1680=PRESENTATION_STYLE_ASSIGNMENT((#1679));
#1681=STYLED_ITEM('',(#1680),#1678);
#1682=DIRECTION('',(-1.E0,0.E0,0.E0));
#1683=VECTOR('',#1682,4.8E0);
#1684=CARTESIAN_POINT('',(5.7E0,6.8E-1,-4.55E0));
#1685=LINE('954',#1684,#1683);
#1686=CURVE_STYLE('',#19,POSITIVE_LENGTH_MEASURE(2.E-2),#297);
#1687=PRESENTATION_STYLE_ASSIGNMENT((#1686));
#1688=STYLED_ITEM('',(#1687),#1685);
#1689=DIRECTION('',(0.E0,1.E0,0.E0));
#1690=VECTOR('',#1689,1.5E-1);
#1691=CARTESIAN_POINT('',(5.7E0,6.8E-1,-4.55E0));
#1692=LINE('601',#1691,#1690);
#1693=CURVE_STYLE('',#19,POSITIVE_LENGTH_MEASURE(2.E-2),#297);
#1694=PRESENTATION_STYLE_ASSIGNMENT((#1693));
#1695=STYLED_ITEM('',(#1694),#1692);
#1696=CARTESIAN_POINT('',(9.E-1,4.8E-1,-4.55E0));
#1697=DIRECTION('',(0.E0,0.E0,-1.E0));
#1698=DIRECTION('',(-1.E0,0.E0,0.E0));
#1699=AXIS2_PLACEMENT_3D('',#1696,#1697,#1698);
#1701=CURVE_STYLE('',#19,POSITIVE_LENGTH_MEASURE(2.E-2),#297);
#1702=PRESENTATION_STYLE_ASSIGNMENT((#1701));
#1703=STYLED_ITEM('',(#1702),#1700);
#1704=DIRECTION('',(0.E0,-1.E0,0.E0));
#1705=VECTOR('',#1704,3.3E-1);
#1706=CARTESIAN_POINT('',(5.5E-1,4.8E-1,-4.55E0));
#1707=LINE('1060',#1706,#1705);
#1708=CURVE_STYLE('',#19,POSITIVE_LENGTH_MEASURE(2.E-2),#297);
#1709=PRESENTATION_STYLE_ASSIGNMENT((#1708));
#1710=STYLED_ITEM('',(#1709),#1707);
#1711=DIRECTION('',(1.E0,0.E0,0.E0));
#1712=VECTOR('',#1711,5.5E-1);
#1713=CARTESIAN_POINT('',(0.E0,1.5E-1,-4.55E0));
#1714=LINE('444',#1713,#1712);
#1715=CURVE_STYLE('',#19,POSITIVE_LENGTH_MEASURE(2.E-2),#297);
#1716=PRESENTATION_STYLE_ASSIGNMENT((#1715));
#1717=STYLED_ITEM('',(#1716),#1714);
#1718=DIRECTION('',(0.E0,0.E0,1.E0));
#1719=VECTOR('',#1718,7.75E-1);
#1720=CARTESIAN_POINT('',(7.E-1,1.5E-1,-4.55E0));
#1721=LINE('1284',#1720,#1719);
#1722=CURVE_STYLE('',#19,POSITIVE_LENGTH_MEASURE(2.E-2),#297);
#1723=PRESENTATION_STYLE_ASSIGNMENT((#1722));
#1724=STYLED_ITEM('',(#1723),#1721);
#1725=DIRECTION('',(0.E0,0.E0,1.E0));
#1726=VECTOR('',#1725,7.75E-1);
#1727=CARTESIAN_POINT('',(7.E-1,4.8E-1,-4.55E0));
#1728=LINE('943',#1727,#1726);
#1729=CURVE_STYLE('',#19,POSITIVE_LENGTH_MEASURE(2.E-2),#297);
#1730=PRESENTATION_STYLE_ASSIGNMENT((#1729));
#1731=STYLED_ITEM('',(#1730),#1728);
#1732=CARTESIAN_POINT('',(9.E-1,4.8E-1,-4.55E0));
#1733=DIRECTION('',(0.E0,0.E0,1.E0));
#1734=DIRECTION('',(0.E0,1.E0,0.E0));
#1735=AXIS2_PLACEMENT_3D('',#1732,#1733,#1734);
#1737=CURVE_STYLE('',#19,POSITIVE_LENGTH_MEASURE(2.E-2),#297);
#1738=PRESENTATION_STYLE_ASSIGNMENT((#1737));
#1739=STYLED_ITEM('',(#1738),#1736);
#1740=CARTESIAN_POINT('',(9.E-1,4.8E-1,-3.775E0));
#1741=DIRECTION('',(0.E0,0.E0,-1.E0));
#1742=DIRECTION('',(-1.E0,0.E0,0.E0));
#1743=AXIS2_PLACEMENT_3D('',#1740,#1741,#1742);
#1745=CURVE_STYLE('',#19,POSITIVE_LENGTH_MEASURE(2.E-2),#297);
#1746=PRESENTATION_STYLE_ASSIGNMENT((#1745));
#1747=STYLED_ITEM('',(#1746),#1744);
#1748=DIRECTION('',(0.E0,0.E0,1.E0));
#1749=VECTOR('',#1748,1.5E-1);
#1750=CARTESIAN_POINT('',(5.7E0,6.8E-1,-4.55E0));
#1751=LINE('568',#1750,#1749);
#1752=CURVE_STYLE('',#19,POSITIVE_LENGTH_MEASURE(2.E-2),#297);
#1753=PRESENTATION_STYLE_ASSIGNMENT((#1752));
#1754=STYLED_ITEM('',(#1753),#1751);
#1755=DIRECTION('',(0.E0,0.E0,1.E0));
#1756=VECTOR('',#1755,7.75E-1);
#1757=CARTESIAN_POINT('',(5.5E-1,4.8E-1,-4.55E0));
#1758=LINE('1053',#1757,#1756);
#1759=CURVE_STYLE('',#19,POSITIVE_LENGTH_MEASURE(2.E-2),#297);
#1760=PRESENTATION_STYLE_ASSIGNMENT((#1759));
#1761=STYLED_ITEM('',(#1760),#1758);
#1762=DIRECTION('',(0.E0,0.E0,1.E0));
#1763=VECTOR('',#1762,7.75E-1);
#1764=CARTESIAN_POINT('',(5.5E-1,4.8E-1,-9.25E-1));
#1765=LINE('1049',#1764,#1763);
#1766=CURVE_STYLE('',#19,POSITIVE_LENGTH_MEASURE(2.E-2),#297);
#1767=PRESENTATION_STYLE_ASSIGNMENT((#1766));
#1768=STYLED_ITEM('',(#1767),#1765);
#1769=DIRECTION('',(0.E0,0.E0,1.E0));
#1770=VECTOR('',#1769,7.75E-1);
#1771=CARTESIAN_POINT('',(7.E-1,1.5E-1,-9.25E-1));
#1772=LINE('1288',#1771,#1770);
#1773=CURVE_STYLE('',#19,POSITIVE_LENGTH_MEASURE(2.E-2),#297);
#1774=PRESENTATION_STYLE_ASSIGNMENT((#1773));
#1775=STYLED_ITEM('',(#1774),#1772);
#1776=DIRECTION('',(0.E0,0.E0,1.E0));
#1777=VECTOR('',#1776,7.75E-1);
#1778=CARTESIAN_POINT('',(7.E-1,4.8E-1,-9.25E-1));
#1779=LINE('937',#1778,#1777);
#1780=CURVE_STYLE('',#19,POSITIVE_LENGTH_MEASURE(2.E-2),#297);
#1781=PRESENTATION_STYLE_ASSIGNMENT((#1780));
#1782=STYLED_ITEM('',(#1781),#1779);
#1783=DIRECTION('',(-2.588190451025E-1,9.659258262891E-1,0.E0));
#1784=VECTOR('',#1783,5.795554957734E-1);
#1785=CARTESIAN_POINT('',(6.25E0,3.E-2,-4.55E0));
#1786=LINE('826',#1785,#1784);
#1787=CURVE_STYLE('',#19,POSITIVE_LENGTH_MEASURE(2.E-2),#297);
#1788=PRESENTATION_STYLE_ASSIGNMENT((#1787));
#1789=STYLED_ITEM('',(#1788),#1786);
#1790=DIRECTION('',(-1.E0,0.E0,0.E0));
#1791=VECTOR('',#1790,9.276537180436E-1);
#1792=CARTESIAN_POINT('',(8.05E0,3.E-1,-4.55E0));
#1793=LINE('827',#1792,#1791);
#1794=CURVE_STYLE('',#19,POSITIVE_LENGTH_MEASURE(2.E-2),#297);
#1795=PRESENTATION_STYLE_ASSIGNMENT((#1794));
#1796=STYLED_ITEM('',(#1795),#1793);
#1797=DIRECTION('',(-2.588190451025E-1,-9.659258262891E-1,0.E0));
#1798=VECTOR('',#1797,2.795245687107E-1);
#1799=CARTESIAN_POINT('',(7.122346281956E0,3.E-1,-4.55E0));
#1800=LINE('828',#1799,#1798);
#1801=CURVE_STYLE('',#19,POSITIVE_LENGTH_MEASURE(2.E-2),#297);
#1802=PRESENTATION_STYLE_ASSIGNMENT((#1801));
#1803=STYLED_ITEM('',(#1802),#1800);
#1804=DIRECTION('',(-1.E0,0.E0,0.E0));
#1805=VECTOR('',#1804,8.E-1);
#1806=CARTESIAN_POINT('',(7.05E0,3.E-2,-4.55E0));
#1807=LINE('829',#1806,#1805);
#1808=CURVE_STYLE('',#19,POSITIVE_LENGTH_MEASURE(2.E-2),#297);
#1809=PRESENTATION_STYLE_ASSIGNMENT((#1808));
#1810=STYLED_ITEM('',(#1809),#1807);
#1811=DIRECTION('',(0.E0,0.E0,1.E0));
#1812=VECTOR('',#1811,1.5E-1);
#1813=CARTESIAN_POINT('',(6.25E0,3.E-2,-4.7E0));
#1814=LINE('834',#1813,#1812);
#1815=CURVE_STYLE('',#19,POSITIVE_LENGTH_MEASURE(2.E-2),#297);
#1816=PRESENTATION_STYLE_ASSIGNMENT((#1815));
#1817=STYLED_ITEM('',(#1816),#1814);
#1818=DIRECTION('',(-1.E0,0.E0,0.E0));
#1819=VECTOR('',#1818,1.95E0);
#1820=CARTESIAN_POINT('',(8.05E0,6.8E-1,-4.7E0));
#1821=LINE('1276',#1820,#1819);
#1822=CURVE_STYLE('',#19,POSITIVE_LENGTH_MEASURE(2.E-2),#297);
#1823=PRESENTATION_STYLE_ASSIGNMENT((#1822));
#1824=STYLED_ITEM('',(#1823),#1821);
#1825=DIRECTION('',(0.E0,1.E0,0.E0));
#1826=VECTOR('',#1825,9.019237886467E-2);
#1827=CARTESIAN_POINT('',(6.1E0,5.898076211353E-1,-4.7E0));
#1828=LINE('1319',#1827,#1826);
#1829=CURVE_STYLE('',#19,POSITIVE_LENGTH_MEASURE(2.E-2),#297);
#1830=PRESENTATION_STYLE_ASSIGNMENT((#1829));
#1831=STYLED_ITEM('',(#1830),#1828);
#1832=DIRECTION('',(-2.588190451025E-1,9.659258262891E-1,0.E0));
#1833=VECTOR('',#1832,5.795554957734E-1);
#1834=CARTESIAN_POINT('',(6.25E0,3.E-2,-4.7E0));
#1835=LINE('820',#1834,#1833);
#1836=CURVE_STYLE('',#19,POSITIVE_LENGTH_MEASURE(2.E-2),#297);
#1837=PRESENTATION_STYLE_ASSIGNMENT((#1836));
#1838=STYLED_ITEM('',(#1837),#1835);
#1839=DIRECTION('',(-1.E0,0.E0,0.E0));
#1840=VECTOR('',#1839,8.E-1);
#1841=CARTESIAN_POINT('',(7.05E0,3.E-2,-4.7E0));
#1842=LINE('823',#1841,#1840);
#1843=CURVE_STYLE('',#19,POSITIVE_LENGTH_MEASURE(2.E-2),#297);
#1844=PRESENTATION_STYLE_ASSIGNMENT((#1843));
#1845=STYLED_ITEM('',(#1844),#1842);
#1846=DIRECTION('',(-2.588190451025E-1,-9.659258262891E-1,0.E0));
#1847=VECTOR('',#1846,2.795245687107E-1);
#1848=CARTESIAN_POINT('',(7.122346281956E0,3.E-1,-4.7E0));
#1849=LINE('822',#1848,#1847);
#1850=CURVE_STYLE('',#19,POSITIVE_LENGTH_MEASURE(2.E-2),#297);
#1851=PRESENTATION_STYLE_ASSIGNMENT((#1850));
#1852=STYLED_ITEM('',(#1851),#1849);
#1853=DIRECTION('',(-1.E0,0.E0,0.E0));
#1854=VECTOR('',#1853,9.276537180436E-1);
#1855=CARTESIAN_POINT('',(8.05E0,3.E-1,-4.7E0));
#1856=LINE('821',#1855,#1854);
#1857=CURVE_STYLE('',#19,POSITIVE_LENGTH_MEASURE(2.E-2),#297);
#1858=PRESENTATION_STYLE_ASSIGNMENT((#1857));
#1859=STYLED_ITEM('',(#1858),#1856);
#1860=DIRECTION('',(0.E0,1.E0,0.E0));
#1861=VECTOR('',#1860,3.8E-1);
#1862=CARTESIAN_POINT('',(8.05E0,3.E-1,-4.7E0));
#1863=LINE('1320',#1862,#1861);
#1864=CURVE_STYLE('',#19,POSITIVE_LENGTH_MEASURE(2.E-2),#297);
#1865=PRESENTATION_STYLE_ASSIGNMENT((#1864));
#1866=STYLED_ITEM('',(#1865),#1863);
#1867=DIRECTION('',(0.E0,0.E0,1.E0));
#1868=VECTOR('',#1867,1.5E-1);
#1869=CARTESIAN_POINT('',(7.05E0,3.E-2,-4.7E0));
#1870=LINE('836',#1869,#1868);
#1871=CURVE_STYLE('',#19,POSITIVE_LENGTH_MEASURE(2.E-2),#297);
#1872=PRESENTATION_STYLE_ASSIGNMENT((#1871));
#1873=STYLED_ITEM('',(#1872),#1870);
#1874=DIRECTION('',(0.E0,0.E0,1.E0));
#1875=VECTOR('',#1874,1.5E-1);
#1876=CARTESIAN_POINT('',(7.122346281956E0,3.E-1,-4.7E0));
#1877=LINE('835',#1876,#1875);
#1878=CURVE_STYLE('',#19,POSITIVE_LENGTH_MEASURE(2.E-2),#297);
#1879=PRESENTATION_STYLE_ASSIGNMENT((#1878));
#1880=STYLED_ITEM('',(#1879),#1877);
#1881=CARTESIAN_POINT('',(1.1E0,8.3E-1,-3.375E0));
#1882=CARTESIAN_POINT('',(1.1E0,8.3E-1,-3.775E0));
#1883=VERTEX_POINT('',#1881);
#1884=VERTEX_POINT('',#1882);
#1885=CARTESIAN_POINT('',(1.1E0,8.3E-1,-9.25E-1));
#1886=CARTESIAN_POINT('',(1.1E0,8.3E-1,-1.325E0));
#1887=VERTEX_POINT('',#1885);
#1888=VERTEX_POINT('',#1886);
#1889=CARTESIAN_POINT('',(5.7E0,8.3E-1,-3.E-1));
#1890=CARTESIAN_POINT('',(5.7E0,8.3E-1,-1.5E-1));
#1891=VERTEX_POINT('',#1889);
#1892=VERTEX_POINT('',#1890);
#1893=CARTESIAN_POINT('',(6.1E0,8.3E-1,-3.E-1));
#1894=VERTEX_POINT('',#1893);
#1895=CARTESIAN_POINT('',(5.7E0,8.3E-1,-4.4E0));
#1896=CARTESIAN_POINT('',(6.1E0,8.3E-1,-4.4E0));
#1897=VERTEX_POINT('',#1895);
#1898=VERTEX_POINT('',#1896);
#1899=CARTESIAN_POINT('',(5.7E0,8.3E-1,-4.55E0));
#1900=VERTEX_POINT('',#1899);
#1901=CARTESIAN_POINT('',(7.25E0,8.3E-1,-1.925E0));
#1902=CARTESIAN_POINT('',(7.25E0,8.3E-1,-1.525E0));
#1903=VERTEX_POINT('',#1901);
#1904=VERTEX_POINT('',#1902);
#1905=CARTESIAN_POINT('',(7.25E0,8.3E-1,-3.175E0));
#1906=CARTESIAN_POINT('',(7.25E0,8.3E-1,-2.775E0));
#1907=VERTEX_POINT('',#1905);
#1908=VERTEX_POINT('',#1906);
#1909=CARTESIAN_POINT('',(8.35E0,0.E0,-1.925E0));
#1910=CARTESIAN_POINT('',(8.35E0,0.E0,-2.775E0));
#1911=VERTEX_POINT('',#1909);
#1912=VERTEX_POINT('',#1910);
#1913=CARTESIAN_POINT('',(0.E0,0.E0,-4.55E0));
#1914=CARTESIAN_POINT('',(0.E0,0.E0,-3.775E0));
#1915=VERTEX_POINT('',#1913);
#1916=VERTEX_POINT('',#1914);
#1917=CARTESIAN_POINT('',(0.E0,0.E0,-9.25E-1));
#1918=CARTESIAN_POINT('',(0.E0,0.E0,-1.5E-1));
#1919=VERTEX_POINT('',#1917);
#1920=VERTEX_POINT('',#1918);
#1921=CARTESIAN_POINT('',(8.35E0,1.5E-1,-1.925E0));
#1922=CARTESIAN_POINT('',(8.35E0,1.5E-1,-2.775E0));
#1923=VERTEX_POINT('',#1921);
#1924=VERTEX_POINT('',#1922);
#1925=CARTESIAN_POINT('',(0.E0,1.5E-1,-4.55E0));
#1926=CARTESIAN_POINT('',(0.E0,1.5E-1,-3.775E0));
#1927=VERTEX_POINT('',#1925);
#1928=VERTEX_POINT('',#1926);
#1929=CARTESIAN_POINT('',(0.E0,1.5E-1,-9.25E-1));
#1930=CARTESIAN_POINT('',(0.E0,1.5E-1,-1.5E-1));
#1931=VERTEX_POINT('',#1929);
#1932=VERTEX_POINT('',#1930);
#1933=CARTESIAN_POINT('',(5.5E-1,1.5E-1,-4.55E0));
#1934=VERTEX_POINT('',#1933);
#1935=CARTESIAN_POINT('',(5.5E-1,1.5E-1,-1.5E-1));
#1936=VERTEX_POINT('',#1935);
#1937=CARTESIAN_POINT('',(5.5E-1,1.5E-1,-3.775E0));
#1938=VERTEX_POINT('',#1937);
#1939=CARTESIAN_POINT('',(5.5E-1,1.5E-1,-9.25E-1));
#1940=VERTEX_POINT('',#1939);
#1941=CARTESIAN_POINT('',(7.8E0,1.5E-1,-1.925E0));
#1942=VERTEX_POINT('',#1941);
#1943=CARTESIAN_POINT('',(7.8E0,1.5E-1,-2.775E0));
#1944=VERTEX_POINT('',#1943);
#1945=CARTESIAN_POINT('',(6.1E0,6.8E-1,-4.4E0));
#1946=CARTESIAN_POINT('',(6.1E0,6.8E-1,-4.55E0));
#1947=VERTEX_POINT('',#1945);
#1948=VERTEX_POINT('',#1946);
#1949=CARTESIAN_POINT('',(6.1E0,6.8E-1,-3.E-1));
#1950=CARTESIAN_POINT('',(6.1E0,6.8E-1,-1.5E-1));
#1951=VERTEX_POINT('',#1949);
#1952=VERTEX_POINT('',#1950);
#1953=CARTESIAN_POINT('',(1.5E-1,6.8E-1,-3.375E0));
#1954=CARTESIAN_POINT('',(1.1E0,6.8E-1,-3.375E0));
#1955=VERTEX_POINT('',#1953);
#1956=VERTEX_POINT('',#1954);
#1957=CARTESIAN_POINT('',(1.1E0,6.8E-1,-3.775E0));
#1958=VERTEX_POINT('',#1957);
#1959=CARTESIAN_POINT('',(1.1E0,6.8E-1,-1.325E0));
#1960=CARTESIAN_POINT('',(1.5E-1,6.8E-1,-1.325E0));
#1961=VERTEX_POINT('',#1959);
#1962=VERTEX_POINT('',#1960);
#1963=CARTESIAN_POINT('',(1.1E0,6.8E-1,-9.25E-1));
#1964=VERTEX_POINT('',#1963);
#1965=CARTESIAN_POINT('',(5.7E0,6.8E-1,-3.E-1));
#1966=CARTESIAN_POINT('',(5.7E0,6.8E-1,-1.5E-1));
#1967=VERTEX_POINT('',#1965);
#1968=VERTEX_POINT('',#1966);
#1969=CARTESIAN_POINT('',(5.7E0,6.8E-1,-4.4E0));
#1970=VERTEX_POINT('',#1969);
#1971=CARTESIAN_POINT('',(5.7E0,6.8E-1,-4.55E0));
#1972=VERTEX_POINT('',#1971);
#1973=CARTESIAN_POINT('',(8.05E0,6.8E-1,-3.E-1));
#1974=CARTESIAN_POINT('',(8.2E0,6.8E-1,-3.E-1));
#1975=VERTEX_POINT('',#1973);
#1976=VERTEX_POINT('',#1974);
#1977=CARTESIAN_POINT('',(8.05E0,6.8E-1,-1.5E-1));
#1978=VERTEX_POINT('',#1977);
#1979=CARTESIAN_POINT('',(8.05E0,6.8E-1,-4.4E0));
#1980=CARTESIAN_POINT('',(8.2E0,6.8E-1,-4.4E0));
#1981=VERTEX_POINT('',#1979);
#1982=VERTEX_POINT('',#1980);
#1983=CARTESIAN_POINT('',(8.05E0,6.8E-1,-4.55E0));
#1984=VERTEX_POINT('',#1983);
#1985=CARTESIAN_POINT('',(7.25E0,6.8E-1,-1.525E0));
#1986=CARTESIAN_POINT('',(8.2E0,6.8E-1,-1.525E0));
#1987=VERTEX_POINT('',#1985);
#1988=VERTEX_POINT('',#1986);
#1989=CARTESIAN_POINT('',(7.25E0,6.8E-1,-1.925E0));
#1990=VERTEX_POINT('',#1989);
#1991=CARTESIAN_POINT('',(8.2E0,6.8E-1,-3.175E0));
#1992=CARTESIAN_POINT('',(7.25E0,6.8E-1,-3.175E0));
#1993=VERTEX_POINT('',#1991);
#1994=VERTEX_POINT('',#1992);
#1995=CARTESIAN_POINT('',(7.25E0,6.8E-1,-2.775E0));
#1996=VERTEX_POINT('',#1995);
#1997=CARTESIAN_POINT('',(8.05E0,8.3E-1,-3.E-1));
#1998=VERTEX_POINT('',#1997);
#1999=CARTESIAN_POINT('',(8.05E0,8.3E-1,-4.4E0));
#2000=VERTEX_POINT('',#1999);
#2001=CARTESIAN_POINT('',(8.35E0,3.E-1,-3.E-1));
#2002=CARTESIAN_POINT('',(8.35E0,3.E-1,-1.525E0));
#2003=VERTEX_POINT('',#2001);
#2004=VERTEX_POINT('',#2002);
#2005=CARTESIAN_POINT('',(8.35E0,3.E-1,-3.175E0));
#2006=CARTESIAN_POINT('',(8.35E0,3.E-1,-4.4E0));
#2007=VERTEX_POINT('',#2005);
#2008=VERTEX_POINT('',#2006);
#2009=CARTESIAN_POINT('',(0.E0,3.E-1,-3.375E0));
#2010=CARTESIAN_POINT('',(0.E0,3.E-1,-1.325E0));
#2011=VERTEX_POINT('',#2009);
#2012=VERTEX_POINT('',#2010);
#2013=CARTESIAN_POINT('',(1.5E-1,3.E-1,-3.375E0));
#2014=VERTEX_POINT('',#2013);
#2015=CARTESIAN_POINT('',(1.5E-1,3.E-1,-1.325E0));
#2016=VERTEX_POINT('',#2015);
#2017=CARTESIAN_POINT('',(8.2E0,3.E-1,-3.E-1));
#2018=VERTEX_POINT('',#2017);
#2019=CARTESIAN_POINT('',(8.2E0,3.E-1,-4.4E0));
#2020=VERTEX_POINT('',#2019);
#2021=CARTESIAN_POINT('',(8.2E0,3.E-1,-1.525E0));
#2022=VERTEX_POINT('',#2021);
#2023=CARTESIAN_POINT('',(8.2E0,3.E-1,-3.175E0));
#2024=VERTEX_POINT('',#2023);
#2025=CARTESIAN_POINT('',(7.122346281956E0,3.E-1,0.E0));
#2026=CARTESIAN_POINT('',(7.05E0,3.E-2,0.E0));
#2027=VERTEX_POINT('',#2025);
#2028=VERTEX_POINT('',#2026);
#2029=CARTESIAN_POINT('',(6.25E0,3.E-2,0.E0));
#2030=VERTEX_POINT('',#2029);
#2031=CARTESIAN_POINT('',(6.1E0,5.898076211353E-1,0.E0));
#2032=VERTEX_POINT('',#2031);
#2033=CARTESIAN_POINT('',(8.05E0,3.E-1,0.E0));
#2034=VERTEX_POINT('',#2033);
#2035=CARTESIAN_POINT('',(6.1E0,5.898076211353E-1,-1.5E-1));
#2036=VERTEX_POINT('',#2035);
#2037=CARTESIAN_POINT('',(8.05E0,3.E-1,-1.5E-1));
#2038=VERTEX_POINT('',#2037);
#2039=CARTESIAN_POINT('',(7.122346281956E0,3.E-1,-1.5E-1));
#2040=CARTESIAN_POINT('',(7.05E0,3.E-2,-1.5E-1));
#2041=VERTEX_POINT('',#2039);
#2042=VERTEX_POINT('',#2040);
#2043=CARTESIAN_POINT('',(6.25E0,3.E-2,-1.5E-1));
#2044=VERTEX_POINT('',#2043);
#2045=CARTESIAN_POINT('',(6.25E0,3.E-2,-4.7E0));
#2046=CARTESIAN_POINT('',(6.1E0,5.898076211353E-1,-4.7E0));
#2047=VERTEX_POINT('',#2045);
#2048=VERTEX_POINT('',#2046);
#2049=CARTESIAN_POINT('',(8.05E0,3.E-1,-4.7E0));
#2050=CARTESIAN_POINT('',(7.122346281956E0,3.E-1,-4.7E0));
#2051=VERTEX_POINT('',#2049);
#2052=VERTEX_POINT('',#2050);
#2053=CARTESIAN_POINT('',(7.05E0,3.E-2,-4.7E0));
#2054=VERTEX_POINT('',#2053);
#2055=CARTESIAN_POINT('',(6.1E0,5.898076211353E-1,-4.55E0));
#2056=VERTEX_POINT('',#2055);
#2057=CARTESIAN_POINT('',(8.05E0,3.E-1,-4.55E0));
#2058=VERTEX_POINT('',#2057);
#2059=CARTESIAN_POINT('',(6.25E0,3.E-2,-4.55E0));
#2060=VERTEX_POINT('',#2059);
#2061=CARTESIAN_POINT('',(7.122346281956E0,3.E-1,-4.55E0));
#2062=VERTEX_POINT('',#2061);
#2063=CARTESIAN_POINT('',(7.05E0,3.E-2,-4.55E0));
#2064=VERTEX_POINT('',#2063);
#2065=CARTESIAN_POINT('',(9.E-1,6.8E-1,-9.25E-1));
#2066=CARTESIAN_POINT('',(9.E-1,6.8E-1,-1.5E-1));
#2067=VERTEX_POINT('',#2065);
#2068=VERTEX_POINT('',#2066);
#2069=CARTESIAN_POINT('',(7.E-1,4.8E-1,-9.25E-1));
#2070=CARTESIAN_POINT('',(7.E-1,4.8E-1,-1.5E-1));
#2071=VERTEX_POINT('',#2069);
#2072=VERTEX_POINT('',#2070);
#2073=CARTESIAN_POINT('',(9.E-1,6.8E-1,-4.55E0));
#2074=CARTESIAN_POINT('',(9.E-1,6.8E-1,-3.775E0));
#2075=VERTEX_POINT('',#2073);
#2076=VERTEX_POINT('',#2074);
#2077=CARTESIAN_POINT('',(7.E-1,4.8E-1,-4.55E0));
#2078=CARTESIAN_POINT('',(7.E-1,4.8E-1,-3.775E0));
#2079=VERTEX_POINT('',#2077);
#2080=VERTEX_POINT('',#2078);
#2081=CARTESIAN_POINT('',(7.45E0,6.8E-1,-1.925E0));
#2082=CARTESIAN_POINT('',(7.45E0,6.8E-1,-2.775E0));
#2083=VERTEX_POINT('',#2081);
#2084=VERTEX_POINT('',#2082);
#2085=CARTESIAN_POINT('',(7.65E0,4.8E-1,-1.925E0));
#2086=CARTESIAN_POINT('',(7.65E0,4.8E-1,-2.775E0));
#2087=VERTEX_POINT('',#2085);
#2088=VERTEX_POINT('',#2086);
#2089=CARTESIAN_POINT('',(9.E-1,8.3E-1,-1.5E-1));
#2090=CARTESIAN_POINT('',(5.5E-1,4.8E-1,-1.5E-1));
#2091=VERTEX_POINT('',#2089);
#2092=VERTEX_POINT('',#2090);
#2093=CARTESIAN_POINT('',(5.5E-1,4.8E-1,-9.25E-1));
#2094=VERTEX_POINT('',#2093);
#2095=CARTESIAN_POINT('',(9.E-1,8.3E-1,-9.25E-1));
#2096=VERTEX_POINT('',#2095);
#2097=CARTESIAN_POINT('',(9.E-1,8.3E-1,-3.775E0));
#2098=CARTESIAN_POINT('',(5.5E-1,4.8E-1,-3.775E0));
#2099=VERTEX_POINT('',#2097);
#2100=VERTEX_POINT('',#2098);
#2101=CARTESIAN_POINT('',(5.5E-1,4.8E-1,-4.55E0));
#2102=VERTEX_POINT('',#2101);
#2103=CARTESIAN_POINT('',(9.E-1,8.3E-1,-4.55E0));
#2104=VERTEX_POINT('',#2103);
#2105=CARTESIAN_POINT('',(7.45E0,8.3E-1,-2.775E0));
#2106=CARTESIAN_POINT('',(7.8E0,4.8E-1,-2.775E0));
#2107=VERTEX_POINT('',#2105);
#2108=VERTEX_POINT('',#2106);
#2109=CARTESIAN_POINT('',(7.8E0,4.8E-1,-1.925E0));
#2110=VERTEX_POINT('',#2109);
#2111=CARTESIAN_POINT('',(7.45E0,8.3E-1,-1.925E0));
#2112=VERTEX_POINT('',#2111);
#2113=CARTESIAN_POINT('',(8.2E0,8.3E-1,-4.4E0));
#2114=CARTESIAN_POINT('',(8.35E0,6.8E-1,-4.4E0));
#2115=VERTEX_POINT('',#2113);
#2116=VERTEX_POINT('',#2114);
#2117=CARTESIAN_POINT('',(8.35E0,6.8E-1,-3.175E0));
#2118=VERTEX_POINT('',#2117);
#2119=CARTESIAN_POINT('',(8.2E0,8.3E-1,-3.175E0));
#2120=VERTEX_POINT('',#2119);
#2121=CARTESIAN_POINT('',(8.2E0,8.3E-1,-1.525E0));
#2122=CARTESIAN_POINT('',(8.35E0,6.8E-1,-1.525E0));
#2123=VERTEX_POINT('',#2121);
#2124=VERTEX_POINT('',#2122);
#2125=CARTESIAN_POINT('',(8.35E0,6.8E-1,-3.E-1));
#2126=VERTEX_POINT('',#2125);
#2127=CARTESIAN_POINT('',(8.2E0,8.3E-1,-3.E-1));
#2128=VERTEX_POINT('',#2127);
#2129=CARTESIAN_POINT('',(8.05E0,8.3E-1,-1.5E-1));
#2130=CARTESIAN_POINT('',(8.05E0,6.8E-1,0.E0));
#2131=VERTEX_POINT('',#2129);
#2132=VERTEX_POINT('',#2130);
#2133=CARTESIAN_POINT('',(6.1E0,6.8E-1,0.E0));
#2134=VERTEX_POINT('',#2133);
#2135=CARTESIAN_POINT('',(6.1E0,8.3E-1,-1.5E-1));
#2136=VERTEX_POINT('',#2135);
#2137=CARTESIAN_POINT('',(6.1E0,8.3E-1,-4.55E0));
#2138=CARTESIAN_POINT('',(6.1E0,6.8E-1,-4.7E0));
#2139=VERTEX_POINT('',#2137);
#2140=VERTEX_POINT('',#2138);
#2141=CARTESIAN_POINT('',(8.05E0,6.8E-1,-4.7E0));
#2142=VERTEX_POINT('',#2141);
#2143=CARTESIAN_POINT('',(8.05E0,8.3E-1,-4.55E0));
#2144=VERTEX_POINT('',#2143);
#2145=CARTESIAN_POINT('',(1.5E-1,8.3E-1,-1.325E0));
#2146=CARTESIAN_POINT('',(0.E0,6.8E-1,-1.325E0));
#2147=VERTEX_POINT('',#2145);
#2148=VERTEX_POINT('',#2146);
#2149=CARTESIAN_POINT('',(0.E0,6.8E-1,-3.375E0));
#2150=VERTEX_POINT('',#2149);
#2151=CARTESIAN_POINT('',(1.5E-1,8.3E-1,-3.375E0));
#2152=VERTEX_POINT('',#2151);
#2153=CARTESIAN_POINT('',(5.5E-1,0.E0,-3.775E0));
#2154=CARTESIAN_POINT('',(7.E-1,1.5E-1,-3.775E0));
#2155=VERTEX_POINT('',#2153);
#2156=VERTEX_POINT('',#2154);
#2157=CARTESIAN_POINT('',(7.E-1,1.5E-1,-4.55E0));
#2158=VERTEX_POINT('',#2157);
#2159=CARTESIAN_POINT('',(5.5E-1,0.E0,-4.55E0));
#2160=VERTEX_POINT('',#2159);
#2161=CARTESIAN_POINT('',(5.5E-1,0.E0,-1.5E-1));
#2162=CARTESIAN_POINT('',(7.E-1,1.5E-1,-1.5E-1));
#2163=VERTEX_POINT('',#2161);
#2164=VERTEX_POINT('',#2162);
#2165=CARTESIAN_POINT('',(7.E-1,1.5E-1,-9.25E-1));
#2166=VERTEX_POINT('',#2165);
#2167=CARTESIAN_POINT('',(5.5E-1,0.E0,-9.25E-1));
#2168=VERTEX_POINT('',#2167);
#2169=CARTESIAN_POINT('',(7.8E0,0.E0,-2.775E0));
#2170=CARTESIAN_POINT('',(7.65E0,1.5E-1,-2.775E0));
#2171=VERTEX_POINT('',#2169);
#2172=VERTEX_POINT('',#2170);
#2173=CARTESIAN_POINT('',(7.65E0,1.5E-1,-1.925E0));
#2174=VERTEX_POINT('',#2173);
#2175=CARTESIAN_POINT('',(7.8E0,0.E0,-1.925E0));
#2176=VERTEX_POINT('',#2175);
#2177=CARTESIAN_POINT('',(0.E0,8.3E-1,0.E0));
#2178=DIRECTION('',(0.E0,1.E0,0.E0));
#2179=DIRECTION('',(1.E0,0.E0,0.E0));
#2180=AXIS2_PLACEMENT_3D('',#2177,#2178,#2179);
#2181=PLANE('49',#2180);
#2183=ORIENTED_EDGE('1266',*,*,#2182,.F.);
#2185=ORIENTED_EDGE('1302',*,*,#2184,.T.);
#2187=ORIENTED_EDGE('312',*,*,#2186,.T.);
#2189=ORIENTED_EDGE('1069',*,*,#2188,.F.);
#2191=ORIENTED_EDGE('1059',*,*,#2190,.F.);
#2193=ORIENTED_EDGE('1068',*,*,#2192,.T.);
#2195=ORIENTED_EDGE('309',*,*,#2194,.T.);
#2197=ORIENTED_EDGE('1301',*,*,#2196,.F.);
#2199=ORIENTED_EDGE('1270',*,*,#2198,.F.);
#2201=ORIENTED_EDGE('1297',*,*,#2200,.T.);
#2203=ORIENTED_EDGE('1298',*,*,#2202,.F.);
#2205=ORIENTED_EDGE('1274',*,*,#2204,.F.);
#2207=ORIENTED_EDGE('1303',*,*,#2206,.F.);
#2209=ORIENTED_EDGE('299',*,*,#2208,.T.);
#2211=ORIENTED_EDGE('297',*,*,#2210,.T.);
#2213=ORIENTED_EDGE('1071',*,*,#2212,.F.);
#2215=ORIENTED_EDGE('1051',*,*,#2214,.F.);
#2217=ORIENTED_EDGE('1067',*,*,#2216,.T.);
#2219=ORIENTED_EDGE('296',*,*,#2218,.T.);
#2221=ORIENTED_EDGE('1296',*,*,#2220,.F.);
#2223=ORIENTED_EDGE('1282',*,*,#2222,.F.);
#2225=ORIENTED_EDGE('1295',*,*,#2224,.T.);
#2227=ORIENTED_EDGE('293',*,*,#2226,.T.);
#2229=ORIENTED_EDGE('1066',*,*,#2228,.F.);
#2231=ORIENTED_EDGE('1055',*,*,#2230,.F.);
#2233=ORIENTED_EDGE('1070',*,*,#2232,.T.);
#2235=ORIENTED_EDGE('302',*,*,#2234,.T.);
#2237=ORIENTED_EDGE('300',*,*,#2236,.T.);
#2239=ORIENTED_EDGE('1304',*,*,#2238,.F.);
#2241=ORIENTED_EDGE('1278',*,*,#2240,.F.);
#2243=ORIENTED_EDGE('1300',*,*,#2242,.T.);
#2245=ORIENTED_EDGE('1299',*,*,#2244,.F.);
#2246=EDGE_LOOP('49',(#2183,#2185,#2187,#2189,#2191,#2193,#2195,#2197,#2199,
#2201,#2203,#2205,#2207,#2209,#2211,#2213,#2215,#2217,#2219,#2221,#2223,#2225,
#2227,#2229,#2231,#2233,#2235,#2237,#2239,#2241,#2243,#2245));
#2247=FACE_OUTER_BOUND('49',#2246,.F.);
#2249=CARTESIAN_POINT('',(8.2E0,6.8E-1,6.12692E0));
#2250=DIRECTION('',(0.E0,0.E0,-1.E0));
#2251=DIRECTION('',(0.E0,1.E0,0.E0));
#2252=AXIS2_PLACEMENT_3D('',#2249,#2250,#2251);
#2253=CYLINDRICAL_SURFACE('1079',#2252,1.5E-1);
#2255=ORIENTED_EDGE('1263',*,*,#2254,.T.);
#2257=ORIENTED_EDGE('1264',*,*,#2256,.F.);
#2259=ORIENTED_EDGE('1265',*,*,#2258,.T.);
#2260=ORIENTED_EDGE('1266',*,*,#2182,.T.);
#2261=EDGE_LOOP('1079',(#2255,#2257,#2259,#2260));
#2262=FACE_OUTER_BOUND('1079',#2261,.F.);
#2264=CARTESIAN_POINT('',(8.05E0,0.E0,-4.4E0));
#2265=DIRECTION('',(0.E0,0.E0,1.E0));
#2266=DIRECTION('',(1.E0,0.E0,0.E0));
#2267=AXIS2_PLACEMENT_3D('',#2264,#2265,#2266);
#2268=PLANE('245',#2267);
#2269=ORIENTED_EDGE('1263',*,*,#2254,.F.);
#2270=ORIENTED_EDGE('1299',*,*,#2244,.T.);
#2272=ORIENTED_EDGE('614',*,*,#2271,.F.);
#2274=ORIENTED_EDGE('573',*,*,#2273,.T.);
#2276=ORIENTED_EDGE('714',*,*,#2275,.F.);
#2278=ORIENTED_EDGE('699',*,*,#2277,.T.);
#2280=ORIENTED_EDGE('1312',*,*,#2279,.T.);
#2281=EDGE_LOOP('245',(#2269,#2270,#2272,#2274,#2276,#2278,#2280));
#2282=FACE_OUTER_BOUND('245',#2281,.F.);
#2284=CARTESIAN_POINT('',(8.05E0,0.E0,-4.7E0));
#2285=DIRECTION('',(-1.E0,0.E0,0.E0));
#2286=DIRECTION('',(0.E0,0.E0,1.E0));
#2287=AXIS2_PLACEMENT_3D('',#2284,#2285,#2286);
#2288=PLANE('251',#2287);
#2290=ORIENTED_EDGE('1277',*,*,#2289,.F.);
#2292=ORIENTED_EDGE('1320',*,*,#2291,.F.);
#2294=ORIENTED_EDGE('825',*,*,#2293,.T.);
#2296=ORIENTED_EDGE('833',*,*,#2295,.T.);
#2298=ORIENTED_EDGE('575',*,*,#2297,.F.);
#2299=ORIENTED_EDGE('614',*,*,#2271,.T.);
#2300=ORIENTED_EDGE('1300',*,*,#2242,.F.);
#2301=EDGE_LOOP('251',(#2290,#2292,#2294,#2296,#2298,#2299,#2300));
#2302=FACE_OUTER_BOUND('251',#2301,.F.);
#2304=CARTESIAN_POINT('',(1.923506E1,6.8E-1,-4.55E0));
#2305=DIRECTION('',(-1.E0,0.E0,0.E0));
#2306=DIRECTION('',(0.E0,1.E0,0.E0));
#2307=AXIS2_PLACEMENT_3D('',#2304,#2305,#2306);
#2308=CYLINDRICAL_SURFACE('1094',#2307,1.5E-1);
#2310=ORIENTED_EDGE('1275',*,*,#2309,.T.);
#2312=ORIENTED_EDGE('1276',*,*,#2311,.F.);
#2313=ORIENTED_EDGE('1277',*,*,#2289,.T.);
#2314=ORIENTED_EDGE('1278',*,*,#2240,.T.);
#2315=EDGE_LOOP('1094',(#2310,#2312,#2313,#2314));
#2316=FACE_OUTER_BOUND('1094',#2315,.F.);
#2318=CARTESIAN_POINT('',(6.1E0,0.E0,-4.55E0));
#2319=DIRECTION('',(1.E0,0.E0,0.E0));
#2320=DIRECTION('',(0.E0,0.E0,-1.E0));
#2321=AXIS2_PLACEMENT_3D('',#2318,#2319,#2320);
#2322=PLANE('90',#2321);
#2323=ORIENTED_EDGE('1275',*,*,#2309,.F.);
#2324=ORIENTED_EDGE('1304',*,*,#2238,.T.);
#2326=ORIENTED_EDGE('612',*,*,#2325,.F.);
#2328=ORIENTED_EDGE('545',*,*,#2327,.T.);
#2330=ORIENTED_EDGE('832',*,*,#2329,.F.);
#2332=ORIENTED_EDGE('824',*,*,#2331,.F.);
#2334=ORIENTED_EDGE('1319',*,*,#2333,.T.);
#2335=EDGE_LOOP('90',(#2323,#2324,#2326,#2328,#2330,#2332,#2334));
#2336=FACE_OUTER_BOUND('90',#2335,.F.);
#2338=CARTESIAN_POINT('',(5.7E0,0.E0,-4.4E0));
#2339=DIRECTION('',(0.E0,0.E0,1.E0));
#2340=DIRECTION('',(1.E0,0.E0,0.E0));
#2341=AXIS2_PLACEMENT_3D('',#2338,#2339,#2340);
#2342=PLANE('229',#2341);
#2344=ORIENTED_EDGE('567',*,*,#2343,.T.);
#2345=ORIENTED_EDGE('612',*,*,#2325,.T.);
#2346=ORIENTED_EDGE('300',*,*,#2236,.F.);
#2348=ORIENTED_EDGE('611',*,*,#2347,.F.);
#2349=EDGE_LOOP('229',(#2344,#2345,#2346,#2348));
#2350=FACE_OUTER_BOUND('229',#2349,.F.);
#2352=CARTESIAN_POINT('',(0.E0,6.8E-1,0.E0));
#2353=DIRECTION('',(0.E0,1.E0,0.E0));
#2354=DIRECTION('',(1.E0,0.E0,0.E0));
#2355=AXIS2_PLACEMENT_3D('',#2352,#2353,#2354);
#2356=PLANE('500',#2355);
#2358=ORIENTED_EDGE('936',*,*,#2357,.T.);
#2360=ORIENTED_EDGE('956',*,*,#2359,.F.);
#2362=ORIENTED_EDGE('565',*,*,#2361,.F.);
#2364=ORIENTED_EDGE('566',*,*,#2363,.F.);
#2366=ORIENTED_EDGE('549',*,*,#2365,.T.);
#2368=ORIENTED_EDGE('623',*,*,#2367,.T.);
#2370=ORIENTED_EDGE('571',*,*,#2369,.F.);
#2372=ORIENTED_EDGE('569',*,*,#2371,.T.);
#2374=ORIENTED_EDGE('624',*,*,#2373,.T.);
#2376=ORIENTED_EDGE('577',*,*,#2375,.F.);
#2378=ORIENTED_EDGE('582',*,*,#2377,.F.);
#2380=ORIENTED_EDGE('962',*,*,#2379,.T.);
#2382=ORIENTED_EDGE('948',*,*,#2381,.T.);
#2384=ORIENTED_EDGE('964',*,*,#2383,.F.);
#2386=ORIENTED_EDGE('588',*,*,#2385,.F.);
#2388=ORIENTED_EDGE('585',*,*,#2387,.F.);
#2390=ORIENTED_EDGE('626',*,*,#2389,.T.);
#2391=ORIENTED_EDGE('573',*,*,#2273,.F.);
#2392=ORIENTED_EDGE('575',*,*,#2297,.T.);
#2394=ORIENTED_EDGE('627',*,*,#2393,.T.);
#2395=ORIENTED_EDGE('545',*,*,#2327,.F.);
#2396=ORIENTED_EDGE('567',*,*,#2343,.F.);
#2398=ORIENTED_EDGE('568',*,*,#2397,.F.);
#2400=ORIENTED_EDGE('954',*,*,#2399,.T.);
#2402=ORIENTED_EDGE('942',*,*,#2401,.T.);
#2404=ORIENTED_EDGE('958',*,*,#2403,.F.);
#2406=ORIENTED_EDGE('558',*,*,#2405,.F.);
#2408=ORIENTED_EDGE('555',*,*,#2407,.F.);
#2410=ORIENTED_EDGE('621',*,*,#2409,.T.);
#2412=ORIENTED_EDGE('559',*,*,#2411,.F.);
#2414=ORIENTED_EDGE('564',*,*,#2413,.F.);
#2416=ORIENTED_EDGE('960',*,*,#2415,.T.);
#2417=EDGE_LOOP('500',(#2358,#2360,#2362,#2364,#2366,#2368,#2370,#2372,#2374,
#2376,#2378,#2380,#2382,#2384,#2386,#2388,#2390,#2391,#2392,#2394,#2395,#2396,
#2398,#2400,#2402,#2404,#2406,#2408,#2410,#2412,#2414,#2416));
#2418=FACE_OUTER_BOUND('500',#2417,.F.);
#2420=CARTESIAN_POINT('',(9.E-1,4.8E-1,-1.082692E1));
#2421=DIRECTION('',(0.E0,0.E0,1.E0));
#2422=DIRECTION('',(0.E0,1.E0,0.E0));
#2423=AXIS2_PLACEMENT_3D('',#2420,#2421,#2422);
#2424=CYLINDRICAL_SURFACE('849',#2423,2.E-1);
#2425=ORIENTED_EDGE('936',*,*,#2357,.F.);
#2427=ORIENTED_EDGE('966',*,*,#2426,.T.);
#2429=ORIENTED_EDGE('937',*,*,#2428,.T.);
#2431=ORIENTED_EDGE('967',*,*,#2430,.T.);
#2432=EDGE_LOOP('849',(#2425,#2427,#2429,#2431));
#2433=FACE_OUTER_BOUND('849',#2432,.F.);
#2435=CARTESIAN_POINT('',(0.E0,0.E0,-9.25E-1));
#2436=DIRECTION('',(0.E0,0.E0,1.E0));
#2437=DIRECTION('',(1.E0,0.E0,0.E0));
#2438=AXIS2_PLACEMENT_3D('',#2435,#2436,#2437);
#2439=PLANE('217',#2438);
#2441=ORIENTED_EDGE('1289',*,*,#2440,.F.);
#2443=ORIENTED_EDGE('1324',*,*,#2442,.T.);
#2444=ORIENTED_EDGE('966',*,*,#2426,.F.);
#2445=ORIENTED_EDGE('960',*,*,#2415,.F.);
#2447=ORIENTED_EDGE('608',*,*,#2446,.T.);
#2448=ORIENTED_EDGE('1067',*,*,#2216,.F.);
#2450=ORIENTED_EDGE('1050',*,*,#2449,.F.);
#2452=ORIENTED_EDGE('1063',*,*,#2451,.T.);
#2454=ORIENTED_EDGE('450',*,*,#2453,.F.);
#2456=ORIENTED_EDGE('465',*,*,#2455,.F.);
#2458=ORIENTED_EDGE('1306',*,*,#2457,.T.);
#2459=EDGE_LOOP('217',(#2441,#2443,#2444,#2445,#2447,#2448,#2450,#2452,#2454,
#2456,#2458));
#2460=FACE_OUTER_BOUND('217',#2459,.F.);
#2462=CARTESIAN_POINT('',(5.5E-1,1.5E-1,-1.082692E1));
#2463=DIRECTION('',(0.E0,0.E0,1.E0));
#2464=DIRECTION('',(0.E0,-1.E0,0.E0));
#2465=AXIS2_PLACEMENT_3D('',#2462,#2463,#2464);
#2466=CYLINDRICAL_SURFACE('1109',#2465,1.5E-1);
#2468=ORIENTED_EDGE('1287',*,*,#2467,.T.);
#2470=ORIENTED_EDGE('1288',*,*,#2469,.F.);
#2471=ORIENTED_EDGE('1289',*,*,#2440,.T.);
#2473=ORIENTED_EDGE('1290',*,*,#2472,.T.);
#2474=EDGE_LOOP('1109',(#2468,#2470,#2471,#2473));
#2475=FACE_OUTER_BOUND('1109',#2474,.F.);
#2477=CARTESIAN_POINT('',(6.1E0,0.E0,-1.5E-1));
#2478=DIRECTION('',(0.E0,0.E0,-1.E0));
#2479=DIRECTION('',(-1.E0,0.E0,0.E0));
#2480=AXIS2_PLACEMENT_3D('',#2477,#2478,#2479);
#2481=PLANE('104',#2480);
#2482=ORIENTED_EDGE('1287',*,*,#2467,.F.);
#2484=ORIENTED_EDGE('1310',*,*,#2483,.F.);
#2486=ORIENTED_EDGE('457',*,*,#2485,.T.);
#2488=ORIENTED_EDGE('446',*,*,#2487,.F.);
#2490=ORIENTED_EDGE('1061',*,*,#2489,.F.);
#2492=ORIENTED_EDGE('1048',*,*,#2491,.F.);
#2493=ORIENTED_EDGE('1071',*,*,#2212,.T.);
#2495=ORIENTED_EDGE('602',*,*,#2494,.F.);
#2496=ORIENTED_EDGE('956',*,*,#2359,.T.);
#2497=ORIENTED_EDGE('967',*,*,#2430,.F.);
#2499=ORIENTED_EDGE('1322',*,*,#2498,.F.);
#2500=EDGE_LOOP('104',(#2482,#2484,#2486,#2488,#2490,#2492,#2493,#2495,#2496,
#2497,#2499));
#2501=FACE_OUTER_BOUND('104',#2500,.F.);
#2503=CARTESIAN_POINT('',(0.E0,0.E0,0.E0));
#2504=DIRECTION('',(0.E0,1.E0,0.E0));
#2505=DIRECTION('',(1.E0,0.E0,0.E0));
#2506=AXIS2_PLACEMENT_3D('',#2503,#2504,#2505);
#2507=PLANE('44',#2506);
#2509=ORIENTED_EDGE('1286',*,*,#2508,.F.);
#2511=ORIENTED_EDGE('1309',*,*,#2510,.F.);
#2513=ORIENTED_EDGE('345',*,*,#2512,.T.);
#2515=ORIENTED_EDGE('1305',*,*,#2514,.T.);
#2516=EDGE_LOOP('44',(#2509,#2511,#2513,#2515));
#2517=FACE_OUTER_BOUND('44',#2516,.F.);
#2519=CARTESIAN_POINT('',(0.E0,0.E0,0.E0));
#2520=DIRECTION('',(0.E0,1.E0,0.E0));
#2521=DIRECTION('',(1.E0,0.E0,0.E0));
#2522=AXIS2_PLACEMENT_3D('',#2519,#2520,#2521);
#2523=PLANE('44',#2522);
#2524=ORIENTED_EDGE('1290',*,*,#2472,.F.);
#2525=ORIENTED_EDGE('1306',*,*,#2457,.F.);
#2527=ORIENTED_EDGE('347',*,*,#2526,.T.);
#2528=ORIENTED_EDGE('1310',*,*,#2483,.T.);
#2529=EDGE_LOOP('44',(#2524,#2525,#2527,#2528));
#2530=FACE_OUTER_BOUND('44',#2529,.F.);
#2532=CARTESIAN_POINT('',(0.E0,0.E0,0.E0));
#2533=DIRECTION('',(0.E0,1.E0,0.E0));
#2534=DIRECTION('',(1.E0,0.E0,0.E0));
#2535=AXIS2_PLACEMENT_3D('',#2532,#2533,#2534);
#2536=PLANE('44',#2535);
#2538=ORIENTED_EDGE('1294',*,*,#2537,.F.);
#2540=ORIENTED_EDGE('1307',*,*,#2539,.F.);
#2542=ORIENTED_EDGE('330',*,*,#2541,.T.);
#2544=ORIENTED_EDGE('1308',*,*,#2543,.T.);
#2545=EDGE_LOOP('44',(#2538,#2540,#2542,#2544));
#2546=FACE_OUTER_BOUND('44',#2545,.F.);
#2548=CARTESIAN_POINT('',(5.5E-1,1.5E-1,-1.082692E1));
#2549=DIRECTION('',(0.E0,0.E0,1.E0));
#2550=DIRECTION('',(0.E0,-1.E0,0.E0));
#2551=AXIS2_PLACEMENT_3D('',#2548,#2549,#2550);
#2552=CYLINDRICAL_SURFACE('1104',#2551,1.5E-1);
#2554=ORIENTED_EDGE('1283',*,*,#2553,.T.);
#2556=ORIENTED_EDGE('1284',*,*,#2555,.F.);
#2558=ORIENTED_EDGE('1285',*,*,#2557,.T.);
#2559=ORIENTED_EDGE('1286',*,*,#2508,.T.);
#2560=EDGE_LOOP('1104',(#2554,#2556,#2558,#2559));
#2561=FACE_OUTER_BOUND('1104',#2560,.F.);
#2563=CARTESIAN_POINT('',(1.1E0,0.E0,-3.775E0));
#2564=DIRECTION('',(0.E0,0.E0,-1.E0));
#2565=DIRECTION('',(-1.E0,0.E0,0.E0));
#2566=AXIS2_PLACEMENT_3D('',#2563,#2564,#2565);
#2567=PLANE('205',#2566);
#2568=ORIENTED_EDGE('1283',*,*,#2553,.F.);
#2569=ORIENTED_EDGE('1305',*,*,#2514,.F.);
#2571=ORIENTED_EDGE('464',*,*,#2570,.T.);
#2573=ORIENTED_EDGE('448',*,*,#2572,.F.);
#2575=ORIENTED_EDGE('1062',*,*,#2574,.F.);
#2577=ORIENTED_EDGE('1052',*,*,#2576,.F.);
#2578=ORIENTED_EDGE('1066',*,*,#2228,.T.);
#2580=ORIENTED_EDGE('605',*,*,#2579,.F.);
#2581=ORIENTED_EDGE('958',*,*,#2403,.T.);
#2583=ORIENTED_EDGE('969',*,*,#2582,.F.);
#2585=ORIENTED_EDGE('1323',*,*,#2584,.F.);
#2586=EDGE_LOOP('205',(#2568,#2569,#2571,#2573,#2575,#2577,#2578,#2580,#2581,
#2583,#2585));
#2587=FACE_OUTER_BOUND('205',#2586,.F.);
#2589=CARTESIAN_POINT('',(0.E0,0.E0,-4.7E0));
#2590=DIRECTION('',(-1.E0,0.E0,0.E0));
#2591=DIRECTION('',(0.E0,0.E0,1.E0));
#2592=AXIS2_PLACEMENT_3D('',#2589,#2590,#2591);
#2593=PLANE('60',#2592);
#2595=ORIENTED_EDGE('442',*,*,#2594,.T.);
#2596=ORIENTED_EDGE('464',*,*,#2570,.F.);
#2597=ORIENTED_EDGE('345',*,*,#2512,.F.);
#2599=ORIENTED_EDGE('456',*,*,#2598,.T.);
#2600=EDGE_LOOP('60',(#2595,#2596,#2597,#2599));
#2601=FACE_OUTER_BOUND('60',#2600,.F.);
#2603=CARTESIAN_POINT('',(0.E0,0.E0,-4.7E0));
#2604=DIRECTION('',(-1.E0,0.E0,0.E0));
#2605=DIRECTION('',(0.E0,0.E0,1.E0));
#2606=AXIS2_PLACEMENT_3D('',#2603,#2604,#2605);
#2607=PLANE('60',#2606);
#2609=ORIENTED_EDGE('443',*,*,#2608,.T.);
#2610=ORIENTED_EDGE('457',*,*,#2485,.F.);
#2611=ORIENTED_EDGE('347',*,*,#2526,.F.);
#2612=ORIENTED_EDGE('465',*,*,#2455,.T.);
#2613=EDGE_LOOP('60',(#2609,#2610,#2611,#2612));
#2614=FACE_OUTER_BOUND('60',#2613,.F.);
#2616=CARTESIAN_POINT('',(0.E0,0.E0,-4.7E0));
#2617=DIRECTION('',(-1.E0,0.E0,0.E0));
#2618=DIRECTION('',(0.E0,0.E0,1.E0));
#2619=AXIS2_PLACEMENT_3D('',#2616,#2617,#2618);
#2620=PLANE('60',#2619);
#2622=ORIENTED_EDGE('1280',*,*,#2621,.T.);
#2624=ORIENTED_EDGE('1316',*,*,#2623,.F.);
#2626=ORIENTED_EDGE('695',*,*,#2625,.F.);
#2628=ORIENTED_EDGE('1315',*,*,#2627,.T.);
#2629=EDGE_LOOP('60',(#2622,#2624,#2626,#2628));
#2630=FACE_OUTER_BOUND('60',#2629,.F.);
#2632=CARTESIAN_POINT('',(0.E0,1.5E-1,0.E0));
#2633=DIRECTION('',(0.E0,1.E0,0.E0));
#2634=DIRECTION('',(1.E0,0.E0,0.E0));
#2635=AXIS2_PLACEMENT_3D('',#2632,#2633,#2634);
#2636=PLANE('388',#2635);
#2638=ORIENTED_EDGE('441',*,*,#2637,.F.);
#2640=ORIENTED_EDGE('452',*,*,#2639,.T.);
#2642=ORIENTED_EDGE('470',*,*,#2641,.F.);
#2644=ORIENTED_EDGE('454',*,*,#2643,.T.);
#2645=EDGE_LOOP('388',(#2638,#2640,#2642,#2644));
#2646=FACE_OUTER_BOUND('388',#2645,.F.);
#2648=CARTESIAN_POINT('',(0.E0,1.5E-1,0.E0));
#2649=DIRECTION('',(0.E0,1.E0,0.E0));
#2650=DIRECTION('',(1.E0,0.E0,0.E0));
#2651=AXIS2_PLACEMENT_3D('',#2648,#2649,#2650);
#2652=PLANE('388',#2651);
#2653=ORIENTED_EDGE('442',*,*,#2594,.F.);
#2655=ORIENTED_EDGE('444',*,*,#2654,.T.);
#2657=ORIENTED_EDGE('468',*,*,#2656,.F.);
#2658=ORIENTED_EDGE('448',*,*,#2572,.T.);
#2659=EDGE_LOOP('388',(#2653,#2655,#2657,#2658));
#2660=FACE_OUTER_BOUND('388',#2659,.F.);
#2662=CARTESIAN_POINT('',(0.E0,1.5E-1,0.E0));
#2663=DIRECTION('',(0.E0,1.E0,0.E0));
#2664=DIRECTION('',(1.E0,0.E0,0.E0));
#2665=AXIS2_PLACEMENT_3D('',#2662,#2663,#2664);
#2666=PLANE('388',#2665);
#2667=ORIENTED_EDGE('443',*,*,#2608,.F.);
#2668=ORIENTED_EDGE('450',*,*,#2453,.T.);
#2670=ORIENTED_EDGE('469',*,*,#2669,.F.);
#2671=ORIENTED_EDGE('446',*,*,#2487,.T.);
#2672=EDGE_LOOP('388',(#2667,#2668,#2670,#2671));
#2673=FACE_OUTER_BOUND('388',#2672,.F.);
#2675=CARTESIAN_POINT('',(8.35E0,0.E0,0.E0));
#2676=DIRECTION('',(1.E0,0.E0,0.E0));
#2677=DIRECTION('',(0.E0,0.E0,-1.E0));
#2678=AXIS2_PLACEMENT_3D('',#2675,#2676,#2677);
#2679=PLANE('56',#2678);
#2680=ORIENTED_EDGE('441',*,*,#2637,.T.);
#2682=ORIENTED_EDGE('463',*,*,#2681,.F.);
#2683=ORIENTED_EDGE('330',*,*,#2541,.F.);
#2685=ORIENTED_EDGE('462',*,*,#2684,.T.);
#2686=EDGE_LOOP('56',(#2680,#2682,#2683,#2685));
#2687=FACE_OUTER_BOUND('56',#2686,.F.);
#2689=CARTESIAN_POINT('',(8.35E0,0.E0,0.E0));
#2690=DIRECTION('',(1.E0,0.E0,0.E0));
#2691=DIRECTION('',(0.E0,0.E0,-1.E0));
#2692=AXIS2_PLACEMENT_3D('',#2689,#2690,#2691);
#2693=PLANE('56',#2692);
#2694=ORIENTED_EDGE('1264',*,*,#2256,.T.);
#2695=ORIENTED_EDGE('1312',*,*,#2279,.F.);
#2697=ORIENTED_EDGE('694',*,*,#2696,.F.);
#2699=ORIENTED_EDGE('1314',*,*,#2698,.T.);
#2700=EDGE_LOOP('56',(#2694,#2695,#2697,#2699));
#2701=FACE_OUTER_BOUND('56',#2700,.F.);
#2703=CARTESIAN_POINT('',(8.35E0,0.E0,0.E0));
#2704=DIRECTION('',(1.E0,0.E0,0.E0));
#2705=DIRECTION('',(0.E0,0.E0,-1.E0));
#2706=AXIS2_PLACEMENT_3D('',#2703,#2704,#2705);
#2707=PLANE('56',#2706);
#2709=ORIENTED_EDGE('1268',*,*,#2708,.T.);
#2711=ORIENTED_EDGE('1313',*,*,#2710,.F.);
#2713=ORIENTED_EDGE('693',*,*,#2712,.F.);
#2715=ORIENTED_EDGE('1311',*,*,#2714,.T.);
#2716=EDGE_LOOP('56',(#2709,#2711,#2713,#2715));
#2717=FACE_OUTER_BOUND('56',#2716,.F.);
#2719=CARTESIAN_POINT('',(7.25E0,0.E0,-2.775E0));
#2720=DIRECTION('',(0.E0,0.E0,1.E0));
#2721=DIRECTION('',(1.E0,0.E0,0.E0));
#2722=AXIS2_PLACEMENT_3D('',#2719,#2720,#2721);
#2723=PLANE('261',#2722);
#2725=ORIENTED_EDGE('1291',*,*,#2724,.F.);
#2726=ORIENTED_EDGE('1308',*,*,#2543,.F.);
#2727=ORIENTED_EDGE('463',*,*,#2681,.T.);
#2728=ORIENTED_EDGE('454',*,*,#2643,.F.);
#2730=ORIENTED_EDGE('1065',*,*,#2729,.F.);
#2732=ORIENTED_EDGE('1056',*,*,#2731,.F.);
#2733=ORIENTED_EDGE('1069',*,*,#2188,.T.);
#2735=ORIENTED_EDGE('617',*,*,#2734,.F.);
#2736=ORIENTED_EDGE('964',*,*,#2383,.T.);
#2738=ORIENTED_EDGE('971',*,*,#2737,.F.);
#2740=ORIENTED_EDGE('1326',*,*,#2739,.F.);
#2741=EDGE_LOOP('261',(#2725,#2726,#2727,#2728,#2730,#2732,#2733,#2735,#2736,
#2738,#2740));
#2742=FACE_OUTER_BOUND('261',#2741,.F.);
#2744=CARTESIAN_POINT('',(7.8E0,1.5E-1,6.12692E0));
#2745=DIRECTION('',(0.E0,0.E0,-1.E0));
#2746=DIRECTION('',(0.E0,-1.E0,0.E0));
#2747=AXIS2_PLACEMENT_3D('',#2744,#2745,#2746);
#2748=CYLINDRICAL_SURFACE('1114',#2747,1.5E-1);
#2749=ORIENTED_EDGE('1291',*,*,#2724,.T.);
#2751=ORIENTED_EDGE('1292',*,*,#2750,.F.);
#2753=ORIENTED_EDGE('1293',*,*,#2752,.T.);
#2754=ORIENTED_EDGE('1294',*,*,#2537,.T.);
#2755=EDGE_LOOP('1114',(#2749,#2751,#2753,#2754));
#2756=FACE_OUTER_BOUND('1114',#2755,.F.);
#2758=CARTESIAN_POINT('',(7.65E0,0.E0,-1.525E0));
#2759=DIRECTION('',(1.E0,0.E0,0.E0));
#2760=DIRECTION('',(0.E0,0.E0,-1.E0));
#2761=AXIS2_PLACEMENT_3D('',#2758,#2759,#2760);
#2762=PLANE('525',#2761);
#2763=ORIENTED_EDGE('1292',*,*,#2750,.T.);
#2764=ORIENTED_EDGE('1326',*,*,#2739,.T.);
#2766=ORIENTED_EDGE('949',*,*,#2765,.F.);
#2768=ORIENTED_EDGE('1325',*,*,#2767,.F.);
#2769=EDGE_LOOP('525',(#2763,#2764,#2766,#2768));
#2770=FACE_OUTER_BOUND('525',#2769,.F.);
#2772=CARTESIAN_POINT('',(7.45E0,4.8E-1,6.12692E0));
#2773=DIRECTION('',(0.E0,0.E0,-1.E0));
#2774=DIRECTION('',(0.E0,1.E0,0.E0));
#2775=AXIS2_PLACEMENT_3D('',#2772,#2773,#2774);
#2776=CYLINDRICAL_SURFACE('859',#2775,2.E-1);
#2777=ORIENTED_EDGE('948',*,*,#2381,.F.);
#2779=ORIENTED_EDGE('970',*,*,#2778,.T.);
#2780=ORIENTED_EDGE('949',*,*,#2765,.T.);
#2781=ORIENTED_EDGE('971',*,*,#2737,.T.);
#2782=EDGE_LOOP('859',(#2777,#2779,#2780,#2781));
#2783=FACE_OUTER_BOUND('859',#2782,.F.);
#2785=CARTESIAN_POINT('',(8.35E0,0.E0,-1.925E0));
#2786=DIRECTION('',(0.E0,0.E0,-1.E0));
#2787=DIRECTION('',(-1.E0,0.E0,0.E0));
#2788=AXIS2_PLACEMENT_3D('',#2785,#2786,#2787);
#2789=PLANE('257',#2788);
#2790=ORIENTED_EDGE('1293',*,*,#2752,.F.);
#2791=ORIENTED_EDGE('1325',*,*,#2767,.T.);
#2792=ORIENTED_EDGE('970',*,*,#2778,.F.);
#2793=ORIENTED_EDGE('962',*,*,#2379,.F.);
#2795=ORIENTED_EDGE('616',*,*,#2794,.T.);
#2796=ORIENTED_EDGE('1068',*,*,#2192,.F.);
#2798=ORIENTED_EDGE('1058',*,*,#2797,.F.);
#2800=ORIENTED_EDGE('1064',*,*,#2799,.T.);
#2801=ORIENTED_EDGE('452',*,*,#2639,.F.);
#2802=ORIENTED_EDGE('462',*,*,#2684,.F.);
#2803=ORIENTED_EDGE('1307',*,*,#2539,.T.);
#2804=EDGE_LOOP('257',(#2790,#2791,#2792,#2793,#2795,#2796,#2798,#2800,#2801,
#2802,#2803));
#2805=FACE_OUTER_BOUND('257',#2804,.F.);
#2807=CARTESIAN_POINT('',(7.25E0,0.E0,-1.925E0));
#2808=DIRECTION('',(-1.E0,0.E0,0.E0));
#2809=DIRECTION('',(0.E0,0.E0,1.E0));
#2810=AXIS2_PLACEMENT_3D('',#2807,#2808,#2809);
#2811=PLANE('259',#2810);
#2812=ORIENTED_EDGE('582',*,*,#2377,.T.);
#2814=ORIENTED_EDGE('615',*,*,#2813,.T.);
#2815=ORIENTED_EDGE('309',*,*,#2194,.F.);
#2816=ORIENTED_EDGE('616',*,*,#2794,.F.);
#2817=EDGE_LOOP('259',(#2812,#2814,#2815,#2816));
#2818=FACE_OUTER_BOUND('259',#2817,.F.);
#2820=CARTESIAN_POINT('',(7.25E0,0.E0,-1.525E0));
#2821=DIRECTION('',(0.E0,0.E0,1.E0));
#2822=DIRECTION('',(1.E0,0.E0,0.E0));
#2823=AXIS2_PLACEMENT_3D('',#2820,#2821,#2822);
#2824=PLANE('253',#2823);
#2826=ORIENTED_EDGE('1267',*,*,#2825,.F.);
#2827=ORIENTED_EDGE('1301',*,*,#2196,.T.);
#2828=ORIENTED_EDGE('615',*,*,#2813,.F.);
#2829=ORIENTED_EDGE('577',*,*,#2375,.T.);
#2831=ORIENTED_EDGE('715',*,*,#2830,.F.);
#2833=ORIENTED_EDGE('700',*,*,#2832,.T.);
#2834=ORIENTED_EDGE('1313',*,*,#2710,.T.);
#2835=EDGE_LOOP('253',(#2826,#2827,#2828,#2829,#2831,#2833,#2834));
#2836=FACE_OUTER_BOUND('253',#2835,.F.);
#2838=CARTESIAN_POINT('',(8.2E0,6.8E-1,6.12692E0));
#2839=DIRECTION('',(0.E0,0.E0,-1.E0));
#2840=DIRECTION('',(0.E0,1.E0,0.E0));
#2841=AXIS2_PLACEMENT_3D('',#2838,#2839,#2840);
#2842=CYLINDRICAL_SURFACE('1084',#2841,1.5E-1);
#2843=ORIENTED_EDGE('1267',*,*,#2825,.T.);
#2844=ORIENTED_EDGE('1268',*,*,#2708,.F.);
#2846=ORIENTED_EDGE('1269',*,*,#2845,.T.);
#2847=ORIENTED_EDGE('1270',*,*,#2198,.T.);
#2848=EDGE_LOOP('1084',(#2843,#2844,#2846,#2847));
#2849=FACE_OUTER_BOUND('1084',#2848,.F.);
#2851=CARTESIAN_POINT('',(8.35E0,0.E0,-3.E-1));
#2852=DIRECTION('',(0.E0,0.E0,-1.E0));
#2853=DIRECTION('',(-1.E0,0.E0,0.E0));
#2854=AXIS2_PLACEMENT_3D('',#2851,#2852,#2853);
#2855=PLANE('241',#2854);
#2856=ORIENTED_EDGE('1269',*,*,#2845,.F.);
#2857=ORIENTED_EDGE('1311',*,*,#2714,.F.);
#2859=ORIENTED_EDGE('698',*,*,#2858,.T.);
#2861=ORIENTED_EDGE('713',*,*,#2860,.T.);
#2862=ORIENTED_EDGE('569',*,*,#2371,.F.);
#2864=ORIENTED_EDGE('613',*,*,#2863,.T.);
#2865=ORIENTED_EDGE('1297',*,*,#2200,.F.);
#2866=EDGE_LOOP('241',(#2856,#2857,#2859,#2861,#2862,#2864,#2865));
#2867=FACE_OUTER_BOUND('241',#2866,.F.);
#2869=CARTESIAN_POINT('',(0.E0,3.E-1,0.E0));
#2870=DIRECTION('',(0.E0,-1.E0,0.E0));
#2871=DIRECTION('',(1.E0,0.E0,0.E0));
#2872=AXIS2_PLACEMENT_3D('',#2869,#2870,#2871);
#2873=PLANE('656',#2872);
#2874=ORIENTED_EDGE('693',*,*,#2712,.T.);
#2875=ORIENTED_EDGE('700',*,*,#2832,.F.);
#2877=ORIENTED_EDGE('703',*,*,#2876,.F.);
#2878=ORIENTED_EDGE('698',*,*,#2858,.F.);
#2879=EDGE_LOOP('656',(#2874,#2875,#2877,#2878));
#2880=FACE_OUTER_BOUND('656',#2879,.F.);
#2882=CARTESIAN_POINT('',(0.E0,3.E-1,0.E0));
#2883=DIRECTION('',(0.E0,-1.E0,0.E0));
#2884=DIRECTION('',(1.E0,0.E0,0.E0));
#2885=AXIS2_PLACEMENT_3D('',#2882,#2883,#2884);
#2886=PLANE('656',#2885);
#2887=ORIENTED_EDGE('694',*,*,#2696,.T.);
#2888=ORIENTED_EDGE('699',*,*,#2277,.F.);
#2890=ORIENTED_EDGE('704',*,*,#2889,.F.);
#2892=ORIENTED_EDGE('701',*,*,#2891,.F.);
#2893=EDGE_LOOP('656',(#2887,#2888,#2890,#2892));
#2894=FACE_OUTER_BOUND('656',#2893,.F.);
#2896=CARTESIAN_POINT('',(0.E0,3.E-1,0.E0));
#2897=DIRECTION('',(0.E0,-1.E0,0.E0));
#2898=DIRECTION('',(1.E0,0.E0,0.E0));
#2899=AXIS2_PLACEMENT_3D('',#2896,#2897,#2898);
#2900=PLANE('656',#2899);
#2901=ORIENTED_EDGE('695',*,*,#2625,.T.);
#2903=ORIENTED_EDGE('697',*,*,#2902,.F.);
#2905=ORIENTED_EDGE('702',*,*,#2904,.F.);
#2907=ORIENTED_EDGE('696',*,*,#2906,.F.);
#2908=EDGE_LOOP('656',(#2901,#2903,#2905,#2907));
#2909=FACE_OUTER_BOUND('656',#2908,.F.);
#2911=CARTESIAN_POINT('',(8.2E0,0.E0,-1.5E-1));
#2912=DIRECTION('',(1.E0,0.E0,0.E0));
#2913=DIRECTION('',(0.E0,0.E0,-1.E0));
#2914=AXIS2_PLACEMENT_3D('',#2911,#2912,#2913);
#2915=PLANE('521',#2914);
#2916=ORIENTED_EDGE('703',*,*,#2876,.T.);
#2917=ORIENTED_EDGE('715',*,*,#2830,.T.);
#2918=ORIENTED_EDGE('624',*,*,#2373,.F.);
#2919=ORIENTED_EDGE('713',*,*,#2860,.F.);
#2920=EDGE_LOOP('521',(#2916,#2917,#2918,#2919));
#2921=FACE_OUTER_BOUND('521',#2920,.F.);
#2923=CARTESIAN_POINT('',(8.2E0,0.E0,-3.175E0));
#2924=DIRECTION('',(1.E0,0.E0,0.E0));
#2925=DIRECTION('',(0.E0,0.E0,-1.E0));
#2926=AXIS2_PLACEMENT_3D('',#2923,#2924,#2925);
#2927=PLANE('529',#2926);
#2928=ORIENTED_EDGE('704',*,*,#2889,.T.);
#2929=ORIENTED_EDGE('714',*,*,#2275,.T.);
#2930=ORIENTED_EDGE('626',*,*,#2389,.F.);
#2932=ORIENTED_EDGE('716',*,*,#2931,.F.);
#2933=EDGE_LOOP('529',(#2928,#2929,#2930,#2932));
#2934=FACE_OUTER_BOUND('529',#2933,.F.);
#2936=CARTESIAN_POINT('',(8.35E0,0.E0,-3.175E0));
#2937=DIRECTION('',(0.E0,0.E0,-1.E0));
#2938=DIRECTION('',(-1.E0,0.E0,0.E0));
#2939=AXIS2_PLACEMENT_3D('',#2936,#2937,#2938);
#2940=PLANE('265',#2939);
#2941=ORIENTED_EDGE('1265',*,*,#2258,.F.);
#2942=ORIENTED_EDGE('1314',*,*,#2698,.F.);
#2943=ORIENTED_EDGE('701',*,*,#2891,.T.);
#2944=ORIENTED_EDGE('716',*,*,#2931,.T.);
#2945=ORIENTED_EDGE('585',*,*,#2387,.T.);
#2947=ORIENTED_EDGE('618',*,*,#2946,.T.);
#2948=ORIENTED_EDGE('1302',*,*,#2184,.F.);
#2949=EDGE_LOOP('265',(#2941,#2942,#2943,#2944,#2945,#2947,#2948));
#2950=FACE_OUTER_BOUND('265',#2949,.F.);
#2952=CARTESIAN_POINT('',(7.25E0,0.E0,-3.175E0));
#2953=DIRECTION('',(-1.E0,0.E0,0.E0));
#2954=DIRECTION('',(0.E0,0.E0,1.E0));
#2955=AXIS2_PLACEMENT_3D('',#2952,#2953,#2954);
#2956=PLANE('267',#2955);
#2957=ORIENTED_EDGE('588',*,*,#2385,.T.);
#2958=ORIENTED_EDGE('617',*,*,#2734,.T.);
#2959=ORIENTED_EDGE('312',*,*,#2186,.F.);
#2960=ORIENTED_EDGE('618',*,*,#2946,.F.);
#2961=EDGE_LOOP('267',(#2957,#2958,#2959,#2960));
#2962=FACE_OUTER_BOUND('267',#2961,.F.);
#2964=CARTESIAN_POINT('',(1.1E0,0.E0,-1.325E0));
#2965=DIRECTION('',(0.E0,0.E0,-1.E0));
#2966=DIRECTION('',(-1.E0,0.E0,0.E0));
#2967=AXIS2_PLACEMENT_3D('',#2964,#2965,#2966);
#2968=PLANE('213',#2967);
#2970=ORIENTED_EDGE('1279',*,*,#2969,.F.);
#2971=ORIENTED_EDGE('1296',*,*,#2220,.T.);
#2973=ORIENTED_EDGE('607',*,*,#2972,.F.);
#2974=ORIENTED_EDGE('559',*,*,#2411,.T.);
#2976=ORIENTED_EDGE('712',*,*,#2975,.F.);
#2977=ORIENTED_EDGE('697',*,*,#2902,.T.);
#2978=ORIENTED_EDGE('1316',*,*,#2623,.T.);
#2979=EDGE_LOOP('213',(#2970,#2971,#2973,#2974,#2976,#2977,#2978));
#2980=FACE_OUTER_BOUND('213',#2979,.F.);
#2982=CARTESIAN_POINT('',(1.5E-1,6.8E-1,-1.082692E1));
#2983=DIRECTION('',(0.E0,0.E0,1.E0));
#2984=DIRECTION('',(0.E0,1.E0,0.E0));
#2985=AXIS2_PLACEMENT_3D('',#2982,#2983,#2984);
#2986=CYLINDRICAL_SURFACE('1099',#2985,1.5E-1);
#2987=ORIENTED_EDGE('1279',*,*,#2969,.T.);
#2988=ORIENTED_EDGE('1280',*,*,#2621,.F.);
#2990=ORIENTED_EDGE('1281',*,*,#2989,.T.);
#2991=ORIENTED_EDGE('1282',*,*,#2222,.T.);
#2992=EDGE_LOOP('1099',(#2987,#2988,#2990,#2991));
#2993=FACE_OUTER_BOUND('1099',#2992,.F.);
#2995=CARTESIAN_POINT('',(0.E0,0.E0,-3.375E0));
#2996=DIRECTION('',(0.E0,0.E0,1.E0));
#2997=DIRECTION('',(1.E0,0.E0,0.E0));
#2998=AXIS2_PLACEMENT_3D('',#2995,#2996,#2997);
#2999=PLANE('209',#2998);
#3000=ORIENTED_EDGE('1281',*,*,#2989,.F.);
#3001=ORIENTED_EDGE('1315',*,*,#2627,.F.);
#3002=ORIENTED_EDGE('696',*,*,#2906,.T.);
#3004=ORIENTED_EDGE('711',*,*,#3003,.T.);
#3005=ORIENTED_EDGE('555',*,*,#2407,.T.);
#3007=ORIENTED_EDGE('606',*,*,#3006,.T.);
#3008=ORIENTED_EDGE('1295',*,*,#2224,.F.);
#3009=EDGE_LOOP('209',(#3000,#3001,#3002,#3004,#3005,#3007,#3008));
#3010=FACE_OUTER_BOUND('209',#3009,.F.);
#3012=CARTESIAN_POINT('',(1.5E-1,0.E0,-3.375E0));
#3013=DIRECTION('',(-1.E0,0.E0,0.E0));
#3014=DIRECTION('',(0.E0,0.E0,1.E0));
#3015=AXIS2_PLACEMENT_3D('',#3012,#3013,#3014);
#3016=PLANE('513',#3015);
#3017=ORIENTED_EDGE('702',*,*,#2904,.T.);
#3018=ORIENTED_EDGE('712',*,*,#2975,.T.);
#3019=ORIENTED_EDGE('621',*,*,#2409,.F.);
#3020=ORIENTED_EDGE('711',*,*,#3003,.F.);
#3021=EDGE_LOOP('513',(#3017,#3018,#3019,#3020));
#3022=FACE_OUTER_BOUND('513',#3021,.F.);
#3024=CARTESIAN_POINT('',(1.1E0,0.E0,-3.375E0));
#3025=DIRECTION('',(1.E0,0.E0,0.E0));
#3026=DIRECTION('',(0.E0,0.E0,-1.E0));
#3027=AXIS2_PLACEMENT_3D('',#3024,#3025,#3026);
#3028=PLANE('211',#3027);
#3029=ORIENTED_EDGE('558',*,*,#2405,.T.);
#3030=ORIENTED_EDGE('605',*,*,#2579,.T.);
#3031=ORIENTED_EDGE('293',*,*,#2226,.F.);
#3032=ORIENTED_EDGE('606',*,*,#3006,.F.);
#3033=EDGE_LOOP('211',(#3029,#3030,#3031,#3032));
#3034=FACE_OUTER_BOUND('211',#3033,.F.);
#3036=CARTESIAN_POINT('',(1.1E0,0.E0,-9.25E-1));
#3037=DIRECTION('',(1.E0,0.E0,0.E0));
#3038=DIRECTION('',(0.E0,0.E0,-1.E0));
#3039=AXIS2_PLACEMENT_3D('',#3036,#3037,#3038);
#3040=PLANE('219',#3039);
#3041=ORIENTED_EDGE('564',*,*,#2413,.T.);
#3042=ORIENTED_EDGE('607',*,*,#2972,.T.);
#3043=ORIENTED_EDGE('296',*,*,#2218,.F.);
#3044=ORIENTED_EDGE('608',*,*,#2446,.F.);
#3045=EDGE_LOOP('219',(#3041,#3042,#3043,#3044));
#3046=FACE_OUTER_BOUND('219',#3045,.F.);
#3048=CARTESIAN_POINT('',(8.05E0,0.E0,-3.E-1));
#3049=DIRECTION('',(-1.E0,0.E0,0.E0));
#3050=DIRECTION('',(0.E0,0.E0,1.E0));
#3051=AXIS2_PLACEMENT_3D('',#3048,#3049,#3050);
#3052=PLANE('243',#3051);
#3054=ORIENTED_EDGE('1271',*,*,#3053,.F.);
#3055=ORIENTED_EDGE('1298',*,*,#2202,.T.);
#3056=ORIENTED_EDGE('613',*,*,#2863,.F.);
#3057=ORIENTED_EDGE('571',*,*,#2369,.T.);
#3059=ORIENTED_EDGE('772',*,*,#3058,.F.);
#3061=ORIENTED_EDGE('764',*,*,#3060,.F.);
#3063=ORIENTED_EDGE('1318',*,*,#3062,.T.);
#3064=EDGE_LOOP('243',(#3054,#3055,#3056,#3057,#3059,#3061,#3063));
#3065=FACE_OUTER_BOUND('243',#3064,.F.);
#3067=CARTESIAN_POINT('',(-1.088506E1,6.8E-1,-1.5E-1));
#3068=DIRECTION('',(1.E0,0.E0,0.E0));
#3069=DIRECTION('',(0.E0,1.E0,0.E0));
#3070=AXIS2_PLACEMENT_3D('',#3067,#3068,#3069);
#3071=CYLINDRICAL_SURFACE('1089',#3070,1.5E-1);
#3072=ORIENTED_EDGE('1271',*,*,#3053,.T.);
#3074=ORIENTED_EDGE('1272',*,*,#3073,.F.);
#3076=ORIENTED_EDGE('1273',*,*,#3075,.T.);
#3077=ORIENTED_EDGE('1274',*,*,#2204,.T.);
#3078=EDGE_LOOP('1089',(#3072,#3074,#3076,#3077));
#3079=FACE_OUTER_BOUND('1089',#3078,.F.);
#3081=CARTESIAN_POINT('',(0.E0,0.E0,0.E0));
#3082=DIRECTION('',(0.E0,0.E0,1.E0));
#3083=DIRECTION('',(1.E0,0.E0,0.E0));
#3084=AXIS2_PLACEMENT_3D('',#3081,#3082,#3083);
#3085=PLANE('54',#3084);
#3086=ORIENTED_EDGE('1272',*,*,#3073,.T.);
#3087=ORIENTED_EDGE('1318',*,*,#3062,.F.);
#3089=ORIENTED_EDGE('762',*,*,#3088,.T.);
#3091=ORIENTED_EDGE('759',*,*,#3090,.T.);
#3093=ORIENTED_EDGE('760',*,*,#3092,.T.);
#3095=ORIENTED_EDGE('761',*,*,#3094,.T.);
#3097=ORIENTED_EDGE('1317',*,*,#3096,.T.);
#3098=EDGE_LOOP('54',(#3086,#3087,#3089,#3091,#3093,#3095,#3097));
#3099=FACE_OUTER_BOUND('54',#3098,.F.);
#3101=CARTESIAN_POINT('',(8.05E0,3.E-1,0.E0));
#3102=DIRECTION('',(0.E0,1.E0,0.E0));
#3103=DIRECTION('',(-1.E0,0.E0,0.E0));
#3104=AXIS2_PLACEMENT_3D('',#3101,#3102,#3103);
#3105=PLANE('757',#3104);
#3106=ORIENTED_EDGE('762',*,*,#3088,.F.);
#3107=ORIENTED_EDGE('764',*,*,#3060,.T.);
#3109=ORIENTED_EDGE('768',*,*,#3108,.T.);
#3111=ORIENTED_EDGE('773',*,*,#3110,.F.);
#3112=EDGE_LOOP('757',(#3106,#3107,#3109,#3111));
#3113=FACE_OUTER_BOUND('757',#3112,.F.);
#3115=CARTESIAN_POINT('',(7.E-1,0.E0,-1.5E-1));
#3116=DIRECTION('',(0.E0,0.E0,1.E0));
#3117=DIRECTION('',(1.E0,0.E0,0.E0));
#3118=AXIS2_PLACEMENT_3D('',#3115,#3116,#3117);
#3119=PLANE('519',#3118);
#3121=ORIENTED_EDGE('765',*,*,#3120,.F.);
#3122=ORIENTED_EDGE('768',*,*,#3108,.F.);
#3123=ORIENTED_EDGE('772',*,*,#3058,.T.);
#3124=ORIENTED_EDGE('623',*,*,#2367,.F.);
#3126=ORIENTED_EDGE('771',*,*,#3125,.F.);
#3128=ORIENTED_EDGE('767',*,*,#3127,.F.);
#3130=ORIENTED_EDGE('766',*,*,#3129,.F.);
#3131=EDGE_LOOP('519',(#3121,#3122,#3123,#3124,#3126,#3128,#3130));
#3132=FACE_OUTER_BOUND('519',#3131,.F.);
#3134=CARTESIAN_POINT('',(7.122346281956E0,3.E-1,0.E0));
#3135=DIRECTION('',(-9.659258262891E-1,2.588190451025E-1,0.E0));
#3136=DIRECTION('',(-2.588190451025E-1,-9.659258262891E-1,0.E0));
#3137=AXIS2_PLACEMENT_3D('',#3134,#3135,#3136);
#3138=PLANE('745',#3137);
#3139=ORIENTED_EDGE('759',*,*,#3090,.F.);
#3140=ORIENTED_EDGE('773',*,*,#3110,.T.);
#3141=ORIENTED_EDGE('765',*,*,#3120,.T.);
#3143=ORIENTED_EDGE('774',*,*,#3142,.F.);
#3144=EDGE_LOOP('745',(#3139,#3140,#3141,#3143));
#3145=FACE_OUTER_BOUND('745',#3144,.F.);
#3147=CARTESIAN_POINT('',(7.05E0,3.E-2,0.E0));
#3148=DIRECTION('',(0.E0,1.E0,0.E0));
#3149=DIRECTION('',(-1.E0,0.E0,0.E0));
#3150=AXIS2_PLACEMENT_3D('',#3147,#3148,#3149);
#3151=PLANE('747',#3150);
#3152=ORIENTED_EDGE('760',*,*,#3092,.F.);
#3153=ORIENTED_EDGE('774',*,*,#3142,.T.);
#3154=ORIENTED_EDGE('766',*,*,#3129,.T.);
#3156=ORIENTED_EDGE('775',*,*,#3155,.F.);
#3157=EDGE_LOOP('747',(#3152,#3153,#3154,#3156));
#3158=FACE_OUTER_BOUND('747',#3157,.F.);
#3160=CARTESIAN_POINT('',(6.25E0,3.E-2,0.E0));
#3161=DIRECTION('',(9.659258262891E-1,2.588190451025E-1,0.E0));
#3162=DIRECTION('',(-2.588190451025E-1,9.659258262891E-1,0.E0));
#3163=AXIS2_PLACEMENT_3D('',#3160,#3161,#3162);
#3164=PLANE('749',#3163);
#3165=ORIENTED_EDGE('761',*,*,#3094,.F.);
#3166=ORIENTED_EDGE('775',*,*,#3155,.T.);
#3167=ORIENTED_EDGE('767',*,*,#3127,.T.);
#3169=ORIENTED_EDGE('763',*,*,#3168,.F.);
#3170=EDGE_LOOP('749',(#3165,#3166,#3167,#3169));
#3171=FACE_OUTER_BOUND('749',#3170,.F.);
#3173=CARTESIAN_POINT('',(6.1E0,0.E0,0.E0));
#3174=DIRECTION('',(1.E0,0.E0,0.E0));
#3175=DIRECTION('',(0.E0,0.E0,-1.E0));
#3176=AXIS2_PLACEMENT_3D('',#3173,#3174,#3175);
#3177=PLANE('102',#3176);
#3178=ORIENTED_EDGE('1273',*,*,#3075,.F.);
#3179=ORIENTED_EDGE('1317',*,*,#3096,.F.);
#3180=ORIENTED_EDGE('763',*,*,#3168,.T.);
#3181=ORIENTED_EDGE('771',*,*,#3125,.T.);
#3182=ORIENTED_EDGE('549',*,*,#2365,.F.);
#3184=ORIENTED_EDGE('610',*,*,#3183,.T.);
#3185=ORIENTED_EDGE('1303',*,*,#2206,.T.);
#3186=EDGE_LOOP('102',(#3178,#3179,#3180,#3181,#3182,#3184,#3185));
#3187=FACE_OUTER_BOUND('102',#3186,.F.);
#3189=CARTESIAN_POINT('',(6.1E0,0.E0,-3.E-1));
#3190=DIRECTION('',(0.E0,0.E0,-1.E0));
#3191=DIRECTION('',(-1.E0,0.E0,0.E0));
#3192=AXIS2_PLACEMENT_3D('',#3189,#3190,#3191);
#3193=PLANE('227',#3192);
#3194=ORIENTED_EDGE('566',*,*,#2363,.T.);
#3196=ORIENTED_EDGE('609',*,*,#3195,.T.);
#3197=ORIENTED_EDGE('299',*,*,#2208,.F.);
#3198=ORIENTED_EDGE('610',*,*,#3183,.F.);
#3199=EDGE_LOOP('227',(#3194,#3196,#3197,#3198));
#3200=FACE_OUTER_BOUND('227',#3199,.F.);
#3202=CARTESIAN_POINT('',(5.7E0,0.E0,-3.E-1));
#3203=DIRECTION('',(-1.E0,0.E0,0.E0));
#3204=DIRECTION('',(0.E0,0.E0,1.E0));
#3205=AXIS2_PLACEMENT_3D('',#3202,#3203,#3204);
#3206=PLANE('221',#3205);
#3207=ORIENTED_EDGE('565',*,*,#2361,.T.);
#3208=ORIENTED_EDGE('602',*,*,#2494,.T.);
#3209=ORIENTED_EDGE('297',*,*,#2210,.F.);
#3210=ORIENTED_EDGE('609',*,*,#3195,.F.);
#3211=EDGE_LOOP('221',(#3207,#3208,#3209,#3210));
#3212=FACE_OUTER_BOUND('221',#3211,.F.);
#3214=CARTESIAN_POINT('',(7.45E0,4.8E-1,6.12692E0));
#3215=DIRECTION('',(0.E0,0.E0,-1.E0));
#3216=DIRECTION('',(0.E0,1.E0,0.E0));
#3217=AXIS2_PLACEMENT_3D('',#3214,#3215,#3216);
#3218=CYLINDRICAL_SURFACE('989',#3217,3.5E-1);
#3219=ORIENTED_EDGE('1056',*,*,#2731,.T.);
#3221=ORIENTED_EDGE('1057',*,*,#3220,.F.);
#3222=ORIENTED_EDGE('1058',*,*,#2797,.T.);
#3223=ORIENTED_EDGE('1059',*,*,#2190,.T.);
#3224=EDGE_LOOP('989',(#3219,#3221,#3222,#3223));
#3225=FACE_OUTER_BOUND('989',#3224,.F.);
#3227=CARTESIAN_POINT('',(7.8E0,1.5E-1,-2.775E0));
#3228=DIRECTION('',(-1.E0,0.E0,0.E0));
#3229=DIRECTION('',(0.E0,0.E0,1.E0));
#3230=AXIS2_PLACEMENT_3D('',#3227,#3228,#3229);
#3231=PLANE('436',#3230);
#3232=ORIENTED_EDGE('1057',*,*,#3220,.T.);
#3233=ORIENTED_EDGE('1065',*,*,#2729,.T.);
#3234=ORIENTED_EDGE('470',*,*,#2641,.T.);
#3235=ORIENTED_EDGE('1064',*,*,#2799,.F.);
#3236=EDGE_LOOP('436',(#3232,#3233,#3234,#3235));
#3237=FACE_OUTER_BOUND('436',#3236,.F.);
#3239=CARTESIAN_POINT('',(0.E0,0.E0,-4.55E0));
#3240=DIRECTION('',(0.E0,0.E0,1.E0));
#3241=DIRECTION('',(1.E0,0.E0,0.E0));
#3242=AXIS2_PLACEMENT_3D('',#3239,#3240,#3241);
#3243=PLANE('96',#3242);
#3244=ORIENTED_EDGE('1285',*,*,#2557,.F.);
#3246=ORIENTED_EDGE('1321',*,*,#3245,.T.);
#3248=ORIENTED_EDGE('968',*,*,#3247,.F.);
#3249=ORIENTED_EDGE('954',*,*,#2399,.F.);
#3251=ORIENTED_EDGE('601',*,*,#3250,.T.);
#3252=ORIENTED_EDGE('1070',*,*,#2232,.F.);
#3254=ORIENTED_EDGE('1054',*,*,#3253,.F.);
#3256=ORIENTED_EDGE('1060',*,*,#3255,.T.);
#3257=ORIENTED_EDGE('444',*,*,#2654,.F.);
#3258=ORIENTED_EDGE('456',*,*,#2598,.F.);
#3259=ORIENTED_EDGE('1309',*,*,#2510,.T.);
#3260=EDGE_LOOP('96',(#3244,#3246,#3248,#3249,#3251,#3252,#3254,#3256,#3257,
#3258,#3259));
#3261=FACE_OUTER_BOUND('96',#3260,.F.);
#3263=CARTESIAN_POINT('',(7.E-1,0.E0,-4.55E0));
#3264=DIRECTION('',(-1.E0,0.E0,0.E0));
#3265=DIRECTION('',(0.E0,0.E0,1.E0));
#3266=AXIS2_PLACEMENT_3D('',#3263,#3264,#3265);
#3267=PLANE('533',#3266);
#3268=ORIENTED_EDGE('1284',*,*,#2555,.T.);
#3269=ORIENTED_EDGE('1323',*,*,#2584,.T.);
#3271=ORIENTED_EDGE('943',*,*,#3270,.F.);
#3272=ORIENTED_EDGE('1321',*,*,#3245,.F.);
#3273=EDGE_LOOP('533',(#3268,#3269,#3271,#3272));
#3274=FACE_OUTER_BOUND('533',#3273,.F.);
#3276=CARTESIAN_POINT('',(9.E-1,4.8E-1,-1.082692E1));
#3277=DIRECTION('',(0.E0,0.E0,1.E0));
#3278=DIRECTION('',(0.E0,1.E0,0.E0));
#3279=AXIS2_PLACEMENT_3D('',#3276,#3277,#3278);
#3280=CYLINDRICAL_SURFACE('854',#3279,2.E-1);
#3281=ORIENTED_EDGE('942',*,*,#2401,.F.);
#3282=ORIENTED_EDGE('968',*,*,#3247,.T.);
#3283=ORIENTED_EDGE('943',*,*,#3270,.T.);
#3284=ORIENTED_EDGE('969',*,*,#2582,.T.);
#3285=EDGE_LOOP('854',(#3281,#3282,#3283,#3284));
#3286=FACE_OUTER_BOUND('854',#3285,.F.);
#3288=CARTESIAN_POINT('',(5.7E0,0.E0,-4.55E0));
#3289=DIRECTION('',(-1.E0,0.E0,0.E0));
#3290=DIRECTION('',(0.E0,0.E0,1.E0));
#3291=AXIS2_PLACEMENT_3D('',#3288,#3289,#3290);
#3292=PLANE('235',#3291);
#3293=ORIENTED_EDGE('568',*,*,#2397,.T.);
#3294=ORIENTED_EDGE('611',*,*,#2347,.T.);
#3295=ORIENTED_EDGE('302',*,*,#2234,.F.);
#3296=ORIENTED_EDGE('601',*,*,#3250,.F.);
#3297=EDGE_LOOP('235',(#3293,#3294,#3295,#3296));
#3298=FACE_OUTER_BOUND('235',#3297,.F.);
#3300=CARTESIAN_POINT('',(9.E-1,4.8E-1,-1.082692E1));
#3301=DIRECTION('',(0.E0,0.E0,1.E0));
#3302=DIRECTION('',(0.E0,1.E0,0.E0));
#3303=AXIS2_PLACEMENT_3D('',#3300,#3301,#3302);
#3304=CYLINDRICAL_SURFACE('984',#3303,3.5E-1);
#3305=ORIENTED_EDGE('1052',*,*,#2576,.T.);
#3307=ORIENTED_EDGE('1053',*,*,#3306,.F.);
#3308=ORIENTED_EDGE('1054',*,*,#3253,.T.);
#3309=ORIENTED_EDGE('1055',*,*,#2230,.T.);
#3310=EDGE_LOOP('984',(#3305,#3307,#3308,#3309));
#3311=FACE_OUTER_BOUND('984',#3310,.F.);
#3313=CARTESIAN_POINT('',(5.5E-1,1.5E-1,-3.775E0));
#3314=DIRECTION('',(1.E0,0.E0,0.E0));
#3315=DIRECTION('',(0.E0,0.E0,-1.E0));
#3316=AXIS2_PLACEMENT_3D('',#3313,#3314,#3315);
#3317=PLANE('420',#3316);
#3318=ORIENTED_EDGE('1053',*,*,#3306,.T.);
#3319=ORIENTED_EDGE('1062',*,*,#2574,.T.);
#3320=ORIENTED_EDGE('468',*,*,#2656,.T.);
#3321=ORIENTED_EDGE('1060',*,*,#3255,.F.);
#3322=EDGE_LOOP('420',(#3318,#3319,#3320,#3321));
#3323=FACE_OUTER_BOUND('420',#3322,.F.);
#3325=CARTESIAN_POINT('',(5.5E-1,1.5E-1,-1.5E-1));
#3326=DIRECTION('',(1.E0,0.E0,0.E0));
#3327=DIRECTION('',(0.E0,0.E0,-1.E0));
#3328=AXIS2_PLACEMENT_3D('',#3325,#3326,#3327);
#3329=PLANE('428',#3328);
#3331=ORIENTED_EDGE('1049',*,*,#3330,.T.);
#3332=ORIENTED_EDGE('1061',*,*,#2489,.T.);
#3333=ORIENTED_EDGE('469',*,*,#2669,.T.);
#3334=ORIENTED_EDGE('1063',*,*,#2451,.F.);
#3335=EDGE_LOOP('428',(#3331,#3332,#3333,#3334));
#3336=FACE_OUTER_BOUND('428',#3335,.F.);
#3338=CARTESIAN_POINT('',(9.E-1,4.8E-1,-1.082692E1));
#3339=DIRECTION('',(0.E0,0.E0,1.E0));
#3340=DIRECTION('',(0.E0,1.E0,0.E0));
#3341=AXIS2_PLACEMENT_3D('',#3338,#3339,#3340);
#3342=CYLINDRICAL_SURFACE('979',#3341,3.5E-1);
#3343=ORIENTED_EDGE('1048',*,*,#2491,.T.);
#3344=ORIENTED_EDGE('1049',*,*,#3330,.F.);
#3345=ORIENTED_EDGE('1050',*,*,#2449,.T.);
#3346=ORIENTED_EDGE('1051',*,*,#2214,.T.);
#3347=EDGE_LOOP('979',(#3343,#3344,#3345,#3346));
#3348=FACE_OUTER_BOUND('979',#3347,.F.);
#3350=CARTESIAN_POINT('',(7.E-1,0.E0,-1.325E0));
#3351=DIRECTION('',(-1.E0,0.E0,0.E0));
#3352=DIRECTION('',(0.E0,0.E0,1.E0));
#3353=AXIS2_PLACEMENT_3D('',#3350,#3351,#3352);
#3354=PLANE('517',#3353);
#3355=ORIENTED_EDGE('1288',*,*,#2469,.T.);
#3356=ORIENTED_EDGE('1322',*,*,#2498,.T.);
#3357=ORIENTED_EDGE('937',*,*,#2428,.F.);
#3358=ORIENTED_EDGE('1324',*,*,#2442,.F.);
#3359=EDGE_LOOP('517',(#3355,#3356,#3357,#3358));
#3360=FACE_OUTER_BOUND('517',#3359,.F.);
#3362=CARTESIAN_POINT('',(8.2E0,0.E0,-4.55E0));
#3363=DIRECTION('',(0.E0,0.E0,-1.E0));
#3364=DIRECTION('',(-1.E0,0.E0,0.E0));
#3365=AXIS2_PLACEMENT_3D('',#3362,#3363,#3364);
#3366=PLANE('531',#3365);
#3368=ORIENTED_EDGE('826',*,*,#3367,.T.);
#3369=ORIENTED_EDGE('832',*,*,#2329,.T.);
#3370=ORIENTED_EDGE('627',*,*,#2393,.F.);
#3371=ORIENTED_EDGE('833',*,*,#2295,.F.);
#3373=ORIENTED_EDGE('827',*,*,#3372,.T.);
#3375=ORIENTED_EDGE('828',*,*,#3374,.T.);
#3377=ORIENTED_EDGE('829',*,*,#3376,.T.);
#3378=EDGE_LOOP('531',(#3368,#3369,#3370,#3371,#3373,#3375,#3377));
#3379=FACE_OUTER_BOUND('531',#3378,.F.);
#3381=CARTESIAN_POINT('',(6.25E0,3.E-2,-4.7E0));
#3382=DIRECTION('',(9.659258262891E-1,2.588190451025E-1,0.E0));
#3383=DIRECTION('',(-2.588190451025E-1,9.659258262891E-1,0.E0));
#3384=AXIS2_PLACEMENT_3D('',#3381,#3382,#3383);
#3385=PLANE('806',#3384);
#3387=ORIENTED_EDGE('820',*,*,#3386,.T.);
#3388=ORIENTED_EDGE('824',*,*,#2331,.T.);
#3389=ORIENTED_EDGE('826',*,*,#3367,.F.);
#3391=ORIENTED_EDGE('834',*,*,#3390,.F.);
#3392=EDGE_LOOP('806',(#3387,#3388,#3389,#3391));
#3393=FACE_OUTER_BOUND('806',#3392,.F.);
#3395=CARTESIAN_POINT('',(8.35E0,0.E0,-4.7E0));
#3396=DIRECTION('',(0.E0,0.E0,-1.E0));
#3397=DIRECTION('',(-1.E0,0.E0,0.E0));
#3398=AXIS2_PLACEMENT_3D('',#3395,#3396,#3397);
#3399=PLANE('58',#3398);
#3400=ORIENTED_EDGE('1276',*,*,#2311,.T.);
#3401=ORIENTED_EDGE('1319',*,*,#2333,.F.);
#3402=ORIENTED_EDGE('820',*,*,#3386,.F.);
#3404=ORIENTED_EDGE('823',*,*,#3403,.F.);
#3406=ORIENTED_EDGE('822',*,*,#3405,.F.);
#3408=ORIENTED_EDGE('821',*,*,#3407,.F.);
#3409=ORIENTED_EDGE('1320',*,*,#2291,.T.);
#3410=EDGE_LOOP('58',(#3400,#3401,#3402,#3404,#3406,#3408,#3409));
#3411=FACE_OUTER_BOUND('58',#3410,.F.);
#3413=CARTESIAN_POINT('',(7.05E0,3.E-2,-4.7E0));
#3414=DIRECTION('',(0.E0,1.E0,0.E0));
#3415=DIRECTION('',(-1.E0,0.E0,0.E0));
#3416=AXIS2_PLACEMENT_3D('',#3413,#3414,#3415);
#3417=PLANE('818',#3416);
#3418=ORIENTED_EDGE('823',*,*,#3403,.T.);
#3419=ORIENTED_EDGE('834',*,*,#3390,.T.);
#3420=ORIENTED_EDGE('829',*,*,#3376,.F.);
#3422=ORIENTED_EDGE('836',*,*,#3421,.F.);
#3423=EDGE_LOOP('818',(#3418,#3419,#3420,#3422));
#3424=FACE_OUTER_BOUND('818',#3423,.F.);
#3426=CARTESIAN_POINT('',(7.122346281956E0,3.E-1,-4.7E0));
#3427=DIRECTION('',(-9.659258262891E-1,2.588190451025E-1,0.E0));
#3428=DIRECTION('',(-2.588190451025E-1,-9.659258262891E-1,0.E0));
#3429=AXIS2_PLACEMENT_3D('',#3426,#3427,#3428);
#3430=PLANE('816',#3429);
#3431=ORIENTED_EDGE('822',*,*,#3405,.T.);
#3432=ORIENTED_EDGE('836',*,*,#3421,.T.);
#3433=ORIENTED_EDGE('828',*,*,#3374,.F.);
#3435=ORIENTED_EDGE('835',*,*,#3434,.F.);
#3436=EDGE_LOOP('816',(#3431,#3432,#3433,#3435));
#3437=FACE_OUTER_BOUND('816',#3436,.F.);
#3439=CARTESIAN_POINT('',(8.05E0,3.E-1,-4.7E0));
#3440=DIRECTION('',(0.E0,1.E0,0.E0));
#3441=DIRECTION('',(-1.E0,0.E0,0.E0));
#3442=AXIS2_PLACEMENT_3D('',#3439,#3440,#3441);
#3443=PLANE('814',#3442);
#3444=ORIENTED_EDGE('821',*,*,#3407,.T.);
#3445=ORIENTED_EDGE('835',*,*,#3434,.T.);
#3446=ORIENTED_EDGE('827',*,*,#3372,.F.);
#3447=ORIENTED_EDGE('825',*,*,#2293,.F.);
#3448=EDGE_LOOP('814',(#3444,#3445,#3446,#3447));
#3449=FACE_OUTER_BOUND('814',#3448,.F.);
#3451=CLOSED_SHELL('',(#2248,#2263,#2283,#2303,#2317,#2337,#2351,#2419,#2434,
#2461,#2476,#2502,#2518,#2531,#2547,#2562,#2588,#2602,#2615,#2631,#2647,#2661,
#2674,#2688,#2702,#2718,#2743,#2757,#2771,#2784,#2806,#2819,#2837,#2850,#2868,
#2881,#2895,#2910,#2922,#2935,#2951,#2963,#2981,#2994,#3011,#3023,#3035,#3047,
#3066,#3080,#3100,#3114,#3133,#3146,#3159,#3172,#3188,#3201,#3213,#3226,#3238,
#3262,#3275,#3287,#3299,#3312,#3324,#3337,#3349,#3361,#3380,#3394,#3412,#3425,
#3438,#3450));
#3452=MANIFOLD_SOLID_BREP('',#3451);
#3453=FILL_AREA_STYLE_COLOUR('',#297);
#3454=FILL_AREA_STYLE('',(#3453));
#3455=SURFACE_STYLE_FILL_AREA(#3454);
#3456=SURFACE_SIDE_STYLE('',(#3455));
#3457=SURFACE_STYLE_USAGE(.BOTH.,#3456);
#3458=PRESENTATION_STYLE_ASSIGNMENT((#3457));
#298=STYLED_ITEM('',(#3458),#3452);
#3461=PLANE_ANGLE_MEASURE_WITH_UNIT(PLANE_ANGLE_MEASURE(1.745329251994E-2),
#3460);
#3462=(CONVERSION_BASED_UNIT('DEGREE',#3461)NAMED_UNIT(*)PLANE_ANGLE_UNIT());
#3464=UNCERTAINTY_MEASURE_WITH_UNIT(LENGTH_MEASURE(1.E-3),#3459,
'distance_accuracy_value',
'Maximum model space distance between geometric entities at asserted connectivities');
#3466=CARTESIAN_POINT('',(0.E0,0.E0,0.E0));
#3467=DIRECTION('',(0.E0,0.E0,1.E0));
#3468=DIRECTION('',(1.E0,0.E0,0.E0));
#3471=PRODUCT_CONTEXT('',#220,'mechanical');
#3472=PRODUCT('CASE','CASE','NOT SPECIFIED',(#3471));
#3473=PRODUCT_DEFINITION_FORMATION('3','LAST_VERSION',#3472);
#3481=DERIVED_UNIT_ELEMENT(#3480,2.E0);
#3482=DERIVED_UNIT((#3481));
#3483=MEASURE_REPRESENTATION_ITEM('surface area measure',AREA_MEASURE(
8.642085918492E1),#3482);
#3488=DERIVED_UNIT_ELEMENT(#3487,3.E0);
#3489=DERIVED_UNIT((#3488));
#3490=MEASURE_REPRESENTATION_ITEM('volume measure',VOLUME_MEASURE(
5.999495026978E0),#3489);
#3494=CARTESIAN_POINT('centre point',(4.311006629083E0,6.885083775660E-1,
-2.350000000008E0));
#3499=DERIVED_UNIT_ELEMENT(#3498,2.E0);
#3500=DERIVED_UNIT((#3499));
#3501=MEASURE_REPRESENTATION_ITEM('surface area measure',AREA_MEASURE(
8.642085918492E1),#3500);
#3506=DERIVED_UNIT_ELEMENT(#3505,3.E0);
#3507=DERIVED_UNIT((#3506));
#3508=MEASURE_REPRESENTATION_ITEM('volume measure',VOLUME_MEASURE(
5.999495026978E0),#3507);
#3512=CARTESIAN_POINT('centre point',(4.311006629083E0,6.885083775660E-1,
-2.350000000008E0));
#3518=GENERAL_PROPERTY('','DESCRIPTION','user defined attribute');
#3519=GENERAL_PROPERTY_ASSOCIATION('user defined attribute','',#3518,#3517);
#3520=DESCRIPTIVE_REPRESENTATION_ITEM('DESCRIPTION','');
#3524=GENERAL_PROPERTY('','MODELED_BY','user defined attribute');
#3525=GENERAL_PROPERTY_ASSOCIATION('user defined attribute','',#3524,#3523);
#3526=DESCRIPTIVE_REPRESENTATION_ITEM('MODELED_BY','');
#3531=CARTESIAN_POINT('centre point',(4.521006629083E0,1.158508377566E0,
-2.560000000008E0));
#3535=CARTESIAN_POINT('',(2.1E-1,4.7E-1,-2.1E-1));
#3536=DIRECTION('',(0.E0,0.E0,1.E0));
#3537=DIRECTION('',(1.E0,0.E0,0.E0));
#3538=AXIS2_PLACEMENT_3D('',#3535,#3536,#3537);
#3539=ITEM_DEFINED_TRANSFORMATION('','',#3469,#3538);
#3540=(REPRESENTATION_RELATIONSHIP('','',#3470,#283)REPRESENTATION_RELATIONSHIP_WITH_TRANSFORMATION(#3539)SHAPE_REPRESENTATION_RELATIONSHIP());
#3541=CONTEXT_DEPENDENT_SHAPE_REPRESENTATION(#3540,#3530);
#3544=DIRECTION('',(-1.E0,0.E0,0.E0));
#3545=VECTOR('',#3544,3.E-1);
#3546=CARTESIAN_POINT('',(1.5E-1,3.E-1,-3.E-1));
#3547=LINE('53',#3546,#3545);
#3548=CURVE_STYLE('',#19,POSITIVE_LENGTH_MEASURE(2.E-2),#3542);
#3549=PRESENTATION_STYLE_ASSIGNMENT((#3548));
#3550=STYLED_ITEM('',(#3549),#3547);
#3551=DIRECTION('',(0.E0,0.E0,-1.E0));
#3552=VECTOR('',#3551,1.5E-1);
#3553=CARTESIAN_POINT('',(1.5E-1,3.E-1,-1.5E-1));
#3554=LINE('56',#3553,#3552);
#3555=CURVE_STYLE('',#19,POSITIVE_LENGTH_MEASURE(2.E-2),#3542);
#3556=PRESENTATION_STYLE_ASSIGNMENT((#3555));
#3557=STYLED_ITEM('',(#3556),#3554);
#3558=DIRECTION('',(0.E0,-1.E0,0.E0));
#3559=VECTOR('',#3558,3.E-1);
#3560=CARTESIAN_POINT('',(-1.5E-1,3.E-1,-1.5E-1));
#3561=LINE('60',#3560,#3559);
#3562=CURVE_STYLE('',#19,POSITIVE_LENGTH_MEASURE(2.E-2),#3542);
#3563=PRESENTATION_STYLE_ASSIGNMENT((#3562));
#3564=STYLED_ITEM('',(#3563),#3561);
#3565=DIRECTION('',(-1.E0,0.E0,0.E0));
#3566=VECTOR('',#3565,3.E-1);
#3567=CARTESIAN_POINT('',(1.5E-1,3.E-1,-1.5E-1));
#3568=LINE('61',#3567,#3566);
#3569=CURVE_STYLE('',#19,POSITIVE_LENGTH_MEASURE(2.E-2),#3542);
#3570=PRESENTATION_STYLE_ASSIGNMENT((#3569));
#3571=STYLED_ITEM('',(#3570),#3568);
#3572=DIRECTION('',(0.E0,1.E0,0.E0));
#3573=VECTOR('',#3572,3.E-1);
#3574=CARTESIAN_POINT('',(1.5E-1,0.E0,-1.5E-1));
#3575=LINE('57',#3574,#3573);
#3576=CURVE_STYLE('',#19,POSITIVE_LENGTH_MEASURE(2.E-2),#3542);
#3577=PRESENTATION_STYLE_ASSIGNMENT((#3576));
#3578=STYLED_ITEM('',(#3577),#3575);
#3579=DIRECTION('',(1.E0,0.E0,0.E0));
#3580=VECTOR('',#3579,3.E-1);
#3581=CARTESIAN_POINT('',(-1.5E-1,0.E0,-1.5E-1));
#3582=LINE('62',#3581,#3580);
#3583=CURVE_STYLE('',#19,POSITIVE_LENGTH_MEASURE(2.E-2),#3542);
#3584=PRESENTATION_STYLE_ASSIGNMENT((#3583));
#3585=STYLED_ITEM('',(#3584),#3582);
#3586=DIRECTION('',(0.E0,-1.E0,0.E0));
#3587=VECTOR('',#3586,3.E-1);
#3588=CARTESIAN_POINT('',(-1.5E-1,3.E-1,-3.E-1));
#3589=LINE('59',#3588,#3587);
#3590=CURVE_STYLE('',#19,POSITIVE_LENGTH_MEASURE(2.E-2),#3542);
#3591=PRESENTATION_STYLE_ASSIGNMENT((#3590));
#3592=STYLED_ITEM('',(#3591),#3589);
#3593=DIRECTION('',(0.E0,0.E0,-1.E0));
#3594=VECTOR('',#3593,1.5E-1);
#3595=CARTESIAN_POINT('',(-1.5E-1,3.E-1,-1.5E-1));
#3596=LINE('52',#3595,#3594);
#3597=CURVE_STYLE('',#19,POSITIVE_LENGTH_MEASURE(2.E-2),#3542);
#3598=PRESENTATION_STYLE_ASSIGNMENT((#3597));
#3599=STYLED_ITEM('',(#3598),#3596);
#3600=DIRECTION('',(1.E0,0.E0,0.E0));
#3601=VECTOR('',#3600,3.E-1);
#3602=CARTESIAN_POINT('',(-1.5E-1,0.E0,-3.E-1));
#3603=LINE('55',#3602,#3601);
#3604=CURVE_STYLE('',#19,POSITIVE_LENGTH_MEASURE(2.E-2),#3542);
#3605=PRESENTATION_STYLE_ASSIGNMENT((#3604));
#3606=STYLED_ITEM('',(#3605),#3603);
#3607=DIRECTION('',(0.E0,0.E0,-1.E0));
#3608=VECTOR('',#3607,1.5E-1);
#3609=CARTESIAN_POINT('',(-1.5E-1,0.E0,-1.5E-1));
#3610=LINE('58',#3609,#3608);
#3611=CURVE_STYLE('',#19,POSITIVE_LENGTH_MEASURE(2.E-2),#3542);
#3612=PRESENTATION_STYLE_ASSIGNMENT((#3611));
#3613=STYLED_ITEM('',(#3612),#3610);
#3614=DIRECTION('',(0.E0,1.E0,0.E0));
#3615=VECTOR('',#3614,3.E-1);
#3616=CARTESIAN_POINT('',(1.5E-1,0.E0,-3.E-1));
#3617=LINE('54',#3616,#3615);
#3618=CURVE_STYLE('',#19,POSITIVE_LENGTH_MEASURE(2.E-2),#3542);
#3619=PRESENTATION_STYLE_ASSIGNMENT((#3618));
#3620=STYLED_ITEM('',(#3619),#3617);
#3621=DIRECTION('',(0.E0,0.E0,-1.E0));
#3622=VECTOR('',#3621,1.5E-1);
#3623=CARTESIAN_POINT('',(1.5E-1,0.E0,-1.5E-1));
#3624=LINE('51',#3623,#3622);
#3625=CURVE_STYLE('',#19,POSITIVE_LENGTH_MEASURE(2.E-2),#3542);
#3626=PRESENTATION_STYLE_ASSIGNMENT((#3625));
#3627=STYLED_ITEM('',(#3626),#3624);
#3628=CARTESIAN_POINT('',(1.5E-1,0.E0,-1.5E-1));
#3629=CARTESIAN_POINT('',(1.5E-1,0.E0,-3.E-1));
#3630=VERTEX_POINT('',#3628);
#3631=VERTEX_POINT('',#3629);
#3632=CARTESIAN_POINT('',(-1.5E-1,3.E-1,-1.5E-1));
#3633=CARTESIAN_POINT('',(-1.5E-1,3.E-1,-3.E-1));
#3634=VERTEX_POINT('',#3632);
#3635=VERTEX_POINT('',#3633);
#3636=CARTESIAN_POINT('',(1.5E-1,3.E-1,-3.E-1));
#3637=VERTEX_POINT('',#3636);
#3638=CARTESIAN_POINT('',(-1.5E-1,0.E0,-3.E-1));
#3639=VERTEX_POINT('',#3638);
#3640=CARTESIAN_POINT('',(1.5E-1,3.E-1,-1.5E-1));
#3641=VERTEX_POINT('',#3640);
#3642=CARTESIAN_POINT('',(-1.5E-1,0.E0,-1.5E-1));
#3643=VERTEX_POINT('',#3642);
#3644=CARTESIAN_POINT('',(-1.5E-1,3.E-1,-3.E-1));
#3645=DIRECTION('',(0.E0,-1.E0,0.E0));
#3646=DIRECTION('',(0.E0,0.E0,-1.E0));
#3647=AXIS2_PLACEMENT_3D('',#3644,#3645,#3646);
#3648=PLANE('63',#3647);
#3650=ORIENTED_EDGE('61',*,*,#3649,.T.);
#3652=ORIENTED_EDGE('52',*,*,#3651,.T.);
#3654=ORIENTED_EDGE('53',*,*,#3653,.F.);
#3656=ORIENTED_EDGE('56',*,*,#3655,.F.);
#3657=EDGE_LOOP('63',(#3650,#3652,#3654,#3656));
#3658=FACE_OUTER_BOUND('63',#3657,.F.);
#3660=CARTESIAN_POINT('',(0.E0,0.E0,-1.5E-1));
#3661=DIRECTION('',(0.E0,0.E0,-1.E0));
#3662=DIRECTION('',(-1.E0,0.E0,0.E0));
#3663=AXIS2_PLACEMENT_3D('',#3660,#3661,#3662);
#3664=PLANE('66',#3663);
#3666=ORIENTED_EDGE('60',*,*,#3665,.F.);
#3667=ORIENTED_EDGE('61',*,*,#3649,.F.);
#3669=ORIENTED_EDGE('57',*,*,#3668,.F.);
#3671=ORIENTED_EDGE('62',*,*,#3670,.F.);
#3672=EDGE_LOOP('66',(#3666,#3667,#3669,#3671));
#3673=FACE_OUTER_BOUND('66',#3672,.F.);
#3675=CARTESIAN_POINT('',(-1.5E-1,0.E0,-3.E-1));
#3676=DIRECTION('',(1.E0,0.E0,0.E0));
#3677=DIRECTION('',(0.E0,0.E0,-1.E0));
#3678=AXIS2_PLACEMENT_3D('',#3675,#3676,#3677);
#3679=PLANE('68',#3678);
#3680=ORIENTED_EDGE('60',*,*,#3665,.T.);
#3682=ORIENTED_EDGE('58',*,*,#3681,.T.);
#3684=ORIENTED_EDGE('59',*,*,#3683,.F.);
#3685=ORIENTED_EDGE('52',*,*,#3651,.F.);
#3686=EDGE_LOOP('68',(#3680,#3682,#3684,#3685));
#3687=FACE_OUTER_BOUND('68',#3686,.F.);
#3689=CARTESIAN_POINT('',(1.5E-1,0.E0,-3.E-1));
#3690=DIRECTION('',(0.E0,1.E0,0.E0));
#3691=DIRECTION('',(0.E0,0.E0,1.E0));
#3692=AXIS2_PLACEMENT_3D('',#3689,#3690,#3691);
#3693=PLANE('64',#3692);
#3694=ORIENTED_EDGE('62',*,*,#3670,.T.);
#3696=ORIENTED_EDGE('51',*,*,#3695,.T.);
#3698=ORIENTED_EDGE('55',*,*,#3697,.F.);
#3699=ORIENTED_EDGE('58',*,*,#3681,.F.);
#3700=EDGE_LOOP('64',(#3694,#3696,#3698,#3699));
#3701=FACE_OUTER_BOUND('64',#3700,.F.);
#3703=CARTESIAN_POINT('',(1.5E-1,3.E-1,-3.E-1));
#3704=DIRECTION('',(-1.E0,0.E0,0.E0));
#3705=DIRECTION('',(0.E0,0.E0,1.E0));
#3706=AXIS2_PLACEMENT_3D('',#3703,#3704,#3705);
#3707=PLANE('67',#3706);
#3708=ORIENTED_EDGE('57',*,*,#3668,.T.);
#3709=ORIENTED_EDGE('56',*,*,#3655,.T.);
#3711=ORIENTED_EDGE('54',*,*,#3710,.F.);
#3712=ORIENTED_EDGE('51',*,*,#3695,.F.);
#3713=EDGE_LOOP('67',(#3708,#3709,#3711,#3712));
#3714=FACE_OUTER_BOUND('67',#3713,.F.);
#3716=CARTESIAN_POINT('',(0.E0,0.E0,-3.E-1));
#3717=DIRECTION('',(0.E0,0.E0,-1.E0));
#3718=DIRECTION('',(-1.E0,0.E0,0.E0));
#3719=AXIS2_PLACEMENT_3D('',#3716,#3717,#3718);
#3720=PLANE('65',#3719);
#3721=ORIENTED_EDGE('59',*,*,#3683,.T.);
#3722=ORIENTED_EDGE('55',*,*,#3697,.T.);
#3723=ORIENTED_EDGE('54',*,*,#3710,.T.);
#3724=ORIENTED_EDGE('53',*,*,#3653,.T.);
#3725=EDGE_LOOP('65',(#3721,#3722,#3723,#3724));
#3726=FACE_OUTER_BOUND('65',#3725,.F.);
#3728=CLOSED_SHELL('',(#3659,#3674,#3688,#3702,#3715,#3727));
#3729=MANIFOLD_SOLID_BREP('',#3728);
#3730=FILL_AREA_STYLE_COLOUR('',#3542);
#3731=FILL_AREA_STYLE('',(#3730));
#3732=SURFACE_STYLE_FILL_AREA(#3731);
#3733=SURFACE_SIDE_STYLE('',(#3732));
#3734=SURFACE_STYLE_USAGE(.BOTH.,#3733);
#3735=PRESENTATION_STYLE_ASSIGNMENT((#3734));
#3543=STYLED_ITEM('',(#3735),#3729);
#3736=PRESENTATION_LAYER_ASSIGNMENT('INTFCLR_1817_1','',(#3543,#3659,#3674,
#3688,#3702,#3715,#3727));
#3737=PRESENTATION_LAYER_ASSIGNMENT('NONE','',(#3543,#3659,#3674,#3688,#3702,
#3715,#3727));
#3738=PRESENTATION_LAYER_ASSIGNMENT('_3862','',(#3543,#3659,#3674,#3688,#3702,
#3715,#3727));
#3741=PLANE_ANGLE_MEASURE_WITH_UNIT(PLANE_ANGLE_MEASURE(1.745329251994E-2),
#3740);
#3742=(CONVERSION_BASED_UNIT('DEGREE',#3741)NAMED_UNIT(*)PLANE_ANGLE_UNIT());
#3744=UNCERTAINTY_MEASURE_WITH_UNIT(LENGTH_MEASURE(4.49982E-5),#3739,
'distance_accuracy_value',
'Maximum model space distance between geometric entities at asserted connectivities');
#3746=CARTESIAN_POINT('',(0.E0,0.E0,0.E0));
#3747=DIRECTION('',(0.E0,0.E0,1.E0));
#3748=DIRECTION('',(1.E0,0.E0,0.E0));
#3751=PRODUCT_DEFINITION_CONTEXT('part definition',#220,'design');
#3752=PRODUCT_CONTEXT('',#220,'mechanical');
#3753=PRODUCT('____-______O__3','____-______O__3','NOT SPECIFIED',(#3752));
#3754=PRODUCT_DEFINITION_FORMATION('2','LAST_VERSION',#3753);
#3762=DERIVED_UNIT_ELEMENT(#3761,2.E0);
#3763=DERIVED_UNIT((#3762));
#3764=MEASURE_REPRESENTATION_ITEM('surface area measure',AREA_MEASURE(3.6E-1),
#3763);
#3769=DERIVED_UNIT_ELEMENT(#3768,3.E0);
#3770=DERIVED_UNIT((#3769));
#3771=MEASURE_REPRESENTATION_ITEM('volume measure',VOLUME_MEASURE(1.35E-2),
#3770);
#3775=CARTESIAN_POINT('centre point',(0.E0,1.5E-1,-2.25E-1));
#3780=DERIVED_UNIT_ELEMENT(#3779,2.E0);
#3781=DERIVED_UNIT((#3780));
#3782=MEASURE_REPRESENTATION_ITEM('surface area measure',AREA_MEASURE(3.6E-1),
#3781);
#3787=DERIVED_UNIT_ELEMENT(#3786,3.E0);
#3788=DERIVED_UNIT((#3787));
#3789=MEASURE_REPRESENTATION_ITEM('volume measure',VOLUME_MEASURE(1.35E-2),
#3788);
#3793=CARTESIAN_POINT('centre point',(0.E0,1.5E-1,-2.25E-1));
#3803=CARTESIAN_POINT('centre point',(0.E0,1.5E-1,-2.25E-1));
#3807=CARTESIAN_POINT('',(0.E0,0.E0,0.E0));
#3808=DIRECTION('',(0.E0,0.E0,1.E0));
#3809=DIRECTION('',(1.E0,0.E0,0.E0));
#3810=AXIS2_PLACEMENT_3D('',#3807,#3808,#3809);
#3811=ITEM_DEFINED_TRANSFORMATION('','',#3749,#3810);
#3812=CARTESIAN_POINT('',(0.E0,0.E0,0.E0));
#3813=DIRECTION('',(0.E0,0.E0,1.E0));
#3814=DIRECTION('',(1.E0,0.E0,0.E0));
#3816=(REPRESENTATION_RELATIONSHIP('','',#3750,#3800)REPRESENTATION_RELATIONSHIP_WITH_TRANSFORMATION(#3811)SHAPE_REPRESENTATION_RELATIONSHIP());
#3817=CONTEXT_DEPENDENT_SHAPE_REPRESENTATION(#3816,#3802);
#3819=DIRECTION('',(1.E0,0.E0,0.E0));
#3820=VECTOR('',#3819,3.E-1);
#3821=CARTESIAN_POINT('',(-1.5E-1,3.E-1,-1.5E-1));
#3822=LINE('59',#3821,#3820);
#3823=CURVE_STYLE('',#19,POSITIVE_LENGTH_MEASURE(2.E-2),#3542);
#3824=PRESENTATION_STYLE_ASSIGNMENT((#3823));
#3825=STYLED_ITEM('',(#3824),#3822);
#3826=DIRECTION('',(0.E0,1.E0,0.E0));
#3827=VECTOR('',#3826,3.E-1);
#3828=CARTESIAN_POINT('',(-1.5E-1,0.E0,-1.5E-1));
#3829=LINE('62',#3828,#3827);
#3830=CURVE_STYLE('',#19,POSITIVE_LENGTH_MEASURE(2.E-2),#3542);
#3831=PRESENTATION_STYLE_ASSIGNMENT((#3830));
#3832=STYLED_ITEM('',(#3831),#3829);
#3833=DIRECTION('',(0.E0,0.E0,-1.E0));
#3834=VECTOR('',#3833,3.E-1);
#3835=CARTESIAN_POINT('',(-1.5E-1,0.E0,1.5E-1));
#3836=LINE('55',#3835,#3834);
#3837=CURVE_STYLE('',#19,POSITIVE_LENGTH_MEASURE(2.E-2),#3542);
#3838=PRESENTATION_STYLE_ASSIGNMENT((#3837));
#3839=STYLED_ITEM('',(#3838),#3836);
#3840=DIRECTION('',(-1.E0,0.E0,0.E0));
#3841=VECTOR('',#3840,3.E-1);
#3842=CARTESIAN_POINT('',(1.5E-1,0.E0,1.5E-1));
#3843=LINE('52',#3842,#3841);
#3844=CURVE_STYLE('',#19,POSITIVE_LENGTH_MEASURE(2.E-2),#3542);
#3845=PRESENTATION_STYLE_ASSIGNMENT((#3844));
#3846=STYLED_ITEM('',(#3845),#3843);
#3847=DIRECTION('',(0.E0,0.E0,1.E0));
#3848=VECTOR('',#3847,3.E-1);
#3849=CARTESIAN_POINT('',(1.5E-1,0.E0,-1.5E-1));
#3850=LINE('60',#3849,#3848);
#3851=CURVE_STYLE('',#19,POSITIVE_LENGTH_MEASURE(2.E-2),#3542);
#3852=PRESENTATION_STYLE_ASSIGNMENT((#3851));
#3853=STYLED_ITEM('',(#3852),#3850);
#3854=DIRECTION('',(1.E0,0.E0,0.E0));
#3855=VECTOR('',#3854,3.E-1);
#3856=CARTESIAN_POINT('',(-1.5E-1,0.E0,-1.5E-1));
#3857=LINE('51',#3856,#3855);
#3858=CURVE_STYLE('',#19,POSITIVE_LENGTH_MEASURE(2.E-2),#3542);
#3859=PRESENTATION_STYLE_ASSIGNMENT((#3858));
#3860=STYLED_ITEM('',(#3859),#3857);
#3861=DIRECTION('',(0.E0,0.E0,-1.E0));
#3862=VECTOR('',#3861,3.E-1);
#3863=CARTESIAN_POINT('',(-1.5E-1,3.E-1,1.5E-1));
#3864=LINE('54',#3863,#3862);
#3865=CURVE_STYLE('',#19,POSITIVE_LENGTH_MEASURE(2.E-2),#3542);
#3866=PRESENTATION_STYLE_ASSIGNMENT((#3865));
#3867=STYLED_ITEM('',(#3866),#3864);
#3868=DIRECTION('',(0.E0,1.E0,0.E0));
#3869=VECTOR('',#3868,3.E-1);
#3870=CARTESIAN_POINT('',(-1.5E-1,0.E0,1.5E-1));
#3871=LINE('61',#3870,#3869);
#3872=CURVE_STYLE('',#19,POSITIVE_LENGTH_MEASURE(2.E-2),#3542);
#3873=PRESENTATION_STYLE_ASSIGNMENT((#3872));
#3874=STYLED_ITEM('',(#3873),#3871);
#3875=DIRECTION('',(0.E0,0.E0,1.E0));
#3876=VECTOR('',#3875,3.E-1);
#3877=CARTESIAN_POINT('',(1.5E-1,3.E-1,-1.5E-1));
#3878=LINE('56',#3877,#3876);
#3879=CURVE_STYLE('',#19,POSITIVE_LENGTH_MEASURE(2.E-2),#3542);
#3880=PRESENTATION_STYLE_ASSIGNMENT((#3879));
#3881=STYLED_ITEM('',(#3880),#3878);
#3882=DIRECTION('',(0.E0,1.E0,0.E0));
#3883=VECTOR('',#3882,3.E-1);
#3884=CARTESIAN_POINT('',(1.5E-1,0.E0,-1.5E-1));
#3885=LINE('57',#3884,#3883);
#3886=CURVE_STYLE('',#19,POSITIVE_LENGTH_MEASURE(2.E-2),#3542);
#3887=PRESENTATION_STYLE_ASSIGNMENT((#3886));
#3888=STYLED_ITEM('',(#3887),#3885);
#3889=DIRECTION('',(-1.E0,0.E0,0.E0));
#3890=VECTOR('',#3889,3.E-1);
#3891=CARTESIAN_POINT('',(1.5E-1,3.E-1,1.5E-1));
#3892=LINE('58',#3891,#3890);
#3893=CURVE_STYLE('',#19,POSITIVE_LENGTH_MEASURE(2.E-2),#3542);
#3894=PRESENTATION_STYLE_ASSIGNMENT((#3893));
#3895=STYLED_ITEM('',(#3894),#3892);
#3896=DIRECTION('',(0.E0,1.E0,0.E0));
#3897=VECTOR('',#3896,3.E-1);
#3898=CARTESIAN_POINT('',(1.5E-1,0.E0,1.5E-1));
#3899=LINE('53',#3898,#3897);
#3900=CURVE_STYLE('',#19,POSITIVE_LENGTH_MEASURE(2.E-2),#3542);
#3901=PRESENTATION_STYLE_ASSIGNMENT((#3900));
#3902=STYLED_ITEM('',(#3901),#3899);
#3903=CARTESIAN_POINT('',(-1.5E-1,0.E0,-1.5E-1));
#3904=CARTESIAN_POINT('',(1.5E-1,0.E0,-1.5E-1));
#3905=VERTEX_POINT('',#3903);
#3906=VERTEX_POINT('',#3904);
#3907=CARTESIAN_POINT('',(1.5E-1,0.E0,1.5E-1));
#3908=CARTESIAN_POINT('',(-1.5E-1,0.E0,1.5E-1));
#3909=VERTEX_POINT('',#3907);
#3910=VERTEX_POINT('',#3908);
#3911=CARTESIAN_POINT('',(1.5E-1,3.E-1,1.5E-1));
#3912=VERTEX_POINT('',#3911);
#3913=CARTESIAN_POINT('',(-1.5E-1,3.E-1,1.5E-1));
#3914=CARTESIAN_POINT('',(-1.5E-1,3.E-1,-1.5E-1));
#3915=VERTEX_POINT('',#3913);
#3916=VERTEX_POINT('',#3914);
#3917=CARTESIAN_POINT('',(1.5E-1,3.E-1,-1.5E-1));
#3918=VERTEX_POINT('',#3917);
#3919=CARTESIAN_POINT('',(-1.5E-1,3.E-1,-1.5E-1));
#3920=DIRECTION('',(0.E0,0.E0,1.E0));
#3921=DIRECTION('',(1.E0,0.E0,0.E0));
#3922=AXIS2_PLACEMENT_3D('',#3919,#3920,#3921);
#3923=PLANE('63',#3922);
#3925=ORIENTED_EDGE('51',*,*,#3924,.T.);
#3927=ORIENTED_EDGE('57',*,*,#3926,.T.);
#3929=ORIENTED_EDGE('59',*,*,#3928,.F.);
#3931=ORIENTED_EDGE('62',*,*,#3930,.F.);
#3932=EDGE_LOOP('63',(#3925,#3927,#3929,#3931));
#3933=FACE_OUTER_BOUND('63',#3932,.F.);
#3935=CARTESIAN_POINT('',(0.E0,0.E0,0.E0));
#3936=DIRECTION('',(0.E0,1.E0,0.E0));
#3937=DIRECTION('',(0.E0,0.E0,1.E0));
#3938=AXIS2_PLACEMENT_3D('',#3935,#3936,#3937);
#3939=PLANE('66',#3938);
#3941=ORIENTED_EDGE('55',*,*,#3940,.F.);
#3943=ORIENTED_EDGE('52',*,*,#3942,.F.);
#3945=ORIENTED_EDGE('60',*,*,#3944,.F.);
#3946=ORIENTED_EDGE('51',*,*,#3924,.F.);
#3947=EDGE_LOOP('66',(#3941,#3943,#3945,#3946));
#3948=FACE_OUTER_BOUND('66',#3947,.F.);
#3950=CARTESIAN_POINT('',(-1.5E-1,3.E-1,-1.5E-1));
#3951=DIRECTION('',(1.E0,0.E0,0.E0));
#3952=DIRECTION('',(0.E0,0.E0,-1.E0));
#3953=AXIS2_PLACEMENT_3D('',#3950,#3951,#3952);
#3954=PLANE('65',#3953);
#3955=ORIENTED_EDGE('55',*,*,#3940,.T.);
#3956=ORIENTED_EDGE('62',*,*,#3930,.T.);
#3958=ORIENTED_EDGE('54',*,*,#3957,.F.);
#3960=ORIENTED_EDGE('61',*,*,#3959,.F.);
#3961=EDGE_LOOP('65',(#3955,#3956,#3958,#3960));
#3962=FACE_OUTER_BOUND('65',#3961,.F.);
#3964=CARTESIAN_POINT('',(0.E0,3.E-1,0.E0));
#3965=DIRECTION('',(0.E0,1.E0,0.E0));
#3966=DIRECTION('',(0.E0,0.E0,1.E0));
#3967=AXIS2_PLACEMENT_3D('',#3964,#3965,#3966);
#3968=PLANE('67',#3967);
#3969=ORIENTED_EDGE('54',*,*,#3957,.T.);
#3970=ORIENTED_EDGE('59',*,*,#3928,.T.);
#3972=ORIENTED_EDGE('56',*,*,#3971,.T.);
#3974=ORIENTED_EDGE('58',*,*,#3973,.T.);
#3975=EDGE_LOOP('67',(#3969,#3970,#3972,#3974));
#3976=FACE_OUTER_BOUND('67',#3975,.F.);
#3978=CARTESIAN_POINT('',(1.5E-1,3.E-1,-1.5E-1));
#3979=DIRECTION('',(-1.E0,0.E0,0.E0));
#3980=DIRECTION('',(0.E0,0.E0,1.E0));
#3981=AXIS2_PLACEMENT_3D('',#3978,#3979,#3980);
#3982=PLANE('64',#3981);
#3983=ORIENTED_EDGE('60',*,*,#3944,.T.);
#3985=ORIENTED_EDGE('53',*,*,#3984,.T.);
#3986=ORIENTED_EDGE('56',*,*,#3971,.F.);
#3987=ORIENTED_EDGE('57',*,*,#3926,.F.);
#3988=EDGE_LOOP('64',(#3983,#3985,#3986,#3987));
#3989=FACE_OUTER_BOUND('64',#3988,.F.);
#3991=CARTESIAN_POINT('',(-1.5E-1,3.E-1,1.5E-1));
#3992=DIRECTION('',(0.E0,0.E0,-1.E0));
#3993=DIRECTION('',(-1.E0,0.E0,0.E0));
#3994=AXIS2_PLACEMENT_3D('',#3991,#3992,#3993);
#3995=PLANE('68',#3994);
#3996=ORIENTED_EDGE('52',*,*,#3942,.T.);
#3997=ORIENTED_EDGE('61',*,*,#3959,.T.);
#3998=ORIENTED_EDGE('58',*,*,#3973,.F.);
#3999=ORIENTED_EDGE('53',*,*,#3984,.F.);
#4000=EDGE_LOOP('68',(#3996,#3997,#3998,#3999));
#4001=FACE_OUTER_BOUND('68',#4000,.F.);
#4003=CLOSED_SHELL('',(#3934,#3949,#3963,#3977,#3990,#4002));
#4004=MANIFOLD_SOLID_BREP('',#4003);
#4005=FILL_AREA_STYLE_COLOUR('',#3542);
#4006=FILL_AREA_STYLE('',(#4005));
#4007=SURFACE_STYLE_FILL_AREA(#4006);
#4008=SURFACE_SIDE_STYLE('',(#4007));
#4009=SURFACE_STYLE_USAGE(.BOTH.,#4008);
#4010=PRESENTATION_STYLE_ASSIGNMENT((#4009));
#3818=STYLED_ITEM('',(#4010),#4004);
#4011=PRESENTATION_LAYER_ASSIGNMENT('INTFCLR_1817','',(#3818,#3934,#3949,#3963,
#3977,#3990,#4002));
#4012=PRESENTATION_LAYER_ASSIGNMENT('NONE_2','',(#3818,#3934,#3949,#3963,#3977,
#3990,#4002));
#4013=PRESENTATION_LAYER_ASSIGNMENT('_2286','',(#3818,#3934,#3949,#3963,#3977,
#3990,#4002));
#4016=PLANE_ANGLE_MEASURE_WITH_UNIT(PLANE_ANGLE_MEASURE(1.745329251994E-2),
#4015);
#4017=(CONVERSION_BASED_UNIT('DEGREE',#4016)NAMED_UNIT(*)PLANE_ANGLE_UNIT());
#4019=UNCERTAINTY_MEASURE_WITH_UNIT(LENGTH_MEASURE(5.195944576610E-5),#4014,
'distance_accuracy_value',
'Maximum model space distance between geometric entities at asserted connectivities');
#4021=CARTESIAN_POINT('',(0.E0,0.E0,0.E0));
#4022=DIRECTION('',(0.E0,0.E0,1.E0));
#4023=DIRECTION('',(1.E0,0.E0,0.E0));
#4026=PRODUCT_CONTEXT('',#220,'mechanical');
#4027=PRODUCT('____-______O__1','____-______O__1','NOT SPECIFIED',(#4026));
#4028=PRODUCT_DEFINITION_FORMATION('2','LAST_VERSION',#4027);
#4036=DERIVED_UNIT_ELEMENT(#4035,2.E0);
#4037=DERIVED_UNIT((#4036));
#4038=MEASURE_REPRESENTATION_ITEM('surface area measure',AREA_MEASURE(5.4E-1),
#4037);
#4043=DERIVED_UNIT_ELEMENT(#4042,3.E0);
#4044=DERIVED_UNIT((#4043));
#4045=MEASURE_REPRESENTATION_ITEM('volume measure',VOLUME_MEASURE(2.7E-2),
#4044);
#4049=CARTESIAN_POINT('centre point',(0.E0,1.5E-1,0.E0));
#4054=DERIVED_UNIT_ELEMENT(#4053,2.E0);
#4055=DERIVED_UNIT((#4054));
#4056=MEASURE_REPRESENTATION_ITEM('surface area measure',AREA_MEASURE(5.4E-1),
#4055);
#4061=DERIVED_UNIT_ELEMENT(#4060,3.E0);
#4062=DERIVED_UNIT((#4061));
#4063=MEASURE_REPRESENTATION_ITEM('volume measure',VOLUME_MEASURE(2.7E-2),
#4062);
#4067=CARTESIAN_POINT('centre point',(0.E0,1.5E-1,0.E0));
#4074=CARTESIAN_POINT('centre point',(0.E0,1.5E-1,0.E0));
#4078=CARTESIAN_POINT('',(0.E0,0.E0,0.E0));
#4079=DIRECTION('',(0.E0,0.E0,1.E0));
#4080=DIRECTION('',(1.E0,0.E0,0.E0));
#4081=AXIS2_PLACEMENT_3D('',#4078,#4079,#4080);
#4082=ITEM_DEFINED_TRANSFORMATION('','',#4024,#4081);
#4083=CARTESIAN_POINT('',(0.E0,0.E0,0.E0));
#4084=DIRECTION('',(0.E0,0.E0,1.E0));
#4085=DIRECTION('',(1.E0,0.E0,0.E0));
#4087=(REPRESENTATION_RELATIONSHIP('','',#4025,#3800)REPRESENTATION_RELATIONSHIP_WITH_TRANSFORMATION(#4082)SHAPE_REPRESENTATION_RELATIONSHIP());
#4088=CONTEXT_DEPENDENT_SHAPE_REPRESENTATION(#4087,#4073);
#4090=DIRECTION('',(0.E0,1.E0,0.E0));
#4091=VECTOR('',#4090,3.E-1);
#4092=CARTESIAN_POINT('',(-1.5E-1,0.E0,3.E-1));
#4093=LINE('61',#4092,#4091);
#4094=CURVE_STYLE('',#19,POSITIVE_LENGTH_MEASURE(2.E-2),#3542);
#4095=PRESENTATION_STYLE_ASSIGNMENT((#4094));
#4096=STYLED_ITEM('',(#4095),#4093);
#4097=DIRECTION('',(0.E0,0.E0,1.E0));
#4098=VECTOR('',#4097,1.5E-1);
#4099=CARTESIAN_POINT('',(-1.5E-1,0.E0,1.5E-1));
#4100=LINE('56',#4099,#4098);
#4101=CURVE_STYLE('',#19,POSITIVE_LENGTH_MEASURE(2.E-2),#3542);
#4102=PRESENTATION_STYLE_ASSIGNMENT((#4101));
#4103=STYLED_ITEM('',(#4102),#4100);
#4104=DIRECTION('',(0.E0,1.E0,0.E0));
#4105=VECTOR('',#4104,3.E-1);
#4106=CARTESIAN_POINT('',(-1.5E-1,0.E0,1.5E-1));
#4107=LINE('51',#4106,#4105);
#4108=CURVE_STYLE('',#19,POSITIVE_LENGTH_MEASURE(2.E-2),#3542);
#4109=PRESENTATION_STYLE_ASSIGNMENT((#4108));
#4110=STYLED_ITEM('',(#4109),#4107);
#4111=DIRECTION('',(-1.E0,0.E0,0.E0));
#4112=VECTOR('',#4111,3.E-1);
#4113=CARTESIAN_POINT('',(1.5E-1,0.E0,1.5E-1));
#4114=LINE('55',#4113,#4112);
#4115=CURVE_STYLE('',#19,POSITIVE_LENGTH_MEASURE(2.E-2),#3542);
#4116=PRESENTATION_STYLE_ASSIGNMENT((#4115));
#4117=STYLED_ITEM('',(#4116),#4114);
#4118=DIRECTION('',(0.E0,-1.E0,0.E0));
#4119=VECTOR('',#4118,3.E-1);
#4120=CARTESIAN_POINT('',(1.5E-1,3.E-1,1.5E-1));
#4121=LINE('54',#4120,#4119);
#4122=CURVE_STYLE('',#19,POSITIVE_LENGTH_MEASURE(2.E-2),#3542);
#4123=PRESENTATION_STYLE_ASSIGNMENT((#4122));
#4124=STYLED_ITEM('',(#4123),#4121);
#4125=DIRECTION('',(1.E0,0.E0,0.E0));
#4126=VECTOR('',#4125,3.E-1);
#4127=CARTESIAN_POINT('',(-1.5E-1,3.E-1,1.5E-1));
#4128=LINE('52',#4127,#4126);
#4129=CURVE_STYLE('',#19,POSITIVE_LENGTH_MEASURE(2.E-2),#3542);
#4130=PRESENTATION_STYLE_ASSIGNMENT((#4129));
#4131=STYLED_ITEM('',(#4130),#4128);
#4132=DIRECTION('',(-1.E0,0.E0,0.E0));
#4133=VECTOR('',#4132,3.E-1);
#4134=CARTESIAN_POINT('',(1.5E-1,0.E0,3.E-1));
#4135=LINE('57',#4134,#4133);
#4136=CURVE_STYLE('',#19,POSITIVE_LENGTH_MEASURE(2.E-2),#3542);
#4137=PRESENTATION_STYLE_ASSIGNMENT((#4136));
#4138=STYLED_ITEM('',(#4137),#4135);
#4139=DIRECTION('',(0.E0,0.E0,1.E0));
#4140=VECTOR('',#4139,1.5E-1);
#4141=CARTESIAN_POINT('',(1.5E-1,0.E0,1.5E-1));
#4142=LINE('59',#4141,#4140);
#4143=CURVE_STYLE('',#19,POSITIVE_LENGTH_MEASURE(2.E-2),#3542);
#4144=PRESENTATION_STYLE_ASSIGNMENT((#4143));
#4145=STYLED_ITEM('',(#4144),#4142);
#4146=DIRECTION('',(0.E0,-1.E0,0.E0));
#4147=VECTOR('',#4146,3.E-1);
#4148=CARTESIAN_POINT('',(1.5E-1,3.E-1,3.E-1));
#4149=LINE('53',#4148,#4147);
#4150=CURVE_STYLE('',#19,POSITIVE_LENGTH_MEASURE(2.E-2),#3542);
#4151=PRESENTATION_STYLE_ASSIGNMENT((#4150));
#4152=STYLED_ITEM('',(#4151),#4149);
#4153=DIRECTION('',(0.E0,0.E0,1.E0));
#4154=VECTOR('',#4153,1.5E-1);
#4155=CARTESIAN_POINT('',(1.5E-1,3.E-1,1.5E-1));
#4156=LINE('60',#4155,#4154);
#4157=CURVE_STYLE('',#19,POSITIVE_LENGTH_MEASURE(2.E-2),#3542);
#4158=PRESENTATION_STYLE_ASSIGNMENT((#4157));
#4159=STYLED_ITEM('',(#4158),#4156);
#4160=DIRECTION('',(1.E0,0.E0,0.E0));
#4161=VECTOR('',#4160,3.E-1);
#4162=CARTESIAN_POINT('',(-1.5E-1,3.E-1,3.E-1));
#4163=LINE('62',#4162,#4161);
#4164=CURVE_STYLE('',#19,POSITIVE_LENGTH_MEASURE(2.E-2),#3542);
#4165=PRESENTATION_STYLE_ASSIGNMENT((#4164));
#4166=STYLED_ITEM('',(#4165),#4163);
#4167=DIRECTION('',(0.E0,0.E0,1.E0));
#4168=VECTOR('',#4167,1.5E-1);
#4169=CARTESIAN_POINT('',(-1.5E-1,3.E-1,1.5E-1));
#4170=LINE('58',#4169,#4168);
#4171=CURVE_STYLE('',#19,POSITIVE_LENGTH_MEASURE(2.E-2),#3542);
#4172=PRESENTATION_STYLE_ASSIGNMENT((#4171));
#4173=STYLED_ITEM('',(#4172),#4170);
#4174=CARTESIAN_POINT('',(-1.5E-1,0.E0,1.5E-1));
#4175=CARTESIAN_POINT('',(-1.5E-1,3.E-1,1.5E-1));
#4176=VERTEX_POINT('',#4174);
#4177=VERTEX_POINT('',#4175);
#4178=CARTESIAN_POINT('',(1.5E-1,3.E-1,1.5E-1));
#4179=VERTEX_POINT('',#4178);
#4180=CARTESIAN_POINT('',(1.5E-1,3.E-1,3.E-1));
#4181=CARTESIAN_POINT('',(1.5E-1,0.E0,3.E-1));
#4182=VERTEX_POINT('',#4180);
#4183=VERTEX_POINT('',#4181);
#4184=CARTESIAN_POINT('',(1.5E-1,0.E0,1.5E-1));
#4185=VERTEX_POINT('',#4184);
#4186=CARTESIAN_POINT('',(-1.5E-1,0.E0,3.E-1));
#4187=VERTEX_POINT('',#4186);
#4188=CARTESIAN_POINT('',(-1.5E-1,3.E-1,3.E-1));
#4189=VERTEX_POINT('',#4188);
#4190=CARTESIAN_POINT('',(0.E0,0.E0,3.E-1));
#4191=DIRECTION('',(0.E0,0.E0,1.E0));
#4192=DIRECTION('',(1.E0,0.E0,0.E0));
#4193=AXIS2_PLACEMENT_3D('',#4190,#4191,#4192);
#4194=PLANE('63',#4193);
#4196=ORIENTED_EDGE('61',*,*,#4195,.T.);
#4198=ORIENTED_EDGE('62',*,*,#4197,.T.);
#4200=ORIENTED_EDGE('53',*,*,#4199,.T.);
#4202=ORIENTED_EDGE('57',*,*,#4201,.T.);
#4203=EDGE_LOOP('63',(#4196,#4198,#4200,#4202));
#4204=FACE_OUTER_BOUND('63',#4203,.F.);
#4206=CARTESIAN_POINT('',(-1.5E-1,3.E-1,3.E-1));
#4207=DIRECTION('',(1.E0,0.E0,0.E0));
#4208=DIRECTION('',(0.E0,0.E0,-1.E0));
#4209=AXIS2_PLACEMENT_3D('',#4206,#4207,#4208);
#4210=PLANE('68',#4209);
#4212=ORIENTED_EDGE('51',*,*,#4211,.T.);
#4214=ORIENTED_EDGE('58',*,*,#4213,.T.);
#4215=ORIENTED_EDGE('61',*,*,#4195,.F.);
#4217=ORIENTED_EDGE('56',*,*,#4216,.F.);
#4218=EDGE_LOOP('68',(#4212,#4214,#4215,#4217));
#4219=FACE_OUTER_BOUND('68',#4218,.F.);
#4221=CARTESIAN_POINT('',(0.E0,0.E0,1.5E-1));
#4222=DIRECTION('',(0.E0,0.E0,1.E0));
#4223=DIRECTION('',(1.E0,0.E0,0.E0));
#4224=AXIS2_PLACEMENT_3D('',#4221,#4222,#4223);
#4225=PLANE('67',#4224);
#4226=ORIENTED_EDGE('51',*,*,#4211,.F.);
#4228=ORIENTED_EDGE('55',*,*,#4227,.F.);
#4230=ORIENTED_EDGE('54',*,*,#4229,.F.);
#4232=ORIENTED_EDGE('52',*,*,#4231,.F.);
#4233=EDGE_LOOP('67',(#4226,#4228,#4230,#4232));
#4234=FACE_OUTER_BOUND('67',#4233,.F.);
#4236=CARTESIAN_POINT('',(-1.5E-1,0.E0,3.E-1));
#4237=DIRECTION('',(0.E0,1.E0,0.E0));
#4238=DIRECTION('',(0.E0,0.E0,1.E0));
#4239=AXIS2_PLACEMENT_3D('',#4236,#4237,#4238);
#4240=PLANE('66',#4239);
#4241=ORIENTED_EDGE('55',*,*,#4227,.T.);
#4242=ORIENTED_EDGE('56',*,*,#4216,.T.);
#4243=ORIENTED_EDGE('57',*,*,#4201,.F.);
#4245=ORIENTED_EDGE('59',*,*,#4244,.F.);
#4246=EDGE_LOOP('66',(#4241,#4242,#4243,#4245));
#4247=FACE_OUTER_BOUND('66',#4246,.F.);
#4249=CARTESIAN_POINT('',(1.5E-1,0.E0,3.E-1));
#4250=DIRECTION('',(-1.E0,0.E0,0.E0));
#4251=DIRECTION('',(0.E0,0.E0,1.E0));
#4252=AXIS2_PLACEMENT_3D('',#4249,#4250,#4251);
#4253=PLANE('64',#4252);
#4254=ORIENTED_EDGE('54',*,*,#4229,.T.);
#4255=ORIENTED_EDGE('59',*,*,#4244,.T.);
#4256=ORIENTED_EDGE('53',*,*,#4199,.F.);
#4258=ORIENTED_EDGE('60',*,*,#4257,.F.);
#4259=EDGE_LOOP('64',(#4254,#4255,#4256,#4258));
#4260=FACE_OUTER_BOUND('64',#4259,.F.);
#4262=CARTESIAN_POINT('',(1.5E-1,3.E-1,3.E-1));
#4263=DIRECTION('',(0.E0,-1.E0,0.E0));
#4264=DIRECTION('',(0.E0,0.E0,-1.E0));
#4265=AXIS2_PLACEMENT_3D('',#4262,#4263,#4264);
#4266=PLANE('65',#4265);
#4267=ORIENTED_EDGE('52',*,*,#4231,.T.);
#4268=ORIENTED_EDGE('60',*,*,#4257,.T.);
#4269=ORIENTED_EDGE('62',*,*,#4197,.F.);
#4270=ORIENTED_EDGE('58',*,*,#4213,.F.);
#4271=EDGE_LOOP('65',(#4267,#4268,#4269,#4270));
#4272=FACE_OUTER_BOUND('65',#4271,.F.);
#4274=CLOSED_SHELL('',(#4205,#4220,#4235,#4248,#4261,#4273));
#4275=MANIFOLD_SOLID_BREP('',#4274);
#4276=FILL_AREA_STYLE_COLOUR('',#3542);
#4277=FILL_AREA_STYLE('',(#4276));
#4278=SURFACE_STYLE_FILL_AREA(#4277);
#4279=SURFACE_SIDE_STYLE('',(#4278));
#4280=SURFACE_STYLE_USAGE(.BOTH.,#4279);
#4281=PRESENTATION_STYLE_ASSIGNMENT((#4280));
#4089=STYLED_ITEM('',(#4281),#4275);
#4282=PRESENTATION_LAYER_ASSIGNMENT('INTFCLR_1817_2','',(#4089,#4205,#4220,
#4235,#4248,#4261,#4273));
#4283=PRESENTATION_LAYER_ASSIGNMENT('NONE_1','',(#4089,#4205,#4220,#4235,#4248,
#4261,#4273));
#4284=PRESENTATION_LAYER_ASSIGNMENT('_1490_1','',(#4089,#4205,#4220,#4235,#4248,
#4261,#4273));
#4287=PLANE_ANGLE_MEASURE_WITH_UNIT(PLANE_ANGLE_MEASURE(1.745329251994E-2),
#4286);
#4288=(CONVERSION_BASED_UNIT('DEGREE',#4287)NAMED_UNIT(*)PLANE_ANGLE_UNIT());
#4290=UNCERTAINTY_MEASURE_WITH_UNIT(LENGTH_MEASURE(4.49982E-5),#4285,
'distance_accuracy_value',
'Maximum model space distance between geometric entities at asserted connectivities');
#4292=CARTESIAN_POINT('',(0.E0,0.E0,0.E0));
#4293=DIRECTION('',(0.E0,0.E0,1.E0));
#4294=DIRECTION('',(1.E0,0.E0,0.E0));
#4297=PRODUCT_DEFINITION_CONTEXT('part definition',#220,'design');
#4298=PRODUCT_CONTEXT('',#220,'mechanical');
#4299=PRODUCT('____-______O__2','____-______O__2','NOT SPECIFIED',(#4298));
#4300=PRODUCT_DEFINITION_FORMATION('2','LAST_VERSION',#4299);
#4308=DERIVED_UNIT_ELEMENT(#4307,2.E0);
#4309=DERIVED_UNIT((#4308));
#4310=MEASURE_REPRESENTATION_ITEM('surface area measure',AREA_MEASURE(3.6E-1),
#4309);
#4315=DERIVED_UNIT_ELEMENT(#4314,3.E0);
#4316=DERIVED_UNIT((#4315));
#4317=MEASURE_REPRESENTATION_ITEM('volume measure',VOLUME_MEASURE(1.35E-2),
#4316);
#4321=CARTESIAN_POINT('centre point',(0.E0,1.5E-1,2.25E-1));
#4326=DERIVED_UNIT_ELEMENT(#4325,2.E0);
#4327=DERIVED_UNIT((#4326));
#4328=MEASURE_REPRESENTATION_ITEM('surface area measure',AREA_MEASURE(3.6E-1),
#4327);
#4333=DERIVED_UNIT_ELEMENT(#4332,3.E0);
#4334=DERIVED_UNIT((#4333));
#4335=MEASURE_REPRESENTATION_ITEM('volume measure',VOLUME_MEASURE(1.35E-2),
#4334);
#4339=CARTESIAN_POINT('centre point',(0.E0,1.5E-1,2.25E-1));
#4346=CARTESIAN_POINT('centre point',(0.E0,1.5E-1,2.25E-1));
#4350=CARTESIAN_POINT('',(0.E0,0.E0,0.E0));
#4351=DIRECTION('',(0.E0,0.E0,1.E0));
#4352=DIRECTION('',(1.E0,0.E0,0.E0));
#4353=AXIS2_PLACEMENT_3D('',#4350,#4351,#4352);
#4354=ITEM_DEFINED_TRANSFORMATION('','',#4295,#4353);
#4355=CARTESIAN_POINT('',(0.E0,0.E0,0.E0));
#4356=DIRECTION('',(0.E0,0.E0,1.E0));
#4357=DIRECTION('',(1.E0,0.E0,0.E0));
#4359=(REPRESENTATION_RELATIONSHIP('','',#4296,#3800)REPRESENTATION_RELATIONSHIP_WITH_TRANSFORMATION(#4354)SHAPE_REPRESENTATION_RELATIONSHIP());
#4360=CONTEXT_DEPENDENT_SHAPE_REPRESENTATION(#4359,#4345);
#4361=PRESENTATION_LAYER_ASSIGNMENT('____-______O__1','',(#3818,#3934,#3949,
#3963,#3977,#3990,#4002));
#4362=PRESENTATION_LAYER_ASSIGNMENT('____-______O__2','',(#4089,#4205,#4220,
#4235,#4248,#4261,#4273));
#4363=PRESENTATION_LAYER_ASSIGNMENT('____-______O__3','',(#3543,#3659,#3674,
#3688,#3702,#3715,#3727));
#4366=PLANE_ANGLE_MEASURE_WITH_UNIT(PLANE_ANGLE_MEASURE(1.745329251994E-2),
#4365);
#4367=(CONVERSION_BASED_UNIT('DEGREE',#4366)NAMED_UNIT(*)PLANE_ANGLE_UNIT());
#4369=UNCERTAINTY_MEASURE_WITH_UNIT(LENGTH_MEASURE(7.348175289580E-5),#4364,
'distance_accuracy_value',
'Maximum model space distance between geometric entities at asserted connectivities');
#4371=CARTESIAN_POINT('',(0.E0,0.E0,0.E0));
#4372=DIRECTION('',(0.E0,0.E0,1.E0));
#4373=DIRECTION('',(1.E0,0.E0,0.E0));
#4375=PRODUCT_CONTEXT('',#220,'mechanical');
#4376=PRODUCT('L_ASM','L_ASM','NOT SPECIFIED',(#4375));
#4377=PRODUCT_DEFINITION_FORMATION('2','LAST_VERSION',#4376);
#4380=DERIVED_UNIT_ELEMENT(#4379,2.E0);
#4381=DERIVED_UNIT((#4380));
#4382=MEASURE_REPRESENTATION_ITEM('surface area measure',AREA_MEASURE(1.26E0),
#4381);
#4387=DERIVED_UNIT_ELEMENT(#4386,3.E0);
#4388=DERIVED_UNIT((#4387));
#4389=MEASURE_REPRESENTATION_ITEM('volume measure',VOLUME_MEASURE(5.4E-2),
#4388);
#4393=CARTESIAN_POINT('centre point',(0.E0,1.5E-1,0.E0));
#4399=CARTESIAN_POINT('centre point',(9.56E0,6.2E-1,-3.41E0));
#4403=CARTESIAN_POINT('',(9.56E0,4.7E-1,-3.41E0));
#4404=DIRECTION('',(0.E0,0.E0,1.E0));
#4405=DIRECTION('',(1.E0,0.E0,0.E0));
#4406=AXIS2_PLACEMENT_3D('',#4403,#4404,#4405);
#4407=ITEM_DEFINED_TRANSFORMATION('','',#3815,#4406);
#4408=(REPRESENTATION_RELATIONSHIP('','',#3800,#283)REPRESENTATION_RELATIONSHIP_WITH_TRANSFORMATION(#4407)SHAPE_REPRESENTATION_RELATIONSHIP());
#4409=CONTEXT_DEPENDENT_SHAPE_REPRESENTATION(#4408,#4398);
#4412=CARTESIAN_POINT('centre point',(9.285E0,6.2E-1,-4.11E0));
#4416=CARTESIAN_POINT('',(9.285E0,4.7E-1,-4.11E0));
#4417=DIRECTION('',(1.E0,0.E0,0.E0));
#4418=DIRECTION('',(0.E0,0.E0,-1.E0));
#4419=AXIS2_PLACEMENT_3D('',#4416,#4417,#4418);
#4420=ITEM_DEFINED_TRANSFORMATION('','',#3815,#4419);
#4421=(REPRESENTATION_RELATIONSHIP('','',#3800,#283)REPRESENTATION_RELATIONSHIP_WITH_TRANSFORMATION(#4420)SHAPE_REPRESENTATION_RELATIONSHIP());
#4422=CONTEXT_DEPENDENT_SHAPE_REPRESENTATION(#4421,#4411);
#4423=PRESENTATION_LAYER_ASSIGNMENT('8_ASSEM_MEMBER','',(#14,#131,#146,#160,
#174,#187,#199,#298,#2248,#2263,#2283,#2303,#2317,#2337,#2351,#2419,#2434,#2461,
#2476,#2502,#2518,#2531,#2547,#2562,#2588,#2602,#2615,#2631,#2647,#2661,#2674,
#2688,#2702,#2718,#2743,#2757,#2771,#2784,#2806,#2819,#2837,#2850,#2868,#2881,
#2895,#2910,#2922,#2935,#2951,#2963,#2981,#2994,#3011,#3023,#3035,#3047,#3066,
#3080,#3100,#3114,#3133,#3146,#3159,#3172,#3188,#3201,#3213,#3226,#3238,#3262,
#3275,#3287,#3299,#3312,#3324,#3337,#3349,#3361,#3380,#3394,#3412,#3425,#3438,
#3450));
#4426=PLANE_ANGLE_MEASURE_WITH_UNIT(PLANE_ANGLE_MEASURE(1.745329251994E-2),
#4425);
#4427=(CONVERSION_BASED_UNIT('DEGREE',#4426)NAMED_UNIT(*)PLANE_ANGLE_UNIT());
#4429=UNCERTAINTY_MEASURE_WITH_UNIT(LENGTH_MEASURE(1.246505391278E-3),#4424,
'distance_accuracy_value',
'Maximum model space distance between geometric entities at asserted connectivities');
#4431=CARTESIAN_POINT('',(0.E0,0.E0,0.E0));
#4432=DIRECTION('',(0.E0,0.E0,1.E0));
#4433=DIRECTION('',(1.E0,0.E0,0.E0));
#4435=MECHANICAL_DESIGN_GEOMETRIC_PRESENTATION_REPRESENTATION('',(#22,#29,#36,
#43,#50,#57,#64,#71,#78,#85,#92,#99,#14,#305,#312,#319,#326,#333,#340,#347,#354,
#361,#368,#375,#382,#389,#396,#403,#410,#417,#424,#431,#438,#445,#452,#459,#466,
#473,#480,#487,#494,#501,#508,#516,#523,#530,#537,#544,#552,#559,#566,#573,#581,
#588,#595,#602,#609,#616,#623,#630,#637,#644,#651,#658,#665,#672,#679,#686,#694,
#702,#710,#717,#724,#732,#739,#746,#754,#761,#768,#776,#783,#790,#797,#804,#811,
#818,#825,#832,#839,#846,#853,#860,#867,#874,#881,#889,#896,#903,#911,#918,#925,
#932,#939,#946,#953,#960,#967,#974,#981,#988,#995,#1002,#1009,#1016,#1023,#1030,
#1037,#1044,#1051,#1058,#1065,#1072,#1079,#1086,#1093,#1100,#1108,#1115,#1122,
#1130,#1137,#1144,#1151,#1158,#1165,#1173,#1181,#1189,#1196,#1203,#1211,#1218,
#1225,#1232,#1239,#1247,#1254,#1261,#1268,#1275,#1283,#1290,#1297,#1304,#1311,
#1318,#1326,#1333,#1340,#1347,#1354,#1361,#1369,#1376,#1383,#1390,#1397,#1405,
#1412,#1419,#1426,#1433,#1440,#1447,#1454,#1461,#1469,#1476,#1483,#1490,#1497,
#1504,#1511,#1518,#1525,#1532,#1539,#1546,#1553,#1560,#1567,#1574,#1581,#1588,
#1595,#1603,#1610,#1617,#1624,#1631,#1638,#1645,#1652,#1659,#1666,#1674,#1681,
#1688,#1695,#1703,#1710,#1717,#1724,#1731,#1739,#1747,#1754,#1761,#1768,#1775,
#1782,#1789,#1796,#1803,#1810,#1817,#1824,#1831,#1838,#1845,#1852,#1859,#1866,
#1873,#1880,#298,#3550,#3557,#3564,#3571,#3578,#3585,#3592,#3599,#3606,#3613,
#3620,#3627,#3543,#3825,#3832,#3839,#3846,#3853,#3860,#3867,#3874,#3881,#3888,
#3895,#3902,#3818,#4096,#4103,#4110,#4117,#4124,#4131,#4138,#4145,#4152,#4159,
#4166,#4173,#4089),#4430);
#4436=PRODUCT_DEFINITION_CONTEXT('part definition',#220,'design');
#4437=PRODUCT_CONTEXT('',#220,'mechanical');
#4438=PRODUCT('EJ5340BA_ASM','EJ5340BA_ASM','NOT SPECIFIED',(#4437));
#4439=PRODUCT_DEFINITION_FORMATION('3','LAST_VERSION',#4438);
#4442=DERIVED_UNIT_ELEMENT(#4441,2.E0);
#4443=DERIVED_UNIT((#4442));
#4444=MEASURE_REPRESENTATION_ITEM('surface area measure',AREA_MEASURE(
2.196168591849E2),#4443);
#4449=DERIVED_UNIT_ELEMENT(#4448,3.E0);
#4450=DERIVED_UNIT((#4449));
#4451=MEASURE_REPRESENTATION_ITEM('volume measure',VOLUME_MEASURE(
3.319359502698E1),#4450);
#4455=CARTESIAN_POINT('centre point',(5.458217214522E0,4.031699109133E-1,
-2.555744329596E0));
#4459=PRODUCT_RELATED_PRODUCT_CATEGORY('part','',(#4376,#4438,#224,#3472,#3753,
#4027,#4299));
#1=DRAUGHTING_PRE_DEFINED_COLOUR('green');
#2=COLOUR_RGB('',1.1E-2,1.2E-2,1.E0);
#3=COLOUR_RGB('',3.92E-1,1.2E-2,1.2E-2);
#4=COLOUR_RGB('',4.1E-1,0.E0,2.2E-1);
#5=COLOUR_RGB('',6.952E-1,7.426E-1,7.9E-1);
#6=COLOUR_RGB('',7.84314E-1,7.84314E-1,7.84314E-1);
#7=COLOUR_RGB('',8.784E-1,9.49E-1,1.E0);
#8=COLOUR_RGB('',9.6E-1,9.6E-1,9.6E-1);
#9=COLOUR_RGB('',9.8E-1,6.27E-1,0.E0);
#10=DRAUGHTING_PRE_DEFINED_COLOUR('red');
#11=DRAUGHTING_PRE_DEFINED_COLOUR('yellow');
#12=COLOUR_RGB('',1.E0,1.E0,9.49E-1);
#13=DRAUGHTING_PRE_DEFINED_COLOUR('white');
#121=EDGE_CURVE('45',#102,#103,#18,.T.);
#123=EDGE_CURVE('46',#103,#105,#26,.T.);
#125=EDGE_CURVE('47',#105,#107,#33,.T.);
#127=EDGE_CURVE('48',#107,#102,#40,.T.);
#131=ADVANCED_FACE('44',(#130),#120,.F.);
#138=EDGE_CURVE('55',#102,#110,#47,.T.);
#140=EDGE_CURVE('50',#110,#111,#75,.T.);
#142=EDGE_CURVE('57',#103,#111,#68,.T.);
#146=ADVANCED_FACE('54',(#145),#136,.T.);
#153=EDGE_CURVE('61',#107,#115,#54,.T.);
#155=EDGE_CURVE('53',#115,#110,#82,.T.);
#160=ADVANCED_FACE('60',(#159),#151,.T.);
#167=EDGE_CURVE('59',#105,#113,#61,.T.);
#169=EDGE_CURVE('52',#113,#115,#89,.T.);
#174=ADVANCED_FACE('58',(#173),#165,.T.);
#182=EDGE_CURVE('51',#111,#113,#96,.T.);
#187=ADVANCED_FACE('56',(#186),#179,.T.);
#199=ADVANCED_FACE('49',(#198),#192,.T.);
#208=(LENGTH_UNIT()NAMED_UNIT(*)SI_UNIT(.MILLI.,.METRE.));
#209=(NAMED_UNIT(*)PLANE_ANGLE_UNIT()SI_UNIT($,.RADIAN.));
#212=(NAMED_UNIT(*)SI_UNIT($,.STERADIAN.)SOLID_ANGLE_UNIT());
#214=(GEOMETRIC_REPRESENTATION_CONTEXT(3)GLOBAL_UNCERTAINTY_ASSIGNED_CONTEXT((
#213))GLOBAL_UNIT_ASSIGNED_CONTEXT((#208,#211,#212))REPRESENTATION_CONTEXT
('ID1','3'));
#218=AXIS2_PLACEMENT_3D('',#215,#216,#217);
#219=ADVANCED_BREP_SHAPE_REPRESENTATION('',(#218,#201),#214);
#226=PRODUCT_DEFINITION('part definition','',#225,#222);
#227=PRODUCT_DEFINITION_SHAPE('','SHAPE FOR PCB.',#226);
#228=SHAPE_ASPECT('','solid data associated with PCB',#227,.F.);
#229=PROPERTY_DEFINITION('',
'shape for solid data with which properties are associated',#228);
#230=SHAPE_REPRESENTATION('',(#201),#214);
#231=SHAPE_DEFINITION_REPRESENTATION(#229,#230);
#232=(LENGTH_UNIT()NAMED_UNIT(*)SI_UNIT(.MILLI.,.METRE.));
#236=PROPERTY_DEFINITION('geometric validation property','area of PCB',#228);
#237=REPRESENTATION('surface area',(#235),#214);
#238=PROPERTY_DEFINITION_REPRESENTATION(#236,#237);
#239=(LENGTH_UNIT()NAMED_UNIT(*)SI_UNIT(.MILLI.,.METRE.));
#243=PROPERTY_DEFINITION('geometric validation property','volume of PCB',#228);
#244=REPRESENTATION('volume',(#242),#214);
#245=PROPERTY_DEFINITION_REPRESENTATION(#243,#244);
#247=PROPERTY_DEFINITION('geometric validation property','centroid of PCB',
#228);
#248=REPRESENTATION('centroid',(#246),#214);
#249=PROPERTY_DEFINITION_REPRESENTATION(#247,#248);
#250=(LENGTH_UNIT()NAMED_UNIT(*)SI_UNIT(.MILLI.,.METRE.));
#254=PROPERTY_DEFINITION('geometric validation property','area of PCB',#227);
#255=REPRESENTATION('surface area',(#253),#214);
#256=PROPERTY_DEFINITION_REPRESENTATION(#254,#255);
#257=(LENGTH_UNIT()NAMED_UNIT(*)SI_UNIT(.MILLI.,.METRE.));
#261=PROPERTY_DEFINITION('geometric validation property','volume of PCB',#227);
#262=REPRESENTATION('volume',(#260),#214);
#263=PROPERTY_DEFINITION_REPRESENTATION(#261,#262);
#265=PROPERTY_DEFINITION('geometric validation property','centroid of PCB',
#227);
#266=REPRESENTATION('centroid',(#264),#214);
#267=PROPERTY_DEFINITION_REPRESENTATION(#265,#266);
#268=SHAPE_DEFINITION_REPRESENTATION(#227,#219);
#269=PROPERTY_DEFINITION('DESCRIPTION','user defined attribute',#226);
#273=REPRESENTATION('',(#272),#214);
#274=PROPERTY_DEFINITION_REPRESENTATION(#269,#273);
#275=PROPERTY_DEFINITION('MODELED_BY','user defined attribute',#226);
#279=REPRESENTATION('',(#278),#214);
#280=PROPERTY_DEFINITION_REPRESENTATION(#275,#279);
#281=SHAPE_DEFINITION_REPRESENTATION(#282,#283);
#282=PRODUCT_DEFINITION_SHAPE('','SHAPE FOR EJ5340BA_ASM.',#4440);
#283=SHAPE_REPRESENTATION('',(#293,#3538,#4406,#4419,#4434),#4430);
#284=NEXT_ASSEMBLY_USAGE_OCCURRENCE('71','Next assembly relationship','PCB',
#4440,#226,$);
#285=PRODUCT_DEFINITION_SHAPE('Placement #71',
'Placement of PCB with respect to EJ5340BA_ASM',#284);
#287=PROPERTY_DEFINITION('geometric validation property','centroid of PCB',
#285);
#288=REPRESENTATION('centroid',(#286),#214);
#289=PROPERTY_DEFINITION_REPRESENTATION(#287,#288);
#297=COLOUR_RGB('',6.58824E-1,6.58824E-1,6.58824E-1);
#513=CIRCLE('1263',#512,1.5E-1);
#549=CIRCLE('1277',#548,1.5E-1);
#578=CIRCLE('1275',#577,1.5E-1);
#691=CIRCLE('966',#690,2.E-1);
#699=CIRCLE('967',#698,2.E-1);
#707=CIRCLE('1289',#706,1.5E-1);
#729=CIRCLE('1050',#728,3.5E-1);
#751=CIRCLE('1287',#750,1.5E-1);
#773=CIRCLE('1048',#772,3.5E-1);
#886=CIRCLE('1283',#885,1.5E-1);
#908=CIRCLE('1052',#907,3.5E-1);
#1105=CIRCLE('1291',#1104,1.5E-1);
#1127=CIRCLE('1056',#1126,3.5E-1);
#1170=CIRCLE('970',#1169,2.E-1);
#1178=CIRCLE('971',#1177,2.E-1);
#1186=CIRCLE('1293',#1185,1.5E-1);
#1208=CIRCLE('1058',#1207,3.5E-1);
#1244=CIRCLE('1267',#1243,1.5E-1);
#1280=CIRCLE('1269',#1279,1.5E-1);
#1323=CIRCLE('1265',#1322,1.5E-1);
#1366=CIRCLE('1279',#1365,1.5E-1);
#1402=CIRCLE('1281',#1401,1.5E-1);
#1466=CIRCLE('1271',#1465,1.5E-1);
#1600=CIRCLE('1273',#1599,1.5E-1);
#1671=CIRCLE('1285',#1670,1.5E-1);
#1700=CIRCLE('1054',#1699,3.5E-1);
#1736=CIRCLE('968',#1735,2.E-1);
#1744=CIRCLE('969',#1743,2.E-1);
#2182=EDGE_CURVE('1266',#2120,#2115,#302,.T.);
#2184=EDGE_CURVE('1302',#2120,#1907,#309,.T.);
#2186=EDGE_CURVE('312',#1907,#1908,#316,.T.);
#2188=EDGE_CURVE('1069',#2107,#1908,#323,.T.);
#2190=EDGE_CURVE('1059',#2112,#2107,#330,.T.);
#2192=EDGE_CURVE('1068',#2112,#1903,#337,.T.);
#2194=EDGE_CURVE('309',#1903,#1904,#344,.T.);
#2196=EDGE_CURVE('1301',#2123,#1904,#351,.T.);
#2198=EDGE_CURVE('1270',#2128,#2123,#358,.T.);
#2200=EDGE_CURVE('1297',#2128,#1998,#365,.T.);
#2202=EDGE_CURVE('1298',#2131,#1998,#372,.T.);
#2204=EDGE_CURVE('1274',#2136,#2131,#379,.T.);
#2206=EDGE_CURVE('1303',#1894,#2136,#1628,.T.);
#2208=EDGE_CURVE('299',#1894,#1891,#386,.T.);
#2210=EDGE_CURVE('297',#1891,#1892,#393,.T.);
#2212=EDGE_CURVE('1071',#2091,#1892,#400,.T.);
#2214=EDGE_CURVE('1051',#2096,#2091,#407,.T.);
#2216=EDGE_CURVE('1067',#2096,#1887,#414,.T.);
#2218=EDGE_CURVE('296',#1887,#1888,#421,.T.);
#2220=EDGE_CURVE('1296',#2147,#1888,#428,.T.);
#2222=EDGE_CURVE('1282',#2152,#2147,#435,.T.);
#2224=EDGE_CURVE('1295',#2152,#1883,#442,.T.);
#2226=EDGE_CURVE('293',#1883,#1884,#449,.T.);
#2228=EDGE_CURVE('1066',#2099,#1884,#456,.T.);
#2230=EDGE_CURVE('1055',#2104,#2099,#463,.T.);
#2232=EDGE_CURVE('1070',#2104,#1900,#470,.T.);
#2234=EDGE_CURVE('302',#1900,#1897,#477,.T.);
#2236=EDGE_CURVE('300',#1897,#1898,#484,.T.);
#2238=EDGE_CURVE('1304',#2139,#1898,#585,.T.);
#2240=EDGE_CURVE('1278',#2144,#2139,#491,.T.);
#2242=EDGE_CURVE('1300',#2144,#2000,#498,.T.);
#2244=EDGE_CURVE('1299',#2115,#2000,#505,.T.);
#2248=ADVANCED_FACE('49',(#2247),#2181,.T.);
#2254=EDGE_CURVE('1263',#2115,#2116,#513,.T.);
#2256=EDGE_CURVE('1264',#2118,#2116,#1048,.T.);
#2258=EDGE_CURVE('1265',#2118,#2120,#1323,.T.);
#2263=ADVANCED_FACE('1079',(#2262),#2253,.T.);
#2271=EDGE_CURVE('614',#1981,#2000,#520,.T.);
#2273=EDGE_CURVE('573',#1981,#1982,#527,.T.);
#2275=EDGE_CURVE('714',#2020,#1982,#534,.T.);
#2277=EDGE_CURVE('699',#2020,#2008,#541,.T.);
#2279=EDGE_CURVE('1312',#2008,#2116,#1055,.T.);
#2283=ADVANCED_FACE('245',(#2282),#2268,.F.);
#2289=EDGE_CURVE('1277',#2142,#2144,#549,.T.);
#2291=EDGE_CURVE('1320',#2051,#2142,#1863,.T.);
#2293=EDGE_CURVE('825',#2051,#2058,#556,.T.);
#2295=EDGE_CURVE('833',#2058,#1984,#563,.T.);
#2297=EDGE_CURVE('575',#1981,#1984,#570,.T.);
#2303=ADVANCED_FACE('251',(#2302),#2288,.F.);
#2309=EDGE_CURVE('1275',#2139,#2140,#578,.T.);
#2311=EDGE_CURVE('1276',#2142,#2140,#1821,.T.);
#2317=ADVANCED_FACE('1094',(#2316),#2308,.T.);
#2325=EDGE_CURVE('612',#1947,#1898,#592,.T.);
#2327=EDGE_CURVE('545',#1947,#1948,#599,.T.);
#2329=EDGE_CURVE('832',#2056,#1948,#606,.T.);
#2331=EDGE_CURVE('824',#2048,#2056,#613,.T.);
#2333=EDGE_CURVE('1319',#2048,#2140,#1828,.T.);
#2337=ADVANCED_FACE('90',(#2336),#2322,.F.);
#2343=EDGE_CURVE('567',#1970,#1947,#620,.T.);
#2347=EDGE_CURVE('611',#1970,#1897,#627,.T.);
#2351=ADVANCED_FACE('229',(#2350),#2342,.F.);
#2357=EDGE_CURVE('936',#2067,#2068,#634,.T.);
#2359=EDGE_CURVE('956',#1968,#2068,#787,.T.);
#2361=EDGE_CURVE('565',#1967,#1968,#1649,.T.);
#2363=EDGE_CURVE('566',#1951,#1967,#1635,.T.);
#2365=EDGE_CURVE('549',#1951,#1952,#1621,.T.);
#2367=EDGE_CURVE('623',#1952,#1978,#641,.T.);
#2369=EDGE_CURVE('571',#1975,#1978,#1480,.T.);
#2371=EDGE_CURVE('569',#1975,#1976,#1301,.T.);
#2373=EDGE_CURVE('624',#1976,#1988,#648,.T.);
#2375=EDGE_CURVE('577',#1987,#1988,#1258,.T.);
#2377=EDGE_CURVE('582',#1990,#1987,#1229,.T.);
#2379=EDGE_CURVE('962',#1990,#2083,#1200,.T.);
#2381=EDGE_CURVE('948',#2083,#2084,#655,.T.);
#2383=EDGE_CURVE('964',#1996,#2084,#1141,.T.);
#2385=EDGE_CURVE('588',#1994,#1996,#1351,.T.);
#2387=EDGE_CURVE('585',#1993,#1994,#1344,.T.);
#2389=EDGE_CURVE('626',#1993,#1982,#662,.T.);
#2393=EDGE_CURVE('627',#1984,#1948,#669,.T.);
#2397=EDGE_CURVE('568',#1972,#1970,#1751,.T.);
#2399=EDGE_CURVE('954',#1972,#2075,#1685,.T.);
#2401=EDGE_CURVE('942',#2075,#2076,#676,.T.);
#2403=EDGE_CURVE('958',#1958,#2076,#922,.T.);
#2405=EDGE_CURVE('558',#1956,#1958,#1437,.T.);
#2407=EDGE_CURVE('555',#1955,#1956,#1423,.T.);
#2409=EDGE_CURVE('621',#1955,#1962,#683,.T.);
#2411=EDGE_CURVE('559',#1961,#1962,#1380,.T.);
#2413=EDGE_CURVE('564',#1964,#1961,#1451,.T.);
#2415=EDGE_CURVE('960',#1964,#2067,#721,.T.);
#2419=ADVANCED_FACE('500',(#2418),#2356,.F.);
#2426=EDGE_CURVE('966',#2067,#2071,#691,.T.);
#2428=EDGE_CURVE('937',#2071,#2072,#1779,.T.);
#2430=EDGE_CURVE('967',#2072,#2068,#699,.T.);
#2434=ADVANCED_FACE('849',(#2433),#2424,.F.);
#2440=EDGE_CURVE('1289',#2166,#2168,#707,.T.);
#2442=EDGE_CURVE('1324',#2166,#2071,#714,.T.);
#2446=EDGE_CURVE('608',#1964,#1887,#1458,.T.);
#2449=EDGE_CURVE('1050',#2094,#2096,#729,.T.);
#2451=EDGE_CURVE('1063',#2094,#1940,#736,.T.);
#2453=EDGE_CURVE('450',#1931,#1940,#743,.T.);
#2455=EDGE_CURVE('465',#1919,#1931,#971,.T.);
#2457=EDGE_CURVE('1306',#1919,#2168,#836,.T.);
#2461=ADVANCED_FACE('217',(#2460),#2439,.F.);
#2467=EDGE_CURVE('1287',#2163,#2164,#751,.T.);
#2469=EDGE_CURVE('1288',#2166,#2164,#1772,.T.);
#2472=EDGE_CURVE('1290',#2168,#2163,#829,.T.);
#2476=ADVANCED_FACE('1109',(#2475),#2466,.T.);
#2483=EDGE_CURVE('1310',#1920,#2163,#850,.T.);
#2485=EDGE_CURVE('457',#1920,#1932,#964,.T.);
#2487=EDGE_CURVE('446',#1936,#1932,#758,.T.);
#2489=EDGE_CURVE('1061',#2092,#1936,#765,.T.);
#2491=EDGE_CURVE('1048',#2091,#2092,#773,.T.);
#2494=EDGE_CURVE('602',#1968,#1892,#780,.T.);
#2498=EDGE_CURVE('1322',#2164,#2072,#794,.T.);
#2502=ADVANCED_FACE('104',(#2501),#2481,.F.);
#2508=EDGE_CURVE('1286',#2160,#2155,#801,.T.);
#2510=EDGE_CURVE('1309',#1915,#2160,#808,.T.);
#2512=EDGE_CURVE('345',#1915,#1916,#815,.T.);
#2514=EDGE_CURVE('1305',#1916,#2155,#822,.T.);
#2518=ADVANCED_FACE('44',(#2517),#2507,.F.);
#2526=EDGE_CURVE('347',#1919,#1920,#843,.T.);
#2531=ADVANCED_FACE('44',(#2530),#2523,.F.);
#2537=EDGE_CURVE('1294',#2176,#2171,#857,.T.);
#2539=EDGE_CURVE('1307',#1911,#2176,#864,.T.);
#2541=EDGE_CURVE('330',#1911,#1912,#871,.T.);
#2543=EDGE_CURVE('1308',#1912,#2171,#878,.T.);
#2547=ADVANCED_FACE('44',(#2546),#2536,.F.);
#2553=EDGE_CURVE('1283',#2155,#2156,#886,.T.);
#2555=EDGE_CURVE('1284',#2158,#2156,#1721,.T.);
#2557=EDGE_CURVE('1285',#2158,#2160,#1671,.T.);
#2562=ADVANCED_FACE('1104',(#2561),#2552,.T.);
#2570=EDGE_CURVE('464',#1916,#1928,#943,.T.);
#2572=EDGE_CURVE('448',#1938,#1928,#893,.T.);
#2574=EDGE_CURVE('1062',#2100,#1938,#900,.T.);
#2576=EDGE_CURVE('1052',#2099,#2100,#908,.T.);
#2579=EDGE_CURVE('605',#1958,#1884,#915,.T.);
#2582=EDGE_CURVE('969',#2080,#2076,#1744,.T.);
#2584=EDGE_CURVE('1323',#2156,#2080,#929,.T.);
#2588=ADVANCED_FACE('205',(#2587),#2567,.F.);
#2594=EDGE_CURVE('442',#1927,#1928,#936,.T.);
#2598=EDGE_CURVE('456',#1915,#1927,#950,.T.);
#2602=ADVANCED_FACE('60',(#2601),#2593,.T.);
#2608=EDGE_CURVE('443',#1931,#1932,#957,.T.);
#2615=ADVANCED_FACE('60',(#2614),#2607,.T.);
#2621=EDGE_CURVE('1280',#2150,#2148,#978,.T.);
#2623=EDGE_CURVE('1316',#2012,#2148,#985,.T.);
#2625=EDGE_CURVE('695',#2011,#2012,#992,.T.);
#2627=EDGE_CURVE('1315',#2011,#2150,#999,.T.);
#2631=ADVANCED_FACE('60',(#2630),#2620,.T.);
#2637=EDGE_CURVE('441',#1923,#1924,#1027,.T.);
#2639=EDGE_CURVE('452',#1923,#1942,#1222,.T.);
#2641=EDGE_CURVE('470',#1944,#1942,#1006,.T.);
#2643=EDGE_CURVE('454',#1944,#1924,#1112,.T.);
#2647=ADVANCED_FACE('388',(#2646),#2636,.T.);
#2654=EDGE_CURVE('444',#1927,#1934,#1714,.T.);
#2656=EDGE_CURVE('468',#1938,#1934,#1013,.T.);
#2661=ADVANCED_FACE('388',(#2660),#2652,.T.);
#2669=EDGE_CURVE('469',#1936,#1940,#1020,.T.);
#2674=ADVANCED_FACE('388',(#2673),#2666,.T.);
#2681=EDGE_CURVE('463',#1912,#1924,#1034,.T.);
#2684=EDGE_CURVE('462',#1911,#1923,#1041,.T.);
#2688=ADVANCED_FACE('56',(#2687),#2679,.T.);
#2696=EDGE_CURVE('694',#2007,#2008,#1062,.T.);
#2698=EDGE_CURVE('1314',#2007,#2118,#1069,.T.);
#2702=ADVANCED_FACE('56',(#2701),#2693,.T.);
#2708=EDGE_CURVE('1268',#2126,#2124,#1076,.T.);
#2710=EDGE_CURVE('1313',#2004,#2124,#1083,.T.);
#2712=EDGE_CURVE('693',#2003,#2004,#1090,.T.);
#2714=EDGE_CURVE('1311',#2003,#2126,#1097,.T.);
#2718=ADVANCED_FACE('56',(#2717),#2707,.T.);
#2724=EDGE_CURVE('1291',#2171,#2172,#1105,.T.);
#2729=EDGE_CURVE('1065',#2108,#1944,#1119,.T.);
#2731=EDGE_CURVE('1056',#2107,#2108,#1127,.T.);
#2734=EDGE_CURVE('617',#1996,#1908,#1134,.T.);
#2737=EDGE_CURVE('971',#2088,#2084,#1178,.T.);
#2739=EDGE_CURVE('1326',#2172,#2088,#1148,.T.);
#2743=ADVANCED_FACE('261',(#2742),#2723,.F.);
#2750=EDGE_CURVE('1292',#2174,#2172,#1155,.T.);
#2752=EDGE_CURVE('1293',#2174,#2176,#1186,.T.);
#2757=ADVANCED_FACE('1114',(#2756),#2748,.T.);
#2765=EDGE_CURVE('949',#2087,#2088,#1162,.T.);
#2767=EDGE_CURVE('1325',#2174,#2087,#1193,.T.);
#2771=ADVANCED_FACE('525',(#2770),#2762,.F.);
#2778=EDGE_CURVE('970',#2083,#2087,#1170,.T.);
#2784=ADVANCED_FACE('859',(#2783),#2776,.F.);
#2794=EDGE_CURVE('616',#1990,#1903,#1236,.T.);
#2797=EDGE_CURVE('1058',#2110,#2112,#1208,.T.);
#2799=EDGE_CURVE('1064',#2110,#1942,#1215,.T.);
#2806=ADVANCED_FACE('257',(#2805),#2789,.F.);
#2813=EDGE_CURVE('615',#1987,#1904,#1251,.T.);
#2819=ADVANCED_FACE('259',(#2818),#2811,.F.);
#2825=EDGE_CURVE('1267',#2123,#2124,#1244,.T.);
#2830=EDGE_CURVE('715',#2022,#1988,#1265,.T.);
#2832=EDGE_CURVE('700',#2022,#2004,#1272,.T.);
#2837=ADVANCED_FACE('253',(#2836),#2824,.F.);
#2845=EDGE_CURVE('1269',#2126,#2128,#1280,.T.);
#2850=ADVANCED_FACE('1084',(#2849),#2842,.T.);
#2858=EDGE_CURVE('698',#2003,#2018,#1287,.T.);
#2860=EDGE_CURVE('713',#2018,#1976,#1294,.T.);
#2863=EDGE_CURVE('613',#1975,#1998,#1473,.T.);
#2868=ADVANCED_FACE('241',(#2867),#2855,.F.);
#2876=EDGE_CURVE('703',#2018,#2022,#1308,.T.);
#2881=ADVANCED_FACE('656',(#2880),#2873,.T.);
#2889=EDGE_CURVE('704',#2024,#2020,#1315,.T.);
#2891=EDGE_CURVE('701',#2007,#2024,#1330,.T.);
#2895=ADVANCED_FACE('656',(#2894),#2886,.T.);
#2902=EDGE_CURVE('697',#2016,#2012,#1394,.T.);
#2904=EDGE_CURVE('702',#2014,#2016,#1430,.T.);
#2906=EDGE_CURVE('696',#2011,#2014,#1409,.T.);
#2910=ADVANCED_FACE('656',(#2909),#2900,.T.);
#2922=ADVANCED_FACE('521',(#2921),#2915,.F.);
#2931=EDGE_CURVE('716',#2024,#1993,#1337,.T.);
#2935=ADVANCED_FACE('529',(#2934),#2927,.F.);
#2946=EDGE_CURVE('618',#1994,#1907,#1358,.T.);
#2951=ADVANCED_FACE('265',(#2950),#2940,.F.);
#2963=ADVANCED_FACE('267',(#2962),#2956,.F.);
#2969=EDGE_CURVE('1279',#2147,#2148,#1366,.T.);
#2972=EDGE_CURVE('607',#1961,#1888,#1373,.T.);
#2975=EDGE_CURVE('712',#2016,#1962,#1387,.T.);
#2981=ADVANCED_FACE('213',(#2980),#2968,.F.);
#2989=EDGE_CURVE('1281',#2150,#2152,#1402,.T.);
#2994=ADVANCED_FACE('1099',(#2993),#2986,.T.);
#3003=EDGE_CURVE('711',#2014,#1955,#1416,.T.);
#3006=EDGE_CURVE('606',#1956,#1883,#1444,.T.);
#3011=ADVANCED_FACE('209',(#3010),#2999,.F.);
#3023=ADVANCED_FACE('513',(#3022),#3016,.F.);
#3035=ADVANCED_FACE('211',(#3034),#3028,.F.);
#3047=ADVANCED_FACE('219',(#3046),#3040,.F.);
#3053=EDGE_CURVE('1271',#2131,#2132,#1466,.T.);
#3058=EDGE_CURVE('772',#2038,#1978,#1487,.T.);
#3060=EDGE_CURVE('764',#2034,#2038,#1494,.T.);
#3062=EDGE_CURVE('1318',#2034,#2132,#1508,.T.);
#3066=ADVANCED_FACE('243',(#3065),#3052,.F.);
#3073=EDGE_CURVE('1272',#2134,#2132,#1501,.T.);
#3075=EDGE_CURVE('1273',#2134,#2136,#1600,.T.);
#3080=ADVANCED_FACE('1089',(#3079),#3071,.T.);
#3088=EDGE_CURVE('762',#2034,#2027,#1515,.T.);
#3090=EDGE_CURVE('759',#2027,#2028,#1522,.T.);
#3092=EDGE_CURVE('760',#2028,#2030,#1529,.T.);
#3094=EDGE_CURVE('761',#2030,#2032,#1536,.T.);
#3096=EDGE_CURVE('1317',#2032,#2134,#1543,.T.);
#3100=ADVANCED_FACE('54',(#3099),#3085,.T.);
#3108=EDGE_CURVE('768',#2038,#2041,#1557,.T.);
#3110=EDGE_CURVE('773',#2027,#2041,#1578,.T.);
#3114=ADVANCED_FACE('757',(#3113),#3105,.F.);
#3120=EDGE_CURVE('765',#2041,#2042,#1550,.T.);
#3125=EDGE_CURVE('771',#2036,#1952,#1614,.T.);
#3127=EDGE_CURVE('767',#2044,#2036,#1564,.T.);
#3129=EDGE_CURVE('766',#2042,#2044,#1571,.T.);
#3133=ADVANCED_FACE('519',(#3132),#3119,.F.);
#3142=EDGE_CURVE('774',#2028,#2042,#1585,.T.);
#3146=ADVANCED_FACE('745',(#3145),#3138,.F.);
#3155=EDGE_CURVE('775',#2030,#2044,#1592,.T.);
#3159=ADVANCED_FACE('747',(#3158),#3151,.F.);
#3168=EDGE_CURVE('763',#2032,#2036,#1607,.T.);
#3172=ADVANCED_FACE('749',(#3171),#3164,.F.);
#3183=EDGE_CURVE('610',#1951,#1894,#1642,.T.);
#3188=ADVANCED_FACE('102',(#3187),#3177,.F.);
#3195=EDGE_CURVE('609',#1967,#1891,#1656,.T.);
#3201=ADVANCED_FACE('227',(#3200),#3193,.F.);
#3213=ADVANCED_FACE('221',(#3212),#3206,.F.);
#3220=EDGE_CURVE('1057',#2110,#2108,#1663,.T.);
#3226=ADVANCED_FACE('989',(#3225),#3218,.T.);
#3238=ADVANCED_FACE('436',(#3237),#3231,.F.);
#3245=EDGE_CURVE('1321',#2158,#2079,#1678,.T.);
#3247=EDGE_CURVE('968',#2075,#2079,#1736,.T.);
#3250=EDGE_CURVE('601',#1972,#1900,#1692,.T.);
#3253=EDGE_CURVE('1054',#2102,#2104,#1700,.T.);
#3255=EDGE_CURVE('1060',#2102,#1934,#1707,.T.);
#3262=ADVANCED_FACE('96',(#3261),#3243,.F.);
#3270=EDGE_CURVE('943',#2079,#2080,#1728,.T.);
#3275=ADVANCED_FACE('533',(#3274),#3267,.F.);
#3287=ADVANCED_FACE('854',(#3286),#3280,.F.);
#3299=ADVANCED_FACE('235',(#3298),#3292,.F.);
#3306=EDGE_CURVE('1053',#2102,#2100,#1758,.T.);
#3312=ADVANCED_FACE('984',(#3311),#3304,.T.);
#3324=ADVANCED_FACE('420',(#3323),#3317,.F.);
#3330=EDGE_CURVE('1049',#2094,#2092,#1765,.T.);
#3337=ADVANCED_FACE('428',(#3336),#3329,.F.);
#3349=ADVANCED_FACE('979',(#3348),#3342,.T.);
#3361=ADVANCED_FACE('517',(#3360),#3354,.F.);
#3367=EDGE_CURVE('826',#2060,#2056,#1786,.T.);
#3372=EDGE_CURVE('827',#2058,#2062,#1793,.T.);
#3374=EDGE_CURVE('828',#2062,#2064,#1800,.T.);
#3376=EDGE_CURVE('829',#2064,#2060,#1807,.T.);
#3380=ADVANCED_FACE('531',(#3379),#3366,.F.);
#3386=EDGE_CURVE('820',#2047,#2048,#1835,.T.);
#3390=EDGE_CURVE('834',#2047,#2060,#1814,.T.);
#3394=ADVANCED_FACE('806',(#3393),#3385,.F.);
#3403=EDGE_CURVE('823',#2054,#2047,#1842,.T.);
#3405=EDGE_CURVE('822',#2052,#2054,#1849,.T.);
#3407=EDGE_CURVE('821',#2051,#2052,#1856,.T.);
#3412=ADVANCED_FACE('58',(#3411),#3399,.T.);
#3421=EDGE_CURVE('836',#2054,#2064,#1870,.T.);
#3425=ADVANCED_FACE('818',(#3424),#3417,.F.);
#3434=EDGE_CURVE('835',#2052,#2062,#1877,.T.);
#3438=ADVANCED_FACE('816',(#3437),#3430,.F.);
#3450=ADVANCED_FACE('814',(#3449),#3443,.F.);
#3459=(LENGTH_UNIT()NAMED_UNIT(*)SI_UNIT(.MILLI.,.METRE.));
#3460=(NAMED_UNIT(*)PLANE_ANGLE_UNIT()SI_UNIT($,.RADIAN.));
#3463=(NAMED_UNIT(*)SI_UNIT($,.STERADIAN.)SOLID_ANGLE_UNIT());
#3465=(GEOMETRIC_REPRESENTATION_CONTEXT(3)GLOBAL_UNCERTAINTY_ASSIGNED_CONTEXT((
#3464))GLOBAL_UNIT_ASSIGNED_CONTEXT((#3459,#3462,#3463))REPRESENTATION_CONTEXT(
'ID2','3'));
#3469=AXIS2_PLACEMENT_3D('',#3466,#3467,#3468);
#3470=ADVANCED_BREP_SHAPE_REPRESENTATION('',(#3469,#3452),#3465);
#3474=PRODUCT_DEFINITION('part definition','',#3473,#222);
#3475=PRODUCT_DEFINITION_SHAPE('','SHAPE FOR CASE.',#3474);
#3476=SHAPE_ASPECT('','solid data associated with CASE',#3475,.F.);
#3477=PROPERTY_DEFINITION('',
'shape for solid data with which properties are associated',#3476);
#3478=SHAPE_REPRESENTATION('',(#3452),#3465);
#3479=SHAPE_DEFINITION_REPRESENTATION(#3477,#3478);
#3480=(LENGTH_UNIT()NAMED_UNIT(*)SI_UNIT(.MILLI.,.METRE.));
#3484=PROPERTY_DEFINITION('geometric validation property','area of CASE',#3476);
#3485=REPRESENTATION('surface area',(#3483),#3465);
#3486=PROPERTY_DEFINITION_REPRESENTATION(#3484,#3485);
#3487=(LENGTH_UNIT()NAMED_UNIT(*)SI_UNIT(.MILLI.,.METRE.));
#3491=PROPERTY_DEFINITION('geometric validation property','volume of CASE',
#3476);
#3492=REPRESENTATION('volume',(#3490),#3465);
#3493=PROPERTY_DEFINITION_REPRESENTATION(#3491,#3492);
#3495=PROPERTY_DEFINITION('geometric validation property','centroid of CASE',
#3476);
#3496=REPRESENTATION('centroid',(#3494),#3465);
#3497=PROPERTY_DEFINITION_REPRESENTATION(#3495,#3496);
#3498=(LENGTH_UNIT()NAMED_UNIT(*)SI_UNIT(.MILLI.,.METRE.));
#3502=PROPERTY_DEFINITION('geometric validation property','area of CASE',#3475);
#3503=REPRESENTATION('surface area',(#3501),#3465);
#3504=PROPERTY_DEFINITION_REPRESENTATION(#3502,#3503);
#3505=(LENGTH_UNIT()NAMED_UNIT(*)SI_UNIT(.MILLI.,.METRE.));
#3509=PROPERTY_DEFINITION('geometric validation property','volume of CASE',
#3475);
#3510=REPRESENTATION('volume',(#3508),#3465);
#3511=PROPERTY_DEFINITION_REPRESENTATION(#3509,#3510);
#3513=PROPERTY_DEFINITION('geometric validation property','centroid of CASE',
#3475);
#3514=REPRESENTATION('centroid',(#3512),#3465);
#3515=PROPERTY_DEFINITION_REPRESENTATION(#3513,#3514);
#3516=SHAPE_DEFINITION_REPRESENTATION(#3475,#3470);
#3517=PROPERTY_DEFINITION('DESCRIPTION','user defined attribute',#3474);
#3521=REPRESENTATION('',(#3520),#3465);
#3522=PROPERTY_DEFINITION_REPRESENTATION(#3517,#3521);
#3523=PROPERTY_DEFINITION('MODELED_BY','user defined attribute',#3474);
#3527=REPRESENTATION('',(#3526),#3465);
#3528=PROPERTY_DEFINITION_REPRESENTATION(#3523,#3527);
#3529=NEXT_ASSEMBLY_USAGE_OCCURRENCE('72','Next assembly relationship','CASE',
#4440,#3474,$);
#3530=PRODUCT_DEFINITION_SHAPE('Placement #72',
'Placement of CASE with respect to EJ5340BA_ASM',#3529);
#3532=PROPERTY_DEFINITION('geometric validation property','centroid of CASE',
#3530);
#3533=REPRESENTATION('centroid',(#3531),#3465);
#3534=PROPERTY_DEFINITION_REPRESENTATION(#3532,#3533);
#3542=COLOUR_RGB('',8.E-1,8.E-1,8.E-1);
#3649=EDGE_CURVE('61',#3641,#3634,#3568,.T.);
#3651=EDGE_CURVE('52',#3634,#3635,#3596,.T.);
#3653=EDGE_CURVE('53',#3637,#3635,#3547,.T.);
#3655=EDGE_CURVE('56',#3641,#3637,#3554,.T.);
#3659=ADVANCED_FACE('63',(#3658),#3648,.F.);
#3665=EDGE_CURVE('60',#3634,#3643,#3561,.T.);
#3668=EDGE_CURVE('57',#3630,#3641,#3575,.T.);
#3670=EDGE_CURVE('62',#3643,#3630,#3582,.T.);
#3674=ADVANCED_FACE('66',(#3673),#3664,.F.);
#3681=EDGE_CURVE('58',#3643,#3639,#3610,.T.);
#3683=EDGE_CURVE('59',#3635,#3639,#3589,.T.);
#3688=ADVANCED_FACE('68',(#3687),#3679,.F.);
#3695=EDGE_CURVE('51',#3630,#3631,#3624,.T.);
#3697=EDGE_CURVE('55',#3639,#3631,#3603,.T.);
#3702=ADVANCED_FACE('64',(#3701),#3693,.F.);
#3710=EDGE_CURVE('54',#3631,#3637,#3617,.T.);
#3715=ADVANCED_FACE('67',(#3714),#3707,.F.);
#3727=ADVANCED_FACE('65',(#3726),#3720,.T.);
#3739=(LENGTH_UNIT()NAMED_UNIT(*)SI_UNIT(.MILLI.,.METRE.));
#3740=(NAMED_UNIT(*)PLANE_ANGLE_UNIT()SI_UNIT($,.RADIAN.));
#3743=(NAMED_UNIT(*)SI_UNIT($,.STERADIAN.)SOLID_ANGLE_UNIT());
#3745=(GEOMETRIC_REPRESENTATION_CONTEXT(3)GLOBAL_UNCERTAINTY_ASSIGNED_CONTEXT((
#3744))GLOBAL_UNIT_ASSIGNED_CONTEXT((#3739,#3742,#3743))REPRESENTATION_CONTEXT(
'ID3','3'));
#3749=AXIS2_PLACEMENT_3D('',#3746,#3747,#3748);
#3750=ADVANCED_BREP_SHAPE_REPRESENTATION('',(#3749,#3729),#3745);
#3755=PRODUCT_DEFINITION('part definition','',#3754,#3751);
#3756=PRODUCT_DEFINITION_SHAPE('','SHAPE FOR ____-______O__3.',#3755);
#3757=SHAPE_ASPECT('','solid data associated with ____-______O__3',#3756,.F.);
#3758=PROPERTY_DEFINITION('',
'shape for solid data with which properties are associated',#3757);
#3759=SHAPE_REPRESENTATION('',(#3729),#3745);
#3760=SHAPE_DEFINITION_REPRESENTATION(#3758,#3759);
#3761=(LENGTH_UNIT()NAMED_UNIT(*)SI_UNIT(.MILLI.,.METRE.));
#3765=PROPERTY_DEFINITION('geometric validation property',
'area of ____-______O__3',#3757);
#3766=REPRESENTATION('surface area',(#3764),#3745);
#3767=PROPERTY_DEFINITION_REPRESENTATION(#3765,#3766);
#3768=(LENGTH_UNIT()NAMED_UNIT(*)SI_UNIT(.MILLI.,.METRE.));
#3772=PROPERTY_DEFINITION('geometric validation property',
'volume of ____-______O__3',#3757);
#3773=REPRESENTATION('volume',(#3771),#3745);
#3774=PROPERTY_DEFINITION_REPRESENTATION(#3772,#3773);
#3776=PROPERTY_DEFINITION('geometric validation property',
'centroid of ____-______O__3',#3757);
#3777=REPRESENTATION('centroid',(#3775),#3745);
#3778=PROPERTY_DEFINITION_REPRESENTATION(#3776,#3777);
#3779=(LENGTH_UNIT()NAMED_UNIT(*)SI_UNIT(.MILLI.,.METRE.));
#3783=PROPERTY_DEFINITION('geometric validation property',
'area of ____-______O__3',#3756);
#3784=REPRESENTATION('surface area',(#3782),#3745);
#3785=PROPERTY_DEFINITION_REPRESENTATION(#3783,#3784);
#3786=(LENGTH_UNIT()NAMED_UNIT(*)SI_UNIT(.MILLI.,.METRE.));
#3790=PROPERTY_DEFINITION('geometric validation property',
'volume of ____-______O__3',#3756);
#3791=REPRESENTATION('volume',(#3789),#3745);
#3792=PROPERTY_DEFINITION_REPRESENTATION(#3790,#3791);
#3794=PROPERTY_DEFINITION('geometric validation property',
'centroid of ____-______O__3',#3756);
#3795=REPRESENTATION('centroid',(#3793),#3745);
#3796=PROPERTY_DEFINITION_REPRESENTATION(#3794,#3795);
#3797=SHAPE_DEFINITION_REPRESENTATION(#3756,#3750);
#3798=SHAPE_DEFINITION_REPRESENTATION(#3799,#3800);
#3799=PRODUCT_DEFINITION_SHAPE('','SHAPE FOR L_ASM.',#4378);
#3800=SHAPE_REPRESENTATION('',(#3815,#3810,#4086,#4081,#4358,#4353,#4374),
#4370);
#3801=NEXT_ASSEMBLY_USAGE_OCCURRENCE('73','Next assembly relationship',
'____-______O__3',#4378,#3755,$);
#3802=PRODUCT_DEFINITION_SHAPE('Placement #73',
'Placement of ____-______O__3 with respect to L_ASM',#3801);
#3804=PROPERTY_DEFINITION('geometric validation property',
'centroid of ____-______O__3',#3802);
#3805=REPRESENTATION('centroid',(#3803),#3745);
#3806=PROPERTY_DEFINITION_REPRESENTATION(#3804,#3805);
#3815=AXIS2_PLACEMENT_3D('',#3812,#3813,#3814);
#3924=EDGE_CURVE('51',#3905,#3906,#3857,.T.);
#3926=EDGE_CURVE('57',#3906,#3918,#3885,.T.);
#3928=EDGE_CURVE('59',#3916,#3918,#3822,.T.);
#3930=EDGE_CURVE('62',#3905,#3916,#3829,.T.);
#3934=ADVANCED_FACE('63',(#3933),#3923,.F.);
#3940=EDGE_CURVE('55',#3910,#3905,#3836,.T.);
#3942=EDGE_CURVE('52',#3909,#3910,#3843,.T.);
#3944=EDGE_CURVE('60',#3906,#3909,#3850,.T.);
#3949=ADVANCED_FACE('66',(#3948),#3939,.F.);
#3957=EDGE_CURVE('54',#3915,#3916,#3864,.T.);
#3959=EDGE_CURVE('61',#3910,#3915,#3871,.T.);
#3963=ADVANCED_FACE('65',(#3962),#3954,.F.);
#3971=EDGE_CURVE('56',#3918,#3912,#3878,.T.);
#3973=EDGE_CURVE('58',#3912,#3915,#3892,.T.);
#3977=ADVANCED_FACE('67',(#3976),#3968,.T.);
#3984=EDGE_CURVE('53',#3909,#3912,#3899,.T.);
#3990=ADVANCED_FACE('64',(#3989),#3982,.F.);
#4002=ADVANCED_FACE('68',(#4001),#3995,.F.);
#4014=(LENGTH_UNIT()NAMED_UNIT(*)SI_UNIT(.MILLI.,.METRE.));
#4015=(NAMED_UNIT(*)PLANE_ANGLE_UNIT()SI_UNIT($,.RADIAN.));
#4018=(NAMED_UNIT(*)SI_UNIT($,.STERADIAN.)SOLID_ANGLE_UNIT());
#4020=(GEOMETRIC_REPRESENTATION_CONTEXT(3)GLOBAL_UNCERTAINTY_ASSIGNED_CONTEXT((
#4019))GLOBAL_UNIT_ASSIGNED_CONTEXT((#4014,#4017,#4018))REPRESENTATION_CONTEXT(
'ID4','3'));
#4024=AXIS2_PLACEMENT_3D('',#4021,#4022,#4023);
#4025=ADVANCED_BREP_SHAPE_REPRESENTATION('',(#4024,#4004),#4020);
#4029=PRODUCT_DEFINITION('part definition','',#4028,#3751);
#4030=PRODUCT_DEFINITION_SHAPE('','SHAPE FOR ____-______O__1.',#4029);
#4031=SHAPE_ASPECT('','solid data associated with ____-______O__1',#4030,.F.);
#4032=PROPERTY_DEFINITION('',
'shape for solid data with which properties are associated',#4031);
#4033=SHAPE_REPRESENTATION('',(#4004),#4020);
#4034=SHAPE_DEFINITION_REPRESENTATION(#4032,#4033);
#4035=(LENGTH_UNIT()NAMED_UNIT(*)SI_UNIT(.MILLI.,.METRE.));
#4039=PROPERTY_DEFINITION('geometric validation property',
'area of ____-______O__1',#4031);
#4040=REPRESENTATION('surface area',(#4038),#4020);
#4041=PROPERTY_DEFINITION_REPRESENTATION(#4039,#4040);
#4042=(LENGTH_UNIT()NAMED_UNIT(*)SI_UNIT(.MILLI.,.METRE.));
#4046=PROPERTY_DEFINITION('geometric validation property',
'volume of ____-______O__1',#4031);
#4047=REPRESENTATION('volume',(#4045),#4020);
#4048=PROPERTY_DEFINITION_REPRESENTATION(#4046,#4047);
#4050=PROPERTY_DEFINITION('geometric validation property',
'centroid of ____-______O__1',#4031);
#4051=REPRESENTATION('centroid',(#4049),#4020);
#4052=PROPERTY_DEFINITION_REPRESENTATION(#4050,#4051);
#4053=(LENGTH_UNIT()NAMED_UNIT(*)SI_UNIT(.MILLI.,.METRE.));
#4057=PROPERTY_DEFINITION('geometric validation property',
'area of ____-______O__1',#4030);
#4058=REPRESENTATION('surface area',(#4056),#4020);
#4059=PROPERTY_DEFINITION_REPRESENTATION(#4057,#4058);
#4060=(LENGTH_UNIT()NAMED_UNIT(*)SI_UNIT(.MILLI.,.METRE.));
#4064=PROPERTY_DEFINITION('geometric validation property',
'volume of ____-______O__1',#4030);
#4065=REPRESENTATION('volume',(#4063),#4020);
#4066=PROPERTY_DEFINITION_REPRESENTATION(#4064,#4065);
#4068=PROPERTY_DEFINITION('geometric validation property',
'centroid of ____-______O__1',#4030);
#4069=REPRESENTATION('centroid',(#4067),#4020);
#4070=PROPERTY_DEFINITION_REPRESENTATION(#4068,#4069);
#4071=SHAPE_DEFINITION_REPRESENTATION(#4030,#4025);
#4072=NEXT_ASSEMBLY_USAGE_OCCURRENCE('74','Next assembly relationship',
'____-______O__1',#4378,#4029,$);
#4073=PRODUCT_DEFINITION_SHAPE('Placement #74',
'Placement of ____-______O__1 with respect to L_ASM',#4072);
#4075=PROPERTY_DEFINITION('geometric validation property',
'centroid of ____-______O__1',#4073);
#4076=REPRESENTATION('centroid',(#4074),#4020);
#4077=PROPERTY_DEFINITION_REPRESENTATION(#4075,#4076);
#4086=AXIS2_PLACEMENT_3D('',#4083,#4084,#4085);
#4195=EDGE_CURVE('61',#4187,#4189,#4093,.T.);
#4197=EDGE_CURVE('62',#4189,#4182,#4163,.T.);
#4199=EDGE_CURVE('53',#4182,#4183,#4149,.T.);
#4201=EDGE_CURVE('57',#4183,#4187,#4135,.T.);
#4205=ADVANCED_FACE('63',(#4204),#4194,.T.);
#4211=EDGE_CURVE('51',#4176,#4177,#4107,.T.);
#4213=EDGE_CURVE('58',#4177,#4189,#4170,.T.);
#4216=EDGE_CURVE('56',#4176,#4187,#4100,.T.);
#4220=ADVANCED_FACE('68',(#4219),#4210,.F.);
#4227=EDGE_CURVE('55',#4185,#4176,#4114,.T.);
#4229=EDGE_CURVE('54',#4179,#4185,#4121,.T.);
#4231=EDGE_CURVE('52',#4177,#4179,#4128,.T.);
#4235=ADVANCED_FACE('67',(#4234),#4225,.F.);
#4244=EDGE_CURVE('59',#4185,#4183,#4142,.T.);
#4248=ADVANCED_FACE('66',(#4247),#4240,.F.);
#4257=EDGE_CURVE('60',#4179,#4182,#4156,.T.);
#4261=ADVANCED_FACE('64',(#4260),#4253,.F.);
#4273=ADVANCED_FACE('65',(#4272),#4266,.F.);
#4285=(LENGTH_UNIT()NAMED_UNIT(*)SI_UNIT(.MILLI.,.METRE.));
#4286=(NAMED_UNIT(*)PLANE_ANGLE_UNIT()SI_UNIT($,.RADIAN.));
#4289=(NAMED_UNIT(*)SI_UNIT($,.STERADIAN.)SOLID_ANGLE_UNIT());
#4291=(GEOMETRIC_REPRESENTATION_CONTEXT(3)GLOBAL_UNCERTAINTY_ASSIGNED_CONTEXT((
#4290))GLOBAL_UNIT_ASSIGNED_CONTEXT((#4285,#4288,#4289))REPRESENTATION_CONTEXT(
'ID5','3'));
#4295=AXIS2_PLACEMENT_3D('',#4292,#4293,#4294);
#4296=ADVANCED_BREP_SHAPE_REPRESENTATION('',(#4295,#4275),#4291);
#4301=PRODUCT_DEFINITION('part definition','',#4300,#4297);
#4302=PRODUCT_DEFINITION_SHAPE('','SHAPE FOR ____-______O__2.',#4301);
#4303=SHAPE_ASPECT('','solid data associated with ____-______O__2',#4302,.F.);
#4304=PROPERTY_DEFINITION('',
'shape for solid data with which properties are associated',#4303);
#4305=SHAPE_REPRESENTATION('',(#4275),#4291);
#4306=SHAPE_DEFINITION_REPRESENTATION(#4304,#4305);
#4307=(LENGTH_UNIT()NAMED_UNIT(*)SI_UNIT(.MILLI.,.METRE.));
#4311=PROPERTY_DEFINITION('geometric validation property',
'area of ____-______O__2',#4303);
#4312=REPRESENTATION('surface area',(#4310),#4291);
#4313=PROPERTY_DEFINITION_REPRESENTATION(#4311,#4312);
#4314=(LENGTH_UNIT()NAMED_UNIT(*)SI_UNIT(.MILLI.,.METRE.));
#4318=PROPERTY_DEFINITION('geometric validation property',
'volume of ____-______O__2',#4303);
#4319=REPRESENTATION('volume',(#4317),#4291);
#4320=PROPERTY_DEFINITION_REPRESENTATION(#4318,#4319);
#4322=PROPERTY_DEFINITION('geometric validation property',
'centroid of ____-______O__2',#4303);
#4323=REPRESENTATION('centroid',(#4321),#4291);
#4324=PROPERTY_DEFINITION_REPRESENTATION(#4322,#4323);
#4325=(LENGTH_UNIT()NAMED_UNIT(*)SI_UNIT(.MILLI.,.METRE.));
#4329=PROPERTY_DEFINITION('geometric validation property',
'area of ____-______O__2',#4302);
#4330=REPRESENTATION('surface area',(#4328),#4291);
#4331=PROPERTY_DEFINITION_REPRESENTATION(#4329,#4330);
#4332=(LENGTH_UNIT()NAMED_UNIT(*)SI_UNIT(.MILLI.,.METRE.));
#4336=PROPERTY_DEFINITION('geometric validation property',
'volume of ____-______O__2',#4302);
#4337=REPRESENTATION('volume',(#4335),#4291);
#4338=PROPERTY_DEFINITION_REPRESENTATION(#4336,#4337);
#4340=PROPERTY_DEFINITION('geometric validation property',
'centroid of ____-______O__2',#4302);
#4341=REPRESENTATION('centroid',(#4339),#4291);
#4342=PROPERTY_DEFINITION_REPRESENTATION(#4340,#4341);
#4343=SHAPE_DEFINITION_REPRESENTATION(#4302,#4296);
#4344=NEXT_ASSEMBLY_USAGE_OCCURRENCE('75','Next assembly relationship',
'____-______O__2',#4378,#4301,$);
#4345=PRODUCT_DEFINITION_SHAPE('Placement #75',
'Placement of ____-______O__2 with respect to L_ASM',#4344);
#4347=PROPERTY_DEFINITION('geometric validation property',
'centroid of ____-______O__2',#4345);
#4348=REPRESENTATION('centroid',(#4346),#4291);
#4349=PROPERTY_DEFINITION_REPRESENTATION(#4347,#4348);
#4358=AXIS2_PLACEMENT_3D('',#4355,#4356,#4357);
#4364=(LENGTH_UNIT()NAMED_UNIT(*)SI_UNIT(.MILLI.,.METRE.));
#4365=(NAMED_UNIT(*)PLANE_ANGLE_UNIT()SI_UNIT($,.RADIAN.));
#4368=(NAMED_UNIT(*)SI_UNIT($,.STERADIAN.)SOLID_ANGLE_UNIT());
#4370=(GEOMETRIC_REPRESENTATION_CONTEXT(3)GLOBAL_UNCERTAINTY_ASSIGNED_CONTEXT((
#4369))GLOBAL_UNIT_ASSIGNED_CONTEXT((#4364,#4367,#4368))REPRESENTATION_CONTEXT(
'ID6','3'));
#4374=AXIS2_PLACEMENT_3D('',#4371,#4372,#4373);
#4378=PRODUCT_DEFINITION('part definition','',#4377,#4297);
#4379=(LENGTH_UNIT()NAMED_UNIT(*)SI_UNIT(.MILLI.,.METRE.));
#4383=PROPERTY_DEFINITION('geometric validation property','area of L_ASM',
#3799);
#4384=REPRESENTATION('surface area',(#4382),#4370);
#4385=PROPERTY_DEFINITION_REPRESENTATION(#4383,#4384);
#4386=(LENGTH_UNIT()NAMED_UNIT(*)SI_UNIT(.MILLI.,.METRE.));
#4390=PROPERTY_DEFINITION('geometric validation property','volume of L_ASM',
#3799);
#4391=REPRESENTATION('volume',(#4389),#4370);
#4392=PROPERTY_DEFINITION_REPRESENTATION(#4390,#4391);
#4394=PROPERTY_DEFINITION('geometric validation property','centroid of L_ASM',
#3799);
#4395=REPRESENTATION('centroid',(#4393),#4370);
#4396=PROPERTY_DEFINITION_REPRESENTATION(#4394,#4395);
#4397=NEXT_ASSEMBLY_USAGE_OCCURRENCE('76','Next assembly relationship','L',
#4440,#4378,$);
#4398=PRODUCT_DEFINITION_SHAPE('Placement #76',
'Placement of L_ASM with respect to EJ5340BA_ASM',#4397);
#4400=PROPERTY_DEFINITION('geometric validation property','centroid of L',
#4398);
#4401=REPRESENTATION('centroid',(#4399),#4370);
#4402=PROPERTY_DEFINITION_REPRESENTATION(#4400,#4401);
#4410=NEXT_ASSEMBLY_USAGE_OCCURRENCE('77','Next assembly relationship','L',
#4440,#4378,$);
#4411=PRODUCT_DEFINITION_SHAPE('Placement #77',
'Placement of L_ASM with respect to EJ5340BA_ASM',#4410);
#4413=PROPERTY_DEFINITION('geometric validation property','centroid of L',
#4411);
#4414=REPRESENTATION('centroid',(#4412),#4370);
#4415=PROPERTY_DEFINITION_REPRESENTATION(#4413,#4414);
#4424=(LENGTH_UNIT()NAMED_UNIT(*)SI_UNIT(.MILLI.,.METRE.));
#4425=(NAMED_UNIT(*)PLANE_ANGLE_UNIT()SI_UNIT($,.RADIAN.));
#4428=(NAMED_UNIT(*)SI_UNIT($,.STERADIAN.)SOLID_ANGLE_UNIT());
#4430=(GEOMETRIC_REPRESENTATION_CONTEXT(3)GLOBAL_UNCERTAINTY_ASSIGNED_CONTEXT((
#4429))GLOBAL_UNIT_ASSIGNED_CONTEXT((#4424,#4427,#4428))REPRESENTATION_CONTEXT(
'ID7','3'));
#4434=AXIS2_PLACEMENT_3D('',#4431,#4432,#4433);
#4440=PRODUCT_DEFINITION('part definition','',#4439,#4436);
#4441=(LENGTH_UNIT()NAMED_UNIT(*)SI_UNIT(.MILLI.,.METRE.));
#4445=PROPERTY_DEFINITION('geometric validation property',
'area of EJ5340BA_ASM',#282);
#4446=REPRESENTATION('surface area',(#4444),#4430);
#4447=PROPERTY_DEFINITION_REPRESENTATION(#4445,#4446);
#4448=(LENGTH_UNIT()NAMED_UNIT(*)SI_UNIT(.MILLI.,.METRE.));
#4452=PROPERTY_DEFINITION('geometric validation property',
'volume of EJ5340BA_ASM',#282);
#4453=REPRESENTATION('volume',(#4451),#4430);
#4454=PROPERTY_DEFINITION_REPRESENTATION(#4452,#4453);
#4456=PROPERTY_DEFINITION('geometric validation property',
'centroid of EJ5340BA_ASM',#282);
#4457=REPRESENTATION('centroid',(#4455),#4430);
#4458=PROPERTY_DEFINITION_REPRESENTATION(#4456,#4457);
ENDSEC;
END-ISO-10303-21;
