ISO-10303-21;
HEADER;
FILE_DESCRIPTION(('FreeCAD Model'),'2;1');
FILE_NAME('Open CASCADE Shape Model','2025-11-04T15:23:21',(
    'kicad StepUp'),('ksu MCAD'),'Open CASCADE STEP processor 7.8',
  'FreeCAD','Unknown');
FILE_SCHEMA(('AUTOMOTIVE_DESIGN { 1 0 10303 214 1 1 1 1 }'));
ENDSEC;
DATA;
#1 = APPLICATION_PROTOCOL_DEFINITION('international standard',
  'automotive_design',2000,#2);
#2 = APPLICATION_CONTEXT(
  'core data for automotive mechanical design processes');
#3 = SHAPE_DEFINITION_REPRESENTATION(#4,#10);
#4 = PRODUCT_DEFINITION_SHAPE('','',#5);
#5 = PRODUCT_DEFINITION('design','',#6,#9);
#6 = PRODUCT_DEFINITION_FORMATION('','',#7);
#7 = PRODUCT('SK-12D11VG3','SK-12D11VG3','',(#8));
#8 = PRODUCT_CONTEXT('',#2,'mechanical');
#9 = PRODUCT_DEFINITION_CONTEXT('part definition',#2,'design');
#10 = ADVANCED_BREP_SHAPE_REPRESENTATION('',(#11,#15),#4884);
#11 = AXIS2_PLACEMENT_3D('',#12,#13,#14);
#12 = CARTESIAN_POINT('',(0.,0.,0.));
#13 = DIRECTION('',(0.,0.,1.));
#14 = DIRECTION('',(1.,0.,-0.));
#15 = MANIFOLD_SOLID_BREP('',#16);
#16 = CLOSED_SHELL('',(#17,#57,#120,#144,#168,#185,#271,#302,#350,#374,
    #409,#433,#669,#700,#731,#748,#789,#806,#823,#840,#852,#878,#910,
    #934,#959,#991,#1015,#1040,#1079,#1103,#1135,#1174,#1198,#1230,#1261
    ,#1303,#1327,#1362,#1393,#1435,#1459,#1494,#1525,#1567,#1591,#1626,
    #1659,#1692,#1709,#1726,#1751,#1768,#1793,#1818,#1835,#1860,#1893,
    #1910,#1943,#1976,#1993,#2026,#2043,#2060,#2072,#2089,#2106,#2118,
    #2135,#2152,#2164,#2304,#2321,#2338,#2355,#2379,#2403,#2420,#2444,
    #2468,#2485,#2516,#2538,#2555,#2586,#2611,#2635,#2668,#2699,#2717,
    #2742,#2766,#2791,#2815,#2840,#2864,#2882,#2935,#2966,#3019,#3036,
    #3053,#3078,#3103,#3134,#3151,#3175,#3192,#3209,#3242,#3275,#3308,
    #3333,#3358,#3375,#3392,#3414,#3439,#3472,#3505,#3530,#3701,#3718,
    #3889,#3906,#4077,#4094,#4118,#4282,#4304,#4321,#4338,#4355,#4372,
    #4389,#4406,#4423,#4440,#4452,#4469,#4486,#4503,#4520,#4537,#4554,
    #4571,#4583,#4605,#4622,#4639,#4656,#4673,#4690,#4707,#4724,#4741,
    #4758,#4775,#4787,#4804,#4821,#4838,#4855,#4872));
#17 = ADVANCED_FACE('',(#18),#52,.T.);
#18 = FACE_BOUND('',#19,.T.);
#19 = EDGE_LOOP('',(#20,#30,#38,#46));
#20 = ORIENTED_EDGE('',*,*,#21,.T.);
#21 = EDGE_CURVE('',#22,#24,#26,.T.);
#22 = VERTEX_POINT('',#23);
#23 = CARTESIAN_POINT('',(-3.389999980526,-1.839999980526,4.2));
#24 = VERTEX_POINT('',#25);
#25 = CARTESIAN_POINT('',(1.610000019474,-1.839999980526,4.2));
#26 = LINE('',#27,#28);
#27 = CARTESIAN_POINT('',(-1.889999980526,-1.839999980526,4.2));
#28 = VECTOR('',#29,1.);
#29 = DIRECTION('',(1.,0.,0.));
#30 = ORIENTED_EDGE('',*,*,#31,.T.);
#31 = EDGE_CURVE('',#24,#32,#34,.T.);
#32 = VERTEX_POINT('',#33);
#33 = CARTESIAN_POINT('',(1.610000019474,1.749999910593,4.2));
#34 = LINE('',#35,#36);
#35 = CARTESIAN_POINT('',(1.610000019474,-1.839999980526,4.2));
#36 = VECTOR('',#37,1.);
#37 = DIRECTION('',(0.,1.,1.040834085586E-15));
#38 = ORIENTED_EDGE('',*,*,#39,.T.);
#39 = EDGE_CURVE('',#32,#40,#42,.T.);
#40 = VERTEX_POINT('',#41);
#41 = CARTESIAN_POINT('',(-3.389999980526,1.749999910593,4.2));
#42 = LINE('',#43,#44);
#43 = CARTESIAN_POINT('',(1.610000019474,1.749999910593,4.2));
#44 = VECTOR('',#45,1.);
#45 = DIRECTION('',(-1.,0.,0.));
#46 = ORIENTED_EDGE('',*,*,#47,.T.);
#47 = EDGE_CURVE('',#40,#22,#48,.T.);
#48 = LINE('',#49,#50);
#49 = CARTESIAN_POINT('',(-3.389999980526,1.749999910593,4.2));
#50 = VECTOR('',#51,1.);
#51 = DIRECTION('',(0.,-1.,-1.040834085586E-15));
#52 = PLANE('',#53);
#53 = AXIS2_PLACEMENT_3D('',#54,#55,#56);
#54 = CARTESIAN_POINT('',(-0.889999980526,-4.500003496651E-02,4.2));
#55 = DIRECTION('',(0.,-9.71445146547E-16,1.));
#56 = DIRECTION('',(1.,0.,0.));
#57 = ADVANCED_FACE('',(#58),#115,.T.);
#58 = FACE_BOUND('',#59,.T.);
#59 = EDGE_LOOP('',(#60,#70,#76,#77,#85,#93,#101,#109));
#60 = ORIENTED_EDGE('',*,*,#61,.T.);
#61 = EDGE_CURVE('',#62,#64,#66,.T.);
#62 = VERTEX_POINT('',#63);
#63 = CARTESIAN_POINT('',(0.110000019474,-1.839999980526,1.7));
#64 = VERTEX_POINT('',#65);
#65 = CARTESIAN_POINT('',(1.610000019474,-1.839999980526,1.7));
#66 = LINE('',#67,#68);
#67 = CARTESIAN_POINT('',(-3.389999980526,-1.839999980526,1.7));
#68 = VECTOR('',#69,1.);
#69 = DIRECTION('',(1.,0.,0.));
#70 = ORIENTED_EDGE('',*,*,#71,.T.);
#71 = EDGE_CURVE('',#64,#24,#72,.T.);
#72 = LINE('',#73,#74);
#73 = CARTESIAN_POINT('',(1.610000019474,-1.839999980526,1.7));
#74 = VECTOR('',#75,1.);
#75 = DIRECTION('',(0.,-9.367506770275E-16,1.));
#76 = ORIENTED_EDGE('',*,*,#21,.F.);
#77 = ORIENTED_EDGE('',*,*,#78,.F.);
#78 = EDGE_CURVE('',#79,#22,#81,.T.);
#79 = VERTEX_POINT('',#80);
#80 = CARTESIAN_POINT('',(-3.389999980526,-1.839999980526,1.7));
#81 = LINE('',#82,#83);
#82 = CARTESIAN_POINT('',(-3.389999980526,-1.839999980526,1.7));
#83 = VECTOR('',#84,1.);
#84 = DIRECTION('',(0.,-9.367506770275E-16,1.));
#85 = ORIENTED_EDGE('',*,*,#86,.T.);
#86 = EDGE_CURVE('',#79,#87,#89,.T.);
#87 = VERTEX_POINT('',#88);
#88 = CARTESIAN_POINT('',(-1.889999980526,-1.839999980526,1.7));
#89 = LINE('',#90,#91);
#90 = CARTESIAN_POINT('',(-3.389999980526,-1.839999980526,1.7));
#91 = VECTOR('',#92,1.);
#92 = DIRECTION('',(1.,0.,0.));
#93 = ORIENTED_EDGE('',*,*,#94,.T.);
#94 = EDGE_CURVE('',#87,#95,#97,.T.);
#95 = VERTEX_POINT('',#96);
#96 = CARTESIAN_POINT('',(-1.889999980526,-1.839999980526,3.7));
#97 = LINE('',#98,#99);
#98 = CARTESIAN_POINT('',(-1.889999980526,-1.839999980526,1.7));
#99 = VECTOR('',#100,1.);
#100 = DIRECTION('',(0.,-9.367506770275E-16,1.));
#101 = ORIENTED_EDGE('',*,*,#102,.F.);
#102 = EDGE_CURVE('',#103,#95,#105,.T.);
#103 = VERTEX_POINT('',#104);
#104 = CARTESIAN_POINT('',(0.110000019474,-1.839999980526,3.7));
#105 = LINE('',#106,#107);
#106 = CARTESIAN_POINT('',(-2.139999980526,-1.839999980526,3.7));
#107 = VECTOR('',#108,1.);
#108 = DIRECTION('',(-1.,0.,0.));
#109 = ORIENTED_EDGE('',*,*,#110,.F.);
#110 = EDGE_CURVE('',#62,#103,#111,.T.);
#111 = LINE('',#112,#113);
#112 = CARTESIAN_POINT('',(0.110000019474,-1.839999980526,1.7));
#113 = VECTOR('',#114,1.);
#114 = DIRECTION('',(0.,-9.367506770275E-16,1.));
#115 = PLANE('',#116);
#116 = AXIS2_PLACEMENT_3D('',#117,#118,#119);
#117 = CARTESIAN_POINT('',(0.110000019474,-1.839999980526,1.7));
#118 = DIRECTION('',(0.,-1.,-9.367506770275E-16));
#119 = DIRECTION('',(1.,0.,0.));
#120 = ADVANCED_FACE('',(#121),#139,.T.);
#121 = FACE_BOUND('',#122,.T.);
#122 = EDGE_LOOP('',(#123,#131,#137,#138));
#123 = ORIENTED_EDGE('',*,*,#124,.T.);
#124 = EDGE_CURVE('',#64,#125,#127,.T.);
#125 = VERTEX_POINT('',#126);
#126 = CARTESIAN_POINT('',(1.610000019474,1.749999910593,1.7));
#127 = LINE('',#128,#129);
#128 = CARTESIAN_POINT('',(1.610000019474,-1.839999980526,1.7));
#129 = VECTOR('',#130,1.);
#130 = DIRECTION('',(0.,1.,9.251858538543E-16));
#131 = ORIENTED_EDGE('',*,*,#132,.T.);
#132 = EDGE_CURVE('',#125,#32,#133,.T.);
#133 = LINE('',#134,#135);
#134 = CARTESIAN_POINT('',(1.610000019474,1.749999910593,1.7));
#135 = VECTOR('',#136,1.);
#136 = DIRECTION('',(0.,-9.367506770275E-16,1.));
#137 = ORIENTED_EDGE('',*,*,#31,.F.);
#138 = ORIENTED_EDGE('',*,*,#71,.F.);
#139 = PLANE('',#140);
#140 = AXIS2_PLACEMENT_3D('',#141,#142,#143);
#141 = CARTESIAN_POINT('',(1.610000019474,-1.839999980526,1.7));
#142 = DIRECTION('',(1.,0.,0.));
#143 = DIRECTION('',(0.,1.,9.251858538543E-16));
#144 = ADVANCED_FACE('',(#145),#163,.T.);
#145 = FACE_BOUND('',#146,.T.);
#146 = EDGE_LOOP('',(#147,#155,#161,#162));
#147 = ORIENTED_EDGE('',*,*,#148,.T.);
#148 = EDGE_CURVE('',#125,#149,#151,.T.);
#149 = VERTEX_POINT('',#150);
#150 = CARTESIAN_POINT('',(-3.389999980526,1.749999910593,1.7));
#151 = LINE('',#152,#153);
#152 = CARTESIAN_POINT('',(1.610000019474,1.749999910593,1.7));
#153 = VECTOR('',#154,1.);
#154 = DIRECTION('',(-1.,0.,0.));
#155 = ORIENTED_EDGE('',*,*,#156,.T.);
#156 = EDGE_CURVE('',#149,#40,#157,.T.);
#157 = LINE('',#158,#159);
#158 = CARTESIAN_POINT('',(-3.389999980526,1.749999910593,1.7));
#159 = VECTOR('',#160,1.);
#160 = DIRECTION('',(0.,-9.367506770275E-16,1.));
#161 = ORIENTED_EDGE('',*,*,#39,.F.);
#162 = ORIENTED_EDGE('',*,*,#132,.F.);
#163 = PLANE('',#164);
#164 = AXIS2_PLACEMENT_3D('',#165,#166,#167);
#165 = CARTESIAN_POINT('',(1.610000019474,1.749999910593,1.7));
#166 = DIRECTION('',(0.,1.,9.367506770275E-16));
#167 = DIRECTION('',(-1.,0.,0.));
#168 = ADVANCED_FACE('',(#169),#180,.T.);
#169 = FACE_BOUND('',#170,.T.);
#170 = EDGE_LOOP('',(#171,#177,#178,#179));
#171 = ORIENTED_EDGE('',*,*,#172,.T.);
#172 = EDGE_CURVE('',#149,#79,#173,.T.);
#173 = LINE('',#174,#175);
#174 = CARTESIAN_POINT('',(-3.389999980526,1.749999910593,1.7));
#175 = VECTOR('',#176,1.);
#176 = DIRECTION('',(0.,-1.,-9.251858538543E-16));
#177 = ORIENTED_EDGE('',*,*,#78,.T.);
#178 = ORIENTED_EDGE('',*,*,#47,.F.);
#179 = ORIENTED_EDGE('',*,*,#156,.F.);
#180 = PLANE('',#181);
#181 = AXIS2_PLACEMENT_3D('',#182,#183,#184);
#182 = CARTESIAN_POINT('',(-3.389999980526,1.749999910593,1.7));
#183 = DIRECTION('',(-1.,0.,0.));
#184 = DIRECTION('',(-0.,-1.,-9.251858538543E-16));
#185 = ADVANCED_FACE('',(#186),#266,.T.);
#186 = FACE_BOUND('',#187,.T.);
#187 = EDGE_LOOP('',(#188,#198,#206,#214,#222,#230,#238,#246,#252,#253,
    #259,#260));
#188 = ORIENTED_EDGE('',*,*,#189,.F.);
#189 = EDGE_CURVE('',#190,#192,#194,.T.);
#190 = VERTEX_POINT('',#191);
#191 = CARTESIAN_POINT('',(-3.889999980526,-1.839999980526,0.9));
#192 = VERTEX_POINT('',#193);
#193 = CARTESIAN_POINT('',(-3.889999980526,-1.839999980526,1.7));
#194 = LINE('',#195,#196);
#195 = CARTESIAN_POINT('',(-3.889999980526,-1.839999980526,1.1));
#196 = VECTOR('',#197,1.);
#197 = DIRECTION('',(0.,-9.251858538543E-16,1.));
#198 = ORIENTED_EDGE('',*,*,#199,.F.);
#199 = EDGE_CURVE('',#200,#190,#202,.T.);
#200 = VERTEX_POINT('',#201);
#201 = CARTESIAN_POINT('',(-3.4,-1.839999980526,0.9));
#202 = LINE('',#203,#204);
#203 = CARTESIAN_POINT('',(3.890000389004,-1.839999980526,0.9));
#204 = VECTOR('',#205,1.);
#205 = DIRECTION('',(-1.,0.,0.));
#206 = ORIENTED_EDGE('',*,*,#207,.F.);
#207 = EDGE_CURVE('',#208,#200,#210,.T.);
#208 = VERTEX_POINT('',#209);
#209 = CARTESIAN_POINT('',(-2.8,-1.839999980526,0.9));
#210 = LINE('',#211,#212);
#211 = CARTESIAN_POINT('',(3.890000389004,-1.839999980526,0.9));
#212 = VECTOR('',#213,1.);
#213 = DIRECTION('',(-1.,0.,0.));
#214 = ORIENTED_EDGE('',*,*,#215,.F.);
#215 = EDGE_CURVE('',#216,#208,#218,.T.);
#216 = VERTEX_POINT('',#217);
#217 = CARTESIAN_POINT('',(2.8,-1.839999980526,0.9));
#218 = LINE('',#219,#220);
#219 = CARTESIAN_POINT('',(3.890000389004,-1.839999980526,0.9));
#220 = VECTOR('',#221,1.);
#221 = DIRECTION('',(-1.,0.,0.));
#222 = ORIENTED_EDGE('',*,*,#223,.F.);
#223 = EDGE_CURVE('',#224,#216,#226,.T.);
#224 = VERTEX_POINT('',#225);
#225 = CARTESIAN_POINT('',(3.4,-1.839999980526,0.9));
#226 = LINE('',#227,#228);
#227 = CARTESIAN_POINT('',(3.890000389004,-1.839999980526,0.9));
#228 = VECTOR('',#229,1.);
#229 = DIRECTION('',(-1.,0.,0.));
#230 = ORIENTED_EDGE('',*,*,#231,.F.);
#231 = EDGE_CURVE('',#232,#224,#234,.T.);
#232 = VERTEX_POINT('',#233);
#233 = CARTESIAN_POINT('',(3.890000389004,-1.839999980526,0.9));
#234 = LINE('',#235,#236);
#235 = CARTESIAN_POINT('',(3.890000389004,-1.839999980526,0.9));
#236 = VECTOR('',#237,1.);
#237 = DIRECTION('',(-1.,0.,0.));
#238 = ORIENTED_EDGE('',*,*,#239,.F.);
#239 = EDGE_CURVE('',#240,#232,#242,.T.);
#240 = VERTEX_POINT('',#241);
#241 = CARTESIAN_POINT('',(3.890000389004,-1.839999980526,1.7));
#242 = LINE('',#243,#244);
#243 = CARTESIAN_POINT('',(3.890000389004,-1.839999980526,1.1));
#244 = VECTOR('',#245,1.);
#245 = DIRECTION('',(0.,1.040834085586E-15,-1.));
#246 = ORIENTED_EDGE('',*,*,#247,.F.);
#247 = EDGE_CURVE('',#64,#240,#248,.T.);
#248 = LINE('',#249,#250);
#249 = CARTESIAN_POINT('',(3.890000389004,-1.839999980526,1.7));
#250 = VECTOR('',#251,1.);
#251 = DIRECTION('',(1.,0.,0.));
#252 = ORIENTED_EDGE('',*,*,#61,.F.);
#253 = ORIENTED_EDGE('',*,*,#254,.F.);
#254 = EDGE_CURVE('',#87,#62,#255,.T.);
#255 = LINE('',#256,#257);
#256 = CARTESIAN_POINT('',(3.890000389004,-1.839999980526,1.7));
#257 = VECTOR('',#258,1.);
#258 = DIRECTION('',(1.,0.,0.));
#259 = ORIENTED_EDGE('',*,*,#86,.F.);
#260 = ORIENTED_EDGE('',*,*,#261,.F.);
#261 = EDGE_CURVE('',#192,#79,#262,.T.);
#262 = LINE('',#263,#264);
#263 = CARTESIAN_POINT('',(3.890000389004,-1.839999980526,1.7));
#264 = VECTOR('',#265,1.);
#265 = DIRECTION('',(1.,0.,0.));
#266 = PLANE('',#267);
#267 = AXIS2_PLACEMENT_3D('',#268,#269,#270);
#268 = CARTESIAN_POINT('',(3.890000389004,-1.839999980526,1.1));
#269 = DIRECTION('',(0.,-1.,-1.040834085586E-15));
#270 = DIRECTION('',(-1.,0.,0.));
#271 = ADVANCED_FACE('',(#272),#297,.T.);
#272 = FACE_BOUND('',#273,.T.);
#273 = EDGE_LOOP('',(#274,#282,#290,#296));
#274 = ORIENTED_EDGE('',*,*,#275,.F.);
#275 = EDGE_CURVE('',#276,#87,#278,.T.);
#276 = VERTEX_POINT('',#277);
#277 = CARTESIAN_POINT('',(-1.889999980526,-4.689999980526,1.7));
#278 = LINE('',#279,#280);
#279 = CARTESIAN_POINT('',(-1.889999980526,-4.689999980526,1.7));
#280 = VECTOR('',#281,1.);
#281 = DIRECTION('',(0.,1.,9.251858538543E-16));
#282 = ORIENTED_EDGE('',*,*,#283,.T.);
#283 = EDGE_CURVE('',#276,#284,#286,.T.);
#284 = VERTEX_POINT('',#285);
#285 = CARTESIAN_POINT('',(-1.889999980526,-4.689999980526,3.7));
#286 = LINE('',#287,#288);
#287 = CARTESIAN_POINT('',(-1.889999980526,-4.689999980526,1.7));
#288 = VECTOR('',#289,1.);
#289 = DIRECTION('',(0.,-9.367506770275E-16,1.));
#290 = ORIENTED_EDGE('',*,*,#291,.F.);
#291 = EDGE_CURVE('',#95,#284,#292,.T.);
#292 = LINE('',#293,#294);
#293 = CARTESIAN_POINT('',(-1.889999980526,-4.689999980526,3.7));
#294 = VECTOR('',#295,1.);
#295 = DIRECTION('',(0.,-1.,-9.251858538543E-16));
#296 = ORIENTED_EDGE('',*,*,#94,.F.);
#297 = PLANE('',#298);
#298 = AXIS2_PLACEMENT_3D('',#299,#300,#301);
#299 = CARTESIAN_POINT('',(-1.889999980526,-1.839999980526,1.7));
#300 = DIRECTION('',(-1.,0.,0.));
#301 = DIRECTION('',(-0.,-1.,-9.251858538543E-16));
#302 = ADVANCED_FACE('',(#303),#345,.T.);
#303 = FACE_BOUND('',#304,.T.);
#304 = EDGE_LOOP('',(#305,#306,#307,#315,#323,#331,#339));
#305 = ORIENTED_EDGE('',*,*,#102,.T.);
#306 = ORIENTED_EDGE('',*,*,#291,.T.);
#307 = ORIENTED_EDGE('',*,*,#308,.T.);
#308 = EDGE_CURVE('',#284,#309,#311,.T.);
#309 = VERTEX_POINT('',#310);
#310 = CARTESIAN_POINT('',(-1.458615139264,-4.689999980526,3.7));
#311 = LINE('',#312,#313);
#312 = CARTESIAN_POINT('',(0.110000019474,-4.689999980526,3.7));
#313 = VECTOR('',#314,1.);
#314 = DIRECTION('',(1.,0.,0.));
#315 = ORIENTED_EDGE('',*,*,#316,.T.);
#316 = EDGE_CURVE('',#309,#317,#319,.T.);
#317 = VERTEX_POINT('',#318);
#318 = CARTESIAN_POINT('',(-0.889999980526,-4.121384821788,3.7));
#319 = LINE('',#320,#321);
#320 = CARTESIAN_POINT('',(-0.889999980526,-4.121384821788,3.7));
#321 = VECTOR('',#322,1.);
#322 = DIRECTION('',(0.707106781187,0.707106781187,6.542051911182E-16));
#323 = ORIENTED_EDGE('',*,*,#324,.T.);
#324 = EDGE_CURVE('',#317,#325,#327,.T.);
#325 = VERTEX_POINT('',#326);
#326 = CARTESIAN_POINT('',(-0.321384821788,-4.689999980526,3.7));
#327 = LINE('',#328,#329);
#328 = CARTESIAN_POINT('',(-0.889999980526,-4.121384821788,3.7));
#329 = VECTOR('',#330,1.);
#330 = DIRECTION('',(0.707106781187,-0.707106781187,-6.542051911182E-16)
  );
#331 = ORIENTED_EDGE('',*,*,#332,.T.);
#332 = EDGE_CURVE('',#325,#333,#335,.T.);
#333 = VERTEX_POINT('',#334);
#334 = CARTESIAN_POINT('',(0.110000019474,-4.689999980526,3.7));
#335 = LINE('',#336,#337);
#336 = CARTESIAN_POINT('',(0.110000019474,-4.689999980526,3.7));
#337 = VECTOR('',#338,1.);
#338 = DIRECTION('',(1.,0.,0.));
#339 = ORIENTED_EDGE('',*,*,#340,.T.);
#340 = EDGE_CURVE('',#333,#103,#341,.T.);
#341 = LINE('',#342,#343);
#342 = CARTESIAN_POINT('',(0.110000019474,-1.839999980526,3.7));
#343 = VECTOR('',#344,1.);
#344 = DIRECTION('',(0.,1.,9.251858538543E-16));
#345 = PLANE('',#346);
#346 = AXIS2_PLACEMENT_3D('',#347,#348,#349);
#347 = CARTESIAN_POINT('',(-0.889999980526,-1.470000034967,3.7));
#348 = DIRECTION('',(0.,-9.367506770275E-16,1.));
#349 = DIRECTION('',(1.,0.,0.));
#350 = ADVANCED_FACE('',(#351),#369,.T.);
#351 = FACE_BOUND('',#352,.T.);
#352 = EDGE_LOOP('',(#353,#361,#362,#363));
#353 = ORIENTED_EDGE('',*,*,#354,.F.);
#354 = EDGE_CURVE('',#62,#355,#357,.T.);
#355 = VERTEX_POINT('',#356);
#356 = CARTESIAN_POINT('',(0.110000019474,-4.689999980526,1.7));
#357 = LINE('',#358,#359);
#358 = CARTESIAN_POINT('',(0.110000019474,-1.839999980526,1.7));
#359 = VECTOR('',#360,1.);
#360 = DIRECTION('',(0.,-1.,-9.251858538543E-16));
#361 = ORIENTED_EDGE('',*,*,#110,.T.);
#362 = ORIENTED_EDGE('',*,*,#340,.F.);
#363 = ORIENTED_EDGE('',*,*,#364,.F.);
#364 = EDGE_CURVE('',#355,#333,#365,.T.);
#365 = LINE('',#366,#367);
#366 = CARTESIAN_POINT('',(0.110000019474,-4.689999980526,1.7));
#367 = VECTOR('',#368,1.);
#368 = DIRECTION('',(0.,-9.367506770275E-16,1.));
#369 = PLANE('',#370);
#370 = AXIS2_PLACEMENT_3D('',#371,#372,#373);
#371 = CARTESIAN_POINT('',(0.110000019474,-4.689999980526,1.7));
#372 = DIRECTION('',(1.,0.,0.));
#373 = DIRECTION('',(0.,1.,9.251858538543E-16));
#374 = ADVANCED_FACE('',(#375),#404,.T.);
#375 = FACE_BOUND('',#376,.T.);
#376 = EDGE_LOOP('',(#377,#387,#393,#394,#395,#396,#397,#398));
#377 = ORIENTED_EDGE('',*,*,#378,.T.);
#378 = EDGE_CURVE('',#379,#381,#383,.T.);
#379 = VERTEX_POINT('',#380);
#380 = CARTESIAN_POINT('',(3.890000389004,1.840000194265,1.7));
#381 = VERTEX_POINT('',#382);
#382 = CARTESIAN_POINT('',(-3.889999980526,1.840000194265,1.7));
#383 = LINE('',#384,#385);
#384 = CARTESIAN_POINT('',(-3.889999980526,1.840000194265,1.7));
#385 = VECTOR('',#386,1.);
#386 = DIRECTION('',(-1.,0.,0.));
#387 = ORIENTED_EDGE('',*,*,#388,.T.);
#388 = EDGE_CURVE('',#381,#192,#389,.T.);
#389 = LINE('',#390,#391);
#390 = CARTESIAN_POINT('',(-3.889999980526,-1.839999980526,1.7));
#391 = VECTOR('',#392,1.);
#392 = DIRECTION('',(0.,-1.,-9.494107596575E-16));
#393 = ORIENTED_EDGE('',*,*,#261,.T.);
#394 = ORIENTED_EDGE('',*,*,#172,.F.);
#395 = ORIENTED_EDGE('',*,*,#148,.F.);
#396 = ORIENTED_EDGE('',*,*,#124,.F.);
#397 = ORIENTED_EDGE('',*,*,#247,.T.);
#398 = ORIENTED_EDGE('',*,*,#399,.T.);
#399 = EDGE_CURVE('',#240,#379,#400,.T.);
#400 = LINE('',#401,#402);
#401 = CARTESIAN_POINT('',(3.890000389004,1.840000194265,1.7));
#402 = VECTOR('',#403,1.);
#403 = DIRECTION('',(0.,1.,9.494107596575E-16));
#404 = PLANE('',#405);
#405 = AXIS2_PLACEMENT_3D('',#406,#407,#408);
#406 = CARTESIAN_POINT('',(2.042390399026E-07,1.06869269878E-07,1.7));
#407 = DIRECTION('',(0.,-9.251858538543E-16,1.));
#408 = DIRECTION('',(1.,0.,0.));
#409 = ADVANCED_FACE('',(#410),#428,.T.);
#410 = FACE_BOUND('',#411,.T.);
#411 = EDGE_LOOP('',(#412,#420,#426,#427));
#412 = ORIENTED_EDGE('',*,*,#413,.T.);
#413 = EDGE_CURVE('',#381,#414,#416,.T.);
#414 = VERTEX_POINT('',#415);
#415 = CARTESIAN_POINT('',(-3.889999980526,1.840000194265,0.9));
#416 = LINE('',#417,#418);
#417 = CARTESIAN_POINT('',(-3.889999980526,1.840000194265,1.1));
#418 = VECTOR('',#419,1.);
#419 = DIRECTION('',(0.,1.040834085586E-15,-1.));
#420 = ORIENTED_EDGE('',*,*,#421,.F.);
#421 = EDGE_CURVE('',#190,#414,#422,.T.);
#422 = LINE('',#423,#424);
#423 = CARTESIAN_POINT('',(-3.889999980526,-1.839999980526,0.9));
#424 = VECTOR('',#425,1.);
#425 = DIRECTION('',(0.,1.,9.494107596575E-16));
#426 = ORIENTED_EDGE('',*,*,#189,.T.);
#427 = ORIENTED_EDGE('',*,*,#388,.F.);
#428 = PLANE('',#429);
#429 = AXIS2_PLACEMENT_3D('',#430,#431,#432);
#430 = CARTESIAN_POINT('',(-3.889999980526,-1.839999980526,1.1));
#431 = DIRECTION('',(-1.,0.,0.));
#432 = DIRECTION('',(0.,1.,9.494107596575E-16));
#433 = ADVANCED_FACE('',(#434,#562,#596,#630),#664,.T.);
#434 = FACE_BOUND('',#435,.T.);
#435 = EDGE_LOOP('',(#436,#437,#438,#446,#454,#462,#470,#478,#486,#494,
    #502,#510,#516,#517,#525,#533,#539,#540,#548,#556));
#436 = ORIENTED_EDGE('',*,*,#199,.T.);
#437 = ORIENTED_EDGE('',*,*,#421,.T.);
#438 = ORIENTED_EDGE('',*,*,#439,.T.);
#439 = EDGE_CURVE('',#414,#440,#442,.T.);
#440 = VERTEX_POINT('',#441);
#441 = CARTESIAN_POINT('',(-3.4,1.840000194265,0.9));
#442 = LINE('',#443,#444);
#443 = CARTESIAN_POINT('',(-3.889999980526,1.840000194265,0.9));
#444 = VECTOR('',#445,1.);
#445 = DIRECTION('',(1.,0.,0.));
#446 = ORIENTED_EDGE('',*,*,#447,.F.);
#447 = EDGE_CURVE('',#448,#440,#450,.T.);
#448 = VERTEX_POINT('',#449);
#449 = CARTESIAN_POINT('',(-3.4,1.35,0.9));
#450 = LINE('',#451,#452);
#451 = CARTESIAN_POINT('',(-3.4,2.754778684234,0.9));
#452 = VECTOR('',#453,1.);
#453 = DIRECTION('',(0.,1.,3.694352151242E-15));
#454 = ORIENTED_EDGE('',*,*,#455,.T.);
#455 = EDGE_CURVE('',#448,#456,#458,.T.);
#456 = VERTEX_POINT('',#457);
#457 = CARTESIAN_POINT('',(-2.8,1.35,0.9));
#458 = LINE('',#459,#460);
#459 = CARTESIAN_POINT('',(-3.4,1.35,0.9));
#460 = VECTOR('',#461,1.);
#461 = DIRECTION('',(1.,0.,0.));
#462 = ORIENTED_EDGE('',*,*,#463,.T.);
#463 = EDGE_CURVE('',#456,#464,#466,.T.);
#464 = VERTEX_POINT('',#465);
#465 = CARTESIAN_POINT('',(-2.8,1.840000194265,0.9));
#466 = LINE('',#467,#468);
#467 = CARTESIAN_POINT('',(-2.8,2.754778684234,0.9));
#468 = VECTOR('',#469,1.);
#469 = DIRECTION('',(0.,1.,3.694352151242E-15));
#470 = ORIENTED_EDGE('',*,*,#471,.T.);
#471 = EDGE_CURVE('',#464,#472,#474,.T.);
#472 = VERTEX_POINT('',#473);
#473 = CARTESIAN_POINT('',(2.8,1.840000194265,0.9));
#474 = LINE('',#475,#476);
#475 = CARTESIAN_POINT('',(-3.889999980526,1.840000194265,0.9));
#476 = VECTOR('',#477,1.);
#477 = DIRECTION('',(1.,0.,0.));
#478 = ORIENTED_EDGE('',*,*,#479,.F.);
#479 = EDGE_CURVE('',#480,#472,#482,.T.);
#480 = VERTEX_POINT('',#481);
#481 = CARTESIAN_POINT('',(2.8,1.35,0.9));
#482 = LINE('',#483,#484);
#483 = CARTESIAN_POINT('',(2.8,2.754778684234,0.9));
#484 = VECTOR('',#485,1.);
#485 = DIRECTION('',(0.,1.,3.694352151242E-15));
#486 = ORIENTED_EDGE('',*,*,#487,.T.);
#487 = EDGE_CURVE('',#480,#488,#490,.T.);
#488 = VERTEX_POINT('',#489);
#489 = CARTESIAN_POINT('',(3.4,1.35,0.9));
#490 = LINE('',#491,#492);
#491 = CARTESIAN_POINT('',(2.8,1.35,0.9));
#492 = VECTOR('',#493,1.);
#493 = DIRECTION('',(1.,0.,0.));
#494 = ORIENTED_EDGE('',*,*,#495,.T.);
#495 = EDGE_CURVE('',#488,#496,#498,.T.);
#496 = VERTEX_POINT('',#497);
#497 = CARTESIAN_POINT('',(3.4,1.840000194265,0.9));
#498 = LINE('',#499,#500);
#499 = CARTESIAN_POINT('',(3.4,2.754778684234,0.9));
#500 = VECTOR('',#501,1.);
#501 = DIRECTION('',(0.,1.,3.694352151242E-15));
#502 = ORIENTED_EDGE('',*,*,#503,.T.);
#503 = EDGE_CURVE('',#496,#504,#506,.T.);
#504 = VERTEX_POINT('',#505);
#505 = CARTESIAN_POINT('',(3.890000389004,1.840000194265,0.9));
#506 = LINE('',#507,#508);
#507 = CARTESIAN_POINT('',(-3.889999980526,1.840000194265,0.9));
#508 = VECTOR('',#509,1.);
#509 = DIRECTION('',(1.,0.,0.));
#510 = ORIENTED_EDGE('',*,*,#511,.T.);
#511 = EDGE_CURVE('',#504,#232,#512,.T.);
#512 = LINE('',#513,#514);
#513 = CARTESIAN_POINT('',(3.890000389004,1.840000194265,0.9));
#514 = VECTOR('',#515,1.);
#515 = DIRECTION('',(0.,-1.,-9.494107596575E-16));
#516 = ORIENTED_EDGE('',*,*,#231,.T.);
#517 = ORIENTED_EDGE('',*,*,#518,.F.);
#518 = EDGE_CURVE('',#519,#224,#521,.T.);
#519 = VERTEX_POINT('',#520);
#520 = CARTESIAN_POINT('',(3.4,-1.35,0.9));
#521 = LINE('',#522,#523);
#522 = CARTESIAN_POINT('',(3.4,-2.754778684234,0.9));
#523 = VECTOR('',#524,1.);
#524 = DIRECTION('',(0.,-1.,3.061616997868E-17));
#525 = ORIENTED_EDGE('',*,*,#526,.T.);
#526 = EDGE_CURVE('',#519,#527,#529,.T.);
#527 = VERTEX_POINT('',#528);
#528 = CARTESIAN_POINT('',(2.8,-1.35,0.9));
#529 = LINE('',#530,#531);
#530 = CARTESIAN_POINT('',(3.4,-1.35,0.9));
#531 = VECTOR('',#532,1.);
#532 = DIRECTION('',(-1.,0.,0.));
#533 = ORIENTED_EDGE('',*,*,#534,.T.);
#534 = EDGE_CURVE('',#527,#216,#535,.T.);
#535 = LINE('',#536,#537);
#536 = CARTESIAN_POINT('',(2.8,-2.754778684234,0.9));
#537 = VECTOR('',#538,1.);
#538 = DIRECTION('',(0.,-1.,3.061616997868E-17));
#539 = ORIENTED_EDGE('',*,*,#215,.T.);
#540 = ORIENTED_EDGE('',*,*,#541,.F.);
#541 = EDGE_CURVE('',#542,#208,#544,.T.);
#542 = VERTEX_POINT('',#543);
#543 = CARTESIAN_POINT('',(-2.8,-1.35,0.9));
#544 = LINE('',#545,#546);
#545 = CARTESIAN_POINT('',(-2.8,-2.754778684234,0.9));
#546 = VECTOR('',#547,1.);
#547 = DIRECTION('',(-1.06221177613E-32,-1.,3.061616997868E-17));
#548 = ORIENTED_EDGE('',*,*,#549,.T.);
#549 = EDGE_CURVE('',#542,#550,#552,.T.);
#550 = VERTEX_POINT('',#551);
#551 = CARTESIAN_POINT('',(-3.4,-1.35,0.9));
#552 = LINE('',#553,#554);
#553 = CARTESIAN_POINT('',(-2.8,-1.35,0.9));
#554 = VECTOR('',#555,1.);
#555 = DIRECTION('',(-1.,-9.251858538543E-16,9.251858538543E-16));
#556 = ORIENTED_EDGE('',*,*,#557,.T.);
#557 = EDGE_CURVE('',#550,#200,#558,.T.);
#558 = LINE('',#559,#560);
#559 = CARTESIAN_POINT('',(-3.4,-2.754778684234,0.9));
#560 = VECTOR('',#561,1.);
#561 = DIRECTION('',(-1.06221177613E-32,-1.,3.061616997868E-17));
#562 = FACE_BOUND('',#563,.T.);
#563 = EDGE_LOOP('',(#564,#574,#582,#590));
#564 = ORIENTED_EDGE('',*,*,#565,.T.);
#565 = EDGE_CURVE('',#566,#568,#570,.T.);
#566 = VERTEX_POINT('',#567);
#567 = CARTESIAN_POINT('',(1.750000204239,0.149999953061,0.9));
#568 = VERTEX_POINT('',#569);
#569 = CARTESIAN_POINT('',(1.750000204239,-0.150000046939,0.9));
#570 = LINE('',#571,#572);
#571 = CARTESIAN_POINT('',(1.750000204239,0.149999953061,0.9));
#572 = VECTOR('',#573,1.);
#573 = DIRECTION('',(0.,-1.,-1.040834085586E-15));
#574 = ORIENTED_EDGE('',*,*,#575,.T.);
#575 = EDGE_CURVE('',#568,#576,#578,.T.);
#576 = VERTEX_POINT('',#577);
#577 = CARTESIAN_POINT('',(2.250000204239,-0.150000046939,0.9));
#578 = LINE('',#579,#580);
#579 = CARTESIAN_POINT('',(1.750000204239,-0.150000046939,0.9));
#580 = VECTOR('',#581,1.);
#581 = DIRECTION('',(1.,0.,0.));
#582 = ORIENTED_EDGE('',*,*,#583,.T.);
#583 = EDGE_CURVE('',#576,#584,#586,.T.);
#584 = VERTEX_POINT('',#585);
#585 = CARTESIAN_POINT('',(2.250000204239,0.149999953061,0.9));
#586 = LINE('',#587,#588);
#587 = CARTESIAN_POINT('',(2.250000204239,-0.150000046939,0.9));
#588 = VECTOR('',#589,1.);
#589 = DIRECTION('',(0.,1.,1.040834085586E-15));
#590 = ORIENTED_EDGE('',*,*,#591,.T.);
#591 = EDGE_CURVE('',#584,#566,#592,.T.);
#592 = LINE('',#593,#594);
#593 = CARTESIAN_POINT('',(2.250000204239,0.149999953061,0.9));
#594 = VECTOR('',#595,1.);
#595 = DIRECTION('',(-1.,0.,0.));
#596 = FACE_BOUND('',#597,.T.);
#597 = EDGE_LOOP('',(#598,#608,#616,#624));
#598 = ORIENTED_EDGE('',*,*,#599,.T.);
#599 = EDGE_CURVE('',#600,#602,#604,.T.);
#600 = VERTEX_POINT('',#601);
#601 = CARTESIAN_POINT('',(-0.249999795761,0.149999953061,0.9));
#602 = VERTEX_POINT('',#603);
#603 = CARTESIAN_POINT('',(-0.249999795761,-0.150000046939,0.9));
#604 = LINE('',#605,#606);
#605 = CARTESIAN_POINT('',(-0.249999795761,0.149999953061,0.9));
#606 = VECTOR('',#607,1.);
#607 = DIRECTION('',(0.,-1.,-1.040834085586E-15));
#608 = ORIENTED_EDGE('',*,*,#609,.T.);
#609 = EDGE_CURVE('',#602,#610,#612,.T.);
#610 = VERTEX_POINT('',#611);
#611 = CARTESIAN_POINT('',(0.250000204239,-0.150000046939,0.9));
#612 = LINE('',#613,#614);
#613 = CARTESIAN_POINT('',(-0.249999795761,-0.150000046939,0.9));
#614 = VECTOR('',#615,1.);
#615 = DIRECTION('',(1.,0.,0.));
#616 = ORIENTED_EDGE('',*,*,#617,.T.);
#617 = EDGE_CURVE('',#610,#618,#620,.T.);
#618 = VERTEX_POINT('',#619);
#619 = CARTESIAN_POINT('',(0.250000204239,0.149999953061,0.9));
#620 = LINE('',#621,#622);
#621 = CARTESIAN_POINT('',(0.250000204239,-0.150000046939,0.9));
#622 = VECTOR('',#623,1.);
#623 = DIRECTION('',(0.,1.,1.040834085586E-15));
#624 = ORIENTED_EDGE('',*,*,#625,.T.);
#625 = EDGE_CURVE('',#618,#600,#626,.T.);
#626 = LINE('',#627,#628);
#627 = CARTESIAN_POINT('',(0.250000204239,0.149999953061,0.9));
#628 = VECTOR('',#629,1.);
#629 = DIRECTION('',(-1.,0.,0.));
#630 = FACE_BOUND('',#631,.T.);
#631 = EDGE_LOOP('',(#632,#642,#650,#658));
#632 = ORIENTED_EDGE('',*,*,#633,.T.);
#633 = EDGE_CURVE('',#634,#636,#638,.T.);
#634 = VERTEX_POINT('',#635);
#635 = CARTESIAN_POINT('',(-2.249999795761,0.149999953061,0.9));
#636 = VERTEX_POINT('',#637);
#637 = CARTESIAN_POINT('',(-2.249999795761,-0.150000046939,0.9));
#638 = LINE('',#639,#640);
#639 = CARTESIAN_POINT('',(-2.249999795761,0.149999953061,0.9));
#640 = VECTOR('',#641,1.);
#641 = DIRECTION('',(0.,-1.,-1.040834085586E-15));
#642 = ORIENTED_EDGE('',*,*,#643,.T.);
#643 = EDGE_CURVE('',#636,#644,#646,.T.);
#644 = VERTEX_POINT('',#645);
#645 = CARTESIAN_POINT('',(-1.749999795761,-0.150000046939,0.9));
#646 = LINE('',#647,#648);
#647 = CARTESIAN_POINT('',(-2.249999795761,-0.150000046939,0.9));
#648 = VECTOR('',#649,1.);
#649 = DIRECTION('',(1.,0.,0.));
#650 = ORIENTED_EDGE('',*,*,#651,.T.);
#651 = EDGE_CURVE('',#644,#652,#654,.T.);
#652 = VERTEX_POINT('',#653);
#653 = CARTESIAN_POINT('',(-1.749999795761,0.149999953061,0.9));
#654 = LINE('',#655,#656);
#655 = CARTESIAN_POINT('',(-1.749999795761,-0.150000046939,0.9));
#656 = VECTOR('',#657,1.);
#657 = DIRECTION('',(0.,1.,1.040834085586E-15));
#658 = ORIENTED_EDGE('',*,*,#659,.T.);
#659 = EDGE_CURVE('',#652,#634,#660,.T.);
#660 = LINE('',#661,#662);
#661 = CARTESIAN_POINT('',(-1.749999795761,0.149999953061,0.9));
#662 = VECTOR('',#663,1.);
#663 = DIRECTION('',(-1.,0.,0.));
#664 = PLANE('',#665);
#665 = AXIS2_PLACEMENT_3D('',#666,#667,#668);
#666 = CARTESIAN_POINT('',(2.042390399026E-07,1.06869269878E-07,0.9));
#667 = DIRECTION('',(0.,1.040834085586E-15,-1.));
#668 = DIRECTION('',(-1.,0.,0.));
#669 = ADVANCED_FACE('',(#670),#695,.T.);
#670 = FACE_BOUND('',#671,.T.);
#671 = EDGE_LOOP('',(#672,#680,#688,#694));
#672 = ORIENTED_EDGE('',*,*,#673,.T.);
#673 = EDGE_CURVE('',#216,#674,#676,.T.);
#674 = VERTEX_POINT('',#675);
#675 = CARTESIAN_POINT('',(2.8,-1.85,0.9));
#676 = LINE('',#677,#678);
#677 = CARTESIAN_POINT('',(2.8,-2.754778684234,0.9));
#678 = VECTOR('',#679,1.);
#679 = DIRECTION('',(0.,-1.,3.061616997868E-17));
#680 = ORIENTED_EDGE('',*,*,#681,.T.);
#681 = EDGE_CURVE('',#674,#682,#684,.T.);
#682 = VERTEX_POINT('',#683);
#683 = CARTESIAN_POINT('',(3.4,-1.85,0.9));
#684 = LINE('',#685,#686);
#685 = CARTESIAN_POINT('',(3.1,-1.85,0.9));
#686 = VECTOR('',#687,1.);
#687 = DIRECTION('',(1.,0.,0.));
#688 = ORIENTED_EDGE('',*,*,#689,.F.);
#689 = EDGE_CURVE('',#224,#682,#690,.T.);
#690 = LINE('',#691,#692);
#691 = CARTESIAN_POINT('',(3.4,-2.754778684234,0.9));
#692 = VECTOR('',#693,1.);
#693 = DIRECTION('',(0.,-1.,3.061616997868E-17));
#694 = ORIENTED_EDGE('',*,*,#223,.T.);
#695 = PLANE('',#696);
#696 = AXIS2_PLACEMENT_3D('',#697,#698,#699);
#697 = CARTESIAN_POINT('',(3.1,-1.826194671058,0.9));
#698 = DIRECTION('',(0.,6.123233995737E-17,1.));
#699 = DIRECTION('',(0.,-1.,6.123233995737E-17));
#700 = ADVANCED_FACE('',(#701),#726,.T.);
#701 = FACE_BOUND('',#702,.T.);
#702 = EDGE_LOOP('',(#703,#711,#719,#725));
#703 = ORIENTED_EDGE('',*,*,#704,.T.);
#704 = EDGE_CURVE('',#200,#705,#707,.T.);
#705 = VERTEX_POINT('',#706);
#706 = CARTESIAN_POINT('',(-3.4,-1.85,0.9));
#707 = LINE('',#708,#709);
#708 = CARTESIAN_POINT('',(-3.4,-2.754778684234,0.9));
#709 = VECTOR('',#710,1.);
#710 = DIRECTION('',(-1.06221177613E-32,-1.,3.061616997868E-17));
#711 = ORIENTED_EDGE('',*,*,#712,.T.);
#712 = EDGE_CURVE('',#705,#713,#715,.T.);
#713 = VERTEX_POINT('',#714);
#714 = CARTESIAN_POINT('',(-2.8,-1.85,0.9));
#715 = LINE('',#716,#717);
#716 = CARTESIAN_POINT('',(-3.1,-1.85,0.9));
#717 = VECTOR('',#718,1.);
#718 = DIRECTION('',(1.,-6.118339830511E-32,-6.661338147751E-16));
#719 = ORIENTED_EDGE('',*,*,#720,.F.);
#720 = EDGE_CURVE('',#208,#713,#721,.T.);
#721 = LINE('',#722,#723);
#722 = CARTESIAN_POINT('',(-2.8,-2.754778684234,0.9));
#723 = VECTOR('',#724,1.);
#724 = DIRECTION('',(-1.06221177613E-32,-1.,3.061616997868E-17));
#725 = ORIENTED_EDGE('',*,*,#207,.T.);
#726 = PLANE('',#727);
#727 = AXIS2_PLACEMENT_3D('',#728,#729,#730);
#728 = CARTESIAN_POINT('',(-3.1,-1.826194671058,0.9));
#729 = DIRECTION('',(6.661338147751E-16,6.123233995737E-17,1.));
#730 = DIRECTION('',(5.311058880652E-33,-1.,6.123233995737E-17));
#731 = ADVANCED_FACE('',(#732),#743,.T.);
#732 = FACE_BOUND('',#733,.T.);
#733 = EDGE_LOOP('',(#734,#735,#736,#742));
#734 = ORIENTED_EDGE('',*,*,#239,.T.);
#735 = ORIENTED_EDGE('',*,*,#511,.F.);
#736 = ORIENTED_EDGE('',*,*,#737,.F.);
#737 = EDGE_CURVE('',#379,#504,#738,.T.);
#738 = LINE('',#739,#740);
#739 = CARTESIAN_POINT('',(3.890000389004,1.840000194265,1.1));
#740 = VECTOR('',#741,1.);
#741 = DIRECTION('',(0.,1.040834085586E-15,-1.));
#742 = ORIENTED_EDGE('',*,*,#399,.F.);
#743 = PLANE('',#744);
#744 = AXIS2_PLACEMENT_3D('',#745,#746,#747);
#745 = CARTESIAN_POINT('',(3.890000389004,1.840000194265,1.1));
#746 = DIRECTION('',(1.,0.,0.));
#747 = DIRECTION('',(0.,-1.,-9.494107596575E-16));
#748 = ADVANCED_FACE('',(#749),#784,.F.);
#749 = FACE_BOUND('',#750,.F.);
#750 = EDGE_LOOP('',(#751,#752,#753,#754,#762,#770,#778));
#751 = ORIENTED_EDGE('',*,*,#354,.F.);
#752 = ORIENTED_EDGE('',*,*,#254,.F.);
#753 = ORIENTED_EDGE('',*,*,#275,.F.);
#754 = ORIENTED_EDGE('',*,*,#755,.F.);
#755 = EDGE_CURVE('',#756,#276,#758,.T.);
#756 = VERTEX_POINT('',#757);
#757 = CARTESIAN_POINT('',(-1.458615139264,-4.689999980526,1.7));
#758 = LINE('',#759,#760);
#759 = CARTESIAN_POINT('',(0.110000019474,-4.689999980526,1.7));
#760 = VECTOR('',#761,1.);
#761 = DIRECTION('',(-1.,0.,0.));
#762 = ORIENTED_EDGE('',*,*,#763,.F.);
#763 = EDGE_CURVE('',#764,#756,#766,.T.);
#764 = VERTEX_POINT('',#765);
#765 = CARTESIAN_POINT('',(-0.889999980526,-4.121384821788,1.7));
#766 = LINE('',#767,#768);
#767 = CARTESIAN_POINT('',(-0.889999980526,-4.121384821788,1.7));
#768 = VECTOR('',#769,1.);
#769 = DIRECTION('',(-0.707106781187,-0.707106781187,-6.542051911182E-16
    ));
#770 = ORIENTED_EDGE('',*,*,#771,.T.);
#771 = EDGE_CURVE('',#764,#772,#774,.T.);
#772 = VERTEX_POINT('',#773);
#773 = CARTESIAN_POINT('',(-0.321384821788,-4.689999980526,1.7));
#774 = LINE('',#775,#776);
#775 = CARTESIAN_POINT('',(-0.889999980526,-4.121384821788,1.7));
#776 = VECTOR('',#777,1.);
#777 = DIRECTION('',(0.707106781187,-0.707106781187,-6.542051911182E-16)
  );
#778 = ORIENTED_EDGE('',*,*,#779,.F.);
#779 = EDGE_CURVE('',#355,#772,#780,.T.);
#780 = LINE('',#781,#782);
#781 = CARTESIAN_POINT('',(0.110000019474,-4.689999980526,1.7));
#782 = VECTOR('',#783,1.);
#783 = DIRECTION('',(-1.,0.,0.));
#784 = PLANE('',#785);
#785 = AXIS2_PLACEMENT_3D('',#786,#787,#788);
#786 = CARTESIAN_POINT('',(-0.889999980526,-1.470000034967,1.7));
#787 = DIRECTION('',(0.,-9.251858538543E-16,1.));
#788 = DIRECTION('',(-1.,0.,0.));
#789 = ADVANCED_FACE('',(#790),#801,.T.);
#790 = FACE_BOUND('',#791,.T.);
#791 = EDGE_LOOP('',(#792,#793,#799,#800));
#792 = ORIENTED_EDGE('',*,*,#755,.F.);
#793 = ORIENTED_EDGE('',*,*,#794,.T.);
#794 = EDGE_CURVE('',#756,#309,#795,.T.);
#795 = LINE('',#796,#797);
#796 = CARTESIAN_POINT('',(-1.458615139264,-4.689999980526,1.7));
#797 = VECTOR('',#798,1.);
#798 = DIRECTION('',(0.,-9.367506770275E-16,1.));
#799 = ORIENTED_EDGE('',*,*,#308,.F.);
#800 = ORIENTED_EDGE('',*,*,#283,.F.);
#801 = PLANE('',#802);
#802 = AXIS2_PLACEMENT_3D('',#803,#804,#805);
#803 = CARTESIAN_POINT('',(-1.889999980526,-4.689999980526,1.7));
#804 = DIRECTION('',(0.,-1.,-9.367506770275E-16));
#805 = DIRECTION('',(1.,0.,0.));
#806 = ADVANCED_FACE('',(#807),#818,.T.);
#807 = FACE_BOUND('',#808,.T.);
#808 = EDGE_LOOP('',(#809,#810,#816,#817));
#809 = ORIENTED_EDGE('',*,*,#763,.F.);
#810 = ORIENTED_EDGE('',*,*,#811,.T.);
#811 = EDGE_CURVE('',#764,#317,#812,.T.);
#812 = LINE('',#813,#814);
#813 = CARTESIAN_POINT('',(-0.889999980526,-4.121384821788,1.7));
#814 = VECTOR('',#815,1.);
#815 = DIRECTION('',(0.,-9.367506770275E-16,1.));
#816 = ORIENTED_EDGE('',*,*,#316,.F.);
#817 = ORIENTED_EDGE('',*,*,#794,.F.);
#818 = PLANE('',#819);
#819 = AXIS2_PLACEMENT_3D('',#820,#821,#822);
#820 = CARTESIAN_POINT('',(-1.458615139264,-4.689999980526,1.7));
#821 = DIRECTION('',(0.707106781187,-0.707106781187,-6.623827560072E-16)
  );
#822 = DIRECTION('',(0.707106781187,0.707106781187,6.542051911182E-16));
#823 = ADVANCED_FACE('',(#824),#835,.T.);
#824 = FACE_BOUND('',#825,.T.);
#825 = EDGE_LOOP('',(#826,#827,#833,#834));
#826 = ORIENTED_EDGE('',*,*,#771,.T.);
#827 = ORIENTED_EDGE('',*,*,#828,.T.);
#828 = EDGE_CURVE('',#772,#325,#829,.T.);
#829 = LINE('',#830,#831);
#830 = CARTESIAN_POINT('',(-0.321384821788,-4.689999980526,1.7));
#831 = VECTOR('',#832,1.);
#832 = DIRECTION('',(0.,-9.367506770275E-16,1.));
#833 = ORIENTED_EDGE('',*,*,#324,.F.);
#834 = ORIENTED_EDGE('',*,*,#811,.F.);
#835 = PLANE('',#836);
#836 = AXIS2_PLACEMENT_3D('',#837,#838,#839);
#837 = CARTESIAN_POINT('',(-0.889999980526,-4.121384821788,1.7));
#838 = DIRECTION('',(-0.707106781187,-0.707106781187,-6.623827560072E-16
    ));
#839 = DIRECTION('',(0.707106781187,-0.707106781187,-6.542051911182E-16)
  );
#840 = ADVANCED_FACE('',(#841),#847,.T.);
#841 = FACE_BOUND('',#842,.T.);
#842 = EDGE_LOOP('',(#843,#844,#845,#846));
#843 = ORIENTED_EDGE('',*,*,#779,.F.);
#844 = ORIENTED_EDGE('',*,*,#364,.T.);
#845 = ORIENTED_EDGE('',*,*,#332,.F.);
#846 = ORIENTED_EDGE('',*,*,#828,.F.);
#847 = PLANE('',#848);
#848 = AXIS2_PLACEMENT_3D('',#849,#850,#851);
#849 = CARTESIAN_POINT('',(-0.321384821788,-4.689999980526,1.7));
#850 = DIRECTION('',(0.,-1.,-9.367506770275E-16));
#851 = DIRECTION('',(1.,0.,0.));
#852 = ADVANCED_FACE('',(#853),#873,.T.);
#853 = FACE_BOUND('',#854,.T.);
#854 = EDGE_LOOP('',(#855,#856,#857,#863,#864,#870,#871,#872));
#855 = ORIENTED_EDGE('',*,*,#737,.T.);
#856 = ORIENTED_EDGE('',*,*,#503,.F.);
#857 = ORIENTED_EDGE('',*,*,#858,.F.);
#858 = EDGE_CURVE('',#472,#496,#859,.T.);
#859 = LINE('',#860,#861);
#860 = CARTESIAN_POINT('',(-3.889999980526,1.840000194265,0.9));
#861 = VECTOR('',#862,1.);
#862 = DIRECTION('',(1.,0.,0.));
#863 = ORIENTED_EDGE('',*,*,#471,.F.);
#864 = ORIENTED_EDGE('',*,*,#865,.F.);
#865 = EDGE_CURVE('',#440,#464,#866,.T.);
#866 = LINE('',#867,#868);
#867 = CARTESIAN_POINT('',(-3.889999980526,1.840000194265,0.9));
#868 = VECTOR('',#869,1.);
#869 = DIRECTION('',(1.,0.,0.));
#870 = ORIENTED_EDGE('',*,*,#439,.F.);
#871 = ORIENTED_EDGE('',*,*,#413,.F.);
#872 = ORIENTED_EDGE('',*,*,#378,.F.);
#873 = PLANE('',#874);
#874 = AXIS2_PLACEMENT_3D('',#875,#876,#877);
#875 = CARTESIAN_POINT('',(-3.889999980526,1.840000194265,1.1));
#876 = DIRECTION('',(0.,1.,1.040834085586E-15));
#877 = DIRECTION('',(1.,0.,0.));
#878 = ADVANCED_FACE('',(#879),#905,.T.);
#879 = FACE_BOUND('',#880,.T.);
#880 = EDGE_LOOP('',(#881,#889,#890,#891,#899));
#881 = ORIENTED_EDGE('',*,*,#882,.T.);
#882 = EDGE_CURVE('',#883,#705,#885,.T.);
#883 = VERTEX_POINT('',#884);
#884 = CARTESIAN_POINT('',(-3.4,-1.85,0.7));
#885 = LINE('',#886,#887);
#886 = CARTESIAN_POINT('',(-3.4,-1.85,0.856));
#887 = VECTOR('',#888,1.);
#888 = DIRECTION('',(-5.311058880652E-33,9.184850993605E-17,1.));
#889 = ORIENTED_EDGE('',*,*,#704,.F.);
#890 = ORIENTED_EDGE('',*,*,#557,.F.);
#891 = ORIENTED_EDGE('',*,*,#892,.T.);
#892 = EDGE_CURVE('',#550,#893,#895,.T.);
#893 = VERTEX_POINT('',#894);
#894 = CARTESIAN_POINT('',(-3.4,-1.35,0.7));
#895 = LINE('',#896,#897);
#896 = CARTESIAN_POINT('',(-3.4,-1.35,0.9));
#897 = VECTOR('',#898,1.);
#898 = DIRECTION('',(5.311058880652E-33,-6.123233995737E-17,-1.));
#899 = ORIENTED_EDGE('',*,*,#900,.F.);
#900 = EDGE_CURVE('',#883,#893,#901,.T.);
#901 = LINE('',#902,#903);
#902 = CARTESIAN_POINT('',(-3.4,-2.754778684234,0.7));
#903 = VECTOR('',#904,1.);
#904 = DIRECTION('',(1.06221177613E-32,1.,-3.061616997868E-17));
#905 = PLANE('',#906);
#906 = AXIS2_PLACEMENT_3D('',#907,#908,#909);
#907 = CARTESIAN_POINT('',(-3.4,-2.302389342117,0.9));
#908 = DIRECTION('',(-1.,1.06221177613E-32,-5.311058880652E-33));
#909 = DIRECTION('',(1.06221177613E-32,1.,-3.061616997868E-17));
#910 = ADVANCED_FACE('',(#911),#929,.T.);
#911 = FACE_BOUND('',#912,.T.);
#912 = EDGE_LOOP('',(#913,#914,#922,#928));
#913 = ORIENTED_EDGE('',*,*,#549,.F.);
#914 = ORIENTED_EDGE('',*,*,#915,.T.);
#915 = EDGE_CURVE('',#542,#916,#918,.T.);
#916 = VERTEX_POINT('',#917);
#917 = CARTESIAN_POINT('',(-2.8,-1.35,0.7));
#918 = LINE('',#919,#920);
#919 = CARTESIAN_POINT('',(-2.8,-1.35,0.9));
#920 = VECTOR('',#921,1.);
#921 = DIRECTION('',(5.311058880652E-33,-6.123233995737E-17,-1.));
#922 = ORIENTED_EDGE('',*,*,#923,.F.);
#923 = EDGE_CURVE('',#893,#916,#924,.T.);
#924 = LINE('',#925,#926);
#925 = CARTESIAN_POINT('',(-2.8,-1.35,0.7));
#926 = VECTOR('',#927,1.);
#927 = DIRECTION('',(1.,9.251858538543E-16,-9.251858538543E-16));
#928 = ORIENTED_EDGE('',*,*,#892,.F.);
#929 = PLANE('',#930);
#930 = AXIS2_PLACEMENT_3D('',#931,#932,#933);
#931 = CARTESIAN_POINT('',(-3.4,-1.35,0.9));
#932 = DIRECTION('',(-9.251858538543E-16,1.,-6.123233995737E-17));
#933 = DIRECTION('',(1.,9.251858538543E-16,-9.251858538543E-16));
#934 = ADVANCED_FACE('',(#935),#954,.T.);
#935 = FACE_BOUND('',#936,.T.);
#936 = EDGE_LOOP('',(#937,#945,#951,#952,#953));
#937 = ORIENTED_EDGE('',*,*,#938,.T.);
#938 = EDGE_CURVE('',#713,#939,#941,.T.);
#939 = VERTEX_POINT('',#940);
#940 = CARTESIAN_POINT('',(-2.8,-1.85,0.7));
#941 = LINE('',#942,#943);
#942 = CARTESIAN_POINT('',(-2.8,-1.85,0.856));
#943 = VECTOR('',#944,1.);
#944 = DIRECTION('',(1.06221177613E-32,-9.184850993605E-17,-1.));
#945 = ORIENTED_EDGE('',*,*,#946,.F.);
#946 = EDGE_CURVE('',#916,#939,#947,.T.);
#947 = LINE('',#948,#949);
#948 = CARTESIAN_POINT('',(-2.8,-1.85,0.7));
#949 = VECTOR('',#950,1.);
#950 = DIRECTION('',(1.734723475977E-16,-1.,9.184850993605E-17));
#951 = ORIENTED_EDGE('',*,*,#915,.F.);
#952 = ORIENTED_EDGE('',*,*,#541,.T.);
#953 = ORIENTED_EDGE('',*,*,#720,.T.);
#954 = PLANE('',#955);
#955 = AXIS2_PLACEMENT_3D('',#956,#957,#958);
#956 = CARTESIAN_POINT('',(-2.8,-1.35,0.9));
#957 = DIRECTION('',(1.,1.734723475977E-16,-5.311058880652E-33));
#958 = DIRECTION('',(1.734723475977E-16,-1.,9.184850993605E-17));
#959 = ADVANCED_FACE('',(#960),#986,.T.);
#960 = FACE_BOUND('',#961,.T.);
#961 = EDGE_LOOP('',(#962,#970,#971,#972,#980));
#962 = ORIENTED_EDGE('',*,*,#963,.T.);
#963 = EDGE_CURVE('',#964,#674,#966,.T.);
#964 = VERTEX_POINT('',#965);
#965 = CARTESIAN_POINT('',(2.8,-1.85,0.7));
#966 = LINE('',#967,#968);
#967 = CARTESIAN_POINT('',(2.8,-1.85,0.856));
#968 = VECTOR('',#969,1.);
#969 = DIRECTION('',(0.,9.184850993605E-17,1.));
#970 = ORIENTED_EDGE('',*,*,#673,.F.);
#971 = ORIENTED_EDGE('',*,*,#534,.F.);
#972 = ORIENTED_EDGE('',*,*,#973,.T.);
#973 = EDGE_CURVE('',#527,#974,#976,.T.);
#974 = VERTEX_POINT('',#975);
#975 = CARTESIAN_POINT('',(2.8,-1.35,0.7));
#976 = LINE('',#977,#978);
#977 = CARTESIAN_POINT('',(2.8,-1.35,0.9));
#978 = VECTOR('',#979,1.);
#979 = DIRECTION('',(0.,-6.123233995737E-17,-1.));
#980 = ORIENTED_EDGE('',*,*,#981,.F.);
#981 = EDGE_CURVE('',#964,#974,#982,.T.);
#982 = LINE('',#983,#984);
#983 = CARTESIAN_POINT('',(2.8,-2.754778684234,0.7));
#984 = VECTOR('',#985,1.);
#985 = DIRECTION('',(0.,1.,-3.061616997868E-17));
#986 = PLANE('',#987);
#987 = AXIS2_PLACEMENT_3D('',#988,#989,#990);
#988 = CARTESIAN_POINT('',(2.8,-2.302389342117,0.9));
#989 = DIRECTION('',(-1.,0.,0.));
#990 = DIRECTION('',(0.,1.,-3.061616997868E-17));
#991 = ADVANCED_FACE('',(#992),#1010,.T.);
#992 = FACE_BOUND('',#993,.T.);
#993 = EDGE_LOOP('',(#994,#995,#1003,#1009));
#994 = ORIENTED_EDGE('',*,*,#526,.F.);
#995 = ORIENTED_EDGE('',*,*,#996,.T.);
#996 = EDGE_CURVE('',#519,#997,#999,.T.);
#997 = VERTEX_POINT('',#998);
#998 = CARTESIAN_POINT('',(3.4,-1.35,0.7));
#999 = LINE('',#1000,#1001);
#1000 = CARTESIAN_POINT('',(3.4,-1.35,0.9));
#1001 = VECTOR('',#1002,1.);
#1002 = DIRECTION('',(0.,-6.123233995737E-17,-1.));
#1003 = ORIENTED_EDGE('',*,*,#1004,.F.);
#1004 = EDGE_CURVE('',#974,#997,#1005,.T.);
#1005 = LINE('',#1006,#1007);
#1006 = CARTESIAN_POINT('',(3.4,-1.35,0.7));
#1007 = VECTOR('',#1008,1.);
#1008 = DIRECTION('',(1.,0.,0.));
#1009 = ORIENTED_EDGE('',*,*,#973,.F.);
#1010 = PLANE('',#1011);
#1011 = AXIS2_PLACEMENT_3D('',#1012,#1013,#1014);
#1012 = CARTESIAN_POINT('',(2.8,-1.35,0.9));
#1013 = DIRECTION('',(0.,1.,-6.123233995737E-17));
#1014 = DIRECTION('',(1.,0.,0.));
#1015 = ADVANCED_FACE('',(#1016),#1035,.T.);
#1016 = FACE_BOUND('',#1017,.T.);
#1017 = EDGE_LOOP('',(#1018,#1026,#1032,#1033,#1034));
#1018 = ORIENTED_EDGE('',*,*,#1019,.T.);
#1019 = EDGE_CURVE('',#682,#1020,#1022,.T.);
#1020 = VERTEX_POINT('',#1021);
#1021 = CARTESIAN_POINT('',(3.4,-1.85,0.7));
#1022 = LINE('',#1023,#1024);
#1023 = CARTESIAN_POINT('',(3.4,-1.85,0.856));
#1024 = VECTOR('',#1025,1.);
#1025 = DIRECTION('',(0.,-9.184850993605E-17,-1.));
#1026 = ORIENTED_EDGE('',*,*,#1027,.F.);
#1027 = EDGE_CURVE('',#997,#1020,#1028,.T.);
#1028 = LINE('',#1029,#1030);
#1029 = CARTESIAN_POINT('',(3.4,-1.85,0.7));
#1030 = VECTOR('',#1031,1.);
#1031 = DIRECTION('',(0.,-1.,9.184850993605E-17));
#1032 = ORIENTED_EDGE('',*,*,#996,.F.);
#1033 = ORIENTED_EDGE('',*,*,#518,.T.);
#1034 = ORIENTED_EDGE('',*,*,#689,.T.);
#1035 = PLANE('',#1036);
#1036 = AXIS2_PLACEMENT_3D('',#1037,#1038,#1039);
#1037 = CARTESIAN_POINT('',(3.4,-1.35,0.9));
#1038 = DIRECTION('',(1.,0.,0.));
#1039 = DIRECTION('',(0.,-1.,9.184850993605E-17));
#1040 = ADVANCED_FACE('',(#1041),#1074,.T.);
#1041 = FACE_BOUND('',#1042,.T.);
#1042 = EDGE_LOOP('',(#1043,#1053,#1059,#1060,#1068));
#1043 = ORIENTED_EDGE('',*,*,#1044,.T.);
#1044 = EDGE_CURVE('',#1045,#1047,#1049,.T.);
#1045 = VERTEX_POINT('',#1046);
#1046 = CARTESIAN_POINT('',(3.4,1.85,0.7));
#1047 = VERTEX_POINT('',#1048);
#1048 = CARTESIAN_POINT('',(3.4,1.85,0.9));
#1049 = LINE('',#1050,#1051);
#1050 = CARTESIAN_POINT('',(3.4,1.85,0.856));
#1051 = VECTOR('',#1052,1.);
#1052 = DIRECTION('',(0.,-3.644562188737E-15,1.));
#1053 = ORIENTED_EDGE('',*,*,#1054,.F.);
#1054 = EDGE_CURVE('',#496,#1047,#1055,.T.);
#1055 = LINE('',#1056,#1057);
#1056 = CARTESIAN_POINT('',(3.4,2.754778684234,0.9));
#1057 = VECTOR('',#1058,1.);
#1058 = DIRECTION('',(0.,1.,3.694352151242E-15));
#1059 = ORIENTED_EDGE('',*,*,#495,.F.);
#1060 = ORIENTED_EDGE('',*,*,#1061,.T.);
#1061 = EDGE_CURVE('',#488,#1062,#1064,.T.);
#1062 = VERTEX_POINT('',#1063);
#1063 = CARTESIAN_POINT('',(3.4,1.35,0.7));
#1064 = LINE('',#1065,#1066);
#1065 = CARTESIAN_POINT('',(3.4,1.35,0.9));
#1066 = VECTOR('',#1067,1.);
#1067 = DIRECTION('',(0.,3.613946018758E-15,-1.));
#1068 = ORIENTED_EDGE('',*,*,#1069,.F.);
#1069 = EDGE_CURVE('',#1045,#1062,#1070,.T.);
#1070 = LINE('',#1071,#1072);
#1071 = CARTESIAN_POINT('',(3.4,2.754778684234,0.7));
#1072 = VECTOR('',#1073,1.);
#1073 = DIRECTION('',(0.,-1.,-3.694352151242E-15));
#1074 = PLANE('',#1075);
#1075 = AXIS2_PLACEMENT_3D('',#1076,#1077,#1078);
#1076 = CARTESIAN_POINT('',(3.4,2.302389342117,0.9));
#1077 = DIRECTION('',(1.,0.,0.));
#1078 = DIRECTION('',(0.,-1.,-3.694352151242E-15));
#1079 = ADVANCED_FACE('',(#1080),#1098,.T.);
#1080 = FACE_BOUND('',#1081,.T.);
#1081 = EDGE_LOOP('',(#1082,#1083,#1091,#1097));
#1082 = ORIENTED_EDGE('',*,*,#487,.F.);
#1083 = ORIENTED_EDGE('',*,*,#1084,.T.);
#1084 = EDGE_CURVE('',#480,#1085,#1087,.T.);
#1085 = VERTEX_POINT('',#1086);
#1086 = CARTESIAN_POINT('',(2.8,1.35,0.7));
#1087 = LINE('',#1088,#1089);
#1088 = CARTESIAN_POINT('',(2.8,1.35,0.9));
#1089 = VECTOR('',#1090,1.);
#1090 = DIRECTION('',(0.,3.613946018758E-15,-1.));
#1091 = ORIENTED_EDGE('',*,*,#1092,.F.);
#1092 = EDGE_CURVE('',#1062,#1085,#1093,.T.);
#1093 = LINE('',#1094,#1095);
#1094 = CARTESIAN_POINT('',(2.8,1.35,0.7));
#1095 = VECTOR('',#1096,1.);
#1096 = DIRECTION('',(-1.,0.,0.));
#1097 = ORIENTED_EDGE('',*,*,#1061,.F.);
#1098 = PLANE('',#1099);
#1099 = AXIS2_PLACEMENT_3D('',#1100,#1101,#1102);
#1100 = CARTESIAN_POINT('',(3.4,1.35,0.9));
#1101 = DIRECTION('',(0.,-1.,-3.613946018758E-15));
#1102 = DIRECTION('',(-1.,0.,0.));
#1103 = ADVANCED_FACE('',(#1104),#1130,.T.);
#1104 = FACE_BOUND('',#1105,.T.);
#1105 = EDGE_LOOP('',(#1106,#1116,#1122,#1123,#1124));
#1106 = ORIENTED_EDGE('',*,*,#1107,.T.);
#1107 = EDGE_CURVE('',#1108,#1110,#1112,.T.);
#1108 = VERTEX_POINT('',#1109);
#1109 = CARTESIAN_POINT('',(2.8,1.85,0.9));
#1110 = VERTEX_POINT('',#1111);
#1111 = CARTESIAN_POINT('',(2.8,1.85,0.7));
#1112 = LINE('',#1113,#1114);
#1113 = CARTESIAN_POINT('',(2.8,1.85,0.856));
#1114 = VECTOR('',#1115,1.);
#1115 = DIRECTION('',(0.,3.644562188737E-15,-1.));
#1116 = ORIENTED_EDGE('',*,*,#1117,.F.);
#1117 = EDGE_CURVE('',#1085,#1110,#1118,.T.);
#1118 = LINE('',#1119,#1120);
#1119 = CARTESIAN_POINT('',(2.8,1.85,0.7));
#1120 = VECTOR('',#1121,1.);
#1121 = DIRECTION('',(0.,1.,3.644562188737E-15));
#1122 = ORIENTED_EDGE('',*,*,#1084,.F.);
#1123 = ORIENTED_EDGE('',*,*,#479,.T.);
#1124 = ORIENTED_EDGE('',*,*,#1125,.T.);
#1125 = EDGE_CURVE('',#472,#1108,#1126,.T.);
#1126 = LINE('',#1127,#1128);
#1127 = CARTESIAN_POINT('',(2.8,2.754778684234,0.9));
#1128 = VECTOR('',#1129,1.);
#1129 = DIRECTION('',(0.,1.,3.694352151242E-15));
#1130 = PLANE('',#1131);
#1131 = AXIS2_PLACEMENT_3D('',#1132,#1133,#1134);
#1132 = CARTESIAN_POINT('',(2.8,1.35,0.9));
#1133 = DIRECTION('',(-1.,0.,0.));
#1134 = DIRECTION('',(0.,1.,3.644562188737E-15));
#1135 = ADVANCED_FACE('',(#1136),#1169,.T.);
#1136 = FACE_BOUND('',#1137,.T.);
#1137 = EDGE_LOOP('',(#1138,#1148,#1154,#1155,#1163));
#1138 = ORIENTED_EDGE('',*,*,#1139,.T.);
#1139 = EDGE_CURVE('',#1140,#1142,#1144,.T.);
#1140 = VERTEX_POINT('',#1141);
#1141 = CARTESIAN_POINT('',(-2.8,1.85,0.7));
#1142 = VERTEX_POINT('',#1143);
#1143 = CARTESIAN_POINT('',(-2.8,1.85,0.9));
#1144 = LINE('',#1145,#1146);
#1145 = CARTESIAN_POINT('',(-2.8,1.85,0.856));
#1146 = VECTOR('',#1147,1.);
#1147 = DIRECTION('',(0.,-3.644562188737E-15,1.));
#1148 = ORIENTED_EDGE('',*,*,#1149,.F.);
#1149 = EDGE_CURVE('',#464,#1142,#1150,.T.);
#1150 = LINE('',#1151,#1152);
#1151 = CARTESIAN_POINT('',(-2.8,2.754778684234,0.9));
#1152 = VECTOR('',#1153,1.);
#1153 = DIRECTION('',(0.,1.,3.694352151242E-15));
#1154 = ORIENTED_EDGE('',*,*,#463,.F.);
#1155 = ORIENTED_EDGE('',*,*,#1156,.T.);
#1156 = EDGE_CURVE('',#456,#1157,#1159,.T.);
#1157 = VERTEX_POINT('',#1158);
#1158 = CARTESIAN_POINT('',(-2.8,1.35,0.7));
#1159 = LINE('',#1160,#1161);
#1160 = CARTESIAN_POINT('',(-2.8,1.35,0.9));
#1161 = VECTOR('',#1162,1.);
#1162 = DIRECTION('',(0.,3.613946018758E-15,-1.));
#1163 = ORIENTED_EDGE('',*,*,#1164,.F.);
#1164 = EDGE_CURVE('',#1140,#1157,#1165,.T.);
#1165 = LINE('',#1166,#1167);
#1166 = CARTESIAN_POINT('',(-2.8,2.754778684234,0.7));
#1167 = VECTOR('',#1168,1.);
#1168 = DIRECTION('',(0.,-1.,-3.694352151242E-15));
#1169 = PLANE('',#1170);
#1170 = AXIS2_PLACEMENT_3D('',#1171,#1172,#1173);
#1171 = CARTESIAN_POINT('',(-2.8,2.302389342117,0.9));
#1172 = DIRECTION('',(1.,0.,0.));
#1173 = DIRECTION('',(0.,-1.,-3.694352151242E-15));
#1174 = ADVANCED_FACE('',(#1175),#1193,.T.);
#1175 = FACE_BOUND('',#1176,.T.);
#1176 = EDGE_LOOP('',(#1177,#1178,#1186,#1192));
#1177 = ORIENTED_EDGE('',*,*,#455,.F.);
#1178 = ORIENTED_EDGE('',*,*,#1179,.T.);
#1179 = EDGE_CURVE('',#448,#1180,#1182,.T.);
#1180 = VERTEX_POINT('',#1181);
#1181 = CARTESIAN_POINT('',(-3.4,1.35,0.7));
#1182 = LINE('',#1183,#1184);
#1183 = CARTESIAN_POINT('',(-3.4,1.35,0.9));
#1184 = VECTOR('',#1185,1.);
#1185 = DIRECTION('',(0.,3.613946018758E-15,-1.));
#1186 = ORIENTED_EDGE('',*,*,#1187,.F.);
#1187 = EDGE_CURVE('',#1157,#1180,#1188,.T.);
#1188 = LINE('',#1189,#1190);
#1189 = CARTESIAN_POINT('',(-3.4,1.35,0.7));
#1190 = VECTOR('',#1191,1.);
#1191 = DIRECTION('',(-1.,0.,0.));
#1192 = ORIENTED_EDGE('',*,*,#1156,.F.);
#1193 = PLANE('',#1194);
#1194 = AXIS2_PLACEMENT_3D('',#1195,#1196,#1197);
#1195 = CARTESIAN_POINT('',(-2.8,1.35,0.9));
#1196 = DIRECTION('',(0.,-1.,-3.613946018758E-15));
#1197 = DIRECTION('',(-1.,0.,0.));
#1198 = ADVANCED_FACE('',(#1199),#1225,.T.);
#1199 = FACE_BOUND('',#1200,.T.);
#1200 = EDGE_LOOP('',(#1201,#1211,#1217,#1218,#1219));
#1201 = ORIENTED_EDGE('',*,*,#1202,.T.);
#1202 = EDGE_CURVE('',#1203,#1205,#1207,.T.);
#1203 = VERTEX_POINT('',#1204);
#1204 = CARTESIAN_POINT('',(-3.4,1.85,0.9));
#1205 = VERTEX_POINT('',#1206);
#1206 = CARTESIAN_POINT('',(-3.4,1.85,0.7));
#1207 = LINE('',#1208,#1209);
#1208 = CARTESIAN_POINT('',(-3.4,1.85,0.856));
#1209 = VECTOR('',#1210,1.);
#1210 = DIRECTION('',(0.,3.644562188737E-15,-1.));
#1211 = ORIENTED_EDGE('',*,*,#1212,.F.);
#1212 = EDGE_CURVE('',#1180,#1205,#1213,.T.);
#1213 = LINE('',#1214,#1215);
#1214 = CARTESIAN_POINT('',(-3.4,1.85,0.7));
#1215 = VECTOR('',#1216,1.);
#1216 = DIRECTION('',(0.,1.,3.644562188737E-15));
#1217 = ORIENTED_EDGE('',*,*,#1179,.F.);
#1218 = ORIENTED_EDGE('',*,*,#447,.T.);
#1219 = ORIENTED_EDGE('',*,*,#1220,.T.);
#1220 = EDGE_CURVE('',#440,#1203,#1221,.T.);
#1221 = LINE('',#1222,#1223);
#1222 = CARTESIAN_POINT('',(-3.4,2.754778684234,0.9));
#1223 = VECTOR('',#1224,1.);
#1224 = DIRECTION('',(0.,1.,3.694352151242E-15));
#1225 = PLANE('',#1226);
#1226 = AXIS2_PLACEMENT_3D('',#1227,#1228,#1229);
#1227 = CARTESIAN_POINT('',(-3.4,1.35,0.9));
#1228 = DIRECTION('',(-1.,0.,0.));
#1229 = DIRECTION('',(0.,1.,3.644562188737E-15));
#1230 = ADVANCED_FACE('',(#1231),#1256,.T.);
#1231 = FACE_BOUND('',#1232,.T.);
#1232 = EDGE_LOOP('',(#1233,#1243,#1249,#1250));
#1233 = ORIENTED_EDGE('',*,*,#1234,.F.);
#1234 = EDGE_CURVE('',#1235,#1237,#1239,.T.);
#1235 = VERTEX_POINT('',#1236);
#1236 = CARTESIAN_POINT('',(1.750000204239,-0.150000046939,-2.25));
#1237 = VERTEX_POINT('',#1238);
#1238 = CARTESIAN_POINT('',(1.750000204239,0.149999953061,-2.25));
#1239 = LINE('',#1240,#1241);
#1240 = CARTESIAN_POINT('',(1.750000204239,-7.500004693865E-02,-2.25));
#1241 = VECTOR('',#1242,1.);
#1242 = DIRECTION('',(0.,1.,1.00929365875E-15));
#1243 = ORIENTED_EDGE('',*,*,#1244,.F.);
#1244 = EDGE_CURVE('',#568,#1235,#1245,.T.);
#1245 = LINE('',#1246,#1247);
#1246 = CARTESIAN_POINT('',(1.750000204239,-0.150000046939,0.9));
#1247 = VECTOR('',#1248,1.);
#1248 = DIRECTION('',(0.,1.00929365875E-15,-1.));
#1249 = ORIENTED_EDGE('',*,*,#565,.F.);
#1250 = ORIENTED_EDGE('',*,*,#1251,.T.);
#1251 = EDGE_CURVE('',#566,#1237,#1252,.T.);
#1252 = LINE('',#1253,#1254);
#1253 = CARTESIAN_POINT('',(1.750000204239,0.149999953061,0.9));
#1254 = VECTOR('',#1255,1.);
#1255 = DIRECTION('',(0.,1.00929365875E-15,-1.));
#1256 = PLANE('',#1257);
#1257 = AXIS2_PLACEMENT_3D('',#1258,#1259,#1260);
#1258 = CARTESIAN_POINT('',(1.750000204239,-0.150000046939,0.9));
#1259 = DIRECTION('',(-1.,0.,0.));
#1260 = DIRECTION('',(0.,1.,1.040834085586E-15));
#1261 = ADVANCED_FACE('',(#1262),#1298,.T.);
#1262 = FACE_BOUND('',#1263,.T.);
#1263 = EDGE_LOOP('',(#1264,#1273,#1274,#1275,#1283,#1292));
#1264 = ORIENTED_EDGE('',*,*,#1265,.F.);
#1265 = EDGE_CURVE('',#1237,#1266,#1268,.T.);
#1266 = VERTEX_POINT('',#1267);
#1267 = CARTESIAN_POINT('',(1.900000204239,0.149999953061,-2.4));
#1268 = CIRCLE('',#1269,0.15);
#1269 = AXIS2_PLACEMENT_3D('',#1270,#1271,#1272);
#1270 = CARTESIAN_POINT('',(1.900000204239,0.149999953061,-2.25));
#1271 = DIRECTION('',(0.,-1.,-1.00929365875E-15));
#1272 = DIRECTION('',(-0.707106781187,7.136783903108E-16,-0.707106781187
    ));
#1273 = ORIENTED_EDGE('',*,*,#1251,.F.);
#1274 = ORIENTED_EDGE('',*,*,#591,.F.);
#1275 = ORIENTED_EDGE('',*,*,#1276,.T.);
#1276 = EDGE_CURVE('',#584,#1277,#1279,.T.);
#1277 = VERTEX_POINT('',#1278);
#1278 = CARTESIAN_POINT('',(2.250000204239,0.149999953061,-2.25));
#1279 = LINE('',#1280,#1281);
#1280 = CARTESIAN_POINT('',(2.250000204239,0.149999953061,0.9));
#1281 = VECTOR('',#1282,1.);
#1282 = DIRECTION('',(0.,1.00929365875E-15,-1.));
#1283 = ORIENTED_EDGE('',*,*,#1284,.F.);
#1284 = EDGE_CURVE('',#1285,#1277,#1287,.T.);
#1285 = VERTEX_POINT('',#1286);
#1286 = CARTESIAN_POINT('',(2.100000204239,0.149999953061,-2.4));
#1287 = CIRCLE('',#1288,0.15);
#1288 = AXIS2_PLACEMENT_3D('',#1289,#1290,#1291);
#1289 = CARTESIAN_POINT('',(2.100000204239,0.149999953061,-2.25));
#1290 = DIRECTION('',(0.,-1.,-1.00929365875E-15));
#1291 = DIRECTION('',(0.707106781187,7.136783903108E-16,-0.707106781187)
  );
#1292 = ORIENTED_EDGE('',*,*,#1293,.F.);
#1293 = EDGE_CURVE('',#1266,#1285,#1294,.T.);
#1294 = LINE('',#1295,#1296);
#1295 = CARTESIAN_POINT('',(2.250000204239,0.149999953061,-2.4));
#1296 = VECTOR('',#1297,1.);
#1297 = DIRECTION('',(1.,0.,0.));
#1298 = PLANE('',#1299);
#1299 = AXIS2_PLACEMENT_3D('',#1300,#1301,#1302);
#1300 = CARTESIAN_POINT('',(1.750000204239,0.149999953061,0.9));
#1301 = DIRECTION('',(0.,1.,1.00929365875E-15));
#1302 = DIRECTION('',(1.,0.,0.));
#1303 = ADVANCED_FACE('',(#1304),#1322,.T.);
#1304 = FACE_BOUND('',#1305,.T.);
#1305 = EDGE_LOOP('',(#1306,#1314,#1315,#1316));
#1306 = ORIENTED_EDGE('',*,*,#1307,.F.);
#1307 = EDGE_CURVE('',#1277,#1308,#1310,.T.);
#1308 = VERTEX_POINT('',#1309);
#1309 = CARTESIAN_POINT('',(2.250000204239,-0.150000046939,-2.25));
#1310 = LINE('',#1311,#1312);
#1311 = CARTESIAN_POINT('',(2.250000204239,7.499995306135E-02,-2.25));
#1312 = VECTOR('',#1313,1.);
#1313 = DIRECTION('',(0.,-1.,-1.00929365875E-15));
#1314 = ORIENTED_EDGE('',*,*,#1276,.F.);
#1315 = ORIENTED_EDGE('',*,*,#583,.F.);
#1316 = ORIENTED_EDGE('',*,*,#1317,.T.);
#1317 = EDGE_CURVE('',#576,#1308,#1318,.T.);
#1318 = LINE('',#1319,#1320);
#1319 = CARTESIAN_POINT('',(2.250000204239,-0.150000046939,0.9));
#1320 = VECTOR('',#1321,1.);
#1321 = DIRECTION('',(0.,1.00929365875E-15,-1.));
#1322 = PLANE('',#1323);
#1323 = AXIS2_PLACEMENT_3D('',#1324,#1325,#1326);
#1324 = CARTESIAN_POINT('',(2.250000204239,0.149999953061,0.9));
#1325 = DIRECTION('',(1.,0.,0.));
#1326 = DIRECTION('',(0.,-1.,-1.040834085586E-15));
#1327 = ADVANCED_FACE('',(#1328),#1357,.T.);
#1328 = FACE_BOUND('',#1329,.T.);
#1329 = EDGE_LOOP('',(#1330,#1339,#1347,#1354,#1355,#1356));
#1330 = ORIENTED_EDGE('',*,*,#1331,.F.);
#1331 = EDGE_CURVE('',#1332,#1235,#1334,.T.);
#1332 = VERTEX_POINT('',#1333);
#1333 = CARTESIAN_POINT('',(1.900000204239,-0.150000046939,-2.4));
#1334 = CIRCLE('',#1335,0.15);
#1335 = AXIS2_PLACEMENT_3D('',#1336,#1337,#1338);
#1336 = CARTESIAN_POINT('',(1.900000204239,-0.150000046939,-2.25));
#1337 = DIRECTION('',(0.,1.,1.00929365875E-15));
#1338 = DIRECTION('',(-0.707106781187,7.136783903108E-16,-0.707106781187
    ));
#1339 = ORIENTED_EDGE('',*,*,#1340,.F.);
#1340 = EDGE_CURVE('',#1341,#1332,#1343,.T.);
#1341 = VERTEX_POINT('',#1342);
#1342 = CARTESIAN_POINT('',(2.100000204239,-0.150000046939,-2.4));
#1343 = LINE('',#1344,#1345);
#1344 = CARTESIAN_POINT('',(1.750000204239,-0.150000046939,-2.4));
#1345 = VECTOR('',#1346,1.);
#1346 = DIRECTION('',(-1.,0.,0.));
#1347 = ORIENTED_EDGE('',*,*,#1348,.F.);
#1348 = EDGE_CURVE('',#1308,#1341,#1349,.T.);
#1349 = CIRCLE('',#1350,0.15);
#1350 = AXIS2_PLACEMENT_3D('',#1351,#1352,#1353);
#1351 = CARTESIAN_POINT('',(2.100000204239,-0.150000046939,-2.25));
#1352 = DIRECTION('',(0.,1.,1.00929365875E-15));
#1353 = DIRECTION('',(0.707106781187,7.136783903108E-16,-0.707106781187)
  );
#1354 = ORIENTED_EDGE('',*,*,#1317,.F.);
#1355 = ORIENTED_EDGE('',*,*,#575,.F.);
#1356 = ORIENTED_EDGE('',*,*,#1244,.T.);
#1357 = PLANE('',#1358);
#1358 = AXIS2_PLACEMENT_3D('',#1359,#1360,#1361);
#1359 = CARTESIAN_POINT('',(2.250000204239,-0.150000046939,0.9));
#1360 = DIRECTION('',(0.,-1.,-1.00929365875E-15));
#1361 = DIRECTION('',(-1.,0.,0.));
#1362 = ADVANCED_FACE('',(#1363),#1388,.T.);
#1363 = FACE_BOUND('',#1364,.T.);
#1364 = EDGE_LOOP('',(#1365,#1375,#1381,#1382));
#1365 = ORIENTED_EDGE('',*,*,#1366,.F.);
#1366 = EDGE_CURVE('',#1367,#1369,#1371,.T.);
#1367 = VERTEX_POINT('',#1368);
#1368 = CARTESIAN_POINT('',(-0.249999795761,-0.150000046939,-2.25));
#1369 = VERTEX_POINT('',#1370);
#1370 = CARTESIAN_POINT('',(-0.249999795761,0.149999953061,-2.25));
#1371 = LINE('',#1372,#1373);
#1372 = CARTESIAN_POINT('',(-0.249999795761,-7.500004693865E-02,-2.25));
#1373 = VECTOR('',#1374,1.);
#1374 = DIRECTION('',(0.,1.,1.00929365875E-15));
#1375 = ORIENTED_EDGE('',*,*,#1376,.F.);
#1376 = EDGE_CURVE('',#602,#1367,#1377,.T.);
#1377 = LINE('',#1378,#1379);
#1378 = CARTESIAN_POINT('',(-0.249999795761,-0.150000046939,0.9));
#1379 = VECTOR('',#1380,1.);
#1380 = DIRECTION('',(0.,1.00929365875E-15,-1.));
#1381 = ORIENTED_EDGE('',*,*,#599,.F.);
#1382 = ORIENTED_EDGE('',*,*,#1383,.T.);
#1383 = EDGE_CURVE('',#600,#1369,#1384,.T.);
#1384 = LINE('',#1385,#1386);
#1385 = CARTESIAN_POINT('',(-0.249999795761,0.149999953061,0.9));
#1386 = VECTOR('',#1387,1.);
#1387 = DIRECTION('',(0.,1.00929365875E-15,-1.));
#1388 = PLANE('',#1389);
#1389 = AXIS2_PLACEMENT_3D('',#1390,#1391,#1392);
#1390 = CARTESIAN_POINT('',(-0.249999795761,-0.150000046939,0.9));
#1391 = DIRECTION('',(-1.,0.,0.));
#1392 = DIRECTION('',(0.,1.,1.040834085586E-15));
#1393 = ADVANCED_FACE('',(#1394),#1430,.T.);
#1394 = FACE_BOUND('',#1395,.T.);
#1395 = EDGE_LOOP('',(#1396,#1405,#1406,#1407,#1415,#1424));
#1396 = ORIENTED_EDGE('',*,*,#1397,.F.);
#1397 = EDGE_CURVE('',#1369,#1398,#1400,.T.);
#1398 = VERTEX_POINT('',#1399);
#1399 = CARTESIAN_POINT('',(-9.999979576096E-02,0.149999953061,-2.4));
#1400 = CIRCLE('',#1401,0.15);
#1401 = AXIS2_PLACEMENT_3D('',#1402,#1403,#1404);
#1402 = CARTESIAN_POINT('',(-9.999979576096E-02,0.149999953061,-2.25));
#1403 = DIRECTION('',(0.,-1.,-1.00929365875E-15));
#1404 = DIRECTION('',(-0.707106781187,7.136783903108E-16,-0.707106781187
    ));
#1405 = ORIENTED_EDGE('',*,*,#1383,.F.);
#1406 = ORIENTED_EDGE('',*,*,#625,.F.);
#1407 = ORIENTED_EDGE('',*,*,#1408,.T.);
#1408 = EDGE_CURVE('',#618,#1409,#1411,.T.);
#1409 = VERTEX_POINT('',#1410);
#1410 = CARTESIAN_POINT('',(0.250000204239,0.149999953061,-2.25));
#1411 = LINE('',#1412,#1413);
#1412 = CARTESIAN_POINT('',(0.250000204239,0.149999953061,0.9));
#1413 = VECTOR('',#1414,1.);
#1414 = DIRECTION('',(0.,1.00929365875E-15,-1.));
#1415 = ORIENTED_EDGE('',*,*,#1416,.F.);
#1416 = EDGE_CURVE('',#1417,#1409,#1419,.T.);
#1417 = VERTEX_POINT('',#1418);
#1418 = CARTESIAN_POINT('',(0.100000204239,0.149999953061,-2.4));
#1419 = CIRCLE('',#1420,0.15);
#1420 = AXIS2_PLACEMENT_3D('',#1421,#1422,#1423);
#1421 = CARTESIAN_POINT('',(0.100000204239,0.149999953061,-2.25));
#1422 = DIRECTION('',(0.,-1.,-1.00929365875E-15));
#1423 = DIRECTION('',(0.707106781187,7.136783903108E-16,-0.707106781187)
  );
#1424 = ORIENTED_EDGE('',*,*,#1425,.F.);
#1425 = EDGE_CURVE('',#1398,#1417,#1426,.T.);
#1426 = LINE('',#1427,#1428);
#1427 = CARTESIAN_POINT('',(0.250000204239,0.149999953061,-2.4));
#1428 = VECTOR('',#1429,1.);
#1429 = DIRECTION('',(1.,0.,0.));
#1430 = PLANE('',#1431);
#1431 = AXIS2_PLACEMENT_3D('',#1432,#1433,#1434);
#1432 = CARTESIAN_POINT('',(-0.249999795761,0.149999953061,0.9));
#1433 = DIRECTION('',(0.,1.,1.00929365875E-15));
#1434 = DIRECTION('',(1.,0.,0.));
#1435 = ADVANCED_FACE('',(#1436),#1454,.T.);
#1436 = FACE_BOUND('',#1437,.T.);
#1437 = EDGE_LOOP('',(#1438,#1446,#1447,#1448));
#1438 = ORIENTED_EDGE('',*,*,#1439,.F.);
#1439 = EDGE_CURVE('',#1409,#1440,#1442,.T.);
#1440 = VERTEX_POINT('',#1441);
#1441 = CARTESIAN_POINT('',(0.250000204239,-0.150000046939,-2.25));
#1442 = LINE('',#1443,#1444);
#1443 = CARTESIAN_POINT('',(0.250000204239,7.499995306135E-02,-2.25));
#1444 = VECTOR('',#1445,1.);
#1445 = DIRECTION('',(0.,-1.,-1.00929365875E-15));
#1446 = ORIENTED_EDGE('',*,*,#1408,.F.);
#1447 = ORIENTED_EDGE('',*,*,#617,.F.);
#1448 = ORIENTED_EDGE('',*,*,#1449,.T.);
#1449 = EDGE_CURVE('',#610,#1440,#1450,.T.);
#1450 = LINE('',#1451,#1452);
#1451 = CARTESIAN_POINT('',(0.250000204239,-0.150000046939,0.9));
#1452 = VECTOR('',#1453,1.);
#1453 = DIRECTION('',(0.,1.00929365875E-15,-1.));
#1454 = PLANE('',#1455);
#1455 = AXIS2_PLACEMENT_3D('',#1456,#1457,#1458);
#1456 = CARTESIAN_POINT('',(0.250000204239,0.149999953061,0.9));
#1457 = DIRECTION('',(1.,0.,0.));
#1458 = DIRECTION('',(0.,-1.,-1.040834085586E-15));
#1459 = ADVANCED_FACE('',(#1460),#1489,.T.);
#1460 = FACE_BOUND('',#1461,.T.);
#1461 = EDGE_LOOP('',(#1462,#1471,#1479,#1486,#1487,#1488));
#1462 = ORIENTED_EDGE('',*,*,#1463,.F.);
#1463 = EDGE_CURVE('',#1464,#1367,#1466,.T.);
#1464 = VERTEX_POINT('',#1465);
#1465 = CARTESIAN_POINT('',(-9.999979576096E-02,-0.150000046939,-2.4));
#1466 = CIRCLE('',#1467,0.15);
#1467 = AXIS2_PLACEMENT_3D('',#1468,#1469,#1470);
#1468 = CARTESIAN_POINT('',(-9.999979576096E-02,-0.150000046939,-2.25));
#1469 = DIRECTION('',(0.,1.,1.00929365875E-15));
#1470 = DIRECTION('',(-0.707106781187,7.136783903108E-16,-0.707106781187
    ));
#1471 = ORIENTED_EDGE('',*,*,#1472,.F.);
#1472 = EDGE_CURVE('',#1473,#1464,#1475,.T.);
#1473 = VERTEX_POINT('',#1474);
#1474 = CARTESIAN_POINT('',(0.100000204239,-0.150000046939,-2.4));
#1475 = LINE('',#1476,#1477);
#1476 = CARTESIAN_POINT('',(-0.249999795761,-0.150000046939,-2.4));
#1477 = VECTOR('',#1478,1.);
#1478 = DIRECTION('',(-1.,0.,0.));
#1479 = ORIENTED_EDGE('',*,*,#1480,.F.);
#1480 = EDGE_CURVE('',#1440,#1473,#1481,.T.);
#1481 = CIRCLE('',#1482,0.15);
#1482 = AXIS2_PLACEMENT_3D('',#1483,#1484,#1485);
#1483 = CARTESIAN_POINT('',(0.100000204239,-0.150000046939,-2.25));
#1484 = DIRECTION('',(0.,1.,1.00929365875E-15));
#1485 = DIRECTION('',(0.707106781187,7.136783903108E-16,-0.707106781187)
  );
#1486 = ORIENTED_EDGE('',*,*,#1449,.F.);
#1487 = ORIENTED_EDGE('',*,*,#609,.F.);
#1488 = ORIENTED_EDGE('',*,*,#1376,.T.);
#1489 = PLANE('',#1490);
#1490 = AXIS2_PLACEMENT_3D('',#1491,#1492,#1493);
#1491 = CARTESIAN_POINT('',(0.250000204239,-0.150000046939,0.9));
#1492 = DIRECTION('',(0.,-1.,-1.00929365875E-15));
#1493 = DIRECTION('',(-1.,0.,0.));
#1494 = ADVANCED_FACE('',(#1495),#1520,.T.);
#1495 = FACE_BOUND('',#1496,.T.);
#1496 = EDGE_LOOP('',(#1497,#1507,#1513,#1514));
#1497 = ORIENTED_EDGE('',*,*,#1498,.F.);
#1498 = EDGE_CURVE('',#1499,#1501,#1503,.T.);
#1499 = VERTEX_POINT('',#1500);
#1500 = CARTESIAN_POINT('',(-2.249999795761,-0.150000046939,-2.25));
#1501 = VERTEX_POINT('',#1502);
#1502 = CARTESIAN_POINT('',(-2.249999795761,0.149999953061,-2.25));
#1503 = LINE('',#1504,#1505);
#1504 = CARTESIAN_POINT('',(-2.249999795761,-7.500004693865E-02,-2.25));
#1505 = VECTOR('',#1506,1.);
#1506 = DIRECTION('',(0.,1.,1.00929365875E-15));
#1507 = ORIENTED_EDGE('',*,*,#1508,.F.);
#1508 = EDGE_CURVE('',#636,#1499,#1509,.T.);
#1509 = LINE('',#1510,#1511);
#1510 = CARTESIAN_POINT('',(-2.249999795761,-0.150000046939,0.9));
#1511 = VECTOR('',#1512,1.);
#1512 = DIRECTION('',(0.,1.00929365875E-15,-1.));
#1513 = ORIENTED_EDGE('',*,*,#633,.F.);
#1514 = ORIENTED_EDGE('',*,*,#1515,.T.);
#1515 = EDGE_CURVE('',#634,#1501,#1516,.T.);
#1516 = LINE('',#1517,#1518);
#1517 = CARTESIAN_POINT('',(-2.249999795761,0.149999953061,0.9));
#1518 = VECTOR('',#1519,1.);
#1519 = DIRECTION('',(0.,1.00929365875E-15,-1.));
#1520 = PLANE('',#1521);
#1521 = AXIS2_PLACEMENT_3D('',#1522,#1523,#1524);
#1522 = CARTESIAN_POINT('',(-2.249999795761,-0.150000046939,0.9));
#1523 = DIRECTION('',(-1.,0.,0.));
#1524 = DIRECTION('',(0.,1.,1.040834085586E-15));
#1525 = ADVANCED_FACE('',(#1526),#1562,.T.);
#1526 = FACE_BOUND('',#1527,.T.);
#1527 = EDGE_LOOP('',(#1528,#1537,#1538,#1539,#1547,#1556));
#1528 = ORIENTED_EDGE('',*,*,#1529,.F.);
#1529 = EDGE_CURVE('',#1501,#1530,#1532,.T.);
#1530 = VERTEX_POINT('',#1531);
#1531 = CARTESIAN_POINT('',(-2.099999795761,0.149999953061,-2.4));
#1532 = CIRCLE('',#1533,0.15);
#1533 = AXIS2_PLACEMENT_3D('',#1534,#1535,#1536);
#1534 = CARTESIAN_POINT('',(-2.099999795761,0.149999953061,-2.25));
#1535 = DIRECTION('',(0.,-1.,-1.00929365875E-15));
#1536 = DIRECTION('',(-0.707106781187,7.136783903108E-16,-0.707106781187
    ));
#1537 = ORIENTED_EDGE('',*,*,#1515,.F.);
#1538 = ORIENTED_EDGE('',*,*,#659,.F.);
#1539 = ORIENTED_EDGE('',*,*,#1540,.T.);
#1540 = EDGE_CURVE('',#652,#1541,#1543,.T.);
#1541 = VERTEX_POINT('',#1542);
#1542 = CARTESIAN_POINT('',(-1.749999795761,0.149999953061,-2.25));
#1543 = LINE('',#1544,#1545);
#1544 = CARTESIAN_POINT('',(-1.749999795761,0.149999953061,0.9));
#1545 = VECTOR('',#1546,1.);
#1546 = DIRECTION('',(0.,1.00929365875E-15,-1.));
#1547 = ORIENTED_EDGE('',*,*,#1548,.F.);
#1548 = EDGE_CURVE('',#1549,#1541,#1551,.T.);
#1549 = VERTEX_POINT('',#1550);
#1550 = CARTESIAN_POINT('',(-1.899999795761,0.149999953061,-2.4));
#1551 = CIRCLE('',#1552,0.15);
#1552 = AXIS2_PLACEMENT_3D('',#1553,#1554,#1555);
#1553 = CARTESIAN_POINT('',(-1.899999795761,0.149999953061,-2.25));
#1554 = DIRECTION('',(0.,-1.,-1.00929365875E-15));
#1555 = DIRECTION('',(0.707106781187,7.136783903108E-16,-0.707106781187)
  );
#1556 = ORIENTED_EDGE('',*,*,#1557,.F.);
#1557 = EDGE_CURVE('',#1530,#1549,#1558,.T.);
#1558 = LINE('',#1559,#1560);
#1559 = CARTESIAN_POINT('',(-1.749999795761,0.149999953061,-2.4));
#1560 = VECTOR('',#1561,1.);
#1561 = DIRECTION('',(1.,0.,0.));
#1562 = PLANE('',#1563);
#1563 = AXIS2_PLACEMENT_3D('',#1564,#1565,#1566);
#1564 = CARTESIAN_POINT('',(-2.249999795761,0.149999953061,0.9));
#1565 = DIRECTION('',(0.,1.,1.00929365875E-15));
#1566 = DIRECTION('',(1.,0.,0.));
#1567 = ADVANCED_FACE('',(#1568),#1586,.T.);
#1568 = FACE_BOUND('',#1569,.T.);
#1569 = EDGE_LOOP('',(#1570,#1578,#1579,#1580));
#1570 = ORIENTED_EDGE('',*,*,#1571,.F.);
#1571 = EDGE_CURVE('',#1541,#1572,#1574,.T.);
#1572 = VERTEX_POINT('',#1573);
#1573 = CARTESIAN_POINT('',(-1.749999795761,-0.150000046939,-2.25));
#1574 = LINE('',#1575,#1576);
#1575 = CARTESIAN_POINT('',(-1.749999795761,7.499995306135E-02,-2.25));
#1576 = VECTOR('',#1577,1.);
#1577 = DIRECTION('',(0.,-1.,-1.00929365875E-15));
#1578 = ORIENTED_EDGE('',*,*,#1540,.F.);
#1579 = ORIENTED_EDGE('',*,*,#651,.F.);
#1580 = ORIENTED_EDGE('',*,*,#1581,.T.);
#1581 = EDGE_CURVE('',#644,#1572,#1582,.T.);
#1582 = LINE('',#1583,#1584);
#1583 = CARTESIAN_POINT('',(-1.749999795761,-0.150000046939,0.9));
#1584 = VECTOR('',#1585,1.);
#1585 = DIRECTION('',(0.,1.00929365875E-15,-1.));
#1586 = PLANE('',#1587);
#1587 = AXIS2_PLACEMENT_3D('',#1588,#1589,#1590);
#1588 = CARTESIAN_POINT('',(-1.749999795761,0.149999953061,0.9));
#1589 = DIRECTION('',(1.,0.,0.));
#1590 = DIRECTION('',(0.,-1.,-1.040834085586E-15));
#1591 = ADVANCED_FACE('',(#1592),#1621,.T.);
#1592 = FACE_BOUND('',#1593,.T.);
#1593 = EDGE_LOOP('',(#1594,#1603,#1611,#1618,#1619,#1620));
#1594 = ORIENTED_EDGE('',*,*,#1595,.F.);
#1595 = EDGE_CURVE('',#1596,#1499,#1598,.T.);
#1596 = VERTEX_POINT('',#1597);
#1597 = CARTESIAN_POINT('',(-2.099999795761,-0.150000046939,-2.4));
#1598 = CIRCLE('',#1599,0.15);
#1599 = AXIS2_PLACEMENT_3D('',#1600,#1601,#1602);
#1600 = CARTESIAN_POINT('',(-2.099999795761,-0.150000046939,-2.25));
#1601 = DIRECTION('',(0.,1.,1.00929365875E-15));
#1602 = DIRECTION('',(-0.707106781187,7.136783903108E-16,-0.707106781187
    ));
#1603 = ORIENTED_EDGE('',*,*,#1604,.F.);
#1604 = EDGE_CURVE('',#1605,#1596,#1607,.T.);
#1605 = VERTEX_POINT('',#1606);
#1606 = CARTESIAN_POINT('',(-1.899999795761,-0.150000046939,-2.4));
#1607 = LINE('',#1608,#1609);
#1608 = CARTESIAN_POINT('',(-2.249999795761,-0.150000046939,-2.4));
#1609 = VECTOR('',#1610,1.);
#1610 = DIRECTION('',(-1.,0.,0.));
#1611 = ORIENTED_EDGE('',*,*,#1612,.F.);
#1612 = EDGE_CURVE('',#1572,#1605,#1613,.T.);
#1613 = CIRCLE('',#1614,0.15);
#1614 = AXIS2_PLACEMENT_3D('',#1615,#1616,#1617);
#1615 = CARTESIAN_POINT('',(-1.899999795761,-0.150000046939,-2.25));
#1616 = DIRECTION('',(0.,1.,1.00929365875E-15));
#1617 = DIRECTION('',(0.707106781187,7.136783903108E-16,-0.707106781187)
  );
#1618 = ORIENTED_EDGE('',*,*,#1581,.F.);
#1619 = ORIENTED_EDGE('',*,*,#643,.F.);
#1620 = ORIENTED_EDGE('',*,*,#1508,.T.);
#1621 = PLANE('',#1622);
#1622 = AXIS2_PLACEMENT_3D('',#1623,#1624,#1625);
#1623 = CARTESIAN_POINT('',(-1.749999795761,-0.150000046939,0.9));
#1624 = DIRECTION('',(0.,-1.,-1.00929365875E-15));
#1625 = DIRECTION('',(-1.,0.,0.));
#1626 = ADVANCED_FACE('',(#1627),#1654,.F.);
#1627 = FACE_BOUND('',#1628,.F.);
#1628 = EDGE_LOOP('',(#1629,#1638,#1646,#1653));
#1629 = ORIENTED_EDGE('',*,*,#1630,.T.);
#1630 = EDGE_CURVE('',#682,#1631,#1633,.T.);
#1631 = VERTEX_POINT('',#1632);
#1632 = CARTESIAN_POINT('',(3.4,-2.05,1.1));
#1633 = CIRCLE('',#1634,0.2);
#1634 = AXIS2_PLACEMENT_3D('',#1635,#1636,#1637);
#1635 = CARTESIAN_POINT('',(3.4,-1.85,1.1));
#1636 = DIRECTION('',(-1.,0.,0.));
#1637 = DIRECTION('',(0.,0.,-1.));
#1638 = ORIENTED_EDGE('',*,*,#1639,.T.);
#1639 = EDGE_CURVE('',#1631,#1640,#1642,.T.);
#1640 = VERTEX_POINT('',#1641);
#1641 = CARTESIAN_POINT('',(2.8,-2.05,1.1));
#1642 = LINE('',#1643,#1644);
#1643 = CARTESIAN_POINT('',(3.9,-2.05,1.1));
#1644 = VECTOR('',#1645,1.);
#1645 = DIRECTION('',(-1.,0.,0.));
#1646 = ORIENTED_EDGE('',*,*,#1647,.F.);
#1647 = EDGE_CURVE('',#674,#1640,#1648,.T.);
#1648 = CIRCLE('',#1649,0.2);
#1649 = AXIS2_PLACEMENT_3D('',#1650,#1651,#1652);
#1650 = CARTESIAN_POINT('',(2.8,-1.85,1.1));
#1651 = DIRECTION('',(-1.,0.,0.));
#1652 = DIRECTION('',(0.,0.,-1.));
#1653 = ORIENTED_EDGE('',*,*,#681,.T.);
#1654 = CYLINDRICAL_SURFACE('',#1655,0.2);
#1655 = AXIS2_PLACEMENT_3D('',#1656,#1657,#1658);
#1656 = CARTESIAN_POINT('',(3.1,-1.85,1.1));
#1657 = DIRECTION('',(1.,0.,0.));
#1658 = DIRECTION('',(0.,-1.,3.061616997868E-17));
#1659 = ADVANCED_FACE('',(#1660),#1687,.F.);
#1660 = FACE_BOUND('',#1661,.F.);
#1661 = EDGE_LOOP('',(#1662,#1671,#1679,#1686));
#1662 = ORIENTED_EDGE('',*,*,#1663,.T.);
#1663 = EDGE_CURVE('',#713,#1664,#1666,.T.);
#1664 = VERTEX_POINT('',#1665);
#1665 = CARTESIAN_POINT('',(-2.8,-2.05,1.1));
#1666 = CIRCLE('',#1667,0.2);
#1667 = AXIS2_PLACEMENT_3D('',#1668,#1669,#1670);
#1668 = CARTESIAN_POINT('',(-2.8,-1.85,1.1));
#1669 = DIRECTION('',(-1.,-1.626042814568E-49,-5.311058880652E-33));
#1670 = DIRECTION('',(5.311058880652E-33,8.636009130634E-82,-1.));
#1671 = ORIENTED_EDGE('',*,*,#1672,.T.);
#1672 = EDGE_CURVE('',#1664,#1673,#1675,.T.);
#1673 = VERTEX_POINT('',#1674);
#1674 = CARTESIAN_POINT('',(-3.4,-2.05,1.1));
#1675 = LINE('',#1676,#1677);
#1676 = CARTESIAN_POINT('',(3.9,-2.05,1.1));
#1677 = VECTOR('',#1678,1.);
#1678 = DIRECTION('',(-1.,0.,0.));
#1679 = ORIENTED_EDGE('',*,*,#1680,.F.);
#1680 = EDGE_CURVE('',#705,#1673,#1681,.T.);
#1681 = CIRCLE('',#1682,0.2);
#1682 = AXIS2_PLACEMENT_3D('',#1683,#1684,#1685);
#1683 = CARTESIAN_POINT('',(-3.4,-1.85,1.1));
#1684 = DIRECTION('',(-1.,-1.626042814568E-49,-5.311058880652E-33));
#1685 = DIRECTION('',(5.311058880652E-33,8.636009130634E-82,-1.));
#1686 = ORIENTED_EDGE('',*,*,#712,.T.);
#1687 = CYLINDRICAL_SURFACE('',#1688,0.2);
#1688 = AXIS2_PLACEMENT_3D('',#1689,#1690,#1691);
#1689 = CARTESIAN_POINT('',(-3.1,-1.85,1.1));
#1690 = DIRECTION('',(1.,1.626042814568E-49,5.311058880652E-33));
#1691 = DIRECTION('',(-3.038581678643E-64,-1.,3.061616997868E-17));
#1692 = ADVANCED_FACE('',(#1693),#1704,.T.);
#1693 = FACE_BOUND('',#1694,.T.);
#1694 = EDGE_LOOP('',(#1695,#1696,#1702,#1703));
#1695 = ORIENTED_EDGE('',*,*,#1149,.T.);
#1696 = ORIENTED_EDGE('',*,*,#1697,.T.);
#1697 = EDGE_CURVE('',#1142,#1203,#1698,.T.);
#1698 = LINE('',#1699,#1700);
#1699 = CARTESIAN_POINT('',(-3.1,1.85,0.9));
#1700 = VECTOR('',#1701,1.);
#1701 = DIRECTION('',(-1.,0.,0.));
#1702 = ORIENTED_EDGE('',*,*,#1220,.F.);
#1703 = ORIENTED_EDGE('',*,*,#865,.T.);
#1704 = PLANE('',#1705);
#1705 = AXIS2_PLACEMENT_3D('',#1706,#1707,#1708);
#1706 = CARTESIAN_POINT('',(-3.1,1.826194671058,0.9));
#1707 = DIRECTION('',(0.,-3.669457169989E-15,1.));
#1708 = DIRECTION('',(0.,-1.,-3.669457169989E-15));
#1709 = ADVANCED_FACE('',(#1710),#1721,.T.);
#1710 = FACE_BOUND('',#1711,.T.);
#1711 = EDGE_LOOP('',(#1712,#1713,#1719,#1720));
#1712 = ORIENTED_EDGE('',*,*,#1054,.T.);
#1713 = ORIENTED_EDGE('',*,*,#1714,.T.);
#1714 = EDGE_CURVE('',#1047,#1108,#1715,.T.);
#1715 = LINE('',#1716,#1717);
#1716 = CARTESIAN_POINT('',(3.1,1.85,0.9));
#1717 = VECTOR('',#1718,1.);
#1718 = DIRECTION('',(-1.,0.,0.));
#1719 = ORIENTED_EDGE('',*,*,#1125,.F.);
#1720 = ORIENTED_EDGE('',*,*,#858,.T.);
#1721 = PLANE('',#1722);
#1722 = AXIS2_PLACEMENT_3D('',#1723,#1724,#1725);
#1723 = CARTESIAN_POINT('',(3.1,1.826194671058,0.9));
#1724 = DIRECTION('',(0.,-3.669457169989E-15,1.));
#1725 = DIRECTION('',(0.,-1.,-3.669457169989E-15));
#1726 = ADVANCED_FACE('',(#1727),#1746,.T.);
#1727 = FACE_BOUND('',#1728,.T.);
#1728 = EDGE_LOOP('',(#1729,#1730,#1739,#1745));
#1729 = ORIENTED_EDGE('',*,*,#882,.F.);
#1730 = ORIENTED_EDGE('',*,*,#1731,.F.);
#1731 = EDGE_CURVE('',#1732,#883,#1734,.T.);
#1732 = VERTEX_POINT('',#1733);
#1733 = CARTESIAN_POINT('',(-3.4,-2.25,1.1));
#1734 = CIRCLE('',#1735,0.4);
#1735 = AXIS2_PLACEMENT_3D('',#1736,#1737,#1738);
#1736 = CARTESIAN_POINT('',(-3.4,-1.85,1.1));
#1737 = DIRECTION('',(1.,1.626042814568E-49,5.311058880652E-33));
#1738 = DIRECTION('',(1.626042814568E-49,-1.,8.636009130634E-82));
#1739 = ORIENTED_EDGE('',*,*,#1740,.F.);
#1740 = EDGE_CURVE('',#1673,#1732,#1741,.T.);
#1741 = LINE('',#1742,#1743);
#1742 = CARTESIAN_POINT('',(-3.4,-1.95,1.1));
#1743 = VECTOR('',#1744,1.);
#1744 = DIRECTION('',(-1.626042814568E-49,-1.,6.123233995737E-17));
#1745 = ORIENTED_EDGE('',*,*,#1680,.F.);
#1746 = PLANE('',#1747);
#1747 = AXIS2_PLACEMENT_3D('',#1748,#1749,#1750);
#1748 = CARTESIAN_POINT('',(-3.4,-1.85,0.7));
#1749 = DIRECTION('',(-1.,-1.626042814568E-49,-5.311058880652E-33));
#1750 = DIRECTION('',(-5.311058880652E-33,0.,1.));
#1751 = ADVANCED_FACE('',(#1752),#1763,.T.);
#1752 = FACE_BOUND('',#1753,.T.);
#1753 = EDGE_LOOP('',(#1754,#1760,#1761,#1762));
#1754 = ORIENTED_EDGE('',*,*,#1755,.T.);
#1755 = EDGE_CURVE('',#939,#883,#1756,.T.);
#1756 = LINE('',#1757,#1758);
#1757 = CARTESIAN_POINT('',(-3.1,-1.85,0.7));
#1758 = VECTOR('',#1759,1.);
#1759 = DIRECTION('',(-1.,-6.842277657836E-49,-5.311058880652E-33));
#1760 = ORIENTED_EDGE('',*,*,#900,.T.);
#1761 = ORIENTED_EDGE('',*,*,#923,.T.);
#1762 = ORIENTED_EDGE('',*,*,#946,.T.);
#1763 = PLANE('',#1764);
#1764 = AXIS2_PLACEMENT_3D('',#1765,#1766,#1767);
#1765 = CARTESIAN_POINT('',(-3.1,-1.826194671058,0.7));
#1766 = DIRECTION('',(5.311058880652E-33,-6.123233995737E-17,-1.));
#1767 = DIRECTION('',(-5.311058880652E-33,1.,-6.123233995737E-17));
#1768 = ADVANCED_FACE('',(#1769),#1788,.T.);
#1769 = FACE_BOUND('',#1770,.T.);
#1770 = EDGE_LOOP('',(#1771,#1772,#1773,#1781));
#1771 = ORIENTED_EDGE('',*,*,#938,.F.);
#1772 = ORIENTED_EDGE('',*,*,#1663,.T.);
#1773 = ORIENTED_EDGE('',*,*,#1774,.F.);
#1774 = EDGE_CURVE('',#1775,#1664,#1777,.T.);
#1775 = VERTEX_POINT('',#1776);
#1776 = CARTESIAN_POINT('',(-2.8,-2.25,1.1));
#1777 = LINE('',#1778,#1779);
#1778 = CARTESIAN_POINT('',(-2.8,-1.95,1.1));
#1779 = VECTOR('',#1780,1.);
#1780 = DIRECTION('',(1.626042814568E-49,1.,-6.123233995737E-17));
#1781 = ORIENTED_EDGE('',*,*,#1782,.F.);
#1782 = EDGE_CURVE('',#939,#1775,#1783,.T.);
#1783 = CIRCLE('',#1784,0.4);
#1784 = AXIS2_PLACEMENT_3D('',#1785,#1786,#1787);
#1785 = CARTESIAN_POINT('',(-2.8,-1.85,1.1));
#1786 = DIRECTION('',(-1.,-1.626042814568E-49,-5.311058880652E-33));
#1787 = DIRECTION('',(5.311058880652E-33,-1.734723475977E-16,-1.));
#1788 = PLANE('',#1789);
#1789 = AXIS2_PLACEMENT_3D('',#1790,#1791,#1792);
#1790 = CARTESIAN_POINT('',(-2.8,-1.85,0.9));
#1791 = DIRECTION('',(1.,1.626042814568E-49,5.311058880652E-33));
#1792 = DIRECTION('',(5.311058880652E-33,0.,-1.));
#1793 = ADVANCED_FACE('',(#1794),#1813,.T.);
#1794 = FACE_BOUND('',#1795,.T.);
#1795 = EDGE_LOOP('',(#1796,#1797,#1806,#1812));
#1796 = ORIENTED_EDGE('',*,*,#963,.F.);
#1797 = ORIENTED_EDGE('',*,*,#1798,.F.);
#1798 = EDGE_CURVE('',#1799,#964,#1801,.T.);
#1799 = VERTEX_POINT('',#1800);
#1800 = CARTESIAN_POINT('',(2.8,-2.25,1.1));
#1801 = CIRCLE('',#1802,0.4);
#1802 = AXIS2_PLACEMENT_3D('',#1803,#1804,#1805);
#1803 = CARTESIAN_POINT('',(2.8,-1.85,1.1));
#1804 = DIRECTION('',(1.,0.,0.));
#1805 = DIRECTION('',(0.,-1.,0.));
#1806 = ORIENTED_EDGE('',*,*,#1807,.F.);
#1807 = EDGE_CURVE('',#1640,#1799,#1808,.T.);
#1808 = LINE('',#1809,#1810);
#1809 = CARTESIAN_POINT('',(2.8,-1.95,1.1));
#1810 = VECTOR('',#1811,1.);
#1811 = DIRECTION('',(0.,-1.,6.123233995737E-17));
#1812 = ORIENTED_EDGE('',*,*,#1647,.F.);
#1813 = PLANE('',#1814);
#1814 = AXIS2_PLACEMENT_3D('',#1815,#1816,#1817);
#1815 = CARTESIAN_POINT('',(2.8,-1.85,0.7));
#1816 = DIRECTION('',(-1.,0.,0.));
#1817 = DIRECTION('',(0.,0.,1.));
#1818 = ADVANCED_FACE('',(#1819),#1830,.T.);
#1819 = FACE_BOUND('',#1820,.T.);
#1820 = EDGE_LOOP('',(#1821,#1827,#1828,#1829));
#1821 = ORIENTED_EDGE('',*,*,#1822,.T.);
#1822 = EDGE_CURVE('',#1020,#964,#1823,.T.);
#1823 = LINE('',#1824,#1825);
#1824 = CARTESIAN_POINT('',(3.1,-1.85,0.7));
#1825 = VECTOR('',#1826,1.);
#1826 = DIRECTION('',(-1.,0.,0.));
#1827 = ORIENTED_EDGE('',*,*,#981,.T.);
#1828 = ORIENTED_EDGE('',*,*,#1004,.T.);
#1829 = ORIENTED_EDGE('',*,*,#1027,.T.);
#1830 = PLANE('',#1831);
#1831 = AXIS2_PLACEMENT_3D('',#1832,#1833,#1834);
#1832 = CARTESIAN_POINT('',(3.1,-1.826194671058,0.7));
#1833 = DIRECTION('',(0.,-6.123233995737E-17,-1.));
#1834 = DIRECTION('',(0.,1.,-6.123233995737E-17));
#1835 = ADVANCED_FACE('',(#1836),#1855,.T.);
#1836 = FACE_BOUND('',#1837,.T.);
#1837 = EDGE_LOOP('',(#1838,#1839,#1840,#1848));
#1838 = ORIENTED_EDGE('',*,*,#1019,.F.);
#1839 = ORIENTED_EDGE('',*,*,#1630,.T.);
#1840 = ORIENTED_EDGE('',*,*,#1841,.F.);
#1841 = EDGE_CURVE('',#1842,#1631,#1844,.T.);
#1842 = VERTEX_POINT('',#1843);
#1843 = CARTESIAN_POINT('',(3.4,-2.25,1.1));
#1844 = LINE('',#1845,#1846);
#1845 = CARTESIAN_POINT('',(3.4,-1.95,1.1));
#1846 = VECTOR('',#1847,1.);
#1847 = DIRECTION('',(0.,1.,-6.123233995737E-17));
#1848 = ORIENTED_EDGE('',*,*,#1849,.F.);
#1849 = EDGE_CURVE('',#1020,#1842,#1850,.T.);
#1850 = CIRCLE('',#1851,0.4);
#1851 = AXIS2_PLACEMENT_3D('',#1852,#1853,#1854);
#1852 = CARTESIAN_POINT('',(3.4,-1.85,1.1));
#1853 = DIRECTION('',(-1.,0.,0.));
#1854 = DIRECTION('',(-0.,-1.734723475977E-16,-1.));
#1855 = PLANE('',#1856);
#1856 = AXIS2_PLACEMENT_3D('',#1857,#1858,#1859);
#1857 = CARTESIAN_POINT('',(3.4,-1.85,0.9));
#1858 = DIRECTION('',(1.,0.,0.));
#1859 = DIRECTION('',(0.,0.,-1.));
#1860 = ADVANCED_FACE('',(#1861),#1888,.T.);
#1861 = FACE_BOUND('',#1862,.T.);
#1862 = EDGE_LOOP('',(#1863,#1864,#1873,#1881));
#1863 = ORIENTED_EDGE('',*,*,#1044,.F.);
#1864 = ORIENTED_EDGE('',*,*,#1865,.F.);
#1865 = EDGE_CURVE('',#1866,#1045,#1868,.T.);
#1866 = VERTEX_POINT('',#1867);
#1867 = CARTESIAN_POINT('',(3.4,2.25,1.1));
#1868 = CIRCLE('',#1869,0.4);
#1869 = AXIS2_PLACEMENT_3D('',#1870,#1871,#1872);
#1870 = CARTESIAN_POINT('',(3.4,1.85,1.1));
#1871 = DIRECTION('',(-1.,0.,0.));
#1872 = DIRECTION('',(0.,1.,0.));
#1873 = ORIENTED_EDGE('',*,*,#1874,.F.);
#1874 = EDGE_CURVE('',#1875,#1866,#1877,.T.);
#1875 = VERTEX_POINT('',#1876);
#1876 = CARTESIAN_POINT('',(3.4,2.05,1.1));
#1877 = LINE('',#1878,#1879);
#1878 = CARTESIAN_POINT('',(3.4,1.95,1.1));
#1879 = VECTOR('',#1880,1.);
#1880 = DIRECTION('',(0.,1.,6.123233995737E-17));
#1881 = ORIENTED_EDGE('',*,*,#1882,.F.);
#1882 = EDGE_CURVE('',#1047,#1875,#1883,.T.);
#1883 = CIRCLE('',#1884,0.2);
#1884 = AXIS2_PLACEMENT_3D('',#1885,#1886,#1887);
#1885 = CARTESIAN_POINT('',(3.4,1.85,1.1));
#1886 = DIRECTION('',(1.,-0.,0.));
#1887 = DIRECTION('',(0.,2.775557561563E-15,-1.));
#1888 = PLANE('',#1889);
#1889 = AXIS2_PLACEMENT_3D('',#1890,#1891,#1892);
#1890 = CARTESIAN_POINT('',(3.4,1.85,0.7));
#1891 = DIRECTION('',(1.,0.,0.));
#1892 = DIRECTION('',(0.,0.,-1.));
#1893 = ADVANCED_FACE('',(#1894),#1905,.T.);
#1894 = FACE_BOUND('',#1895,.T.);
#1895 = EDGE_LOOP('',(#1896,#1902,#1903,#1904));
#1896 = ORIENTED_EDGE('',*,*,#1897,.T.);
#1897 = EDGE_CURVE('',#1110,#1045,#1898,.T.);
#1898 = LINE('',#1899,#1900);
#1899 = CARTESIAN_POINT('',(3.1,1.85,0.7));
#1900 = VECTOR('',#1901,1.);
#1901 = DIRECTION('',(1.,0.,0.));
#1902 = ORIENTED_EDGE('',*,*,#1069,.T.);
#1903 = ORIENTED_EDGE('',*,*,#1092,.T.);
#1904 = ORIENTED_EDGE('',*,*,#1117,.T.);
#1905 = PLANE('',#1906);
#1906 = AXIS2_PLACEMENT_3D('',#1907,#1908,#1909);
#1907 = CARTESIAN_POINT('',(3.1,1.826194671058,0.7));
#1908 = DIRECTION('',(0.,3.613946018758E-15,-1.));
#1909 = DIRECTION('',(0.,1.,3.613946018758E-15));
#1910 = ADVANCED_FACE('',(#1911),#1938,.T.);
#1911 = FACE_BOUND('',#1912,.T.);
#1912 = EDGE_LOOP('',(#1913,#1914,#1923,#1931));
#1913 = ORIENTED_EDGE('',*,*,#1107,.F.);
#1914 = ORIENTED_EDGE('',*,*,#1915,.T.);
#1915 = EDGE_CURVE('',#1108,#1916,#1918,.T.);
#1916 = VERTEX_POINT('',#1917);
#1917 = CARTESIAN_POINT('',(2.8,2.05,1.1));
#1918 = CIRCLE('',#1919,0.2);
#1919 = AXIS2_PLACEMENT_3D('',#1920,#1921,#1922);
#1920 = CARTESIAN_POINT('',(2.8,1.85,1.1));
#1921 = DIRECTION('',(1.,-0.,0.));
#1922 = DIRECTION('',(0.,2.775557561563E-15,-1.));
#1923 = ORIENTED_EDGE('',*,*,#1924,.F.);
#1924 = EDGE_CURVE('',#1925,#1916,#1927,.T.);
#1925 = VERTEX_POINT('',#1926);
#1926 = CARTESIAN_POINT('',(2.8,2.25,1.1));
#1927 = LINE('',#1928,#1929);
#1928 = CARTESIAN_POINT('',(2.8,1.95,1.1));
#1929 = VECTOR('',#1930,1.);
#1930 = DIRECTION('',(0.,-1.,-6.123233995737E-17));
#1931 = ORIENTED_EDGE('',*,*,#1932,.F.);
#1932 = EDGE_CURVE('',#1110,#1925,#1933,.T.);
#1933 = CIRCLE('',#1934,0.4);
#1934 = AXIS2_PLACEMENT_3D('',#1935,#1936,#1937);
#1935 = CARTESIAN_POINT('',(2.8,1.85,1.1));
#1936 = DIRECTION('',(1.,-0.,0.));
#1937 = DIRECTION('',(0.,4.163336342344E-15,-1.));
#1938 = PLANE('',#1939);
#1939 = AXIS2_PLACEMENT_3D('',#1940,#1941,#1942);
#1940 = CARTESIAN_POINT('',(2.8,1.85,0.9));
#1941 = DIRECTION('',(-1.,0.,0.));
#1942 = DIRECTION('',(0.,0.,1.));
#1943 = ADVANCED_FACE('',(#1944),#1971,.T.);
#1944 = FACE_BOUND('',#1945,.T.);
#1945 = EDGE_LOOP('',(#1946,#1947,#1956,#1964));
#1946 = ORIENTED_EDGE('',*,*,#1139,.F.);
#1947 = ORIENTED_EDGE('',*,*,#1948,.F.);
#1948 = EDGE_CURVE('',#1949,#1140,#1951,.T.);
#1949 = VERTEX_POINT('',#1950);
#1950 = CARTESIAN_POINT('',(-2.8,2.25,1.1));
#1951 = CIRCLE('',#1952,0.4);
#1952 = AXIS2_PLACEMENT_3D('',#1953,#1954,#1955);
#1953 = CARTESIAN_POINT('',(-2.8,1.85,1.1));
#1954 = DIRECTION('',(-1.,0.,0.));
#1955 = DIRECTION('',(0.,1.,0.));
#1956 = ORIENTED_EDGE('',*,*,#1957,.F.);
#1957 = EDGE_CURVE('',#1958,#1949,#1960,.T.);
#1958 = VERTEX_POINT('',#1959);
#1959 = CARTESIAN_POINT('',(-2.8,2.05,1.1));
#1960 = LINE('',#1961,#1962);
#1961 = CARTESIAN_POINT('',(-2.8,1.95,1.1));
#1962 = VECTOR('',#1963,1.);
#1963 = DIRECTION('',(0.,1.,6.123233995737E-17));
#1964 = ORIENTED_EDGE('',*,*,#1965,.F.);
#1965 = EDGE_CURVE('',#1142,#1958,#1966,.T.);
#1966 = CIRCLE('',#1967,0.2);
#1967 = AXIS2_PLACEMENT_3D('',#1968,#1969,#1970);
#1968 = CARTESIAN_POINT('',(-2.8,1.85,1.1));
#1969 = DIRECTION('',(1.,-0.,0.));
#1970 = DIRECTION('',(0.,2.775557561563E-15,-1.));
#1971 = PLANE('',#1972);
#1972 = AXIS2_PLACEMENT_3D('',#1973,#1974,#1975);
#1973 = CARTESIAN_POINT('',(-2.8,1.85,0.7));
#1974 = DIRECTION('',(1.,0.,0.));
#1975 = DIRECTION('',(0.,0.,-1.));
#1976 = ADVANCED_FACE('',(#1977),#1988,.T.);
#1977 = FACE_BOUND('',#1978,.T.);
#1978 = EDGE_LOOP('',(#1979,#1985,#1986,#1987));
#1979 = ORIENTED_EDGE('',*,*,#1980,.T.);
#1980 = EDGE_CURVE('',#1205,#1140,#1981,.T.);
#1981 = LINE('',#1982,#1983);
#1982 = CARTESIAN_POINT('',(-3.1,1.85,0.7));
#1983 = VECTOR('',#1984,1.);
#1984 = DIRECTION('',(1.,0.,0.));
#1985 = ORIENTED_EDGE('',*,*,#1164,.T.);
#1986 = ORIENTED_EDGE('',*,*,#1187,.T.);
#1987 = ORIENTED_EDGE('',*,*,#1212,.T.);
#1988 = PLANE('',#1989);
#1989 = AXIS2_PLACEMENT_3D('',#1990,#1991,#1992);
#1990 = CARTESIAN_POINT('',(-3.1,1.826194671058,0.7));
#1991 = DIRECTION('',(0.,3.613946018758E-15,-1.));
#1992 = DIRECTION('',(0.,1.,3.613946018758E-15));
#1993 = ADVANCED_FACE('',(#1994),#2021,.T.);
#1994 = FACE_BOUND('',#1995,.T.);
#1995 = EDGE_LOOP('',(#1996,#1997,#2006,#2014));
#1996 = ORIENTED_EDGE('',*,*,#1202,.F.);
#1997 = ORIENTED_EDGE('',*,*,#1998,.T.);
#1998 = EDGE_CURVE('',#1203,#1999,#2001,.T.);
#1999 = VERTEX_POINT('',#2000);
#2000 = CARTESIAN_POINT('',(-3.4,2.05,1.1));
#2001 = CIRCLE('',#2002,0.2);
#2002 = AXIS2_PLACEMENT_3D('',#2003,#2004,#2005);
#2003 = CARTESIAN_POINT('',(-3.4,1.85,1.1));
#2004 = DIRECTION('',(1.,-0.,0.));
#2005 = DIRECTION('',(0.,2.775557561563E-15,-1.));
#2006 = ORIENTED_EDGE('',*,*,#2007,.F.);
#2007 = EDGE_CURVE('',#2008,#1999,#2010,.T.);
#2008 = VERTEX_POINT('',#2009);
#2009 = CARTESIAN_POINT('',(-3.4,2.25,1.1));
#2010 = LINE('',#2011,#2012);
#2011 = CARTESIAN_POINT('',(-3.4,1.95,1.1));
#2012 = VECTOR('',#2013,1.);
#2013 = DIRECTION('',(0.,-1.,-6.123233995737E-17));
#2014 = ORIENTED_EDGE('',*,*,#2015,.F.);
#2015 = EDGE_CURVE('',#1205,#2008,#2016,.T.);
#2016 = CIRCLE('',#2017,0.4);
#2017 = AXIS2_PLACEMENT_3D('',#2018,#2019,#2020);
#2018 = CARTESIAN_POINT('',(-3.4,1.85,1.1));
#2019 = DIRECTION('',(1.,-0.,0.));
#2020 = DIRECTION('',(0.,4.163336342344E-15,-1.));
#2021 = PLANE('',#2022);
#2022 = AXIS2_PLACEMENT_3D('',#2023,#2024,#2025);
#2023 = CARTESIAN_POINT('',(-3.4,1.85,0.9));
#2024 = DIRECTION('',(-1.,0.,0.));
#2025 = DIRECTION('',(0.,0.,1.));
#2026 = ADVANCED_FACE('',(#2027),#2038,.T.);
#2027 = FACE_BOUND('',#2028,.T.);
#2028 = EDGE_LOOP('',(#2029,#2030,#2036,#2037));
#2029 = ORIENTED_EDGE('',*,*,#1265,.T.);
#2030 = ORIENTED_EDGE('',*,*,#2031,.T.);
#2031 = EDGE_CURVE('',#1266,#1332,#2032,.T.);
#2032 = LINE('',#2033,#2034);
#2033 = CARTESIAN_POINT('',(1.900000204239,-7.500004693865E-02,-2.4));
#2034 = VECTOR('',#2035,1.);
#2035 = DIRECTION('',(0.,-1.,-1.00929365875E-15));
#2036 = ORIENTED_EDGE('',*,*,#1331,.T.);
#2037 = ORIENTED_EDGE('',*,*,#1234,.T.);
#2038 = CYLINDRICAL_SURFACE('',#2039,0.15);
#2039 = AXIS2_PLACEMENT_3D('',#2040,#2041,#2042);
#2040 = CARTESIAN_POINT('',(1.900000204239,-7.500004693865E-02,-2.25));
#2041 = DIRECTION('',(0.,1.,1.00929365875E-15));
#2042 = DIRECTION('',(-0.707106781187,7.136783903108E-16,-0.707106781187
    ));
#2043 = ADVANCED_FACE('',(#2044),#2055,.T.);
#2044 = FACE_BOUND('',#2045,.T.);
#2045 = EDGE_LOOP('',(#2046,#2047,#2053,#2054));
#2046 = ORIENTED_EDGE('',*,*,#1348,.T.);
#2047 = ORIENTED_EDGE('',*,*,#2048,.T.);
#2048 = EDGE_CURVE('',#1341,#1285,#2049,.T.);
#2049 = LINE('',#2050,#2051);
#2050 = CARTESIAN_POINT('',(2.100000204239,7.499995306135E-02,-2.4));
#2051 = VECTOR('',#2052,1.);
#2052 = DIRECTION('',(0.,1.,1.00929365875E-15));
#2053 = ORIENTED_EDGE('',*,*,#1284,.T.);
#2054 = ORIENTED_EDGE('',*,*,#1307,.T.);
#2055 = CYLINDRICAL_SURFACE('',#2056,0.15);
#2056 = AXIS2_PLACEMENT_3D('',#2057,#2058,#2059);
#2057 = CARTESIAN_POINT('',(2.100000204239,7.499995306135E-02,-2.25));
#2058 = DIRECTION('',(0.,-1.,-1.00929365875E-15));
#2059 = DIRECTION('',(0.707106781187,7.136783903108E-16,-0.707106781187)
  );
#2060 = ADVANCED_FACE('',(#2061),#2067,.T.);
#2061 = FACE_BOUND('',#2062,.T.);
#2062 = EDGE_LOOP('',(#2063,#2064,#2065,#2066));
#2063 = ORIENTED_EDGE('',*,*,#2031,.F.);
#2064 = ORIENTED_EDGE('',*,*,#1293,.T.);
#2065 = ORIENTED_EDGE('',*,*,#2048,.F.);
#2066 = ORIENTED_EDGE('',*,*,#1340,.T.);
#2067 = PLANE('',#2068);
#2068 = AXIS2_PLACEMENT_3D('',#2069,#2070,#2071);
#2069 = CARTESIAN_POINT('',(2.000000204239,-4.693864985583E-08,-2.4));
#2070 = DIRECTION('',(0.,1.00929365875E-15,-1.));
#2071 = DIRECTION('',(-1.,0.,0.));
#2072 = ADVANCED_FACE('',(#2073),#2084,.T.);
#2073 = FACE_BOUND('',#2074,.T.);
#2074 = EDGE_LOOP('',(#2075,#2076,#2082,#2083));
#2075 = ORIENTED_EDGE('',*,*,#1397,.T.);
#2076 = ORIENTED_EDGE('',*,*,#2077,.T.);
#2077 = EDGE_CURVE('',#1398,#1464,#2078,.T.);
#2078 = LINE('',#2079,#2080);
#2079 = CARTESIAN_POINT('',(-9.999979576096E-02,-7.500004693865E-02,-2.4
    ));
#2080 = VECTOR('',#2081,1.);
#2081 = DIRECTION('',(0.,-1.,-1.00929365875E-15));
#2082 = ORIENTED_EDGE('',*,*,#1463,.T.);
#2083 = ORIENTED_EDGE('',*,*,#1366,.T.);
#2084 = CYLINDRICAL_SURFACE('',#2085,0.15);
#2085 = AXIS2_PLACEMENT_3D('',#2086,#2087,#2088);
#2086 = CARTESIAN_POINT('',(-9.999979576096E-02,-7.500004693865E-02,
    -2.25));
#2087 = DIRECTION('',(0.,1.,1.00929365875E-15));
#2088 = DIRECTION('',(-0.707106781187,7.136783903108E-16,-0.707106781187
    ));
#2089 = ADVANCED_FACE('',(#2090),#2101,.T.);
#2090 = FACE_BOUND('',#2091,.T.);
#2091 = EDGE_LOOP('',(#2092,#2093,#2099,#2100));
#2092 = ORIENTED_EDGE('',*,*,#1480,.T.);
#2093 = ORIENTED_EDGE('',*,*,#2094,.T.);
#2094 = EDGE_CURVE('',#1473,#1417,#2095,.T.);
#2095 = LINE('',#2096,#2097);
#2096 = CARTESIAN_POINT('',(0.100000204239,7.499995306135E-02,-2.4));
#2097 = VECTOR('',#2098,1.);
#2098 = DIRECTION('',(0.,1.,1.00929365875E-15));
#2099 = ORIENTED_EDGE('',*,*,#1416,.T.);
#2100 = ORIENTED_EDGE('',*,*,#1439,.T.);
#2101 = CYLINDRICAL_SURFACE('',#2102,0.15);
#2102 = AXIS2_PLACEMENT_3D('',#2103,#2104,#2105);
#2103 = CARTESIAN_POINT('',(0.100000204239,7.499995306135E-02,-2.25));
#2104 = DIRECTION('',(0.,-1.,-1.00929365875E-15));
#2105 = DIRECTION('',(0.707106781187,7.136783903108E-16,-0.707106781187)
  );
#2106 = ADVANCED_FACE('',(#2107),#2113,.T.);
#2107 = FACE_BOUND('',#2108,.T.);
#2108 = EDGE_LOOP('',(#2109,#2110,#2111,#2112));
#2109 = ORIENTED_EDGE('',*,*,#2077,.F.);
#2110 = ORIENTED_EDGE('',*,*,#1425,.T.);
#2111 = ORIENTED_EDGE('',*,*,#2094,.F.);
#2112 = ORIENTED_EDGE('',*,*,#1472,.T.);
#2113 = PLANE('',#2114);
#2114 = AXIS2_PLACEMENT_3D('',#2115,#2116,#2117);
#2115 = CARTESIAN_POINT('',(2.042390399026E-07,-4.693864985583E-08,-2.4)
  );
#2116 = DIRECTION('',(0.,1.00929365875E-15,-1.));
#2117 = DIRECTION('',(-1.,0.,0.));
#2118 = ADVANCED_FACE('',(#2119),#2130,.T.);
#2119 = FACE_BOUND('',#2120,.T.);
#2120 = EDGE_LOOP('',(#2121,#2122,#2128,#2129));
#2121 = ORIENTED_EDGE('',*,*,#1529,.T.);
#2122 = ORIENTED_EDGE('',*,*,#2123,.T.);
#2123 = EDGE_CURVE('',#1530,#1596,#2124,.T.);
#2124 = LINE('',#2125,#2126);
#2125 = CARTESIAN_POINT('',(-2.099999795761,-7.500004693865E-02,-2.4));
#2126 = VECTOR('',#2127,1.);
#2127 = DIRECTION('',(0.,-1.,-1.00929365875E-15));
#2128 = ORIENTED_EDGE('',*,*,#1595,.T.);
#2129 = ORIENTED_EDGE('',*,*,#1498,.T.);
#2130 = CYLINDRICAL_SURFACE('',#2131,0.15);
#2131 = AXIS2_PLACEMENT_3D('',#2132,#2133,#2134);
#2132 = CARTESIAN_POINT('',(-2.099999795761,-7.500004693865E-02,-2.25));
#2133 = DIRECTION('',(0.,1.,1.00929365875E-15));
#2134 = DIRECTION('',(-0.707106781187,7.136783903108E-16,-0.707106781187
    ));
#2135 = ADVANCED_FACE('',(#2136),#2147,.T.);
#2136 = FACE_BOUND('',#2137,.T.);
#2137 = EDGE_LOOP('',(#2138,#2139,#2145,#2146));
#2138 = ORIENTED_EDGE('',*,*,#1612,.T.);
#2139 = ORIENTED_EDGE('',*,*,#2140,.T.);
#2140 = EDGE_CURVE('',#1605,#1549,#2141,.T.);
#2141 = LINE('',#2142,#2143);
#2142 = CARTESIAN_POINT('',(-1.899999795761,7.499995306135E-02,-2.4));
#2143 = VECTOR('',#2144,1.);
#2144 = DIRECTION('',(0.,1.,1.00929365875E-15));
#2145 = ORIENTED_EDGE('',*,*,#1548,.T.);
#2146 = ORIENTED_EDGE('',*,*,#1571,.T.);
#2147 = CYLINDRICAL_SURFACE('',#2148,0.15);
#2148 = AXIS2_PLACEMENT_3D('',#2149,#2150,#2151);
#2149 = CARTESIAN_POINT('',(-1.899999795761,7.499995306135E-02,-2.25));
#2150 = DIRECTION('',(0.,-1.,-1.00929365875E-15));
#2151 = DIRECTION('',(0.707106781187,7.136783903108E-16,-0.707106781187)
  );
#2152 = ADVANCED_FACE('',(#2153),#2159,.T.);
#2153 = FACE_BOUND('',#2154,.T.);
#2154 = EDGE_LOOP('',(#2155,#2156,#2157,#2158));
#2155 = ORIENTED_EDGE('',*,*,#2123,.F.);
#2156 = ORIENTED_EDGE('',*,*,#1557,.T.);
#2157 = ORIENTED_EDGE('',*,*,#2140,.F.);
#2158 = ORIENTED_EDGE('',*,*,#1604,.T.);
#2159 = PLANE('',#2160);
#2160 = AXIS2_PLACEMENT_3D('',#2161,#2162,#2163);
#2161 = CARTESIAN_POINT('',(-1.999999795761,-4.693864985583E-08,-2.4));
#2162 = DIRECTION('',(0.,1.00929365875E-15,-1.));
#2163 = DIRECTION('',(-1.,0.,0.));
#2164 = ADVANCED_FACE('',(#2165),#2299,.T.);
#2165 = FACE_BOUND('',#2166,.T.);
#2166 = EDGE_LOOP('',(#2167,#2178,#2186,#2194,#2202,#2211,#2217,#2218,
    #2226,#2235,#2243,#2252,#2260,#2269,#2277,#2286,#2292,#2293));
#2167 = ORIENTED_EDGE('',*,*,#2168,.F.);
#2168 = EDGE_CURVE('',#2169,#2171,#2173,.T.);
#2169 = VERTEX_POINT('',#2170);
#2170 = CARTESIAN_POINT('',(-3.9,-2.05,1.5));
#2171 = VERTEX_POINT('',#2172);
#2172 = CARTESIAN_POINT('',(-3.5,-2.05,1.1));
#2173 = CIRCLE('',#2174,0.4);
#2174 = AXIS2_PLACEMENT_3D('',#2175,#2176,#2177);
#2175 = CARTESIAN_POINT('',(-3.5,-2.05,1.5));
#2176 = DIRECTION('',(0.,-1.,3.061616997868E-17));
#2177 = DIRECTION('',(-0.707106781187,-2.164890140589E-17,
    -0.707106781187));
#2178 = ORIENTED_EDGE('',*,*,#2179,.T.);
#2179 = EDGE_CURVE('',#2169,#2180,#2182,.T.);
#2180 = VERTEX_POINT('',#2181);
#2181 = CARTESIAN_POINT('',(-3.9,-2.05,4.4));
#2182 = LINE('',#2183,#2184);
#2183 = CARTESIAN_POINT('',(-3.9,-2.05,5.304778684234));
#2184 = VECTOR('',#2185,1.);
#2185 = DIRECTION('',(0.,0.,1.));
#2186 = ORIENTED_EDGE('',*,*,#2187,.T.);
#2187 = EDGE_CURVE('',#2180,#2188,#2190,.T.);
#2188 = VERTEX_POINT('',#2189);
#2189 = CARTESIAN_POINT('',(3.9,-2.05,4.4));
#2190 = LINE('',#2191,#2192);
#2191 = CARTESIAN_POINT('',(0.,-2.05,4.4));
#2192 = VECTOR('',#2193,1.);
#2193 = DIRECTION('',(1.,0.,0.));
#2194 = ORIENTED_EDGE('',*,*,#2195,.F.);
#2195 = EDGE_CURVE('',#2196,#2188,#2198,.T.);
#2196 = VERTEX_POINT('',#2197);
#2197 = CARTESIAN_POINT('',(3.9,-2.05,1.5));
#2198 = LINE('',#2199,#2200);
#2199 = CARTESIAN_POINT('',(3.9,-2.05,5.304778684234));
#2200 = VECTOR('',#2201,1.);
#2201 = DIRECTION('',(0.,0.,1.));
#2202 = ORIENTED_EDGE('',*,*,#2203,.F.);
#2203 = EDGE_CURVE('',#2204,#2196,#2206,.T.);
#2204 = VERTEX_POINT('',#2205);
#2205 = CARTESIAN_POINT('',(3.5,-2.05,1.1));
#2206 = CIRCLE('',#2207,0.4);
#2207 = AXIS2_PLACEMENT_3D('',#2208,#2209,#2210);
#2208 = CARTESIAN_POINT('',(3.5,-2.05,1.5));
#2209 = DIRECTION('',(0.,-1.,3.061616997868E-17));
#2210 = DIRECTION('',(0.707106781187,-2.164890140589E-17,-0.707106781187
    ));
#2211 = ORIENTED_EDGE('',*,*,#2212,.T.);
#2212 = EDGE_CURVE('',#2204,#1631,#2213,.T.);
#2213 = LINE('',#2214,#2215);
#2214 = CARTESIAN_POINT('',(3.9,-2.05,1.1));
#2215 = VECTOR('',#2216,1.);
#2216 = DIRECTION('',(-1.,0.,0.));
#2217 = ORIENTED_EDGE('',*,*,#1639,.T.);
#2218 = ORIENTED_EDGE('',*,*,#2219,.T.);
#2219 = EDGE_CURVE('',#1640,#2220,#2222,.T.);
#2220 = VERTEX_POINT('',#2221);
#2221 = CARTESIAN_POINT('',(2.45,-2.05,1.1));
#2222 = LINE('',#2223,#2224);
#2223 = CARTESIAN_POINT('',(3.9,-2.05,1.1));
#2224 = VECTOR('',#2225,1.);
#2225 = DIRECTION('',(-1.,0.,0.));
#2226 = ORIENTED_EDGE('',*,*,#2227,.F.);
#2227 = EDGE_CURVE('',#2228,#2220,#2230,.T.);
#2228 = VERTEX_POINT('',#2229);
#2229 = CARTESIAN_POINT('',(2.05,-2.05,1.5));
#2230 = CIRCLE('',#2231,0.4);
#2231 = AXIS2_PLACEMENT_3D('',#2232,#2233,#2234);
#2232 = CARTESIAN_POINT('',(2.45,-2.05,1.5));
#2233 = DIRECTION('',(0.,-1.,3.061616997868E-17));
#2234 = DIRECTION('',(-0.707106781187,-2.164890140589E-17,
    -0.707106781187));
#2235 = ORIENTED_EDGE('',*,*,#2236,.T.);
#2236 = EDGE_CURVE('',#2228,#2237,#2239,.T.);
#2237 = VERTEX_POINT('',#2238);
#2238 = CARTESIAN_POINT('',(2.05,-2.05,3.4));
#2239 = LINE('',#2240,#2241);
#2240 = CARTESIAN_POINT('',(2.05,-2.05,3.388097335529));
#2241 = VECTOR('',#2242,1.);
#2242 = DIRECTION('',(-1.110223024625E-15,3.061616997868E-17,1.));
#2243 = ORIENTED_EDGE('',*,*,#2244,.F.);
#2244 = EDGE_CURVE('',#2245,#2237,#2247,.T.);
#2245 = VERTEX_POINT('',#2246);
#2246 = CARTESIAN_POINT('',(1.65,-2.05,3.8));
#2247 = CIRCLE('',#2248,0.4);
#2248 = AXIS2_PLACEMENT_3D('',#2249,#2250,#2251);
#2249 = CARTESIAN_POINT('',(1.65,-2.05,3.4));
#2250 = DIRECTION('',(0.,1.,-3.061616997868E-17));
#2251 = DIRECTION('',(0.707106781187,2.164890140589E-17,0.707106781187)
  );
#2252 = ORIENTED_EDGE('',*,*,#2253,.T.);
#2253 = EDGE_CURVE('',#2245,#2254,#2256,.T.);
#2254 = VERTEX_POINT('',#2255);
#2255 = CARTESIAN_POINT('',(-1.65,-2.05,3.8));
#2256 = LINE('',#2257,#2258);
#2257 = CARTESIAN_POINT('',(-1.025,-2.05,3.8));
#2258 = VECTOR('',#2259,1.);
#2259 = DIRECTION('',(-1.,0.,0.));
#2260 = ORIENTED_EDGE('',*,*,#2261,.F.);
#2261 = EDGE_CURVE('',#2262,#2254,#2264,.T.);
#2262 = VERTEX_POINT('',#2263);
#2263 = CARTESIAN_POINT('',(-2.05,-2.05,3.4));
#2264 = CIRCLE('',#2265,0.4);
#2265 = AXIS2_PLACEMENT_3D('',#2266,#2267,#2268);
#2266 = CARTESIAN_POINT('',(-1.65,-2.05,3.4));
#2267 = DIRECTION('',(0.,1.,-3.061616997868E-17));
#2268 = DIRECTION('',(-0.707106781187,2.164890140589E-17,0.707106781187)
  );
#2269 = ORIENTED_EDGE('',*,*,#2270,.T.);
#2270 = EDGE_CURVE('',#2262,#2271,#2273,.T.);
#2271 = VERTEX_POINT('',#2272);
#2272 = CARTESIAN_POINT('',(-2.05,-2.05,1.5));
#2273 = LINE('',#2274,#2275);
#2274 = CARTESIAN_POINT('',(-2.05,-2.05,2.038097335529));
#2275 = VECTOR('',#2276,1.);
#2276 = DIRECTION('',(-1.249000902703E-15,-3.061616997868E-17,-1.));
#2277 = ORIENTED_EDGE('',*,*,#2278,.F.);
#2278 = EDGE_CURVE('',#2279,#2271,#2281,.T.);
#2279 = VERTEX_POINT('',#2280);
#2280 = CARTESIAN_POINT('',(-2.45,-2.05,1.1));
#2281 = CIRCLE('',#2282,0.4);
#2282 = AXIS2_PLACEMENT_3D('',#2283,#2284,#2285);
#2283 = CARTESIAN_POINT('',(-2.45,-2.05,1.5));
#2284 = DIRECTION('',(0.,-1.,3.061616997868E-17));
#2285 = DIRECTION('',(0.707106781187,-2.164890140589E-17,-0.707106781187
    ));
#2286 = ORIENTED_EDGE('',*,*,#2287,.T.);
#2287 = EDGE_CURVE('',#2279,#1664,#2288,.T.);
#2288 = LINE('',#2289,#2290);
#2289 = CARTESIAN_POINT('',(3.9,-2.05,1.1));
#2290 = VECTOR('',#2291,1.);
#2291 = DIRECTION('',(-1.,0.,0.));
#2292 = ORIENTED_EDGE('',*,*,#1672,.T.);
#2293 = ORIENTED_EDGE('',*,*,#2294,.T.);
#2294 = EDGE_CURVE('',#1673,#2171,#2295,.T.);
#2295 = LINE('',#2296,#2297);
#2296 = CARTESIAN_POINT('',(3.9,-2.05,1.1));
#2297 = VECTOR('',#2298,1.);
#2298 = DIRECTION('',(-1.,0.,0.));
#2299 = PLANE('',#2300);
#2300 = AXIS2_PLACEMENT_3D('',#2301,#2302,#2303);
#2301 = CARTESIAN_POINT('',(0.,-2.05,2.976194671058));
#2302 = DIRECTION('',(0.,1.,-3.061616997868E-17));
#2303 = DIRECTION('',(-1.,0.,0.));
#2304 = ADVANCED_FACE('',(#2305),#2316,.F.);
#2305 = FACE_BOUND('',#2306,.F.);
#2306 = EDGE_LOOP('',(#2307,#2308,#2314,#2315));
#2307 = ORIENTED_EDGE('',*,*,#1998,.T.);
#2308 = ORIENTED_EDGE('',*,*,#2309,.T.);
#2309 = EDGE_CURVE('',#1999,#1958,#2310,.T.);
#2310 = LINE('',#2311,#2312);
#2311 = CARTESIAN_POINT('',(-3.9,2.05,1.1));
#2312 = VECTOR('',#2313,1.);
#2313 = DIRECTION('',(1.,0.,0.));
#2314 = ORIENTED_EDGE('',*,*,#1965,.F.);
#2315 = ORIENTED_EDGE('',*,*,#1697,.T.);
#2316 = CYLINDRICAL_SURFACE('',#2317,0.2);
#2317 = AXIS2_PLACEMENT_3D('',#2318,#2319,#2320);
#2318 = CARTESIAN_POINT('',(-3.1,1.85,1.1));
#2319 = DIRECTION('',(-1.,0.,0.));
#2320 = DIRECTION('',(0.,1.,3.061616997868E-17));
#2321 = ADVANCED_FACE('',(#2322),#2333,.F.);
#2322 = FACE_BOUND('',#2323,.F.);
#2323 = EDGE_LOOP('',(#2324,#2325,#2331,#2332));
#2324 = ORIENTED_EDGE('',*,*,#1915,.T.);
#2325 = ORIENTED_EDGE('',*,*,#2326,.T.);
#2326 = EDGE_CURVE('',#1916,#1875,#2327,.T.);
#2327 = LINE('',#2328,#2329);
#2328 = CARTESIAN_POINT('',(-3.9,2.05,1.1));
#2329 = VECTOR('',#2330,1.);
#2330 = DIRECTION('',(1.,0.,0.));
#2331 = ORIENTED_EDGE('',*,*,#1882,.F.);
#2332 = ORIENTED_EDGE('',*,*,#1714,.T.);
#2333 = CYLINDRICAL_SURFACE('',#2334,0.2);
#2334 = AXIS2_PLACEMENT_3D('',#2335,#2336,#2337);
#2335 = CARTESIAN_POINT('',(3.1,1.85,1.1));
#2336 = DIRECTION('',(-1.,0.,0.));
#2337 = DIRECTION('',(0.,1.,3.061616997868E-17));
#2338 = ADVANCED_FACE('',(#2339),#2350,.T.);
#2339 = FACE_BOUND('',#2340,.T.);
#2340 = EDGE_LOOP('',(#2341,#2342,#2343,#2349));
#2341 = ORIENTED_EDGE('',*,*,#1755,.F.);
#2342 = ORIENTED_EDGE('',*,*,#1782,.T.);
#2343 = ORIENTED_EDGE('',*,*,#2344,.F.);
#2344 = EDGE_CURVE('',#1732,#1775,#2345,.T.);
#2345 = LINE('',#2346,#2347);
#2346 = CARTESIAN_POINT('',(3.9,-2.25,1.1));
#2347 = VECTOR('',#2348,1.);
#2348 = DIRECTION('',(1.,0.,0.));
#2349 = ORIENTED_EDGE('',*,*,#1731,.T.);
#2350 = CYLINDRICAL_SURFACE('',#2351,0.4);
#2351 = AXIS2_PLACEMENT_3D('',#2352,#2353,#2354);
#2352 = CARTESIAN_POINT('',(-3.1,-1.85,1.1));
#2353 = DIRECTION('',(1.,1.626042814568E-49,5.311058880652E-33));
#2354 = DIRECTION('',(-3.038581678643E-64,-1.,3.061616997868E-17));
#2355 = ADVANCED_FACE('',(#2356),#2374,.T.);
#2356 = FACE_BOUND('',#2357,.T.);
#2357 = EDGE_LOOP('',(#2358,#2366,#2367,#2368));
#2358 = ORIENTED_EDGE('',*,*,#2359,.F.);
#2359 = EDGE_CURVE('',#2171,#2360,#2362,.T.);
#2360 = VERTEX_POINT('',#2361);
#2361 = CARTESIAN_POINT('',(-3.5,-2.25,1.1));
#2362 = LINE('',#2363,#2364);
#2363 = CARTESIAN_POINT('',(-3.5,-2.05,1.1));
#2364 = VECTOR('',#2365,1.);
#2365 = DIRECTION('',(0.,-1.,6.123233995737E-17));
#2366 = ORIENTED_EDGE('',*,*,#2294,.F.);
#2367 = ORIENTED_EDGE('',*,*,#1740,.T.);
#2368 = ORIENTED_EDGE('',*,*,#2369,.F.);
#2369 = EDGE_CURVE('',#2360,#1732,#2370,.T.);
#2370 = LINE('',#2371,#2372);
#2371 = CARTESIAN_POINT('',(3.9,-2.25,1.1));
#2372 = VECTOR('',#2373,1.);
#2373 = DIRECTION('',(1.,0.,0.));
#2374 = PLANE('',#2375);
#2375 = AXIS2_PLACEMENT_3D('',#2376,#2377,#2378);
#2376 = CARTESIAN_POINT('',(-3.9,-2.05,1.1));
#2377 = DIRECTION('',(0.,-6.123233995737E-17,-1.));
#2378 = DIRECTION('',(1.,0.,0.));
#2379 = ADVANCED_FACE('',(#2380),#2398,.T.);
#2380 = FACE_BOUND('',#2381,.T.);
#2381 = EDGE_LOOP('',(#2382,#2390,#2396,#2397));
#2382 = ORIENTED_EDGE('',*,*,#2383,.F.);
#2383 = EDGE_CURVE('',#2384,#2279,#2386,.T.);
#2384 = VERTEX_POINT('',#2385);
#2385 = CARTESIAN_POINT('',(-2.45,-2.25,1.1));
#2386 = LINE('',#2387,#2388);
#2387 = CARTESIAN_POINT('',(-2.45,-2.15,1.1));
#2388 = VECTOR('',#2389,1.);
#2389 = DIRECTION('',(-7.647924788139E-32,1.,-6.123233995737E-17));
#2390 = ORIENTED_EDGE('',*,*,#2391,.F.);
#2391 = EDGE_CURVE('',#1775,#2384,#2392,.T.);
#2392 = LINE('',#2393,#2394);
#2393 = CARTESIAN_POINT('',(3.9,-2.25,1.1));
#2394 = VECTOR('',#2395,1.);
#2395 = DIRECTION('',(1.,0.,0.));
#2396 = ORIENTED_EDGE('',*,*,#1774,.T.);
#2397 = ORIENTED_EDGE('',*,*,#2287,.F.);
#2398 = PLANE('',#2399);
#2399 = AXIS2_PLACEMENT_3D('',#2400,#2401,#2402);
#2400 = CARTESIAN_POINT('',(-3.9,-2.05,1.1));
#2401 = DIRECTION('',(0.,-6.123233995737E-17,-1.));
#2402 = DIRECTION('',(1.,0.,0.));
#2403 = ADVANCED_FACE('',(#2404),#2415,.T.);
#2404 = FACE_BOUND('',#2405,.T.);
#2405 = EDGE_LOOP('',(#2406,#2407,#2408,#2414));
#2406 = ORIENTED_EDGE('',*,*,#1822,.F.);
#2407 = ORIENTED_EDGE('',*,*,#1849,.T.);
#2408 = ORIENTED_EDGE('',*,*,#2409,.F.);
#2409 = EDGE_CURVE('',#1799,#1842,#2410,.T.);
#2410 = LINE('',#2411,#2412);
#2411 = CARTESIAN_POINT('',(3.9,-2.25,1.1));
#2412 = VECTOR('',#2413,1.);
#2413 = DIRECTION('',(1.,0.,0.));
#2414 = ORIENTED_EDGE('',*,*,#1798,.T.);
#2415 = CYLINDRICAL_SURFACE('',#2416,0.4);
#2416 = AXIS2_PLACEMENT_3D('',#2417,#2418,#2419);
#2417 = CARTESIAN_POINT('',(3.1,-1.85,1.1));
#2418 = DIRECTION('',(1.,0.,0.));
#2419 = DIRECTION('',(0.,-1.,3.061616997868E-17));
#2420 = ADVANCED_FACE('',(#2421),#2439,.T.);
#2421 = FACE_BOUND('',#2422,.T.);
#2422 = EDGE_LOOP('',(#2423,#2431,#2432,#2433));
#2423 = ORIENTED_EDGE('',*,*,#2424,.F.);
#2424 = EDGE_CURVE('',#2220,#2425,#2427,.T.);
#2425 = VERTEX_POINT('',#2426);
#2426 = CARTESIAN_POINT('',(2.45,-2.25,1.1));
#2427 = LINE('',#2428,#2429);
#2428 = CARTESIAN_POINT('',(2.45,-2.15,1.1));
#2429 = VECTOR('',#2430,1.);
#2430 = DIRECTION('',(-6.798155367234E-32,-1.,6.123233995737E-17));
#2431 = ORIENTED_EDGE('',*,*,#2219,.F.);
#2432 = ORIENTED_EDGE('',*,*,#1807,.T.);
#2433 = ORIENTED_EDGE('',*,*,#2434,.F.);
#2434 = EDGE_CURVE('',#2425,#1799,#2435,.T.);
#2435 = LINE('',#2436,#2437);
#2436 = CARTESIAN_POINT('',(3.9,-2.25,1.1));
#2437 = VECTOR('',#2438,1.);
#2438 = DIRECTION('',(1.,0.,0.));
#2439 = PLANE('',#2440);
#2440 = AXIS2_PLACEMENT_3D('',#2441,#2442,#2443);
#2441 = CARTESIAN_POINT('',(-3.9,-2.05,1.1));
#2442 = DIRECTION('',(0.,-6.123233995737E-17,-1.));
#2443 = DIRECTION('',(1.,0.,0.));
#2444 = ADVANCED_FACE('',(#2445),#2463,.T.);
#2445 = FACE_BOUND('',#2446,.T.);
#2446 = EDGE_LOOP('',(#2447,#2455,#2461,#2462));
#2447 = ORIENTED_EDGE('',*,*,#2448,.F.);
#2448 = EDGE_CURVE('',#2449,#2204,#2451,.T.);
#2449 = VERTEX_POINT('',#2450);
#2450 = CARTESIAN_POINT('',(3.5,-2.25,1.1));
#2451 = LINE('',#2452,#2453);
#2452 = CARTESIAN_POINT('',(3.5,-2.05,1.1));
#2453 = VECTOR('',#2454,1.);
#2454 = DIRECTION('',(0.,1.,-6.123233995737E-17));
#2455 = ORIENTED_EDGE('',*,*,#2456,.F.);
#2456 = EDGE_CURVE('',#1842,#2449,#2457,.T.);
#2457 = LINE('',#2458,#2459);
#2458 = CARTESIAN_POINT('',(3.9,-2.25,1.1));
#2459 = VECTOR('',#2460,1.);
#2460 = DIRECTION('',(1.,0.,0.));
#2461 = ORIENTED_EDGE('',*,*,#1841,.T.);
#2462 = ORIENTED_EDGE('',*,*,#2212,.F.);
#2463 = PLANE('',#2464);
#2464 = AXIS2_PLACEMENT_3D('',#2465,#2466,#2467);
#2465 = CARTESIAN_POINT('',(-3.9,-2.05,1.1));
#2466 = DIRECTION('',(0.,-6.123233995737E-17,-1.));
#2467 = DIRECTION('',(1.,0.,0.));
#2468 = ADVANCED_FACE('',(#2469),#2480,.T.);
#2469 = FACE_BOUND('',#2470,.T.);
#2470 = EDGE_LOOP('',(#2471,#2472,#2473,#2479));
#2471 = ORIENTED_EDGE('',*,*,#1897,.F.);
#2472 = ORIENTED_EDGE('',*,*,#1932,.T.);
#2473 = ORIENTED_EDGE('',*,*,#2474,.F.);
#2474 = EDGE_CURVE('',#1866,#1925,#2475,.T.);
#2475 = LINE('',#2476,#2477);
#2476 = CARTESIAN_POINT('',(-3.9,2.25,1.1));
#2477 = VECTOR('',#2478,1.);
#2478 = DIRECTION('',(-1.,0.,0.));
#2479 = ORIENTED_EDGE('',*,*,#1865,.T.);
#2480 = CYLINDRICAL_SURFACE('',#2481,0.4);
#2481 = AXIS2_PLACEMENT_3D('',#2482,#2483,#2484);
#2482 = CARTESIAN_POINT('',(3.1,1.85,1.1));
#2483 = DIRECTION('',(-1.,0.,0.));
#2484 = DIRECTION('',(0.,1.,3.061616997868E-17));
#2485 = ADVANCED_FACE('',(#2486),#2511,.T.);
#2486 = FACE_BOUND('',#2487,.T.);
#2487 = EDGE_LOOP('',(#2488,#2498,#2504,#2505));
#2488 = ORIENTED_EDGE('',*,*,#2489,.F.);
#2489 = EDGE_CURVE('',#2490,#2492,#2494,.T.);
#2490 = VERTEX_POINT('',#2491);
#2491 = CARTESIAN_POINT('',(3.5,2.05,1.1));
#2492 = VERTEX_POINT('',#2493);
#2493 = CARTESIAN_POINT('',(3.5,2.25,1.1));
#2494 = LINE('',#2495,#2496);
#2495 = CARTESIAN_POINT('',(3.5,2.05,1.1));
#2496 = VECTOR('',#2497,1.);
#2497 = DIRECTION('',(0.,1.,6.123233995737E-17));
#2498 = ORIENTED_EDGE('',*,*,#2499,.F.);
#2499 = EDGE_CURVE('',#1875,#2490,#2500,.T.);
#2500 = LINE('',#2501,#2502);
#2501 = CARTESIAN_POINT('',(-3.9,2.05,1.1));
#2502 = VECTOR('',#2503,1.);
#2503 = DIRECTION('',(1.,0.,0.));
#2504 = ORIENTED_EDGE('',*,*,#1874,.T.);
#2505 = ORIENTED_EDGE('',*,*,#2506,.F.);
#2506 = EDGE_CURVE('',#2492,#1866,#2507,.T.);
#2507 = LINE('',#2508,#2509);
#2508 = CARTESIAN_POINT('',(-3.9,2.25,1.1));
#2509 = VECTOR('',#2510,1.);
#2510 = DIRECTION('',(-1.,0.,0.));
#2511 = PLANE('',#2512);
#2512 = AXIS2_PLACEMENT_3D('',#2513,#2514,#2515);
#2513 = CARTESIAN_POINT('',(3.9,2.05,1.1));
#2514 = DIRECTION('',(0.,6.123233995737E-17,-1.));
#2515 = DIRECTION('',(-1.,0.,0.));
#2516 = ADVANCED_FACE('',(#2517),#2533,.T.);
#2517 = FACE_BOUND('',#2518,.T.);
#2518 = EDGE_LOOP('',(#2519,#2520,#2526,#2527));
#2519 = ORIENTED_EDGE('',*,*,#1924,.T.);
#2520 = ORIENTED_EDGE('',*,*,#2521,.F.);
#2521 = EDGE_CURVE('',#1958,#1916,#2522,.T.);
#2522 = LINE('',#2523,#2524);
#2523 = CARTESIAN_POINT('',(-3.9,2.05,1.1));
#2524 = VECTOR('',#2525,1.);
#2525 = DIRECTION('',(1.,0.,0.));
#2526 = ORIENTED_EDGE('',*,*,#1957,.T.);
#2527 = ORIENTED_EDGE('',*,*,#2528,.F.);
#2528 = EDGE_CURVE('',#1925,#1949,#2529,.T.);
#2529 = LINE('',#2530,#2531);
#2530 = CARTESIAN_POINT('',(-3.9,2.25,1.1));
#2531 = VECTOR('',#2532,1.);
#2532 = DIRECTION('',(-1.,0.,0.));
#2533 = PLANE('',#2534);
#2534 = AXIS2_PLACEMENT_3D('',#2535,#2536,#2537);
#2535 = CARTESIAN_POINT('',(3.9,2.05,1.1));
#2536 = DIRECTION('',(0.,6.123233995737E-17,-1.));
#2537 = DIRECTION('',(-1.,0.,0.));
#2538 = ADVANCED_FACE('',(#2539),#2550,.T.);
#2539 = FACE_BOUND('',#2540,.T.);
#2540 = EDGE_LOOP('',(#2541,#2542,#2543,#2549));
#2541 = ORIENTED_EDGE('',*,*,#1980,.F.);
#2542 = ORIENTED_EDGE('',*,*,#2015,.T.);
#2543 = ORIENTED_EDGE('',*,*,#2544,.F.);
#2544 = EDGE_CURVE('',#1949,#2008,#2545,.T.);
#2545 = LINE('',#2546,#2547);
#2546 = CARTESIAN_POINT('',(-3.9,2.25,1.1));
#2547 = VECTOR('',#2548,1.);
#2548 = DIRECTION('',(-1.,0.,0.));
#2549 = ORIENTED_EDGE('',*,*,#1948,.T.);
#2550 = CYLINDRICAL_SURFACE('',#2551,0.4);
#2551 = AXIS2_PLACEMENT_3D('',#2552,#2553,#2554);
#2552 = CARTESIAN_POINT('',(-3.1,1.85,1.1));
#2553 = DIRECTION('',(-1.,0.,0.));
#2554 = DIRECTION('',(0.,1.,3.061616997868E-17));
#2555 = ADVANCED_FACE('',(#2556),#2581,.T.);
#2556 = FACE_BOUND('',#2557,.T.);
#2557 = EDGE_LOOP('',(#2558,#2568,#2574,#2575));
#2558 = ORIENTED_EDGE('',*,*,#2559,.F.);
#2559 = EDGE_CURVE('',#2560,#2562,#2564,.T.);
#2560 = VERTEX_POINT('',#2561);
#2561 = CARTESIAN_POINT('',(-3.5,2.25,1.1));
#2562 = VERTEX_POINT('',#2563);
#2563 = CARTESIAN_POINT('',(-3.5,2.05,1.1));
#2564 = LINE('',#2565,#2566);
#2565 = CARTESIAN_POINT('',(-3.5,2.05,1.1));
#2566 = VECTOR('',#2567,1.);
#2567 = DIRECTION('',(0.,-1.,-6.123233995737E-17));
#2568 = ORIENTED_EDGE('',*,*,#2569,.F.);
#2569 = EDGE_CURVE('',#2008,#2560,#2570,.T.);
#2570 = LINE('',#2571,#2572);
#2571 = CARTESIAN_POINT('',(-3.9,2.25,1.1));
#2572 = VECTOR('',#2573,1.);
#2573 = DIRECTION('',(-1.,0.,0.));
#2574 = ORIENTED_EDGE('',*,*,#2007,.T.);
#2575 = ORIENTED_EDGE('',*,*,#2576,.F.);
#2576 = EDGE_CURVE('',#2562,#1999,#2577,.T.);
#2577 = LINE('',#2578,#2579);
#2578 = CARTESIAN_POINT('',(-3.9,2.05,1.1));
#2579 = VECTOR('',#2580,1.);
#2580 = DIRECTION('',(1.,0.,0.));
#2581 = PLANE('',#2582);
#2582 = AXIS2_PLACEMENT_3D('',#2583,#2584,#2585);
#2583 = CARTESIAN_POINT('',(3.9,2.05,1.1));
#2584 = DIRECTION('',(0.,6.123233995737E-17,-1.));
#2585 = DIRECTION('',(-1.,0.,0.));
#2586 = ADVANCED_FACE('',(#2587),#2606,.T.);
#2587 = FACE_BOUND('',#2588,.T.);
#2588 = EDGE_LOOP('',(#2589,#2598,#2604,#2605));
#2589 = ORIENTED_EDGE('',*,*,#2590,.T.);
#2590 = EDGE_CURVE('',#2360,#2591,#2593,.T.);
#2591 = VERTEX_POINT('',#2592);
#2592 = CARTESIAN_POINT('',(-3.9,-2.25,1.5));
#2593 = CIRCLE('',#2594,0.4);
#2594 = AXIS2_PLACEMENT_3D('',#2595,#2596,#2597);
#2595 = CARTESIAN_POINT('',(-3.5,-2.25,1.5));
#2596 = DIRECTION('',(0.,1.,-6.123233995737E-17));
#2597 = DIRECTION('',(-0.707106781187,-4.329780281177E-17,
    -0.707106781187));
#2598 = ORIENTED_EDGE('',*,*,#2599,.T.);
#2599 = EDGE_CURVE('',#2591,#2169,#2600,.T.);
#2600 = LINE('',#2601,#2602);
#2601 = CARTESIAN_POINT('',(-3.9,-2.05,1.5));
#2602 = VECTOR('',#2603,1.);
#2603 = DIRECTION('',(0.,1.,-6.123233995737E-17));
#2604 = ORIENTED_EDGE('',*,*,#2168,.T.);
#2605 = ORIENTED_EDGE('',*,*,#2359,.T.);
#2606 = CYLINDRICAL_SURFACE('',#2607,0.4);
#2607 = AXIS2_PLACEMENT_3D('',#2608,#2609,#2610);
#2608 = CARTESIAN_POINT('',(-3.5,-2.05,1.5));
#2609 = DIRECTION('',(0.,-1.,6.123233995737E-17));
#2610 = DIRECTION('',(-0.707106781187,-4.329780281177E-17,
    -0.707106781187));
#2611 = ADVANCED_FACE('',(#2612),#2630,.T.);
#2612 = FACE_BOUND('',#2613,.T.);
#2613 = EDGE_LOOP('',(#2614,#2615,#2623,#2629));
#2614 = ORIENTED_EDGE('',*,*,#2599,.F.);
#2615 = ORIENTED_EDGE('',*,*,#2616,.F.);
#2616 = EDGE_CURVE('',#2617,#2591,#2619,.T.);
#2617 = VERTEX_POINT('',#2618);
#2618 = CARTESIAN_POINT('',(-3.9,-2.25,4.4));
#2619 = LINE('',#2620,#2621);
#2620 = CARTESIAN_POINT('',(-3.9,-2.25,5.304778684234));
#2621 = VECTOR('',#2622,1.);
#2622 = DIRECTION('',(0.,0.,-1.));
#2623 = ORIENTED_EDGE('',*,*,#2624,.T.);
#2624 = EDGE_CURVE('',#2617,#2180,#2625,.T.);
#2625 = LINE('',#2626,#2627);
#2626 = CARTESIAN_POINT('',(-3.9,-2.094,4.4));
#2627 = VECTOR('',#2628,1.);
#2628 = DIRECTION('',(0.,1.,-6.123233995737E-17));
#2629 = ORIENTED_EDGE('',*,*,#2179,.F.);
#2630 = PLANE('',#2631);
#2631 = AXIS2_PLACEMENT_3D('',#2632,#2633,#2634);
#2632 = CARTESIAN_POINT('',(-3.9,-2.05,4.852389342117));
#2633 = DIRECTION('',(-1.,0.,0.));
#2634 = DIRECTION('',(0.,1.232595164408E-32,-1.));
#2635 = ADVANCED_FACE('',(#2636),#2663,.F.);
#2636 = FACE_BOUND('',#2637,.F.);
#2637 = EDGE_LOOP('',(#2638,#2647,#2655,#2662));
#2638 = ORIENTED_EDGE('',*,*,#2639,.T.);
#2639 = EDGE_CURVE('',#2188,#2640,#2642,.T.);
#2640 = VERTEX_POINT('',#2641);
#2641 = CARTESIAN_POINT('',(3.9,-1.85,4.6));
#2642 = CIRCLE('',#2643,0.2);
#2643 = AXIS2_PLACEMENT_3D('',#2644,#2645,#2646);
#2644 = CARTESIAN_POINT('',(3.9,-1.85,4.4));
#2645 = DIRECTION('',(-1.,0.,0.));
#2646 = DIRECTION('',(0.,-1.,0.));
#2647 = ORIENTED_EDGE('',*,*,#2648,.T.);
#2648 = EDGE_CURVE('',#2640,#2649,#2651,.T.);
#2649 = VERTEX_POINT('',#2650);
#2650 = CARTESIAN_POINT('',(-3.9,-1.85,4.6));
#2651 = LINE('',#2652,#2653);
#2652 = CARTESIAN_POINT('',(1.95,-1.85,4.6));
#2653 = VECTOR('',#2654,1.);
#2654 = DIRECTION('',(-1.,0.,0.));
#2655 = ORIENTED_EDGE('',*,*,#2656,.F.);
#2656 = EDGE_CURVE('',#2180,#2649,#2657,.T.);
#2657 = CIRCLE('',#2658,0.2);
#2658 = AXIS2_PLACEMENT_3D('',#2659,#2660,#2661);
#2659 = CARTESIAN_POINT('',(-3.9,-1.85,4.4));
#2660 = DIRECTION('',(-1.,0.,0.));
#2661 = DIRECTION('',(0.,-1.,0.));
#2662 = ORIENTED_EDGE('',*,*,#2187,.T.);
#2663 = CYLINDRICAL_SURFACE('',#2664,0.2);
#2664 = AXIS2_PLACEMENT_3D('',#2665,#2666,#2667);
#2665 = CARTESIAN_POINT('',(0.,-1.85,4.4));
#2666 = DIRECTION('',(1.,0.,0.));
#2667 = DIRECTION('',(0.,0.,1.));
#2668 = ADVANCED_FACE('',(#2669),#2694,.T.);
#2669 = FACE_BOUND('',#2670,.T.);
#2670 = EDGE_LOOP('',(#2671,#2679,#2680,#2688));
#2671 = ORIENTED_EDGE('',*,*,#2672,.F.);
#2672 = EDGE_CURVE('',#2196,#2673,#2675,.T.);
#2673 = VERTEX_POINT('',#2674);
#2674 = CARTESIAN_POINT('',(3.9,-2.25,1.5));
#2675 = LINE('',#2676,#2677);
#2676 = CARTESIAN_POINT('',(3.9,-2.05,1.5));
#2677 = VECTOR('',#2678,1.);
#2678 = DIRECTION('',(0.,-1.,6.123233995737E-17));
#2679 = ORIENTED_EDGE('',*,*,#2195,.T.);
#2680 = ORIENTED_EDGE('',*,*,#2681,.T.);
#2681 = EDGE_CURVE('',#2188,#2682,#2684,.T.);
#2682 = VERTEX_POINT('',#2683);
#2683 = CARTESIAN_POINT('',(3.9,-2.25,4.4));
#2684 = LINE('',#2685,#2686);
#2685 = CARTESIAN_POINT('',(3.9,-2.094,4.4));
#2686 = VECTOR('',#2687,1.);
#2687 = DIRECTION('',(0.,-1.,6.123233995737E-17));
#2688 = ORIENTED_EDGE('',*,*,#2689,.F.);
#2689 = EDGE_CURVE('',#2673,#2682,#2690,.T.);
#2690 = LINE('',#2691,#2692);
#2691 = CARTESIAN_POINT('',(3.9,-2.25,4.4));
#2692 = VECTOR('',#2693,1.);
#2693 = DIRECTION('',(0.,6.123233995737E-17,1.));
#2694 = PLANE('',#2695);
#2695 = AXIS2_PLACEMENT_3D('',#2696,#2697,#2698);
#2696 = CARTESIAN_POINT('',(3.9,-2.05,1.1));
#2697 = DIRECTION('',(1.,0.,0.));
#2698 = DIRECTION('',(0.,6.123233995737E-17,1.));
#2699 = ADVANCED_FACE('',(#2700),#2712,.T.);
#2700 = FACE_BOUND('',#2701,.T.);
#2701 = EDGE_LOOP('',(#2702,#2709,#2710,#2711));
#2702 = ORIENTED_EDGE('',*,*,#2703,.T.);
#2703 = EDGE_CURVE('',#2673,#2449,#2704,.T.);
#2704 = CIRCLE('',#2705,0.4);
#2705 = AXIS2_PLACEMENT_3D('',#2706,#2707,#2708);
#2706 = CARTESIAN_POINT('',(3.5,-2.25,1.5));
#2707 = DIRECTION('',(0.,1.,-6.123233995737E-17));
#2708 = DIRECTION('',(0.707106781187,-4.329780281177E-17,-0.707106781187
    ));
#2709 = ORIENTED_EDGE('',*,*,#2448,.T.);
#2710 = ORIENTED_EDGE('',*,*,#2203,.T.);
#2711 = ORIENTED_EDGE('',*,*,#2672,.T.);
#2712 = CYLINDRICAL_SURFACE('',#2713,0.4);
#2713 = AXIS2_PLACEMENT_3D('',#2714,#2715,#2716);
#2714 = CARTESIAN_POINT('',(3.5,-2.05,1.5));
#2715 = DIRECTION('',(0.,-1.,6.123233995737E-17));
#2716 = DIRECTION('',(0.707106781187,-4.329780281177E-17,-0.707106781187
    ));
#2717 = ADVANCED_FACE('',(#2718),#2737,.T.);
#2718 = FACE_BOUND('',#2719,.T.);
#2719 = EDGE_LOOP('',(#2720,#2721,#2722,#2731));
#2720 = ORIENTED_EDGE('',*,*,#2227,.T.);
#2721 = ORIENTED_EDGE('',*,*,#2424,.T.);
#2722 = ORIENTED_EDGE('',*,*,#2723,.T.);
#2723 = EDGE_CURVE('',#2425,#2724,#2726,.T.);
#2724 = VERTEX_POINT('',#2725);
#2725 = CARTESIAN_POINT('',(2.05,-2.25,1.5));
#2726 = CIRCLE('',#2727,0.4);
#2727 = AXIS2_PLACEMENT_3D('',#2728,#2729,#2730);
#2728 = CARTESIAN_POINT('',(2.45,-2.25,1.5));
#2729 = DIRECTION('',(0.,1.,-6.123233995737E-17));
#2730 = DIRECTION('',(-0.707106781187,-4.329780281177E-17,
    -0.707106781187));
#2731 = ORIENTED_EDGE('',*,*,#2732,.T.);
#2732 = EDGE_CURVE('',#2724,#2228,#2733,.T.);
#2733 = LINE('',#2734,#2735);
#2734 = CARTESIAN_POINT('',(2.05,-2.15,1.5));
#2735 = VECTOR('',#2736,1.);
#2736 = DIRECTION('',(6.798155367234E-32,1.,-6.123233995737E-17));
#2737 = CYLINDRICAL_SURFACE('',#2738,0.4);
#2738 = AXIS2_PLACEMENT_3D('',#2739,#2740,#2741);
#2739 = CARTESIAN_POINT('',(2.45,-2.15,1.5));
#2740 = DIRECTION('',(6.798155367234E-32,1.,-6.123233995737E-17));
#2741 = DIRECTION('',(-0.707106781187,-4.329780281177E-17,
    -0.707106781187));
#2742 = ADVANCED_FACE('',(#2743),#2761,.F.);
#2743 = FACE_BOUND('',#2744,.T.);
#2744 = EDGE_LOOP('',(#2745,#2753,#2754,#2755));
#2745 = ORIENTED_EDGE('',*,*,#2746,.F.);
#2746 = EDGE_CURVE('',#2237,#2747,#2749,.T.);
#2747 = VERTEX_POINT('',#2748);
#2748 = CARTESIAN_POINT('',(2.05,-2.25,3.4));
#2749 = LINE('',#2750,#2751);
#2750 = CARTESIAN_POINT('',(2.05,-2.25,3.4));
#2751 = VECTOR('',#2752,1.);
#2752 = DIRECTION('',(0.,-1.,0.));
#2753 = ORIENTED_EDGE('',*,*,#2236,.F.);
#2754 = ORIENTED_EDGE('',*,*,#2732,.F.);
#2755 = ORIENTED_EDGE('',*,*,#2756,.F.);
#2756 = EDGE_CURVE('',#2747,#2724,#2757,.T.);
#2757 = LINE('',#2758,#2759);
#2758 = CARTESIAN_POINT('',(2.05,-2.25,3.388097335529));
#2759 = VECTOR('',#2760,1.);
#2760 = DIRECTION('',(1.110223024625E-15,-6.123233995737E-17,-1.));
#2761 = PLANE('',#2762);
#2762 = AXIS2_PLACEMENT_3D('',#2763,#2764,#2765);
#2763 = CARTESIAN_POINT('',(2.05,-2.25,3.8));
#2764 = DIRECTION('',(1.,0.,1.110223024625E-15));
#2765 = DIRECTION('',(1.110223024625E-15,-6.123233995737E-17,-1.));
#2766 = ADVANCED_FACE('',(#2767),#2786,.F.);
#2767 = FACE_BOUND('',#2768,.F.);
#2768 = EDGE_LOOP('',(#2769,#2770,#2771,#2779));
#2769 = ORIENTED_EDGE('',*,*,#2746,.F.);
#2770 = ORIENTED_EDGE('',*,*,#2244,.F.);
#2771 = ORIENTED_EDGE('',*,*,#2772,.F.);
#2772 = EDGE_CURVE('',#2773,#2245,#2775,.T.);
#2773 = VERTEX_POINT('',#2774);
#2774 = CARTESIAN_POINT('',(1.65,-2.25,3.8));
#2775 = LINE('',#2776,#2777);
#2776 = CARTESIAN_POINT('',(1.65,-2.25,3.8));
#2777 = VECTOR('',#2778,1.);
#2778 = DIRECTION('',(0.,1.,0.));
#2779 = ORIENTED_EDGE('',*,*,#2780,.F.);
#2780 = EDGE_CURVE('',#2747,#2773,#2781,.T.);
#2781 = CIRCLE('',#2782,0.4);
#2782 = AXIS2_PLACEMENT_3D('',#2783,#2784,#2785);
#2783 = CARTESIAN_POINT('',(1.65,-2.25,3.4));
#2784 = DIRECTION('',(0.,-1.,6.123233995737E-17));
#2785 = DIRECTION('',(0.707106781187,4.329780281177E-17,0.707106781187)
  );
#2786 = CYLINDRICAL_SURFACE('',#2787,0.4);
#2787 = AXIS2_PLACEMENT_3D('',#2788,#2789,#2790);
#2788 = CARTESIAN_POINT('',(1.65,-2.25,3.4));
#2789 = DIRECTION('',(0.,1.,0.));
#2790 = DIRECTION('',(0.707106781187,0.,0.707106781187));
#2791 = ADVANCED_FACE('',(#2792),#2810,.F.);
#2792 = FACE_BOUND('',#2793,.T.);
#2793 = EDGE_LOOP('',(#2794,#2795,#2803,#2809));
#2794 = ORIENTED_EDGE('',*,*,#2772,.F.);
#2795 = ORIENTED_EDGE('',*,*,#2796,.F.);
#2796 = EDGE_CURVE('',#2797,#2773,#2799,.T.);
#2797 = VERTEX_POINT('',#2798);
#2798 = CARTESIAN_POINT('',(-1.65,-2.25,3.8));
#2799 = LINE('',#2800,#2801);
#2800 = CARTESIAN_POINT('',(-1.025,-2.25,3.8));
#2801 = VECTOR('',#2802,1.);
#2802 = DIRECTION('',(1.,0.,0.));
#2803 = ORIENTED_EDGE('',*,*,#2804,.F.);
#2804 = EDGE_CURVE('',#2254,#2797,#2805,.T.);
#2805 = LINE('',#2806,#2807);
#2806 = CARTESIAN_POINT('',(-1.65,-2.25,3.8));
#2807 = VECTOR('',#2808,1.);
#2808 = DIRECTION('',(0.,-1.,0.));
#2809 = ORIENTED_EDGE('',*,*,#2253,.F.);
#2810 = PLANE('',#2811);
#2811 = AXIS2_PLACEMENT_3D('',#2812,#2813,#2814);
#2812 = CARTESIAN_POINT('',(-2.05,-2.25,3.8));
#2813 = DIRECTION('',(0.,0.,1.));
#2814 = DIRECTION('',(1.,0.,0.));
#2815 = ADVANCED_FACE('',(#2816),#2835,.F.);
#2816 = FACE_BOUND('',#2817,.F.);
#2817 = EDGE_LOOP('',(#2818,#2819,#2820,#2828));
#2818 = ORIENTED_EDGE('',*,*,#2804,.F.);
#2819 = ORIENTED_EDGE('',*,*,#2261,.F.);
#2820 = ORIENTED_EDGE('',*,*,#2821,.F.);
#2821 = EDGE_CURVE('',#2822,#2262,#2824,.T.);
#2822 = VERTEX_POINT('',#2823);
#2823 = CARTESIAN_POINT('',(-2.05,-2.25,3.4));
#2824 = LINE('',#2825,#2826);
#2825 = CARTESIAN_POINT('',(-2.05,-2.25,3.4));
#2826 = VECTOR('',#2827,1.);
#2827 = DIRECTION('',(0.,1.,0.));
#2828 = ORIENTED_EDGE('',*,*,#2829,.F.);
#2829 = EDGE_CURVE('',#2797,#2822,#2830,.T.);
#2830 = CIRCLE('',#2831,0.4);
#2831 = AXIS2_PLACEMENT_3D('',#2832,#2833,#2834);
#2832 = CARTESIAN_POINT('',(-1.65,-2.25,3.4));
#2833 = DIRECTION('',(0.,-1.,6.123233995737E-17));
#2834 = DIRECTION('',(-0.707106781187,4.329780281177E-17,0.707106781187)
  );
#2835 = CYLINDRICAL_SURFACE('',#2836,0.4);
#2836 = AXIS2_PLACEMENT_3D('',#2837,#2838,#2839);
#2837 = CARTESIAN_POINT('',(-1.65,-2.25,3.4));
#2838 = DIRECTION('',(0.,1.,0.));
#2839 = DIRECTION('',(-0.707106781187,0.,0.707106781187));
#2840 = ADVANCED_FACE('',(#2841),#2859,.F.);
#2841 = FACE_BOUND('',#2842,.T.);
#2842 = EDGE_LOOP('',(#2843,#2844,#2852,#2858));
#2843 = ORIENTED_EDGE('',*,*,#2821,.F.);
#2844 = ORIENTED_EDGE('',*,*,#2845,.F.);
#2845 = EDGE_CURVE('',#2846,#2822,#2848,.T.);
#2846 = VERTEX_POINT('',#2847);
#2847 = CARTESIAN_POINT('',(-2.05,-2.25,1.5));
#2848 = LINE('',#2849,#2850);
#2849 = CARTESIAN_POINT('',(-2.05,-2.25,2.038097335529));
#2850 = VECTOR('',#2851,1.);
#2851 = DIRECTION('',(1.249000902703E-15,6.123233995737E-17,1.));
#2852 = ORIENTED_EDGE('',*,*,#2853,.F.);
#2853 = EDGE_CURVE('',#2271,#2846,#2854,.T.);
#2854 = LINE('',#2855,#2856);
#2855 = CARTESIAN_POINT('',(-2.05,-2.15,1.5));
#2856 = VECTOR('',#2857,1.);
#2857 = DIRECTION('',(7.647924788139E-32,-1.,6.123233995737E-17));
#2858 = ORIENTED_EDGE('',*,*,#2270,.F.);
#2859 = PLANE('',#2860);
#2860 = AXIS2_PLACEMENT_3D('',#2861,#2862,#2863);
#2861 = CARTESIAN_POINT('',(-2.05,-2.25,1.1));
#2862 = DIRECTION('',(-1.,0.,1.249000902703E-15));
#2863 = DIRECTION('',(1.249000902703E-15,6.123233995737E-17,1.));
#2864 = ADVANCED_FACE('',(#2865),#2877,.T.);
#2865 = FACE_BOUND('',#2866,.T.);
#2866 = EDGE_LOOP('',(#2867,#2874,#2875,#2876));
#2867 = ORIENTED_EDGE('',*,*,#2868,.T.);
#2868 = EDGE_CURVE('',#2846,#2384,#2869,.T.);
#2869 = CIRCLE('',#2870,0.4);
#2870 = AXIS2_PLACEMENT_3D('',#2871,#2872,#2873);
#2871 = CARTESIAN_POINT('',(-2.45,-2.25,1.5));
#2872 = DIRECTION('',(0.,1.,-6.123233995737E-17));
#2873 = DIRECTION('',(0.707106781187,-4.329780281177E-17,-0.707106781187
    ));
#2874 = ORIENTED_EDGE('',*,*,#2383,.T.);
#2875 = ORIENTED_EDGE('',*,*,#2278,.T.);
#2876 = ORIENTED_EDGE('',*,*,#2853,.T.);
#2877 = CYLINDRICAL_SURFACE('',#2878,0.4);
#2878 = AXIS2_PLACEMENT_3D('',#2879,#2880,#2881);
#2879 = CARTESIAN_POINT('',(-2.45,-2.15,1.5));
#2880 = DIRECTION('',(7.647924788139E-32,-1.,6.123233995737E-17));
#2881 = DIRECTION('',(0.707106781187,-4.329780281177E-17,-0.707106781187
    ));
#2882 = ADVANCED_FACE('',(#2883),#2930,.T.);
#2883 = FACE_BOUND('',#2884,.T.);
#2884 = EDGE_LOOP('',(#2885,#2894,#2902,#2910,#2918,#2925,#2926,#2927,
    #2928,#2929));
#2885 = ORIENTED_EDGE('',*,*,#2886,.F.);
#2886 = EDGE_CURVE('',#2887,#2490,#2889,.T.);
#2887 = VERTEX_POINT('',#2888);
#2888 = CARTESIAN_POINT('',(3.9,2.05,1.5));
#2889 = CIRCLE('',#2890,0.4);
#2890 = AXIS2_PLACEMENT_3D('',#2891,#2892,#2893);
#2891 = CARTESIAN_POINT('',(3.5,2.05,1.5));
#2892 = DIRECTION('',(0.,1.,3.061616997868E-17));
#2893 = DIRECTION('',(0.707106781187,2.164890140589E-17,-0.707106781187)
  );
#2894 = ORIENTED_EDGE('',*,*,#2895,.T.);
#2895 = EDGE_CURVE('',#2887,#2896,#2898,.T.);
#2896 = VERTEX_POINT('',#2897);
#2897 = CARTESIAN_POINT('',(3.9,2.05,4.4));
#2898 = LINE('',#2899,#2900);
#2899 = CARTESIAN_POINT('',(3.9,2.05,5.304778684234));
#2900 = VECTOR('',#2901,1.);
#2901 = DIRECTION('',(0.,-1.337451350269E-32,1.));
#2902 = ORIENTED_EDGE('',*,*,#2903,.T.);
#2903 = EDGE_CURVE('',#2896,#2904,#2906,.T.);
#2904 = VERTEX_POINT('',#2905);
#2905 = CARTESIAN_POINT('',(-3.9,2.05,4.4));
#2906 = LINE('',#2907,#2908);
#2907 = CARTESIAN_POINT('',(0.,2.05,4.4));
#2908 = VECTOR('',#2909,1.);
#2909 = DIRECTION('',(-1.,0.,0.));
#2910 = ORIENTED_EDGE('',*,*,#2911,.F.);
#2911 = EDGE_CURVE('',#2912,#2904,#2914,.T.);
#2912 = VERTEX_POINT('',#2913);
#2913 = CARTESIAN_POINT('',(-3.9,2.05,1.5));
#2914 = LINE('',#2915,#2916);
#2915 = CARTESIAN_POINT('',(-3.9,2.05,5.304778684234));
#2916 = VECTOR('',#2917,1.);
#2917 = DIRECTION('',(0.,-1.337451350269E-32,1.));
#2918 = ORIENTED_EDGE('',*,*,#2919,.F.);
#2919 = EDGE_CURVE('',#2562,#2912,#2920,.T.);
#2920 = CIRCLE('',#2921,0.4);
#2921 = AXIS2_PLACEMENT_3D('',#2922,#2923,#2924);
#2922 = CARTESIAN_POINT('',(-3.5,2.05,1.5));
#2923 = DIRECTION('',(0.,1.,3.061616997868E-17));
#2924 = DIRECTION('',(-0.707106781187,2.164890140589E-17,-0.707106781187
    ));
#2925 = ORIENTED_EDGE('',*,*,#2576,.T.);
#2926 = ORIENTED_EDGE('',*,*,#2309,.T.);
#2927 = ORIENTED_EDGE('',*,*,#2521,.T.);
#2928 = ORIENTED_EDGE('',*,*,#2326,.T.);
#2929 = ORIENTED_EDGE('',*,*,#2499,.T.);
#2930 = PLANE('',#2931);
#2931 = AXIS2_PLACEMENT_3D('',#2932,#2933,#2934);
#2932 = CARTESIAN_POINT('',(0.,2.05,2.976194671058));
#2933 = DIRECTION('',(0.,-1.,-3.061616997868E-17));
#2934 = DIRECTION('',(-1.,0.,0.));
#2935 = ADVANCED_FACE('',(#2936),#2961,.T.);
#2936 = FACE_BOUND('',#2937,.T.);
#2937 = EDGE_LOOP('',(#2938,#2939,#2940,#2941,#2942,#2943,#2944,#2945,
    #2946,#2947,#2948,#2949,#2950,#2951,#2952,#2953,#2954,#2960));
#2938 = ORIENTED_EDGE('',*,*,#2590,.F.);
#2939 = ORIENTED_EDGE('',*,*,#2369,.T.);
#2940 = ORIENTED_EDGE('',*,*,#2344,.T.);
#2941 = ORIENTED_EDGE('',*,*,#2391,.T.);
#2942 = ORIENTED_EDGE('',*,*,#2868,.F.);
#2943 = ORIENTED_EDGE('',*,*,#2845,.T.);
#2944 = ORIENTED_EDGE('',*,*,#2829,.F.);
#2945 = ORIENTED_EDGE('',*,*,#2796,.T.);
#2946 = ORIENTED_EDGE('',*,*,#2780,.F.);
#2947 = ORIENTED_EDGE('',*,*,#2756,.T.);
#2948 = ORIENTED_EDGE('',*,*,#2723,.F.);
#2949 = ORIENTED_EDGE('',*,*,#2434,.T.);
#2950 = ORIENTED_EDGE('',*,*,#2409,.T.);
#2951 = ORIENTED_EDGE('',*,*,#2456,.T.);
#2952 = ORIENTED_EDGE('',*,*,#2703,.F.);
#2953 = ORIENTED_EDGE('',*,*,#2689,.T.);
#2954 = ORIENTED_EDGE('',*,*,#2955,.T.);
#2955 = EDGE_CURVE('',#2682,#2617,#2956,.T.);
#2956 = LINE('',#2957,#2958);
#2957 = CARTESIAN_POINT('',(0.,-2.25,4.4));
#2958 = VECTOR('',#2959,1.);
#2959 = DIRECTION('',(-1.,0.,0.));
#2960 = ORIENTED_EDGE('',*,*,#2616,.T.);
#2961 = PLANE('',#2962);
#2962 = AXIS2_PLACEMENT_3D('',#2963,#2964,#2965);
#2963 = CARTESIAN_POINT('',(0.,-2.25,2.976194671058));
#2964 = DIRECTION('',(0.,-1.,6.123233995737E-17));
#2965 = DIRECTION('',(1.,0.,0.));
#2966 = ADVANCED_FACE('',(#2967),#3014,.T.);
#2967 = FACE_BOUND('',#2968,.T.);
#2968 = EDGE_LOOP('',(#2969,#2978,#2979,#2980,#2981,#2982,#2983,#2992,
    #3000,#3008));
#2969 = ORIENTED_EDGE('',*,*,#2970,.F.);
#2970 = EDGE_CURVE('',#2492,#2971,#2973,.T.);
#2971 = VERTEX_POINT('',#2972);
#2972 = CARTESIAN_POINT('',(3.9,2.25,1.5));
#2973 = CIRCLE('',#2974,0.4);
#2974 = AXIS2_PLACEMENT_3D('',#2975,#2976,#2977);
#2975 = CARTESIAN_POINT('',(3.5,2.25,1.5));
#2976 = DIRECTION('',(0.,-1.,-6.123233995737E-17));
#2977 = DIRECTION('',(0.707106781187,4.329780281177E-17,-0.707106781187)
  );
#2978 = ORIENTED_EDGE('',*,*,#2506,.T.);
#2979 = ORIENTED_EDGE('',*,*,#2474,.T.);
#2980 = ORIENTED_EDGE('',*,*,#2528,.T.);
#2981 = ORIENTED_EDGE('',*,*,#2544,.T.);
#2982 = ORIENTED_EDGE('',*,*,#2569,.T.);
#2983 = ORIENTED_EDGE('',*,*,#2984,.F.);
#2984 = EDGE_CURVE('',#2985,#2560,#2987,.T.);
#2985 = VERTEX_POINT('',#2986);
#2986 = CARTESIAN_POINT('',(-3.9,2.25,1.5));
#2987 = CIRCLE('',#2988,0.4);
#2988 = AXIS2_PLACEMENT_3D('',#2989,#2990,#2991);
#2989 = CARTESIAN_POINT('',(-3.5,2.25,1.5));
#2990 = DIRECTION('',(0.,-1.,-6.123233995737E-17));
#2991 = DIRECTION('',(-0.707106781187,4.329780281177E-17,-0.707106781187
    ));
#2992 = ORIENTED_EDGE('',*,*,#2993,.T.);
#2993 = EDGE_CURVE('',#2985,#2994,#2996,.T.);
#2994 = VERTEX_POINT('',#2995);
#2995 = CARTESIAN_POINT('',(-3.9,2.25,4.4));
#2996 = LINE('',#2997,#2998);
#2997 = CARTESIAN_POINT('',(-3.9,2.25,4.4));
#2998 = VECTOR('',#2999,1.);
#2999 = DIRECTION('',(0.,-6.123233995737E-17,1.));
#3000 = ORIENTED_EDGE('',*,*,#3001,.T.);
#3001 = EDGE_CURVE('',#2994,#3002,#3004,.T.);
#3002 = VERTEX_POINT('',#3003);
#3003 = CARTESIAN_POINT('',(3.9,2.25,4.4));
#3004 = LINE('',#3005,#3006);
#3005 = CARTESIAN_POINT('',(0.,2.25,4.4));
#3006 = VECTOR('',#3007,1.);
#3007 = DIRECTION('',(1.,0.,0.));
#3008 = ORIENTED_EDGE('',*,*,#3009,.T.);
#3009 = EDGE_CURVE('',#3002,#2971,#3010,.T.);
#3010 = LINE('',#3011,#3012);
#3011 = CARTESIAN_POINT('',(3.9,2.25,5.304778684234));
#3012 = VECTOR('',#3013,1.);
#3013 = DIRECTION('',(0.,1.337451350269E-32,-1.));
#3014 = PLANE('',#3015);
#3015 = AXIS2_PLACEMENT_3D('',#3016,#3017,#3018);
#3016 = CARTESIAN_POINT('',(0.,2.25,2.976194671058));
#3017 = DIRECTION('',(0.,1.,6.123233995737E-17));
#3018 = DIRECTION('',(1.,0.,0.));
#3019 = ADVANCED_FACE('',(#3020),#3031,.T.);
#3020 = FACE_BOUND('',#3021,.T.);
#3021 = EDGE_LOOP('',(#3022,#3023,#3029,#3030));
#3022 = ORIENTED_EDGE('',*,*,#2970,.T.);
#3023 = ORIENTED_EDGE('',*,*,#3024,.T.);
#3024 = EDGE_CURVE('',#2971,#2887,#3025,.T.);
#3025 = LINE('',#3026,#3027);
#3026 = CARTESIAN_POINT('',(3.9,2.05,1.5));
#3027 = VECTOR('',#3028,1.);
#3028 = DIRECTION('',(0.,-1.,-6.123233995737E-17));
#3029 = ORIENTED_EDGE('',*,*,#2886,.T.);
#3030 = ORIENTED_EDGE('',*,*,#2489,.T.);
#3031 = CYLINDRICAL_SURFACE('',#3032,0.4);
#3032 = AXIS2_PLACEMENT_3D('',#3033,#3034,#3035);
#3033 = CARTESIAN_POINT('',(3.5,2.05,1.5));
#3034 = DIRECTION('',(0.,1.,6.123233995737E-17));
#3035 = DIRECTION('',(0.707106781187,4.329780281177E-17,-0.707106781187)
  );
#3036 = ADVANCED_FACE('',(#3037),#3048,.T.);
#3037 = FACE_BOUND('',#3038,.T.);
#3038 = EDGE_LOOP('',(#3039,#3040,#3041,#3042));
#3039 = ORIENTED_EDGE('',*,*,#2984,.T.);
#3040 = ORIENTED_EDGE('',*,*,#2559,.T.);
#3041 = ORIENTED_EDGE('',*,*,#2919,.T.);
#3042 = ORIENTED_EDGE('',*,*,#3043,.T.);
#3043 = EDGE_CURVE('',#2912,#2985,#3044,.T.);
#3044 = LINE('',#3045,#3046);
#3045 = CARTESIAN_POINT('',(-3.9,2.05,1.5));
#3046 = VECTOR('',#3047,1.);
#3047 = DIRECTION('',(0.,1.,6.123233995737E-17));
#3048 = CYLINDRICAL_SURFACE('',#3049,0.4);
#3049 = AXIS2_PLACEMENT_3D('',#3050,#3051,#3052);
#3050 = CARTESIAN_POINT('',(-3.5,2.05,1.5));
#3051 = DIRECTION('',(0.,1.,6.123233995737E-17));
#3052 = DIRECTION('',(-0.707106781187,4.329780281177E-17,-0.707106781187
    ));
#3053 = ADVANCED_FACE('',(#3054),#3073,.T.);
#3054 = FACE_BOUND('',#3055,.T.);
#3055 = EDGE_LOOP('',(#3056,#3057,#3066,#3072));
#3056 = ORIENTED_EDGE('',*,*,#2624,.F.);
#3057 = ORIENTED_EDGE('',*,*,#3058,.F.);
#3058 = EDGE_CURVE('',#3059,#2617,#3061,.T.);
#3059 = VERTEX_POINT('',#3060);
#3060 = CARTESIAN_POINT('',(-3.9,-1.85,4.8));
#3061 = CIRCLE('',#3062,0.4);
#3062 = AXIS2_PLACEMENT_3D('',#3063,#3064,#3065);
#3063 = CARTESIAN_POINT('',(-3.9,-1.85,4.4));
#3064 = DIRECTION('',(1.,0.,-0.));
#3065 = DIRECTION('',(0.,0.,1.));
#3066 = ORIENTED_EDGE('',*,*,#3067,.F.);
#3067 = EDGE_CURVE('',#2649,#3059,#3068,.T.);
#3068 = LINE('',#3069,#3070);
#3069 = CARTESIAN_POINT('',(-3.9,-1.85,4.5));
#3070 = VECTOR('',#3071,1.);
#3071 = DIRECTION('',(0.,0.,1.));
#3072 = ORIENTED_EDGE('',*,*,#2656,.F.);
#3073 = PLANE('',#3074);
#3074 = AXIS2_PLACEMENT_3D('',#3075,#3076,#3077);
#3075 = CARTESIAN_POINT('',(-3.9,-2.25,4.4));
#3076 = DIRECTION('',(-1.,0.,0.));
#3077 = DIRECTION('',(0.,0.,1.));
#3078 = ADVANCED_FACE('',(#3079),#3098,.T.);
#3079 = FACE_BOUND('',#3080,.T.);
#3080 = EDGE_LOOP('',(#3081,#3082,#3083,#3091));
#3081 = ORIENTED_EDGE('',*,*,#2681,.F.);
#3082 = ORIENTED_EDGE('',*,*,#2639,.T.);
#3083 = ORIENTED_EDGE('',*,*,#3084,.F.);
#3084 = EDGE_CURVE('',#3085,#2640,#3087,.T.);
#3085 = VERTEX_POINT('',#3086);
#3086 = CARTESIAN_POINT('',(3.9,-1.85,4.8));
#3087 = LINE('',#3088,#3089);
#3088 = CARTESIAN_POINT('',(3.9,-1.85,4.5));
#3089 = VECTOR('',#3090,1.);
#3090 = DIRECTION('',(0.,0.,-1.));
#3091 = ORIENTED_EDGE('',*,*,#3092,.F.);
#3092 = EDGE_CURVE('',#2682,#3085,#3093,.T.);
#3093 = CIRCLE('',#3094,0.4);
#3094 = AXIS2_PLACEMENT_3D('',#3095,#3096,#3097);
#3095 = CARTESIAN_POINT('',(3.9,-1.85,4.4));
#3096 = DIRECTION('',(-1.,0.,0.));
#3097 = DIRECTION('',(0.,-1.,8.673617379884E-17));
#3098 = PLANE('',#3099);
#3099 = AXIS2_PLACEMENT_3D('',#3100,#3101,#3102);
#3100 = CARTESIAN_POINT('',(3.9,-2.05,4.4));
#3101 = DIRECTION('',(1.,0.,0.));
#3102 = DIRECTION('',(0.,0.,-1.));
#3103 = ADVANCED_FACE('',(#3104),#3129,.F.);
#3104 = FACE_BOUND('',#3105,.T.);
#3105 = EDGE_LOOP('',(#3106,#3116,#3122,#3123));
#3106 = ORIENTED_EDGE('',*,*,#3107,.T.);
#3107 = EDGE_CURVE('',#3108,#3110,#3112,.T.);
#3108 = VERTEX_POINT('',#3109);
#3109 = CARTESIAN_POINT('',(-3.9,1.85,4.6));
#3110 = VERTEX_POINT('',#3111);
#3111 = CARTESIAN_POINT('',(3.9,1.85,4.6));
#3112 = LINE('',#3113,#3114);
#3113 = CARTESIAN_POINT('',(-1.95,1.85,4.6));
#3114 = VECTOR('',#3115,1.);
#3115 = DIRECTION('',(1.,0.,0.));
#3116 = ORIENTED_EDGE('',*,*,#3117,.T.);
#3117 = EDGE_CURVE('',#3110,#2640,#3118,.T.);
#3118 = LINE('',#3119,#3120);
#3119 = CARTESIAN_POINT('',(3.9,1.125,4.6));
#3120 = VECTOR('',#3121,1.);
#3121 = DIRECTION('',(0.,-1.,0.));
#3122 = ORIENTED_EDGE('',*,*,#2648,.T.);
#3123 = ORIENTED_EDGE('',*,*,#3124,.T.);
#3124 = EDGE_CURVE('',#2649,#3108,#3125,.T.);
#3125 = LINE('',#3126,#3127);
#3126 = CARTESIAN_POINT('',(-3.9,-1.125,4.6));
#3127 = VECTOR('',#3128,1.);
#3128 = DIRECTION('',(0.,1.,0.));
#3129 = PLANE('',#3130);
#3130 = AXIS2_PLACEMENT_3D('',#3131,#3132,#3133);
#3131 = CARTESIAN_POINT('',(0.,0.,4.6));
#3132 = DIRECTION('',(0.,0.,1.));
#3133 = DIRECTION('',(1.,0.,0.));
#3134 = ADVANCED_FACE('',(#3135),#3146,.T.);
#3135 = FACE_BOUND('',#3136,.T.);
#3136 = EDGE_LOOP('',(#3137,#3138,#3139,#3145));
#3137 = ORIENTED_EDGE('',*,*,#3024,.F.);
#3138 = ORIENTED_EDGE('',*,*,#3009,.F.);
#3139 = ORIENTED_EDGE('',*,*,#3140,.T.);
#3140 = EDGE_CURVE('',#3002,#2896,#3141,.T.);
#3141 = LINE('',#3142,#3143);
#3142 = CARTESIAN_POINT('',(3.9,2.094,4.4));
#3143 = VECTOR('',#3144,1.);
#3144 = DIRECTION('',(0.,-1.,-6.123233995737E-17));
#3145 = ORIENTED_EDGE('',*,*,#2895,.F.);
#3146 = PLANE('',#3147);
#3147 = AXIS2_PLACEMENT_3D('',#3148,#3149,#3150);
#3148 = CARTESIAN_POINT('',(3.9,2.05,4.852389342117));
#3149 = DIRECTION('',(1.,0.,0.));
#3150 = DIRECTION('',(0.,1.232595164408E-32,-1.));
#3151 = ADVANCED_FACE('',(#3152),#3170,.F.);
#3152 = FACE_BOUND('',#3153,.F.);
#3153 = EDGE_LOOP('',(#3154,#3161,#3162,#3169));
#3154 = ORIENTED_EDGE('',*,*,#3155,.T.);
#3155 = EDGE_CURVE('',#2904,#3108,#3156,.T.);
#3156 = CIRCLE('',#3157,0.2);
#3157 = AXIS2_PLACEMENT_3D('',#3158,#3159,#3160);
#3158 = CARTESIAN_POINT('',(-3.9,1.85,4.4));
#3159 = DIRECTION('',(1.,0.,0.));
#3160 = DIRECTION('',(0.,1.,0.));
#3161 = ORIENTED_EDGE('',*,*,#3107,.T.);
#3162 = ORIENTED_EDGE('',*,*,#3163,.F.);
#3163 = EDGE_CURVE('',#2896,#3110,#3164,.T.);
#3164 = CIRCLE('',#3165,0.2);
#3165 = AXIS2_PLACEMENT_3D('',#3166,#3167,#3168);
#3166 = CARTESIAN_POINT('',(3.9,1.85,4.4));
#3167 = DIRECTION('',(1.,0.,0.));
#3168 = DIRECTION('',(0.,1.,0.));
#3169 = ORIENTED_EDGE('',*,*,#2903,.T.);
#3170 = CYLINDRICAL_SURFACE('',#3171,0.2);
#3171 = AXIS2_PLACEMENT_3D('',#3172,#3173,#3174);
#3172 = CARTESIAN_POINT('',(0.,1.85,4.4));
#3173 = DIRECTION('',(-1.,0.,0.));
#3174 = DIRECTION('',(0.,0.,1.));
#3175 = ADVANCED_FACE('',(#3176),#3187,.T.);
#3176 = FACE_BOUND('',#3177,.T.);
#3177 = EDGE_LOOP('',(#3178,#3179,#3180,#3186));
#3178 = ORIENTED_EDGE('',*,*,#3043,.F.);
#3179 = ORIENTED_EDGE('',*,*,#2911,.T.);
#3180 = ORIENTED_EDGE('',*,*,#3181,.T.);
#3181 = EDGE_CURVE('',#2904,#2994,#3182,.T.);
#3182 = LINE('',#3183,#3184);
#3183 = CARTESIAN_POINT('',(-3.9,2.094,4.4));
#3184 = VECTOR('',#3185,1.);
#3185 = DIRECTION('',(0.,1.,6.123233995737E-17));
#3186 = ORIENTED_EDGE('',*,*,#2993,.F.);
#3187 = PLANE('',#3188);
#3188 = AXIS2_PLACEMENT_3D('',#3189,#3190,#3191);
#3189 = CARTESIAN_POINT('',(-3.9,2.05,1.1));
#3190 = DIRECTION('',(-1.,0.,0.));
#3191 = DIRECTION('',(0.,-6.123233995737E-17,1.));
#3192 = ADVANCED_FACE('',(#3193),#3204,.T.);
#3193 = FACE_BOUND('',#3194,.T.);
#3194 = EDGE_LOOP('',(#3195,#3196,#3197,#3203));
#3195 = ORIENTED_EDGE('',*,*,#2955,.F.);
#3196 = ORIENTED_EDGE('',*,*,#3092,.T.);
#3197 = ORIENTED_EDGE('',*,*,#3198,.F.);
#3198 = EDGE_CURVE('',#3059,#3085,#3199,.T.);
#3199 = LINE('',#3200,#3201);
#3200 = CARTESIAN_POINT('',(1.95,-1.85,4.8));
#3201 = VECTOR('',#3202,1.);
#3202 = DIRECTION('',(1.,0.,0.));
#3203 = ORIENTED_EDGE('',*,*,#3058,.T.);
#3204 = CYLINDRICAL_SURFACE('',#3205,0.4);
#3205 = AXIS2_PLACEMENT_3D('',#3206,#3207,#3208);
#3206 = CARTESIAN_POINT('',(0.,-1.85,4.4));
#3207 = DIRECTION('',(1.,0.,0.));
#3208 = DIRECTION('',(0.,0.,1.));
#3209 = ADVANCED_FACE('',(#3210),#3237,.T.);
#3210 = FACE_BOUND('',#3211,.T.);
#3211 = EDGE_LOOP('',(#3212,#3213,#3222,#3230));
#3212 = ORIENTED_EDGE('',*,*,#3001,.F.);
#3213 = ORIENTED_EDGE('',*,*,#3214,.T.);
#3214 = EDGE_CURVE('',#2994,#3215,#3217,.T.);
#3215 = VERTEX_POINT('',#3216);
#3216 = CARTESIAN_POINT('',(-3.9,1.85,4.8));
#3217 = CIRCLE('',#3218,0.4);
#3218 = AXIS2_PLACEMENT_3D('',#3219,#3220,#3221);
#3219 = CARTESIAN_POINT('',(-3.9,1.85,4.4));
#3220 = DIRECTION('',(1.,0.,-0.));
#3221 = DIRECTION('',(0.,1.,8.673617379884E-17));
#3222 = ORIENTED_EDGE('',*,*,#3223,.F.);
#3223 = EDGE_CURVE('',#3224,#3215,#3226,.T.);
#3224 = VERTEX_POINT('',#3225);
#3225 = CARTESIAN_POINT('',(3.9,1.85,4.8));
#3226 = LINE('',#3227,#3228);
#3227 = CARTESIAN_POINT('',(-1.95,1.85,4.8));
#3228 = VECTOR('',#3229,1.);
#3229 = DIRECTION('',(-1.,0.,0.));
#3230 = ORIENTED_EDGE('',*,*,#3231,.T.);
#3231 = EDGE_CURVE('',#3224,#3002,#3232,.T.);
#3232 = CIRCLE('',#3233,0.4);
#3233 = AXIS2_PLACEMENT_3D('',#3234,#3235,#3236);
#3234 = CARTESIAN_POINT('',(3.9,1.85,4.4));
#3235 = DIRECTION('',(-1.,0.,0.));
#3236 = DIRECTION('',(0.,0.,1.));
#3237 = CYLINDRICAL_SURFACE('',#3238,0.4);
#3238 = AXIS2_PLACEMENT_3D('',#3239,#3240,#3241);
#3239 = CARTESIAN_POINT('',(0.,1.85,4.4));
#3240 = DIRECTION('',(-1.,0.,0.));
#3241 = DIRECTION('',(0.,0.,1.));
#3242 = ADVANCED_FACE('',(#3243),#3270,.F.);
#3243 = FACE_BOUND('',#3244,.T.);
#3244 = EDGE_LOOP('',(#3245,#3246,#3255,#3263));
#3245 = ORIENTED_EDGE('',*,*,#3067,.T.);
#3246 = ORIENTED_EDGE('',*,*,#3247,.F.);
#3247 = EDGE_CURVE('',#3248,#3059,#3250,.T.);
#3248 = VERTEX_POINT('',#3249);
#3249 = CARTESIAN_POINT('',(-4.3,-1.85,4.4));
#3250 = CIRCLE('',#3251,0.4);
#3251 = AXIS2_PLACEMENT_3D('',#3252,#3253,#3254);
#3252 = CARTESIAN_POINT('',(-3.9,-1.85,4.4));
#3253 = DIRECTION('',(0.,1.,0.));
#3254 = DIRECTION('',(0.,0.,1.));
#3255 = ORIENTED_EDGE('',*,*,#3256,.T.);
#3256 = EDGE_CURVE('',#3248,#3257,#3259,.T.);
#3257 = VERTEX_POINT('',#3258);
#3258 = CARTESIAN_POINT('',(-4.1,-1.85,4.4));
#3259 = LINE('',#3260,#3261);
#3260 = CARTESIAN_POINT('',(-4.3,-1.85,4.4));
#3261 = VECTOR('',#3262,1.);
#3262 = DIRECTION('',(1.,0.,-3.469446951954E-16));
#3263 = ORIENTED_EDGE('',*,*,#3264,.F.);
#3264 = EDGE_CURVE('',#2649,#3257,#3265,.T.);
#3265 = CIRCLE('',#3266,0.2);
#3266 = AXIS2_PLACEMENT_3D('',#3267,#3268,#3269);
#3267 = CARTESIAN_POINT('',(-3.9,-1.85,4.4));
#3268 = DIRECTION('',(0.,-1.,0.));
#3269 = DIRECTION('',(0.,0.,1.));
#3270 = PLANE('',#3271);
#3271 = AXIS2_PLACEMENT_3D('',#3272,#3273,#3274);
#3272 = CARTESIAN_POINT('',(3.9,-1.85,4.6));
#3273 = DIRECTION('',(0.,1.,0.));
#3274 = DIRECTION('',(-1.,0.,0.));
#3275 = ADVANCED_FACE('',(#3276),#3303,.F.);
#3276 = FACE_BOUND('',#3277,.T.);
#3277 = EDGE_LOOP('',(#3278,#3279,#3288,#3296));
#3278 = ORIENTED_EDGE('',*,*,#3084,.T.);
#3279 = ORIENTED_EDGE('',*,*,#3280,.F.);
#3280 = EDGE_CURVE('',#3281,#2640,#3283,.T.);
#3281 = VERTEX_POINT('',#3282);
#3282 = CARTESIAN_POINT('',(4.1,-1.85,4.4));
#3283 = CIRCLE('',#3284,0.2);
#3284 = AXIS2_PLACEMENT_3D('',#3285,#3286,#3287);
#3285 = CARTESIAN_POINT('',(3.9,-1.85,4.4));
#3286 = DIRECTION('',(-2.22044604925E-16,-1.,0.));
#3287 = DIRECTION('',(0.,0.,1.));
#3288 = ORIENTED_EDGE('',*,*,#3289,.F.);
#3289 = EDGE_CURVE('',#3290,#3281,#3292,.T.);
#3290 = VERTEX_POINT('',#3291);
#3291 = CARTESIAN_POINT('',(4.3,-1.85,4.4));
#3292 = LINE('',#3293,#3294);
#3293 = CARTESIAN_POINT('',(4.3,-1.85,4.4));
#3294 = VECTOR('',#3295,1.);
#3295 = DIRECTION('',(-1.,0.,-1.006139616067E-14));
#3296 = ORIENTED_EDGE('',*,*,#3297,.F.);
#3297 = EDGE_CURVE('',#3085,#3290,#3298,.T.);
#3298 = CIRCLE('',#3299,0.4);
#3299 = AXIS2_PLACEMENT_3D('',#3300,#3301,#3302);
#3300 = CARTESIAN_POINT('',(3.9,-1.85,4.4));
#3301 = DIRECTION('',(2.22044604925E-16,1.,-0.));
#3302 = DIRECTION('',(0.,0.,1.));
#3303 = PLANE('',#3304);
#3304 = AXIS2_PLACEMENT_3D('',#3305,#3306,#3307);
#3305 = CARTESIAN_POINT('',(3.9,-1.85,4.6));
#3306 = DIRECTION('',(0.,1.,0.));
#3307 = DIRECTION('',(-1.,0.,0.));
#3308 = ADVANCED_FACE('',(#3309),#3328,.F.);
#3309 = FACE_BOUND('',#3310,.F.);
#3310 = EDGE_LOOP('',(#3311,#3312,#3313,#3321));
#3311 = ORIENTED_EDGE('',*,*,#3117,.T.);
#3312 = ORIENTED_EDGE('',*,*,#3280,.F.);
#3313 = ORIENTED_EDGE('',*,*,#3314,.T.);
#3314 = EDGE_CURVE('',#3281,#3315,#3317,.T.);
#3315 = VERTEX_POINT('',#3316);
#3316 = CARTESIAN_POINT('',(4.1,1.85,4.4));
#3317 = LINE('',#3318,#3319);
#3318 = CARTESIAN_POINT('',(4.1,0.,4.4));
#3319 = VECTOR('',#3320,1.);
#3320 = DIRECTION('',(0.,1.,0.));
#3321 = ORIENTED_EDGE('',*,*,#3322,.F.);
#3322 = EDGE_CURVE('',#3110,#3315,#3323,.T.);
#3323 = CIRCLE('',#3324,0.2);
#3324 = AXIS2_PLACEMENT_3D('',#3325,#3326,#3327);
#3325 = CARTESIAN_POINT('',(3.9,1.85,4.4));
#3326 = DIRECTION('',(0.,1.,0.));
#3327 = DIRECTION('',(0.,0.,1.));
#3328 = CYLINDRICAL_SURFACE('',#3329,0.2);
#3329 = AXIS2_PLACEMENT_3D('',#3330,#3331,#3332);
#3330 = CARTESIAN_POINT('',(3.9,0.,4.4));
#3331 = DIRECTION('',(0.,1.,0.));
#3332 = DIRECTION('',(0.,0.,1.));
#3333 = ADVANCED_FACE('',(#3334),#3353,.F.);
#3334 = FACE_BOUND('',#3335,.F.);
#3335 = EDGE_LOOP('',(#3336,#3344,#3345,#3346));
#3336 = ORIENTED_EDGE('',*,*,#3337,.T.);
#3337 = EDGE_CURVE('',#3338,#3257,#3340,.T.);
#3338 = VERTEX_POINT('',#3339);
#3339 = CARTESIAN_POINT('',(-4.1,1.85,4.4));
#3340 = LINE('',#3341,#3342);
#3341 = CARTESIAN_POINT('',(-4.1,0.,4.4));
#3342 = VECTOR('',#3343,1.);
#3343 = DIRECTION('',(0.,-1.,0.));
#3344 = ORIENTED_EDGE('',*,*,#3264,.F.);
#3345 = ORIENTED_EDGE('',*,*,#3124,.T.);
#3346 = ORIENTED_EDGE('',*,*,#3347,.F.);
#3347 = EDGE_CURVE('',#3338,#3108,#3348,.T.);
#3348 = CIRCLE('',#3349,0.2);
#3349 = AXIS2_PLACEMENT_3D('',#3350,#3351,#3352);
#3350 = CARTESIAN_POINT('',(-3.9,1.85,4.4));
#3351 = DIRECTION('',(0.,1.,0.));
#3352 = DIRECTION('',(0.,0.,1.));
#3353 = CYLINDRICAL_SURFACE('',#3354,0.2);
#3354 = AXIS2_PLACEMENT_3D('',#3355,#3356,#3357);
#3355 = CARTESIAN_POINT('',(-3.9,0.,4.4));
#3356 = DIRECTION('',(0.,-1.,0.));
#3357 = DIRECTION('',(0.,0.,1.));
#3358 = ADVANCED_FACE('',(#3359),#3370,.T.);
#3359 = FACE_BOUND('',#3360,.T.);
#3360 = EDGE_LOOP('',(#3361,#3362,#3363,#3369));
#3361 = ORIENTED_EDGE('',*,*,#3140,.F.);
#3362 = ORIENTED_EDGE('',*,*,#3231,.F.);
#3363 = ORIENTED_EDGE('',*,*,#3364,.F.);
#3364 = EDGE_CURVE('',#3110,#3224,#3365,.T.);
#3365 = LINE('',#3366,#3367);
#3366 = CARTESIAN_POINT('',(3.9,1.85,4.5));
#3367 = VECTOR('',#3368,1.);
#3368 = DIRECTION('',(0.,0.,1.));
#3369 = ORIENTED_EDGE('',*,*,#3163,.F.);
#3370 = PLANE('',#3371);
#3371 = AXIS2_PLACEMENT_3D('',#3372,#3373,#3374);
#3372 = CARTESIAN_POINT('',(3.9,2.25,4.4));
#3373 = DIRECTION('',(1.,0.,0.));
#3374 = DIRECTION('',(0.,0.,-1.));
#3375 = ADVANCED_FACE('',(#3376),#3387,.T.);
#3376 = FACE_BOUND('',#3377,.T.);
#3377 = EDGE_LOOP('',(#3378,#3379,#3380,#3386));
#3378 = ORIENTED_EDGE('',*,*,#3181,.F.);
#3379 = ORIENTED_EDGE('',*,*,#3155,.T.);
#3380 = ORIENTED_EDGE('',*,*,#3381,.F.);
#3381 = EDGE_CURVE('',#3215,#3108,#3382,.T.);
#3382 = LINE('',#3383,#3384);
#3383 = CARTESIAN_POINT('',(-3.9,1.85,4.5));
#3384 = VECTOR('',#3385,1.);
#3385 = DIRECTION('',(0.,0.,-1.));
#3386 = ORIENTED_EDGE('',*,*,#3214,.F.);
#3387 = PLANE('',#3388);
#3388 = AXIS2_PLACEMENT_3D('',#3389,#3390,#3391);
#3389 = CARTESIAN_POINT('',(-3.9,2.05,4.4));
#3390 = DIRECTION('',(-1.,0.,0.));
#3391 = DIRECTION('',(0.,0.,1.));
#3392 = ADVANCED_FACE('',(#3393),#3409,.T.);
#3393 = FACE_BOUND('',#3394,.T.);
#3394 = EDGE_LOOP('',(#3395,#3396,#3402,#3403));
#3395 = ORIENTED_EDGE('',*,*,#3223,.T.);
#3396 = ORIENTED_EDGE('',*,*,#3397,.T.);
#3397 = EDGE_CURVE('',#3215,#3059,#3398,.T.);
#3398 = LINE('',#3399,#3400);
#3399 = CARTESIAN_POINT('',(-3.9,-1.125,4.8));
#3400 = VECTOR('',#3401,1.);
#3401 = DIRECTION('',(0.,-1.,0.));
#3402 = ORIENTED_EDGE('',*,*,#3198,.T.);
#3403 = ORIENTED_EDGE('',*,*,#3404,.T.);
#3404 = EDGE_CURVE('',#3085,#3224,#3405,.T.);
#3405 = LINE('',#3406,#3407);
#3406 = CARTESIAN_POINT('',(3.9,1.125,4.8));
#3407 = VECTOR('',#3408,1.);
#3408 = DIRECTION('',(0.,1.,0.));
#3409 = PLANE('',#3410);
#3410 = AXIS2_PLACEMENT_3D('',#3411,#3412,#3413);
#3411 = CARTESIAN_POINT('',(0.,0.,4.8));
#3412 = DIRECTION('',(0.,0.,1.));
#3413 = DIRECTION('',(1.,0.,0.));
#3414 = ADVANCED_FACE('',(#3415),#3434,.T.);
#3415 = FACE_BOUND('',#3416,.T.);
#3416 = EDGE_LOOP('',(#3417,#3426,#3432,#3433));
#3417 = ORIENTED_EDGE('',*,*,#3418,.T.);
#3418 = EDGE_CURVE('',#3215,#3419,#3421,.T.);
#3419 = VERTEX_POINT('',#3420);
#3420 = CARTESIAN_POINT('',(-4.3,1.85,4.4));
#3421 = CIRCLE('',#3422,0.4);
#3422 = AXIS2_PLACEMENT_3D('',#3423,#3424,#3425);
#3423 = CARTESIAN_POINT('',(-3.9,1.85,4.4));
#3424 = DIRECTION('',(0.,-1.,0.));
#3425 = DIRECTION('',(0.,0.,1.));
#3426 = ORIENTED_EDGE('',*,*,#3427,.F.);
#3427 = EDGE_CURVE('',#3248,#3419,#3428,.T.);
#3428 = LINE('',#3429,#3430);
#3429 = CARTESIAN_POINT('',(-4.3,0.,4.4));
#3430 = VECTOR('',#3431,1.);
#3431 = DIRECTION('',(0.,1.,0.));
#3432 = ORIENTED_EDGE('',*,*,#3247,.T.);
#3433 = ORIENTED_EDGE('',*,*,#3397,.F.);
#3434 = CYLINDRICAL_SURFACE('',#3435,0.4);
#3435 = AXIS2_PLACEMENT_3D('',#3436,#3437,#3438);
#3436 = CARTESIAN_POINT('',(-3.9,0.,4.4));
#3437 = DIRECTION('',(0.,-1.,0.));
#3438 = DIRECTION('',(0.,0.,1.));
#3439 = ADVANCED_FACE('',(#3440),#3467,.T.);
#3440 = FACE_BOUND('',#3441,.T.);
#3441 = EDGE_LOOP('',(#3442,#3451,#3459,#3466));
#3442 = ORIENTED_EDGE('',*,*,#3443,.T.);
#3443 = EDGE_CURVE('',#3248,#3444,#3446,.T.);
#3444 = VERTEX_POINT('',#3445);
#3445 = CARTESIAN_POINT('',(-4.3,-2.25,4.));
#3446 = CIRCLE('',#3447,0.4);
#3447 = AXIS2_PLACEMENT_3D('',#3448,#3449,#3450);
#3448 = CARTESIAN_POINT('',(-4.3,-1.85,4.));
#3449 = DIRECTION('',(1.,0.,-6.123233995737E-17));
#3450 = DIRECTION('',(4.329780281177E-17,-0.707106781187,0.707106781187)
  );
#3451 = ORIENTED_EDGE('',*,*,#3452,.T.);
#3452 = EDGE_CURVE('',#3444,#3453,#3455,.T.);
#3453 = VERTEX_POINT('',#3454);
#3454 = CARTESIAN_POINT('',(-4.1,-2.25,4.));
#3455 = LINE('',#3456,#3457);
#3456 = CARTESIAN_POINT('',(-4.2,-2.25,4.));
#3457 = VECTOR('',#3458,1.);
#3458 = DIRECTION('',(1.,0.,-3.469446951954E-16));
#3459 = ORIENTED_EDGE('',*,*,#3460,.T.);
#3460 = EDGE_CURVE('',#3453,#3257,#3461,.T.);
#3461 = CIRCLE('',#3462,0.4);
#3462 = AXIS2_PLACEMENT_3D('',#3463,#3464,#3465);
#3463 = CARTESIAN_POINT('',(-4.1,-1.85,4.));
#3464 = DIRECTION('',(-1.,0.,3.061616997868E-17));
#3465 = DIRECTION('',(2.164890140589E-17,-0.707106781187,0.707106781187)
  );
#3466 = ORIENTED_EDGE('',*,*,#3256,.F.);
#3467 = CYLINDRICAL_SURFACE('',#3468,0.4);
#3468 = AXIS2_PLACEMENT_3D('',#3469,#3470,#3471);
#3469 = CARTESIAN_POINT('',(-4.2,-1.85,4.));
#3470 = DIRECTION('',(-1.,0.,3.469446951954E-16));
#3471 = DIRECTION('',(2.453269466693E-16,-0.707106781187,0.707106781187)
  );
#3472 = ADVANCED_FACE('',(#3473),#3500,.T.);
#3473 = FACE_BOUND('',#3474,.T.);
#3474 = EDGE_LOOP('',(#3475,#3484,#3492,#3499));
#3475 = ORIENTED_EDGE('',*,*,#3476,.T.);
#3476 = EDGE_CURVE('',#3281,#3477,#3479,.T.);
#3477 = VERTEX_POINT('',#3478);
#3478 = CARTESIAN_POINT('',(4.1,-2.25,4.));
#3479 = CIRCLE('',#3480,0.4);
#3480 = AXIS2_PLACEMENT_3D('',#3481,#3482,#3483);
#3481 = CARTESIAN_POINT('',(4.1,-1.85,4.));
#3482 = DIRECTION('',(1.,0.,1.806973009379E-15));
#3483 = DIRECTION('',(-1.277722868353E-15,-0.707106781187,0.707106781187
    ));
#3484 = ORIENTED_EDGE('',*,*,#3485,.T.);
#3485 = EDGE_CURVE('',#3477,#3486,#3488,.T.);
#3486 = VERTEX_POINT('',#3487);
#3487 = CARTESIAN_POINT('',(4.3,-2.25,4.));
#3488 = LINE('',#3489,#3490);
#3489 = CARTESIAN_POINT('',(4.1,-2.25,4.));
#3490 = VECTOR('',#3491,1.);
#3491 = DIRECTION('',(1.,0.,1.006139616067E-14));
#3492 = ORIENTED_EDGE('',*,*,#3493,.T.);
#3493 = EDGE_CURVE('',#3486,#3290,#3494,.T.);
#3494 = CIRCLE('',#3495,0.4);
#3495 = AXIS2_PLACEMENT_3D('',#3496,#3497,#3498);
#3496 = CARTESIAN_POINT('',(4.3,-1.85,4.));
#3497 = DIRECTION('',(-1.,0.,-1.837589179358E-15));
#3498 = DIRECTION('',(-1.299371769759E-15,-0.707106781187,0.707106781187
    ));
#3499 = ORIENTED_EDGE('',*,*,#3289,.T.);
#3500 = CYLINDRICAL_SURFACE('',#3501,0.4);
#3501 = AXIS2_PLACEMENT_3D('',#3502,#3503,#3504);
#3502 = CARTESIAN_POINT('',(4.1,-1.85,4.));
#3503 = DIRECTION('',(-1.,0.,-1.006139616067E-14));
#3504 = DIRECTION('',(-7.114481453411E-15,-0.707106781187,0.707106781187
    ));
#3505 = ADVANCED_FACE('',(#3506),#3525,.T.);
#3506 = FACE_BOUND('',#3507,.T.);
#3507 = EDGE_LOOP('',(#3508,#3517,#3518,#3519));
#3508 = ORIENTED_EDGE('',*,*,#3509,.T.);
#3509 = EDGE_CURVE('',#3510,#3224,#3512,.T.);
#3510 = VERTEX_POINT('',#3511);
#3511 = CARTESIAN_POINT('',(4.3,1.85,4.4));
#3512 = CIRCLE('',#3513,0.4);
#3513 = AXIS2_PLACEMENT_3D('',#3514,#3515,#3516);
#3514 = CARTESIAN_POINT('',(3.9,1.85,4.4));
#3515 = DIRECTION('',(0.,-1.,0.));
#3516 = DIRECTION('',(0.,0.,1.));
#3517 = ORIENTED_EDGE('',*,*,#3404,.F.);
#3518 = ORIENTED_EDGE('',*,*,#3297,.T.);
#3519 = ORIENTED_EDGE('',*,*,#3520,.F.);
#3520 = EDGE_CURVE('',#3510,#3290,#3521,.T.);
#3521 = LINE('',#3522,#3523);
#3522 = CARTESIAN_POINT('',(4.3,0.,4.4));
#3523 = VECTOR('',#3524,1.);
#3524 = DIRECTION('',(0.,-1.,0.));
#3525 = CYLINDRICAL_SURFACE('',#3526,0.4);
#3526 = AXIS2_PLACEMENT_3D('',#3527,#3528,#3529);
#3527 = CARTESIAN_POINT('',(3.9,0.,4.4));
#3528 = DIRECTION('',(0.,1.,0.));
#3529 = DIRECTION('',(0.,0.,1.));
#3530 = ADVANCED_FACE('',(#3531),#3696,.T.);
#3531 = FACE_BOUND('',#3532,.T.);
#3532 = EDGE_LOOP('',(#3533,#3544,#3552,#3560,#3569,#3577,#3586,#3595,
    #3604,#3612,#3621,#3627,#3628,#3629,#3638,#3646,#3655,#3663,#3672,
    #3681,#3690));
#3533 = ORIENTED_EDGE('',*,*,#3534,.F.);
#3534 = EDGE_CURVE('',#3535,#3537,#3539,.T.);
#3535 = VERTEX_POINT('',#3536);
#3536 = CARTESIAN_POINT('',(4.1,0.482842712475,-2.217157287525));
#3537 = VERTEX_POINT('',#3538);
#3538 = CARTESIAN_POINT('',(4.1,0.6,-1.934314575051));
#3539 = CIRCLE('',#3540,0.4);
#3540 = AXIS2_PLACEMENT_3D('',#3541,#3542,#3543);
#3541 = CARTESIAN_POINT('',(4.1,0.2,-1.934314575051));
#3542 = DIRECTION('',(1.,0.,1.806973009379E-15));
#3543 = DIRECTION('',(6.914986334202E-16,0.923879532511,-0.382683432365)
  );
#3544 = ORIENTED_EDGE('',*,*,#3545,.T.);
#3545 = EDGE_CURVE('',#3535,#3546,#3548,.T.);
#3546 = VERTEX_POINT('',#3547);
#3547 = CARTESIAN_POINT('',(4.1,0.,-2.7));
#3548 = LINE('',#3549,#3550);
#3549 = CARTESIAN_POINT('',(4.1,0.,-2.7));
#3550 = VECTOR('',#3551,1.);
#3551 = DIRECTION('',(4.329780281177E-17,-0.707106781187,-0.707106781187
    ));
#3552 = ORIENTED_EDGE('',*,*,#3553,.T.);
#3553 = EDGE_CURVE('',#3546,#3554,#3556,.T.);
#3554 = VERTEX_POINT('',#3555);
#3555 = CARTESIAN_POINT('',(4.1,-0.482842712475,-2.217157287525));
#3556 = LINE('',#3557,#3558);
#3557 = CARTESIAN_POINT('',(4.1,0.,-2.7));
#3558 = VECTOR('',#3559,1.);
#3559 = DIRECTION('',(-4.329780281177E-17,-0.707106781187,0.707106781187
    ));
#3560 = ORIENTED_EDGE('',*,*,#3561,.F.);
#3561 = EDGE_CURVE('',#3562,#3554,#3564,.T.);
#3562 = VERTEX_POINT('',#3563);
#3563 = CARTESIAN_POINT('',(4.1,-0.6,-1.934314575051));
#3564 = CIRCLE('',#3565,0.4);
#3565 = AXIS2_PLACEMENT_3D('',#3566,#3567,#3568);
#3566 = CARTESIAN_POINT('',(4.1,-0.2,-1.934314575051));
#3567 = DIRECTION('',(1.,0.,1.806973009379E-15));
#3568 = DIRECTION('',(6.914986334202E-16,-0.923879532511,-0.382683432365
    ));
#3569 = ORIENTED_EDGE('',*,*,#3570,.T.);
#3570 = EDGE_CURVE('',#3562,#3571,#3573,.T.);
#3571 = VERTEX_POINT('',#3572);
#3572 = CARTESIAN_POINT('',(4.1,-0.6,-0.429150262213));
#3573 = LINE('',#3574,#3575);
#3574 = CARTESIAN_POINT('',(4.1,-0.6,9.999999999999E-02));
#3575 = VECTOR('',#3576,1.);
#3576 = DIRECTION('',(-6.123233995737E-17,0.,1.));
#3577 = ORIENTED_EDGE('',*,*,#3578,.F.);
#3578 = EDGE_CURVE('',#3579,#3571,#3581,.T.);
#3579 = VERTEX_POINT('',#3580);
#3580 = CARTESIAN_POINT('',(4.1,-0.45,-3.228756555326E-02));
#3581 = CIRCLE('',#3582,0.6);
#3582 = AXIS2_PLACEMENT_3D('',#3583,#3584,#3585);
#3583 = CARTESIAN_POINT('',(4.1,0.,-0.429150262213));
#3584 = DIRECTION('',(1.,0.,1.806973009379E-15));
#3585 = DIRECTION('',(-6.388614341765E-16,-0.935414346693,0.353553390593
    ));
#3586 = ORIENTED_EDGE('',*,*,#3587,.T.);
#3587 = EDGE_CURVE('',#3579,#3588,#3590,.T.);
#3588 = VERTEX_POINT('',#3589);
#3589 = CARTESIAN_POINT('',(4.1,-0.732287565553,0.25));
#3590 = CIRCLE('',#3591,0.2);
#3591 = AXIS2_PLACEMENT_3D('',#3592,#3593,#3594);
#3592 = CARTESIAN_POINT('',(4.1,-0.6,9.999999999997E-02));
#3593 = DIRECTION('',(1.,-0.,1.806973009379E-15));
#3594 = DIRECTION('',(0.,1.,0.));
#3595 = ORIENTED_EDGE('',*,*,#3596,.F.);
#3596 = EDGE_CURVE('',#3597,#3588,#3599,.T.);
#3597 = VERTEX_POINT('',#3598);
#3598 = CARTESIAN_POINT('',(4.1,-1.129150262213,1.E-01));
#3599 = CIRCLE('',#3600,0.6);
#3600 = AXIS2_PLACEMENT_3D('',#3601,#3602,#3603);
#3601 = CARTESIAN_POINT('',(4.1,-1.129150262213,0.7));
#3602 = DIRECTION('',(1.,0.,1.806973009379E-15));
#3603 = DIRECTION('',(1.690268477061E-15,0.353553390593,-0.935414346693)
  );
#3604 = ORIENTED_EDGE('',*,*,#3605,.T.);
#3605 = EDGE_CURVE('',#3597,#3606,#3608,.T.);
#3606 = VERTEX_POINT('',#3607);
#3607 = CARTESIAN_POINT('',(4.1,-1.85,1.E-01));
#3608 = LINE('',#3609,#3610);
#3609 = CARTESIAN_POINT('',(4.1,2.25,1.E-01));
#3610 = VECTOR('',#3611,1.);
#3611 = DIRECTION('',(0.,-1.,0.));
#3612 = ORIENTED_EDGE('',*,*,#3613,.F.);
#3613 = EDGE_CURVE('',#3614,#3606,#3616,.T.);
#3614 = VERTEX_POINT('',#3615);
#3615 = CARTESIAN_POINT('',(4.1,-2.25,0.5));
#3616 = CIRCLE('',#3617,0.4);
#3617 = AXIS2_PLACEMENT_3D('',#3618,#3619,#3620);
#3618 = CARTESIAN_POINT('',(4.1,-1.85,0.5));
#3619 = DIRECTION('',(1.,0.,1.806973009379E-15));
#3620 = DIRECTION('',(1.277722868353E-15,-0.707106781187,-0.707106781187
    ));
#3621 = ORIENTED_EDGE('',*,*,#3622,.T.);
#3622 = EDGE_CURVE('',#3614,#3477,#3623,.T.);
#3623 = LINE('',#3624,#3625);
#3624 = CARTESIAN_POINT('',(4.1,-2.25,5.304778684234));
#3625 = VECTOR('',#3626,1.);
#3626 = DIRECTION('',(-1.7763568394E-15,0.,1.));
#3627 = ORIENTED_EDGE('',*,*,#3476,.F.);
#3628 = ORIENTED_EDGE('',*,*,#3314,.T.);
#3629 = ORIENTED_EDGE('',*,*,#3630,.F.);
#3630 = EDGE_CURVE('',#3631,#3315,#3633,.T.);
#3631 = VERTEX_POINT('',#3632);
#3632 = CARTESIAN_POINT('',(4.1,2.25,4.));
#3633 = CIRCLE('',#3634,0.4);
#3634 = AXIS2_PLACEMENT_3D('',#3635,#3636,#3637);
#3635 = CARTESIAN_POINT('',(4.1,1.85,4.));
#3636 = DIRECTION('',(1.,0.,1.806973009379E-15));
#3637 = DIRECTION('',(-1.277722868353E-15,0.707106781187,0.707106781187)
  );
#3638 = ORIENTED_EDGE('',*,*,#3639,.F.);
#3639 = EDGE_CURVE('',#3640,#3631,#3642,.T.);
#3640 = VERTEX_POINT('',#3641);
#3641 = CARTESIAN_POINT('',(4.1,2.25,0.5));
#3642 = LINE('',#3643,#3644);
#3643 = CARTESIAN_POINT('',(4.1,2.25,5.304778684234));
#3644 = VECTOR('',#3645,1.);
#3645 = DIRECTION('',(-1.7763568394E-15,0.,1.));
#3646 = ORIENTED_EDGE('',*,*,#3647,.F.);
#3647 = EDGE_CURVE('',#3648,#3640,#3650,.T.);
#3648 = VERTEX_POINT('',#3649);
#3649 = CARTESIAN_POINT('',(4.1,1.85,1.E-01));
#3650 = CIRCLE('',#3651,0.4);
#3651 = AXIS2_PLACEMENT_3D('',#3652,#3653,#3654);
#3652 = CARTESIAN_POINT('',(4.1,1.85,0.5));
#3653 = DIRECTION('',(1.,0.,1.806973009379E-15));
#3654 = DIRECTION('',(1.277722868353E-15,0.707106781187,-0.707106781187)
  );
#3655 = ORIENTED_EDGE('',*,*,#3656,.T.);
#3656 = EDGE_CURVE('',#3648,#3657,#3659,.T.);
#3657 = VERTEX_POINT('',#3658);
#3658 = CARTESIAN_POINT('',(4.1,1.129150262213,1.E-01));
#3659 = LINE('',#3660,#3661);
#3660 = CARTESIAN_POINT('',(4.1,2.25,1.E-01));
#3661 = VECTOR('',#3662,1.);
#3662 = DIRECTION('',(0.,-1.,0.));
#3663 = ORIENTED_EDGE('',*,*,#3664,.F.);
#3664 = EDGE_CURVE('',#3665,#3657,#3667,.T.);
#3665 = VERTEX_POINT('',#3666);
#3666 = CARTESIAN_POINT('',(4.1,0.732287565553,0.25));
#3667 = CIRCLE('',#3668,0.6);
#3668 = AXIS2_PLACEMENT_3D('',#3669,#3670,#3671);
#3669 = CARTESIAN_POINT('',(4.1,1.129150262213,0.7));
#3670 = DIRECTION('',(1.,0.,1.806973009379E-15));
#3671 = DIRECTION('',(1.690268477061E-15,-0.353553390593,-0.935414346693
    ));
#3672 = ORIENTED_EDGE('',*,*,#3673,.T.);
#3673 = EDGE_CURVE('',#3665,#3674,#3676,.T.);
#3674 = VERTEX_POINT('',#3675);
#3675 = CARTESIAN_POINT('',(4.1,0.45,-3.228756555326E-02));
#3676 = CIRCLE('',#3677,0.2);
#3677 = AXIS2_PLACEMENT_3D('',#3678,#3679,#3680);
#3678 = CARTESIAN_POINT('',(4.1,0.6,9.999999999997E-02));
#3679 = DIRECTION('',(1.,-0.,1.806973009379E-15));
#3680 = DIRECTION('',(0.,1.,0.));
#3681 = ORIENTED_EDGE('',*,*,#3682,.F.);
#3682 = EDGE_CURVE('',#3683,#3674,#3685,.T.);
#3683 = VERTEX_POINT('',#3684);
#3684 = CARTESIAN_POINT('',(4.1,0.6,-0.429150262213));
#3685 = CIRCLE('',#3686,0.6);
#3686 = AXIS2_PLACEMENT_3D('',#3687,#3688,#3689);
#3687 = CARTESIAN_POINT('',(4.1,0.,-0.429150262213));
#3688 = DIRECTION('',(1.,0.,1.806973009379E-15));
#3689 = DIRECTION('',(-6.388614341765E-16,0.935414346693,0.353553390593)
  );
#3690 = ORIENTED_EDGE('',*,*,#3691,.T.);
#3691 = EDGE_CURVE('',#3683,#3537,#3692,.T.);
#3692 = LINE('',#3693,#3694);
#3693 = CARTESIAN_POINT('',(4.1,0.6,9.999999999999E-02));
#3694 = VECTOR('',#3695,1.);
#3695 = DIRECTION('',(6.123233995737E-17,0.,-1.));
#3696 = PLANE('',#3697);
#3697 = AXIS2_PLACEMENT_3D('',#3698,#3699,#3700);
#3698 = CARTESIAN_POINT('',(4.1,0.,2.476194671058));
#3699 = DIRECTION('',(-1.,0.,-1.806973009379E-15));
#3700 = DIRECTION('',(-1.806973009379E-15,0.,1.));
#3701 = ADVANCED_FACE('',(#3702),#3713,.F.);
#3702 = FACE_BOUND('',#3703,.T.);
#3703 = EDGE_LOOP('',(#3704,#3705,#3706,#3712));
#3704 = ORIENTED_EDGE('',*,*,#3364,.T.);
#3705 = ORIENTED_EDGE('',*,*,#3509,.F.);
#3706 = ORIENTED_EDGE('',*,*,#3707,.T.);
#3707 = EDGE_CURVE('',#3510,#3315,#3708,.T.);
#3708 = LINE('',#3709,#3710);
#3709 = CARTESIAN_POINT('',(4.3,1.85,4.4));
#3710 = VECTOR('',#3711,1.);
#3711 = DIRECTION('',(-1.,0.,-1.006139616067E-14));
#3712 = ORIENTED_EDGE('',*,*,#3322,.F.);
#3713 = PLANE('',#3714);
#3714 = AXIS2_PLACEMENT_3D('',#3715,#3716,#3717);
#3715 = CARTESIAN_POINT('',(-3.9,1.85,4.6));
#3716 = DIRECTION('',(0.,-1.,0.));
#3717 = DIRECTION('',(1.,0.,0.));
#3718 = ADVANCED_FACE('',(#3719),#3884,.T.);
#3719 = FACE_BOUND('',#3720,.T.);
#3720 = EDGE_LOOP('',(#3721,#3732,#3740,#3748,#3757,#3765,#3774,#3783,
    #3792,#3800,#3809,#3817,#3824,#3825,#3826,#3834,#3843,#3851,#3860,
    #3869,#3878));
#3721 = ORIENTED_EDGE('',*,*,#3722,.F.);
#3722 = EDGE_CURVE('',#3723,#3725,#3727,.T.);
#3723 = VERTEX_POINT('',#3724);
#3724 = CARTESIAN_POINT('',(-4.1,-0.482842712475,-2.217157128828));
#3725 = VERTEX_POINT('',#3726);
#3726 = CARTESIAN_POINT('',(-4.1,-0.6,-1.934314416353));
#3727 = CIRCLE('',#3728,0.4);
#3728 = AXIS2_PLACEMENT_3D('',#3729,#3730,#3731);
#3729 = CARTESIAN_POINT('',(-4.1,-0.2,-1.934314416353));
#3730 = DIRECTION('',(-1.,1.54074395551E-33,3.061616997868E-17));
#3731 = DIRECTION('',(-1.171630101332E-17,-0.923879532511,
    -0.382683432365));
#3732 = ORIENTED_EDGE('',*,*,#3733,.T.);
#3733 = EDGE_CURVE('',#3723,#3734,#3736,.T.);
#3734 = VERTEX_POINT('',#3735);
#3735 = CARTESIAN_POINT('',(-4.1,0.,-2.699999841303));
#3736 = LINE('',#3737,#3738);
#3737 = CARTESIAN_POINT('',(-4.1,0.,-2.699999841303));
#3738 = VECTOR('',#3739,1.);
#3739 = DIRECTION('',(-4.329780281177E-17,0.707106781187,-0.707106781187
    ));
#3740 = ORIENTED_EDGE('',*,*,#3741,.T.);
#3741 = EDGE_CURVE('',#3734,#3742,#3744,.T.);
#3742 = VERTEX_POINT('',#3743);
#3743 = CARTESIAN_POINT('',(-4.1,0.482842712475,-2.217157128828));
#3744 = LINE('',#3745,#3746);
#3745 = CARTESIAN_POINT('',(-4.1,0.,-2.699999841303));
#3746 = VECTOR('',#3747,1.);
#3747 = DIRECTION('',(4.329780281177E-17,0.707106781187,0.707106781187)
  );
#3748 = ORIENTED_EDGE('',*,*,#3749,.F.);
#3749 = EDGE_CURVE('',#3750,#3742,#3752,.T.);
#3750 = VERTEX_POINT('',#3751);
#3751 = CARTESIAN_POINT('',(-4.1,0.6,-1.934314416353));
#3752 = CIRCLE('',#3753,0.4);
#3753 = AXIS2_PLACEMENT_3D('',#3754,#3755,#3756);
#3754 = CARTESIAN_POINT('',(-4.1,0.2,-1.934314416353));
#3755 = DIRECTION('',(-1.,1.54074395551E-33,3.061616997868E-17));
#3756 = DIRECTION('',(-1.171630101332E-17,0.923879532511,-0.382683432365
    ));
#3757 = ORIENTED_EDGE('',*,*,#3758,.T.);
#3758 = EDGE_CURVE('',#3750,#3759,#3761,.T.);
#3759 = VERTEX_POINT('',#3760);
#3760 = CARTESIAN_POINT('',(-4.1,0.6,-0.429150262213));
#3761 = LINE('',#3762,#3763);
#3762 = CARTESIAN_POINT('',(-4.1,0.6,1.E-01));
#3763 = VECTOR('',#3764,1.);
#3764 = DIRECTION('',(6.123233995737E-17,0.,1.));
#3765 = ORIENTED_EDGE('',*,*,#3766,.F.);
#3766 = EDGE_CURVE('',#3767,#3759,#3769,.T.);
#3767 = VERTEX_POINT('',#3768);
#3768 = CARTESIAN_POINT('',(-4.1,0.45,-3.228756555326E-02));
#3769 = CIRCLE('',#3770,0.6);
#3770 = AXIS2_PLACEMENT_3D('',#3771,#3772,#3773);
#3771 = CARTESIAN_POINT('',(-4.1,0.,-0.429150262213));
#3772 = DIRECTION('',(-1.,0.,3.061616997868E-17));
#3773 = DIRECTION('',(1.082445070294E-17,0.935414346693,0.353553390593)
  );
#3774 = ORIENTED_EDGE('',*,*,#3775,.T.);
#3775 = EDGE_CURVE('',#3767,#3776,#3778,.T.);
#3776 = VERTEX_POINT('',#3777);
#3777 = CARTESIAN_POINT('',(-4.1,0.732287565553,0.25));
#3778 = CIRCLE('',#3779,0.2);
#3779 = AXIS2_PLACEMENT_3D('',#3780,#3781,#3782);
#3780 = CARTESIAN_POINT('',(-4.1,0.6,9.999999999997E-02));
#3781 = DIRECTION('',(-1.,0.,3.061616997868E-17));
#3782 = DIRECTION('',(0.,1.,0.));
#3783 = ORIENTED_EDGE('',*,*,#3784,.F.);
#3784 = EDGE_CURVE('',#3785,#3776,#3787,.T.);
#3785 = VERTEX_POINT('',#3786);
#3786 = CARTESIAN_POINT('',(-4.1,1.129150262213,1.E-01));
#3787 = CIRCLE('',#3788,0.6);
#3788 = AXIS2_PLACEMENT_3D('',#3789,#3790,#3791);
#3789 = CARTESIAN_POINT('',(-4.1,1.129150262213,0.7));
#3790 = DIRECTION('',(-1.,0.,3.061616997868E-17));
#3791 = DIRECTION('',(-2.863880463887E-17,-0.353553390593,
    -0.935414346693));
#3792 = ORIENTED_EDGE('',*,*,#3793,.T.);
#3793 = EDGE_CURVE('',#3785,#3794,#3796,.T.);
#3794 = VERTEX_POINT('',#3795);
#3795 = CARTESIAN_POINT('',(-4.1,1.85,1.E-01));
#3796 = LINE('',#3797,#3798);
#3797 = CARTESIAN_POINT('',(-4.1,-2.25,1.E-01));
#3798 = VECTOR('',#3799,1.);
#3799 = DIRECTION('',(0.,1.,0.));
#3800 = ORIENTED_EDGE('',*,*,#3801,.F.);
#3801 = EDGE_CURVE('',#3802,#3794,#3804,.T.);
#3802 = VERTEX_POINT('',#3803);
#3803 = CARTESIAN_POINT('',(-4.1,2.25,0.5));
#3804 = CIRCLE('',#3805,0.4);
#3805 = AXIS2_PLACEMENT_3D('',#3806,#3807,#3808);
#3806 = CARTESIAN_POINT('',(-4.1,1.85,0.5));
#3807 = DIRECTION('',(-1.,0.,3.061616997868E-17));
#3808 = DIRECTION('',(-2.164890140589E-17,0.707106781187,-0.707106781187
    ));
#3809 = ORIENTED_EDGE('',*,*,#3810,.T.);
#3810 = EDGE_CURVE('',#3802,#3811,#3813,.T.);
#3811 = VERTEX_POINT('',#3812);
#3812 = CARTESIAN_POINT('',(-4.1,2.25,4.));
#3813 = LINE('',#3814,#3815);
#3814 = CARTESIAN_POINT('',(-4.1,2.25,5.304778684234));
#3815 = VECTOR('',#3816,1.);
#3816 = DIRECTION('',(0.,0.,1.));
#3817 = ORIENTED_EDGE('',*,*,#3818,.F.);
#3818 = EDGE_CURVE('',#3338,#3811,#3819,.T.);
#3819 = CIRCLE('',#3820,0.4);
#3820 = AXIS2_PLACEMENT_3D('',#3821,#3822,#3823);
#3821 = CARTESIAN_POINT('',(-4.1,1.85,4.));
#3822 = DIRECTION('',(-1.,0.,3.061616997868E-17));
#3823 = DIRECTION('',(2.164890140589E-17,0.707106781187,0.707106781187)
  );
#3824 = ORIENTED_EDGE('',*,*,#3337,.T.);
#3825 = ORIENTED_EDGE('',*,*,#3460,.F.);
#3826 = ORIENTED_EDGE('',*,*,#3827,.F.);
#3827 = EDGE_CURVE('',#3828,#3453,#3830,.T.);
#3828 = VERTEX_POINT('',#3829);
#3829 = CARTESIAN_POINT('',(-4.1,-2.25,0.5));
#3830 = LINE('',#3831,#3832);
#3831 = CARTESIAN_POINT('',(-4.1,-2.25,5.304778684234));
#3832 = VECTOR('',#3833,1.);
#3833 = DIRECTION('',(0.,0.,1.));
#3834 = ORIENTED_EDGE('',*,*,#3835,.F.);
#3835 = EDGE_CURVE('',#3836,#3828,#3838,.T.);
#3836 = VERTEX_POINT('',#3837);
#3837 = CARTESIAN_POINT('',(-4.1,-1.85,1.E-01));
#3838 = CIRCLE('',#3839,0.4);
#3839 = AXIS2_PLACEMENT_3D('',#3840,#3841,#3842);
#3840 = CARTESIAN_POINT('',(-4.1,-1.85,0.5));
#3841 = DIRECTION('',(-1.,0.,3.061616997868E-17));
#3842 = DIRECTION('',(-2.164890140589E-17,-0.707106781187,
    -0.707106781187));
#3843 = ORIENTED_EDGE('',*,*,#3844,.T.);
#3844 = EDGE_CURVE('',#3836,#3845,#3847,.T.);
#3845 = VERTEX_POINT('',#3846);
#3846 = CARTESIAN_POINT('',(-4.1,-1.129150262213,1.E-01));
#3847 = LINE('',#3848,#3849);
#3848 = CARTESIAN_POINT('',(-4.1,-2.25,1.E-01));
#3849 = VECTOR('',#3850,1.);
#3850 = DIRECTION('',(0.,1.,0.));
#3851 = ORIENTED_EDGE('',*,*,#3852,.F.);
#3852 = EDGE_CURVE('',#3853,#3845,#3855,.T.);
#3853 = VERTEX_POINT('',#3854);
#3854 = CARTESIAN_POINT('',(-4.1,-0.732287565553,0.25));
#3855 = CIRCLE('',#3856,0.6);
#3856 = AXIS2_PLACEMENT_3D('',#3857,#3858,#3859);
#3857 = CARTESIAN_POINT('',(-4.1,-1.129150262213,0.7));
#3858 = DIRECTION('',(-1.,0.,3.061616997868E-17));
#3859 = DIRECTION('',(-2.863880463887E-17,0.353553390593,-0.935414346693
    ));
#3860 = ORIENTED_EDGE('',*,*,#3861,.T.);
#3861 = EDGE_CURVE('',#3853,#3862,#3864,.T.);
#3862 = VERTEX_POINT('',#3863);
#3863 = CARTESIAN_POINT('',(-4.1,-0.45,-3.228756555326E-02));
#3864 = CIRCLE('',#3865,0.2);
#3865 = AXIS2_PLACEMENT_3D('',#3866,#3867,#3868);
#3866 = CARTESIAN_POINT('',(-4.1,-0.6,9.999999999997E-02));
#3867 = DIRECTION('',(-1.,0.,3.061616997868E-17));
#3868 = DIRECTION('',(0.,1.,0.));
#3869 = ORIENTED_EDGE('',*,*,#3870,.F.);
#3870 = EDGE_CURVE('',#3871,#3862,#3873,.T.);
#3871 = VERTEX_POINT('',#3872);
#3872 = CARTESIAN_POINT('',(-4.1,-0.6,-0.429150262213));
#3873 = CIRCLE('',#3874,0.6);
#3874 = AXIS2_PLACEMENT_3D('',#3875,#3876,#3877);
#3875 = CARTESIAN_POINT('',(-4.1,0.,-0.429150262213));
#3876 = DIRECTION('',(-1.,0.,3.061616997868E-17));
#3877 = DIRECTION('',(1.082445070294E-17,-0.935414346693,0.353553390593)
  );
#3878 = ORIENTED_EDGE('',*,*,#3879,.T.);
#3879 = EDGE_CURVE('',#3871,#3725,#3880,.T.);
#3880 = LINE('',#3881,#3882);
#3881 = CARTESIAN_POINT('',(-4.1,-0.6,1.E-01));
#3882 = VECTOR('',#3883,1.);
#3883 = DIRECTION('',(-6.123233995737E-17,0.,-1.));
#3884 = PLANE('',#3885);
#3885 = AXIS2_PLACEMENT_3D('',#3886,#3887,#3888);
#3886 = CARTESIAN_POINT('',(-4.1,0.,2.476194671058));
#3887 = DIRECTION('',(1.,0.,-3.061616997868E-17));
#3888 = DIRECTION('',(-3.061616997868E-17,0.,-1.));
#3889 = ADVANCED_FACE('',(#3890),#3901,.F.);
#3890 = FACE_BOUND('',#3891,.T.);
#3891 = EDGE_LOOP('',(#3892,#3893,#3894,#3900));
#3892 = ORIENTED_EDGE('',*,*,#3381,.T.);
#3893 = ORIENTED_EDGE('',*,*,#3347,.F.);
#3894 = ORIENTED_EDGE('',*,*,#3895,.F.);
#3895 = EDGE_CURVE('',#3419,#3338,#3896,.T.);
#3896 = LINE('',#3897,#3898);
#3897 = CARTESIAN_POINT('',(-4.3,1.85,4.4));
#3898 = VECTOR('',#3899,1.);
#3899 = DIRECTION('',(1.,0.,-3.469446951954E-16));
#3900 = ORIENTED_EDGE('',*,*,#3418,.F.);
#3901 = PLANE('',#3902);
#3902 = AXIS2_PLACEMENT_3D('',#3903,#3904,#3905);
#3903 = CARTESIAN_POINT('',(-3.9,1.85,4.6));
#3904 = DIRECTION('',(0.,-1.,0.));
#3905 = DIRECTION('',(1.,0.,0.));
#3906 = ADVANCED_FACE('',(#3907),#4072,.T.);
#3907 = FACE_BOUND('',#3908,.T.);
#3908 = EDGE_LOOP('',(#3909,#3920,#3928,#3937,#3946,#3955,#3963,#3972,
    #3978,#3979,#3980,#3989,#3997,#4006,#4014,#4023,#4032,#4041,#4049,
    #4058,#4066));
#3909 = ORIENTED_EDGE('',*,*,#3910,.F.);
#3910 = EDGE_CURVE('',#3911,#3913,#3915,.T.);
#3911 = VERTEX_POINT('',#3912);
#3912 = CARTESIAN_POINT('',(-4.3,-0.6,-1.934314416353));
#3913 = VERTEX_POINT('',#3914);
#3914 = CARTESIAN_POINT('',(-4.3,-0.482842712475,-2.217157128828));
#3915 = CIRCLE('',#3916,0.4);
#3916 = AXIS2_PLACEMENT_3D('',#3917,#3918,#3919);
#3917 = CARTESIAN_POINT('',(-4.3,-0.2,-1.934314416353));
#3918 = DIRECTION('',(1.,0.,-6.123233995737E-17));
#3919 = DIRECTION('',(-2.343260202663E-17,-0.923879532511,
    -0.382683432365));
#3920 = ORIENTED_EDGE('',*,*,#3921,.F.);
#3921 = EDGE_CURVE('',#3922,#3911,#3924,.T.);
#3922 = VERTEX_POINT('',#3923);
#3923 = CARTESIAN_POINT('',(-4.3,-0.6,-0.429150262213));
#3924 = LINE('',#3925,#3926);
#3925 = CARTESIAN_POINT('',(-4.3,-0.6,1.E-01));
#3926 = VECTOR('',#3927,1.);
#3927 = DIRECTION('',(-6.123233995737E-17,0.,-1.));
#3928 = ORIENTED_EDGE('',*,*,#3929,.F.);
#3929 = EDGE_CURVE('',#3930,#3922,#3932,.T.);
#3930 = VERTEX_POINT('',#3931);
#3931 = CARTESIAN_POINT('',(-4.3,-0.45,-3.228756555326E-02));
#3932 = CIRCLE('',#3933,0.6);
#3933 = AXIS2_PLACEMENT_3D('',#3934,#3935,#3936);
#3934 = CARTESIAN_POINT('',(-4.3,0.,-0.429150262213));
#3935 = DIRECTION('',(1.,-3.08148791102E-33,-6.123233995737E-17));
#3936 = DIRECTION('',(2.164890140589E-17,-0.935414346693,0.353553390593)
  );
#3937 = ORIENTED_EDGE('',*,*,#3938,.T.);
#3938 = EDGE_CURVE('',#3930,#3939,#3941,.T.);
#3939 = VERTEX_POINT('',#3940);
#3940 = CARTESIAN_POINT('',(-4.3,-0.732287565553,0.25));
#3941 = CIRCLE('',#3942,0.2);
#3942 = AXIS2_PLACEMENT_3D('',#3943,#3944,#3945);
#3943 = CARTESIAN_POINT('',(-4.3,-0.6,9.999999999997E-02));
#3944 = DIRECTION('',(1.,0.,-6.123233995737E-17));
#3945 = DIRECTION('',(0.,1.,0.));
#3946 = ORIENTED_EDGE('',*,*,#3947,.F.);
#3947 = EDGE_CURVE('',#3948,#3939,#3950,.T.);
#3948 = VERTEX_POINT('',#3949);
#3949 = CARTESIAN_POINT('',(-4.3,-1.129150262213,1.E-01));
#3950 = CIRCLE('',#3951,0.6);
#3951 = AXIS2_PLACEMENT_3D('',#3952,#3953,#3954);
#3952 = CARTESIAN_POINT('',(-4.3,-1.129150262213,0.7));
#3953 = DIRECTION('',(1.,0.,-6.123233995737E-17));
#3954 = DIRECTION('',(-5.727760927774E-17,0.353553390593,-0.935414346693
    ));
#3955 = ORIENTED_EDGE('',*,*,#3956,.T.);
#3956 = EDGE_CURVE('',#3948,#3957,#3959,.T.);
#3957 = VERTEX_POINT('',#3958);
#3958 = CARTESIAN_POINT('',(-4.3,-1.85,1.E-01));
#3959 = LINE('',#3960,#3961);
#3960 = CARTESIAN_POINT('',(-4.3,-2.25,1.E-01));
#3961 = VECTOR('',#3962,1.);
#3962 = DIRECTION('',(0.,-1.,0.));
#3963 = ORIENTED_EDGE('',*,*,#3964,.F.);
#3964 = EDGE_CURVE('',#3965,#3957,#3967,.T.);
#3965 = VERTEX_POINT('',#3966);
#3966 = CARTESIAN_POINT('',(-4.3,-2.25,0.5));
#3967 = CIRCLE('',#3968,0.4);
#3968 = AXIS2_PLACEMENT_3D('',#3969,#3970,#3971);
#3969 = CARTESIAN_POINT('',(-4.3,-1.85,0.5));
#3970 = DIRECTION('',(1.,0.,-6.123233995737E-17));
#3971 = DIRECTION('',(-4.329780281177E-17,-0.707106781187,
    -0.707106781187));
#3972 = ORIENTED_EDGE('',*,*,#3973,.T.);
#3973 = EDGE_CURVE('',#3965,#3444,#3974,.T.);
#3974 = LINE('',#3975,#3976);
#3975 = CARTESIAN_POINT('',(-4.3,-2.25,4.4));
#3976 = VECTOR('',#3977,1.);
#3977 = DIRECTION('',(6.123233995737E-17,0.,1.));
#3978 = ORIENTED_EDGE('',*,*,#3443,.F.);
#3979 = ORIENTED_EDGE('',*,*,#3427,.T.);
#3980 = ORIENTED_EDGE('',*,*,#3981,.F.);
#3981 = EDGE_CURVE('',#3982,#3419,#3984,.T.);
#3982 = VERTEX_POINT('',#3983);
#3983 = CARTESIAN_POINT('',(-4.3,2.25,4.));
#3984 = CIRCLE('',#3985,0.4);
#3985 = AXIS2_PLACEMENT_3D('',#3986,#3987,#3988);
#3986 = CARTESIAN_POINT('',(-4.3,1.85,4.));
#3987 = DIRECTION('',(1.,0.,-6.123233995737E-17));
#3988 = DIRECTION('',(4.329780281177E-17,0.707106781187,0.707106781187)
  );
#3989 = ORIENTED_EDGE('',*,*,#3990,.T.);
#3990 = EDGE_CURVE('',#3982,#3991,#3993,.T.);
#3991 = VERTEX_POINT('',#3992);
#3992 = CARTESIAN_POINT('',(-4.3,2.25,0.5));
#3993 = LINE('',#3994,#3995);
#3994 = CARTESIAN_POINT('',(-4.3,2.25,5.304778684234));
#3995 = VECTOR('',#3996,1.);
#3996 = DIRECTION('',(0.,0.,-1.));
#3997 = ORIENTED_EDGE('',*,*,#3998,.F.);
#3998 = EDGE_CURVE('',#3999,#3991,#4001,.T.);
#3999 = VERTEX_POINT('',#4000);
#4000 = CARTESIAN_POINT('',(-4.3,1.85,1.E-01));
#4001 = CIRCLE('',#4002,0.4);
#4002 = AXIS2_PLACEMENT_3D('',#4003,#4004,#4005);
#4003 = CARTESIAN_POINT('',(-4.3,1.85,0.5));
#4004 = DIRECTION('',(1.,0.,-6.123233995737E-17));
#4005 = DIRECTION('',(-4.329780281177E-17,0.707106781187,-0.707106781187
    ));
#4006 = ORIENTED_EDGE('',*,*,#4007,.T.);
#4007 = EDGE_CURVE('',#3999,#4008,#4010,.T.);
#4008 = VERTEX_POINT('',#4009);
#4009 = CARTESIAN_POINT('',(-4.3,1.129150262213,1.E-01));
#4010 = LINE('',#4011,#4012);
#4011 = CARTESIAN_POINT('',(-4.3,-2.25,1.E-01));
#4012 = VECTOR('',#4013,1.);
#4013 = DIRECTION('',(0.,-1.,0.));
#4014 = ORIENTED_EDGE('',*,*,#4015,.F.);
#4015 = EDGE_CURVE('',#4016,#4008,#4018,.T.);
#4016 = VERTEX_POINT('',#4017);
#4017 = CARTESIAN_POINT('',(-4.3,0.732287565553,0.25));
#4018 = CIRCLE('',#4019,0.6);
#4019 = AXIS2_PLACEMENT_3D('',#4020,#4021,#4022);
#4020 = CARTESIAN_POINT('',(-4.3,1.129150262213,0.7));
#4021 = DIRECTION('',(1.,0.,-6.123233995737E-17));
#4022 = DIRECTION('',(-5.727760927774E-17,-0.353553390593,
    -0.935414346693));
#4023 = ORIENTED_EDGE('',*,*,#4024,.T.);
#4024 = EDGE_CURVE('',#4016,#4025,#4027,.T.);
#4025 = VERTEX_POINT('',#4026);
#4026 = CARTESIAN_POINT('',(-4.3,0.45,-3.228756555326E-02));
#4027 = CIRCLE('',#4028,0.2);
#4028 = AXIS2_PLACEMENT_3D('',#4029,#4030,#4031);
#4029 = CARTESIAN_POINT('',(-4.3,0.6,9.999999999997E-02));
#4030 = DIRECTION('',(1.,0.,-6.123233995737E-17));
#4031 = DIRECTION('',(0.,1.,0.));
#4032 = ORIENTED_EDGE('',*,*,#4033,.F.);
#4033 = EDGE_CURVE('',#4034,#4025,#4036,.T.);
#4034 = VERTEX_POINT('',#4035);
#4035 = CARTESIAN_POINT('',(-4.3,0.6,-0.429150262213));
#4036 = CIRCLE('',#4037,0.6);
#4037 = AXIS2_PLACEMENT_3D('',#4038,#4039,#4040);
#4038 = CARTESIAN_POINT('',(-4.3,0.,-0.429150262213));
#4039 = DIRECTION('',(1.,0.,-6.123233995737E-17));
#4040 = DIRECTION('',(2.164890140589E-17,0.935414346693,0.353553390593)
  );
#4041 = ORIENTED_EDGE('',*,*,#4042,.T.);
#4042 = EDGE_CURVE('',#4034,#4043,#4045,.T.);
#4043 = VERTEX_POINT('',#4044);
#4044 = CARTESIAN_POINT('',(-4.3,0.6,-1.934314416353));
#4045 = LINE('',#4046,#4047);
#4046 = CARTESIAN_POINT('',(-4.3,0.6,1.E-01));
#4047 = VECTOR('',#4048,1.);
#4048 = DIRECTION('',(-6.123233995737E-17,0.,-1.));
#4049 = ORIENTED_EDGE('',*,*,#4050,.F.);
#4050 = EDGE_CURVE('',#4051,#4043,#4053,.T.);
#4051 = VERTEX_POINT('',#4052);
#4052 = CARTESIAN_POINT('',(-4.3,0.482842712475,-2.217157128828));
#4053 = CIRCLE('',#4054,0.4);
#4054 = AXIS2_PLACEMENT_3D('',#4055,#4056,#4057);
#4055 = CARTESIAN_POINT('',(-4.3,0.2,-1.934314416353));
#4056 = DIRECTION('',(1.,0.,-6.123233995737E-17));
#4057 = DIRECTION('',(-2.343260202663E-17,0.923879532511,-0.382683432365
    ));
#4058 = ORIENTED_EDGE('',*,*,#4059,.F.);
#4059 = EDGE_CURVE('',#4060,#4051,#4062,.T.);
#4060 = VERTEX_POINT('',#4061);
#4061 = CARTESIAN_POINT('',(-4.3,0.,-2.699999841303));
#4062 = LINE('',#4063,#4064);
#4063 = CARTESIAN_POINT('',(-4.3,0.,-2.699999841303));
#4064 = VECTOR('',#4065,1.);
#4065 = DIRECTION('',(4.329780281177E-17,0.707106781187,0.707106781187)
  );
#4066 = ORIENTED_EDGE('',*,*,#4067,.T.);
#4067 = EDGE_CURVE('',#4060,#3913,#4068,.T.);
#4068 = LINE('',#4069,#4070);
#4069 = CARTESIAN_POINT('',(-4.3,0.,-2.699999841303));
#4070 = VECTOR('',#4071,1.);
#4071 = DIRECTION('',(4.329780281177E-17,-0.707106781187,0.707106781187)
  );
#4072 = PLANE('',#4073);
#4073 = AXIS2_PLACEMENT_3D('',#4074,#4075,#4076);
#4074 = CARTESIAN_POINT('',(-4.3,0.,2.476194671058));
#4075 = DIRECTION('',(-1.,0.,6.123233995737E-17));
#4076 = DIRECTION('',(6.123233995737E-17,0.,1.));
#4077 = ADVANCED_FACE('',(#4078),#4089,.T.);
#4078 = FACE_BOUND('',#4079,.T.);
#4079 = EDGE_LOOP('',(#4080,#4086,#4087,#4088));
#4080 = ORIENTED_EDGE('',*,*,#4081,.F.);
#4081 = EDGE_CURVE('',#3828,#3965,#4082,.T.);
#4082 = LINE('',#4083,#4084);
#4083 = CARTESIAN_POINT('',(-4.1,-2.25,0.5));
#4084 = VECTOR('',#4085,1.);
#4085 = DIRECTION('',(-1.,0.,6.123233995737E-17));
#4086 = ORIENTED_EDGE('',*,*,#3827,.T.);
#4087 = ORIENTED_EDGE('',*,*,#3452,.F.);
#4088 = ORIENTED_EDGE('',*,*,#3973,.F.);
#4089 = PLANE('',#4090);
#4090 = AXIS2_PLACEMENT_3D('',#4091,#4092,#4093);
#4091 = CARTESIAN_POINT('',(-4.1,-2.25,1.E-01));
#4092 = DIRECTION('',(0.,-1.,0.));
#4093 = DIRECTION('',(6.123233995737E-17,0.,1.));
#4094 = ADVANCED_FACE('',(#4095),#4113,.T.);
#4095 = FACE_BOUND('',#4096,.T.);
#4096 = EDGE_LOOP('',(#4097,#4105,#4111,#4112));
#4097 = ORIENTED_EDGE('',*,*,#4098,.F.);
#4098 = EDGE_CURVE('',#4099,#3614,#4101,.T.);
#4099 = VERTEX_POINT('',#4100);
#4100 = CARTESIAN_POINT('',(4.3,-2.25,0.5));
#4101 = LINE('',#4102,#4103);
#4102 = CARTESIAN_POINT('',(4.1,-2.25,0.5));
#4103 = VECTOR('',#4104,1.);
#4104 = DIRECTION('',(-1.,0.,-1.837589179358E-15));
#4105 = ORIENTED_EDGE('',*,*,#4106,.F.);
#4106 = EDGE_CURVE('',#3486,#4099,#4107,.T.);
#4107 = LINE('',#4108,#4109);
#4108 = CARTESIAN_POINT('',(4.3,-2.25,5.304778684234));
#4109 = VECTOR('',#4110,1.);
#4110 = DIRECTION('',(1.7763568394E-15,0.,-1.));
#4111 = ORIENTED_EDGE('',*,*,#3485,.F.);
#4112 = ORIENTED_EDGE('',*,*,#3622,.F.);
#4113 = PLANE('',#4114);
#4114 = AXIS2_PLACEMENT_3D('',#4115,#4116,#4117);
#4115 = CARTESIAN_POINT('',(4.1,-2.25,4.852389342117));
#4116 = DIRECTION('',(0.,-1.,0.));
#4117 = DIRECTION('',(1.7763568394E-15,0.,-1.));
#4118 = ADVANCED_FACE('',(#4119),#4277,.T.);
#4119 = FACE_BOUND('',#4120,.T.);
#4120 = EDGE_LOOP('',(#4121,#4132,#4140,#4149,#4158,#4167,#4175,#4184,
    #4192,#4199,#4200,#4201,#4202,#4211,#4219,#4228,#4237,#4246,#4254,
    #4263,#4271));
#4121 = ORIENTED_EDGE('',*,*,#4122,.F.);
#4122 = EDGE_CURVE('',#4123,#4125,#4127,.T.);
#4123 = VERTEX_POINT('',#4124);
#4124 = CARTESIAN_POINT('',(4.3,0.6,-1.934314575051));
#4125 = VERTEX_POINT('',#4126);
#4126 = CARTESIAN_POINT('',(4.3,0.482842712475,-2.217157287525));
#4127 = CIRCLE('',#4128,0.4);
#4128 = AXIS2_PLACEMENT_3D('',#4129,#4130,#4131);
#4129 = CARTESIAN_POINT('',(4.3,0.2,-1.934314575051));
#4130 = DIRECTION('',(-1.,0.,-1.837589179358E-15));
#4131 = DIRECTION('',(7.032149344335E-16,0.923879532511,-0.382683432365)
  );
#4132 = ORIENTED_EDGE('',*,*,#4133,.F.);
#4133 = EDGE_CURVE('',#4134,#4123,#4136,.T.);
#4134 = VERTEX_POINT('',#4135);
#4135 = CARTESIAN_POINT('',(4.3,0.6,-0.429150262213));
#4136 = LINE('',#4137,#4138);
#4137 = CARTESIAN_POINT('',(4.3,0.6,9.999999999999E-02));
#4138 = VECTOR('',#4139,1.);
#4139 = DIRECTION('',(6.123233995737E-17,0.,-1.));
#4140 = ORIENTED_EDGE('',*,*,#4141,.F.);
#4141 = EDGE_CURVE('',#4142,#4134,#4144,.T.);
#4142 = VERTEX_POINT('',#4143);
#4143 = CARTESIAN_POINT('',(4.3,0.45,-3.228756555326E-02));
#4144 = CIRCLE('',#4145,0.6);
#4145 = AXIS2_PLACEMENT_3D('',#4146,#4147,#4148);
#4146 = CARTESIAN_POINT('',(4.3,0.,-0.429150262213));
#4147 = DIRECTION('',(-1.,0.,-1.837589179358E-15));
#4148 = DIRECTION('',(-6.496858848794E-16,0.935414346693,0.353553390593)
  );
#4149 = ORIENTED_EDGE('',*,*,#4150,.T.);
#4150 = EDGE_CURVE('',#4142,#4151,#4153,.T.);
#4151 = VERTEX_POINT('',#4152);
#4152 = CARTESIAN_POINT('',(4.3,0.732287565553,0.25));
#4153 = CIRCLE('',#4154,0.2);
#4154 = AXIS2_PLACEMENT_3D('',#4155,#4156,#4157);
#4155 = CARTESIAN_POINT('',(4.3,0.6,9.999999999997E-02));
#4156 = DIRECTION('',(-1.,0.,-1.837589179358E-15));
#4157 = DIRECTION('',(0.,1.,0.));
#4158 = ORIENTED_EDGE('',*,*,#4159,.F.);
#4159 = EDGE_CURVE('',#4160,#4151,#4162,.T.);
#4160 = VERTEX_POINT('',#4161);
#4161 = CARTESIAN_POINT('',(4.3,1.129150262213,1.E-01));
#4162 = CIRCLE('',#4163,0.6);
#4163 = AXIS2_PLACEMENT_3D('',#4164,#4165,#4166);
#4164 = CARTESIAN_POINT('',(4.3,1.129150262213,0.7));
#4165 = DIRECTION('',(-1.,0.,-1.837589179358E-15));
#4166 = DIRECTION('',(1.7189072817E-15,-0.353553390593,-0.935414346693)
  );
#4167 = ORIENTED_EDGE('',*,*,#4168,.T.);
#4168 = EDGE_CURVE('',#4160,#4169,#4171,.T.);
#4169 = VERTEX_POINT('',#4170);
#4170 = CARTESIAN_POINT('',(4.3,1.85,1.E-01));
#4171 = LINE('',#4172,#4173);
#4172 = CARTESIAN_POINT('',(4.3,2.25,1.E-01));
#4173 = VECTOR('',#4174,1.);
#4174 = DIRECTION('',(0.,1.,0.));
#4175 = ORIENTED_EDGE('',*,*,#4176,.F.);
#4176 = EDGE_CURVE('',#4177,#4169,#4179,.T.);
#4177 = VERTEX_POINT('',#4178);
#4178 = CARTESIAN_POINT('',(4.3,2.25,0.5));
#4179 = CIRCLE('',#4180,0.4);
#4180 = AXIS2_PLACEMENT_3D('',#4181,#4182,#4183);
#4181 = CARTESIAN_POINT('',(4.3,1.85,0.5));
#4182 = DIRECTION('',(-1.,0.,-1.837589179358E-15));
#4183 = DIRECTION('',(1.299371769759E-15,0.707106781187,-0.707106781187)
  );
#4184 = ORIENTED_EDGE('',*,*,#4185,.T.);
#4185 = EDGE_CURVE('',#4177,#4186,#4188,.T.);
#4186 = VERTEX_POINT('',#4187);
#4187 = CARTESIAN_POINT('',(4.3,2.25,4.));
#4188 = LINE('',#4189,#4190);
#4189 = CARTESIAN_POINT('',(4.3,2.25,4.4));
#4190 = VECTOR('',#4191,1.);
#4191 = DIRECTION('',(-1.837589179358E-15,0.,1.));
#4192 = ORIENTED_EDGE('',*,*,#4193,.F.);
#4193 = EDGE_CURVE('',#3510,#4186,#4194,.T.);
#4194 = CIRCLE('',#4195,0.4);
#4195 = AXIS2_PLACEMENT_3D('',#4196,#4197,#4198);
#4196 = CARTESIAN_POINT('',(4.3,1.85,4.));
#4197 = DIRECTION('',(-1.,0.,-1.837589179358E-15));
#4198 = DIRECTION('',(-1.299371769759E-15,0.707106781187,0.707106781187)
  );
#4199 = ORIENTED_EDGE('',*,*,#3520,.T.);
#4200 = ORIENTED_EDGE('',*,*,#3493,.F.);
#4201 = ORIENTED_EDGE('',*,*,#4106,.T.);
#4202 = ORIENTED_EDGE('',*,*,#4203,.F.);
#4203 = EDGE_CURVE('',#4204,#4099,#4206,.T.);
#4204 = VERTEX_POINT('',#4205);
#4205 = CARTESIAN_POINT('',(4.3,-1.85,1.E-01));
#4206 = CIRCLE('',#4207,0.4);
#4207 = AXIS2_PLACEMENT_3D('',#4208,#4209,#4210);
#4208 = CARTESIAN_POINT('',(4.3,-1.85,0.5));
#4209 = DIRECTION('',(-1.,0.,-1.837589179358E-15));
#4210 = DIRECTION('',(1.299371769759E-15,-0.707106781187,-0.707106781187
    ));
#4211 = ORIENTED_EDGE('',*,*,#4212,.T.);
#4212 = EDGE_CURVE('',#4204,#4213,#4215,.T.);
#4213 = VERTEX_POINT('',#4214);
#4214 = CARTESIAN_POINT('',(4.3,-1.129150262213,1.E-01));
#4215 = LINE('',#4216,#4217);
#4216 = CARTESIAN_POINT('',(4.3,2.25,1.E-01));
#4217 = VECTOR('',#4218,1.);
#4218 = DIRECTION('',(0.,1.,0.));
#4219 = ORIENTED_EDGE('',*,*,#4220,.F.);
#4220 = EDGE_CURVE('',#4221,#4213,#4223,.T.);
#4221 = VERTEX_POINT('',#4222);
#4222 = CARTESIAN_POINT('',(4.3,-0.732287565553,0.25));
#4223 = CIRCLE('',#4224,0.6);
#4224 = AXIS2_PLACEMENT_3D('',#4225,#4226,#4227);
#4225 = CARTESIAN_POINT('',(4.3,-1.129150262213,0.7));
#4226 = DIRECTION('',(-1.,0.,-1.837589179358E-15));
#4227 = DIRECTION('',(1.7189072817E-15,0.353553390593,-0.935414346693));
#4228 = ORIENTED_EDGE('',*,*,#4229,.T.);
#4229 = EDGE_CURVE('',#4221,#4230,#4232,.T.);
#4230 = VERTEX_POINT('',#4231);
#4231 = CARTESIAN_POINT('',(4.3,-0.45,-3.228756555326E-02));
#4232 = CIRCLE('',#4233,0.2);
#4233 = AXIS2_PLACEMENT_3D('',#4234,#4235,#4236);
#4234 = CARTESIAN_POINT('',(4.3,-0.6,9.999999999997E-02));
#4235 = DIRECTION('',(-1.,0.,-1.837589179358E-15));
#4236 = DIRECTION('',(0.,1.,0.));
#4237 = ORIENTED_EDGE('',*,*,#4238,.F.);
#4238 = EDGE_CURVE('',#4239,#4230,#4241,.T.);
#4239 = VERTEX_POINT('',#4240);
#4240 = CARTESIAN_POINT('',(4.3,-0.6,-0.429150262213));
#4241 = CIRCLE('',#4242,0.6);
#4242 = AXIS2_PLACEMENT_3D('',#4243,#4244,#4245);
#4243 = CARTESIAN_POINT('',(4.3,0.,-0.429150262213));
#4244 = DIRECTION('',(-1.,0.,-1.837589179358E-15));
#4245 = DIRECTION('',(-6.496858848794E-16,-0.935414346693,0.353553390593
    ));
#4246 = ORIENTED_EDGE('',*,*,#4247,.T.);
#4247 = EDGE_CURVE('',#4239,#4248,#4250,.T.);
#4248 = VERTEX_POINT('',#4249);
#4249 = CARTESIAN_POINT('',(4.3,-0.6,-1.934314575051));
#4250 = LINE('',#4251,#4252);
#4251 = CARTESIAN_POINT('',(4.3,-0.6,9.999999999999E-02));
#4252 = VECTOR('',#4253,1.);
#4253 = DIRECTION('',(6.123233995737E-17,0.,-1.));
#4254 = ORIENTED_EDGE('',*,*,#4255,.F.);
#4255 = EDGE_CURVE('',#4256,#4248,#4258,.T.);
#4256 = VERTEX_POINT('',#4257);
#4257 = CARTESIAN_POINT('',(4.3,-0.482842712475,-2.217157287525));
#4258 = CIRCLE('',#4259,0.4);
#4259 = AXIS2_PLACEMENT_3D('',#4260,#4261,#4262);
#4260 = CARTESIAN_POINT('',(4.3,-0.2,-1.934314575051));
#4261 = DIRECTION('',(-1.,0.,-1.837589179358E-15));
#4262 = DIRECTION('',(7.032149344335E-16,-0.923879532511,-0.382683432365
    ));
#4263 = ORIENTED_EDGE('',*,*,#4264,.F.);
#4264 = EDGE_CURVE('',#4265,#4256,#4267,.T.);
#4265 = VERTEX_POINT('',#4266);
#4266 = CARTESIAN_POINT('',(4.3,0.,-2.7));
#4267 = LINE('',#4268,#4269);
#4268 = CARTESIAN_POINT('',(4.3,0.,-2.7));
#4269 = VECTOR('',#4270,1.);
#4270 = DIRECTION('',(-4.329780281177E-17,-0.707106781187,0.707106781187
    ));
#4271 = ORIENTED_EDGE('',*,*,#4272,.T.);
#4272 = EDGE_CURVE('',#4265,#4125,#4273,.T.);
#4273 = LINE('',#4274,#4275);
#4274 = CARTESIAN_POINT('',(4.3,0.,-2.7));
#4275 = VECTOR('',#4276,1.);
#4276 = DIRECTION('',(-4.329780281177E-17,0.707106781187,0.707106781187)
  );
#4277 = PLANE('',#4278);
#4278 = AXIS2_PLACEMENT_3D('',#4279,#4280,#4281);
#4279 = CARTESIAN_POINT('',(4.3,0.,2.476194671058));
#4280 = DIRECTION('',(1.,0.,1.837589179358E-15));
#4281 = DIRECTION('',(1.837589179358E-15,0.,-1.));
#4282 = ADVANCED_FACE('',(#4283),#4299,.T.);
#4283 = FACE_BOUND('',#4284,.T.);
#4284 = EDGE_LOOP('',(#4285,#4286,#4292,#4293));
#4285 = ORIENTED_EDGE('',*,*,#3534,.T.);
#4286 = ORIENTED_EDGE('',*,*,#4287,.T.);
#4287 = EDGE_CURVE('',#3537,#4123,#4288,.T.);
#4288 = LINE('',#4289,#4290);
#4289 = CARTESIAN_POINT('',(4.3,0.6,-1.934314575051));
#4290 = VECTOR('',#4291,1.);
#4291 = DIRECTION('',(1.,0.,0.));
#4292 = ORIENTED_EDGE('',*,*,#4122,.T.);
#4293 = ORIENTED_EDGE('',*,*,#4294,.T.);
#4294 = EDGE_CURVE('',#4125,#3535,#4295,.T.);
#4295 = LINE('',#4296,#4297);
#4296 = CARTESIAN_POINT('',(4.3,0.482842712475,-2.217157287525));
#4297 = VECTOR('',#4298,1.);
#4298 = DIRECTION('',(-1.,0.,0.));
#4299 = CYLINDRICAL_SURFACE('',#4300,0.4);
#4300 = AXIS2_PLACEMENT_3D('',#4301,#4302,#4303);
#4301 = CARTESIAN_POINT('',(4.3,0.2,-1.934314575051));
#4302 = DIRECTION('',(-1.,0.,0.));
#4303 = DIRECTION('',(0.,0.923879532511,-0.382683432365));
#4304 = ADVANCED_FACE('',(#4305),#4316,.T.);
#4305 = FACE_BOUND('',#4306,.T.);
#4306 = EDGE_LOOP('',(#4307,#4308,#4309,#4315));
#4307 = ORIENTED_EDGE('',*,*,#4294,.F.);
#4308 = ORIENTED_EDGE('',*,*,#4272,.F.);
#4309 = ORIENTED_EDGE('',*,*,#4310,.T.);
#4310 = EDGE_CURVE('',#4265,#3546,#4311,.T.);
#4311 = LINE('',#4312,#4313);
#4312 = CARTESIAN_POINT('',(4.3,0.,-2.7));
#4313 = VECTOR('',#4314,1.);
#4314 = DIRECTION('',(-1.,0.,0.));
#4315 = ORIENTED_EDGE('',*,*,#3545,.F.);
#4316 = PLANE('',#4317);
#4317 = AXIS2_PLACEMENT_3D('',#4318,#4319,#4320);
#4318 = CARTESIAN_POINT('',(4.3,0.6,-2.1));
#4319 = DIRECTION('',(0.,0.707106781187,-0.707106781187));
#4320 = DIRECTION('',(4.329780281177E-17,-0.707106781187,-0.707106781187
    ));
#4321 = ADVANCED_FACE('',(#4322),#4333,.T.);
#4322 = FACE_BOUND('',#4323,.T.);
#4323 = EDGE_LOOP('',(#4324,#4330,#4331,#4332));
#4324 = ORIENTED_EDGE('',*,*,#4325,.F.);
#4325 = EDGE_CURVE('',#3554,#4256,#4326,.T.);
#4326 = LINE('',#4327,#4328);
#4327 = CARTESIAN_POINT('',(4.3,-0.482842712475,-2.217157287525));
#4328 = VECTOR('',#4329,1.);
#4329 = DIRECTION('',(1.,0.,0.));
#4330 = ORIENTED_EDGE('',*,*,#3553,.F.);
#4331 = ORIENTED_EDGE('',*,*,#4310,.F.);
#4332 = ORIENTED_EDGE('',*,*,#4264,.T.);
#4333 = PLANE('',#4334);
#4334 = AXIS2_PLACEMENT_3D('',#4335,#4336,#4337);
#4335 = CARTESIAN_POINT('',(4.3,0.,-2.7));
#4336 = DIRECTION('',(0.,-0.707106781187,-0.707106781187));
#4337 = DIRECTION('',(-4.329780281177E-17,-0.707106781187,0.707106781187
    ));
#4338 = ADVANCED_FACE('',(#4339),#4350,.T.);
#4339 = FACE_BOUND('',#4340,.T.);
#4340 = EDGE_LOOP('',(#4341,#4342,#4343,#4344));
#4341 = ORIENTED_EDGE('',*,*,#3561,.T.);
#4342 = ORIENTED_EDGE('',*,*,#4325,.T.);
#4343 = ORIENTED_EDGE('',*,*,#4255,.T.);
#4344 = ORIENTED_EDGE('',*,*,#4345,.T.);
#4345 = EDGE_CURVE('',#4248,#3562,#4346,.T.);
#4346 = LINE('',#4347,#4348);
#4347 = CARTESIAN_POINT('',(4.3,-0.6,-1.934314575051));
#4348 = VECTOR('',#4349,1.);
#4349 = DIRECTION('',(-1.,0.,0.));
#4350 = CYLINDRICAL_SURFACE('',#4351,0.4);
#4351 = AXIS2_PLACEMENT_3D('',#4352,#4353,#4354);
#4352 = CARTESIAN_POINT('',(4.3,-0.2,-1.934314575051));
#4353 = DIRECTION('',(-1.,0.,0.));
#4354 = DIRECTION('',(-0.,-0.923879532511,-0.382683432365));
#4355 = ADVANCED_FACE('',(#4356),#4367,.T.);
#4356 = FACE_BOUND('',#4357,.T.);
#4357 = EDGE_LOOP('',(#4358,#4359,#4360,#4366));
#4358 = ORIENTED_EDGE('',*,*,#4345,.F.);
#4359 = ORIENTED_EDGE('',*,*,#4247,.F.);
#4360 = ORIENTED_EDGE('',*,*,#4361,.F.);
#4361 = EDGE_CURVE('',#3571,#4239,#4362,.T.);
#4362 = LINE('',#4363,#4364);
#4363 = CARTESIAN_POINT('',(4.3,-0.6,-0.429150262213));
#4364 = VECTOR('',#4365,1.);
#4365 = DIRECTION('',(1.,0.,5.867986388082E-17));
#4366 = ORIENTED_EDGE('',*,*,#3570,.F.);
#4367 = PLANE('',#4368);
#4368 = AXIS2_PLACEMENT_3D('',#4369,#4370,#4371);
#4369 = CARTESIAN_POINT('',(4.3,-0.6,-2.1));
#4370 = DIRECTION('',(0.,-1.,0.));
#4371 = DIRECTION('',(-6.123233995737E-17,0.,1.));
#4372 = ADVANCED_FACE('',(#4373),#4384,.T.);
#4373 = FACE_BOUND('',#4374,.T.);
#4374 = EDGE_LOOP('',(#4375,#4376,#4377,#4378));
#4375 = ORIENTED_EDGE('',*,*,#3578,.T.);
#4376 = ORIENTED_EDGE('',*,*,#4361,.T.);
#4377 = ORIENTED_EDGE('',*,*,#4238,.T.);
#4378 = ORIENTED_EDGE('',*,*,#4379,.T.);
#4379 = EDGE_CURVE('',#4230,#3579,#4380,.T.);
#4380 = LINE('',#4381,#4382);
#4381 = CARTESIAN_POINT('',(4.3,-0.45,-3.228756555326E-02));
#4382 = VECTOR('',#4383,1.);
#4383 = DIRECTION('',(-1.,0.,-5.867986388082E-17));
#4384 = CYLINDRICAL_SURFACE('',#4385,0.6);
#4385 = AXIS2_PLACEMENT_3D('',#4386,#4387,#4388);
#4386 = CARTESIAN_POINT('',(4.3,0.,-0.429150262213));
#4387 = DIRECTION('',(-1.,0.,-5.867986388082E-17));
#4388 = DIRECTION('',(-2.074646483462E-17,-0.935414346693,0.353553390593
    ));
#4389 = ADVANCED_FACE('',(#4390),#4401,.F.);
#4390 = FACE_BOUND('',#4391,.F.);
#4391 = EDGE_LOOP('',(#4392,#4393,#4394,#4395));
#4392 = ORIENTED_EDGE('',*,*,#4229,.T.);
#4393 = ORIENTED_EDGE('',*,*,#4379,.T.);
#4394 = ORIENTED_EDGE('',*,*,#3587,.T.);
#4395 = ORIENTED_EDGE('',*,*,#4396,.T.);
#4396 = EDGE_CURVE('',#3588,#4221,#4397,.T.);
#4397 = LINE('',#4398,#4399);
#4398 = CARTESIAN_POINT('',(4.3,-0.732287565553,0.25));
#4399 = VECTOR('',#4400,1.);
#4400 = DIRECTION('',(1.,0.,5.867986388082E-17));
#4401 = CYLINDRICAL_SURFACE('',#4402,0.2);
#4402 = AXIS2_PLACEMENT_3D('',#4403,#4404,#4405);
#4403 = CARTESIAN_POINT('',(4.3,-0.6,9.999999999997E-02));
#4404 = DIRECTION('',(-1.,0.,-5.867986388082E-17));
#4405 = DIRECTION('',(0.,1.,0.));
#4406 = ADVANCED_FACE('',(#4407),#4418,.T.);
#4407 = FACE_BOUND('',#4408,.T.);
#4408 = EDGE_LOOP('',(#4409,#4410,#4416,#4417));
#4409 = ORIENTED_EDGE('',*,*,#4220,.T.);
#4410 = ORIENTED_EDGE('',*,*,#4411,.T.);
#4411 = EDGE_CURVE('',#4213,#3597,#4412,.T.);
#4412 = LINE('',#4413,#4414);
#4413 = CARTESIAN_POINT('',(4.3,-1.129150262213,1.E-01));
#4414 = VECTOR('',#4415,1.);
#4415 = DIRECTION('',(-1.,0.,-1.837589179358E-15));
#4416 = ORIENTED_EDGE('',*,*,#3596,.T.);
#4417 = ORIENTED_EDGE('',*,*,#4396,.T.);
#4418 = CYLINDRICAL_SURFACE('',#4419,0.6);
#4419 = AXIS2_PLACEMENT_3D('',#4420,#4421,#4422);
#4420 = CARTESIAN_POINT('',(4.3,-1.129150262213,0.7));
#4421 = DIRECTION('',(1.,0.,5.867986388082E-17));
#4422 = DIRECTION('',(5.488998653614E-17,0.353553390593,-0.935414346693)
  );
#4423 = ADVANCED_FACE('',(#4424),#4435,.T.);
#4424 = FACE_BOUND('',#4425,.T.);
#4425 = EDGE_LOOP('',(#4426,#4432,#4433,#4434));
#4426 = ORIENTED_EDGE('',*,*,#4427,.F.);
#4427 = EDGE_CURVE('',#3606,#4204,#4428,.T.);
#4428 = LINE('',#4429,#4430);
#4429 = CARTESIAN_POINT('',(4.1,-1.85,1.E-01));
#4430 = VECTOR('',#4431,1.);
#4431 = DIRECTION('',(1.,0.,1.837589179358E-15));
#4432 = ORIENTED_EDGE('',*,*,#3605,.F.);
#4433 = ORIENTED_EDGE('',*,*,#4411,.F.);
#4434 = ORIENTED_EDGE('',*,*,#4212,.F.);
#4435 = PLANE('',#4436);
#4436 = AXIS2_PLACEMENT_3D('',#4437,#4438,#4439);
#4437 = CARTESIAN_POINT('',(4.1,-2.25,1.E-01));
#4438 = DIRECTION('',(1.837589179358E-15,0.,-1.));
#4439 = DIRECTION('',(0.,1.,0.));
#4440 = ADVANCED_FACE('',(#4441),#4447,.T.);
#4441 = FACE_BOUND('',#4442,.T.);
#4442 = EDGE_LOOP('',(#4443,#4444,#4445,#4446));
#4443 = ORIENTED_EDGE('',*,*,#4203,.T.);
#4444 = ORIENTED_EDGE('',*,*,#4098,.T.);
#4445 = ORIENTED_EDGE('',*,*,#3613,.T.);
#4446 = ORIENTED_EDGE('',*,*,#4427,.T.);
#4447 = CYLINDRICAL_SURFACE('',#4448,0.4);
#4448 = AXIS2_PLACEMENT_3D('',#4449,#4450,#4451);
#4449 = CARTESIAN_POINT('',(4.1,-1.85,0.5));
#4450 = DIRECTION('',(1.,0.,1.837589179358E-15));
#4451 = DIRECTION('',(1.299371769759E-15,-0.707106781187,-0.707106781187
    ));
#4452 = ADVANCED_FACE('',(#4453),#4464,.T.);
#4453 = FACE_BOUND('',#4454,.T.);
#4454 = EDGE_LOOP('',(#4455,#4456,#4462,#4463));
#4455 = ORIENTED_EDGE('',*,*,#4193,.T.);
#4456 = ORIENTED_EDGE('',*,*,#4457,.T.);
#4457 = EDGE_CURVE('',#4186,#3631,#4458,.T.);
#4458 = LINE('',#4459,#4460);
#4459 = CARTESIAN_POINT('',(4.2,2.25,4.));
#4460 = VECTOR('',#4461,1.);
#4461 = DIRECTION('',(-1.,0.,-1.006139616067E-14));
#4462 = ORIENTED_EDGE('',*,*,#3630,.T.);
#4463 = ORIENTED_EDGE('',*,*,#3707,.F.);
#4464 = CYLINDRICAL_SURFACE('',#4465,0.4);
#4465 = AXIS2_PLACEMENT_3D('',#4466,#4467,#4468);
#4466 = CARTESIAN_POINT('',(4.2,1.85,4.));
#4467 = DIRECTION('',(1.,0.,1.006139616067E-14));
#4468 = DIRECTION('',(-7.114481453411E-15,0.707106781187,0.707106781187)
  );
#4469 = ADVANCED_FACE('',(#4470),#4481,.T.);
#4470 = FACE_BOUND('',#4471,.T.);
#4471 = EDGE_LOOP('',(#4472,#4478,#4479,#4480));
#4472 = ORIENTED_EDGE('',*,*,#4473,.F.);
#4473 = EDGE_CURVE('',#3640,#4177,#4474,.T.);
#4474 = LINE('',#4475,#4476);
#4475 = CARTESIAN_POINT('',(4.1,2.25,0.5));
#4476 = VECTOR('',#4477,1.);
#4477 = DIRECTION('',(1.,0.,1.837589179358E-15));
#4478 = ORIENTED_EDGE('',*,*,#3639,.T.);
#4479 = ORIENTED_EDGE('',*,*,#4457,.F.);
#4480 = ORIENTED_EDGE('',*,*,#4185,.F.);
#4481 = PLANE('',#4482);
#4482 = AXIS2_PLACEMENT_3D('',#4483,#4484,#4485);
#4483 = CARTESIAN_POINT('',(4.1,2.25,1.E-01));
#4484 = DIRECTION('',(0.,1.,0.));
#4485 = DIRECTION('',(-1.837589179358E-15,0.,1.));
#4486 = ADVANCED_FACE('',(#4487),#4498,.T.);
#4487 = FACE_BOUND('',#4488,.T.);
#4488 = EDGE_LOOP('',(#4489,#4490,#4496,#4497));
#4489 = ORIENTED_EDGE('',*,*,#4176,.T.);
#4490 = ORIENTED_EDGE('',*,*,#4491,.T.);
#4491 = EDGE_CURVE('',#4169,#3648,#4492,.T.);
#4492 = LINE('',#4493,#4494);
#4493 = CARTESIAN_POINT('',(4.1,1.85,1.E-01));
#4494 = VECTOR('',#4495,1.);
#4495 = DIRECTION('',(-1.,0.,-1.837589179358E-15));
#4496 = ORIENTED_EDGE('',*,*,#3647,.T.);
#4497 = ORIENTED_EDGE('',*,*,#4473,.T.);
#4498 = CYLINDRICAL_SURFACE('',#4499,0.4);
#4499 = AXIS2_PLACEMENT_3D('',#4500,#4501,#4502);
#4500 = CARTESIAN_POINT('',(4.1,1.85,0.5));
#4501 = DIRECTION('',(1.,0.,1.837589179358E-15));
#4502 = DIRECTION('',(1.299371769759E-15,0.707106781187,-0.707106781187)
  );
#4503 = ADVANCED_FACE('',(#4504),#4515,.T.);
#4504 = FACE_BOUND('',#4505,.T.);
#4505 = EDGE_LOOP('',(#4506,#4507,#4508,#4514));
#4506 = ORIENTED_EDGE('',*,*,#4491,.F.);
#4507 = ORIENTED_EDGE('',*,*,#4168,.F.);
#4508 = ORIENTED_EDGE('',*,*,#4509,.F.);
#4509 = EDGE_CURVE('',#3657,#4160,#4510,.T.);
#4510 = LINE('',#4511,#4512);
#4511 = CARTESIAN_POINT('',(4.3,1.129150262213,1.E-01));
#4512 = VECTOR('',#4513,1.);
#4513 = DIRECTION('',(1.,0.,1.837589179358E-15));
#4514 = ORIENTED_EDGE('',*,*,#3656,.F.);
#4515 = PLANE('',#4516);
#4516 = AXIS2_PLACEMENT_3D('',#4517,#4518,#4519);
#4517 = CARTESIAN_POINT('',(4.1,-2.25,1.E-01));
#4518 = DIRECTION('',(1.837589179358E-15,0.,-1.));
#4519 = DIRECTION('',(0.,1.,0.));
#4520 = ADVANCED_FACE('',(#4521),#4532,.T.);
#4521 = FACE_BOUND('',#4522,.T.);
#4522 = EDGE_LOOP('',(#4523,#4524,#4525,#4526));
#4523 = ORIENTED_EDGE('',*,*,#3664,.T.);
#4524 = ORIENTED_EDGE('',*,*,#4509,.T.);
#4525 = ORIENTED_EDGE('',*,*,#4159,.T.);
#4526 = ORIENTED_EDGE('',*,*,#4527,.T.);
#4527 = EDGE_CURVE('',#4151,#3665,#4528,.T.);
#4528 = LINE('',#4529,#4530);
#4529 = CARTESIAN_POINT('',(4.3,0.732287565553,0.25));
#4530 = VECTOR('',#4531,1.);
#4531 = DIRECTION('',(-1.,0.,-5.867986388082E-17));
#4532 = CYLINDRICAL_SURFACE('',#4533,0.6);
#4533 = AXIS2_PLACEMENT_3D('',#4534,#4535,#4536);
#4534 = CARTESIAN_POINT('',(4.3,1.129150262213,0.7));
#4535 = DIRECTION('',(-1.,0.,-5.867986388082E-17));
#4536 = DIRECTION('',(5.488998653614E-17,-0.353553390593,-0.935414346693
    ));
#4537 = ADVANCED_FACE('',(#4538),#4549,.F.);
#4538 = FACE_BOUND('',#4539,.F.);
#4539 = EDGE_LOOP('',(#4540,#4541,#4542,#4543));
#4540 = ORIENTED_EDGE('',*,*,#4150,.T.);
#4541 = ORIENTED_EDGE('',*,*,#4527,.T.);
#4542 = ORIENTED_EDGE('',*,*,#3673,.T.);
#4543 = ORIENTED_EDGE('',*,*,#4544,.T.);
#4544 = EDGE_CURVE('',#3674,#4142,#4545,.T.);
#4545 = LINE('',#4546,#4547);
#4546 = CARTESIAN_POINT('',(4.3,0.45,-3.228756555326E-02));
#4547 = VECTOR('',#4548,1.);
#4548 = DIRECTION('',(1.,0.,5.867986388082E-17));
#4549 = CYLINDRICAL_SURFACE('',#4550,0.2);
#4550 = AXIS2_PLACEMENT_3D('',#4551,#4552,#4553);
#4551 = CARTESIAN_POINT('',(4.3,0.6,9.999999999997E-02));
#4552 = DIRECTION('',(-1.,0.,-5.867986388082E-17));
#4553 = DIRECTION('',(-4.149292966923E-17,-0.707106781187,0.707106781187
    ));
#4554 = ADVANCED_FACE('',(#4555),#4566,.T.);
#4555 = FACE_BOUND('',#4556,.T.);
#4556 = EDGE_LOOP('',(#4557,#4558,#4564,#4565));
#4557 = ORIENTED_EDGE('',*,*,#4141,.T.);
#4558 = ORIENTED_EDGE('',*,*,#4559,.T.);
#4559 = EDGE_CURVE('',#4134,#3683,#4560,.T.);
#4560 = LINE('',#4561,#4562);
#4561 = CARTESIAN_POINT('',(4.3,0.6,-0.429150262213));
#4562 = VECTOR('',#4563,1.);
#4563 = DIRECTION('',(-1.,0.,-5.867986388082E-17));
#4564 = ORIENTED_EDGE('',*,*,#3682,.T.);
#4565 = ORIENTED_EDGE('',*,*,#4544,.T.);
#4566 = CYLINDRICAL_SURFACE('',#4567,0.6);
#4567 = AXIS2_PLACEMENT_3D('',#4568,#4569,#4570);
#4568 = CARTESIAN_POINT('',(4.3,0.,-0.429150262213));
#4569 = DIRECTION('',(1.,0.,5.867986388082E-17));
#4570 = DIRECTION('',(-2.074646483462E-17,0.935414346693,0.353553390593)
  );
#4571 = ADVANCED_FACE('',(#4572),#4578,.T.);
#4572 = FACE_BOUND('',#4573,.T.);
#4573 = EDGE_LOOP('',(#4574,#4575,#4576,#4577));
#4574 = ORIENTED_EDGE('',*,*,#4287,.F.);
#4575 = ORIENTED_EDGE('',*,*,#3691,.F.);
#4576 = ORIENTED_EDGE('',*,*,#4559,.F.);
#4577 = ORIENTED_EDGE('',*,*,#4133,.T.);
#4578 = PLANE('',#4579);
#4579 = AXIS2_PLACEMENT_3D('',#4580,#4581,#4582);
#4580 = CARTESIAN_POINT('',(4.3,0.6,9.999999999999E-02));
#4581 = DIRECTION('',(0.,1.,0.));
#4582 = DIRECTION('',(6.123233995737E-17,0.,-1.));
#4583 = ADVANCED_FACE('',(#4584),#4600,.T.);
#4584 = FACE_BOUND('',#4585,.T.);
#4585 = EDGE_LOOP('',(#4586,#4587,#4593,#4594));
#4586 = ORIENTED_EDGE('',*,*,#3722,.T.);
#4587 = ORIENTED_EDGE('',*,*,#4588,.T.);
#4588 = EDGE_CURVE('',#3725,#3911,#4589,.T.);
#4589 = LINE('',#4590,#4591);
#4590 = CARTESIAN_POINT('',(-4.3,-0.6,-1.934314416353));
#4591 = VECTOR('',#4592,1.);
#4592 = DIRECTION('',(-1.,0.,0.));
#4593 = ORIENTED_EDGE('',*,*,#3910,.T.);
#4594 = ORIENTED_EDGE('',*,*,#4595,.T.);
#4595 = EDGE_CURVE('',#3913,#3723,#4596,.T.);
#4596 = LINE('',#4597,#4598);
#4597 = CARTESIAN_POINT('',(-4.3,-0.482842712475,-2.217157128828));
#4598 = VECTOR('',#4599,1.);
#4599 = DIRECTION('',(1.,0.,0.));
#4600 = CYLINDRICAL_SURFACE('',#4601,0.4);
#4601 = AXIS2_PLACEMENT_3D('',#4602,#4603,#4604);
#4602 = CARTESIAN_POINT('',(-4.3,-0.2,-1.934314416353));
#4603 = DIRECTION('',(1.,0.,0.));
#4604 = DIRECTION('',(0.,-0.923879532511,-0.382683432365));
#4605 = ADVANCED_FACE('',(#4606),#4617,.T.);
#4606 = FACE_BOUND('',#4607,.T.);
#4607 = EDGE_LOOP('',(#4608,#4609,#4610,#4616));
#4608 = ORIENTED_EDGE('',*,*,#4595,.F.);
#4609 = ORIENTED_EDGE('',*,*,#4067,.F.);
#4610 = ORIENTED_EDGE('',*,*,#4611,.T.);
#4611 = EDGE_CURVE('',#4060,#3734,#4612,.T.);
#4612 = LINE('',#4613,#4614);
#4613 = CARTESIAN_POINT('',(-4.3,0.,-2.699999841303));
#4614 = VECTOR('',#4615,1.);
#4615 = DIRECTION('',(1.,0.,0.));
#4616 = ORIENTED_EDGE('',*,*,#3733,.F.);
#4617 = PLANE('',#4618);
#4618 = AXIS2_PLACEMENT_3D('',#4619,#4620,#4621);
#4619 = CARTESIAN_POINT('',(-4.3,-0.6,-2.099999841303));
#4620 = DIRECTION('',(0.,-0.707106781187,-0.707106781187));
#4621 = DIRECTION('',(-4.329780281177E-17,0.707106781187,-0.707106781187
    ));
#4622 = ADVANCED_FACE('',(#4623),#4634,.T.);
#4623 = FACE_BOUND('',#4624,.T.);
#4624 = EDGE_LOOP('',(#4625,#4631,#4632,#4633));
#4625 = ORIENTED_EDGE('',*,*,#4626,.F.);
#4626 = EDGE_CURVE('',#3742,#4051,#4627,.T.);
#4627 = LINE('',#4628,#4629);
#4628 = CARTESIAN_POINT('',(-4.3,0.482842712475,-2.217157128828));
#4629 = VECTOR('',#4630,1.);
#4630 = DIRECTION('',(-1.,0.,0.));
#4631 = ORIENTED_EDGE('',*,*,#3741,.F.);
#4632 = ORIENTED_EDGE('',*,*,#4611,.F.);
#4633 = ORIENTED_EDGE('',*,*,#4059,.T.);
#4634 = PLANE('',#4635);
#4635 = AXIS2_PLACEMENT_3D('',#4636,#4637,#4638);
#4636 = CARTESIAN_POINT('',(-4.3,0.,-2.699999841303));
#4637 = DIRECTION('',(0.,0.707106781187,-0.707106781187));
#4638 = DIRECTION('',(4.329780281177E-17,0.707106781187,0.707106781187)
  );
#4639 = ADVANCED_FACE('',(#4640),#4651,.T.);
#4640 = FACE_BOUND('',#4641,.T.);
#4641 = EDGE_LOOP('',(#4642,#4643,#4644,#4645));
#4642 = ORIENTED_EDGE('',*,*,#3749,.T.);
#4643 = ORIENTED_EDGE('',*,*,#4626,.T.);
#4644 = ORIENTED_EDGE('',*,*,#4050,.T.);
#4645 = ORIENTED_EDGE('',*,*,#4646,.T.);
#4646 = EDGE_CURVE('',#4043,#3750,#4647,.T.);
#4647 = LINE('',#4648,#4649);
#4648 = CARTESIAN_POINT('',(-4.3,0.6,-1.934314416353));
#4649 = VECTOR('',#4650,1.);
#4650 = DIRECTION('',(1.,0.,0.));
#4651 = CYLINDRICAL_SURFACE('',#4652,0.4);
#4652 = AXIS2_PLACEMENT_3D('',#4653,#4654,#4655);
#4653 = CARTESIAN_POINT('',(-4.3,0.2,-1.934314416353));
#4654 = DIRECTION('',(1.,0.,0.));
#4655 = DIRECTION('',(0.,0.923879532511,-0.382683432365));
#4656 = ADVANCED_FACE('',(#4657),#4668,.T.);
#4657 = FACE_BOUND('',#4658,.T.);
#4658 = EDGE_LOOP('',(#4659,#4660,#4661,#4667));
#4659 = ORIENTED_EDGE('',*,*,#4646,.F.);
#4660 = ORIENTED_EDGE('',*,*,#4042,.F.);
#4661 = ORIENTED_EDGE('',*,*,#4662,.F.);
#4662 = EDGE_CURVE('',#3759,#4034,#4663,.T.);
#4663 = LINE('',#4664,#4665);
#4664 = CARTESIAN_POINT('',(4.3,0.6,-0.429150262213));
#4665 = VECTOR('',#4666,1.);
#4666 = DIRECTION('',(-1.,0.,-5.867986388082E-17));
#4667 = ORIENTED_EDGE('',*,*,#3758,.F.);
#4668 = PLANE('',#4669);
#4669 = AXIS2_PLACEMENT_3D('',#4670,#4671,#4672);
#4670 = CARTESIAN_POINT('',(-4.3,0.6,-2.099999841303));
#4671 = DIRECTION('',(0.,1.,0.));
#4672 = DIRECTION('',(6.123233995737E-17,0.,1.));
#4673 = ADVANCED_FACE('',(#4674),#4685,.T.);
#4674 = FACE_BOUND('',#4675,.T.);
#4675 = EDGE_LOOP('',(#4676,#4677,#4678,#4679));
#4676 = ORIENTED_EDGE('',*,*,#3766,.T.);
#4677 = ORIENTED_EDGE('',*,*,#4662,.T.);
#4678 = ORIENTED_EDGE('',*,*,#4033,.T.);
#4679 = ORIENTED_EDGE('',*,*,#4680,.T.);
#4680 = EDGE_CURVE('',#4025,#3767,#4681,.T.);
#4681 = LINE('',#4682,#4683);
#4682 = CARTESIAN_POINT('',(4.3,0.45,-3.228756555326E-02));
#4683 = VECTOR('',#4684,1.);
#4684 = DIRECTION('',(1.,0.,5.867986388082E-17));
#4685 = CYLINDRICAL_SURFACE('',#4686,0.6);
#4686 = AXIS2_PLACEMENT_3D('',#4687,#4688,#4689);
#4687 = CARTESIAN_POINT('',(4.3,0.,-0.429150262213));
#4688 = DIRECTION('',(1.,0.,5.867986388082E-17));
#4689 = DIRECTION('',(-2.074646483462E-17,0.935414346693,0.353553390593)
  );
#4690 = ADVANCED_FACE('',(#4691),#4702,.F.);
#4691 = FACE_BOUND('',#4692,.F.);
#4692 = EDGE_LOOP('',(#4693,#4694,#4695,#4696));
#4693 = ORIENTED_EDGE('',*,*,#4024,.T.);
#4694 = ORIENTED_EDGE('',*,*,#4680,.T.);
#4695 = ORIENTED_EDGE('',*,*,#3775,.T.);
#4696 = ORIENTED_EDGE('',*,*,#4697,.T.);
#4697 = EDGE_CURVE('',#3776,#4016,#4698,.T.);
#4698 = LINE('',#4699,#4700);
#4699 = CARTESIAN_POINT('',(4.3,0.732287565553,0.25));
#4700 = VECTOR('',#4701,1.);
#4701 = DIRECTION('',(-1.,0.,-5.867986388082E-17));
#4702 = CYLINDRICAL_SURFACE('',#4703,0.2);
#4703 = AXIS2_PLACEMENT_3D('',#4704,#4705,#4706);
#4704 = CARTESIAN_POINT('',(4.3,0.6,9.999999999997E-02));
#4705 = DIRECTION('',(-1.,0.,-5.867986388082E-17));
#4706 = DIRECTION('',(-4.149292966923E-17,-0.707106781187,0.707106781187
    ));
#4707 = ADVANCED_FACE('',(#4708),#4719,.T.);
#4708 = FACE_BOUND('',#4709,.T.);
#4709 = EDGE_LOOP('',(#4710,#4711,#4717,#4718));
#4710 = ORIENTED_EDGE('',*,*,#4015,.T.);
#4711 = ORIENTED_EDGE('',*,*,#4712,.T.);
#4712 = EDGE_CURVE('',#4008,#3785,#4713,.T.);
#4713 = LINE('',#4714,#4715);
#4714 = CARTESIAN_POINT('',(4.3,1.129150262213,1.E-01));
#4715 = VECTOR('',#4716,1.);
#4716 = DIRECTION('',(1.,0.,-6.123233995737E-17));
#4717 = ORIENTED_EDGE('',*,*,#3784,.T.);
#4718 = ORIENTED_EDGE('',*,*,#4697,.T.);
#4719 = CYLINDRICAL_SURFACE('',#4720,0.6);
#4720 = AXIS2_PLACEMENT_3D('',#4721,#4722,#4723);
#4721 = CARTESIAN_POINT('',(4.3,1.129150262213,0.7));
#4722 = DIRECTION('',(-1.,0.,-5.867986388082E-17));
#4723 = DIRECTION('',(5.488998653614E-17,-0.353553390593,-0.935414346693
    ));
#4724 = ADVANCED_FACE('',(#4725),#4736,.T.);
#4725 = FACE_BOUND('',#4726,.T.);
#4726 = EDGE_LOOP('',(#4727,#4733,#4734,#4735));
#4727 = ORIENTED_EDGE('',*,*,#4728,.F.);
#4728 = EDGE_CURVE('',#3794,#3999,#4729,.T.);
#4729 = LINE('',#4730,#4731);
#4730 = CARTESIAN_POINT('',(-4.1,1.85,1.E-01));
#4731 = VECTOR('',#4732,1.);
#4732 = DIRECTION('',(-1.,0.,6.123233995737E-17));
#4733 = ORIENTED_EDGE('',*,*,#3793,.F.);
#4734 = ORIENTED_EDGE('',*,*,#4712,.F.);
#4735 = ORIENTED_EDGE('',*,*,#4007,.F.);
#4736 = PLANE('',#4737);
#4737 = AXIS2_PLACEMENT_3D('',#4738,#4739,#4740);
#4738 = CARTESIAN_POINT('',(-4.1,2.25,1.E-01));
#4739 = DIRECTION('',(-6.123233995737E-17,0.,-1.));
#4740 = DIRECTION('',(0.,-1.,0.));
#4741 = ADVANCED_FACE('',(#4742),#4753,.T.);
#4742 = FACE_BOUND('',#4743,.T.);
#4743 = EDGE_LOOP('',(#4744,#4745,#4751,#4752));
#4744 = ORIENTED_EDGE('',*,*,#3998,.T.);
#4745 = ORIENTED_EDGE('',*,*,#4746,.T.);
#4746 = EDGE_CURVE('',#3991,#3802,#4747,.T.);
#4747 = LINE('',#4748,#4749);
#4748 = CARTESIAN_POINT('',(-4.1,2.25,0.5));
#4749 = VECTOR('',#4750,1.);
#4750 = DIRECTION('',(1.,0.,-6.123233995737E-17));
#4751 = ORIENTED_EDGE('',*,*,#3801,.T.);
#4752 = ORIENTED_EDGE('',*,*,#4728,.T.);
#4753 = CYLINDRICAL_SURFACE('',#4754,0.4);
#4754 = AXIS2_PLACEMENT_3D('',#4755,#4756,#4757);
#4755 = CARTESIAN_POINT('',(-4.1,1.85,0.5));
#4756 = DIRECTION('',(-1.,0.,6.123233995737E-17));
#4757 = DIRECTION('',(-4.329780281177E-17,0.707106781187,-0.707106781187
    ));
#4758 = ADVANCED_FACE('',(#4759),#4770,.T.);
#4759 = FACE_BOUND('',#4760,.T.);
#4760 = EDGE_LOOP('',(#4761,#4762,#4763,#4769));
#4761 = ORIENTED_EDGE('',*,*,#4746,.F.);
#4762 = ORIENTED_EDGE('',*,*,#3990,.F.);
#4763 = ORIENTED_EDGE('',*,*,#4764,.F.);
#4764 = EDGE_CURVE('',#3811,#3982,#4765,.T.);
#4765 = LINE('',#4766,#4767);
#4766 = CARTESIAN_POINT('',(-4.1,2.25,4.));
#4767 = VECTOR('',#4768,1.);
#4768 = DIRECTION('',(-1.,0.,3.469446951954E-16));
#4769 = ORIENTED_EDGE('',*,*,#3810,.F.);
#4770 = PLANE('',#4771);
#4771 = AXIS2_PLACEMENT_3D('',#4772,#4773,#4774);
#4772 = CARTESIAN_POINT('',(-4.1,2.25,4.852389342117));
#4773 = DIRECTION('',(0.,1.,0.));
#4774 = DIRECTION('',(1.232595164408E-32,0.,-1.));
#4775 = ADVANCED_FACE('',(#4776),#4782,.T.);
#4776 = FACE_BOUND('',#4777,.T.);
#4777 = EDGE_LOOP('',(#4778,#4779,#4780,#4781));
#4778 = ORIENTED_EDGE('',*,*,#3818,.T.);
#4779 = ORIENTED_EDGE('',*,*,#4764,.T.);
#4780 = ORIENTED_EDGE('',*,*,#3981,.T.);
#4781 = ORIENTED_EDGE('',*,*,#3895,.T.);
#4782 = CYLINDRICAL_SURFACE('',#4783,0.4);
#4783 = AXIS2_PLACEMENT_3D('',#4784,#4785,#4786);
#4784 = CARTESIAN_POINT('',(-4.1,1.85,4.));
#4785 = DIRECTION('',(1.,0.,-3.469446951954E-16));
#4786 = DIRECTION('',(2.453269466693E-16,0.707106781187,0.707106781187)
  );
#4787 = ADVANCED_FACE('',(#4788),#4799,.T.);
#4788 = FACE_BOUND('',#4789,.T.);
#4789 = EDGE_LOOP('',(#4790,#4791,#4797,#4798));
#4790 = ORIENTED_EDGE('',*,*,#3964,.T.);
#4791 = ORIENTED_EDGE('',*,*,#4792,.T.);
#4792 = EDGE_CURVE('',#3957,#3836,#4793,.T.);
#4793 = LINE('',#4794,#4795);
#4794 = CARTESIAN_POINT('',(-4.1,-1.85,1.E-01));
#4795 = VECTOR('',#4796,1.);
#4796 = DIRECTION('',(1.,0.,-6.123233995737E-17));
#4797 = ORIENTED_EDGE('',*,*,#3835,.T.);
#4798 = ORIENTED_EDGE('',*,*,#4081,.T.);
#4799 = CYLINDRICAL_SURFACE('',#4800,0.4);
#4800 = AXIS2_PLACEMENT_3D('',#4801,#4802,#4803);
#4801 = CARTESIAN_POINT('',(-4.1,-1.85,0.5));
#4802 = DIRECTION('',(-1.,0.,6.123233995737E-17));
#4803 = DIRECTION('',(-4.329780281177E-17,-0.707106781187,
    -0.707106781187));
#4804 = ADVANCED_FACE('',(#4805),#4816,.T.);
#4805 = FACE_BOUND('',#4806,.T.);
#4806 = EDGE_LOOP('',(#4807,#4808,#4809,#4815));
#4807 = ORIENTED_EDGE('',*,*,#4792,.F.);
#4808 = ORIENTED_EDGE('',*,*,#3956,.F.);
#4809 = ORIENTED_EDGE('',*,*,#4810,.F.);
#4810 = EDGE_CURVE('',#3845,#3948,#4811,.T.);
#4811 = LINE('',#4812,#4813);
#4812 = CARTESIAN_POINT('',(4.3,-1.129150262213,1.E-01));
#4813 = VECTOR('',#4814,1.);
#4814 = DIRECTION('',(-1.,0.,6.123233995737E-17));
#4815 = ORIENTED_EDGE('',*,*,#3844,.F.);
#4816 = PLANE('',#4817);
#4817 = AXIS2_PLACEMENT_3D('',#4818,#4819,#4820);
#4818 = CARTESIAN_POINT('',(-4.1,2.25,1.E-01));
#4819 = DIRECTION('',(-6.123233995737E-17,0.,-1.));
#4820 = DIRECTION('',(0.,-1.,0.));
#4821 = ADVANCED_FACE('',(#4822),#4833,.T.);
#4822 = FACE_BOUND('',#4823,.T.);
#4823 = EDGE_LOOP('',(#4824,#4825,#4826,#4827));
#4824 = ORIENTED_EDGE('',*,*,#3852,.T.);
#4825 = ORIENTED_EDGE('',*,*,#4810,.T.);
#4826 = ORIENTED_EDGE('',*,*,#3947,.T.);
#4827 = ORIENTED_EDGE('',*,*,#4828,.T.);
#4828 = EDGE_CURVE('',#3939,#3853,#4829,.T.);
#4829 = LINE('',#4830,#4831);
#4830 = CARTESIAN_POINT('',(4.3,-0.732287565553,0.25));
#4831 = VECTOR('',#4832,1.);
#4832 = DIRECTION('',(1.,0.,5.867986388082E-17));
#4833 = CYLINDRICAL_SURFACE('',#4834,0.6);
#4834 = AXIS2_PLACEMENT_3D('',#4835,#4836,#4837);
#4835 = CARTESIAN_POINT('',(4.3,-1.129150262213,0.7));
#4836 = DIRECTION('',(1.,0.,5.867986388082E-17));
#4837 = DIRECTION('',(5.488998653614E-17,0.353553390593,-0.935414346693)
  );
#4838 = ADVANCED_FACE('',(#4839),#4850,.F.);
#4839 = FACE_BOUND('',#4840,.F.);
#4840 = EDGE_LOOP('',(#4841,#4842,#4843,#4844));
#4841 = ORIENTED_EDGE('',*,*,#3938,.T.);
#4842 = ORIENTED_EDGE('',*,*,#4828,.T.);
#4843 = ORIENTED_EDGE('',*,*,#3861,.T.);
#4844 = ORIENTED_EDGE('',*,*,#4845,.T.);
#4845 = EDGE_CURVE('',#3862,#3930,#4846,.T.);
#4846 = LINE('',#4847,#4848);
#4847 = CARTESIAN_POINT('',(4.3,-0.45,-3.228756555326E-02));
#4848 = VECTOR('',#4849,1.);
#4849 = DIRECTION('',(-1.,0.,-5.867986388082E-17));
#4850 = CYLINDRICAL_SURFACE('',#4851,0.2);
#4851 = AXIS2_PLACEMENT_3D('',#4852,#4853,#4854);
#4852 = CARTESIAN_POINT('',(4.3,-0.6,9.999999999997E-02));
#4853 = DIRECTION('',(-1.,0.,-5.867986388082E-17));
#4854 = DIRECTION('',(0.,1.,0.));
#4855 = ADVANCED_FACE('',(#4856),#4867,.T.);
#4856 = FACE_BOUND('',#4857,.T.);
#4857 = EDGE_LOOP('',(#4858,#4859,#4865,#4866));
#4858 = ORIENTED_EDGE('',*,*,#3929,.T.);
#4859 = ORIENTED_EDGE('',*,*,#4860,.T.);
#4860 = EDGE_CURVE('',#3922,#3871,#4861,.T.);
#4861 = LINE('',#4862,#4863);
#4862 = CARTESIAN_POINT('',(4.3,-0.6,-0.429150262213));
#4863 = VECTOR('',#4864,1.);
#4864 = DIRECTION('',(1.,0.,5.867986388082E-17));
#4865 = ORIENTED_EDGE('',*,*,#3870,.T.);
#4866 = ORIENTED_EDGE('',*,*,#4845,.T.);
#4867 = CYLINDRICAL_SURFACE('',#4868,0.6);
#4868 = AXIS2_PLACEMENT_3D('',#4869,#4870,#4871);
#4869 = CARTESIAN_POINT('',(4.3,0.,-0.429150262213));
#4870 = DIRECTION('',(-1.,0.,-5.867986388082E-17));
#4871 = DIRECTION('',(-2.074646483462E-17,-0.935414346693,0.353553390593
    ));
#4872 = ADVANCED_FACE('',(#4873),#4879,.T.);
#4873 = FACE_BOUND('',#4874,.T.);
#4874 = EDGE_LOOP('',(#4875,#4876,#4877,#4878));
#4875 = ORIENTED_EDGE('',*,*,#4588,.F.);
#4876 = ORIENTED_EDGE('',*,*,#3879,.F.);
#4877 = ORIENTED_EDGE('',*,*,#4860,.F.);
#4878 = ORIENTED_EDGE('',*,*,#3921,.T.);
#4879 = PLANE('',#4880);
#4880 = AXIS2_PLACEMENT_3D('',#4881,#4882,#4883);
#4881 = CARTESIAN_POINT('',(-4.3,-0.6,1.E-01));
#4882 = DIRECTION('',(0.,-1.,0.));
#4883 = DIRECTION('',(-6.123233995737E-17,-0.,-1.));
#4884 = ( GEOMETRIC_REPRESENTATION_CONTEXT(3) 
GLOBAL_UNCERTAINTY_ASSIGNED_CONTEXT((#4888)) 
GLOBAL_UNIT_ASSIGNED_CONTEXT((#4885,#4886,#4887)) REPRESENTATION_CONTEXT
('Context #1','3D Context with UNIT and UNCERTAINTY') );
#4885 = ( LENGTH_UNIT() NAMED_UNIT(*) SI_UNIT(.MILLI.,.METRE.) );
#4886 = ( NAMED_UNIT(*) PLANE_ANGLE_UNIT() SI_UNIT($,.RADIAN.) );
#4887 = ( NAMED_UNIT(*) SI_UNIT($,.STERADIAN.) SOLID_ANGLE_UNIT() );
#4888 = UNCERTAINTY_MEASURE_WITH_UNIT(LENGTH_MEASURE(1.E-07),#4885,
  'distance_accuracy_value','confusion accuracy');
#4889 = PRODUCT_RELATED_PRODUCT_CATEGORY('part',$,(#7));
#4890 = MECHANICAL_DESIGN_GEOMETRIC_PRESENTATION_REPRESENTATION('',(
    #4891,#4901,#4910,#4919,#4928,#4937,#4946,#4956,#4965,#4974,#4983,
    #4992,#5001,#5010,#5020,#5029,#5038,#5047,#5056,#5065,#5074,#5083,
    #5092,#5101,#5110,#5119,#5128,#5137,#5146,#5155,#5164,#5173,#5182,
    #5191,#5200,#5210,#5219,#5228,#5237,#5246,#5255,#5264,#5273,#5282,
    #5291,#5300,#5309,#5318,#5327,#5336,#5345,#5354,#5363,#5372,#5381,
    #5390,#5399,#5408,#5417,#5426,#5435,#5444,#5453,#5462,#5471,#5480,
    #5489,#5498,#5507,#5516,#5525,#5534,#5543,#5552,#5561,#5570,#5579,
    #5588,#5597,#5606,#5615,#5624,#5633,#5642,#5651,#5660,#5669,#5678,
    #5687,#5696,#5705,#5714,#5723,#5732,#5741,#5750,#5759,#5768,#5777,
    #5786,#5795,#5804,#5813,#5822,#5831,#5840,#5849,#5858,#5867,#5876,
    #5885,#5894,#5903,#5912,#5921,#5930,#5939,#5948,#5957,#5966,#5975,
    #5984,#5993,#6002,#6011,#6020,#6029,#6038,#6047,#6056,#6065,#6074,
    #6083,#6092,#6101,#6110,#6119,#6128,#6137,#6146,#6155,#6164,#6173,
    #6182,#6191,#6200,#6209,#6218,#6227,#6236,#6245,#6254,#6263,#6272,
    #6281,#6290,#6299,#6308,#6317,#6326,#6335,#6344,#6353,#6362,#6371),
  #4884);
#4891 = STYLED_ITEM('color',(#4892),#15);
#4892 = PRESENTATION_STYLE_ASSIGNMENT((#4893,#4899));
#4893 = SURFACE_STYLE_USAGE(.BOTH.,#4894);
#4894 = SURFACE_SIDE_STYLE('',(#4895));
#4895 = SURFACE_STYLE_FILL_AREA(#4896);
#4896 = FILL_AREA_STYLE('',(#4897));
#4897 = FILL_AREA_STYLE_COLOUR('',#4898);
#4898 = COLOUR_RGB('',9.803921802644E-02,9.803921802644E-02,
  9.803921802644E-02);
#4899 = CURVE_STYLE('',#4900,POSITIVE_LENGTH_MEASURE(0.1),#4898);
#4900 = DRAUGHTING_PRE_DEFINED_CURVE_FONT('continuous');
#4901 = OVER_RIDING_STYLED_ITEM('overriding color',(#4902),#17,#4891);
#4902 = PRESENTATION_STYLE_ASSIGNMENT((#4903));
#4903 = SURFACE_STYLE_USAGE(.BOTH.,#4904);
#4904 = SURFACE_SIDE_STYLE('',(#4905,#4908));
#4905 = SURFACE_STYLE_FILL_AREA(#4906);
#4906 = FILL_AREA_STYLE('',(#4907));
#4907 = FILL_AREA_STYLE_COLOUR('',#4898);
#4908 = SURFACE_STYLE_RENDERING_WITH_PROPERTIES(.NORMAL_SHADING.,#4898,(
    #4909));
#4909 = SURFACE_STYLE_TRANSPARENT(0.);
#4910 = OVER_RIDING_STYLED_ITEM('overriding color',(#4911),#57,#4891);
#4911 = PRESENTATION_STYLE_ASSIGNMENT((#4912));
#4912 = SURFACE_STYLE_USAGE(.BOTH.,#4913);
#4913 = SURFACE_SIDE_STYLE('',(#4914,#4917));
#4914 = SURFACE_STYLE_FILL_AREA(#4915);
#4915 = FILL_AREA_STYLE('',(#4916));
#4916 = FILL_AREA_STYLE_COLOUR('',#4898);
#4917 = SURFACE_STYLE_RENDERING_WITH_PROPERTIES(.NORMAL_SHADING.,#4898,(
    #4918));
#4918 = SURFACE_STYLE_TRANSPARENT(0.);
#4919 = OVER_RIDING_STYLED_ITEM('overriding color',(#4920),#120,#4891);
#4920 = PRESENTATION_STYLE_ASSIGNMENT((#4921));
#4921 = SURFACE_STYLE_USAGE(.BOTH.,#4922);
#4922 = SURFACE_SIDE_STYLE('',(#4923,#4926));
#4923 = SURFACE_STYLE_FILL_AREA(#4924);
#4924 = FILL_AREA_STYLE('',(#4925));
#4925 = FILL_AREA_STYLE_COLOUR('',#4898);
#4926 = SURFACE_STYLE_RENDERING_WITH_PROPERTIES(.NORMAL_SHADING.,#4898,(
    #4927));
#4927 = SURFACE_STYLE_TRANSPARENT(0.);
#4928 = OVER_RIDING_STYLED_ITEM('overriding color',(#4929),#144,#4891);
#4929 = PRESENTATION_STYLE_ASSIGNMENT((#4930));
#4930 = SURFACE_STYLE_USAGE(.BOTH.,#4931);
#4931 = SURFACE_SIDE_STYLE('',(#4932,#4935));
#4932 = SURFACE_STYLE_FILL_AREA(#4933);
#4933 = FILL_AREA_STYLE('',(#4934));
#4934 = FILL_AREA_STYLE_COLOUR('',#4898);
#4935 = SURFACE_STYLE_RENDERING_WITH_PROPERTIES(.NORMAL_SHADING.,#4898,(
    #4936));
#4936 = SURFACE_STYLE_TRANSPARENT(0.);
#4937 = OVER_RIDING_STYLED_ITEM('overriding color',(#4938),#168,#4891);
#4938 = PRESENTATION_STYLE_ASSIGNMENT((#4939));
#4939 = SURFACE_STYLE_USAGE(.BOTH.,#4940);
#4940 = SURFACE_SIDE_STYLE('',(#4941,#4944));
#4941 = SURFACE_STYLE_FILL_AREA(#4942);
#4942 = FILL_AREA_STYLE('',(#4943));
#4943 = FILL_AREA_STYLE_COLOUR('',#4898);
#4944 = SURFACE_STYLE_RENDERING_WITH_PROPERTIES(.NORMAL_SHADING.,#4898,(
    #4945));
#4945 = SURFACE_STYLE_TRANSPARENT(0.);
#4946 = OVER_RIDING_STYLED_ITEM('overriding color',(#4947),#185,#4891);
#4947 = PRESENTATION_STYLE_ASSIGNMENT((#4948));
#4948 = SURFACE_STYLE_USAGE(.BOTH.,#4949);
#4949 = SURFACE_SIDE_STYLE('',(#4950,#4954));
#4950 = SURFACE_STYLE_FILL_AREA(#4951);
#4951 = FILL_AREA_STYLE('',(#4952));
#4952 = FILL_AREA_STYLE_COLOUR('',#4953);
#4953 = COLOUR_RGB('',0.600000020288,0.509803943113,0.368627460923);
#4954 = SURFACE_STYLE_RENDERING_WITH_PROPERTIES(.NORMAL_SHADING.,#4953,(
    #4955));
#4955 = SURFACE_STYLE_TRANSPARENT(0.);
#4956 = OVER_RIDING_STYLED_ITEM('overriding color',(#4957),#271,#4891);
#4957 = PRESENTATION_STYLE_ASSIGNMENT((#4958));
#4958 = SURFACE_STYLE_USAGE(.BOTH.,#4959);
#4959 = SURFACE_SIDE_STYLE('',(#4960,#4963));
#4960 = SURFACE_STYLE_FILL_AREA(#4961);
#4961 = FILL_AREA_STYLE('',(#4962));
#4962 = FILL_AREA_STYLE_COLOUR('',#4898);
#4963 = SURFACE_STYLE_RENDERING_WITH_PROPERTIES(.NORMAL_SHADING.,#4898,(
    #4964));
#4964 = SURFACE_STYLE_TRANSPARENT(0.);
#4965 = OVER_RIDING_STYLED_ITEM('overriding color',(#4966),#302,#4891);
#4966 = PRESENTATION_STYLE_ASSIGNMENT((#4967));
#4967 = SURFACE_STYLE_USAGE(.BOTH.,#4968);
#4968 = SURFACE_SIDE_STYLE('',(#4969,#4972));
#4969 = SURFACE_STYLE_FILL_AREA(#4970);
#4970 = FILL_AREA_STYLE('',(#4971));
#4971 = FILL_AREA_STYLE_COLOUR('',#4898);
#4972 = SURFACE_STYLE_RENDERING_WITH_PROPERTIES(.NORMAL_SHADING.,#4898,(
    #4973));
#4973 = SURFACE_STYLE_TRANSPARENT(0.);
#4974 = OVER_RIDING_STYLED_ITEM('overriding color',(#4975),#350,#4891);
#4975 = PRESENTATION_STYLE_ASSIGNMENT((#4976));
#4976 = SURFACE_STYLE_USAGE(.BOTH.,#4977);
#4977 = SURFACE_SIDE_STYLE('',(#4978,#4981));
#4978 = SURFACE_STYLE_FILL_AREA(#4979);
#4979 = FILL_AREA_STYLE('',(#4980));
#4980 = FILL_AREA_STYLE_COLOUR('',#4898);
#4981 = SURFACE_STYLE_RENDERING_WITH_PROPERTIES(.NORMAL_SHADING.,#4898,(
    #4982));
#4982 = SURFACE_STYLE_TRANSPARENT(0.);
#4983 = OVER_RIDING_STYLED_ITEM('overriding color',(#4984),#374,#4891);
#4984 = PRESENTATION_STYLE_ASSIGNMENT((#4985));
#4985 = SURFACE_STYLE_USAGE(.BOTH.,#4986);
#4986 = SURFACE_SIDE_STYLE('',(#4987,#4990));
#4987 = SURFACE_STYLE_FILL_AREA(#4988);
#4988 = FILL_AREA_STYLE('',(#4989));
#4989 = FILL_AREA_STYLE_COLOUR('',#4953);
#4990 = SURFACE_STYLE_RENDERING_WITH_PROPERTIES(.NORMAL_SHADING.,#4953,(
    #4991));
#4991 = SURFACE_STYLE_TRANSPARENT(0.);
#4992 = OVER_RIDING_STYLED_ITEM('overriding color',(#4993),#409,#4891);
#4993 = PRESENTATION_STYLE_ASSIGNMENT((#4994));
#4994 = SURFACE_STYLE_USAGE(.BOTH.,#4995);
#4995 = SURFACE_SIDE_STYLE('',(#4996,#4999));
#4996 = SURFACE_STYLE_FILL_AREA(#4997);
#4997 = FILL_AREA_STYLE('',(#4998));
#4998 = FILL_AREA_STYLE_COLOUR('',#4953);
#4999 = SURFACE_STYLE_RENDERING_WITH_PROPERTIES(.NORMAL_SHADING.,#4953,(
    #5000));
#5000 = SURFACE_STYLE_TRANSPARENT(0.);
#5001 = OVER_RIDING_STYLED_ITEM('overriding color',(#5002),#433,#4891);
#5002 = PRESENTATION_STYLE_ASSIGNMENT((#5003));
#5003 = SURFACE_STYLE_USAGE(.BOTH.,#5004);
#5004 = SURFACE_SIDE_STYLE('',(#5005,#5008));
#5005 = SURFACE_STYLE_FILL_AREA(#5006);
#5006 = FILL_AREA_STYLE('',(#5007));
#5007 = FILL_AREA_STYLE_COLOUR('',#4953);
#5008 = SURFACE_STYLE_RENDERING_WITH_PROPERTIES(.NORMAL_SHADING.,#4953,(
    #5009));
#5009 = SURFACE_STYLE_TRANSPARENT(0.);
#5010 = OVER_RIDING_STYLED_ITEM('overriding color',(#5011),#669,#4891);
#5011 = PRESENTATION_STYLE_ASSIGNMENT((#5012));
#5012 = SURFACE_STYLE_USAGE(.BOTH.,#5013);
#5013 = SURFACE_SIDE_STYLE('',(#5014,#5018));
#5014 = SURFACE_STYLE_FILL_AREA(#5015);
#5015 = FILL_AREA_STYLE('',(#5016));
#5016 = FILL_AREA_STYLE_COLOUR('',#5017);
#5017 = COLOUR_RGB('',0.796078452645,0.796078452645,0.796078452645);
#5018 = SURFACE_STYLE_RENDERING_WITH_PROPERTIES(.NORMAL_SHADING.,#5017,(
    #5019));
#5019 = SURFACE_STYLE_TRANSPARENT(0.);
#5020 = OVER_RIDING_STYLED_ITEM('overriding color',(#5021),#700,#4891);
#5021 = PRESENTATION_STYLE_ASSIGNMENT((#5022));
#5022 = SURFACE_STYLE_USAGE(.BOTH.,#5023);
#5023 = SURFACE_SIDE_STYLE('',(#5024,#5027));
#5024 = SURFACE_STYLE_FILL_AREA(#5025);
#5025 = FILL_AREA_STYLE('',(#5026));
#5026 = FILL_AREA_STYLE_COLOUR('',#5017);
#5027 = SURFACE_STYLE_RENDERING_WITH_PROPERTIES(.NORMAL_SHADING.,#5017,(
    #5028));
#5028 = SURFACE_STYLE_TRANSPARENT(0.);
#5029 = OVER_RIDING_STYLED_ITEM('overriding color',(#5030),#731,#4891);
#5030 = PRESENTATION_STYLE_ASSIGNMENT((#5031));
#5031 = SURFACE_STYLE_USAGE(.BOTH.,#5032);
#5032 = SURFACE_SIDE_STYLE('',(#5033,#5036));
#5033 = SURFACE_STYLE_FILL_AREA(#5034);
#5034 = FILL_AREA_STYLE('',(#5035));
#5035 = FILL_AREA_STYLE_COLOUR('',#4953);
#5036 = SURFACE_STYLE_RENDERING_WITH_PROPERTIES(.NORMAL_SHADING.,#4953,(
    #5037));
#5037 = SURFACE_STYLE_TRANSPARENT(0.);
#5038 = OVER_RIDING_STYLED_ITEM('overriding color',(#5039),#748,#4891);
#5039 = PRESENTATION_STYLE_ASSIGNMENT((#5040));
#5040 = SURFACE_STYLE_USAGE(.BOTH.,#5041);
#5041 = SURFACE_SIDE_STYLE('',(#5042,#5045));
#5042 = SURFACE_STYLE_FILL_AREA(#5043);
#5043 = FILL_AREA_STYLE('',(#5044));
#5044 = FILL_AREA_STYLE_COLOUR('',#4898);
#5045 = SURFACE_STYLE_RENDERING_WITH_PROPERTIES(.NORMAL_SHADING.,#4898,(
    #5046));
#5046 = SURFACE_STYLE_TRANSPARENT(0.);
#5047 = OVER_RIDING_STYLED_ITEM('overriding color',(#5048),#789,#4891);
#5048 = PRESENTATION_STYLE_ASSIGNMENT((#5049));
#5049 = SURFACE_STYLE_USAGE(.BOTH.,#5050);
#5050 = SURFACE_SIDE_STYLE('',(#5051,#5054));
#5051 = SURFACE_STYLE_FILL_AREA(#5052);
#5052 = FILL_AREA_STYLE('',(#5053));
#5053 = FILL_AREA_STYLE_COLOUR('',#4898);
#5054 = SURFACE_STYLE_RENDERING_WITH_PROPERTIES(.NORMAL_SHADING.,#4898,(
    #5055));
#5055 = SURFACE_STYLE_TRANSPARENT(0.);
#5056 = OVER_RIDING_STYLED_ITEM('overriding color',(#5057),#806,#4891);
#5057 = PRESENTATION_STYLE_ASSIGNMENT((#5058));
#5058 = SURFACE_STYLE_USAGE(.BOTH.,#5059);
#5059 = SURFACE_SIDE_STYLE('',(#5060,#5063));
#5060 = SURFACE_STYLE_FILL_AREA(#5061);
#5061 = FILL_AREA_STYLE('',(#5062));
#5062 = FILL_AREA_STYLE_COLOUR('',#4898);
#5063 = SURFACE_STYLE_RENDERING_WITH_PROPERTIES(.NORMAL_SHADING.,#4898,(
    #5064));
#5064 = SURFACE_STYLE_TRANSPARENT(0.);
#5065 = OVER_RIDING_STYLED_ITEM('overriding color',(#5066),#823,#4891);
#5066 = PRESENTATION_STYLE_ASSIGNMENT((#5067));
#5067 = SURFACE_STYLE_USAGE(.BOTH.,#5068);
#5068 = SURFACE_SIDE_STYLE('',(#5069,#5072));
#5069 = SURFACE_STYLE_FILL_AREA(#5070);
#5070 = FILL_AREA_STYLE('',(#5071));
#5071 = FILL_AREA_STYLE_COLOUR('',#4898);
#5072 = SURFACE_STYLE_RENDERING_WITH_PROPERTIES(.NORMAL_SHADING.,#4898,(
    #5073));
#5073 = SURFACE_STYLE_TRANSPARENT(0.);
#5074 = OVER_RIDING_STYLED_ITEM('overriding color',(#5075),#840,#4891);
#5075 = PRESENTATION_STYLE_ASSIGNMENT((#5076));
#5076 = SURFACE_STYLE_USAGE(.BOTH.,#5077);
#5077 = SURFACE_SIDE_STYLE('',(#5078,#5081));
#5078 = SURFACE_STYLE_FILL_AREA(#5079);
#5079 = FILL_AREA_STYLE('',(#5080));
#5080 = FILL_AREA_STYLE_COLOUR('',#4898);
#5081 = SURFACE_STYLE_RENDERING_WITH_PROPERTIES(.NORMAL_SHADING.,#4898,(
    #5082));
#5082 = SURFACE_STYLE_TRANSPARENT(0.);
#5083 = OVER_RIDING_STYLED_ITEM('overriding color',(#5084),#852,#4891);
#5084 = PRESENTATION_STYLE_ASSIGNMENT((#5085));
#5085 = SURFACE_STYLE_USAGE(.BOTH.,#5086);
#5086 = SURFACE_SIDE_STYLE('',(#5087,#5090));
#5087 = SURFACE_STYLE_FILL_AREA(#5088);
#5088 = FILL_AREA_STYLE('',(#5089));
#5089 = FILL_AREA_STYLE_COLOUR('',#4953);
#5090 = SURFACE_STYLE_RENDERING_WITH_PROPERTIES(.NORMAL_SHADING.,#4953,(
    #5091));
#5091 = SURFACE_STYLE_TRANSPARENT(0.);
#5092 = OVER_RIDING_STYLED_ITEM('overriding color',(#5093),#878,#4891);
#5093 = PRESENTATION_STYLE_ASSIGNMENT((#5094));
#5094 = SURFACE_STYLE_USAGE(.BOTH.,#5095);
#5095 = SURFACE_SIDE_STYLE('',(#5096,#5099));
#5096 = SURFACE_STYLE_FILL_AREA(#5097);
#5097 = FILL_AREA_STYLE('',(#5098));
#5098 = FILL_AREA_STYLE_COLOUR('',#5017);
#5099 = SURFACE_STYLE_RENDERING_WITH_PROPERTIES(.NORMAL_SHADING.,#5017,(
    #5100));
#5100 = SURFACE_STYLE_TRANSPARENT(0.);
#5101 = OVER_RIDING_STYLED_ITEM('overriding color',(#5102),#910,#4891);
#5102 = PRESENTATION_STYLE_ASSIGNMENT((#5103));
#5103 = SURFACE_STYLE_USAGE(.BOTH.,#5104);
#5104 = SURFACE_SIDE_STYLE('',(#5105,#5108));
#5105 = SURFACE_STYLE_FILL_AREA(#5106);
#5106 = FILL_AREA_STYLE('',(#5107));
#5107 = FILL_AREA_STYLE_COLOUR('',#5017);
#5108 = SURFACE_STYLE_RENDERING_WITH_PROPERTIES(.NORMAL_SHADING.,#5017,(
    #5109));
#5109 = SURFACE_STYLE_TRANSPARENT(0.);
#5110 = OVER_RIDING_STYLED_ITEM('overriding color',(#5111),#934,#4891);
#5111 = PRESENTATION_STYLE_ASSIGNMENT((#5112));
#5112 = SURFACE_STYLE_USAGE(.BOTH.,#5113);
#5113 = SURFACE_SIDE_STYLE('',(#5114,#5117));
#5114 = SURFACE_STYLE_FILL_AREA(#5115);
#5115 = FILL_AREA_STYLE('',(#5116));
#5116 = FILL_AREA_STYLE_COLOUR('',#5017);
#5117 = SURFACE_STYLE_RENDERING_WITH_PROPERTIES(.NORMAL_SHADING.,#5017,(
    #5118));
#5118 = SURFACE_STYLE_TRANSPARENT(0.);
#5119 = OVER_RIDING_STYLED_ITEM('overriding color',(#5120),#959,#4891);
#5120 = PRESENTATION_STYLE_ASSIGNMENT((#5121));
#5121 = SURFACE_STYLE_USAGE(.BOTH.,#5122);
#5122 = SURFACE_SIDE_STYLE('',(#5123,#5126));
#5123 = SURFACE_STYLE_FILL_AREA(#5124);
#5124 = FILL_AREA_STYLE('',(#5125));
#5125 = FILL_AREA_STYLE_COLOUR('',#5017);
#5126 = SURFACE_STYLE_RENDERING_WITH_PROPERTIES(.NORMAL_SHADING.,#5017,(
    #5127));
#5127 = SURFACE_STYLE_TRANSPARENT(0.);
#5128 = OVER_RIDING_STYLED_ITEM('overriding color',(#5129),#991,#4891);
#5129 = PRESENTATION_STYLE_ASSIGNMENT((#5130));
#5130 = SURFACE_STYLE_USAGE(.BOTH.,#5131);
#5131 = SURFACE_SIDE_STYLE('',(#5132,#5135));
#5132 = SURFACE_STYLE_FILL_AREA(#5133);
#5133 = FILL_AREA_STYLE('',(#5134));
#5134 = FILL_AREA_STYLE_COLOUR('',#5017);
#5135 = SURFACE_STYLE_RENDERING_WITH_PROPERTIES(.NORMAL_SHADING.,#5017,(
    #5136));
#5136 = SURFACE_STYLE_TRANSPARENT(0.);
#5137 = OVER_RIDING_STYLED_ITEM('overriding color',(#5138),#1015,#4891);
#5138 = PRESENTATION_STYLE_ASSIGNMENT((#5139));
#5139 = SURFACE_STYLE_USAGE(.BOTH.,#5140);
#5140 = SURFACE_SIDE_STYLE('',(#5141,#5144));
#5141 = SURFACE_STYLE_FILL_AREA(#5142);
#5142 = FILL_AREA_STYLE('',(#5143));
#5143 = FILL_AREA_STYLE_COLOUR('',#5017);
#5144 = SURFACE_STYLE_RENDERING_WITH_PROPERTIES(.NORMAL_SHADING.,#5017,(
    #5145));
#5145 = SURFACE_STYLE_TRANSPARENT(0.);
#5146 = OVER_RIDING_STYLED_ITEM('overriding color',(#5147),#1040,#4891);
#5147 = PRESENTATION_STYLE_ASSIGNMENT((#5148));
#5148 = SURFACE_STYLE_USAGE(.BOTH.,#5149);
#5149 = SURFACE_SIDE_STYLE('',(#5150,#5153));
#5150 = SURFACE_STYLE_FILL_AREA(#5151);
#5151 = FILL_AREA_STYLE('',(#5152));
#5152 = FILL_AREA_STYLE_COLOUR('',#5017);
#5153 = SURFACE_STYLE_RENDERING_WITH_PROPERTIES(.NORMAL_SHADING.,#5017,(
    #5154));
#5154 = SURFACE_STYLE_TRANSPARENT(0.);
#5155 = OVER_RIDING_STYLED_ITEM('overriding color',(#5156),#1079,#4891);
#5156 = PRESENTATION_STYLE_ASSIGNMENT((#5157));
#5157 = SURFACE_STYLE_USAGE(.BOTH.,#5158);
#5158 = SURFACE_SIDE_STYLE('',(#5159,#5162));
#5159 = SURFACE_STYLE_FILL_AREA(#5160);
#5160 = FILL_AREA_STYLE('',(#5161));
#5161 = FILL_AREA_STYLE_COLOUR('',#5017);
#5162 = SURFACE_STYLE_RENDERING_WITH_PROPERTIES(.NORMAL_SHADING.,#5017,(
    #5163));
#5163 = SURFACE_STYLE_TRANSPARENT(0.);
#5164 = OVER_RIDING_STYLED_ITEM('overriding color',(#5165),#1103,#4891);
#5165 = PRESENTATION_STYLE_ASSIGNMENT((#5166));
#5166 = SURFACE_STYLE_USAGE(.BOTH.,#5167);
#5167 = SURFACE_SIDE_STYLE('',(#5168,#5171));
#5168 = SURFACE_STYLE_FILL_AREA(#5169);
#5169 = FILL_AREA_STYLE('',(#5170));
#5170 = FILL_AREA_STYLE_COLOUR('',#5017);
#5171 = SURFACE_STYLE_RENDERING_WITH_PROPERTIES(.NORMAL_SHADING.,#5017,(
    #5172));
#5172 = SURFACE_STYLE_TRANSPARENT(0.);
#5173 = OVER_RIDING_STYLED_ITEM('overriding color',(#5174),#1135,#4891);
#5174 = PRESENTATION_STYLE_ASSIGNMENT((#5175));
#5175 = SURFACE_STYLE_USAGE(.BOTH.,#5176);
#5176 = SURFACE_SIDE_STYLE('',(#5177,#5180));
#5177 = SURFACE_STYLE_FILL_AREA(#5178);
#5178 = FILL_AREA_STYLE('',(#5179));
#5179 = FILL_AREA_STYLE_COLOUR('',#5017);
#5180 = SURFACE_STYLE_RENDERING_WITH_PROPERTIES(.NORMAL_SHADING.,#5017,(
    #5181));
#5181 = SURFACE_STYLE_TRANSPARENT(0.);
#5182 = OVER_RIDING_STYLED_ITEM('overriding color',(#5183),#1174,#4891);
#5183 = PRESENTATION_STYLE_ASSIGNMENT((#5184));
#5184 = SURFACE_STYLE_USAGE(.BOTH.,#5185);
#5185 = SURFACE_SIDE_STYLE('',(#5186,#5189));
#5186 = SURFACE_STYLE_FILL_AREA(#5187);
#5187 = FILL_AREA_STYLE('',(#5188));
#5188 = FILL_AREA_STYLE_COLOUR('',#5017);
#5189 = SURFACE_STYLE_RENDERING_WITH_PROPERTIES(.NORMAL_SHADING.,#5017,(
    #5190));
#5190 = SURFACE_STYLE_TRANSPARENT(0.);
#5191 = OVER_RIDING_STYLED_ITEM('overriding color',(#5192),#1198,#4891);
#5192 = PRESENTATION_STYLE_ASSIGNMENT((#5193));
#5193 = SURFACE_STYLE_USAGE(.BOTH.,#5194);
#5194 = SURFACE_SIDE_STYLE('',(#5195,#5198));
#5195 = SURFACE_STYLE_FILL_AREA(#5196);
#5196 = FILL_AREA_STYLE('',(#5197));
#5197 = FILL_AREA_STYLE_COLOUR('',#5017);
#5198 = SURFACE_STYLE_RENDERING_WITH_PROPERTIES(.NORMAL_SHADING.,#5017,(
    #5199));
#5199 = SURFACE_STYLE_TRANSPARENT(0.);
#5200 = OVER_RIDING_STYLED_ITEM('overriding color',(#5201),#1230,#4891);
#5201 = PRESENTATION_STYLE_ASSIGNMENT((#5202));
#5202 = SURFACE_STYLE_USAGE(.BOTH.,#5203);
#5203 = SURFACE_SIDE_STYLE('',(#5204,#5208));
#5204 = SURFACE_STYLE_FILL_AREA(#5205);
#5205 = FILL_AREA_STYLE('',(#5206));
#5206 = FILL_AREA_STYLE_COLOUR('',#5207);
#5207 = COLOUR_RGB('',0.627451011593,0.627451011593,0.627451011593);
#5208 = SURFACE_STYLE_RENDERING_WITH_PROPERTIES(.NORMAL_SHADING.,#5207,(
    #5209));
#5209 = SURFACE_STYLE_TRANSPARENT(0.);
#5210 = OVER_RIDING_STYLED_ITEM('overriding color',(#5211),#1261,#4891);
#5211 = PRESENTATION_STYLE_ASSIGNMENT((#5212));
#5212 = SURFACE_STYLE_USAGE(.BOTH.,#5213);
#5213 = SURFACE_SIDE_STYLE('',(#5214,#5217));
#5214 = SURFACE_STYLE_FILL_AREA(#5215);
#5215 = FILL_AREA_STYLE('',(#5216));
#5216 = FILL_AREA_STYLE_COLOUR('',#5207);
#5217 = SURFACE_STYLE_RENDERING_WITH_PROPERTIES(.NORMAL_SHADING.,#5207,(
    #5218));
#5218 = SURFACE_STYLE_TRANSPARENT(0.);
#5219 = OVER_RIDING_STYLED_ITEM('overriding color',(#5220),#1303,#4891);
#5220 = PRESENTATION_STYLE_ASSIGNMENT((#5221));
#5221 = SURFACE_STYLE_USAGE(.BOTH.,#5222);
#5222 = SURFACE_SIDE_STYLE('',(#5223,#5226));
#5223 = SURFACE_STYLE_FILL_AREA(#5224);
#5224 = FILL_AREA_STYLE('',(#5225));
#5225 = FILL_AREA_STYLE_COLOUR('',#5207);
#5226 = SURFACE_STYLE_RENDERING_WITH_PROPERTIES(.NORMAL_SHADING.,#5207,(
    #5227));
#5227 = SURFACE_STYLE_TRANSPARENT(0.);
#5228 = OVER_RIDING_STYLED_ITEM('overriding color',(#5229),#1327,#4891);
#5229 = PRESENTATION_STYLE_ASSIGNMENT((#5230));
#5230 = SURFACE_STYLE_USAGE(.BOTH.,#5231);
#5231 = SURFACE_SIDE_STYLE('',(#5232,#5235));
#5232 = SURFACE_STYLE_FILL_AREA(#5233);
#5233 = FILL_AREA_STYLE('',(#5234));
#5234 = FILL_AREA_STYLE_COLOUR('',#5207);
#5235 = SURFACE_STYLE_RENDERING_WITH_PROPERTIES(.NORMAL_SHADING.,#5207,(
    #5236));
#5236 = SURFACE_STYLE_TRANSPARENT(0.);
#5237 = OVER_RIDING_STYLED_ITEM('overriding color',(#5238),#1362,#4891);
#5238 = PRESENTATION_STYLE_ASSIGNMENT((#5239));
#5239 = SURFACE_STYLE_USAGE(.BOTH.,#5240);
#5240 = SURFACE_SIDE_STYLE('',(#5241,#5244));
#5241 = SURFACE_STYLE_FILL_AREA(#5242);
#5242 = FILL_AREA_STYLE('',(#5243));
#5243 = FILL_AREA_STYLE_COLOUR('',#5207);
#5244 = SURFACE_STYLE_RENDERING_WITH_PROPERTIES(.NORMAL_SHADING.,#5207,(
    #5245));
#5245 = SURFACE_STYLE_TRANSPARENT(0.);
#5246 = OVER_RIDING_STYLED_ITEM('overriding color',(#5247),#1393,#4891);
#5247 = PRESENTATION_STYLE_ASSIGNMENT((#5248));
#5248 = SURFACE_STYLE_USAGE(.BOTH.,#5249);
#5249 = SURFACE_SIDE_STYLE('',(#5250,#5253));
#5250 = SURFACE_STYLE_FILL_AREA(#5251);
#5251 = FILL_AREA_STYLE('',(#5252));
#5252 = FILL_AREA_STYLE_COLOUR('',#5207);
#5253 = SURFACE_STYLE_RENDERING_WITH_PROPERTIES(.NORMAL_SHADING.,#5207,(
    #5254));
#5254 = SURFACE_STYLE_TRANSPARENT(0.);
#5255 = OVER_RIDING_STYLED_ITEM('overriding color',(#5256),#1435,#4891);
#5256 = PRESENTATION_STYLE_ASSIGNMENT((#5257));
#5257 = SURFACE_STYLE_USAGE(.BOTH.,#5258);
#5258 = SURFACE_SIDE_STYLE('',(#5259,#5262));
#5259 = SURFACE_STYLE_FILL_AREA(#5260);
#5260 = FILL_AREA_STYLE('',(#5261));
#5261 = FILL_AREA_STYLE_COLOUR('',#5207);
#5262 = SURFACE_STYLE_RENDERING_WITH_PROPERTIES(.NORMAL_SHADING.,#5207,(
    #5263));
#5263 = SURFACE_STYLE_TRANSPARENT(0.);
#5264 = OVER_RIDING_STYLED_ITEM('overriding color',(#5265),#1459,#4891);
#5265 = PRESENTATION_STYLE_ASSIGNMENT((#5266));
#5266 = SURFACE_STYLE_USAGE(.BOTH.,#5267);
#5267 = SURFACE_SIDE_STYLE('',(#5268,#5271));
#5268 = SURFACE_STYLE_FILL_AREA(#5269);
#5269 = FILL_AREA_STYLE('',(#5270));
#5270 = FILL_AREA_STYLE_COLOUR('',#5207);
#5271 = SURFACE_STYLE_RENDERING_WITH_PROPERTIES(.NORMAL_SHADING.,#5207,(
    #5272));
#5272 = SURFACE_STYLE_TRANSPARENT(0.);
#5273 = OVER_RIDING_STYLED_ITEM('overriding color',(#5274),#1494,#4891);
#5274 = PRESENTATION_STYLE_ASSIGNMENT((#5275));
#5275 = SURFACE_STYLE_USAGE(.BOTH.,#5276);
#5276 = SURFACE_SIDE_STYLE('',(#5277,#5280));
#5277 = SURFACE_STYLE_FILL_AREA(#5278);
#5278 = FILL_AREA_STYLE('',(#5279));
#5279 = FILL_AREA_STYLE_COLOUR('',#5207);
#5280 = SURFACE_STYLE_RENDERING_WITH_PROPERTIES(.NORMAL_SHADING.,#5207,(
    #5281));
#5281 = SURFACE_STYLE_TRANSPARENT(0.);
#5282 = OVER_RIDING_STYLED_ITEM('overriding color',(#5283),#1525,#4891);
#5283 = PRESENTATION_STYLE_ASSIGNMENT((#5284));
#5284 = SURFACE_STYLE_USAGE(.BOTH.,#5285);
#5285 = SURFACE_SIDE_STYLE('',(#5286,#5289));
#5286 = SURFACE_STYLE_FILL_AREA(#5287);
#5287 = FILL_AREA_STYLE('',(#5288));
#5288 = FILL_AREA_STYLE_COLOUR('',#5207);
#5289 = SURFACE_STYLE_RENDERING_WITH_PROPERTIES(.NORMAL_SHADING.,#5207,(
    #5290));
#5290 = SURFACE_STYLE_TRANSPARENT(0.);
#5291 = OVER_RIDING_STYLED_ITEM('overriding color',(#5292),#1567,#4891);
#5292 = PRESENTATION_STYLE_ASSIGNMENT((#5293));
#5293 = SURFACE_STYLE_USAGE(.BOTH.,#5294);
#5294 = SURFACE_SIDE_STYLE('',(#5295,#5298));
#5295 = SURFACE_STYLE_FILL_AREA(#5296);
#5296 = FILL_AREA_STYLE('',(#5297));
#5297 = FILL_AREA_STYLE_COLOUR('',#5207);
#5298 = SURFACE_STYLE_RENDERING_WITH_PROPERTIES(.NORMAL_SHADING.,#5207,(
    #5299));
#5299 = SURFACE_STYLE_TRANSPARENT(0.);
#5300 = OVER_RIDING_STYLED_ITEM('overriding color',(#5301),#1591,#4891);
#5301 = PRESENTATION_STYLE_ASSIGNMENT((#5302));
#5302 = SURFACE_STYLE_USAGE(.BOTH.,#5303);
#5303 = SURFACE_SIDE_STYLE('',(#5304,#5307));
#5304 = SURFACE_STYLE_FILL_AREA(#5305);
#5305 = FILL_AREA_STYLE('',(#5306));
#5306 = FILL_AREA_STYLE_COLOUR('',#5207);
#5307 = SURFACE_STYLE_RENDERING_WITH_PROPERTIES(.NORMAL_SHADING.,#5207,(
    #5308));
#5308 = SURFACE_STYLE_TRANSPARENT(0.);
#5309 = OVER_RIDING_STYLED_ITEM('overriding color',(#5310),#1626,#4891);
#5310 = PRESENTATION_STYLE_ASSIGNMENT((#5311));
#5311 = SURFACE_STYLE_USAGE(.BOTH.,#5312);
#5312 = SURFACE_SIDE_STYLE('',(#5313,#5316));
#5313 = SURFACE_STYLE_FILL_AREA(#5314);
#5314 = FILL_AREA_STYLE('',(#5315));
#5315 = FILL_AREA_STYLE_COLOUR('',#5017);
#5316 = SURFACE_STYLE_RENDERING_WITH_PROPERTIES(.NORMAL_SHADING.,#5017,(
    #5317));
#5317 = SURFACE_STYLE_TRANSPARENT(0.);
#5318 = OVER_RIDING_STYLED_ITEM('overriding color',(#5319),#1659,#4891);
#5319 = PRESENTATION_STYLE_ASSIGNMENT((#5320));
#5320 = SURFACE_STYLE_USAGE(.BOTH.,#5321);
#5321 = SURFACE_SIDE_STYLE('',(#5322,#5325));
#5322 = SURFACE_STYLE_FILL_AREA(#5323);
#5323 = FILL_AREA_STYLE('',(#5324));
#5324 = FILL_AREA_STYLE_COLOUR('',#5017);
#5325 = SURFACE_STYLE_RENDERING_WITH_PROPERTIES(.NORMAL_SHADING.,#5017,(
    #5326));
#5326 = SURFACE_STYLE_TRANSPARENT(0.);
#5327 = OVER_RIDING_STYLED_ITEM('overriding color',(#5328),#1692,#4891);
#5328 = PRESENTATION_STYLE_ASSIGNMENT((#5329));
#5329 = SURFACE_STYLE_USAGE(.BOTH.,#5330);
#5330 = SURFACE_SIDE_STYLE('',(#5331,#5334));
#5331 = SURFACE_STYLE_FILL_AREA(#5332);
#5332 = FILL_AREA_STYLE('',(#5333));
#5333 = FILL_AREA_STYLE_COLOUR('',#5017);
#5334 = SURFACE_STYLE_RENDERING_WITH_PROPERTIES(.NORMAL_SHADING.,#5017,(
    #5335));
#5335 = SURFACE_STYLE_TRANSPARENT(0.);
#5336 = OVER_RIDING_STYLED_ITEM('overriding color',(#5337),#1709,#4891);
#5337 = PRESENTATION_STYLE_ASSIGNMENT((#5338));
#5338 = SURFACE_STYLE_USAGE(.BOTH.,#5339);
#5339 = SURFACE_SIDE_STYLE('',(#5340,#5343));
#5340 = SURFACE_STYLE_FILL_AREA(#5341);
#5341 = FILL_AREA_STYLE('',(#5342));
#5342 = FILL_AREA_STYLE_COLOUR('',#5017);
#5343 = SURFACE_STYLE_RENDERING_WITH_PROPERTIES(.NORMAL_SHADING.,#5017,(
    #5344));
#5344 = SURFACE_STYLE_TRANSPARENT(0.);
#5345 = OVER_RIDING_STYLED_ITEM('overriding color',(#5346),#1726,#4891);
#5346 = PRESENTATION_STYLE_ASSIGNMENT((#5347));
#5347 = SURFACE_STYLE_USAGE(.BOTH.,#5348);
#5348 = SURFACE_SIDE_STYLE('',(#5349,#5352));
#5349 = SURFACE_STYLE_FILL_AREA(#5350);
#5350 = FILL_AREA_STYLE('',(#5351));
#5351 = FILL_AREA_STYLE_COLOUR('',#5017);
#5352 = SURFACE_STYLE_RENDERING_WITH_PROPERTIES(.NORMAL_SHADING.,#5017,(
    #5353));
#5353 = SURFACE_STYLE_TRANSPARENT(0.);
#5354 = OVER_RIDING_STYLED_ITEM('overriding color',(#5355),#1751,#4891);
#5355 = PRESENTATION_STYLE_ASSIGNMENT((#5356));
#5356 = SURFACE_STYLE_USAGE(.BOTH.,#5357);
#5357 = SURFACE_SIDE_STYLE('',(#5358,#5361));
#5358 = SURFACE_STYLE_FILL_AREA(#5359);
#5359 = FILL_AREA_STYLE('',(#5360));
#5360 = FILL_AREA_STYLE_COLOUR('',#5017);
#5361 = SURFACE_STYLE_RENDERING_WITH_PROPERTIES(.NORMAL_SHADING.,#5017,(
    #5362));
#5362 = SURFACE_STYLE_TRANSPARENT(0.);
#5363 = OVER_RIDING_STYLED_ITEM('overriding color',(#5364),#1768,#4891);
#5364 = PRESENTATION_STYLE_ASSIGNMENT((#5365));
#5365 = SURFACE_STYLE_USAGE(.BOTH.,#5366);
#5366 = SURFACE_SIDE_STYLE('',(#5367,#5370));
#5367 = SURFACE_STYLE_FILL_AREA(#5368);
#5368 = FILL_AREA_STYLE('',(#5369));
#5369 = FILL_AREA_STYLE_COLOUR('',#5017);
#5370 = SURFACE_STYLE_RENDERING_WITH_PROPERTIES(.NORMAL_SHADING.,#5017,(
    #5371));
#5371 = SURFACE_STYLE_TRANSPARENT(0.);
#5372 = OVER_RIDING_STYLED_ITEM('overriding color',(#5373),#1793,#4891);
#5373 = PRESENTATION_STYLE_ASSIGNMENT((#5374));
#5374 = SURFACE_STYLE_USAGE(.BOTH.,#5375);
#5375 = SURFACE_SIDE_STYLE('',(#5376,#5379));
#5376 = SURFACE_STYLE_FILL_AREA(#5377);
#5377 = FILL_AREA_STYLE('',(#5378));
#5378 = FILL_AREA_STYLE_COLOUR('',#5017);
#5379 = SURFACE_STYLE_RENDERING_WITH_PROPERTIES(.NORMAL_SHADING.,#5017,(
    #5380));
#5380 = SURFACE_STYLE_TRANSPARENT(0.);
#5381 = OVER_RIDING_STYLED_ITEM('overriding color',(#5382),#1818,#4891);
#5382 = PRESENTATION_STYLE_ASSIGNMENT((#5383));
#5383 = SURFACE_STYLE_USAGE(.BOTH.,#5384);
#5384 = SURFACE_SIDE_STYLE('',(#5385,#5388));
#5385 = SURFACE_STYLE_FILL_AREA(#5386);
#5386 = FILL_AREA_STYLE('',(#5387));
#5387 = FILL_AREA_STYLE_COLOUR('',#5017);
#5388 = SURFACE_STYLE_RENDERING_WITH_PROPERTIES(.NORMAL_SHADING.,#5017,(
    #5389));
#5389 = SURFACE_STYLE_TRANSPARENT(0.);
#5390 = OVER_RIDING_STYLED_ITEM('overriding color',(#5391),#1835,#4891);
#5391 = PRESENTATION_STYLE_ASSIGNMENT((#5392));
#5392 = SURFACE_STYLE_USAGE(.BOTH.,#5393);
#5393 = SURFACE_SIDE_STYLE('',(#5394,#5397));
#5394 = SURFACE_STYLE_FILL_AREA(#5395);
#5395 = FILL_AREA_STYLE('',(#5396));
#5396 = FILL_AREA_STYLE_COLOUR('',#5017);
#5397 = SURFACE_STYLE_RENDERING_WITH_PROPERTIES(.NORMAL_SHADING.,#5017,(
    #5398));
#5398 = SURFACE_STYLE_TRANSPARENT(0.);
#5399 = OVER_RIDING_STYLED_ITEM('overriding color',(#5400),#1860,#4891);
#5400 = PRESENTATION_STYLE_ASSIGNMENT((#5401));
#5401 = SURFACE_STYLE_USAGE(.BOTH.,#5402);
#5402 = SURFACE_SIDE_STYLE('',(#5403,#5406));
#5403 = SURFACE_STYLE_FILL_AREA(#5404);
#5404 = FILL_AREA_STYLE('',(#5405));
#5405 = FILL_AREA_STYLE_COLOUR('',#5017);
#5406 = SURFACE_STYLE_RENDERING_WITH_PROPERTIES(.NORMAL_SHADING.,#5017,(
    #5407));
#5407 = SURFACE_STYLE_TRANSPARENT(0.);
#5408 = OVER_RIDING_STYLED_ITEM('overriding color',(#5409),#1893,#4891);
#5409 = PRESENTATION_STYLE_ASSIGNMENT((#5410));
#5410 = SURFACE_STYLE_USAGE(.BOTH.,#5411);
#5411 = SURFACE_SIDE_STYLE('',(#5412,#5415));
#5412 = SURFACE_STYLE_FILL_AREA(#5413);
#5413 = FILL_AREA_STYLE('',(#5414));
#5414 = FILL_AREA_STYLE_COLOUR('',#5017);
#5415 = SURFACE_STYLE_RENDERING_WITH_PROPERTIES(.NORMAL_SHADING.,#5017,(
    #5416));
#5416 = SURFACE_STYLE_TRANSPARENT(0.);
#5417 = OVER_RIDING_STYLED_ITEM('overriding color',(#5418),#1910,#4891);
#5418 = PRESENTATION_STYLE_ASSIGNMENT((#5419));
#5419 = SURFACE_STYLE_USAGE(.BOTH.,#5420);
#5420 = SURFACE_SIDE_STYLE('',(#5421,#5424));
#5421 = SURFACE_STYLE_FILL_AREA(#5422);
#5422 = FILL_AREA_STYLE('',(#5423));
#5423 = FILL_AREA_STYLE_COLOUR('',#5017);
#5424 = SURFACE_STYLE_RENDERING_WITH_PROPERTIES(.NORMAL_SHADING.,#5017,(
    #5425));
#5425 = SURFACE_STYLE_TRANSPARENT(0.);
#5426 = OVER_RIDING_STYLED_ITEM('overriding color',(#5427),#1943,#4891);
#5427 = PRESENTATION_STYLE_ASSIGNMENT((#5428));
#5428 = SURFACE_STYLE_USAGE(.BOTH.,#5429);
#5429 = SURFACE_SIDE_STYLE('',(#5430,#5433));
#5430 = SURFACE_STYLE_FILL_AREA(#5431);
#5431 = FILL_AREA_STYLE('',(#5432));
#5432 = FILL_AREA_STYLE_COLOUR('',#5017);
#5433 = SURFACE_STYLE_RENDERING_WITH_PROPERTIES(.NORMAL_SHADING.,#5017,(
    #5434));
#5434 = SURFACE_STYLE_TRANSPARENT(0.);
#5435 = OVER_RIDING_STYLED_ITEM('overriding color',(#5436),#1976,#4891);
#5436 = PRESENTATION_STYLE_ASSIGNMENT((#5437));
#5437 = SURFACE_STYLE_USAGE(.BOTH.,#5438);
#5438 = SURFACE_SIDE_STYLE('',(#5439,#5442));
#5439 = SURFACE_STYLE_FILL_AREA(#5440);
#5440 = FILL_AREA_STYLE('',(#5441));
#5441 = FILL_AREA_STYLE_COLOUR('',#5017);
#5442 = SURFACE_STYLE_RENDERING_WITH_PROPERTIES(.NORMAL_SHADING.,#5017,(
    #5443));
#5443 = SURFACE_STYLE_TRANSPARENT(0.);
#5444 = OVER_RIDING_STYLED_ITEM('overriding color',(#5445),#1993,#4891);
#5445 = PRESENTATION_STYLE_ASSIGNMENT((#5446));
#5446 = SURFACE_STYLE_USAGE(.BOTH.,#5447);
#5447 = SURFACE_SIDE_STYLE('',(#5448,#5451));
#5448 = SURFACE_STYLE_FILL_AREA(#5449);
#5449 = FILL_AREA_STYLE('',(#5450));
#5450 = FILL_AREA_STYLE_COLOUR('',#5017);
#5451 = SURFACE_STYLE_RENDERING_WITH_PROPERTIES(.NORMAL_SHADING.,#5017,(
    #5452));
#5452 = SURFACE_STYLE_TRANSPARENT(0.);
#5453 = OVER_RIDING_STYLED_ITEM('overriding color',(#5454),#2026,#4891);
#5454 = PRESENTATION_STYLE_ASSIGNMENT((#5455));
#5455 = SURFACE_STYLE_USAGE(.BOTH.,#5456);
#5456 = SURFACE_SIDE_STYLE('',(#5457,#5460));
#5457 = SURFACE_STYLE_FILL_AREA(#5458);
#5458 = FILL_AREA_STYLE('',(#5459));
#5459 = FILL_AREA_STYLE_COLOUR('',#5207);
#5460 = SURFACE_STYLE_RENDERING_WITH_PROPERTIES(.NORMAL_SHADING.,#5207,(
    #5461));
#5461 = SURFACE_STYLE_TRANSPARENT(0.);
#5462 = OVER_RIDING_STYLED_ITEM('overriding color',(#5463),#2043,#4891);
#5463 = PRESENTATION_STYLE_ASSIGNMENT((#5464));
#5464 = SURFACE_STYLE_USAGE(.BOTH.,#5465);
#5465 = SURFACE_SIDE_STYLE('',(#5466,#5469));
#5466 = SURFACE_STYLE_FILL_AREA(#5467);
#5467 = FILL_AREA_STYLE('',(#5468));
#5468 = FILL_AREA_STYLE_COLOUR('',#5207);
#5469 = SURFACE_STYLE_RENDERING_WITH_PROPERTIES(.NORMAL_SHADING.,#5207,(
    #5470));
#5470 = SURFACE_STYLE_TRANSPARENT(0.);
#5471 = OVER_RIDING_STYLED_ITEM('overriding color',(#5472),#2060,#4891);
#5472 = PRESENTATION_STYLE_ASSIGNMENT((#5473));
#5473 = SURFACE_STYLE_USAGE(.BOTH.,#5474);
#5474 = SURFACE_SIDE_STYLE('',(#5475,#5478));
#5475 = SURFACE_STYLE_FILL_AREA(#5476);
#5476 = FILL_AREA_STYLE('',(#5477));
#5477 = FILL_AREA_STYLE_COLOUR('',#5207);
#5478 = SURFACE_STYLE_RENDERING_WITH_PROPERTIES(.NORMAL_SHADING.,#5207,(
    #5479));
#5479 = SURFACE_STYLE_TRANSPARENT(0.);
#5480 = OVER_RIDING_STYLED_ITEM('overriding color',(#5481),#2072,#4891);
#5481 = PRESENTATION_STYLE_ASSIGNMENT((#5482));
#5482 = SURFACE_STYLE_USAGE(.BOTH.,#5483);
#5483 = SURFACE_SIDE_STYLE('',(#5484,#5487));
#5484 = SURFACE_STYLE_FILL_AREA(#5485);
#5485 = FILL_AREA_STYLE('',(#5486));
#5486 = FILL_AREA_STYLE_COLOUR('',#5207);
#5487 = SURFACE_STYLE_RENDERING_WITH_PROPERTIES(.NORMAL_SHADING.,#5207,(
    #5488));
#5488 = SURFACE_STYLE_TRANSPARENT(0.);
#5489 = OVER_RIDING_STYLED_ITEM('overriding color',(#5490),#2089,#4891);
#5490 = PRESENTATION_STYLE_ASSIGNMENT((#5491));
#5491 = SURFACE_STYLE_USAGE(.BOTH.,#5492);
#5492 = SURFACE_SIDE_STYLE('',(#5493,#5496));
#5493 = SURFACE_STYLE_FILL_AREA(#5494);
#5494 = FILL_AREA_STYLE('',(#5495));
#5495 = FILL_AREA_STYLE_COLOUR('',#5207);
#5496 = SURFACE_STYLE_RENDERING_WITH_PROPERTIES(.NORMAL_SHADING.,#5207,(
    #5497));
#5497 = SURFACE_STYLE_TRANSPARENT(0.);
#5498 = OVER_RIDING_STYLED_ITEM('overriding color',(#5499),#2106,#4891);
#5499 = PRESENTATION_STYLE_ASSIGNMENT((#5500));
#5500 = SURFACE_STYLE_USAGE(.BOTH.,#5501);
#5501 = SURFACE_SIDE_STYLE('',(#5502,#5505));
#5502 = SURFACE_STYLE_FILL_AREA(#5503);
#5503 = FILL_AREA_STYLE('',(#5504));
#5504 = FILL_AREA_STYLE_COLOUR('',#5207);
#5505 = SURFACE_STYLE_RENDERING_WITH_PROPERTIES(.NORMAL_SHADING.,#5207,(
    #5506));
#5506 = SURFACE_STYLE_TRANSPARENT(0.);
#5507 = OVER_RIDING_STYLED_ITEM('overriding color',(#5508),#2118,#4891);
#5508 = PRESENTATION_STYLE_ASSIGNMENT((#5509));
#5509 = SURFACE_STYLE_USAGE(.BOTH.,#5510);
#5510 = SURFACE_SIDE_STYLE('',(#5511,#5514));
#5511 = SURFACE_STYLE_FILL_AREA(#5512);
#5512 = FILL_AREA_STYLE('',(#5513));
#5513 = FILL_AREA_STYLE_COLOUR('',#5207);
#5514 = SURFACE_STYLE_RENDERING_WITH_PROPERTIES(.NORMAL_SHADING.,#5207,(
    #5515));
#5515 = SURFACE_STYLE_TRANSPARENT(0.);
#5516 = OVER_RIDING_STYLED_ITEM('overriding color',(#5517),#2135,#4891);
#5517 = PRESENTATION_STYLE_ASSIGNMENT((#5518));
#5518 = SURFACE_STYLE_USAGE(.BOTH.,#5519);
#5519 = SURFACE_SIDE_STYLE('',(#5520,#5523));
#5520 = SURFACE_STYLE_FILL_AREA(#5521);
#5521 = FILL_AREA_STYLE('',(#5522));
#5522 = FILL_AREA_STYLE_COLOUR('',#5207);
#5523 = SURFACE_STYLE_RENDERING_WITH_PROPERTIES(.NORMAL_SHADING.,#5207,(
    #5524));
#5524 = SURFACE_STYLE_TRANSPARENT(0.);
#5525 = OVER_RIDING_STYLED_ITEM('overriding color',(#5526),#2152,#4891);
#5526 = PRESENTATION_STYLE_ASSIGNMENT((#5527));
#5527 = SURFACE_STYLE_USAGE(.BOTH.,#5528);
#5528 = SURFACE_SIDE_STYLE('',(#5529,#5532));
#5529 = SURFACE_STYLE_FILL_AREA(#5530);
#5530 = FILL_AREA_STYLE('',(#5531));
#5531 = FILL_AREA_STYLE_COLOUR('',#5207);
#5532 = SURFACE_STYLE_RENDERING_WITH_PROPERTIES(.NORMAL_SHADING.,#5207,(
    #5533));
#5533 = SURFACE_STYLE_TRANSPARENT(0.);
#5534 = OVER_RIDING_STYLED_ITEM('overriding color',(#5535),#2164,#4891);
#5535 = PRESENTATION_STYLE_ASSIGNMENT((#5536));
#5536 = SURFACE_STYLE_USAGE(.BOTH.,#5537);
#5537 = SURFACE_SIDE_STYLE('',(#5538,#5541));
#5538 = SURFACE_STYLE_FILL_AREA(#5539);
#5539 = FILL_AREA_STYLE('',(#5540));
#5540 = FILL_AREA_STYLE_COLOUR('',#5017);
#5541 = SURFACE_STYLE_RENDERING_WITH_PROPERTIES(.NORMAL_SHADING.,#5017,(
    #5542));
#5542 = SURFACE_STYLE_TRANSPARENT(0.);
#5543 = OVER_RIDING_STYLED_ITEM('overriding color',(#5544),#2304,#4891);
#5544 = PRESENTATION_STYLE_ASSIGNMENT((#5545));
#5545 = SURFACE_STYLE_USAGE(.BOTH.,#5546);
#5546 = SURFACE_SIDE_STYLE('',(#5547,#5550));
#5547 = SURFACE_STYLE_FILL_AREA(#5548);
#5548 = FILL_AREA_STYLE('',(#5549));
#5549 = FILL_AREA_STYLE_COLOUR('',#5017);
#5550 = SURFACE_STYLE_RENDERING_WITH_PROPERTIES(.NORMAL_SHADING.,#5017,(
    #5551));
#5551 = SURFACE_STYLE_TRANSPARENT(0.);
#5552 = OVER_RIDING_STYLED_ITEM('overriding color',(#5553),#2321,#4891);
#5553 = PRESENTATION_STYLE_ASSIGNMENT((#5554));
#5554 = SURFACE_STYLE_USAGE(.BOTH.,#5555);
#5555 = SURFACE_SIDE_STYLE('',(#5556,#5559));
#5556 = SURFACE_STYLE_FILL_AREA(#5557);
#5557 = FILL_AREA_STYLE('',(#5558));
#5558 = FILL_AREA_STYLE_COLOUR('',#5017);
#5559 = SURFACE_STYLE_RENDERING_WITH_PROPERTIES(.NORMAL_SHADING.,#5017,(
    #5560));
#5560 = SURFACE_STYLE_TRANSPARENT(0.);
#5561 = OVER_RIDING_STYLED_ITEM('overriding color',(#5562),#2338,#4891);
#5562 = PRESENTATION_STYLE_ASSIGNMENT((#5563));
#5563 = SURFACE_STYLE_USAGE(.BOTH.,#5564);
#5564 = SURFACE_SIDE_STYLE('',(#5565,#5568));
#5565 = SURFACE_STYLE_FILL_AREA(#5566);
#5566 = FILL_AREA_STYLE('',(#5567));
#5567 = FILL_AREA_STYLE_COLOUR('',#5017);
#5568 = SURFACE_STYLE_RENDERING_WITH_PROPERTIES(.NORMAL_SHADING.,#5017,(
    #5569));
#5569 = SURFACE_STYLE_TRANSPARENT(0.);
#5570 = OVER_RIDING_STYLED_ITEM('overriding color',(#5571),#2355,#4891);
#5571 = PRESENTATION_STYLE_ASSIGNMENT((#5572));
#5572 = SURFACE_STYLE_USAGE(.BOTH.,#5573);
#5573 = SURFACE_SIDE_STYLE('',(#5574,#5577));
#5574 = SURFACE_STYLE_FILL_AREA(#5575);
#5575 = FILL_AREA_STYLE('',(#5576));
#5576 = FILL_AREA_STYLE_COLOUR('',#5017);
#5577 = SURFACE_STYLE_RENDERING_WITH_PROPERTIES(.NORMAL_SHADING.,#5017,(
    #5578));
#5578 = SURFACE_STYLE_TRANSPARENT(0.);
#5579 = OVER_RIDING_STYLED_ITEM('overriding color',(#5580),#2379,#4891);
#5580 = PRESENTATION_STYLE_ASSIGNMENT((#5581));
#5581 = SURFACE_STYLE_USAGE(.BOTH.,#5582);
#5582 = SURFACE_SIDE_STYLE('',(#5583,#5586));
#5583 = SURFACE_STYLE_FILL_AREA(#5584);
#5584 = FILL_AREA_STYLE('',(#5585));
#5585 = FILL_AREA_STYLE_COLOUR('',#5017);
#5586 = SURFACE_STYLE_RENDERING_WITH_PROPERTIES(.NORMAL_SHADING.,#5017,(
    #5587));
#5587 = SURFACE_STYLE_TRANSPARENT(0.);
#5588 = OVER_RIDING_STYLED_ITEM('overriding color',(#5589),#2403,#4891);
#5589 = PRESENTATION_STYLE_ASSIGNMENT((#5590));
#5590 = SURFACE_STYLE_USAGE(.BOTH.,#5591);
#5591 = SURFACE_SIDE_STYLE('',(#5592,#5595));
#5592 = SURFACE_STYLE_FILL_AREA(#5593);
#5593 = FILL_AREA_STYLE('',(#5594));
#5594 = FILL_AREA_STYLE_COLOUR('',#5017);
#5595 = SURFACE_STYLE_RENDERING_WITH_PROPERTIES(.NORMAL_SHADING.,#5017,(
    #5596));
#5596 = SURFACE_STYLE_TRANSPARENT(0.);
#5597 = OVER_RIDING_STYLED_ITEM('overriding color',(#5598),#2420,#4891);
#5598 = PRESENTATION_STYLE_ASSIGNMENT((#5599));
#5599 = SURFACE_STYLE_USAGE(.BOTH.,#5600);
#5600 = SURFACE_SIDE_STYLE('',(#5601,#5604));
#5601 = SURFACE_STYLE_FILL_AREA(#5602);
#5602 = FILL_AREA_STYLE('',(#5603));
#5603 = FILL_AREA_STYLE_COLOUR('',#5017);
#5604 = SURFACE_STYLE_RENDERING_WITH_PROPERTIES(.NORMAL_SHADING.,#5017,(
    #5605));
#5605 = SURFACE_STYLE_TRANSPARENT(0.);
#5606 = OVER_RIDING_STYLED_ITEM('overriding color',(#5607),#2444,#4891);
#5607 = PRESENTATION_STYLE_ASSIGNMENT((#5608));
#5608 = SURFACE_STYLE_USAGE(.BOTH.,#5609);
#5609 = SURFACE_SIDE_STYLE('',(#5610,#5613));
#5610 = SURFACE_STYLE_FILL_AREA(#5611);
#5611 = FILL_AREA_STYLE('',(#5612));
#5612 = FILL_AREA_STYLE_COLOUR('',#5017);
#5613 = SURFACE_STYLE_RENDERING_WITH_PROPERTIES(.NORMAL_SHADING.,#5017,(
    #5614));
#5614 = SURFACE_STYLE_TRANSPARENT(0.);
#5615 = OVER_RIDING_STYLED_ITEM('overriding color',(#5616),#2468,#4891);
#5616 = PRESENTATION_STYLE_ASSIGNMENT((#5617));
#5617 = SURFACE_STYLE_USAGE(.BOTH.,#5618);
#5618 = SURFACE_SIDE_STYLE('',(#5619,#5622));
#5619 = SURFACE_STYLE_FILL_AREA(#5620);
#5620 = FILL_AREA_STYLE('',(#5621));
#5621 = FILL_AREA_STYLE_COLOUR('',#5017);
#5622 = SURFACE_STYLE_RENDERING_WITH_PROPERTIES(.NORMAL_SHADING.,#5017,(
    #5623));
#5623 = SURFACE_STYLE_TRANSPARENT(0.);
#5624 = OVER_RIDING_STYLED_ITEM('overriding color',(#5625),#2485,#4891);
#5625 = PRESENTATION_STYLE_ASSIGNMENT((#5626));
#5626 = SURFACE_STYLE_USAGE(.BOTH.,#5627);
#5627 = SURFACE_SIDE_STYLE('',(#5628,#5631));
#5628 = SURFACE_STYLE_FILL_AREA(#5629);
#5629 = FILL_AREA_STYLE('',(#5630));
#5630 = FILL_AREA_STYLE_COLOUR('',#5017);
#5631 = SURFACE_STYLE_RENDERING_WITH_PROPERTIES(.NORMAL_SHADING.,#5017,(
    #5632));
#5632 = SURFACE_STYLE_TRANSPARENT(0.);
#5633 = OVER_RIDING_STYLED_ITEM('overriding color',(#5634),#2516,#4891);
#5634 = PRESENTATION_STYLE_ASSIGNMENT((#5635));
#5635 = SURFACE_STYLE_USAGE(.BOTH.,#5636);
#5636 = SURFACE_SIDE_STYLE('',(#5637,#5640));
#5637 = SURFACE_STYLE_FILL_AREA(#5638);
#5638 = FILL_AREA_STYLE('',(#5639));
#5639 = FILL_AREA_STYLE_COLOUR('',#5017);
#5640 = SURFACE_STYLE_RENDERING_WITH_PROPERTIES(.NORMAL_SHADING.,#5017,(
    #5641));
#5641 = SURFACE_STYLE_TRANSPARENT(0.);
#5642 = OVER_RIDING_STYLED_ITEM('overriding color',(#5643),#2538,#4891);
#5643 = PRESENTATION_STYLE_ASSIGNMENT((#5644));
#5644 = SURFACE_STYLE_USAGE(.BOTH.,#5645);
#5645 = SURFACE_SIDE_STYLE('',(#5646,#5649));
#5646 = SURFACE_STYLE_FILL_AREA(#5647);
#5647 = FILL_AREA_STYLE('',(#5648));
#5648 = FILL_AREA_STYLE_COLOUR('',#5017);
#5649 = SURFACE_STYLE_RENDERING_WITH_PROPERTIES(.NORMAL_SHADING.,#5017,(
    #5650));
#5650 = SURFACE_STYLE_TRANSPARENT(0.);
#5651 = OVER_RIDING_STYLED_ITEM('overriding color',(#5652),#2555,#4891);
#5652 = PRESENTATION_STYLE_ASSIGNMENT((#5653));
#5653 = SURFACE_STYLE_USAGE(.BOTH.,#5654);
#5654 = SURFACE_SIDE_STYLE('',(#5655,#5658));
#5655 = SURFACE_STYLE_FILL_AREA(#5656);
#5656 = FILL_AREA_STYLE('',(#5657));
#5657 = FILL_AREA_STYLE_COLOUR('',#5017);
#5658 = SURFACE_STYLE_RENDERING_WITH_PROPERTIES(.NORMAL_SHADING.,#5017,(
    #5659));
#5659 = SURFACE_STYLE_TRANSPARENT(0.);
#5660 = OVER_RIDING_STYLED_ITEM('overriding color',(#5661),#2586,#4891);
#5661 = PRESENTATION_STYLE_ASSIGNMENT((#5662));
#5662 = SURFACE_STYLE_USAGE(.BOTH.,#5663);
#5663 = SURFACE_SIDE_STYLE('',(#5664,#5667));
#5664 = SURFACE_STYLE_FILL_AREA(#5665);
#5665 = FILL_AREA_STYLE('',(#5666));
#5666 = FILL_AREA_STYLE_COLOUR('',#5017);
#5667 = SURFACE_STYLE_RENDERING_WITH_PROPERTIES(.NORMAL_SHADING.,#5017,(
    #5668));
#5668 = SURFACE_STYLE_TRANSPARENT(0.);
#5669 = OVER_RIDING_STYLED_ITEM('overriding color',(#5670),#2611,#4891);
#5670 = PRESENTATION_STYLE_ASSIGNMENT((#5671));
#5671 = SURFACE_STYLE_USAGE(.BOTH.,#5672);
#5672 = SURFACE_SIDE_STYLE('',(#5673,#5676));
#5673 = SURFACE_STYLE_FILL_AREA(#5674);
#5674 = FILL_AREA_STYLE('',(#5675));
#5675 = FILL_AREA_STYLE_COLOUR('',#5017);
#5676 = SURFACE_STYLE_RENDERING_WITH_PROPERTIES(.NORMAL_SHADING.,#5017,(
    #5677));
#5677 = SURFACE_STYLE_TRANSPARENT(0.);
#5678 = OVER_RIDING_STYLED_ITEM('overriding color',(#5679),#2635,#4891);
#5679 = PRESENTATION_STYLE_ASSIGNMENT((#5680));
#5680 = SURFACE_STYLE_USAGE(.BOTH.,#5681);
#5681 = SURFACE_SIDE_STYLE('',(#5682,#5685));
#5682 = SURFACE_STYLE_FILL_AREA(#5683);
#5683 = FILL_AREA_STYLE('',(#5684));
#5684 = FILL_AREA_STYLE_COLOUR('',#5017);
#5685 = SURFACE_STYLE_RENDERING_WITH_PROPERTIES(.NORMAL_SHADING.,#5017,(
    #5686));
#5686 = SURFACE_STYLE_TRANSPARENT(0.);
#5687 = OVER_RIDING_STYLED_ITEM('overriding color',(#5688),#2668,#4891);
#5688 = PRESENTATION_STYLE_ASSIGNMENT((#5689));
#5689 = SURFACE_STYLE_USAGE(.BOTH.,#5690);
#5690 = SURFACE_SIDE_STYLE('',(#5691,#5694));
#5691 = SURFACE_STYLE_FILL_AREA(#5692);
#5692 = FILL_AREA_STYLE('',(#5693));
#5693 = FILL_AREA_STYLE_COLOUR('',#5017);
#5694 = SURFACE_STYLE_RENDERING_WITH_PROPERTIES(.NORMAL_SHADING.,#5017,(
    #5695));
#5695 = SURFACE_STYLE_TRANSPARENT(0.);
#5696 = OVER_RIDING_STYLED_ITEM('overriding color',(#5697),#2699,#4891);
#5697 = PRESENTATION_STYLE_ASSIGNMENT((#5698));
#5698 = SURFACE_STYLE_USAGE(.BOTH.,#5699);
#5699 = SURFACE_SIDE_STYLE('',(#5700,#5703));
#5700 = SURFACE_STYLE_FILL_AREA(#5701);
#5701 = FILL_AREA_STYLE('',(#5702));
#5702 = FILL_AREA_STYLE_COLOUR('',#5017);
#5703 = SURFACE_STYLE_RENDERING_WITH_PROPERTIES(.NORMAL_SHADING.,#5017,(
    #5704));
#5704 = SURFACE_STYLE_TRANSPARENT(0.);
#5705 = OVER_RIDING_STYLED_ITEM('overriding color',(#5706),#2717,#4891);
#5706 = PRESENTATION_STYLE_ASSIGNMENT((#5707));
#5707 = SURFACE_STYLE_USAGE(.BOTH.,#5708);
#5708 = SURFACE_SIDE_STYLE('',(#5709,#5712));
#5709 = SURFACE_STYLE_FILL_AREA(#5710);
#5710 = FILL_AREA_STYLE('',(#5711));
#5711 = FILL_AREA_STYLE_COLOUR('',#5017);
#5712 = SURFACE_STYLE_RENDERING_WITH_PROPERTIES(.NORMAL_SHADING.,#5017,(
    #5713));
#5713 = SURFACE_STYLE_TRANSPARENT(0.);
#5714 = OVER_RIDING_STYLED_ITEM('overriding color',(#5715),#2742,#4891);
#5715 = PRESENTATION_STYLE_ASSIGNMENT((#5716));
#5716 = SURFACE_STYLE_USAGE(.BOTH.,#5717);
#5717 = SURFACE_SIDE_STYLE('',(#5718,#5721));
#5718 = SURFACE_STYLE_FILL_AREA(#5719);
#5719 = FILL_AREA_STYLE('',(#5720));
#5720 = FILL_AREA_STYLE_COLOUR('',#5017);
#5721 = SURFACE_STYLE_RENDERING_WITH_PROPERTIES(.NORMAL_SHADING.,#5017,(
    #5722));
#5722 = SURFACE_STYLE_TRANSPARENT(0.);
#5723 = OVER_RIDING_STYLED_ITEM('overriding color',(#5724),#2766,#4891);
#5724 = PRESENTATION_STYLE_ASSIGNMENT((#5725));
#5725 = SURFACE_STYLE_USAGE(.BOTH.,#5726);
#5726 = SURFACE_SIDE_STYLE('',(#5727,#5730));
#5727 = SURFACE_STYLE_FILL_AREA(#5728);
#5728 = FILL_AREA_STYLE('',(#5729));
#5729 = FILL_AREA_STYLE_COLOUR('',#5017);
#5730 = SURFACE_STYLE_RENDERING_WITH_PROPERTIES(.NORMAL_SHADING.,#5017,(
    #5731));
#5731 = SURFACE_STYLE_TRANSPARENT(0.);
#5732 = OVER_RIDING_STYLED_ITEM('overriding color',(#5733),#2791,#4891);
#5733 = PRESENTATION_STYLE_ASSIGNMENT((#5734));
#5734 = SURFACE_STYLE_USAGE(.BOTH.,#5735);
#5735 = SURFACE_SIDE_STYLE('',(#5736,#5739));
#5736 = SURFACE_STYLE_FILL_AREA(#5737);
#5737 = FILL_AREA_STYLE('',(#5738));
#5738 = FILL_AREA_STYLE_COLOUR('',#5017);
#5739 = SURFACE_STYLE_RENDERING_WITH_PROPERTIES(.NORMAL_SHADING.,#5017,(
    #5740));
#5740 = SURFACE_STYLE_TRANSPARENT(0.);
#5741 = OVER_RIDING_STYLED_ITEM('overriding color',(#5742),#2815,#4891);
#5742 = PRESENTATION_STYLE_ASSIGNMENT((#5743));
#5743 = SURFACE_STYLE_USAGE(.BOTH.,#5744);
#5744 = SURFACE_SIDE_STYLE('',(#5745,#5748));
#5745 = SURFACE_STYLE_FILL_AREA(#5746);
#5746 = FILL_AREA_STYLE('',(#5747));
#5747 = FILL_AREA_STYLE_COLOUR('',#5017);
#5748 = SURFACE_STYLE_RENDERING_WITH_PROPERTIES(.NORMAL_SHADING.,#5017,(
    #5749));
#5749 = SURFACE_STYLE_TRANSPARENT(0.);
#5750 = OVER_RIDING_STYLED_ITEM('overriding color',(#5751),#2840,#4891);
#5751 = PRESENTATION_STYLE_ASSIGNMENT((#5752));
#5752 = SURFACE_STYLE_USAGE(.BOTH.,#5753);
#5753 = SURFACE_SIDE_STYLE('',(#5754,#5757));
#5754 = SURFACE_STYLE_FILL_AREA(#5755);
#5755 = FILL_AREA_STYLE('',(#5756));
#5756 = FILL_AREA_STYLE_COLOUR('',#5017);
#5757 = SURFACE_STYLE_RENDERING_WITH_PROPERTIES(.NORMAL_SHADING.,#5017,(
    #5758));
#5758 = SURFACE_STYLE_TRANSPARENT(0.);
#5759 = OVER_RIDING_STYLED_ITEM('overriding color',(#5760),#2864,#4891);
#5760 = PRESENTATION_STYLE_ASSIGNMENT((#5761));
#5761 = SURFACE_STYLE_USAGE(.BOTH.,#5762);
#5762 = SURFACE_SIDE_STYLE('',(#5763,#5766));
#5763 = SURFACE_STYLE_FILL_AREA(#5764);
#5764 = FILL_AREA_STYLE('',(#5765));
#5765 = FILL_AREA_STYLE_COLOUR('',#5017);
#5766 = SURFACE_STYLE_RENDERING_WITH_PROPERTIES(.NORMAL_SHADING.,#5017,(
    #5767));
#5767 = SURFACE_STYLE_TRANSPARENT(0.);
#5768 = OVER_RIDING_STYLED_ITEM('overriding color',(#5769),#2882,#4891);
#5769 = PRESENTATION_STYLE_ASSIGNMENT((#5770));
#5770 = SURFACE_STYLE_USAGE(.BOTH.,#5771);
#5771 = SURFACE_SIDE_STYLE('',(#5772,#5775));
#5772 = SURFACE_STYLE_FILL_AREA(#5773);
#5773 = FILL_AREA_STYLE('',(#5774));
#5774 = FILL_AREA_STYLE_COLOUR('',#5017);
#5775 = SURFACE_STYLE_RENDERING_WITH_PROPERTIES(.NORMAL_SHADING.,#5017,(
    #5776));
#5776 = SURFACE_STYLE_TRANSPARENT(0.);
#5777 = OVER_RIDING_STYLED_ITEM('overriding color',(#5778),#2935,#4891);
#5778 = PRESENTATION_STYLE_ASSIGNMENT((#5779));
#5779 = SURFACE_STYLE_USAGE(.BOTH.,#5780);
#5780 = SURFACE_SIDE_STYLE('',(#5781,#5784));
#5781 = SURFACE_STYLE_FILL_AREA(#5782);
#5782 = FILL_AREA_STYLE('',(#5783));
#5783 = FILL_AREA_STYLE_COLOUR('',#5017);
#5784 = SURFACE_STYLE_RENDERING_WITH_PROPERTIES(.NORMAL_SHADING.,#5017,(
    #5785));
#5785 = SURFACE_STYLE_TRANSPARENT(0.);
#5786 = OVER_RIDING_STYLED_ITEM('overriding color',(#5787),#2966,#4891);
#5787 = PRESENTATION_STYLE_ASSIGNMENT((#5788));
#5788 = SURFACE_STYLE_USAGE(.BOTH.,#5789);
#5789 = SURFACE_SIDE_STYLE('',(#5790,#5793));
#5790 = SURFACE_STYLE_FILL_AREA(#5791);
#5791 = FILL_AREA_STYLE('',(#5792));
#5792 = FILL_AREA_STYLE_COLOUR('',#5017);
#5793 = SURFACE_STYLE_RENDERING_WITH_PROPERTIES(.NORMAL_SHADING.,#5017,(
    #5794));
#5794 = SURFACE_STYLE_TRANSPARENT(0.);
#5795 = OVER_RIDING_STYLED_ITEM('overriding color',(#5796),#3019,#4891);
#5796 = PRESENTATION_STYLE_ASSIGNMENT((#5797));
#5797 = SURFACE_STYLE_USAGE(.BOTH.,#5798);
#5798 = SURFACE_SIDE_STYLE('',(#5799,#5802));
#5799 = SURFACE_STYLE_FILL_AREA(#5800);
#5800 = FILL_AREA_STYLE('',(#5801));
#5801 = FILL_AREA_STYLE_COLOUR('',#5017);
#5802 = SURFACE_STYLE_RENDERING_WITH_PROPERTIES(.NORMAL_SHADING.,#5017,(
    #5803));
#5803 = SURFACE_STYLE_TRANSPARENT(0.);
#5804 = OVER_RIDING_STYLED_ITEM('overriding color',(#5805),#3036,#4891);
#5805 = PRESENTATION_STYLE_ASSIGNMENT((#5806));
#5806 = SURFACE_STYLE_USAGE(.BOTH.,#5807);
#5807 = SURFACE_SIDE_STYLE('',(#5808,#5811));
#5808 = SURFACE_STYLE_FILL_AREA(#5809);
#5809 = FILL_AREA_STYLE('',(#5810));
#5810 = FILL_AREA_STYLE_COLOUR('',#5017);
#5811 = SURFACE_STYLE_RENDERING_WITH_PROPERTIES(.NORMAL_SHADING.,#5017,(
    #5812));
#5812 = SURFACE_STYLE_TRANSPARENT(0.);
#5813 = OVER_RIDING_STYLED_ITEM('overriding color',(#5814),#3053,#4891);
#5814 = PRESENTATION_STYLE_ASSIGNMENT((#5815));
#5815 = SURFACE_STYLE_USAGE(.BOTH.,#5816);
#5816 = SURFACE_SIDE_STYLE('',(#5817,#5820));
#5817 = SURFACE_STYLE_FILL_AREA(#5818);
#5818 = FILL_AREA_STYLE('',(#5819));
#5819 = FILL_AREA_STYLE_COLOUR('',#5017);
#5820 = SURFACE_STYLE_RENDERING_WITH_PROPERTIES(.NORMAL_SHADING.,#5017,(
    #5821));
#5821 = SURFACE_STYLE_TRANSPARENT(0.);
#5822 = OVER_RIDING_STYLED_ITEM('overriding color',(#5823),#3078,#4891);
#5823 = PRESENTATION_STYLE_ASSIGNMENT((#5824));
#5824 = SURFACE_STYLE_USAGE(.BOTH.,#5825);
#5825 = SURFACE_SIDE_STYLE('',(#5826,#5829));
#5826 = SURFACE_STYLE_FILL_AREA(#5827);
#5827 = FILL_AREA_STYLE('',(#5828));
#5828 = FILL_AREA_STYLE_COLOUR('',#5017);
#5829 = SURFACE_STYLE_RENDERING_WITH_PROPERTIES(.NORMAL_SHADING.,#5017,(
    #5830));
#5830 = SURFACE_STYLE_TRANSPARENT(0.);
#5831 = OVER_RIDING_STYLED_ITEM('overriding color',(#5832),#3103,#4891);
#5832 = PRESENTATION_STYLE_ASSIGNMENT((#5833));
#5833 = SURFACE_STYLE_USAGE(.BOTH.,#5834);
#5834 = SURFACE_SIDE_STYLE('',(#5835,#5838));
#5835 = SURFACE_STYLE_FILL_AREA(#5836);
#5836 = FILL_AREA_STYLE('',(#5837));
#5837 = FILL_AREA_STYLE_COLOUR('',#5017);
#5838 = SURFACE_STYLE_RENDERING_WITH_PROPERTIES(.NORMAL_SHADING.,#5017,(
    #5839));
#5839 = SURFACE_STYLE_TRANSPARENT(0.);
#5840 = OVER_RIDING_STYLED_ITEM('overriding color',(#5841),#3134,#4891);
#5841 = PRESENTATION_STYLE_ASSIGNMENT((#5842));
#5842 = SURFACE_STYLE_USAGE(.BOTH.,#5843);
#5843 = SURFACE_SIDE_STYLE('',(#5844,#5847));
#5844 = SURFACE_STYLE_FILL_AREA(#5845);
#5845 = FILL_AREA_STYLE('',(#5846));
#5846 = FILL_AREA_STYLE_COLOUR('',#5017);
#5847 = SURFACE_STYLE_RENDERING_WITH_PROPERTIES(.NORMAL_SHADING.,#5017,(
    #5848));
#5848 = SURFACE_STYLE_TRANSPARENT(0.);
#5849 = OVER_RIDING_STYLED_ITEM('overriding color',(#5850),#3151,#4891);
#5850 = PRESENTATION_STYLE_ASSIGNMENT((#5851));
#5851 = SURFACE_STYLE_USAGE(.BOTH.,#5852);
#5852 = SURFACE_SIDE_STYLE('',(#5853,#5856));
#5853 = SURFACE_STYLE_FILL_AREA(#5854);
#5854 = FILL_AREA_STYLE('',(#5855));
#5855 = FILL_AREA_STYLE_COLOUR('',#5017);
#5856 = SURFACE_STYLE_RENDERING_WITH_PROPERTIES(.NORMAL_SHADING.,#5017,(
    #5857));
#5857 = SURFACE_STYLE_TRANSPARENT(0.);
#5858 = OVER_RIDING_STYLED_ITEM('overriding color',(#5859),#3175,#4891);
#5859 = PRESENTATION_STYLE_ASSIGNMENT((#5860));
#5860 = SURFACE_STYLE_USAGE(.BOTH.,#5861);
#5861 = SURFACE_SIDE_STYLE('',(#5862,#5865));
#5862 = SURFACE_STYLE_FILL_AREA(#5863);
#5863 = FILL_AREA_STYLE('',(#5864));
#5864 = FILL_AREA_STYLE_COLOUR('',#5017);
#5865 = SURFACE_STYLE_RENDERING_WITH_PROPERTIES(.NORMAL_SHADING.,#5017,(
    #5866));
#5866 = SURFACE_STYLE_TRANSPARENT(0.);
#5867 = OVER_RIDING_STYLED_ITEM('overriding color',(#5868),#3192,#4891);
#5868 = PRESENTATION_STYLE_ASSIGNMENT((#5869));
#5869 = SURFACE_STYLE_USAGE(.BOTH.,#5870);
#5870 = SURFACE_SIDE_STYLE('',(#5871,#5874));
#5871 = SURFACE_STYLE_FILL_AREA(#5872);
#5872 = FILL_AREA_STYLE('',(#5873));
#5873 = FILL_AREA_STYLE_COLOUR('',#5017);
#5874 = SURFACE_STYLE_RENDERING_WITH_PROPERTIES(.NORMAL_SHADING.,#5017,(
    #5875));
#5875 = SURFACE_STYLE_TRANSPARENT(0.);
#5876 = OVER_RIDING_STYLED_ITEM('overriding color',(#5877),#3209,#4891);
#5877 = PRESENTATION_STYLE_ASSIGNMENT((#5878));
#5878 = SURFACE_STYLE_USAGE(.BOTH.,#5879);
#5879 = SURFACE_SIDE_STYLE('',(#5880,#5883));
#5880 = SURFACE_STYLE_FILL_AREA(#5881);
#5881 = FILL_AREA_STYLE('',(#5882));
#5882 = FILL_AREA_STYLE_COLOUR('',#5017);
#5883 = SURFACE_STYLE_RENDERING_WITH_PROPERTIES(.NORMAL_SHADING.,#5017,(
    #5884));
#5884 = SURFACE_STYLE_TRANSPARENT(0.);
#5885 = OVER_RIDING_STYLED_ITEM('overriding color',(#5886),#3242,#4891);
#5886 = PRESENTATION_STYLE_ASSIGNMENT((#5887));
#5887 = SURFACE_STYLE_USAGE(.BOTH.,#5888);
#5888 = SURFACE_SIDE_STYLE('',(#5889,#5892));
#5889 = SURFACE_STYLE_FILL_AREA(#5890);
#5890 = FILL_AREA_STYLE('',(#5891));
#5891 = FILL_AREA_STYLE_COLOUR('',#5017);
#5892 = SURFACE_STYLE_RENDERING_WITH_PROPERTIES(.NORMAL_SHADING.,#5017,(
    #5893));
#5893 = SURFACE_STYLE_TRANSPARENT(0.);
#5894 = OVER_RIDING_STYLED_ITEM('overriding color',(#5895),#3275,#4891);
#5895 = PRESENTATION_STYLE_ASSIGNMENT((#5896));
#5896 = SURFACE_STYLE_USAGE(.BOTH.,#5897);
#5897 = SURFACE_SIDE_STYLE('',(#5898,#5901));
#5898 = SURFACE_STYLE_FILL_AREA(#5899);
#5899 = FILL_AREA_STYLE('',(#5900));
#5900 = FILL_AREA_STYLE_COLOUR('',#5017);
#5901 = SURFACE_STYLE_RENDERING_WITH_PROPERTIES(.NORMAL_SHADING.,#5017,(
    #5902));
#5902 = SURFACE_STYLE_TRANSPARENT(0.);
#5903 = OVER_RIDING_STYLED_ITEM('overriding color',(#5904),#3308,#4891);
#5904 = PRESENTATION_STYLE_ASSIGNMENT((#5905));
#5905 = SURFACE_STYLE_USAGE(.BOTH.,#5906);
#5906 = SURFACE_SIDE_STYLE('',(#5907,#5910));
#5907 = SURFACE_STYLE_FILL_AREA(#5908);
#5908 = FILL_AREA_STYLE('',(#5909));
#5909 = FILL_AREA_STYLE_COLOUR('',#5017);
#5910 = SURFACE_STYLE_RENDERING_WITH_PROPERTIES(.NORMAL_SHADING.,#5017,(
    #5911));
#5911 = SURFACE_STYLE_TRANSPARENT(0.);
#5912 = OVER_RIDING_STYLED_ITEM('overriding color',(#5913),#3333,#4891);
#5913 = PRESENTATION_STYLE_ASSIGNMENT((#5914));
#5914 = SURFACE_STYLE_USAGE(.BOTH.,#5915);
#5915 = SURFACE_SIDE_STYLE('',(#5916,#5919));
#5916 = SURFACE_STYLE_FILL_AREA(#5917);
#5917 = FILL_AREA_STYLE('',(#5918));
#5918 = FILL_AREA_STYLE_COLOUR('',#5017);
#5919 = SURFACE_STYLE_RENDERING_WITH_PROPERTIES(.NORMAL_SHADING.,#5017,(
    #5920));
#5920 = SURFACE_STYLE_TRANSPARENT(0.);
#5921 = OVER_RIDING_STYLED_ITEM('overriding color',(#5922),#3358,#4891);
#5922 = PRESENTATION_STYLE_ASSIGNMENT((#5923));
#5923 = SURFACE_STYLE_USAGE(.BOTH.,#5924);
#5924 = SURFACE_SIDE_STYLE('',(#5925,#5928));
#5925 = SURFACE_STYLE_FILL_AREA(#5926);
#5926 = FILL_AREA_STYLE('',(#5927));
#5927 = FILL_AREA_STYLE_COLOUR('',#5017);
#5928 = SURFACE_STYLE_RENDERING_WITH_PROPERTIES(.NORMAL_SHADING.,#5017,(
    #5929));
#5929 = SURFACE_STYLE_TRANSPARENT(0.);
#5930 = OVER_RIDING_STYLED_ITEM('overriding color',(#5931),#3375,#4891);
#5931 = PRESENTATION_STYLE_ASSIGNMENT((#5932));
#5932 = SURFACE_STYLE_USAGE(.BOTH.,#5933);
#5933 = SURFACE_SIDE_STYLE('',(#5934,#5937));
#5934 = SURFACE_STYLE_FILL_AREA(#5935);
#5935 = FILL_AREA_STYLE('',(#5936));
#5936 = FILL_AREA_STYLE_COLOUR('',#5017);
#5937 = SURFACE_STYLE_RENDERING_WITH_PROPERTIES(.NORMAL_SHADING.,#5017,(
    #5938));
#5938 = SURFACE_STYLE_TRANSPARENT(0.);
#5939 = OVER_RIDING_STYLED_ITEM('overriding color',(#5940),#3392,#4891);
#5940 = PRESENTATION_STYLE_ASSIGNMENT((#5941));
#5941 = SURFACE_STYLE_USAGE(.BOTH.,#5942);
#5942 = SURFACE_SIDE_STYLE('',(#5943,#5946));
#5943 = SURFACE_STYLE_FILL_AREA(#5944);
#5944 = FILL_AREA_STYLE('',(#5945));
#5945 = FILL_AREA_STYLE_COLOUR('',#5017);
#5946 = SURFACE_STYLE_RENDERING_WITH_PROPERTIES(.NORMAL_SHADING.,#5017,(
    #5947));
#5947 = SURFACE_STYLE_TRANSPARENT(0.);
#5948 = OVER_RIDING_STYLED_ITEM('overriding color',(#5949),#3414,#4891);
#5949 = PRESENTATION_STYLE_ASSIGNMENT((#5950));
#5950 = SURFACE_STYLE_USAGE(.BOTH.,#5951);
#5951 = SURFACE_SIDE_STYLE('',(#5952,#5955));
#5952 = SURFACE_STYLE_FILL_AREA(#5953);
#5953 = FILL_AREA_STYLE('',(#5954));
#5954 = FILL_AREA_STYLE_COLOUR('',#5017);
#5955 = SURFACE_STYLE_RENDERING_WITH_PROPERTIES(.NORMAL_SHADING.,#5017,(
    #5956));
#5956 = SURFACE_STYLE_TRANSPARENT(0.);
#5957 = OVER_RIDING_STYLED_ITEM('overriding color',(#5958),#3439,#4891);
#5958 = PRESENTATION_STYLE_ASSIGNMENT((#5959));
#5959 = SURFACE_STYLE_USAGE(.BOTH.,#5960);
#5960 = SURFACE_SIDE_STYLE('',(#5961,#5964));
#5961 = SURFACE_STYLE_FILL_AREA(#5962);
#5962 = FILL_AREA_STYLE('',(#5963));
#5963 = FILL_AREA_STYLE_COLOUR('',#5017);
#5964 = SURFACE_STYLE_RENDERING_WITH_PROPERTIES(.NORMAL_SHADING.,#5017,(
    #5965));
#5965 = SURFACE_STYLE_TRANSPARENT(0.);
#5966 = OVER_RIDING_STYLED_ITEM('overriding color',(#5967),#3472,#4891);
#5967 = PRESENTATION_STYLE_ASSIGNMENT((#5968));
#5968 = SURFACE_STYLE_USAGE(.BOTH.,#5969);
#5969 = SURFACE_SIDE_STYLE('',(#5970,#5973));
#5970 = SURFACE_STYLE_FILL_AREA(#5971);
#5971 = FILL_AREA_STYLE('',(#5972));
#5972 = FILL_AREA_STYLE_COLOUR('',#5017);
#5973 = SURFACE_STYLE_RENDERING_WITH_PROPERTIES(.NORMAL_SHADING.,#5017,(
    #5974));
#5974 = SURFACE_STYLE_TRANSPARENT(0.);
#5975 = OVER_RIDING_STYLED_ITEM('overriding color',(#5976),#3505,#4891);
#5976 = PRESENTATION_STYLE_ASSIGNMENT((#5977));
#5977 = SURFACE_STYLE_USAGE(.BOTH.,#5978);
#5978 = SURFACE_SIDE_STYLE('',(#5979,#5982));
#5979 = SURFACE_STYLE_FILL_AREA(#5980);
#5980 = FILL_AREA_STYLE('',(#5981));
#5981 = FILL_AREA_STYLE_COLOUR('',#5017);
#5982 = SURFACE_STYLE_RENDERING_WITH_PROPERTIES(.NORMAL_SHADING.,#5017,(
    #5983));
#5983 = SURFACE_STYLE_TRANSPARENT(0.);
#5984 = OVER_RIDING_STYLED_ITEM('overriding color',(#5985),#3530,#4891);
#5985 = PRESENTATION_STYLE_ASSIGNMENT((#5986));
#5986 = SURFACE_STYLE_USAGE(.BOTH.,#5987);
#5987 = SURFACE_SIDE_STYLE('',(#5988,#5991));
#5988 = SURFACE_STYLE_FILL_AREA(#5989);
#5989 = FILL_AREA_STYLE('',(#5990));
#5990 = FILL_AREA_STYLE_COLOUR('',#5017);
#5991 = SURFACE_STYLE_RENDERING_WITH_PROPERTIES(.NORMAL_SHADING.,#5017,(
    #5992));
#5992 = SURFACE_STYLE_TRANSPARENT(0.);
#5993 = OVER_RIDING_STYLED_ITEM('overriding color',(#5994),#3701,#4891);
#5994 = PRESENTATION_STYLE_ASSIGNMENT((#5995));
#5995 = SURFACE_STYLE_USAGE(.BOTH.,#5996);
#5996 = SURFACE_SIDE_STYLE('',(#5997,#6000));
#5997 = SURFACE_STYLE_FILL_AREA(#5998);
#5998 = FILL_AREA_STYLE('',(#5999));
#5999 = FILL_AREA_STYLE_COLOUR('',#5017);
#6000 = SURFACE_STYLE_RENDERING_WITH_PROPERTIES(.NORMAL_SHADING.,#5017,(
    #6001));
#6001 = SURFACE_STYLE_TRANSPARENT(0.);
#6002 = OVER_RIDING_STYLED_ITEM('overriding color',(#6003),#3718,#4891);
#6003 = PRESENTATION_STYLE_ASSIGNMENT((#6004));
#6004 = SURFACE_STYLE_USAGE(.BOTH.,#6005);
#6005 = SURFACE_SIDE_STYLE('',(#6006,#6009));
#6006 = SURFACE_STYLE_FILL_AREA(#6007);
#6007 = FILL_AREA_STYLE('',(#6008));
#6008 = FILL_AREA_STYLE_COLOUR('',#5017);
#6009 = SURFACE_STYLE_RENDERING_WITH_PROPERTIES(.NORMAL_SHADING.,#5017,(
    #6010));
#6010 = SURFACE_STYLE_TRANSPARENT(0.);
#6011 = OVER_RIDING_STYLED_ITEM('overriding color',(#6012),#3889,#4891);
#6012 = PRESENTATION_STYLE_ASSIGNMENT((#6013));
#6013 = SURFACE_STYLE_USAGE(.BOTH.,#6014);
#6014 = SURFACE_SIDE_STYLE('',(#6015,#6018));
#6015 = SURFACE_STYLE_FILL_AREA(#6016);
#6016 = FILL_AREA_STYLE('',(#6017));
#6017 = FILL_AREA_STYLE_COLOUR('',#5017);
#6018 = SURFACE_STYLE_RENDERING_WITH_PROPERTIES(.NORMAL_SHADING.,#5017,(
    #6019));
#6019 = SURFACE_STYLE_TRANSPARENT(0.);
#6020 = OVER_RIDING_STYLED_ITEM('overriding color',(#6021),#3906,#4891);
#6021 = PRESENTATION_STYLE_ASSIGNMENT((#6022));
#6022 = SURFACE_STYLE_USAGE(.BOTH.,#6023);
#6023 = SURFACE_SIDE_STYLE('',(#6024,#6027));
#6024 = SURFACE_STYLE_FILL_AREA(#6025);
#6025 = FILL_AREA_STYLE('',(#6026));
#6026 = FILL_AREA_STYLE_COLOUR('',#5017);
#6027 = SURFACE_STYLE_RENDERING_WITH_PROPERTIES(.NORMAL_SHADING.,#5017,(
    #6028));
#6028 = SURFACE_STYLE_TRANSPARENT(0.);
#6029 = OVER_RIDING_STYLED_ITEM('overriding color',(#6030),#4077,#4891);
#6030 = PRESENTATION_STYLE_ASSIGNMENT((#6031));
#6031 = SURFACE_STYLE_USAGE(.BOTH.,#6032);
#6032 = SURFACE_SIDE_STYLE('',(#6033,#6036));
#6033 = SURFACE_STYLE_FILL_AREA(#6034);
#6034 = FILL_AREA_STYLE('',(#6035));
#6035 = FILL_AREA_STYLE_COLOUR('',#5017);
#6036 = SURFACE_STYLE_RENDERING_WITH_PROPERTIES(.NORMAL_SHADING.,#5017,(
    #6037));
#6037 = SURFACE_STYLE_TRANSPARENT(0.);
#6038 = OVER_RIDING_STYLED_ITEM('overriding color',(#6039),#4094,#4891);
#6039 = PRESENTATION_STYLE_ASSIGNMENT((#6040));
#6040 = SURFACE_STYLE_USAGE(.BOTH.,#6041);
#6041 = SURFACE_SIDE_STYLE('',(#6042,#6045));
#6042 = SURFACE_STYLE_FILL_AREA(#6043);
#6043 = FILL_AREA_STYLE('',(#6044));
#6044 = FILL_AREA_STYLE_COLOUR('',#5017);
#6045 = SURFACE_STYLE_RENDERING_WITH_PROPERTIES(.NORMAL_SHADING.,#5017,(
    #6046));
#6046 = SURFACE_STYLE_TRANSPARENT(0.);
#6047 = OVER_RIDING_STYLED_ITEM('overriding color',(#6048),#4118,#4891);
#6048 = PRESENTATION_STYLE_ASSIGNMENT((#6049));
#6049 = SURFACE_STYLE_USAGE(.BOTH.,#6050);
#6050 = SURFACE_SIDE_STYLE('',(#6051,#6054));
#6051 = SURFACE_STYLE_FILL_AREA(#6052);
#6052 = FILL_AREA_STYLE('',(#6053));
#6053 = FILL_AREA_STYLE_COLOUR('',#5017);
#6054 = SURFACE_STYLE_RENDERING_WITH_PROPERTIES(.NORMAL_SHADING.,#5017,(
    #6055));
#6055 = SURFACE_STYLE_TRANSPARENT(0.);
#6056 = OVER_RIDING_STYLED_ITEM('overriding color',(#6057),#4282,#4891);
#6057 = PRESENTATION_STYLE_ASSIGNMENT((#6058));
#6058 = SURFACE_STYLE_USAGE(.BOTH.,#6059);
#6059 = SURFACE_SIDE_STYLE('',(#6060,#6063));
#6060 = SURFACE_STYLE_FILL_AREA(#6061);
#6061 = FILL_AREA_STYLE('',(#6062));
#6062 = FILL_AREA_STYLE_COLOUR('',#5017);
#6063 = SURFACE_STYLE_RENDERING_WITH_PROPERTIES(.NORMAL_SHADING.,#5017,(
    #6064));
#6064 = SURFACE_STYLE_TRANSPARENT(0.);
#6065 = OVER_RIDING_STYLED_ITEM('overriding color',(#6066),#4304,#4891);
#6066 = PRESENTATION_STYLE_ASSIGNMENT((#6067));
#6067 = SURFACE_STYLE_USAGE(.BOTH.,#6068);
#6068 = SURFACE_SIDE_STYLE('',(#6069,#6072));
#6069 = SURFACE_STYLE_FILL_AREA(#6070);
#6070 = FILL_AREA_STYLE('',(#6071));
#6071 = FILL_AREA_STYLE_COLOUR('',#5017);
#6072 = SURFACE_STYLE_RENDERING_WITH_PROPERTIES(.NORMAL_SHADING.,#5017,(
    #6073));
#6073 = SURFACE_STYLE_TRANSPARENT(0.);
#6074 = OVER_RIDING_STYLED_ITEM('overriding color',(#6075),#4321,#4891);
#6075 = PRESENTATION_STYLE_ASSIGNMENT((#6076));
#6076 = SURFACE_STYLE_USAGE(.BOTH.,#6077);
#6077 = SURFACE_SIDE_STYLE('',(#6078,#6081));
#6078 = SURFACE_STYLE_FILL_AREA(#6079);
#6079 = FILL_AREA_STYLE('',(#6080));
#6080 = FILL_AREA_STYLE_COLOUR('',#5017);
#6081 = SURFACE_STYLE_RENDERING_WITH_PROPERTIES(.NORMAL_SHADING.,#5017,(
    #6082));
#6082 = SURFACE_STYLE_TRANSPARENT(0.);
#6083 = OVER_RIDING_STYLED_ITEM('overriding color',(#6084),#4338,#4891);
#6084 = PRESENTATION_STYLE_ASSIGNMENT((#6085));
#6085 = SURFACE_STYLE_USAGE(.BOTH.,#6086);
#6086 = SURFACE_SIDE_STYLE('',(#6087,#6090));
#6087 = SURFACE_STYLE_FILL_AREA(#6088);
#6088 = FILL_AREA_STYLE('',(#6089));
#6089 = FILL_AREA_STYLE_COLOUR('',#5017);
#6090 = SURFACE_STYLE_RENDERING_WITH_PROPERTIES(.NORMAL_SHADING.,#5017,(
    #6091));
#6091 = SURFACE_STYLE_TRANSPARENT(0.);
#6092 = OVER_RIDING_STYLED_ITEM('overriding color',(#6093),#4355,#4891);
#6093 = PRESENTATION_STYLE_ASSIGNMENT((#6094));
#6094 = SURFACE_STYLE_USAGE(.BOTH.,#6095);
#6095 = SURFACE_SIDE_STYLE('',(#6096,#6099));
#6096 = SURFACE_STYLE_FILL_AREA(#6097);
#6097 = FILL_AREA_STYLE('',(#6098));
#6098 = FILL_AREA_STYLE_COLOUR('',#5017);
#6099 = SURFACE_STYLE_RENDERING_WITH_PROPERTIES(.NORMAL_SHADING.,#5017,(
    #6100));
#6100 = SURFACE_STYLE_TRANSPARENT(0.);
#6101 = OVER_RIDING_STYLED_ITEM('overriding color',(#6102),#4372,#4891);
#6102 = PRESENTATION_STYLE_ASSIGNMENT((#6103));
#6103 = SURFACE_STYLE_USAGE(.BOTH.,#6104);
#6104 = SURFACE_SIDE_STYLE('',(#6105,#6108));
#6105 = SURFACE_STYLE_FILL_AREA(#6106);
#6106 = FILL_AREA_STYLE('',(#6107));
#6107 = FILL_AREA_STYLE_COLOUR('',#5017);
#6108 = SURFACE_STYLE_RENDERING_WITH_PROPERTIES(.NORMAL_SHADING.,#5017,(
    #6109));
#6109 = SURFACE_STYLE_TRANSPARENT(0.);
#6110 = OVER_RIDING_STYLED_ITEM('overriding color',(#6111),#4389,#4891);
#6111 = PRESENTATION_STYLE_ASSIGNMENT((#6112));
#6112 = SURFACE_STYLE_USAGE(.BOTH.,#6113);
#6113 = SURFACE_SIDE_STYLE('',(#6114,#6117));
#6114 = SURFACE_STYLE_FILL_AREA(#6115);
#6115 = FILL_AREA_STYLE('',(#6116));
#6116 = FILL_AREA_STYLE_COLOUR('',#5017);
#6117 = SURFACE_STYLE_RENDERING_WITH_PROPERTIES(.NORMAL_SHADING.,#5017,(
    #6118));
#6118 = SURFACE_STYLE_TRANSPARENT(0.);
#6119 = OVER_RIDING_STYLED_ITEM('overriding color',(#6120),#4406,#4891);
#6120 = PRESENTATION_STYLE_ASSIGNMENT((#6121));
#6121 = SURFACE_STYLE_USAGE(.BOTH.,#6122);
#6122 = SURFACE_SIDE_STYLE('',(#6123,#6126));
#6123 = SURFACE_STYLE_FILL_AREA(#6124);
#6124 = FILL_AREA_STYLE('',(#6125));
#6125 = FILL_AREA_STYLE_COLOUR('',#5017);
#6126 = SURFACE_STYLE_RENDERING_WITH_PROPERTIES(.NORMAL_SHADING.,#5017,(
    #6127));
#6127 = SURFACE_STYLE_TRANSPARENT(0.);
#6128 = OVER_RIDING_STYLED_ITEM('overriding color',(#6129),#4423,#4891);
#6129 = PRESENTATION_STYLE_ASSIGNMENT((#6130));
#6130 = SURFACE_STYLE_USAGE(.BOTH.,#6131);
#6131 = SURFACE_SIDE_STYLE('',(#6132,#6135));
#6132 = SURFACE_STYLE_FILL_AREA(#6133);
#6133 = FILL_AREA_STYLE('',(#6134));
#6134 = FILL_AREA_STYLE_COLOUR('',#5017);
#6135 = SURFACE_STYLE_RENDERING_WITH_PROPERTIES(.NORMAL_SHADING.,#5017,(
    #6136));
#6136 = SURFACE_STYLE_TRANSPARENT(0.);
#6137 = OVER_RIDING_STYLED_ITEM('overriding color',(#6138),#4440,#4891);
#6138 = PRESENTATION_STYLE_ASSIGNMENT((#6139));
#6139 = SURFACE_STYLE_USAGE(.BOTH.,#6140);
#6140 = SURFACE_SIDE_STYLE('',(#6141,#6144));
#6141 = SURFACE_STYLE_FILL_AREA(#6142);
#6142 = FILL_AREA_STYLE('',(#6143));
#6143 = FILL_AREA_STYLE_COLOUR('',#5017);
#6144 = SURFACE_STYLE_RENDERING_WITH_PROPERTIES(.NORMAL_SHADING.,#5017,(
    #6145));
#6145 = SURFACE_STYLE_TRANSPARENT(0.);
#6146 = OVER_RIDING_STYLED_ITEM('overriding color',(#6147),#4452,#4891);
#6147 = PRESENTATION_STYLE_ASSIGNMENT((#6148));
#6148 = SURFACE_STYLE_USAGE(.BOTH.,#6149);
#6149 = SURFACE_SIDE_STYLE('',(#6150,#6153));
#6150 = SURFACE_STYLE_FILL_AREA(#6151);
#6151 = FILL_AREA_STYLE('',(#6152));
#6152 = FILL_AREA_STYLE_COLOUR('',#5017);
#6153 = SURFACE_STYLE_RENDERING_WITH_PROPERTIES(.NORMAL_SHADING.,#5017,(
    #6154));
#6154 = SURFACE_STYLE_TRANSPARENT(0.);
#6155 = OVER_RIDING_STYLED_ITEM('overriding color',(#6156),#4469,#4891);
#6156 = PRESENTATION_STYLE_ASSIGNMENT((#6157));
#6157 = SURFACE_STYLE_USAGE(.BOTH.,#6158);
#6158 = SURFACE_SIDE_STYLE('',(#6159,#6162));
#6159 = SURFACE_STYLE_FILL_AREA(#6160);
#6160 = FILL_AREA_STYLE('',(#6161));
#6161 = FILL_AREA_STYLE_COLOUR('',#5017);
#6162 = SURFACE_STYLE_RENDERING_WITH_PROPERTIES(.NORMAL_SHADING.,#5017,(
    #6163));
#6163 = SURFACE_STYLE_TRANSPARENT(0.);
#6164 = OVER_RIDING_STYLED_ITEM('overriding color',(#6165),#4486,#4891);
#6165 = PRESENTATION_STYLE_ASSIGNMENT((#6166));
#6166 = SURFACE_STYLE_USAGE(.BOTH.,#6167);
#6167 = SURFACE_SIDE_STYLE('',(#6168,#6171));
#6168 = SURFACE_STYLE_FILL_AREA(#6169);
#6169 = FILL_AREA_STYLE('',(#6170));
#6170 = FILL_AREA_STYLE_COLOUR('',#5017);
#6171 = SURFACE_STYLE_RENDERING_WITH_PROPERTIES(.NORMAL_SHADING.,#5017,(
    #6172));
#6172 = SURFACE_STYLE_TRANSPARENT(0.);
#6173 = OVER_RIDING_STYLED_ITEM('overriding color',(#6174),#4503,#4891);
#6174 = PRESENTATION_STYLE_ASSIGNMENT((#6175));
#6175 = SURFACE_STYLE_USAGE(.BOTH.,#6176);
#6176 = SURFACE_SIDE_STYLE('',(#6177,#6180));
#6177 = SURFACE_STYLE_FILL_AREA(#6178);
#6178 = FILL_AREA_STYLE('',(#6179));
#6179 = FILL_AREA_STYLE_COLOUR('',#5017);
#6180 = SURFACE_STYLE_RENDERING_WITH_PROPERTIES(.NORMAL_SHADING.,#5017,(
    #6181));
#6181 = SURFACE_STYLE_TRANSPARENT(0.);
#6182 = OVER_RIDING_STYLED_ITEM('overriding color',(#6183),#4520,#4891);
#6183 = PRESENTATION_STYLE_ASSIGNMENT((#6184));
#6184 = SURFACE_STYLE_USAGE(.BOTH.,#6185);
#6185 = SURFACE_SIDE_STYLE('',(#6186,#6189));
#6186 = SURFACE_STYLE_FILL_AREA(#6187);
#6187 = FILL_AREA_STYLE('',(#6188));
#6188 = FILL_AREA_STYLE_COLOUR('',#5017);
#6189 = SURFACE_STYLE_RENDERING_WITH_PROPERTIES(.NORMAL_SHADING.,#5017,(
    #6190));
#6190 = SURFACE_STYLE_TRANSPARENT(0.);
#6191 = OVER_RIDING_STYLED_ITEM('overriding color',(#6192),#4537,#4891);
#6192 = PRESENTATION_STYLE_ASSIGNMENT((#6193));
#6193 = SURFACE_STYLE_USAGE(.BOTH.,#6194);
#6194 = SURFACE_SIDE_STYLE('',(#6195,#6198));
#6195 = SURFACE_STYLE_FILL_AREA(#6196);
#6196 = FILL_AREA_STYLE('',(#6197));
#6197 = FILL_AREA_STYLE_COLOUR('',#5017);
#6198 = SURFACE_STYLE_RENDERING_WITH_PROPERTIES(.NORMAL_SHADING.,#5017,(
    #6199));
#6199 = SURFACE_STYLE_TRANSPARENT(0.);
#6200 = OVER_RIDING_STYLED_ITEM('overriding color',(#6201),#4554,#4891);
#6201 = PRESENTATION_STYLE_ASSIGNMENT((#6202));
#6202 = SURFACE_STYLE_USAGE(.BOTH.,#6203);
#6203 = SURFACE_SIDE_STYLE('',(#6204,#6207));
#6204 = SURFACE_STYLE_FILL_AREA(#6205);
#6205 = FILL_AREA_STYLE('',(#6206));
#6206 = FILL_AREA_STYLE_COLOUR('',#5017);
#6207 = SURFACE_STYLE_RENDERING_WITH_PROPERTIES(.NORMAL_SHADING.,#5017,(
    #6208));
#6208 = SURFACE_STYLE_TRANSPARENT(0.);
#6209 = OVER_RIDING_STYLED_ITEM('overriding color',(#6210),#4571,#4891);
#6210 = PRESENTATION_STYLE_ASSIGNMENT((#6211));
#6211 = SURFACE_STYLE_USAGE(.BOTH.,#6212);
#6212 = SURFACE_SIDE_STYLE('',(#6213,#6216));
#6213 = SURFACE_STYLE_FILL_AREA(#6214);
#6214 = FILL_AREA_STYLE('',(#6215));
#6215 = FILL_AREA_STYLE_COLOUR('',#5017);
#6216 = SURFACE_STYLE_RENDERING_WITH_PROPERTIES(.NORMAL_SHADING.,#5017,(
    #6217));
#6217 = SURFACE_STYLE_TRANSPARENT(0.);
#6218 = OVER_RIDING_STYLED_ITEM('overriding color',(#6219),#4583,#4891);
#6219 = PRESENTATION_STYLE_ASSIGNMENT((#6220));
#6220 = SURFACE_STYLE_USAGE(.BOTH.,#6221);
#6221 = SURFACE_SIDE_STYLE('',(#6222,#6225));
#6222 = SURFACE_STYLE_FILL_AREA(#6223);
#6223 = FILL_AREA_STYLE('',(#6224));
#6224 = FILL_AREA_STYLE_COLOUR('',#5017);
#6225 = SURFACE_STYLE_RENDERING_WITH_PROPERTIES(.NORMAL_SHADING.,#5017,(
    #6226));
#6226 = SURFACE_STYLE_TRANSPARENT(0.);
#6227 = OVER_RIDING_STYLED_ITEM('overriding color',(#6228),#4605,#4891);
#6228 = PRESENTATION_STYLE_ASSIGNMENT((#6229));
#6229 = SURFACE_STYLE_USAGE(.BOTH.,#6230);
#6230 = SURFACE_SIDE_STYLE('',(#6231,#6234));
#6231 = SURFACE_STYLE_FILL_AREA(#6232);
#6232 = FILL_AREA_STYLE('',(#6233));
#6233 = FILL_AREA_STYLE_COLOUR('',#5017);
#6234 = SURFACE_STYLE_RENDERING_WITH_PROPERTIES(.NORMAL_SHADING.,#5017,(
    #6235));
#6235 = SURFACE_STYLE_TRANSPARENT(0.);
#6236 = OVER_RIDING_STYLED_ITEM('overriding color',(#6237),#4622,#4891);
#6237 = PRESENTATION_STYLE_ASSIGNMENT((#6238));
#6238 = SURFACE_STYLE_USAGE(.BOTH.,#6239);
#6239 = SURFACE_SIDE_STYLE('',(#6240,#6243));
#6240 = SURFACE_STYLE_FILL_AREA(#6241);
#6241 = FILL_AREA_STYLE('',(#6242));
#6242 = FILL_AREA_STYLE_COLOUR('',#5017);
#6243 = SURFACE_STYLE_RENDERING_WITH_PROPERTIES(.NORMAL_SHADING.,#5017,(
    #6244));
#6244 = SURFACE_STYLE_TRANSPARENT(0.);
#6245 = OVER_RIDING_STYLED_ITEM('overriding color',(#6246),#4639,#4891);
#6246 = PRESENTATION_STYLE_ASSIGNMENT((#6247));
#6247 = SURFACE_STYLE_USAGE(.BOTH.,#6248);
#6248 = SURFACE_SIDE_STYLE('',(#6249,#6252));
#6249 = SURFACE_STYLE_FILL_AREA(#6250);
#6250 = FILL_AREA_STYLE('',(#6251));
#6251 = FILL_AREA_STYLE_COLOUR('',#5017);
#6252 = SURFACE_STYLE_RENDERING_WITH_PROPERTIES(.NORMAL_SHADING.,#5017,(
    #6253));
#6253 = SURFACE_STYLE_TRANSPARENT(0.);
#6254 = OVER_RIDING_STYLED_ITEM('overriding color',(#6255),#4656,#4891);
#6255 = PRESENTATION_STYLE_ASSIGNMENT((#6256));
#6256 = SURFACE_STYLE_USAGE(.BOTH.,#6257);
#6257 = SURFACE_SIDE_STYLE('',(#6258,#6261));
#6258 = SURFACE_STYLE_FILL_AREA(#6259);
#6259 = FILL_AREA_STYLE('',(#6260));
#6260 = FILL_AREA_STYLE_COLOUR('',#5017);
#6261 = SURFACE_STYLE_RENDERING_WITH_PROPERTIES(.NORMAL_SHADING.,#5017,(
    #6262));
#6262 = SURFACE_STYLE_TRANSPARENT(0.);
#6263 = OVER_RIDING_STYLED_ITEM('overriding color',(#6264),#4673,#4891);
#6264 = PRESENTATION_STYLE_ASSIGNMENT((#6265));
#6265 = SURFACE_STYLE_USAGE(.BOTH.,#6266);
#6266 = SURFACE_SIDE_STYLE('',(#6267,#6270));
#6267 = SURFACE_STYLE_FILL_AREA(#6268);
#6268 = FILL_AREA_STYLE('',(#6269));
#6269 = FILL_AREA_STYLE_COLOUR('',#5017);
#6270 = SURFACE_STYLE_RENDERING_WITH_PROPERTIES(.NORMAL_SHADING.,#5017,(
    #6271));
#6271 = SURFACE_STYLE_TRANSPARENT(0.);
#6272 = OVER_RIDING_STYLED_ITEM('overriding color',(#6273),#4690,#4891);
#6273 = PRESENTATION_STYLE_ASSIGNMENT((#6274));
#6274 = SURFACE_STYLE_USAGE(.BOTH.,#6275);
#6275 = SURFACE_SIDE_STYLE('',(#6276,#6279));
#6276 = SURFACE_STYLE_FILL_AREA(#6277);
#6277 = FILL_AREA_STYLE('',(#6278));
#6278 = FILL_AREA_STYLE_COLOUR('',#5017);
#6279 = SURFACE_STYLE_RENDERING_WITH_PROPERTIES(.NORMAL_SHADING.,#5017,(
    #6280));
#6280 = SURFACE_STYLE_TRANSPARENT(0.);
#6281 = OVER_RIDING_STYLED_ITEM('overriding color',(#6282),#4707,#4891);
#6282 = PRESENTATION_STYLE_ASSIGNMENT((#6283));
#6283 = SURFACE_STYLE_USAGE(.BOTH.,#6284);
#6284 = SURFACE_SIDE_STYLE('',(#6285,#6288));
#6285 = SURFACE_STYLE_FILL_AREA(#6286);
#6286 = FILL_AREA_STYLE('',(#6287));
#6287 = FILL_AREA_STYLE_COLOUR('',#5017);
#6288 = SURFACE_STYLE_RENDERING_WITH_PROPERTIES(.NORMAL_SHADING.,#5017,(
    #6289));
#6289 = SURFACE_STYLE_TRANSPARENT(0.);
#6290 = OVER_RIDING_STYLED_ITEM('overriding color',(#6291),#4724,#4891);
#6291 = PRESENTATION_STYLE_ASSIGNMENT((#6292));
#6292 = SURFACE_STYLE_USAGE(.BOTH.,#6293);
#6293 = SURFACE_SIDE_STYLE('',(#6294,#6297));
#6294 = SURFACE_STYLE_FILL_AREA(#6295);
#6295 = FILL_AREA_STYLE('',(#6296));
#6296 = FILL_AREA_STYLE_COLOUR('',#5017);
#6297 = SURFACE_STYLE_RENDERING_WITH_PROPERTIES(.NORMAL_SHADING.,#5017,(
    #6298));
#6298 = SURFACE_STYLE_TRANSPARENT(0.);
#6299 = OVER_RIDING_STYLED_ITEM('overriding color',(#6300),#4741,#4891);
#6300 = PRESENTATION_STYLE_ASSIGNMENT((#6301));
#6301 = SURFACE_STYLE_USAGE(.BOTH.,#6302);
#6302 = SURFACE_SIDE_STYLE('',(#6303,#6306));
#6303 = SURFACE_STYLE_FILL_AREA(#6304);
#6304 = FILL_AREA_STYLE('',(#6305));
#6305 = FILL_AREA_STYLE_COLOUR('',#5017);
#6306 = SURFACE_STYLE_RENDERING_WITH_PROPERTIES(.NORMAL_SHADING.,#5017,(
    #6307));
#6307 = SURFACE_STYLE_TRANSPARENT(0.);
#6308 = OVER_RIDING_STYLED_ITEM('overriding color',(#6309),#4758,#4891);
#6309 = PRESENTATION_STYLE_ASSIGNMENT((#6310));
#6310 = SURFACE_STYLE_USAGE(.BOTH.,#6311);
#6311 = SURFACE_SIDE_STYLE('',(#6312,#6315));
#6312 = SURFACE_STYLE_FILL_AREA(#6313);
#6313 = FILL_AREA_STYLE('',(#6314));
#6314 = FILL_AREA_STYLE_COLOUR('',#5017);
#6315 = SURFACE_STYLE_RENDERING_WITH_PROPERTIES(.NORMAL_SHADING.,#5017,(
    #6316));
#6316 = SURFACE_STYLE_TRANSPARENT(0.);
#6317 = OVER_RIDING_STYLED_ITEM('overriding color',(#6318),#4775,#4891);
#6318 = PRESENTATION_STYLE_ASSIGNMENT((#6319));
#6319 = SURFACE_STYLE_USAGE(.BOTH.,#6320);
#6320 = SURFACE_SIDE_STYLE('',(#6321,#6324));
#6321 = SURFACE_STYLE_FILL_AREA(#6322);
#6322 = FILL_AREA_STYLE('',(#6323));
#6323 = FILL_AREA_STYLE_COLOUR('',#5017);
#6324 = SURFACE_STYLE_RENDERING_WITH_PROPERTIES(.NORMAL_SHADING.,#5017,(
    #6325));
#6325 = SURFACE_STYLE_TRANSPARENT(0.);
#6326 = OVER_RIDING_STYLED_ITEM('overriding color',(#6327),#4787,#4891);
#6327 = PRESENTATION_STYLE_ASSIGNMENT((#6328));
#6328 = SURFACE_STYLE_USAGE(.BOTH.,#6329);
#6329 = SURFACE_SIDE_STYLE('',(#6330,#6333));
#6330 = SURFACE_STYLE_FILL_AREA(#6331);
#6331 = FILL_AREA_STYLE('',(#6332));
#6332 = FILL_AREA_STYLE_COLOUR('',#5017);
#6333 = SURFACE_STYLE_RENDERING_WITH_PROPERTIES(.NORMAL_SHADING.,#5017,(
    #6334));
#6334 = SURFACE_STYLE_TRANSPARENT(0.);
#6335 = OVER_RIDING_STYLED_ITEM('overriding color',(#6336),#4804,#4891);
#6336 = PRESENTATION_STYLE_ASSIGNMENT((#6337));
#6337 = SURFACE_STYLE_USAGE(.BOTH.,#6338);
#6338 = SURFACE_SIDE_STYLE('',(#6339,#6342));
#6339 = SURFACE_STYLE_FILL_AREA(#6340);
#6340 = FILL_AREA_STYLE('',(#6341));
#6341 = FILL_AREA_STYLE_COLOUR('',#5017);
#6342 = SURFACE_STYLE_RENDERING_WITH_PROPERTIES(.NORMAL_SHADING.,#5017,(
    #6343));
#6343 = SURFACE_STYLE_TRANSPARENT(0.);
#6344 = OVER_RIDING_STYLED_ITEM('overriding color',(#6345),#4821,#4891);
#6345 = PRESENTATION_STYLE_ASSIGNMENT((#6346));
#6346 = SURFACE_STYLE_USAGE(.BOTH.,#6347);
#6347 = SURFACE_SIDE_STYLE('',(#6348,#6351));
#6348 = SURFACE_STYLE_FILL_AREA(#6349);
#6349 = FILL_AREA_STYLE('',(#6350));
#6350 = FILL_AREA_STYLE_COLOUR('',#5017);
#6351 = SURFACE_STYLE_RENDERING_WITH_PROPERTIES(.NORMAL_SHADING.,#5017,(
    #6352));
#6352 = SURFACE_STYLE_TRANSPARENT(0.);
#6353 = OVER_RIDING_STYLED_ITEM('overriding color',(#6354),#4838,#4891);
#6354 = PRESENTATION_STYLE_ASSIGNMENT((#6355));
#6355 = SURFACE_STYLE_USAGE(.BOTH.,#6356);
#6356 = SURFACE_SIDE_STYLE('',(#6357,#6360));
#6357 = SURFACE_STYLE_FILL_AREA(#6358);
#6358 = FILL_AREA_STYLE('',(#6359));
#6359 = FILL_AREA_STYLE_COLOUR('',#5017);
#6360 = SURFACE_STYLE_RENDERING_WITH_PROPERTIES(.NORMAL_SHADING.,#5017,(
    #6361));
#6361 = SURFACE_STYLE_TRANSPARENT(0.);
#6362 = OVER_RIDING_STYLED_ITEM('overriding color',(#6363),#4855,#4891);
#6363 = PRESENTATION_STYLE_ASSIGNMENT((#6364));
#6364 = SURFACE_STYLE_USAGE(.BOTH.,#6365);
#6365 = SURFACE_SIDE_STYLE('',(#6366,#6369));
#6366 = SURFACE_STYLE_FILL_AREA(#6367);
#6367 = FILL_AREA_STYLE('',(#6368));
#6368 = FILL_AREA_STYLE_COLOUR('',#5017);
#6369 = SURFACE_STYLE_RENDERING_WITH_PROPERTIES(.NORMAL_SHADING.,#5017,(
    #6370));
#6370 = SURFACE_STYLE_TRANSPARENT(0.);
#6371 = OVER_RIDING_STYLED_ITEM('overriding color',(#6372),#4872,#4891);
#6372 = PRESENTATION_STYLE_ASSIGNMENT((#6373));
#6373 = SURFACE_STYLE_USAGE(.BOTH.,#6374);
#6374 = SURFACE_SIDE_STYLE('',(#6375,#6378));
#6375 = SURFACE_STYLE_FILL_AREA(#6376);
#6376 = FILL_AREA_STYLE('',(#6377));
#6377 = FILL_AREA_STYLE_COLOUR('',#5017);
#6378 = SURFACE_STYLE_RENDERING_WITH_PROPERTIES(.NORMAL_SHADING.,#5017,(
    #6379));
#6379 = SURFACE_STYLE_TRANSPARENT(0.);
ENDSEC;
END-ISO-10303-21;
