ISO-10303-21;
HEADER;
FILE_DESCRIPTION (( 'STEP AP214' ),
    '1' );
FILE_NAME ('4_BLEí¥ëÂå^BLE_MODULE.STEP',
    '2020-03-30T06:15:19',
    ( '' ),
    ( '' ),
    'SwSTEP 2.0',
    'SolidWorks 2015',
    '' );
FILE_SCHEMA (( 'AUTOMOTIVE_DESIGN' ));
ENDSEC;

DATA;
#1 = LINE ( 'NONE', #4844, #5761 ) ;
#2 = EDGE_CURVE ( 'NONE', #5728, #3777, #3148, .T. ) ;
#3 =( GEOMETRIC_REPRESENTATION_CONTEXT ( 3 ) GLOBAL_UNCERTAINTY_ASSIGNED_CONTEXT ( ( #2206 ) ) GLOBAL_UNIT_ASSIGNED_CONTEXT ( ( #2508, #2509, #2473 ) ) REPRESENTATION_CONTEXT ( 'NONE', 'WORKASPACE' ) );
#4 = LINE ( 'NONE', #2455, #3095 ) ;
#5 = B_SPLINE_CURVE_WITH_KNOTS ( 'NONE', 3,
 ( #1391, #4840, #4117, #6100, #264, #3417 ),
 .UNSPECIFIED., .F., .F.,
 ( 4, 2, 4 ),
 ( 0.0000000000000000000, 0.5000000000000000000, 1.000000000000000000 ),
 .UNSPECIFIED. ) ;
#6 = LINE ( 'NONE', #3535, #45 ) ;
#7 = ORIENTED_EDGE ( 'NONE', *, *, #3934, .F. ) ;
#8 = DIRECTION ( 'NONE',  ( -1.000000000000000000, 0.0000000000000000000, 0.0000000000000000000 ) ) ;
#9 = VECTOR ( 'NONE', #170, 1000.000000000000000 ) ;
#10 = EDGE_CURVE ( 'NONE', #1519, #5503, #2814, .T. ) ;
#11 = LINE ( 'NONE', #40, #22 ) ;
#12 =( GEOMETRIC_REPRESENTATION_CONTEXT ( 3 ) GLOBAL_UNCERTAINTY_ASSIGNED_CONTEXT ( ( #2951 ) ) GLOBAL_UNIT_ASSIGNED_CONTEXT ( ( #4669, #4643, #4628 ) ) REPRESENTATION_CONTEXT ( 'NONE', 'WORKASPACE' ) );
#13 = PLANE ( 'NONE',  #926 ) ;
#14 = DIRECTION ( 'NONE',  ( 0.0000000000000000000, 0.0000000000000000000, 1.000000000000000000 ) ) ;
#15 = FACE_OUTER_BOUND ( 'NONE', #4609, .T. ) ;
#16 = DIRECTION ( 'NONE',  ( -1.000000000000000000, 0.0000000000000000000, 0.0000000000000000000 ) ) ;
#17 = LINE ( 'NONE', #3149, #1024 ) ;
#18 = ORIENTED_EDGE ( 'NONE', *, *, #3422, .F. ) ;
#19 = AXIS2_PLACEMENT_3D ( 'NONE', #2677, #2464, #2441 ) ;
#20 = FILL_AREA_STYLE_COLOUR ( '', #1090 ) ;
#21 = CARTESIAN_POINT ( 'NONE',  ( -5.449999999999936200, 0.2500000000000097700, -2.999999970545852900 ) ) ;
#22 = VECTOR ( 'NONE', #2167, 1000.000000000000000 ) ;
#23 = DIRECTION ( 'NONE',  ( -1.000000000000000000, 0.0000000000000000000, 0.0000000000000000000 ) ) ;
#24 = VECTOR ( 'NONE', #1388, 1000.000000000000000 ) ;
#25 = CARTESIAN_POINT ( 'NONE',  ( 4.175000000000042500, 1.139999999999999500, -4.649999997427861400 ) ) ;
#26 = FACE_OUTER_BOUND ( 'NONE', #4207, .T. ) ;
#27 = VECTOR ( 'NONE', #3208, 1000.000000000000000 ) ;
#28 = CARTESIAN_POINT ( 'NONE',  ( 10.32156932122342300, 0.1800000000000481800, 4.600000029454185400 ) ) ;
#29 = MECHANICAL_DESIGN_GEOMETRIC_PRESENTATION_REPRESENTATION (  '', ( #140 ), #3 ) ;
#30 =( GEOMETRIC_REPRESENTATION_CONTEXT ( 3 ) GLOBAL_UNCERTAINTY_ASSIGNED_CONTEXT ( ( #3249 ) ) GLOBAL_UNIT_ASSIGNED_CONTEXT ( ( #5365, #5081, #5039 ) ) REPRESENTATION_CONTEXT ( 'NONE', 'WORKASPACE' ) );
#31 = STYLED_ITEM ( 'NONE', ( #1190 ), #1762 ) ;
#32 = ORIENTED_EDGE ( 'NONE', *, *, #3524, .T. ) ;
#33 = CARTESIAN_POINT ( 'NONE',  ( -4.400000000000001200, 0.4699999999999999700, -0.0000000000000000000 ) ) ;
#34 = ORIENTED_EDGE ( 'NONE', *, *, #3327, .F. ) ;
#35 = VECTOR ( 'NONE', #5206, 1000.000000000000000 ) ;
#36 = VECTOR ( 'NONE', #3829, 1000.000000000000000 ) ;
#37 = VECTOR ( 'NONE', #1435, 1000.000000000000000 ) ;
#38 = VERTEX_POINT ( 'NONE', #5948 ) ;
#39 = CARTESIAN_POINT ( 'NONE',  ( 5.449999999999965500, 0.1100000000000007200, -1.397020162857316400 ) ) ;
#40 = CARTESIAN_POINT ( 'NONE',  ( -5.249999979750200800, 2.006428974359998100, -4.799999997427823600 ) ) ;
#41 = CYLINDRICAL_SURFACE ( 'NONE', #165, 0.1599999999998885400 ) ;
#42 = CARTESIAN_POINT ( 'NONE',  ( -4.890000000000002300, 0.9699999999999999700, 0.5250000000000002400 ) ) ;
#43 = EDGE_CURVE ( 'NONE', #3654, #1655, #3113, .T. ) ;
#44 = PRESENTATION_LAYER_ASSIGNMENT (  '', '', ( #140 ) ) ;
#45 = VECTOR ( 'NONE', #1997, 1000.000000000000000 ) ;
#46 = CARTESIAN_POINT ( 'NONE',  ( 0.0000000000000000000, 0.9699999999999999700, 1.524999999999998600 ) ) ;
#47 = CARTESIAN_POINT ( 'NONE',  ( 5.299999999999971400, -27.48064091039079700, 4.500000000000059500 ) ) ;
#48 = ORIENTED_EDGE ( 'NONE', *, *, #5976, .F. ) ;
#49 = DIRECTION ( 'NONE',  ( 1.000000000000000000, 0.0000000000000000000, 0.0000000000000000000 ) ) ;
#50 = EDGE_CURVE ( 'NONE', #3888, #1315, #3009, .T. ) ;
#51 = AXIS2_PLACEMENT_3D ( 'NONE', #1637, #4564, #2401 ) ;
#52 = LINE ( 'NONE', #5700, #147 ) ;
#53 = DIRECTION ( 'NONE',  ( -8.758115402030106700E-047, 4.565061778885771600E-015, 1.000000000000000000 ) ) ;
#54 = CARTESIAN_POINT ( 'NONE',  ( -4.275000000000002100, 0.4699999999999999700, -0.01000000000000102000 ) ) ;
#55 = SURFACE_STYLE_FILL_AREA ( #2025 ) ;
#56 = FACE_OUTER_BOUND ( 'NONE', #3601, .T. ) ;
#57 = DIRECTION ( 'NONE',  ( 0.0000000000000000000, 1.000000000000000000, 0.0000000000000000000 ) ) ;
#58 = VECTOR ( 'NONE', #3774, 1000.000000000000000 ) ;
#59 = EDGE_CURVE ( 'NONE', #3176, #3268, #3102, .T. ) ;
#60 = DIRECTION ( 'NONE',  ( 0.0000000000000000000, 0.0000000000000000000, -1.000000000000000000 ) ) ;
#61 = VECTOR ( 'NONE', #5707, 1000.000000000000000 ) ;
#62 = PRESENTATION_LAYER_ASSIGNMENT (  '', '', ( #5280 ) ) ;
#63 = LINE ( 'NONE', #5501, #35 ) ;
#64 = ORIENTED_EDGE ( 'NONE', *, *, #2347, .T. ) ;
#65 = PLANE ( 'NONE',  #1351 ) ;
#66 = CYLINDRICAL_SURFACE ( 'NONE', #2888, 0.2000000000000104500 ) ;
#67 = CARTESIAN_POINT ( 'NONE',  ( -5.449999999999947800, 1.139999999999999500, -4.099999999999975700 ) ) ;
#68 = LINE ( 'NONE', #46, #97 ) ;
#69 = AXIS2_PLACEMENT_3D ( 'NONE', #4827, #5514, #6034 ) ;
#70 = LINE ( 'NONE', #5945, #5525 ) ;
#71 = DIRECTION ( 'NONE',  ( 0.0000000000000000000, 0.0000000000000000000, -1.000000000000000000 ) ) ;
#72 = DIRECTION ( 'NONE',  ( 1.239088197126349800E-015, -1.000000000000000000, 1.479114197289397100E-030 ) ) ;
#73 = ORIENTED_EDGE ( 'NONE', *, *, #2, .F. ) ;
#74 = FACE_OUTER_BOUND ( 'NONE', #1202, .T. ) ;
#75 =( NAMED_UNIT ( * ) PLANE_ANGLE_UNIT ( ) SI_UNIT ( $, .RADIAN. ) );
#76 = CARTESIAN_POINT ( 'NONE',  ( 3.974999999999959700, 0.2499999999999950000, -4.649999997427860500 ) ) ;
#77 = CARTESIAN_POINT ( 'NONE',  ( 5.600000040499541100, 1.139999999999999500, -3.199999968757538700 ) ) ;
#78 = VERTEX_POINT ( 'NONE', #2274 ) ;
#79 = FACE_OUTER_BOUND ( 'NONE', #5634, .T. ) ;
#80 = CARTESIAN_POINT ( 'NONE',  ( 0.0000000000000000000, 0.4699999999999999700, 0.5250000000000002400 ) ) ;
#81 = MECHANICAL_DESIGN_GEOMETRIC_PRESENTATION_REPRESENTATION (  '', ( #5655 ), #5899 ) ;
#82 = VECTOR ( 'NONE', #762, 1000.000000000000000 ) ;
#83 = VECTOR ( 'NONE', #2798, 1000.000000000000000 ) ;
#84 = FACE_OUTER_BOUND ( 'NONE', #4402, .T. ) ;
#85 = CARTESIAN_POINT ( 'NONE',  ( 10.32156932122342300, 0.1800001234754994000, 4.400000029454227000 ) ) ;
#86 = CARTESIAN_POINT ( 'NONE',  ( -5.300000000000082400, 1.149999999999999900, 4.500000000000059500 ) ) ;
#87 = ORIENTED_EDGE ( 'NONE', *, *, #2726, .F. ) ;
#88 = CIRCLE ( 'NONE', #4554, 0.2000000000000104500 ) ;
#89 = CARTESIAN_POINT ( 'NONE',  ( -4.890000000000002300, 0.9699999999999999700, 1.524999999999998600 ) ) ;
#90 = VECTOR ( 'NONE', #3115, 1000.000000000000000 ) ;
#91 = CARTESIAN_POINT ( 'NONE',  ( -5.449999999999937100, 0.1800001234751489900, 4.000000388752972900 ) ) ;
#92 = AXIS2_PLACEMENT_3D ( 'NONE', #2246, #3359, #3353 ) ;
#93 = ORIENTED_EDGE ( 'NONE', *, *, #1219, .F. ) ;
#94 = DIRECTION ( 'NONE',  ( 0.0000000000000000000, 0.0000000000000000000, 1.000000000000000000 ) ) ;
#95 = CARTESIAN_POINT ( 'NONE',  ( -5.449999999421414100, 0.1100000000000024600, -4.249999999999936900 ) ) ;
#96 = VERTEX_POINT ( 'NONE', #2276 ) ;
#97 = VECTOR ( 'NONE', #3386, 1000.000000000000000 ) ;
#98 = ORIENTED_EDGE ( 'NONE', *, *, #5361, .F. ) ;
#99 = CARTESIAN_POINT ( 'NONE',  ( -7.700000000000001100, 0.0000000000000000000, 5.000000000000000000 ) ) ;
#100 = AXIS2_PLACEMENT_3D ( 'NONE', #563, #716, #4595 ) ;
#101 = LINE ( 'NONE', #4651, #90 ) ;
#102 = LINE ( 'NONE', #2580, #6003 ) ;
#103 = AXIS2_PLACEMENT_3D ( 'NONE', #539, #3655, #1053 ) ;
#104 = CARTESIAN_POINT ( 'NONE',  ( -4.400000000000001200, 0.9699999999999999700, 1.514999999999999500 ) ) ;
#105 = DIRECTION ( 'NONE',  ( -1.000000000000000000, 0.0000000000000000000, -1.997185007931128700E-012 ) ) ;
#106 = CYLINDRICAL_SURFACE ( 'NONE', #2616, 0.009999999999999158900 ) ;
#107 = CARTESIAN_POINT ( 'NONE',  ( 10.32156932122342300, 0.1800001234751489900, 4.000000388752972900 ) ) ;
#108 = CARTESIAN_POINT ( 'NONE',  ( 5.600000000525906100, -0.01999987652449766000, 4.400000029454227000 ) ) ;
#109 = ORIENTED_EDGE ( 'NONE', *, *, #5522, .T. ) ;
#110 = FACE_OUTER_BOUND ( 'NONE', #2740, .T. ) ;
#111 = DIRECTION ( 'NONE',  ( 5.259688788402080500E-009, -3.571489576578816000E-015, -1.000000000000000000 ) ) ;
#112 = FACE_OUTER_BOUND ( 'NONE', #2212, .T. ) ;
#113 = EDGE_CURVE ( 'NONE', #5040, #1309, #3121, .T. ) ;
#114 = DIRECTION ( 'NONE',  ( 0.0000000000000000000, 0.0000000000000000000, 1.000000000000000000 ) ) ;
#115 = ORIENTED_EDGE ( 'NONE', *, *, #5635, .T. ) ;
#116 = VECTOR ( 'NONE', #3330, 1000.000000000000000 ) ;
#117 = CARTESIAN_POINT ( 'NONE',  ( -5.442625345279719100, 1.149999999999999500, -3.200208343395980500 ) ) ;
#118 = VERTEX_POINT ( 'NONE', #2159 ) ;
#119 = CARTESIAN_POINT ( 'NONE',  ( -4.275000000000002100, 0.9699999999999999700, -0.4900000000000003200 ) ) ;
#120 = FACE_OUTER_BOUND ( 'NONE', #3248, .T. ) ;
#121 = PLANE ( 'NONE',  #4837 ) ;
#122 = EDGE_CURVE ( 'NONE', #1828, #4903, #1383, .T. ) ;
#123 = VERTEX_POINT ( 'NONE', #2196 ) ;
#124 = VECTOR ( 'NONE', #3030, 1000.000000000000000 ) ;
#125 = VECTOR ( 'NONE', #4454, 1000.000000000000000 ) ;
#126 = LINE ( 'NONE', #4522, #3498 ) ;
#127 = ORIENTED_EDGE ( 'NONE', *, *, #1384, .F. ) ;
#128 = CARTESIAN_POINT ( 'NONE',  ( -5.300000000000082400, 0.7500000000000622800, 4.650000000000137100 ) ) ;
#129 = LINE ( 'NONE', #2852, #124 ) ;
#130 = CARTESIAN_POINT ( 'NONE',  ( -4.900000000000001200, 0.4699999999999999700, 1.524999999999998600 ) ) ;
#131 = DIRECTION ( 'NONE',  ( 0.0000000000000000000, 0.0000000000000000000, -1.000000000000000000 ) ) ;
#132 = EDGE_CURVE ( 'NONE', #5837, #4682, #3088, .T. ) ;
#133 = ORIENTED_EDGE ( 'NONE', *, *, #2412, .F. ) ;
#134 = PLANE ( 'NONE',  #2656 ) ;
#135 = EDGE_LOOP ( 'NONE', ( #223, #238, #256, #323 ) ) ;
#136 = DIRECTION ( 'NONE',  ( -1.000000000000000000, 0.0000000000000000000, 0.0000000000000000000 ) ) ;
#137 = EDGE_LOOP ( 'NONE', ( #3161, #2128, #5092, #3354 ) ) ;
#138 = CIRCLE ( 'NONE', #4395, 0.009999999999999158900 ) ;
#139 = DIRECTION ( 'NONE',  ( 1.000000000000000000, 0.0000000000000000000, 0.0000000000000000000 ) ) ;
#140 = STYLED_ITEM ( 'NONE', ( #1971 ), #1515 ) ;
#141 = DIRECTION ( 'NONE',  ( 6.123233995736766000E-017, 1.000000000000000000, -4.565061778885771600E-015 ) ) ;
#142 = EDGE_CURVE ( 'NONE', #2447, #4007, #3081, .T. ) ;
#143 = CARTESIAN_POINT ( 'NONE',  ( 4.175000000000047800, 0.4500000000000857800, 12.21037961703495400 ) ) ;
#144 = LINE ( 'NONE', #3385, #116 ) ;
#145 = ITEM_DEFINED_TRANSFORMATION ( 'NONE', 'NONE', #5156,  #1507 ) ;
#146 = DIRECTION ( 'NONE',  ( 0.0000000000000000000, 0.0000000000000000000, 1.000000000000000000 ) ) ;
#147 = VECTOR ( 'NONE', #5834, 1000.000000000000000 ) ;
#148 = DIRECTION ( 'NONE',  ( 0.0000000000000000000, 0.0000000000000000000, 1.000000000000000000 ) ) ;
#149 = LINE ( 'NONE', #2501, #5551 ) ;
#150 = CYLINDRICAL_SURFACE ( 'NONE', #4715, 0.1999999999999779700 ) ;
#151 = EDGE_CURVE ( 'NONE', #5699, #2697, #3082, .T. ) ;
#152 = DIRECTION ( 'NONE',  ( 5.785689033911834000E-008, -4.588146909982806000E-022, -0.9999999999999983300 ) ) ;
#153 = AXIS2_PLACEMENT_3D ( 'NONE', #2218, #5441, #2204 ) ;
#154 = AXIS2_PLACEMENT_3D ( 'NONE', #3731, #5799, #2494 ) ;
#155 = DIRECTION ( 'NONE',  ( 0.0000000000000000000, -1.000000000000000000, 0.0000000000000000000 ) ) ;
#156 = LINE ( 'NONE', #3860, #4699 ) ;
#157 = VERTEX_POINT ( 'NONE', #2179 ) ;
#158 = FACE_OUTER_BOUND ( 'NONE', #1479, .T. ) ;
#159 = LINE ( 'NONE', #5148, #4222 ) ;
#160 = VECTOR ( 'NONE', #2720, 1000.000000000000000 ) ;
#161 = ORIENTED_EDGE ( 'NONE', *, *, #3781, .F. ) ;
#162 = VECTOR ( 'NONE', #288, 1000.000000000000000 ) ;
#163 = AXIS2_PLACEMENT_3D ( 'NONE', #85, #2684, #5852 ) ;
#164 = LINE ( 'NONE', #2701, #160 ) ;
#165 = AXIS2_PLACEMENT_3D ( 'NONE', #5546, #5506, #5981 ) ;
#166 = DIRECTION ( 'NONE',  ( 0.9999999999999983300, -7.434529182758072800E-016, 5.785689033911834000E-008 ) ) ;
#167 = FILL_AREA_STYLE_COLOUR ( '', #339 ) ;
#168 = LINE ( 'NONE', #2530, #176 ) ;
#169 = LINE ( 'NONE', #4681, #3656 ) ;
#170 = DIRECTION ( 'NONE',  ( -0.0000000000000000000, -1.000000000000000000, -0.0000000000000000000 ) ) ;
#171 = DIRECTION ( 'NONE',  ( 0.0000000000000000000, -1.000000000000000000, 0.0000000000000000000 ) ) ;
#172 = CARTESIAN_POINT ( 'NONE',  ( 0.0000000000000000000, 0.9699999999999999700, -8.673617379884035500E-016 ) ) ;
#173 = CYLINDRICAL_SURFACE ( 'NONE', #2387, 0.1999999999999970100 ) ;
#174 = FILL_AREA_STYLE ('',( #4561 ) ) ;
#175 = AXIS2_PLACEMENT_3D ( 'NONE', #3106, #4458, #5998 ) ;
#176 = VECTOR ( 'NONE', #2541, 1000.000000000000000 ) ;
#177 = DIRECTION ( 'NONE',  ( 0.0000000000000000000, 1.000000000000000000, 0.0000000000000000000 ) ) ;
#178 = CARTESIAN_POINT ( 'NONE',  ( 5.449999999169200700, 1.181887902047834800, -4.249999999999865000 ) ) ;
#179 = VERTEX_POINT ( 'NONE', #1932 ) ;
#180 = PLANE ( 'NONE',  #961 ) ;
#181 = CYLINDRICAL_SURFACE ( 'NONE', #2055, 0.1999999999999779700 ) ;
#182 = CARTESIAN_POINT ( 'NONE',  ( 5.250000020249865800, 0.09999999999999939500, -4.799999997427786300 ) ) ;
#183 = DIRECTION ( 'NONE',  ( 0.0000000000000000000, 0.0000000000000000000, 1.000000000000000000 ) ) ;
#184 = VECTOR ( 'NONE', #5642, 1000.000000000000000 ) ;
#185 = ORIENTED_EDGE ( 'NONE', *, *, #2112, .F. ) ;
#186 = FACE_OUTER_BOUND ( 'NONE', #5449, .T. ) ;
#187 = VERTEX_POINT ( 'NONE', #1695 ) ;
#188 = ORIENTED_EDGE ( 'NONE', *, *, #208, .F. ) ;
#189 = FACE_OUTER_BOUND ( 'NONE', #4826, .T. ) ;
#190 = VECTOR ( 'NONE', #23, 1000.000000000000000 ) ;
#191 = VERTEX_POINT ( 'NONE', #1720 ) ;
#192 = CIRCLE ( 'NONE', #5026, 0.01000000000000013400 ) ;
#193 = LINE ( 'NONE', #4384, #4795 ) ;
#194 = DIRECTION ( 'NONE',  ( 0.0000000000000000000, 0.0000000000000000000, -1.000000000000000000 ) ) ;
#195 = DIRECTION ( 'NONE',  ( 0.0000000000000000000, 0.0000000000000000000, -1.000000000000000000 ) ) ;
#196 =( GEOMETRIC_REPRESENTATION_CONTEXT ( 3 ) GLOBAL_UNCERTAINTY_ASSIGNED_CONTEXT ( ( #3882 ) ) GLOBAL_UNIT_ASSIGNED_CONTEXT ( ( #311, #1009, #5890 ) ) REPRESENTATION_CONTEXT ( 'NONE', 'WORKASPACE' ) );
#197 = AXIS2_PLACEMENT_3D ( 'NONE', #1572, #1677, #2143 ) ;
#198 = ORIENTED_EDGE ( 'NONE', *, *, #1517, .F. ) ;
#199 = MECHANICAL_DESIGN_GEOMETRIC_PRESENTATION_REPRESENTATION (  '', ( #2174 ), #3091 ) ;
#200 = CIRCLE ( 'NONE', #2114, 0.2000000000000890000 ) ;
#201 = DIRECTION ( 'NONE',  ( 1.000000000000000000, 0.0000000000000000000, 0.0000000000000000000 ) ) ;
#202 = B_SPLINE_CURVE_WITH_KNOTS ( 'NONE', 3,
 ( #1640, #1654, #1646, #1627 ),
 .UNSPECIFIED., .F., .F.,
 ( 4, 4 ),
 ( 0.0000000000000000000, 1.000000000000000000 ),
 .UNSPECIFIED. ) ;
#203 = FACE_OUTER_BOUND ( 'NONE', #137, .T. ) ;
#204 = CARTESIAN_POINT ( 'NONE',  ( -4.410000000000001000, 0.9699999999999999700, -2.025000000000001700 ) ) ;
#205 = CARTESIAN_POINT ( 'NONE',  ( 5.445219907088052500, 1.148922269036098700, -3.200166761398600000 ) ) ;
#206 = CIRCLE ( 'NONE', #100, 0.01000000000000046000 ) ;
#207 = PLANE ( 'NONE',  #3840 ) ;
#208 = EDGE_CURVE ( 'NONE', #1636, #5488, #202, .T. ) ;
#209 = AXIS2_PLACEMENT_3D ( 'NONE', #5469, #5471, #5487 ) ;
#210 = ORIENTED_EDGE ( 'NONE', *, *, #3267, .T. ) ;
#211 = MANIFOLD_SOLID_BREP ( 'ŒﬁΩ - âüÇµèoÇµ2[3]', #5932 ) ;
#212 = VECTOR ( 'NONE', #456, 1000.000000000000000 ) ;
#213 = FACE_OUTER_BOUND ( 'NONE', #5332, .T. ) ;
#214 = CARTESIAN_POINT ( 'NONE',  ( -5.300000000000082400, 1.139999999999998600, -3.594446615752577800 ) ) ;
#215 = CARTESIAN_POINT ( 'NONE',  ( -1.375000000000181600, 1.299999999999889000, 4.640000000000138200 ) ) ;
#216 = B_SPLINE_CURVE_WITH_KNOTS ( 'NONE', 3,
 ( #2418, #2481, #3512, #3670, #3856, #4811 ),
 .UNSPECIFIED., .F., .F.,
 ( 4, 2, 4 ),
 ( 0.0000000000000000000, 0.5000000000000000000, 1.000000000000000000 ),
 .UNSPECIFIED. ) ;
#217 = MECHANICAL_DESIGN_GEOMETRIC_PRESENTATION_REPRESENTATION (  '', ( #251 ), #196 ) ;
#218 = DIRECTION ( 'NONE',  ( 0.0000000000000000000, 0.0000000000000000000, 1.000000000000000000 ) ) ;
#219 = PRESENTATION_LAYER_ASSIGNMENT (  '', '', ( #251 ) ) ;
#220 = LINE ( 'NONE', #2841, #235 ) ;
#221 = VECTOR ( 'NONE', #5052, 1000.000000000000000 ) ;
#222 = CARTESIAN_POINT ( 'NONE',  ( -0.02499999999991398000, 1.299999999999999200, 4.090000000000087800 ) ) ;
#223 = ORIENTED_EDGE ( 'NONE', *, *, #5682, .F. ) ;
#224 = DIRECTION ( 'NONE',  ( 0.0000000000000000000, 1.000000000000000000, 0.0000000000000000000 ) ) ;
#225 = CIRCLE ( 'NONE', #798, 0.1999999999999224600 ) ;
#226 = CARTESIAN_POINT ( 'NONE',  ( -5.439999999999939100, -27.48064091039079700, 4.500000000000059500 ) ) ;
#227 = CYLINDRICAL_SURFACE ( 'NONE', #449, 0.1999997132653333100 ) ;
#228 = AXIS2_PLACEMENT_3D ( 'NONE', #261, #353, #418 ) ;
#229 = AXIS2_PLACEMENT_3D ( 'NONE', #1227, #3277, #2699 ) ;
#230 = CARTESIAN_POINT ( 'NONE',  ( -4.374999979750215900, -27.48064091039079700, -3.949999997427844400 ) ) ;
#231 = AXIS2_PLACEMENT_3D ( 'NONE', #559, #350, #265 ) ;
#232 = CARTESIAN_POINT ( 'NONE',  ( 4.375000020249819600, 1.300000000000000000, -3.749999997427866400 ) ) ;
#233 =( GEOMETRIC_REPRESENTATION_CONTEXT ( 3 ) GLOBAL_UNCERTAINTY_ASSIGNED_CONTEXT ( ( #3439 ) ) GLOBAL_UNIT_ASSIGNED_CONTEXT ( ( #779, #1865, #4467 ) ) REPRESENTATION_CONTEXT ( 'NONE', 'WORKASPACE' ) );
#234 = FILL_AREA_STYLE_COLOUR ( '', #1475 ) ;
#235 = VECTOR ( 'NONE', #2977, 1000.000000000000000 ) ;
#236 = FACE_OUTER_BOUND ( 'NONE', #5244, .T. ) ;
#237 = CARTESIAN_POINT ( 'NONE',  ( -5.599999999999938400, 0.2500000000000097700, -2.999999970545852900 ) ) ;
#238 = ORIENTED_EDGE ( 'NONE', *, *, #5976, .T. ) ;
#239 = DIRECTION ( 'NONE',  ( 0.0000000000000000000, 1.000000000000000000, 0.0000000000000000000 ) ) ;
#240 = FILL_AREA_STYLE_COLOUR ( '', #2552 ) ;
#241 = ORIENTED_EDGE ( 'NONE', *, *, #5137, .F. ) ;
#242 = FACE_OUTER_BOUND ( 'NONE', #3796, .T. ) ;
#243 = DIRECTION ( 'NONE',  ( -7.966684955842744400E-013, 1.231116050210541500E-028, -1.000000000000000000 ) ) ;
#244 = DIRECTION ( 'NONE',  ( 0.0000000000000000000, 1.000000000000000000, -0.0000000000000000000 ) ) ;
#245 = VERTEX_POINT ( 'NONE', #1589 ) ;
#246 = LINE ( 'NONE', #1144, #269 ) ;
#247 = DIRECTION ( 'NONE',  ( 0.0000000000000000000, 0.0000000000000000000, 1.000000000000000000 ) ) ;
#248 = DIRECTION ( 'NONE',  ( 0.0000000000000000000, 0.0000000000000000000, 1.000000000000000000 ) ) ;
#249 = CIRCLE ( 'NONE', #2943, 0.1599999999998894000 ) ;
#250 = FACE_OUTER_BOUND ( 'NONE', #4433, .T. ) ;
#251 = STYLED_ITEM ( 'NONE', ( #2108 ), #1480 ) ;
#252 = FACE_OUTER_BOUND ( 'NONE', #3497, .T. ) ;
#253 = PLANE ( 'NONE',  #92 ) ;
#254 = DIRECTION ( 'NONE',  ( 1.000000000000000000, -0.0000000000000000000, 0.0000000000000000000 ) ) ;
#255 = PLANE ( 'NONE',  #175 ) ;
#256 = ORIENTED_EDGE ( 'NONE', *, *, #3433, .T. ) ;
#257 = VECTOR ( 'NONE', #4696, 1000.000000000000000 ) ;
#258 = ORIENTED_EDGE ( 'NONE', *, *, #1723, .F. ) ;
#259 = FACE_OUTER_BOUND ( 'NONE', #5639, .T. ) ;
#260 =( GEOMETRIC_REPRESENTATION_CONTEXT ( 3 ) GLOBAL_UNCERTAINTY_ASSIGNED_CONTEXT ( ( #5022 ) ) GLOBAL_UNIT_ASSIGNED_CONTEXT ( ( #314, #305, #291 ) ) REPRESENTATION_CONTEXT ( 'NONE', 'WORKASPACE' ) );
#261 = CARTESIAN_POINT ( 'NONE',  ( -5.300000000000082400, 0.7500000000000622800, -3.594446615752577800 ) ) ;
#262 = DIRECTION ( 'NONE',  ( 0.0000000000000000000, 0.0000000000000000000, -1.000000000000000000 ) ) ;
#263 = FACE_OUTER_BOUND ( 'NONE', #4786, .T. ) ;
#264 = CARTESIAN_POINT ( 'NONE',  ( 5.442625385780461400, 1.150000000000000600, -3.200208341834114700 ) ) ;
#265 = DIRECTION ( 'NONE',  ( 0.0000000000000000000, 0.0000000000000000000, -1.000000000000000000 ) ) ;
#266 = EDGE_CURVE ( 'NONE', #304, #1432, #2571, .T. ) ;
#267 = DIRECTION ( 'NONE',  ( 0.0000000000000000000, 0.0000000000000000000, 1.000000000000000000 ) ) ;
#268 = ORIENTED_EDGE ( 'NONE', *, *, #335, .F. ) ;
#269 = VECTOR ( 'NONE', #1379, 1000.000000000000000 ) ;
#270 = ORIENTED_EDGE ( 'NONE', *, *, #1993, .T. ) ;
#271 = CARTESIAN_POINT ( 'NONE',  ( -4.400000000000001200, 0.9699999999999999700, 1.524999999999998600 ) ) ;
#272 = DIRECTION ( 'NONE',  ( -1.000000000000000000, 0.0000000000000000000, 0.0000000000000000000 ) ) ;
#273 = VECTOR ( 'NONE', #3383, 1000.000000000000000 ) ;
#274 = DIRECTION ( 'NONE',  ( -1.000000000000000000, 1.982541115402158000E-015, 5.947623346206474800E-015 ) ) ;
#275 = CARTESIAN_POINT ( 'NONE',  ( -5.275000000000002100, 0.4699999999999999700, -0.01000000000000011800 ) ) ;
#276 = CARTESIAN_POINT ( 'NONE',  ( 0.0000000000000000000, 0.9699999999999999700, 0.5250000000000002400 ) ) ;
#277 = ORIENTED_EDGE ( 'NONE', *, *, #5931, .T. ) ;
#278 = VECTOR ( 'NONE', #5475, 1000.000000000000000 ) ;
#279 = AXIS2_PLACEMENT_3D ( 'NONE', #1930, #5470, #1171 ) ;
#280 = DIRECTION ( 'NONE',  ( 1.000000000000000000, -0.0000000000000000000, 0.0000000000000000000 ) ) ;
#281 = CARTESIAN_POINT ( 'NONE',  ( 5.440000134889527500, 1.139999999999999900, -21.14592586096563300 ) ) ;
#282 = LINE ( 'NONE', #4867, #5543 ) ;
#283 = CARTESIAN_POINT ( 'NONE',  ( -4.900000000000001200, 0.9699999999999999700, -1.025000000000001700 ) ) ;
#284 = CARTESIAN_POINT ( 'NONE',  ( 0.6782860000000925400, 0.2499999999999785400, 12.21037961703495400 ) ) ;
#285 = ORIENTED_EDGE ( 'NONE', *, *, #3831, .F. ) ;
#286 = DIRECTION ( 'NONE',  ( 1.000000000000000000, 0.0000000000000000000, 1.105450428193023900E-012 ) ) ;
#287 = PRESENTATION_LAYER_ASSIGNMENT (  '', '', ( #5133 ) ) ;
#288 = DIRECTION ( 'NONE',  ( 1.000000000000000000, 0.0000000000000000000, 0.0000000000000000000 ) ) ;
#289 = DIRECTION ( 'NONE',  ( 0.0000000000000000000, 0.0000000000000000000, -1.000000000000000000 ) ) ;
#290 = DIRECTION ( 'NONE',  ( 7.142979018728817100E-015, -1.000000000000000000, -6.123233995736766000E-017 ) ) ;
#291 =( NAMED_UNIT ( * ) SI_UNIT ( $, .STERADIAN. ) SOLID_ANGLE_UNIT ( ) );
#292 = AXIS2_PLACEMENT_3D ( 'NONE', #1764, #2075, #4758 ) ;
#293 = VECTOR ( 'NONE', #3077, 1000.000000000000000 ) ;
#294 = LINE ( 'NONE', #2022, #4621 ) ;
#295 = DIRECTION ( 'NONE',  ( -0.0000000000000000000, -1.000000000000000000, -0.0000000000000000000 ) ) ;
#296 = ORIENTED_EDGE ( 'NONE', *, *, #4736, .T. ) ;
#297 = CARTESIAN_POINT ( 'NONE',  ( 4.175000006749973700, 1.145235987755982800, -4.649999997427861400 ) ) ;
#298 = LINE ( 'NONE', #1529, #4663 ) ;
#299 = EDGE_CURVE ( 'NONE', #6104, #4779, #3000, .T. ) ;
#300 = DIRECTION ( 'NONE',  ( -0.0000000000000000000, -1.000000000000000000, -0.0000000000000000000 ) ) ;
#301 = SURFACE_SIDE_STYLE ('',( #4358 ) ) ;
#302 = DIRECTION ( 'NONE',  ( 0.0000000000000000000, 0.0000000000000000000, -1.000000000000000000 ) ) ;
#303 = ORIENTED_EDGE ( 'NONE', *, *, #4629, .F. ) ;
#304 = VERTEX_POINT ( 'NONE', #1232 ) ;
#305 =( NAMED_UNIT ( * ) PLANE_ANGLE_UNIT ( ) SI_UNIT ( $, .RADIAN. ) );
#306 = PLANE ( 'NONE',  #2226 ) ;
#307 = PRODUCT_CONTEXT ( 'NONE', #1853, 'mechanical' ) ;
#308 = MECHANICAL_DESIGN_GEOMETRIC_PRESENTATION_REPRESENTATION (  '', ( #326 ), #260 ) ;
#309 = AXIS2_PLACEMENT_3D ( 'NONE', #3454, #3932, #1905 ) ;
#310 = PRESENTATION_STYLE_ASSIGNMENT (( #4675 ) ) ;
#311 =( LENGTH_UNIT ( ) NAMED_UNIT ( * ) SI_UNIT ( .MILLI., .METRE. ) );
#312 = PRESENTATION_LAYER_ASSIGNMENT (  '', '', ( #326 ) ) ;
#313 = AXIS2_PLACEMENT_3D ( 'NONE', #5680, #1774, #2678 ) ;
#314 =( LENGTH_UNIT ( ) NAMED_UNIT ( * ) SI_UNIT ( .MILLI., .METRE. ) );
#315 = ORIENTED_EDGE ( 'NONE', *, *, #3855, .T. ) ;
#316 = VECTOR ( 'NONE', #4417, 1000.000000000000000 ) ;
#317 = VECTOR ( 'NONE', #2996, 1000.000000000000000 ) ;
#318 = DIRECTION ( 'NONE',  ( 0.0000000000000000000, 3.528475148365993500E-015, 1.000000000000000000 ) ) ;
#319 = DIRECTION ( 'NONE',  ( 0.0000000000000000000, 0.0000000000000000000, 1.000000000000000000 ) ) ;
#320 = SURFACE_STYLE_USAGE ( .BOTH. , #330 ) ;
#321 = EDGE_CURVE ( 'NONE', #78, #6104, #2990, .T. ) ;
#322 = DIRECTION ( 'NONE',  ( -0.0000000000000000000, -1.000000000000000000, -0.0000000000000000000 ) ) ;
#323 = ORIENTED_EDGE ( 'NONE', *, *, #5025, .T. ) ;
#324 = ORIENTED_EDGE ( 'NONE', *, *, #1369, .F. ) ;
#325 = EDGE_LOOP ( 'NONE', ( #1089, #3185, #4353, #5868 ) ) ;
#326 = STYLED_ITEM ( 'NONE', ( #2187 ), #1468 ) ;
#327 = AXIS2_PLACEMENT_3D ( 'NONE', #5990, #6013, #5973 ) ;
#328 = LINE ( 'NONE', #2352, #3028 ) ;
#329 = CARTESIAN_POINT ( 'NONE',  ( 5.449999999999936200, 0.7500000000001185700, 4.500000028665240800 ) ) ;
#330 = SURFACE_SIDE_STYLE ('',( #2221 ) ) ;
#331 = FACE_OUTER_BOUND ( 'NONE', #5785, .T. ) ;
#332 = DIRECTION ( 'NONE',  ( 1.000000000000000000, 0.0000000000000000000, -0.0000000000000000000 ) ) ;
#333 = CARTESIAN_POINT ( 'NONE',  ( -5.300000000000082400, 1.139999999999999500, 4.800000000000026500 ) ) ;
#334 = CARTESIAN_POINT ( 'NONE',  ( -4.275000000000002100, 0.9699999999999999700, -0.01000000000000102000 ) ) ;
#335 = EDGE_CURVE ( 'NONE', #3691, #5683, #2983, .T. ) ;
#336 = DIRECTION ( 'NONE',  ( 0.0000000000000000000, 0.0000000000000000000, 1.000000000000000000 ) ) ;
#337 = CARTESIAN_POINT ( 'NONE',  ( -5.449999999999954900, 1.149999999999999900, -4.249999999999976000 ) ) ;
#338 = AXIS2_PLACEMENT_3D ( 'NONE', #616, #557, #552 ) ;
#339 = COLOUR_RGB ( '',0.4117647058823529200, 0.4117647058823529200, 0.4117647058823529200 ) ;
#340 = SURFACE_SIDE_STYLE ('',( #55 ) ) ;
#341 = ORIENTED_EDGE ( 'NONE', *, *, #2049, .T. ) ;
#342 = FILL_AREA_STYLE ('',( #464 ) ) ;
#343 = VECTOR ( 'NONE', #1741, 1000.000000000000000 ) ;
#344 = DIRECTION ( 'NONE',  ( -7.434529182758073800E-016, -1.000000000000000000, 6.877881017395696700E-030 ) ) ;
#345 = DIRECTION ( 'NONE',  ( 5.259688788402080500E-009, -5.389164408844230600E-019, -1.000000000000000000 ) ) ;
#346 = LINE ( 'NONE', #480, #393 ) ;
#347 = SURFACE_STYLE_USAGE ( .BOTH. , #340 ) ;
#348 = LINE ( 'NONE', #5888, #1317 ) ;
#349 = VERTEX_POINT ( 'NONE', #1298 ) ;
#350 = DIRECTION ( 'NONE',  ( -0.0000000000000000000, -1.000000000000000000, -0.0000000000000000000 ) ) ;
#351 = CYLINDRICAL_SURFACE ( 'NONE', #395, 0.1599999999998894000 ) ;
#352 = EDGE_CURVE ( 'NONE', #1065, #5915, #2961, .T. ) ;
#353 = DIRECTION ( 'NONE',  ( -1.000000000000000000, 0.0000000000000000000, 0.0000000000000000000 ) ) ;
#354 = AXIS2_PLACEMENT_3D ( 'NONE', #442, #428, #417 ) ;
#355 = AXIS2_PLACEMENT_3D ( 'NONE', #1484, #2932, #5016 ) ;
#356 = ORIENTED_EDGE ( 'NONE', *, *, #3334, .T. ) ;
#357 = PRESENTATION_STYLE_ASSIGNMENT (( #718 ) ) ;
#358 = DIRECTION ( 'NONE',  ( 4.883772829978697200E-015, -1.000000000000000000, 0.0000000000000000000 ) ) ;
#359 = DIRECTION ( 'NONE',  ( 0.0000000000000000000, 1.000000000000000000, 0.0000000000000000000 ) ) ;
#360 = DIRECTION ( 'NONE',  ( -1.000000000000000000, -4.883772829978697200E-015, -2.990448381998111100E-031 ) ) ;
#361 = CYLINDRICAL_SURFACE ( 'NONE', #4914, 0.1999999999999779700 ) ;
#362 = CARTESIAN_POINT ( 'NONE',  ( 4.175000000000042500, 1.139999999999999500, -4.649999997427861400 ) ) ;
#363 = CARTESIAN_POINT ( 'NONE',  ( 4.575000010799888300, 1.149999999999999500, -4.089999999999976800 ) ) ;
#364 = AXIS2_PLACEMENT_3D ( 'NONE', #747, #600, #583 ) ;
#365 = ORIENTED_EDGE ( 'NONE', *, *, #2144, .T. ) ;
#366 = PLANE ( 'NONE',  #1328 ) ;
#367 = ORIENTED_EDGE ( 'NONE', *, *, #4089, .F. ) ;
#368 = CIRCLE ( 'NONE', #6004, 0.009999999999999158900 ) ;
#369 = CARTESIAN_POINT ( 'NONE',  ( -4.574999999999985100, 0.1100000000000007200, -1.397020162857316400 ) ) ;
#370 = SURFACE_STYLE_FILL_AREA ( #713 ) ;
#371 = CARTESIAN_POINT ( 'NONE',  ( -4.574999999999993100, 1.139999999999999500, -4.099999999999975700 ) ) ;
#372 = DIRECTION ( 'NONE',  ( 1.000000000000000000, 4.333012039943385800E-009, -5.947623346206474000E-015 ) ) ;
#373 = CARTESIAN_POINT ( 'NONE',  ( -0.6782860000001853500, 0.2500002381462677100, 12.21037961703495400 ) ) ;
#374 = AXIS2_PLACEMENT_3D ( 'NONE', #2753, #2680, #2617 ) ;
#375 = VECTOR ( 'NONE', #1614, 1000.000000000000000 ) ;
#376 = FACE_OUTER_BOUND ( 'NONE', #4276, .T. ) ;
#377 = CARTESIAN_POINT ( 'NONE',  ( -4.574999999421452300, 0.09999999999999939500, -4.259999999999941200 ) ) ;
#378 = AXIS2_PLACEMENT_3D ( 'NONE', #637, #633, #625 ) ;
#379 = LINE ( 'NONE', #4182, #2250 ) ;
#380 = FACE_OUTER_BOUND ( 'NONE', #4807, .T. ) ;
#381 = CARTESIAN_POINT ( 'NONE',  ( 5.199999999999982400, 0.4499999999999842500, -5.556414649620801800 ) ) ;
#382 = CARTESIAN_POINT ( 'NONE',  ( -0.9749999999999793300, 1.149999999999999900, 4.090000000000087800 ) ) ;
#383 = LINE ( 'NONE', #677, #3828 ) ;
#384 = CYLINDRICAL_SURFACE ( 'NONE', #327, 0.01000000000000046000 ) ;
#385 = FILL_AREA_STYLE ('',( #5418 ) ) ;
#386 = FACE_OUTER_BOUND ( 'NONE', #3303, .T. ) ;
#387 = EDGE_CURVE ( 'NONE', #3190, #4307, #2967, .T. ) ;
#388 = DIRECTION ( 'NONE',  ( 5.259690252779638000E-009, 0.0000000000000000000, -1.000000000000000000 ) ) ;
#389 = FACE_OUTER_BOUND ( 'NONE', #4662, .T. ) ;
#390 = CARTESIAN_POINT ( 'NONE',  ( -5.249999979750197300, 0.09999999999999939500, -4.599999997427734600 ) ) ;
#391 = EDGE_LOOP ( 'NONE', ( #296, #1291, #6108, #4114 ) ) ;
#392 = DIRECTION ( 'NONE',  ( 1.084202172485498600E-014, 1.000000000000000000, 0.0000000000000000000 ) ) ;
#393 = VECTOR ( 'NONE', #579, 1000.000000000000000 ) ;
#394 = AXIS2_PLACEMENT_3D ( 'NONE', #775, #724, #712 ) ;
#395 = AXIS2_PLACEMENT_3D ( 'NONE', #5647, #5570, #2565 ) ;
#396 = CARTESIAN_POINT ( 'NONE',  ( -0.02500000000005232400, 1.139999999999999500, 4.250000000000087000 ) ) ;
#397 = CIRCLE ( 'NONE', #807, 0.2000000000000287100 ) ;
#398 = VECTOR ( 'NONE', #2810, 1000.000000000000000 ) ;
#399 = CYLINDRICAL_SURFACE ( 'NONE', #927, 0.009999999999999592500 ) ;
#400 = DIRECTION ( 'NONE',  ( -1.000000000000000000, 0.0000000000000000000, 0.0000000000000000000 ) ) ;
#401 = VERTEX_POINT ( 'NONE', #1047 ) ;
#402 = LINE ( 'NONE', #373, #3555 ) ;
#403 =( GEOMETRIC_REPRESENTATION_CONTEXT ( 3 ) GLOBAL_UNCERTAINTY_ASSIGNED_CONTEXT ( ( #3695 ) ) GLOBAL_UNIT_ASSIGNED_CONTEXT ( ( #652, #2166, #1981 ) ) REPRESENTATION_CONTEXT ( 'NONE', 'WORKASPACE' ) );
#404 = CIRCLE ( 'NONE', #4482, 0.1999999999999718900 ) ;
#405 = DIRECTION ( 'NONE',  ( 0.0000000000000000000, -1.000000000000000000, 0.0000000000000000000 ) ) ;
#406 = DIRECTION ( 'NONE',  ( 0.0000000000000000000, 4.269046054163329500E-015, 1.000000000000000000 ) ) ;
#407 = EDGE_LOOP ( 'NONE', ( #5337, #441, #4048, #4241 ) ) ;
#408 = DIRECTION ( 'NONE',  ( 0.0000000000000000000, 1.000000000000000000, 0.0000000000000000000 ) ) ;
#409 = ORIENTED_EDGE ( 'NONE', *, *, #2954, .T. ) ;
#410 = UNCERTAINTY_MEASURE_WITH_UNIT (LENGTH_MEASURE( 1.000000000000000100E-005 ), #5014, 'distance_accuracy_value', 'NONE');
#411 = DIRECTION ( 'NONE',  ( 0.0000000000000000000, 0.0000000000000000000, 1.000000000000000000 ) ) ;
#412 = EDGE_LOOP ( 'NONE', ( #5821, #5832, #5841, #5853 ) ) ;
#413 = VECTOR ( 'NONE', #6044, 1000.000000000000000 ) ;
#414 = EDGE_CURVE ( 'NONE', #5003, #4941, #2940, .T. ) ;
#415 = EDGE_LOOP ( 'NONE', ( #4659, #210, #5510, #4251 ) ) ;
#416 = DIRECTION ( 'NONE',  ( -5.785625790849786500E-008, 3.441072459898173900E-022, 0.9999999999999983300 ) ) ;
#417 = DIRECTION ( 'NONE',  ( 0.0000000000000000000, 0.0000000000000000000, 1.000000000000000000 ) ) ;
#418 = DIRECTION ( 'NONE',  ( 0.0000000000000000000, -1.000000000000000000, 6.123233995736766000E-017 ) ) ;
#419 = LINE ( 'NONE', #6033, #413 ) ;
#420 = VECTOR ( 'NONE', #3189, 1000.000000000000000 ) ;
#421 = VERTEX_POINT ( 'NONE', #1037 ) ;
#422 = DIRECTION ( 'NONE',  ( 0.0000000000000000000, 0.0000000000000000000, 1.000000000000000000 ) ) ;
#423 = CARTESIAN_POINT ( 'NONE',  ( 5.299999999999971400, 1.149999999999991300, 4.500000000000059500 ) ) ;
#424 = DIRECTION ( 'NONE',  ( 1.000000000000000000, 0.0000000000000000000, 0.0000000000000000000 ) ) ;
#425 = AXIS2_PLACEMENT_3D ( 'NONE', #785, #768, #753 ) ;
#426 = FACE_OUTER_BOUND ( 'NONE', #5233, .T. ) ;
#427 = LINE ( 'NONE', #5934, #508 ) ;
#428 = DIRECTION ( 'NONE',  ( -1.000000000000000000, 0.0000000000000000000, 0.0000000000000000000 ) ) ;
#429 = SURFACE_STYLE_FILL_AREA ( #2374 ) ;
#430 = AXIS2_PLACEMENT_3D ( 'NONE', #4133, #2915, #1639 ) ;
#431 = FACE_OUTER_BOUND ( 'NONE', #3528, .T. ) ;
#432 = DIRECTION ( 'NONE',  ( 0.0000000000000000000, -1.000000000000000000, 0.0000000000000000000 ) ) ;
#433 = DIRECTION ( 'NONE',  ( 0.0000000000000000000, 0.0000000000000000000, 1.000000000000000000 ) ) ;
#434 = CARTESIAN_POINT ( 'NONE',  ( -5.450000040499558600, -27.48064091039079700, -3.399999999999870700 ) ) ;
#435 = ADVANCED_BREP_SHAPE_REPRESENTATION ( '', ( #4849, #1638, #3398, #211, #1507 ), #2653 ) ;
#436 = AXIS2_PLACEMENT_3D ( 'NONE', #932, #836, #833 ) ;
#437 = DIRECTION ( 'NONE',  ( 0.0000000000000000000, 0.0000000000000000000, 1.000000000000000000 ) ) ;
#438 = LINE ( 'NONE', #3453, #2210 ) ;
#439 = DIRECTION ( 'NONE',  ( 5.259688788402080500E-009, -5.389164408844230600E-019, -1.000000000000000000 ) ) ;
#440 = CIRCLE ( 'NONE', #2905, 0.1999999999999718900 ) ;
#441 = ORIENTED_EDGE ( 'NONE', *, *, #2815, .T. ) ;
#442 = CARTESIAN_POINT ( 'NONE',  ( 5.299999999999971400, 1.139999999999999900, 4.640000000000138200 ) ) ;
#443 = LINE ( 'NONE', #5222, #5180 ) ;
#444 = CARTESIAN_POINT ( 'NONE',  ( 5.299999999999971400, 1.149999999999999900, 4.800000000000137500 ) ) ;
#445 =( NAMED_UNIT ( * ) SI_UNIT ( $, .STERADIAN. ) SOLID_ANGLE_UNIT ( ) );
#446 = CARTESIAN_POINT ( 'NONE',  ( -5.599999999999938400, -0.01999987652449939500, 4.000000029454382000 ) ) ;
#447 = FACE_OUTER_BOUND ( 'NONE', #4491, .T. ) ;
#448 = AXIS2_PLACEMENT_3D ( 'NONE', #1028, #976, #965 ) ;
#449 = AXIS2_PLACEMENT_3D ( 'NONE', #1179, #1205, #601 ) ;
#450 = VECTOR ( 'NONE', #4096, 1000.000000000000000 ) ;
#451 = SURFACE_SIDE_STYLE ('',( #1221 ) ) ;
#452 = LINE ( 'NONE', #5736, #478 ) ;
#453 = CARTESIAN_POINT ( 'NONE',  ( -0.02500000000006634400, 0.1099999999999954900, 4.100000000000196800 ) ) ;
#454 = LINE ( 'NONE', #520, #5560 ) ;
#455 = CARTESIAN_POINT ( 'NONE',  ( -0.7749999999998783400, 0.09999999999999939500, 4.799999999999972300 ) ) ;
#456 = DIRECTION ( 'NONE',  ( 1.000000000000000000, -0.0000000000000000000, 0.0000000000000000000 ) ) ;
#457 = FACE_OUTER_BOUND ( 'NONE', #3026, .T. ) ;
#458 = APPLICATION_CONTEXT ( 'automotive_design' ) ;
#459 = CYLINDRICAL_SURFACE ( 'NONE', #5713, 0.2000001861223998600 ) ;
#460 = CARTESIAN_POINT ( 'NONE',  ( 4.175000020249841600, 1.149999999999999500, -4.639999997427862500 ) ) ;
#461 = VERTEX_POINT ( 'NONE', #1015 ) ;
#462 = CARTESIAN_POINT ( 'NONE',  ( -7.700000000000001100, 0.4699999999999999700, 5.000000000000000000 ) ) ;
#463 = DIRECTION ( 'NONE',  ( 0.0000000000000000000, 1.000000000000000000, 0.0000000000000000000 ) ) ;
#464 = FILL_AREA_STYLE_COLOUR ( '', #2199 ) ;
#465 = CIRCLE ( 'NONE', #530, 0.1999999999999779700 ) ;
#466 = CARTESIAN_POINT ( 'NONE',  ( -5.449999998338439500, 1.145235987755982800, -4.099999999999975700 ) ) ;
#467 = AXIS2_PLACEMENT_3D ( 'NONE', #1256, #1155, #1160 ) ;
#468 = ORIENTED_EDGE ( 'NONE', *, *, #5589, .T. ) ;
#469 = CYLINDRICAL_SURFACE ( 'NONE', #715, 0.2000001861224356400 ) ;
#470 = VERTEX_POINT ( 'NONE', #1032 ) ;
#471 = CARTESIAN_POINT ( 'NONE',  ( 5.600000040499431900, 1.140000000000001200, -3.199999970545836600 ) ) ;
#472 = LINE ( 'NONE', #4622, #2434 ) ;
#473 = LINE ( 'NONE', #276, #212 ) ;
#474 = LINE ( 'NONE', #1812, #617 ) ;
#475 = AXIS2_PLACEMENT_3D ( 'NONE', #1010, #1006, #999 ) ;
#476 = FACE_OUTER_BOUND ( 'NONE', #5753, .T. ) ;
#477 = VERTEX_POINT ( 'NONE', #1770 ) ;
#478 = VECTOR ( 'NONE', #5745, 1000.000000000000000 ) ;
#479 = DIRECTION ( 'NONE',  ( 1.000000000000000000, -0.0000000000000000000, -0.0000000000000000000 ) ) ;
#480 = CARTESIAN_POINT ( 'NONE',  ( 5.450000020249844600, 0.09999999999999939500, -4.599999997427809200 ) ) ;
#481 = EDGE_LOOP ( 'NONE', ( #5136, #5155, #5167, #2310, #5173, #5178, #5212, #5268, #5282, #5296, #5318, #5338, #5352, #5372, #5377, #5381, #5399, #5414, #5424, #5425, #5430, #5437, #5462, #5468, #5482, #5491, #5497, #1771, #3061, #5526 ) ) ;
#482 = VECTOR ( 'NONE', #239, 1000.000000000000000 ) ;
#483 = CARTESIAN_POINT ( 'NONE',  ( 4.175000013499907700, 1.149999999999999500, -4.645235985183845200 ) ) ;
#484 = FACE_OUTER_BOUND ( 'NONE', #2319, .T. ) ;
#485 = DIRECTION ( 'NONE',  ( -1.000000000000000000, 1.212594535031332700E-016, -9.727731645189549300E-014 ) ) ;
#486 = AXIS2_PLACEMENT_3D ( 'NONE', #1258, #1200, #1187 ) ;
#487 = AXIS2_PLACEMENT_3D ( 'NONE', #5664, #5706, #5963 ) ;
#488 = STYLED_ITEM ( 'NONE', ( #1084 ), #1776 ) ;
#489 = VECTOR ( 'NONE', #5557, 1000.000000000000000 ) ;
#490 = VECTOR ( 'NONE', #2208, 1000.000000000000000 ) ;
#491 = VERTEX_POINT ( 'NONE', #952 ) ;
#492 = CARTESIAN_POINT ( 'NONE',  ( 4.375000020249819600, 1.149999999999999900, -3.749999997427866400 ) ) ;
#493 = PLANE ( 'NONE',  #2706 ) ;
#494 = AXIS2_PLACEMENT_3D ( 'NONE', #1305, #1292, #1425 ) ;
#495 = ORIENTED_EDGE ( 'NONE', *, *, #1849, .T. ) ;
#496 = FACE_OUTER_BOUND ( 'NONE', #4331, .T. ) ;
#497 = CYLINDRICAL_SURFACE ( 'NONE', #3487, 0.1999999999999779700 ) ;
#498 = PLANE ( 'NONE',  #1263 ) ;
#499 = ORIENTED_EDGE ( 'NONE', *, *, #535, .F. ) ;
#500 = FACE_OUTER_BOUND ( 'NONE', #1747, .T. ) ;
#501 = LINE ( 'NONE', #3849, #36 ) ;
#502 = CIRCLE ( 'NONE', #1813, 0.01000000000000046000 ) ;
#503 = ORIENTED_EDGE ( 'NONE', *, *, #4598, .F. ) ;
#504 = LINE ( 'NONE', #3290, #2036 ) ;
#505 = DIRECTION ( 'NONE',  ( 1.000000000000000000, 0.0000000000000000000, 0.0000000000000000000 ) ) ;
#506 = EDGE_CURVE ( 'NONE', #1186, #3703, #2975, .T. ) ;
#507 = CARTESIAN_POINT ( 'NONE',  ( -0.7749999999998783400, -0.05000000000000056500, 4.799999999999972300 ) ) ;
#508 = VECTOR ( 'NONE', #5786, 1000.000000000000000 ) ;
#509 = EDGE_LOOP ( 'NONE', ( #6085, #2003, #5957, #1609 ) ) ;
#510 = CARTESIAN_POINT ( 'NONE',  ( -4.574999989200101400, 1.299999999999889000, -4.089999999999976800 ) ) ;
#511 = FACE_OUTER_BOUND ( 'NONE', #4955, .T. ) ;
#512 = CARTESIAN_POINT ( 'NONE',  ( 10.32156932122342300, 0.2500000000000097700, -2.999999970545852900 ) ) ;
#513 = AXIS2_PLACEMENT_3D ( 'NONE', #1500, #1453, #1307 ) ;
#514 = ORIENTED_EDGE ( 'NONE', *, *, #3045, .T. ) ;
#515 = CARTESIAN_POINT ( 'NONE',  ( -5.300000000000082400, -27.48064091039079700, 4.500000000000059500 ) ) ;
#516 = EDGE_CURVE ( 'NONE', #4309, #3691, #2952, .T. ) ;
#517 = CARTESIAN_POINT ( 'NONE',  ( 0.3750000000002917700, 1.149999999999999900, 3.950000000000009100 ) ) ;
#518 = LINE ( 'NONE', #5528, #489 ) ;
#519 = DIRECTION ( 'NONE',  ( -1.000000000000000000, 1.212594535031332700E-016, -9.727731645189549300E-014 ) ) ;
#520 = CARTESIAN_POINT ( 'NONE',  ( 0.0000000000000000000, 0.4699999999999999700, 1.524999999999998600 ) ) ;
#521 = AXIS2_PLACEMENT_3D ( 'NONE', #3425, #3358, #3351 ) ;
#522 = VECTOR ( 'NONE', #708, 1000.000000000000000 ) ;
#523 = DIRECTION ( 'NONE',  ( -1.000000000000000000, 0.0000000000000000000, 0.0000000000000000000 ) ) ;
#524 = CYLINDRICAL_SURFACE ( 'NONE', #1692, 0.009999999999999158900 ) ;
#525 = LINE ( 'NONE', #4862, #5637 ) ;
#526 = PRESENTATION_STYLE_ASSIGNMENT (( #3629 ) ) ;
#527 = CARTESIAN_POINT ( 'NONE',  ( -4.574999999631682400, -0.04999999999988829400, -4.259999999999941200 ) ) ;
#528 = DIRECTION ( 'NONE',  ( 0.0000000000000000000, 0.0000000000000000000, 1.000000000000000000 ) ) ;
#529 = EDGE_CURVE ( 'NONE', #4880, #1432, #2137, .T. ) ;
#530 = AXIS2_PLACEMENT_3D ( 'NONE', #5675, #5684, #5685 ) ;
#531 = CARTESIAN_POINT ( 'NONE',  ( -5.449999995015414100, 1.299999999999888600, -4.089999999999976800 ) ) ;
#532 = CARTESIAN_POINT ( 'NONE',  ( -0.9749999999999481300, 0.1100000000000007200, 4.260000000000085100 ) ) ;
#533 = CARTESIAN_POINT ( 'NONE',  ( 4.575000010799888300, 1.299999999999888600, -4.089999999999976800 ) ) ;
#534 = DIRECTION ( 'NONE',  ( 1.000000000000000000, 4.333083498484022800E-009, -3.965082230804316000E-015 ) ) ;
#535 = EDGE_CURVE ( 'NONE', #3288, #3790, #5889, .T. ) ;
#536 = DIRECTION ( 'NONE',  ( 1.000000000000000000, 0.0000000000000000000, 0.0000000000000000000 ) ) ;
#537 = CARTESIAN_POINT ( 'NONE',  ( -1.575000000000103700, 0.4499999999999296200, 4.650000000000138000 ) ) ;
#538 = DIRECTION ( 'NONE',  ( 0.0000000000000000000, 0.0000000000000000000, -1.000000000000000000 ) ) ;
#539 = CARTESIAN_POINT ( 'NONE',  ( 5.449999999999966400, -0.04999999999996153400, -1.397020162857316700 ) ) ;
#540 = ORIENTED_EDGE ( 'NONE', *, *, #2745, .F. ) ;
#541 = SURFACE_STYLE_USAGE ( .BOTH. , #451 ) ;
#542 =( GEOMETRIC_REPRESENTATION_CONTEXT ( 3 ) GLOBAL_UNCERTAINTY_ASSIGNED_CONTEXT ( ( #5153 ) ) GLOBAL_UNIT_ASSIGNED_CONTEXT ( ( #1339, #1332, #1330 ) ) REPRESENTATION_CONTEXT ( 'NONE', 'WORKASPACE' ) );
#543 =( NAMED_UNIT ( * ) PLANE_ANGLE_UNIT ( ) SI_UNIT ( $, .RADIAN. ) );
#544 = DIRECTION ( 'NONE',  ( -0.0000000000000000000, -1.000000000000000000, -0.0000000000000000000 ) ) ;
#545 = MECHANICAL_DESIGN_GEOMETRIC_PRESENTATION_REPRESENTATION (  '', ( #591 ), #542 ) ;
#546 = AXIS2_PLACEMENT_3D ( 'NONE', #4132, #1334, #400 ) ;
#547 = CARTESIAN_POINT ( 'NONE',  ( -5.449999999421414100, 0.09999999999999939500, -4.259999999999937600 ) ) ;
#548 = DIRECTION ( 'NONE',  ( 1.000000000000000000, -0.0000000000000000000, -0.0000000000000000000 ) ) ;
#549 = CARTESIAN_POINT ( 'NONE',  ( -5.300000000000082400, 1.139999999999999900, 4.640000000000138200 ) ) ;
#550 = ORIENTED_EDGE ( 'NONE', *, *, #2724, .F. ) ;
#551 = DIRECTION ( 'NONE',  ( 1.000000000000000000, -0.0000000000000000000, 0.0000000000000000000 ) ) ;
#552 = DIRECTION ( 'NONE',  ( 4.333083498484022800E-009, -1.000000000000000000, 0.0000000000000000000 ) ) ;
#553 = CARTESIAN_POINT ( 'NONE',  ( -4.574999989200101400, -27.48064091039079700, -4.089999999999976800 ) ) ;
#554 = SURFACE_SIDE_STYLE ('',( #2640 ) ) ;
#555 = CARTESIAN_POINT ( 'NONE',  ( -0.2249999999998286400, 2.135497654998050900, 4.800000000000026500 ) ) ;
#556 = CARTESIAN_POINT ( 'NONE',  ( -0.2249999999998293400, 2.135497654998050900, 4.599999999999992500 ) ) ;
#557 = DIRECTION ( 'NONE',  ( -1.000000000000000000, -4.333083498484022800E-009, 3.965082230804316000E-015 ) ) ;
#558 = ORIENTED_EDGE ( 'NONE', *, *, #2347, .F. ) ;
#559 = CARTESIAN_POINT ( 'NONE',  ( -4.275000000000002100, 0.9699999999999999700, -8.673617379884035500E-016 ) ) ;
#560 = EDGE_CURVE ( 'NONE', #1957, #6054, #2942, .T. ) ;
#561 = ORIENTED_EDGE ( 'NONE', *, *, #1700, .T. ) ;
#562 = SURFACE_STYLE_FILL_AREA ( #174 ) ;
#563 = CARTESIAN_POINT ( 'NONE',  ( 5.299999999999971400, 1.139999999999999900, 4.640000000000138200 ) ) ;
#564 = APPLICATION_CONTEXT ( 'automotive_design' ) ;
#565 = EDGE_LOOP ( 'NONE', ( #3801, #5202, #4290, #1578 ) ) ;
#566 = CIRCLE ( 'NONE', #6063, 0.2000000000001601100 ) ;
#567 = EDGE_LOOP ( 'NONE', ( #3843, #2729, #4167, #6114 ) ) ;
#568 = CARTESIAN_POINT ( 'NONE',  ( 0.1750000000002582800, 1.300000000000000000, 3.950000000000009100 ) ) ;
#569 = CARTESIAN_POINT ( 'NONE',  ( 5.299999999999971400, 1.139999999999998600, 4.650000000000137100 ) ) ;
#570 = EDGE_LOOP ( 'NONE', ( #4700, #324, #3921, #1414 ) ) ;
#571 = CYLINDRICAL_SURFACE ( 'NONE', #1792, 0.1599999999998894000 ) ;
#572 = LINE ( 'NONE', #5403, #3718 ) ;
#573 = CARTESIAN_POINT ( 'NONE',  ( 4.175000020249841600, 1.149999999999991300, -3.949999997427844400 ) ) ;
#574 = ORIENTED_EDGE ( 'NONE', *, *, #3371, .F. ) ;
#575 = CARTESIAN_POINT ( 'NONE',  ( 0.3750000000002917700, 1.300000000000000000, 3.950000000000009100 ) ) ;
#576 = CARTESIAN_POINT ( 'NONE',  ( 0.2999999999999779500, -0.02000008014891793700, -4.649999997427860500 ) ) ;
#577 = ORIENTED_EDGE ( 'NONE', *, *, #5671, .F. ) ;
#578 = SURFACE_STYLE_FILL_AREA ( #5391 ) ;
#579 = DIRECTION ( 'NONE',  ( -5.785689033911834000E-008, 4.588146909982806000E-022, 0.9999999999999983300 ) ) ;
#580 = VECTOR ( 'NONE', #959, 1000.000000000000000 ) ;
#581 = PRESENTATION_STYLE_ASSIGNMENT (( #5426 ) ) ;
#582 = AXIS2_PLACEMENT_3D ( 'NONE', #1617, #1641, #1595 ) ;
#583 = DIRECTION ( 'NONE',  ( -1.000000000000000000, 0.0000000000000000000, -0.0000000000000000000 ) ) ;
#584 = CIRCLE ( 'NONE', #2367, 0.2000000000000890000 ) ;
#585 =( NAMED_UNIT ( * ) PLANE_ANGLE_UNIT ( ) SI_UNIT ( $, .RADIAN. ) );
#586 = CARTESIAN_POINT ( 'NONE',  ( 5.199999999999982400, 0.2500000000000617800, 4.650000000000138000 ) ) ;
#587 = FACE_OUTER_BOUND ( 'NONE', #4079, .T. ) ;
#588 = CARTESIAN_POINT ( 'NONE',  ( 0.3750000000002917700, 1.139999999999999900, 4.640000000000138200 ) ) ;
#589 = COLOUR_RGB ( '',0.4196078431372549100, 1.000000000000000000, 0.05882352941176470500 ) ;
#590 =( GEOMETRIC_REPRESENTATION_CONTEXT ( 3 ) GLOBAL_UNCERTAINTY_ASSIGNED_CONTEXT ( ( #931 ) ) GLOBAL_UNIT_ASSIGNED_CONTEXT ( ( #5090, #543, #933 ) ) REPRESENTATION_CONTEXT ( 'NONE', 'WORKASPACE' ) );
#591 = STYLED_ITEM ( 'NONE', ( #2529 ), #1338 ) ;
#592 = LINE ( 'NONE', #1732, #984 ) ;
#593 = AXIS2_PLACEMENT_3D ( 'NONE', #2039, #3830, #2750 ) ;
#594 = ORIENTED_EDGE ( 'NONE', *, *, #3083, .F. ) ;
#595 = CARTESIAN_POINT ( 'NONE',  ( -5.449999999999954900, 1.149999999999999900, -4.249999999999976000 ) ) ;
#596 = LINE ( 'NONE', #2457, #6000 ) ;
#597 = CYLINDRICAL_SURFACE ( 'NONE', #2134, 0.009999999999999158900 ) ;
#598 = ORIENTED_EDGE ( 'NONE', *, *, #5951, .F. ) ;
#599 = CARTESIAN_POINT ( 'NONE',  ( -3.974999999999942800, 0.4500002381463089600, -4.649999997427862300 ) ) ;
#600 = DIRECTION ( 'NONE',  ( 0.0000000000000000000, 0.0000000000000000000, -1.000000000000000000 ) ) ;
#601 = DIRECTION ( 'NONE',  ( 0.0000000000000000000, 1.000000000000000000, 5.259689119837712400E-009 ) ) ;
#602 = COLOUR_RGB ( '',0.4117647058823529200, 0.4117647058823529200, 0.4117647058823529200 ) ;
#603 = PRODUCT_CONTEXT ( 'NONE', #458, 'mechanical' ) ;
#604 = VECTOR ( 'NONE', #5349, 1000.000000000000000 ) ;
#605 = PRESENTATION_LAYER_ASSIGNMENT (  '', '', ( #591 ) ) ;
#606 = CARTESIAN_POINT ( 'NONE',  ( 0.5749999999999926300, 0.2500000000000617800, 4.650000000000138000 ) ) ;
#607 = PRESENTATION_LAYER_ASSIGNMENT (  '', '', ( #4945 ) ) ;
#608 = CARTESIAN_POINT ( 'NONE',  ( -0.6782860000001853500, 0.2500002381462598800, 12.21037961703495400 ) ) ;
#609 = FACE_OUTER_BOUND ( 'NONE', #1238, .T. ) ;
#610 = CARTESIAN_POINT ( 'NONE',  ( -0.02499999999979609200, 0.09999999999999939500, 4.599999999999936600 ) ) ;
#611 = CARTESIAN_POINT ( 'NONE',  ( -5.275000000000002100, 0.4699999999999999700, -0.4900000000000011600 ) ) ;
#612 = AXIS2_PLACEMENT_3D ( 'NONE', #1777, #1660, #1647 ) ;
#613 = AXIS2_PLACEMENT_3D ( 'NONE', #1130, #148, #3456 ) ;
#614 = ORIENTED_EDGE ( 'NONE', *, *, #5916, .F. ) ;
#615 = LINE ( 'NONE', #5348, #604 ) ;
#616 = CARTESIAN_POINT ( 'NONE',  ( -4.574999999999995700, 0.1100000000000007200, -4.259999999999941200 ) ) ;
#617 = VECTOR ( 'NONE', #1300, 1000.000000000000000 ) ;
#618 = FACE_OUTER_BOUND ( 'NONE', #2808, .T. ) ;
#619 = AXIS2_PLACEMENT_3D ( 'NONE', #1584, #1577, #1557 ) ;
#620 = AXIS2_PLACEMENT_3D ( 'NONE', #1236, #3865, #6088 ) ;
#621 = CARTESIAN_POINT ( 'NONE',  ( -5.599999999999938400, 1.300000000000000000, 4.500000000000059500 ) ) ;
#622 = ORIENTED_EDGE ( 'NONE', *, *, #4074, .F. ) ;
#623 = CARTESIAN_POINT ( 'NONE',  ( 5.439999999999939100, 1.150000000000000400, 4.500000000000059500 ) ) ;
#624 = PLANE ( 'NONE',  #338 ) ;
#625 = DIRECTION ( 'NONE',  ( -1.549512398090732300E-013, 1.128440873015369200E-027, 1.000000000000000000 ) ) ;
#626 = CIRCLE ( 'NONE', #1273, 0.01000000000000046000 ) ;
#627 = CARTESIAN_POINT ( 'NONE',  ( -0.2249999999998277800, -0.04999999999999969700, 4.800000000000026500 ) ) ;
#628 = AXIS2_PLACEMENT_3D ( 'NONE', #1745, #1704, #1693 ) ;
#629 = STYLED_ITEM ( 'NONE', ( #5828 ), #2178 ) ;
#630 = CARTESIAN_POINT ( 'NONE',  ( 5.600000040499431900, 1.140000000000001200, -3.199999970545836600 ) ) ;
#631 = CARTESIAN_POINT ( 'NONE',  ( 5.450000039447603600, 0.2500000000000106600, -2.999999971334806200 ) ) ;
#632 = ORIENTED_EDGE ( 'NONE', *, *, #352, .T. ) ;
#633 = DIRECTION ( 'NONE',  ( -1.000000000000000000, 1.173873028861176500E-016, -1.549512398090732300E-013 ) ) ;
#634 = UNCERTAINTY_MEASURE_WITH_UNIT (LENGTH_MEASURE( 1.000000000000000100E-005 ), #5292, 'distance_accuracy_value', 'NONE');
#635 = LINE ( 'NONE', #2969, #4809 ) ;
#636 = VERTEX_POINT ( 'NONE', #623 ) ;
#637 = CARTESIAN_POINT ( 'NONE',  ( -0.9749999999999702200, 2.135497654998050900, 4.250000000000090600 ) ) ;
#638 = ORIENTED_EDGE ( 'NONE', *, *, #1431, .F. ) ;
#639 = DIRECTION ( 'NONE',  ( 0.0000000000000000000, 1.000000000000000000, 0.0000000000000000000 ) ) ;
#640 = ORIENTED_EDGE ( 'NONE', *, *, #3972, .F. ) ;
#641 = DIRECTION ( 'NONE',  ( 0.0000000000000000000, 1.000000000000000000, 0.0000000000000000000 ) ) ;
#642 = LINE ( 'NONE', #1582, #4342 ) ;
#643 = CARTESIAN_POINT ( 'NONE',  ( -5.300000000000082400, 1.299999999999889000, 4.640000000000138200 ) ) ;
#644 = AXIS2_PLACEMENT_3D ( 'NONE', #1848, #1767, #1761 ) ;
#645 = ORIENTED_EDGE ( 'NONE', *, *, #6091, .F. ) ;
#646 = PRESENTATION_LAYER_ASSIGNMENT (  '', '', ( #5655 ) ) ;
#647 = CARTESIAN_POINT ( 'NONE',  ( -5.599999999999938400, 0.1800000000000481800, 4.600000029454185400 ) ) ;
#648 = ORIENTED_EDGE ( 'NONE', *, *, #2002, .T. ) ;
#649 = CARTESIAN_POINT ( 'NONE',  ( -4.374999979750215900, 1.300000000000000000, -3.749999997427866400 ) ) ;
#650 = CARTESIAN_POINT ( 'NONE',  ( -0.02500000000005232400, -0.04999999999995979900, 4.100000000000087600 ) ) ;
#651 = CARTESIAN_POINT ( 'NONE',  ( 5.299999999999971400, 0.7500000000000622800, -5.556414649620801800 ) ) ;
#652 =( LENGTH_UNIT ( ) NAMED_UNIT ( * ) SI_UNIT ( .MILLI., .METRE. ) );
#653 = ORIENTED_EDGE ( 'NONE', *, *, #2559, .T. ) ;
#654 = DIRECTION ( 'NONE',  ( 1.000000000000000000, -0.0000000000000000000, 0.0000000000000000000 ) ) ;
#655 = LINE ( 'NONE', #4025, #1613 ) ;
#656 = AXIS2_PLACEMENT_3D ( 'NONE', #1840, #1815, #1805 ) ;
#657 = LINE ( 'NONE', #5806, #784 ) ;
#658 = PRESENTATION_LAYER_ASSIGNMENT (  '', '', ( #2865 ) ) ;
#659 = CARTESIAN_POINT ( 'NONE',  ( -4.890000000000002300, 0.4699999999999999700, 1.524999999999998600 ) ) ;
#660 = PRODUCT_DEFINITION_SHAPE ( 'NONE', 'NONE',  #3913 ) ;
#661 = DIRECTION ( 'NONE',  ( 0.0000000000000000000, 0.0000000000000000000, 1.000000000000000000 ) ) ;
#662 = CIRCLE ( 'NONE', #826, 0.1999999999999224600 ) ;
#663 = DIRECTION ( 'NONE',  ( 5.259690252779135900E-009, 0.0000000000000000000, -1.000000000000000000 ) ) ;
#664 = ORIENTED_EDGE ( 'NONE', *, *, #4257, .F. ) ;
#665 = ORIENTED_EDGE ( 'NONE', *, *, #3647, .F. ) ;
#666 = AXIS2_PLACEMENT_3D ( 'NONE', #3682, #3368, #3349 ) ;
#667 = LINE ( 'NONE', #2439, #2279 ) ;
#668 = DIRECTION ( 'NONE',  ( -1.000000000000000000, 5.947623346206473200E-015, 1.982541115402157200E-015 ) ) ;
#669 =( NAMED_UNIT ( * ) PLANE_ANGLE_UNIT ( ) SI_UNIT ( $, .RADIAN. ) );
#670 = PRESENTATION_STYLE_ASSIGNMENT (( #5283 ) ) ;
#671 = ORIENTED_EDGE ( 'NONE', *, *, #4847, .T. ) ;
#672 = PRODUCT_CONTEXT ( 'NONE', #564, 'mechanical' ) ;
#673 = CYLINDRICAL_SURFACE ( 'NONE', #4357, 0.01000000000000046000 ) ;
#674 = PRESENTATION_LAYER_ASSIGNMENT (  '', '', ( #2845 ) ) ;
#675 = MECHANICAL_DESIGN_GEOMETRIC_PRESENTATION_REPRESENTATION (  '', ( #3884 ), #780 ) ;
#676 = PLANE ( 'NONE',  #378 ) ;
#677 = CARTESIAN_POINT ( 'NONE',  ( -5.449999995015415000, -27.48064091039079700, -4.089999999999976800 ) ) ;
#678 = CARTESIAN_POINT ( 'NONE',  ( -5.599999999999827300, 1.139999999999999500, -3.199999970545834000 ) ) ;
#679 = PRODUCT ( '4_BLEí¥ëÂå^BLE_MODULE', '4_BLEí¥ëÂå^BLE_MODULE', '', ( #603 ) ) ;
#680 = ORIENTED_EDGE ( 'NONE', *, *, #5996, .F. ) ;
#681 = COLOUR_RGB ( '',0.4117647058823529200, 0.4117647058823529200, 0.4117647058823529200 ) ;
#682 = CARTESIAN_POINT ( 'NONE',  ( -0.9749999999999793300, 1.139999999999999900, 4.090000000000087800 ) ) ;
#683 = ORIENTED_EDGE ( 'NONE', *, *, #5385, .T. ) ;
#684 = LINE ( 'NONE', #4428, #4134 ) ;
#685 = DIRECTION ( 'NONE',  ( 1.000000000000000000, -1.667666423790703400E-032, 5.259688788402081300E-009 ) ) ;
#686 = ORIENTED_EDGE ( 'NONE', *, *, #3630, .T. ) ;
#687 = LINE ( 'NONE', #4499, #125 ) ;
#688 = CARTESIAN_POINT ( 'NONE',  ( -5.300000000000082400, 0.7500000000000622800, 4.650000000000137100 ) ) ;
#689 = VECTOR ( 'NONE', #3361, 1000.000000000000000 ) ;
#690 = PLANE ( 'NONE',  #364 ) ;
#691 = FACE_OUTER_BOUND ( 'NONE', #4770, .T. ) ;
#692 = DIRECTION ( 'NONE',  ( 0.0000000000000000000, 0.0000000000000000000, -1.000000000000000000 ) ) ;
#693 = DIRECTION ( 'NONE',  ( 1.000000000000000000, -0.0000000000000000000, 0.0000000000000000000 ) ) ;
#694 = DIRECTION ( 'NONE',  ( 1.000000000000000000, 1.219727444045649800E-015, 0.0000000000000000000 ) ) ;
#695 = ORIENTED_EDGE ( 'NONE', *, *, #2077, .F. ) ;
#696 = FACE_OUTER_BOUND ( 'NONE', #2672, .T. ) ;
#697 = CARTESIAN_POINT ( 'NONE',  ( -5.265000000000002300, 0.4699999999999999700, -8.673617379884035500E-016 ) ) ;
#698 = CARTESIAN_POINT ( 'NONE',  ( -0.7749999999998792300, 2.135497654998050900, 4.799999999999973200 ) ) ;
#699 = ORIENTED_EDGE ( 'NONE', *, *, #3293, .F. ) ;
#700 = PRESENTATION_STYLE_ASSIGNMENT (( #4177 ) ) ;
#701 = AXIS2_PLACEMENT_3D ( 'NONE', #3878, #2938, #3582 ) ;
#702 = MECHANICAL_DESIGN_GEOMETRIC_PRESENTATION_REPRESENTATION (  '', ( #5280 ), #1306 ) ;
#703 = CARTESIAN_POINT ( 'NONE',  ( -5.439999999999939100, 1.299999999999888600, 4.500000000000059500 ) ) ;
#704 = CARTESIAN_POINT ( 'NONE',  ( 5.600000000525906100, 0.1800001234754994000, 4.400000029454227000 ) ) ;
#705 = DIRECTION ( 'NONE',  ( 6.530723674265493100E-014, -1.000000000000000000, 6.123233995736766000E-017 ) ) ;
#706 = LINE ( 'NONE', #1947, #5246 ) ;
#707 = DIRECTION ( 'NONE',  ( 1.000000000000000000, -7.401921598643840700E-016, -3.965082230804315200E-015 ) ) ;
#708 = DIRECTION ( 'NONE',  ( 0.0000000000000000000, 0.0000000000000000000, 1.000000000000000000 ) ) ;
#709 = LINE ( 'NONE', #5423, #5956 ) ;
#710 = DIRECTION ( 'NONE',  ( -1.173873028861176500E-016, -1.000000000000000000, -2.958228394578794300E-029 ) ) ;
#711 = ORIENTED_EDGE ( 'NONE', *, *, #529, .F. ) ;
#712 = DIRECTION ( 'NONE',  ( 5.259688788402080500E-009, -6.700162961679524200E-023, -1.000000000000000000 ) ) ;
#713 = FILL_AREA_STYLE ('',( #167 ) ) ;
#714 = CYLINDRICAL_SURFACE ( 'NONE', #1671, 0.009999999999999592500 ) ;
#715 = AXIS2_PLACEMENT_3D ( 'NONE', #5550, #5585, #5573 ) ;
#716 = DIRECTION ( 'NONE',  ( -1.000000000000000000, 0.0000000000000000000, 0.0000000000000000000 ) ) ;
#717 = LINE ( 'NONE', #5735, #190 ) ;
#718 = SURFACE_STYLE_USAGE ( .BOTH. , #769 ) ;
#719 = VERTEX_POINT ( 'NONE', #610 ) ;
#720 = AXIS2_PLACEMENT_3D ( 'NONE', #1911, #1955, #1852 ) ;
#721 = CARTESIAN_POINT ( 'NONE',  ( -4.574999979750193900, 1.149999999999991300, -3.949999997427844400 ) ) ;
#722 = VERTEX_POINT ( 'NONE', #606 ) ;
#723 = UNCERTAINTY_MEASURE_WITH_UNIT (LENGTH_MEASURE( 1.000000000000000100E-005 ), #3513, 'distance_accuracy_value', 'NONE');
#724 = DIRECTION ( 'NONE',  ( 1.000000000000000000, -1.667666423790708000E-032, 5.259688788402080500E-009 ) ) ;
#725 = DIRECTION ( 'NONE',  ( -1.000000000000000000, 0.0000000000000000000, 0.0000000000000000000 ) ) ;
#726 = CARTESIAN_POINT ( 'NONE',  ( -5.481887902047773800, 1.299999999999888600, 4.500000004909082000 ) ) ;
#727 = FILL_AREA_STYLE_COLOUR ( '', #2103 ) ;
#728 = AXIS2_PLACEMENT_3D ( 'NONE', #1941, #2066, #1929 ) ;
#729 = DIRECTION ( 'NONE',  ( 0.0000000000000000000, 1.000000000000000000, 0.0000000000000000000 ) ) ;
#730 = CARTESIAN_POINT ( 'NONE',  ( -5.523517865402005200, 1.282756304577470400, 4.500000009818102800 ) ) ;
#731 = CARTESIAN_POINT ( 'NONE',  ( 4.175000000000047800, 0.4500000000000857800, -4.649999997427860500 ) ) ;
#732 = CARTESIAN_POINT ( 'NONE',  ( -5.449999989875108100, 1.149999999999998100, -4.089999999999976800 ) ) ;
#733 = FACE_OUTER_BOUND ( 'NONE', #4924, .T. ) ;
#734 = DIRECTION ( 'NONE',  ( 0.0000000000000000000, 0.0000000000000000000, -1.000000000000000000 ) ) ;
#735 = CARTESIAN_POINT ( 'NONE',  ( -1.175000000000037100, 1.149999999999999900, 3.950000000000120100 ) ) ;
#736 = CARTESIAN_POINT ( 'NONE',  ( -5.599999999999827300, 1.139999999999999900, 4.500000029454192900 ) ) ;
#737 = COLOUR_RGB ( '',0.4117647058823529200, 0.4117647058823529200, 0.4117647058823529200 ) ;
#738 =( LENGTH_UNIT ( ) NAMED_UNIT ( * ) SI_UNIT ( .MILLI., .METRE. ) );
#739 = PLANE ( 'NONE',  #1877 ) ;
#740 = AXIS2_PLACEMENT_3D ( 'NONE', #2053, #1985, #1970 ) ;
#741 = AXIS2_PLACEMENT_3D ( 'NONE', #1266, #1648, #1404 ) ;
#742 = LINE ( 'NONE', #2009, #3839 ) ;
#743 = LINE ( 'NONE', #3266, #3948 ) ;
#744 = DIRECTION ( 'NONE',  ( 0.0000000000000000000, 0.0000000000000000000, 1.000000000000000000 ) ) ;
#745 = SURFACE_STYLE_FILL_AREA ( #5093 ) ;
#746 = ORIENTED_EDGE ( 'NONE', *, *, #1904, .F. ) ;
#747 = CARTESIAN_POINT ( 'NONE',  ( -7.700000000000001100, 0.4699999999999999700, 5.000000000000000000 ) ) ;
#748 = ORIENTED_EDGE ( 'NONE', *, *, #6017, .T. ) ;
#749 = ORIENTED_EDGE ( 'NONE', *, *, #3901, .F. ) ;
#750 = PRESENTATION_STYLE_ASSIGNMENT (( #5100 ) ) ;
#751 = CARTESIAN_POINT ( 'NONE',  ( -5.599999999999825600, 1.181887902047834800, 4.500000024545170300 ) ) ;
#752 = AXIS2_PLACEMENT_3D ( 'NONE', #2554, #2133, #1629 ) ;
#753 = DIRECTION ( 'NONE',  ( 0.0000000000000000000, 0.0000000000000000000, -1.000000000000000000 ) ) ;
#754 = VECTOR ( 'NONE', #5576, 1000.000000000000000 ) ;
#755 = ORIENTED_EDGE ( 'NONE', *, *, #1182, .T. ) ;
#756 = FACE_OUTER_BOUND ( 'NONE', #2301, .T. ) ;
#757 = DIRECTION ( 'NONE',  ( 0.0000000000000000000, 1.000000000000000000, 0.0000000000000000000 ) ) ;
#758 = ORIENTED_EDGE ( 'NONE', *, *, #3669, .F. ) ;
#759 = EDGE_LOOP ( 'NONE', ( #1931, #4959, #4884, #2503 ) ) ;
#760 = CARTESIAN_POINT ( 'NONE',  ( -0.02500000000005232400, -0.04999999999995979900, 1.297572480866142900 ) ) ;
#761 = DIRECTION ( 'NONE',  ( 0.0000000000000000000, 0.0000000000000000000, 1.000000000000000000 ) ) ;
#762 = DIRECTION ( 'NONE',  ( 1.658928331002749300E-023, 1.000000000000000000, -3.154042751949392600E-015 ) ) ;
#763 = CARTESIAN_POINT ( 'NONE',  ( 0.0000000000000000000, 0.4699999999999999700, -0.5000000000000004400 ) ) ;
#764 = AXIS2_PLACEMENT_3D ( 'NONE', #817, #1962, #1241 ) ;
#765 = ORIENTED_EDGE ( 'NONE', *, *, #113, .F. ) ;
#766 = DIRECTION ( 'NONE',  ( 0.0000000000000000000, 1.000000000000000000, -0.0000000000000000000 ) ) ;
#767 = VERTEX_POINT ( 'NONE', #630 ) ;
#768 = DIRECTION ( 'NONE',  ( 1.000000000000000000, 0.0000000000000000000, 0.0000000000000000000 ) ) ;
#769 = SURFACE_SIDE_STYLE ('',( #370 ) ) ;
#770 = B_SPLINE_CURVE_WITH_KNOTS ( 'NONE', 3,
 ( #460, #483, #297, #25 ),
 .UNSPECIFIED., .F., .F.,
 ( 4, 4 ),
 ( 0.0000000000000000000, 1.000000000000000000 ),
 .UNSPECIFIED. ) ;
#771 = AXIS2_PLACEMENT_3D ( 'NONE', #3485, #3298, #2326 ) ;
#772 = AXIS2_PLACEMENT_3D ( 'NONE', #2026, #2021, #2011 ) ;
#773 = CARTESIAN_POINT ( 'NONE',  ( -11.88308208994204000, 1.139999999999999900, -4.089999999999976800 ) ) ;
#774 = VECTOR ( 'NONE', #1057, 1000.000000000000000 ) ;
#775 = CARTESIAN_POINT ( 'NONE',  ( 5.600000040499541100, 1.150000000000000800, -3.199999999999870100 ) ) ;
#776 = CARTESIAN_POINT ( 'NONE',  ( 1.899999999999937300, 0.7000000000000000700, 0.0000000000000000000 ) ) ;
#777 = DIRECTION ( 'NONE',  ( 1.000000000000000000, 0.0000000000000000000, 2.254259948477621800E-014 ) ) ;
#778 = STYLED_ITEM ( 'NONE', ( #2909 ), #2436 ) ;
#779 =( LENGTH_UNIT ( ) NAMED_UNIT ( * ) SI_UNIT ( .MILLI., .METRE. ) );
#780 =( GEOMETRIC_REPRESENTATION_CONTEXT ( 3 ) GLOBAL_UNCERTAINTY_ASSIGNED_CONTEXT ( ( #2336 ) ) GLOBAL_UNIT_ASSIGNED_CONTEXT ( ( #4392, #4405, #4409 ) ) REPRESENTATION_CONTEXT ( 'NONE', 'WORKASPACE' ) );
#781 = CIRCLE ( 'NONE', #4539, 0.1999999999999970700 ) ;
#782 = CARTESIAN_POINT ( 'NONE',  ( 0.0000000000000000000, 0.0000000000000000000, 0.0000000000000000000 ) ) ;
#783 = DIRECTION ( 'NONE',  ( 1.000000000000000000, -1.982541115402157600E-015, 0.0000000000000000000 ) ) ;
#784 = VECTOR ( 'NONE', #852, 1000.000000000000000 ) ;
#785 = CARTESIAN_POINT ( 'NONE',  ( 5.299999999999971400, -27.48064091039079700, 4.500000000000059500 ) ) ;
#786 =( GEOMETRIC_REPRESENTATION_CONTEXT ( 3 ) GLOBAL_UNCERTAINTY_ASSIGNED_CONTEXT ( ( #723 ) ) GLOBAL_UNIT_ASSIGNED_CONTEXT ( ( #3513, #3275, #3292 ) ) REPRESENTATION_CONTEXT ( 'NONE', 'WORKASPACE' ) );
#787 = DIRECTION ( 'NONE',  ( 0.0000000000000000000, 1.000000000000000000, -4.565061778885772400E-015 ) ) ;
#788 = CARTESIAN_POINT ( 'NONE',  ( 5.199999999999982400, 0.4499999999999851300, 4.650000000000138000 ) ) ;
#789 = ORIENTED_EDGE ( 'NONE', *, *, #4257, .T. ) ;
#790 = PLANE ( 'NONE',  #425 ) ;
#791 = LINE ( 'NONE', #1469, #797 ) ;
#792 = CARTESIAN_POINT ( 'NONE',  ( -5.449999999999937100, 1.139999999999999500, -3.199999970545834000 ) ) ;
#793 = DIRECTION ( 'NONE',  ( -1.000000000000000000, 0.0000000000000000000, 0.0000000000000000000 ) ) ;
#794 = DIRECTION ( 'NONE',  ( 0.0000000000000000000, 1.000000000000000000, -0.0000000000000000000 ) ) ;
#795 = ORIENTED_EDGE ( 'NONE', *, *, #4158, .F. ) ;
#796 = SURFACE_STYLE_USAGE ( .BOTH. , #5870 ) ;
#797 = VECTOR ( 'NONE', #224, 1000.000000000000000 ) ;
#798 = AXIS2_PLACEMENT_3D ( 'NONE', #6064, #14, #49 ) ;
#799 = CIRCLE ( 'NONE', #3517, 0.1999997132653332800 ) ;
#800 = MECHANICAL_DESIGN_GEOMETRIC_PRESENTATION_REPRESENTATION (  '', ( #837 ), #786 ) ;
#801 = CARTESIAN_POINT ( 'NONE',  ( -5.449999999999952200, 1.139999999999999500, -4.099999999999975700 ) ) ;
#802 = ORIENTED_EDGE ( 'NONE', *, *, #3150, .T. ) ;
#803 = CARTESIAN_POINT ( 'NONE',  ( -5.599999999999827300, 1.139999999999999500, -3.199999970545834000 ) ) ;
#804 = DIRECTION ( 'NONE',  ( 0.0000000000000000000, 0.0000000000000000000, -1.000000000000000000 ) ) ;
#805 = ORIENTED_EDGE ( 'NONE', *, *, #6031, .F. ) ;
#806 = ORIENTED_EDGE ( 'NONE', *, *, #3677, .F. ) ;
#807 = AXIS2_PLACEMENT_3D ( 'NONE', #1142, #1073, #916 ) ;
#808 =( NAMED_UNIT ( * ) SI_UNIT ( $, .STERADIAN. ) SOLID_ANGLE_UNIT ( ) );
#809 = AXIS2_PLACEMENT_3D ( 'NONE', #2782, #2771, #2781 ) ;
#810 = ORIENTED_EDGE ( 'NONE', *, *, #2236, .T. ) ;
#811 = CARTESIAN_POINT ( 'NONE',  ( -0.02499999999977520200, 1.149999999999999900, 3.950000000000009100 ) ) ;
#812 = CARTESIAN_POINT ( 'NONE',  ( -5.582756304577411100, 1.223517865402067100, 4.500000019636148700 ) ) ;
#813 = DIRECTION ( 'NONE',  ( 1.000000000000000000, -0.0000000000000000000, 0.0000000000000000000 ) ) ;
#814 = CARTESIAN_POINT ( 'NONE',  ( 0.0000000000000000000, 0.4699999999999999700, 0.0000000000000000000 ) ) ;
#815 = CARTESIAN_POINT ( 'NONE',  ( 5.299999999999971400, 0.7500000000000622800, 4.650000000000137100 ) ) ;
#816 = PRESENTATION_LAYER_ASSIGNMENT (  '', '', ( #837 ) ) ;
#817 = CARTESIAN_POINT ( 'NONE',  ( 21.19230168719633800, 0.1099999999999695100, -4.260000000000106400 ) ) ;
#818 = FACE_OUTER_BOUND ( 'NONE', #5200, .T. ) ;
#819 = PLANE ( 'NONE',  #394 ) ;
#820 = DIRECTION ( 'NONE',  ( 0.0000000000000000000, -1.000000000000000000, 0.0000000000000000000 ) ) ;
#821 = VERTEX_POINT ( 'NONE', #697 ) ;
#822 = B_SPLINE_CURVE_WITH_KNOTS ( 'NONE', 3,
 ( #2489, #1796, #3224, #5436 ),
 .UNSPECIFIED., .F., .F.,
 ( 4, 4 ),
 ( 0.0000000000000000000, 1.000000000000000000 ),
 .UNSPECIFIED. ) ;
#823 = AXIS2_PLACEMENT_3D ( 'NONE', #2713, #2601, #2628 ) ;
#824 = DIRECTION ( 'NONE',  ( 1.000000000000000000, -1.173873028861176500E-016, -3.652049423109471100E-015 ) ) ;
#825 = COLOUR_RGB ( '',0.4117647058823529200, 0.4117647058823529200, 0.4117647058823529200 ) ;
#826 = AXIS2_PLACEMENT_3D ( 'NONE', #1195, #1358, #1403 ) ;
#827 = CARTESIAN_POINT ( 'NONE',  ( 0.6782860000000939800, 0.04999981387754284100, -4.799999997427861800 ) ) ;
#828 = CARTESIAN_POINT ( 'NONE',  ( -5.449999999999936200, 1.139999999999999500, 4.500000029454192900 ) ) ;
#829 = VERTEX_POINT ( 'NONE', #627 ) ;
#830 = LINE ( 'NONE', #4938, #848 ) ;
#831 = DIRECTION ( 'NONE',  ( 1.000000000000000000, 0.0000000000000000000, 0.0000000000000000000 ) ) ;
#832 = ORIENTED_EDGE ( 'NONE', *, *, #1350, .F. ) ;
#833 = DIRECTION ( 'NONE',  ( 0.0000000000000000000, 0.0000000000000000000, 1.000000000000000000 ) ) ;
#834 = CIRCLE ( 'NONE', #1216, 0.009999999999999250800 ) ;
#835 = AXIS2_PLACEMENT_3D ( 'NONE', #682, #2685, #5112 ) ;
#836 = DIRECTION ( 'NONE',  ( -1.000000000000000000, 0.0000000000000000000, 0.0000000000000000000 ) ) ;
#837 = STYLED_ITEM ( 'NONE', ( #2700 ), #1240 ) ;
#838 = ORIENTED_EDGE ( 'NONE', *, *, #1670, .T. ) ;
#839 = PRESENTATION_STYLE_ASSIGNMENT (( #4991 ) ) ;
#840 = VECTOR ( 'NONE', #5930, 1000.000000000000000 ) ;
#841 = ORIENTED_EDGE ( 'NONE', *, *, #2711, .F. ) ;
#842 = CARTESIAN_POINT ( 'NONE',  ( 5.449999999999966400, -0.04999999999996153400, -4.099999999999976600 ) ) ;
#843 = VECTOR ( 'NONE', #4836, 1000.000000000000000 ) ;
#844 = CARTESIAN_POINT ( 'NONE',  ( -1.375000000000282200, 1.139999999999999900, 4.640000000000138200 ) ) ;
#845 = ORIENTED_EDGE ( 'NONE', *, *, #5775, .F. ) ;
#846 = CARTESIAN_POINT ( 'NONE',  ( -5.449999979750286300, -0.05000000000000143200, -4.599999997427734600 ) ) ;
#847 = ORIENTED_EDGE ( 'NONE', *, *, #2674, .F. ) ;
#848 = VECTOR ( 'NONE', #4946, 1000.000000000000000 ) ;
#849 = CARTESIAN_POINT ( 'NONE',  ( 4.775000020249750700, -0.05000000000000056500, -4.799999997427784500 ) ) ;
#850 = AXIS2_PLACEMENT_3D ( 'NONE', #4780, #4703, #4664 ) ;
#851 = STYLED_ITEM ( 'NONE', ( #1491 ), #1696 ) ;
#852 = DIRECTION ( 'NONE',  ( 1.239088197126349800E-015, -1.000000000000000000, 1.479114197289397100E-030 ) ) ;
#853 = VECTOR ( 'NONE', #707, 1000.000000000000000 ) ;
#854 = CYLINDRICAL_SURFACE ( 'NONE', #850, 0.1999999999999779700 ) ;
#855 = CIRCLE ( 'NONE', #6030, 0.009999999999999158900 ) ;
#856 = LINE ( 'NONE', #5042, #3230 ) ;
#857 = LINE ( 'NONE', #3503, #6041 ) ;
#858 = VECTOR ( 'NONE', #4026, 1000.000000000000000 ) ;
#859 =( NAMED_UNIT ( * ) PLANE_ANGLE_UNIT ( ) SI_UNIT ( $, .RADIAN. ) );
#860 = LINE ( 'NONE', #4857, #843 ) ;
#861 = CARTESIAN_POINT ( 'NONE',  ( 0.0000000000000000000, 0.0000000000000000000, 0.0000000000000000000 ) ) ;
#862 = DIRECTION ( 'NONE',  ( -1.000000000000000000, 0.0000000000000000000, 0.0000000000000000000 ) ) ;
#863 = VECTOR ( 'NONE', #4528, 1000.000000000000000 ) ;
#864 = CARTESIAN_POINT ( 'NONE',  ( -0.02499999999979503000, -0.04999999999999969700, 4.599999999999936600 ) ) ;
#865 = CARTESIAN_POINT ( 'NONE',  ( 5.450000040499539900, 1.139999999999999500, -3.199999969546492500 ) ) ;
#866 = SURFACE_STYLE_FILL_AREA ( #4970 ) ;
#867 = LINE ( 'NONE', #1462, #1523 ) ;
#868 = FACE_OUTER_BOUND ( 'NONE', #4030, .T. ) ;
#869 = DIRECTION ( 'NONE',  ( 9.251858538540566600E-013, -0.0000000000000000000, -1.000000000000000000 ) ) ;
#870 =( GEOMETRIC_REPRESENTATION_CONTEXT ( 3 ) GLOBAL_UNCERTAINTY_ASSIGNED_CONTEXT ( ( #2181 ) ) GLOBAL_UNIT_ASSIGNED_CONTEXT ( ( #2300, #2551, #2689 ) ) REPRESENTATION_CONTEXT ( 'NONE', 'WORKASPACE' ) );
#871 = DIRECTION ( 'NONE',  ( -0.0000000000000000000, -1.000000000000000000, -0.0000000000000000000 ) ) ;
#872 = CYLINDRICAL_SURFACE ( 'NONE', #3763, 0.1999999999999779700 ) ;
#873 = ORIENTED_EDGE ( 'NONE', *, *, #5618, .F. ) ;
#874 = VECTOR ( 'NONE', #60, 1000.000000000000000 ) ;
#875 = ORIENTED_EDGE ( 'NONE', *, *, #4585, .F. ) ;
#876 = CIRCLE ( 'NONE', #2668, 0.1999999999999779700 ) ;
#877 = MECHANICAL_DESIGN_GEOMETRIC_PRESENTATION_REPRESENTATION (  '', ( #891 ), #870 ) ;
#878 = PRESENTATION_LAYER_ASSIGNMENT (  '', '', ( #5777 ) ) ;
#879 = FACE_OUTER_BOUND ( 'NONE', #391, .T. ) ;
#880 = DIRECTION ( 'NONE',  ( -1.173873028861176500E-016, -1.000000000000000000, -2.958228394578794300E-029 ) ) ;
#881 = VERTEX_POINT ( 'NONE', #586 ) ;
#882 = DIRECTION ( 'NONE',  ( 0.0000000000000000000, 0.0000000000000000000, 1.000000000000000000 ) ) ;
#883 = AXIS2_PLACEMENT_3D ( 'NONE', #2822, #4944, #2927 ) ;
#884 = STYLED_ITEM ( 'NONE', ( #1698 ), #1638 ) ;
#885 = FACE_OUTER_BOUND ( 'NONE', #4956, .T. ) ;
#886 = SHAPE_REPRESENTATION_RELATIONSHIP ( 'NONE' , 'NONE' ,  #3312, #435 ) ;
#887 = DIRECTION ( 'NONE',  ( -1.000000000000000000, 0.0000000000000000000, 0.0000000000000000000 ) ) ;
#888 = LINE ( 'NONE', #1201, #3162 ) ;
#889 = VERTEX_POINT ( 'NONE', #547 ) ;
#890 = VECTOR ( 'NONE', #4349, 1000.000000000000000 ) ;
#891 = STYLED_ITEM ( 'NONE', ( #2804 ), #1226 ) ;
#892 = ORIENTED_EDGE ( 'NONE', *, *, #4235, .F. ) ;
#893 = LINE ( 'NONE', #3589, #4964 ) ;
#894 = DIRECTION ( 'NONE',  ( 0.0000000000000000000, 1.000000000000000000, -0.0000000000000000000 ) ) ;
#895 = CARTESIAN_POINT ( 'NONE',  ( 5.449999999999935300, -0.05000000000000143200, -4.100000000000012100 ) ) ;
#896 = CARTESIAN_POINT ( 'NONE',  ( -5.449999999999936200, 0.1800000000000481800, 4.600000029454185400 ) ) ;
#897 = FACE_OUTER_BOUND ( 'NONE', #4648, .T. ) ;
#898 = LINE ( 'NONE', #3140, #3927 ) ;
#899 = LINE ( 'NONE', #5778, #4750 ) ;
#900 = AXIS2_PLACEMENT_3D ( 'NONE', #1923, #372, #2839 ) ;
#901 = DIRECTION ( 'NONE',  ( 0.0000000000000000000, 1.000000000000000000, 0.0000000000000000000 ) ) ;
#902 = EDGE_LOOP ( 'NONE', ( #5796, #3332, #5472, #1626 ) ) ;
#903 = CYLINDRICAL_SURFACE ( 'NONE', #4076, 0.1999999999999224600 ) ;
#904 = VECTOR ( 'NONE', #2987, 1000.000000000000000 ) ;
#905 = LINE ( 'NONE', #1568, #1809 ) ;
#906 = CARTESIAN_POINT ( 'NONE',  ( 5.299999999999971400, 1.300000000000000000, 4.500000000000059500 ) ) ;
#907 = FACE_OUTER_BOUND ( 'NONE', #3610, .T. ) ;
#908 = VECTOR ( 'NONE', #4069, 1000.000000000000000 ) ;
#909 = AXIS2_PLACEMENT_3D ( 'NONE', #4923, #4495, #4455 ) ;
#910 = DIRECTION ( 'NONE',  ( 0.0000000000000000000, 1.000000000000000000, -3.571489509363941500E-015 ) ) ;
#911 = ORIENTED_EDGE ( 'NONE', *, *, #5737, .F. ) ;
#912 = DIRECTION ( 'NONE',  ( -1.000000000000000000, -4.333012039943385800E-009, 5.947623346206474000E-015 ) ) ;
#913 = AXIS2_PLACEMENT_3D ( 'NONE', #5906, #6082, #4240 ) ;
#914 = VERTEX_POINT ( 'NONE', #527 ) ;
#915 = CARTESIAN_POINT ( 'NONE',  ( -5.449999999999936200, 1.300000000000004300, -3.199999970545834400 ) ) ;
#916 = DIRECTION ( 'NONE',  ( 0.0000000000000000000, 0.0000000000000000000, -1.000000000000000000 ) ) ;
#917 = FACE_OUTER_BOUND ( 'NONE', #5898, .T. ) ;
#918 = DIRECTION ( 'NONE',  ( 0.0000000000000000000, 0.0000000000000000000, -1.000000000000000000 ) ) ;
#919 = PRESENTATION_LAYER_ASSIGNMENT (  '', '', ( #891 ) ) ;
#920 = VECTOR ( 'NONE', #4478, 1000.000000000000000 ) ;
#921 = CARTESIAN_POINT ( 'NONE',  ( 0.3750000000002917700, 1.149999999999991300, 3.950000000000009100 ) ) ;
#922 = VERTEX_POINT ( 'NONE', #569 ) ;
#923 = FACE_OUTER_BOUND ( 'NONE', #325, .T. ) ;
#924 = LINE ( 'NONE', #4540, #890 ) ;
#925 = DIRECTION ( 'NONE',  ( 1.000000000000000000, -7.453889935838664400E-016, -4.336808689942495000E-015 ) ) ;
#926 = AXIS2_PLACEMENT_3D ( 'NONE', #4022, #2619, #3900 ) ;
#927 = AXIS2_PLACEMENT_3D ( 'NONE', #5847, #5985, #5937 ) ;
#928 = CARTESIAN_POINT ( 'NONE',  ( -0.02499999999977520200, -27.48064091039079700, 3.950000000000009100 ) ) ;
#929 = CIRCLE ( 'NONE', #2343, 0.1999999999999779700 ) ;
#930 = FACE_OUTER_BOUND ( 'NONE', #5273, .T. ) ;
#931 = UNCERTAINTY_MEASURE_WITH_UNIT (LENGTH_MEASURE( 1.000000000000000100E-005 ), #5090, 'distance_accuracy_value', 'NONE');
#932 = CARTESIAN_POINT ( 'NONE',  ( -5.599999999999938400, 1.149999999999999900, -3.199999999999869600 ) ) ;
#933 =( NAMED_UNIT ( * ) SI_UNIT ( $, .STERADIAN. ) SOLID_ANGLE_UNIT ( ) );
#934 = LINE ( 'NONE', #4575, #920 ) ;
#935 = ORIENTED_EDGE ( 'NONE', *, *, #6031, .T. ) ;
#936 = LINE ( 'NONE', #5926, #5124 ) ;
#937 = CARTESIAN_POINT ( 'NONE',  ( -4.400000000000001200, 0.9699999999999999700, 0.0000000000000000000 ) ) ;
#938 = UNCERTAINTY_MEASURE_WITH_UNIT (LENGTH_MEASURE( 1.000000000000000100E-005 ), #3259, 'distance_accuracy_value', 'NONE');
#939 = FILL_AREA_STYLE_COLOUR ( '', #2924 ) ;
#940 = CARTESIAN_POINT ( 'NONE',  ( -4.285000000000001900, 0.4699999999999999700, -0.5000000000000004400 ) ) ;
#941 = ORIENTED_EDGE ( 'NONE', *, *, #3823, .T. ) ;
#942 = CARTESIAN_POINT ( 'NONE',  ( -0.9750000000000036400, 1.300000000000000000, 3.950000000000120100 ) ) ;
#943 = VECTOR ( 'NONE', #2769, 1000.000000000000000 ) ;
#944 = DIRECTION ( 'NONE',  ( 0.0000000000000000000, 0.0000000000000000000, 1.000000000000000000 ) ) ;
#945 = ORIENTED_EDGE ( 'NONE', *, *, #3554, .T. ) ;
#946 = CARTESIAN_POINT ( 'NONE',  ( -4.900000000000001200, 0.9699999999999999700, -2.015000000000002300 ) ) ;
#947 = FACE_OUTER_BOUND ( 'NONE', #3409, .T. ) ;
#948 = PLANE ( 'NONE',  #436 ) ;
#949 = ORIENTED_EDGE ( 'NONE', *, *, #3450, .F. ) ;
#950 = VECTOR ( 'NONE', #4461, 1000.000000000000000 ) ;
#951 = DIRECTION ( 'NONE',  ( 2.249319972339592000E-013, 0.0000000000000000000, 1.000000000000000000 ) ) ;
#952 = CARTESIAN_POINT ( 'NONE',  ( -1.375000000000181200, 1.139999999999998600, 4.650000000000137100 ) ) ;
#953 = DIRECTION ( 'NONE',  ( 1.000000000000000000, 0.0000000000000000000, 0.0000000000000000000 ) ) ;
#954 = ORIENTED_EDGE ( 'NONE', *, *, #2772, .F. ) ;
#955 = EDGE_LOOP ( 'NONE', ( #1826, #3367, #3390, #594 ) ) ;
#956 = AXIS2_PLACEMENT_3D ( 'NONE', #3481, #422, #2448 ) ;
#957 = EDGE_LOOP ( 'NONE', ( #5892, #1622, #3123, #653 ) ) ;
#958 = VECTOR ( 'NONE', #3169, 1000.000000000000000 ) ;
#959 = DIRECTION ( 'NONE',  ( 7.067391939164967400E-015, -1.000000000000000000, 0.0000000000000000000 ) ) ;
#960 = CARTESIAN_POINT ( 'NONE',  ( 0.3750000000002917700, -27.48064091039079700, 3.950000000000009100 ) ) ;
#961 = AXIS2_PLACEMENT_3D ( 'NONE', #4888, #4824, #668 ) ;
#962 = ORIENTED_EDGE ( 'NONE', *, *, #2185, .F. ) ;
#963 = PLANE ( 'NONE',  #5933 ) ;
#964 = LINE ( 'NONE', #182, #853 ) ;
#965 = DIRECTION ( 'NONE',  ( -1.000000000000000000, 0.0000000000000000000, 0.0000000000000000000 ) ) ;
#966 = ORIENTED_EDGE ( 'NONE', *, *, #5051, .T. ) ;
#967 = FACE_OUTER_BOUND ( 'NONE', #3621, .T. ) ;
#968 = ORIENTED_EDGE ( 'NONE', *, *, #2538, .F. ) ;
#969 = DIRECTION ( 'NONE',  ( 0.0000000000000000000, 0.0000000000000000000, 1.000000000000000000 ) ) ;
#970 = CARTESIAN_POINT ( 'NONE',  ( 5.600000003624613100, 0.1150001234381985400, 3.810857585571923300 ) ) ;
#971 = VERTEX_POINT ( 'NONE', #1070 ) ;
#972 = DIRECTION ( 'NONE',  ( -1.000000000000000000, 0.0000000000000000000, 0.0000000000000000000 ) ) ;
#973 = CARTESIAN_POINT ( 'NONE',  ( -4.900000000000001200, 0.4699999999999999700, 0.5349999999999995900 ) ) ;
#975 = EDGE_LOOP ( 'NONE', ( #5571, #1225, #3174, #3215 ) ) ;
#974 = AXIS2_PLACEMENT_3D ( 'NONE', #2645, #2504, #2223 ) ;
#976 = DIRECTION ( 'NONE',  ( 0.0000000000000000000, 0.0000000000000000000, -1.000000000000000000 ) ) ;
#977 = CARTESIAN_POINT ( 'NONE',  ( -5.275000000000002100, 0.9699999999999999700, -0.01000000000000011800 ) ) ;
#978 = LINE ( 'NONE', #5867, #5226 ) ;
#979 = ORIENTED_EDGE ( 'NONE', *, *, #4249, .T. ) ;
#980 = DIRECTION ( 'NONE',  ( -0.0000000000000000000, -1.000000000000000000, -0.0000000000000000000 ) ) ;
#981 = CARTESIAN_POINT ( 'NONE',  ( -4.174999999999960700, 0.4500000000000267700, 12.21037961703495400 ) ) ;
#982 = CARTESIAN_POINT ( 'NONE',  ( 4.574999999999999300, 1.139999999999999900, -4.249999999999865000 ) ) ;
#983 = CARTESIAN_POINT ( 'NONE',  ( 0.0000000000000000000, 0.0000000000000000000, -4.099999999999976600 ) ) ;
#984 = VECTOR ( 'NONE', #2060, 1000.000000000000000 ) ;
#985 = DIRECTION ( 'NONE',  ( -5.259690252779571800E-009, 3.252606584458143700E-015, 1.000000000000000000 ) ) ;
#986 = AXIS2_PLACEMENT_3D ( 'NONE', #4190, #4196, #5521 ) ;
#987 = CARTESIAN_POINT ( 'NONE',  ( -5.599999999999936600, 1.139999999999999500, 4.500000029454192900 ) ) ;
#988 = PRESENTATION_STYLE_ASSIGNMENT (( #4390 ) ) ;
#989 = ORIENTED_EDGE ( 'NONE', *, *, #3063, .T. ) ;
#990 = DIRECTION ( 'NONE',  ( 1.000000000000000000, -0.0000000000000000000, 0.0000000000000000000 ) ) ;
#991 = CARTESIAN_POINT ( 'NONE',  ( -5.275000000000002100, 0.9699999999999999700, -0.4900000000000011600 ) ) ;
#992 = CARTESIAN_POINT ( 'NONE',  ( -5.449999999999936200, 0.7500000000001177900, 4.500000029454193800 ) ) ;
#993 = FACE_OUTER_BOUND ( 'NONE', #4876, .T. ) ;
#994 = DIRECTION ( 'NONE',  ( 0.0000000000000000000, 0.0000000000000000000, -1.000000000000000000 ) ) ;
#995 = DIRECTION ( 'NONE',  ( -1.000000000000000000, -6.530723674265493100E-014, 0.0000000000000000000 ) ) ;
#996 = COLOUR_RGB ( '',0.4117647058823529200, 0.4117647058823529200, 0.4117647058823529200 ) ;
#997 = PRESENTATION_LAYER_ASSIGNMENT (  '', '', ( #2675 ) ) ;
#998 = LINE ( 'NONE', #4359, #1008 ) ;
#999 = DIRECTION ( 'NONE',  ( 0.0000000000000000000, 0.0000000000000000000, 1.000000000000000000 ) ) ;
#1000 = CARTESIAN_POINT ( 'NONE',  ( -0.02500000000006697600, -0.04999999999988867500, 4.260000000000086800 ) ) ;
#1001 = LINE ( 'NONE', #1968, #2660 ) ;
#1002 = CARTESIAN_POINT ( 'NONE',  ( -4.174999979750238000, 1.149999999999999900, -4.799999997427861800 ) ) ;
#1003 = CARTESIAN_POINT ( 'NONE',  ( -0.9750000000000036400, -27.48064091039079700, 3.950000000000120100 ) ) ;
#1004 = SURFACE_STYLE_FILL_AREA ( #4372 ) ;
#1005 = CARTESIAN_POINT ( 'NONE',  ( -4.400000000000001200, 0.9699999999999999700, 0.0000000000000000000 ) ) ;
#1006 = DIRECTION ( 'NONE',  ( 0.0000000000000000000, 1.000000000000000000, -0.0000000000000000000 ) ) ;
#1007 = AXIS2_PLACEMENT_3D ( 'NONE', #4019, #4812, #3060 ) ;
#1008 = VECTOR ( 'NONE', #4364, 1000.000000000000100 ) ;
#1009 =( NAMED_UNIT ( * ) PLANE_ANGLE_UNIT ( ) SI_UNIT ( $, .RADIAN. ) );
#1010 = CARTESIAN_POINT ( 'NONE',  ( -4.400000000000001200, 0.4699999999999999700, -2.025000000000001700 ) ) ;
#1011 = LINE ( 'NONE', #3920, #3912 ) ;
#1012 = FACE_OUTER_BOUND ( 'NONE', #3778, .T. ) ;
#1013 = AXIS2_PLACEMENT_3D ( 'NONE', #1088, #1056, #336 ) ;
#1014 = FACE_OUTER_BOUND ( 'NONE', #5959, .T. ) ;
#1015 = CARTESIAN_POINT ( 'NONE',  ( -5.449999979750287200, 0.09999999999999853500, -4.599999997427734600 ) ) ;
#1016 = CARTESIAN_POINT ( 'NONE',  ( -5.400000000000071400, 0.7500000000000630600, 4.650000000000137100 ) ) ;
#1017 = AXIS2_PLACEMENT_3D ( 'NONE', #1505, #1150, #1147 ) ;
#1018 = DIRECTION ( 'NONE',  ( 0.0000000000000000000, 0.0000000000000000000, 1.000000000000000000 ) ) ;
#1019 = CARTESIAN_POINT ( 'NONE',  ( -4.400000000000001200, 0.9699999999999999700, 0.0000000000000000000 ) ) ;
#1020 = FACE_OUTER_BOUND ( 'NONE', #5067, .T. ) ;
#1021 = CARTESIAN_POINT ( 'NONE',  ( 5.449999999999962000, 0.1100000000000007200, -4.099999999999975700 ) ) ;
#1022 = VERTEX_POINT ( 'NONE', #453 ) ;
#1023 = DIRECTION ( 'NONE',  ( 0.0000000000000000000, 1.000000000000000000, 0.0000000000000000000 ) ) ;
#1024 = VECTOR ( 'NONE', #2629, 1000.000000000000000 ) ;
#1025 = DIRECTION ( 'NONE',  ( 3.115337048160314100E-008, 0.0000000000000000000, 0.9999999999999995600 ) ) ;
#1026 = ORIENTED_EDGE ( 'NONE', *, *, #387, .F. ) ;
#1027 = DIRECTION ( 'NONE',  ( 0.0000000000000000000, 0.0000000000000000000, 1.000000000000000000 ) ) ;
#1028 = CARTESIAN_POINT ( 'NONE',  ( -5.439999999999939100, 1.139999999999999900, 20.18971866854152700 ) ) ;
#1029 = VECTOR ( 'NONE', #5467, 1000.000000000000000 ) ;
#1030 = ORIENTED_EDGE ( 'NONE', *, *, #2873, .T. ) ;
#1031 = ORIENTED_EDGE ( 'NONE', *, *, #5996, .T. ) ;
#1032 = CARTESIAN_POINT ( 'NONE',  ( 0.5749999999999926300, 0.2500000000000626700, 4.800000000000137500 ) ) ;
#1033 = DIRECTION ( 'NONE',  ( 0.0000000000000000000, 0.0000000000000000000, 1.000000000000000000 ) ) ;
#1034 =( GEOMETRIC_REPRESENTATION_CONTEXT ( 3 ) GLOBAL_UNCERTAINTY_ASSIGNED_CONTEXT ( ( #1963 ) ) GLOBAL_UNIT_ASSIGNED_CONTEXT ( ( #1488, #1472, #1466 ) ) REPRESENTATION_CONTEXT ( 'NONE', 'WORKASPACE' ) );
#1035 = VERTEX_POINT ( 'NONE', #446 ) ;
#1036 = VERTEX_POINT ( 'NONE', #423 ) ;
#1037 = CARTESIAN_POINT ( 'NONE',  ( 5.450000000525905700, -0.01999987652449766000, 4.400000028665273200 ) ) ;
#1038 = DIRECTION ( 'NONE',  ( -7.434529182758089500E-016, -1.000000000000000000, 6.877881017395696700E-030 ) ) ;
#1039 = LINE ( 'NONE', #6010, #1874 ) ;
#1040 = CARTESIAN_POINT ( 'NONE',  ( 5.449999999999957500, 1.139999999999999500, -4.099999999999975700 ) ) ;
#1041 = PRESENTATION_STYLE_ASSIGNMENT (( #4278 ) ) ;
#1042 = CARTESIAN_POINT ( 'NONE',  ( 5.450000003624611900, 0.1150001234381985400, 3.810857584782970400 ) ) ;
#1043 = CARTESIAN_POINT ( 'NONE',  ( 4.775000020249752500, 0.09999999999999939500, -4.599999997427806500 ) ) ;
#1044 = VERTEX_POINT ( 'NONE', #329 ) ;
#1045 = MECHANICAL_DESIGN_GEOMETRIC_PRESENTATION_REPRESENTATION (  '', ( #1061 ), #1034 ) ;
#1046 = PRESENTATION_LAYER_ASSIGNMENT (  '', '', ( #1061 ) ) ;
#1047 = CARTESIAN_POINT ( 'NONE',  ( -0.9750000000000246200, 0.1000000000000028600, 4.600000000000051200 ) ) ;
#1048 = VECTOR ( 'NONE', #280, 1000.000000000000000 ) ;
#1049 = CARTESIAN_POINT ( 'NONE',  ( -5.599999999999938400, 1.149999999999999900, 4.500000000000059500 ) ) ;
#1050 = LINE ( 'NONE', #517, #450 ) ;
#1051 = CARTESIAN_POINT ( 'NONE',  ( -5.200000000000093400, 0.2500000000000071600, 4.800000000000137500 ) ) ;
#1052 = DIRECTION ( 'NONE',  ( -7.434529182758089500E-016, -1.000000000000000000, 6.877881017395696700E-030 ) ) ;
#1053 = DIRECTION ( 'NONE',  ( 7.067391939164968100E-015, -1.000000000000000000, -6.123233995736766000E-017 ) ) ;
#1054 = FACE_OUTER_BOUND ( 'NONE', #5726, .T. ) ;
#1055 = AXIS2_PLACEMENT_3D ( 'NONE', #5172, #5667, #777 ) ;
#1056 = DIRECTION ( 'NONE',  ( 0.0000000000000000000, 1.000000000000000000, -0.0000000000000000000 ) ) ;
#1057 = DIRECTION ( 'NONE',  ( 0.0000000000000000000, 0.0000000000000000000, 1.000000000000000000 ) ) ;
#1058 = LINE ( 'NONE', #5140, #4460 ) ;
#1059 = DIRECTION ( 'NONE',  ( 0.0000000000000000000, 0.0000000000000000000, -1.000000000000000000 ) ) ;
#1060 = SURFACE_STYLE_FILL_AREA ( #4704 ) ;
#1061 = STYLED_ITEM ( 'NONE', ( #3072 ), #211 ) ;
#1062 = CARTESIAN_POINT ( 'NONE',  ( -4.574999996400028300, 1.223517865402066600, -4.232756304577447000 ) ) ;
#1063 = AXIS2_PLACEMENT_3D ( 'NONE', #1674, #1673, #392 ) ;
#1064 = DIRECTION ( 'NONE',  ( -7.142979018728817100E-015, 1.000000000000000000, 0.0000000000000000000 ) ) ;
#1065 = VERTEX_POINT ( 'NONE', #462 ) ;
#1066 = CARTESIAN_POINT ( 'NONE',  ( 5.449999999999936200, 0.7500000000001185700, 4.500000028665240800 ) ) ;
#1067 = VECTOR ( 'NONE', #869, 1000.000000000000000 ) ;
#1068 = AXIS2_PLACEMENT_3D ( 'NONE', #1836, #1800, #1793 ) ;
#1069 = AXIS2_PLACEMENT_3D ( 'NONE', #281, #6053, #6021 ) ;
#1070 = CARTESIAN_POINT ( 'NONE',  ( -7.700000000000001100, 0.4699999999999999700, -5.000000000000000000 ) ) ;
#1071 = AXIS2_PLACEMENT_3D ( 'NONE', #3674, #3780, #3797 ) ;
#1072 = PLANE ( 'NONE',  #228 ) ;
#1073 = DIRECTION ( 'NONE',  ( -0.0000000000000000000, -1.000000000000000000, 0.0000000000000000000 ) ) ;
#1074 = DIRECTION ( 'NONE',  ( 0.0000000000000000000, 0.0000000000000000000, 1.000000000000000000 ) ) ;
#1075 = FACE_OUTER_BOUND ( 'NONE', #1135, .T. ) ;
#1076 = ORIENTED_EDGE ( 'NONE', *, *, #2049, .F. ) ;
#1077 = ORIENTED_EDGE ( 'NONE', *, *, #4367, .F. ) ;
#1078 = CARTESIAN_POINT ( 'NONE',  ( -5.249999979750197300, -0.05000000000000056500, -4.599999997427734600 ) ) ;
#1079 = VERTEX_POINT ( 'NONE', #363 ) ;
#1080 = VECTOR ( 'NONE', #3283, 1000.000000000000000 ) ;
#1081 = FACE_OUTER_BOUND ( 'NONE', #3916, .T. ) ;
#1082 = CARTESIAN_POINT ( 'NONE',  ( 0.3750000000002917700, 1.139999999999999900, 4.640000000000138200 ) ) ;
#1083 = CARTESIAN_POINT ( 'NONE',  ( 5.450000020249843800, 0.09999999999999939500, -4.599999997427809200 ) ) ;
#1084 = PRESENTATION_STYLE_ASSIGNMENT (( #796 ) ) ;
#1085 = PLANE ( 'NONE',  #430 ) ;
#1086 = DIRECTION ( 'NONE',  ( 3.543711097672514000E-031, 1.000000000000000000, -6.782881022934826900E-023 ) ) ;
#1087 = LINE ( 'NONE', #1950, #754 ) ;
#1088 = CARTESIAN_POINT ( 'NONE',  ( -5.275000000000002100, 0.4699999999999999700, -0.5000000000000004400 ) ) ;
#1089 = ORIENTED_EDGE ( 'NONE', *, *, #1157, .T. ) ;
#1090 = COLOUR_RGB ( '',0.4117647058823529200, 0.4117647058823529200, 0.4117647058823529200 ) ;
#1091 =( GEOMETRIC_REPRESENTATION_CONTEXT ( 3 ) GLOBAL_UNCERTAINTY_ASSIGNED_CONTEXT ( ( #3591 ) ) GLOBAL_UNIT_ASSIGNED_CONTEXT ( ( #5329, #5336, #5398 ) ) REPRESENTATION_CONTEXT ( 'NONE', 'WORKASPACE' ) );
#1092 = CARTESIAN_POINT ( 'NONE',  ( 0.0000000000000000000, 0.0000000000000000000, 0.0000000000000000000 ) ) ;
#1093 = AXIS2_PLACEMENT_3D ( 'NONE', #1988, #1959, #1944 ) ;
#1094 = LINE ( 'NONE', #1301, #1106 ) ;
#1095 = CARTESIAN_POINT ( 'NONE',  ( 5.250000020249866700, 0.09999999999999939500, -4.599999997427808300 ) ) ;
#1096 = ORIENTED_EDGE ( 'NONE', *, *, #5547, .T. ) ;
#1097 = PLANE ( 'NONE',  #103 ) ;
#1098 =( NAMED_UNIT ( * ) PLANE_ANGLE_UNIT ( ) SI_UNIT ( $, .RADIAN. ) );
#1099 = CYLINDRICAL_SURFACE ( 'NONE', #5493, 0.009999999999999250800 ) ;
#1100 = FACE_OUTER_BOUND ( 'NONE', #3814, .T. ) ;
#1101 = AXIS2_PLACEMENT_3D ( 'NONE', #2109, #2102, #2093 ) ;
#1102 = AXIS2_PLACEMENT_3D ( 'NONE', #549, #479, #433 ) ;
#1103 = DIRECTION ( 'NONE',  ( 0.0000000000000000000, -3.252606517456872200E-015, -1.000000000000000000 ) ) ;
#1104 = CARTESIAN_POINT ( 'NONE',  ( -5.449999999999936200, -0.01999987652449939500, 4.000000029454382000 ) ) ;
#1105 = ORIENTED_EDGE ( 'NONE', *, *, #1925, .T. ) ;
#1106 = VECTOR ( 'NONE', #5115, 1000.000000000000000 ) ;
#1107 = LINE ( 'NONE', #3566, #2686 ) ;
#1108 = DIRECTION ( 'NONE',  ( 0.0000000000000000000, 0.0000000000000000000, -1.000000000000000000 ) ) ;
#1109 = CARTESIAN_POINT ( 'NONE',  ( -7.700000000000001100, 0.4699999999999999700, 5.000000000000000000 ) ) ;
#1110 = FACE_OUTER_BOUND ( 'NONE', #5218, .T. ) ;
#1111 = ORIENTED_EDGE ( 'NONE', *, *, #1369, .T. ) ;
#1112 = CARTESIAN_POINT ( 'NONE',  ( -5.449999999999937100, 0.7500000000001177900, 4.600000029454182700 ) ) ;
#1113 = DIRECTION ( 'NONE',  ( 1.000000000000000000, -7.434529182758089500E-016, -3.965082230804315200E-015 ) ) ;
#1114 = AXIS2_PLACEMENT_3D ( 'NONE', #2556, #5830, #2285 ) ;
#1115 = CYLINDRICAL_SURFACE ( 'NONE', #4674, 0.009999999999999266400 ) ;
#1116 =( GEOMETRIC_REPRESENTATION_CONTEXT ( 3 ) GLOBAL_UNCERTAINTY_ASSIGNED_CONTEXT ( ( #1409 ) ) GLOBAL_UNIT_ASSIGNED_CONTEXT ( ( #5431, #5433, #5455 ) ) REPRESENTATION_CONTEXT ( 'NONE', 'WORKASPACE' ) );
#1117 = VECTOR ( 'NONE', #3374, 1000.000000000000000 ) ;
#1118 = ORIENTED_EDGE ( 'NONE', *, *, #2002, .F. ) ;
#1119 = CARTESIAN_POINT ( 'NONE',  ( -5.300000000000082400, 1.139999999999999500, 4.650000000000137100 ) ) ;
#1120 = ORIENTED_EDGE ( 'NONE', *, *, #3183, .T. ) ;
#1121 = SURFACE_STYLE_FILL_AREA ( #4939 ) ;
#1122 = DIRECTION ( 'NONE',  ( 0.0000000000000000000, 1.000000000000000000, 0.0000000000000000000 ) ) ;
#1123 = DIRECTION ( 'NONE',  ( 1.000000000000000000, -7.453889935838664400E-016, -4.336808689942495000E-015 ) ) ;
#1124 =( LENGTH_UNIT ( ) NAMED_UNIT ( * ) SI_UNIT ( .MILLI., .METRE. ) );
#1125 = VERTEX_POINT ( 'NONE', #76 ) ;
#1126 = AXIS2_PLACEMENT_3D ( 'NONE', #4438, #5988, #5940 ) ;
#1127 = AXIS2_PLACEMENT_3D ( 'NONE', #3961, #4024, #536 ) ;
#1128 = ORIENTED_EDGE ( 'NONE', *, *, #3306, .F. ) ;
#1129 = CARTESIAN_POINT ( 'NONE',  ( -0.9749999999999791100, -0.04999999999995199300, 4.100000000000089400 ) ) ;
#1130 = CARTESIAN_POINT ( 'NONE',  ( -5.599999999999938400, -27.48064091039079700, 4.500000000000059500 ) ) ;
#1131 = ORIENTED_EDGE ( 'NONE', *, *, #1506, .T. ) ;
#1132 = DIRECTION ( 'NONE',  ( 1.000000000000000000, 7.142979018728817100E-015, 0.0000000000000000000 ) ) ;
#1133 = CYLINDRICAL_SURFACE ( 'NONE', #3054, 0.009999999999999592500 ) ;
#1134 = FACE_OUTER_BOUND ( 'NONE', #4986, .T. ) ;
#1135 = EDGE_LOOP ( 'NONE', ( #4202, #4211, #4215, #4248 ) ) ;
#1136 = CARTESIAN_POINT ( 'NONE',  ( -5.439999999999939100, 1.149999999999999500, -3.200250158472982800 ) ) ;
#1137 = EDGE_CURVE ( 'NONE', #2972, #4106, #2896, .T. ) ;
#1138 = AXIS2_PLACEMENT_3D ( 'NONE', #1434, #3071, #2456 ) ;
#1139 = DIRECTION ( 'NONE',  ( -7.434529182758089500E-016, -1.000000000000000000, 6.877881017395696700E-030 ) ) ;
#1140 = EDGE_CURVE ( 'NONE', #1574, #3888, #2928, .T. ) ;
#1141 = COLOUR_RGB ( '',0.6666666666666666300, 0.6980392156862744700, 0.7686274509803920900 ) ;
#1142 = CARTESIAN_POINT ( 'NONE',  ( -5.450000040499558600, 1.149999999999999900, -3.399999999999870700 ) ) ;
#1143 = AXIS2_PLACEMENT_3D ( 'NONE', #3212, #5866, #1074 ) ;
#1144 = CARTESIAN_POINT ( 'NONE',  ( 0.0000000000000000000, 0.9699999999999999700, -2.025000000000001700 ) ) ;
#1145 = FACE_OUTER_BOUND ( 'NONE', #957, .T. ) ;
#1146 = DIRECTION ( 'NONE',  ( 0.0000000000000000000, 1.000000000000000000, 0.0000000000000000000 ) ) ;
#1147 = DIRECTION ( 'NONE',  ( 0.0000000000000000000, 0.0000000000000000000, 1.000000000000000000 ) ) ;
#1148 = VECTOR ( 'NONE', #3256, 1000.000000000000000 ) ;
#1149 = PLANE ( 'NONE',  #5483 ) ;
#1150 = DIRECTION ( 'NONE',  ( 0.0000000000000000000, 1.000000000000000000, -0.0000000000000000000 ) ) ;
#1151 = DIRECTION ( 'NONE',  ( 1.000000000000000000, 0.0000000000000000000, 0.0000000000000000000 ) ) ;
#1152 = ORIENTED_EDGE ( 'NONE', *, *, #3412, .T. ) ;
#1153 = EDGE_CURVE ( 'NONE', #1212, #5619, #2886, .T. ) ;
#1154 = VECTOR ( 'NONE', #1168, 1000.000000000000000 ) ;
#1155 = DIRECTION ( 'NONE',  ( -1.000000000000000000, 1.982541115402158000E-015, 3.965082230804316000E-015 ) ) ;
#1156 = DIRECTION ( 'NONE',  ( 0.0000000000000000000, 0.0000000000000000000, 1.000000000000000000 ) ) ;
#1157 = EDGE_CURVE ( 'NONE', #4119, #1574, #2891, .T. ) ;
#1158 = AXIS2_PLACEMENT_3D ( 'NONE', #4796, #4843, #4852 ) ;
#1159 = CARTESIAN_POINT ( 'NONE',  ( -10.32156932935602700, 0.1800001234751498500, 4.000000305010472900 ) ) ;
#1160 = DIRECTION ( 'NONE',  ( 0.0000000000000000000, 0.0000000000000000000, 1.000000000000000000 ) ) ;
#1161 = LINE ( 'NONE', #5279, #3246 ) ;
#1162 = ORIENTED_EDGE ( 'NONE', *, *, #3679, .T. ) ;
#1163 = SURFACE_STYLE_USAGE ( .BOTH. , #3885 ) ;
#1164 = VECTOR ( 'NONE', #2050, 1000.000000000000000 ) ;
#1165 = CARTESIAN_POINT ( 'NONE',  ( -5.300000000000082400, 1.149999999999999900, 4.800000000000137500 ) ) ;
#1166 = EDGE_CURVE ( 'NONE', #5038, #4292, #2872, .T. ) ;
#1167 = VECTOR ( 'NONE', #4778, 1000.000000000000000 ) ;
#1168 = DIRECTION ( 'NONE',  ( 1.000000000000000000, 0.0000000000000000000, 0.0000000000000000000 ) ) ;
#1169 = DIRECTION ( 'NONE',  ( -0.0000000000000000000, -1.000000000000000000, -0.0000000000000000000 ) ) ;
#1170 = SURFACE_STYLE_USAGE ( .BOTH. , #1297 ) ;
#1171 = DIRECTION ( 'NONE',  ( -4.333030245373913400E-009, 1.000000000000000000, 0.0000000000000000000 ) ) ;
#1172 = VERTEX_POINT ( 'NONE', #95 ) ;
#1173 = CIRCLE ( 'NONE', #3710, 0.1599999999998889500 ) ;
#1174 = CARTESIAN_POINT ( 'NONE',  ( -5.249999979750197300, 0.09999999999999939500, -4.799999997427823600 ) ) ;
#1175 = EDGE_CURVE ( 'NONE', #2573, #1574, #2851, .T. ) ;
#1176 = ORIENTED_EDGE ( 'NONE', *, *, #2410, .F. ) ;
#1177 = CARTESIAN_POINT ( 'NONE',  ( -5.275000000000002100, 0.4699999999999999700, -8.673617379884035500E-016 ) ) ;
#1178 = DIRECTION ( 'NONE',  ( 0.0000000000000000000, 0.0000000000000000000, 1.000000000000000000 ) ) ;
#1179 = CARTESIAN_POINT ( 'NONE',  ( -10.32156932736636700, 0.05000028673470078400, 3.621714945711731900 ) ) ;
#1180 = DIRECTION ( 'NONE',  ( 1.000000000000000000, -1.667666423790703400E-032, 5.259688788402081300E-009 ) ) ;
#1181 = CYLINDRICAL_SURFACE ( 'NONE', #593, 0.1999997132653333600 ) ;
#1182 = EDGE_CURVE ( 'NONE', #5119, #5827, #2842, .T. ) ;
#1183 = AXIS2_PLACEMENT_3D ( 'NONE', #4823, #3871, #5451 ) ;
#1184 = MECHANICAL_DESIGN_GEOMETRIC_PRESENTATION_REPRESENTATION (  '', ( #5777 ), #1966 ) ;
#1185 = DIRECTION ( 'NONE',  ( 0.0000000000000000000, 0.0000000000000000000, 1.000000000000000000 ) ) ;
#1186 = VERTEX_POINT ( 'NONE', #4841 ) ;
#1187 = DIRECTION ( 'NONE',  ( -1.000000000000000000, 0.0000000000000000000, 0.0000000000000000000 ) ) ;
#1188 = CARTESIAN_POINT ( 'NONE',  ( -4.400000000000001200, 0.4699999999999999700, 1.514999999999999500 ) ) ;
#1189 = ORIENTED_EDGE ( 'NONE', *, *, #266, .F. ) ;
#1190 = PRESENTATION_STYLE_ASSIGNMENT (( #541 ) ) ;
#1191 = VERTEX_POINT ( 'NONE', #5027 ) ;
#1192 = ADVANCED_FACE ( 'NONE', ( #2833 ), #180, .T. ) ;
#1193 = CARTESIAN_POINT ( 'NONE',  ( -5.200000000000093400, 0.4499999999999851300, 4.800000000000137500 ) ) ;
#1194 = ADVANCED_FACE ( 'NONE', ( #2860 ), #13, .F. ) ;
#1195 = CARTESIAN_POINT ( 'NONE',  ( 5.199999999999982400, 0.4499999999999851300, 4.650000000000138000 ) ) ;
#1196 = VERTEX_POINT ( 'NONE', #2748 ) ;
#1197 = COLOUR_RGB ( '',0.4117647058823529200, 0.4117647058823529200, 0.4117647058823529200 ) ;
#1198 = LINE ( 'NONE', #5969, #1029 ) ;
#1199 = PLANE ( 'NONE',  #1055 ) ;
#1200 = DIRECTION ( 'NONE',  ( 0.0000000000000000000, 0.0000000000000000000, -1.000000000000000000 ) ) ;
#1201 = CARTESIAN_POINT ( 'NONE',  ( -5.449999999999954900, 1.300000000000000000, -4.249999999999976000 ) ) ;
#1202 = EDGE_LOOP ( 'NONE', ( #4422, #2547, #4825, #3296, #1278, #1688 ) ) ;
#1203 = VECTOR ( 'NONE', #243, 1000.000000000000000 ) ;
#1204 = ADVANCED_FACE ( 'NONE', ( #2796 ), #2758, .F. ) ;
#1205 = DIRECTION ( 'NONE',  ( 1.000000000000000000, -1.667666423790703400E-032, 5.259688788402081300E-009 ) ) ;
#1206 = CARTESIAN_POINT ( 'NONE',  ( 5.449999999999957500, 1.139999999999999500, -4.249999999999865000 ) ) ;
#1207 = FACE_OUTER_BOUND ( 'NONE', #2747, .T. ) ;
#1208 = CARTESIAN_POINT ( 'NONE',  ( -5.439999999999939100, 1.149999999999999500, 4.500000000000059500 ) ) ;
#1209 = DIRECTION ( 'NONE',  ( 7.067391939164968100E-015, -1.000000000000000000, 0.0000000000000000000 ) ) ;
#1210 = CARTESIAN_POINT ( 'NONE',  ( -5.265000000000002300, 0.9699999999999999700, -0.5000000000000004400 ) ) ;
#1211 = PLANE ( 'NONE',  #486 ) ;
#1212 = VERTEX_POINT ( 'NONE', #3649 ) ;
#1213 = DIRECTION ( 'NONE',  ( -1.000000000000000000, 0.0000000000000000000, 0.0000000000000000000 ) ) ;
#1214 = FACE_OUTER_BOUND ( 'NONE', #5672, .T. ) ;
#1215 = CYLINDRICAL_SURFACE ( 'NONE', #4004, 0.009999999999999592500 ) ;
#1216 = AXIS2_PLACEMENT_3D ( 'NONE', #3177, #3154, #3135 ) ;
#1217 = VECTOR ( 'NONE', #5061, 1000.000000000000000 ) ;
#1218 = CARTESIAN_POINT ( 'NONE',  ( -4.285000000000001900, 0.9699999999999999700, -0.5000000000000004400 ) ) ;
#1219 = EDGE_CURVE ( 'NONE', #1846, #1309, #2821, .T. ) ;
#1220 = LINE ( 'NONE', #2220, #5641 ) ;
#1221 = SURFACE_STYLE_FILL_AREA ( #385 ) ;
#1222 = CARTESIAN_POINT ( 'NONE',  ( -4.174999979750238000, -27.48064091039079700, -3.949999997427844400 ) ) ;
#1223 = ADVANCED_FACE ( 'NONE', ( #2809 ), #2778, .T. ) ;
#1224 = LINE ( 'NONE', #5797, #1239 ) ;
#1225 = ORIENTED_EDGE ( 'NONE', *, *, #3474, .F. ) ;
#1226 = ADVANCED_FACE ( 'NONE', ( #2813 ), #3018, .F. ) ;
#1227 = CARTESIAN_POINT ( 'NONE',  ( -4.400000000000001200, 0.4699999999999999700, 1.524999999999998600 ) ) ;
#1228 = DIRECTION ( 'NONE',  ( 0.0000000000000000000, 0.0000000000000000000, 1.000000000000000000 ) ) ;
#1229 = LINE ( 'NONE', #5822, #1203 ) ;
#1230 = FACE_OUTER_BOUND ( 'NONE', #4163, .T. ) ;
#1231 = EDGE_CURVE ( 'NONE', #4716, #2573, #2708, .T. ) ;
#1232 = CARTESIAN_POINT ( 'NONE',  ( -5.439999999999939100, 1.299999999999889000, -3.200250158472981400 ) ) ;
#1233 = CARTESIAN_POINT ( 'NONE',  ( -4.900000000000001200, 0.9699999999999999700, -1.035000000000000800 ) ) ;
#1234 = FACE_OUTER_BOUND ( 'NONE', #3719, .T. ) ;
#1235 = SHAPE_DEFINITION_REPRESENTATION ( #5530, #3312 ) ;
#1236 = CARTESIAN_POINT ( 'NONE',  ( 0.3750000000002917700, 1.139999999999999900, 4.640000000000138200 ) ) ;
#1237 = ORIENTED_EDGE ( 'NONE', *, *, #3402, .T. ) ;
#1238 = EDGE_LOOP ( 'NONE', ( #73, #4913, #3505, #749, #614, #5232, #4008, #1162 ) ) ;
#1239 = VECTOR ( 'NONE', #5817, 1000.000000000000000 ) ;
#1240 = ADVANCED_FACE ( 'NONE', ( #2710 ), #2600, .F. ) ;
#1241 = DIRECTION ( 'NONE',  ( 0.0000000000000000000, 0.0000000000000000000, 1.000000000000000000 ) ) ;
#1242 = CARTESIAN_POINT ( 'NONE',  ( -4.174999979750238000, 1.300000000000000000, -3.949999997427844400 ) ) ;
#1243 = ORIENTED_EDGE ( 'NONE', *, *, #1690, .T. ) ;
#1244 = VECTOR ( 'NONE', #1146, 1000.000000000000000 ) ;
#1245 =( REPRESENTATION_RELATIONSHIP ('NONE','NONE', #5750, #3741 ) REPRESENTATION_RELATIONSHIP_WITH_TRANSFORMATION ( #145 )SHAPE_REPRESENTATION_RELATIONSHIP( ) );
#1246 = ORIENTED_EDGE ( 'NONE', *, *, #1361, .F. ) ;
#1247 = FACE_OUTER_BOUND ( 'NONE', #5031, .T. ) ;
#1248 = LINE ( 'NONE', #977, #4259 ) ;
#1249 = ORIENTED_EDGE ( 'NONE', *, *, #2690, .T. ) ;
#1250 = ADVANCED_FACE ( 'NONE', ( #2631 ), #2587, .F. ) ;
#1251 = VECTOR ( 'NONE', #5900, 1000.000000000000000 ) ;
#1252 = CYLINDRICAL_SURFACE ( 'NONE', #3255, 0.1599999999998885400 ) ;
#1253 = DIRECTION ( 'NONE',  ( 0.0000000000000000000, 0.0000000000000000000, 1.000000000000000000 ) ) ;
#1254 = ADVANCED_FACE ( 'NONE', ( #2613 ), #2582, .T. ) ;
#1255 = DIRECTION ( 'NONE',  ( 3.115337048160314100E-008, 0.0000000000000000000, 0.9999999999999995600 ) ) ;
#1256 = CARTESIAN_POINT ( 'NONE',  ( 11.16730168719638700, 0.1099999999999695100, -4.260000000000003300 ) ) ;
#1257 = UNCERTAINTY_MEASURE_WITH_UNIT (LENGTH_MEASURE( 1.000000000000000100E-005 ), #5953, 'distance_accuracy_value', 'NONE');
#1258 = CARTESIAN_POINT ( 'NONE',  ( -3.974999999999942800, 0.4500002381463089600, -4.649999997427862300 ) ) ;
#1259 = CARTESIAN_POINT ( 'NONE',  ( -4.574999989200103200, 1.149999999999999500, -4.089999999999976800 ) ) ;
#1260 = ORIENTED_EDGE ( 'NONE', *, *, #535, .T. ) ;
#1261 = FACE_OUTER_BOUND ( 'NONE', #3129, .T. ) ;
#1262 = LINE ( 'NONE', #444, #5333 ) ;
#1263 = AXIS2_PLACEMENT_3D ( 'NONE', #4740, #639, #3160 ) ;
#1264 = CLOSED_SHELL ( 'NONE', ( #1240, #2688, #2702, #1776, #2436, #2370, #1887, #1480, #2834, #2785 ) ) ;
#1265 = CYLINDRICAL_SURFACE ( 'NONE', #5908, 0.1999999999999767800 ) ;
#1266 = CARTESIAN_POINT ( 'NONE',  ( 10.32156932122342300, -0.01999987652449939500, 4.000000029454382000 ) ) ;
#1267 = CARTESIAN_POINT ( 'NONE',  ( 5.250000020249865800, 2.006428974360064300, -4.799999997427786300 ) ) ;
#1268 = CARTESIAN_POINT ( 'NONE',  ( -10.32156932836119400, 0.1150001234381985400, 3.810857501829423700 ) ) ;
#1269 = ORIENTED_EDGE ( 'NONE', *, *, #2341, .F. ) ;
#1270 = LINE ( 'NONE', #5070, #1284 ) ;
#1271 = ORIENTED_EDGE ( 'NONE', *, *, #1652, .F. ) ;
#1272 = EDGE_CURVE ( 'NONE', #4716, #4119, #2622, .T. ) ;
#1273 = AXIS2_PLACEMENT_3D ( 'NONE', #588, #548, #528 ) ;
#1274 = ADVANCED_FACE ( 'NONE', ( #2604 ), #2081, .T. ) ;
#1275 = ORIENTED_EDGE ( 'NONE', *, *, #4801, .T. ) ;
#1276 = CARTESIAN_POINT ( 'NONE',  ( -5.599999999999938400, 0.1800001234754994000, 4.400000029454227000 ) ) ;
#1277 = CARTESIAN_POINT ( 'NONE',  ( -5.249999979750197300, 0.09999999999999939500, -4.599999997427734600 ) ) ;
#1278 = ORIENTED_EDGE ( 'NONE', *, *, #2215, .T. ) ;
#1279 = ADVANCED_FACE ( 'NONE', ( #2583 ), #1933, .T. ) ;
#1280 = UNCERTAINTY_MEASURE_WITH_UNIT (LENGTH_MEASURE( 1.000000000000000100E-005 ), #3712, 'distance_accuracy_value', 'NONE');
#1281 = ORIENTED_EDGE ( 'NONE', *, *, #1546, .T. ) ;
#1282 = DIRECTION ( 'NONE',  ( -1.000000000000000000, 0.0000000000000000000, 0.0000000000000000000 ) ) ;
#1283 = EDGE_LOOP ( 'NONE', ( #5643, #5648, #5649, #5653 ) ) ;
#1284 = VECTOR ( 'NONE', #5179, 1000.000000000000000 ) ;
#1285 = MECHANICAL_DESIGN_GEOMETRIC_PRESENTATION_REPRESENTATION (  '', ( #2229 ), #2085 ) ;
#1286 = SURFACE_STYLE_USAGE ( .BOTH. , #554 ) ;
#1287 = ADVANCED_FACE ( 'NONE', ( #2574 ), #1894, .F. ) ;
#1288 = AXIS2_PLACEMENT_3D ( 'NONE', #2831, #2762, #2765 ) ;
#1289 = B_SPLINE_CURVE_WITH_KNOTS ( 'NONE', 3,
 ( #3749, #4556, #1680, #1603, #178, #1206 ),
 .UNSPECIFIED., .F., .F.,
 ( 4, 2, 4 ),
 ( 0.0000000000000000000, 0.5000000000000000000, 1.000000000000000000 ),
 .UNSPECIFIED. ) ;
#1290 = DIRECTION ( 'NONE',  ( -7.434529182758073800E-016, -1.000000000000000000, 6.877881017395696700E-030 ) ) ;
#1291 = ORIENTED_EDGE ( 'NONE', *, *, #5322, .F. ) ;
#1292 = DIRECTION ( 'NONE',  ( 0.0000000000000000000, 1.000000000000000000, 0.0000000000000000000 ) ) ;
#1293 = VECTOR ( 'NONE', #3404, 1000.000000000000000 ) ;
#1294 = DIRECTION ( 'NONE',  ( 0.0000000000000000000, 0.0000000000000000000, -1.000000000000000000 ) ) ;
#1295 = VECTOR ( 'NONE', #1108, 1000.000000000000000 ) ;
#1296 = LINE ( 'NONE', #4230, #1293 ) ;
#1297 = SURFACE_SIDE_STYLE ('',( #3492 ) ) ;
#1298 = CARTESIAN_POINT ( 'NONE',  ( -4.900000000000001200, 0.4699999999999999700, -1.035000000000000800 ) ) ;
#1299 = ORIENTED_EDGE ( 'NONE', *, *, #3108, .F. ) ;
#1300 = DIRECTION ( 'NONE',  ( 0.0000000000000000000, 1.000000000000000000, 0.0000000000000000000 ) ) ;
#1301 = CARTESIAN_POINT ( 'NONE',  ( -0.9750000000000024200, 0.09999999999999939500, 4.260000000000085100 ) ) ;
#1302 = VERTEX_POINT ( 'NONE', #1839 ) ;
#1303 = ADVANCED_FACE ( 'NONE', ( #2575 ), #1882, .T. ) ;
#1304 = ADVANCED_FACE ( 'NONE', ( #2568 ), #1910, .T. ) ;
#1305 = CARTESIAN_POINT ( 'NONE',  ( 5.450000040499558600, -27.48064091039079700, -3.399999999999870700 ) ) ;
#1306 =( GEOMETRIC_REPRESENTATION_CONTEXT ( 3 ) GLOBAL_UNCERTAINTY_ASSIGNED_CONTEXT ( ( #3750 ) ) GLOBAL_UNIT_ASSIGNED_CONTEXT ( ( #1377, #5555, #5447 ) ) REPRESENTATION_CONTEXT ( 'NONE', 'WORKASPACE' ) );
#1307 = DIRECTION ( 'NONE',  ( 0.0000000000000000000, 0.0000000000000000000, -1.000000000000000000 ) ) ;
#1308 = ORIENTED_EDGE ( 'NONE', *, *, #6017, .F. ) ;
#1309 = VERTEX_POINT ( 'NONE', #1791 ) ;
#1310 = ADVANCED_FACE ( 'NONE', ( #2569 ), #1712, .T. ) ;
#1311 = DIRECTION ( 'NONE',  ( 1.000000000000000000, -0.0000000000000000000, 0.0000000000000000000 ) ) ;
#1312 = CARTESIAN_POINT ( 'NONE',  ( 0.2999999999999779500, -0.02000008014891793700, 12.21037961703495400 ) ) ;
#1313 = ADVANCED_FACE ( 'NONE', ( #2557 ), #1737, .T. ) ;
#1314 = DIRECTION ( 'NONE',  ( 1.105450428193023900E-012, 0.0000000000000000000, -1.000000000000000000 ) ) ;
#1315 = VERTEX_POINT ( 'NONE', #1691 ) ;
#1316 = EDGE_CURVE ( 'NONE', #3539, #304, #2548, .T. ) ;
#1317 = VECTOR ( 'NONE', #4612, 1000.000000000000100 ) ;
#1318 = AXIS2_PLACEMENT_3D ( 'NONE', #2982, #2413, #3014 ) ;
#1319 = DIRECTION ( 'NONE',  ( -0.0000000000000000000, 0.0000000000000000000, 1.000000000000000000 ) ) ;
#1320 = LINE ( 'NONE', #5434, #5380 ) ;
#1321 = CYLINDRICAL_SURFACE ( 'NONE', #355, 0.1599999999998889500 ) ;
#1322 = ADVANCED_FACE ( 'NONE', ( #2594 ), #2525, .T. ) ;
#1323 = LINE ( 'NONE', #3969, #5297 ) ;
#1324 = VECTOR ( 'NONE', #3125, 1000.000000000000000 ) ;
#1325 = DIRECTION ( 'NONE',  ( -1.000000000000000000, 0.0000000000000000000, 0.0000000000000000000 ) ) ;
#1326 = EDGE_CURVE ( 'NONE', #889, #1828, #2564, .T. ) ;
#1327 = ORIENTED_EDGE ( 'NONE', *, *, #2665, .F. ) ;
#1328 = AXIS2_PLACEMENT_3D ( 'NONE', #337, #5043, #3850 ) ;
#1329 = DIRECTION ( 'NONE',  ( -0.9999999999999983300, -1.239088197126348500E-015, -5.785625790849786500E-008 ) ) ;
#1330 =( NAMED_UNIT ( * ) SI_UNIT ( $, .STERADIAN. ) SOLID_ANGLE_UNIT ( ) );
#1331 = ORIENTED_EDGE ( 'NONE', *, *, #3699, .F. ) ;
#1332 =( NAMED_UNIT ( * ) PLANE_ANGLE_UNIT ( ) SI_UNIT ( $, .RADIAN. ) );
#1333 = EDGE_CURVE ( 'NONE', #5595, #5856, #2540, .T. ) ;
#1334 = DIRECTION ( 'NONE',  ( 0.0000000000000000000, 0.0000000000000000000, -1.000000000000000000 ) ) ;
#1335 = PLANE ( 'NONE',  #3810 ) ;
#1336 = EDGE_CURVE ( 'NONE', #6054, #5856, #2519, .T. ) ;
#1337 = DIRECTION ( 'NONE',  ( 3.574525976782709700E-031, 1.000000000000000000, -3.571489576900878700E-015 ) ) ;
#1338 = ADVANCED_FACE ( 'NONE', ( #2492 ), #2399, .F. ) ;
#1339 =( LENGTH_UNIT ( ) NAMED_UNIT ( * ) SI_UNIT ( .MILLI., .METRE. ) );
#1340 = ADVANCED_FACE ( 'NONE', ( #2409 ), #2386, .F. ) ;
#1341 = PRODUCT_DEFINITION_SHAPE ( 'NONE', 'NONE',  #6119 ) ;
#1342 = CARTESIAN_POINT ( 'NONE',  ( -5.599999999999827300, 1.139999999999999500, -3.199999970545834000 ) ) ;
#1343 = VECTOR ( 'NONE', #1467, 1000.000000000000000 ) ;
#1344 = CARTESIAN_POINT ( 'NONE',  ( -4.400000000000001200, 0.4699999999999999700, -1.025000000000001700 ) ) ;
#1345 = ORIENTED_EDGE ( 'NONE', *, *, #2278, .T. ) ;
#1346 = LINE ( 'NONE', #3874, #5392 ) ;
#1347 = ORIENTED_EDGE ( 'NONE', *, *, #3327, .T. ) ;
#1348 = CARTESIAN_POINT ( 'NONE',  ( 3.974999999999959700, 0.2499999999999950000, 12.21037961703495400 ) ) ;
#1349 = CARTESIAN_POINT ( 'NONE',  ( 5.299999999999971400, 0.7500000000000630600, 4.650000000000137100 ) ) ;
#1350 = EDGE_CURVE ( 'NONE', #6051, #3789, #2407, .T. ) ;
#1351 = AXIS2_PLACEMENT_3D ( 'NONE', #2846, #5478, #3364 ) ;
#1352 = ADVANCED_FACE ( 'NONE', ( #2416 ), #1211, .F. ) ;
#1353 = PLANE ( 'NONE',  #154 ) ;
#1354 = COLOUR_RGB ( '',0.4117647058823529200, 0.4117647058823529200, 0.4117647058823529200 ) ;
#1355 = ORIENTED_EDGE ( 'NONE', *, *, #3660, .F. ) ;
#1356 = DIRECTION ( 'NONE',  ( 1.000000000000000000, 0.0000000000000000000, 0.0000000000000000000 ) ) ;
#1357 = ORIENTED_EDGE ( 'NONE', *, *, #5385, .F. ) ;
#1358 = DIRECTION ( 'NONE',  ( 0.0000000000000000000, 0.0000000000000000000, 1.000000000000000000 ) ) ;
#1359 = VECTOR ( 'NONE', #5419, 1000.000000000000000 ) ;
#1360 = ADVANCED_FACE ( 'NONE', ( #2392 ), #2349, .F. ) ;
#1361 = EDGE_CURVE ( 'NONE', #6035, #5595, #2361, .T. ) ;
#1362 = CARTESIAN_POINT ( 'NONE',  ( 0.0000000000000000000, 0.0000000000000000000, 4.100000000000087600 ) ) ;
#1363 = ORIENTED_EDGE ( 'NONE', *, *, #3543, .F. ) ;
#1364 = COLOUR_RGB ( '',0.4117647058823529200, 0.4117647058823529200, 0.4117647058823529200 ) ;
#1365 = CARTESIAN_POINT ( 'NONE',  ( 5.449999999999938000, 1.139999999999999500, 4.500000028665239100 ) ) ;
#1366 = FACE_OUTER_BOUND ( 'NONE', #5984, .T. ) ;
#1367 = DIRECTION ( 'NONE',  ( -0.0000000000000000000, -1.000000000000000000, -0.0000000000000000000 ) ) ;
#1368 = CARTESIAN_POINT ( 'NONE',  ( -5.599999999999828200, 1.181887902047834800, -3.200041668533692100 ) ) ;
#1369 = EDGE_CURVE ( 'NONE', #3346, #5836, #2373, .T. ) ;
#1370 = AXIS2_PLACEMENT_3D ( 'NONE', #1675, #2051, #2097 ) ;
#1371 = FACE_OUTER_BOUND ( 'NONE', #2950, .T. ) ;
#1372 = DIRECTION ( 'NONE',  ( 0.0000000000000000000, 0.0000000000000000000, 1.000000000000000000 ) ) ;
#1373 = DIRECTION ( 'NONE',  ( -0.0000000000000000000, -1.000000000000000000, -0.0000000000000000000 ) ) ;
#1374 = B_SPLINE_SURFACE_WITH_KNOTS ( 'NONE', 1, 3, ( 
 ( #2372, #2451, #2673, #2339, #4366, #2535 ),
 ( #3038, #3050, #3090, #3186, #3191, #3200 ) ),
 .UNSPECIFIED., .F., .F., .F.,
 ( 2, 2 ),
 ( 4, 2, 4 ),
 ( 0.0000000000000000000, 1.000000000000000000 ),
 ( 0.0000000000000000000, 0.5000000000000000000, 1.000000000000000000 ),
 .UNSPECIFIED. ) ;
#1375 = VECTOR ( 'NONE', #4533, 1000.000000000000000 ) ;
#1376 = VERTEX_POINT ( 'NONE', #1083 ) ;
#1377 =( LENGTH_UNIT ( ) NAMED_UNIT ( * ) SI_UNIT ( .MILLI., .METRE. ) );
#1378 = EDGE_CURVE ( 'NONE', #4779, #1309, #2356, .T. ) ;
#1379 = DIRECTION ( 'NONE',  ( 1.000000000000000000, -0.0000000000000000000, 0.0000000000000000000 ) ) ;
#1380 = EDGE_CURVE ( 'NONE', #5856, #3288, #2345, .T. ) ;
#1381 = LINE ( 'NONE', #4303, #1375 ) ;
#1382 = PRESENTATION_STYLE_ASSIGNMENT (( #4829 ) ) ;
#1383 = CIRCLE ( 'NONE', #1101, 0.1599999999998890100 ) ;
#1384 = EDGE_CURVE ( 'NONE', #1432, #3288, #2334, .T. ) ;
#1385 = VERTEX_POINT ( 'NONE', #1040 ) ;
#1386 = ADVANCED_FACE ( 'NONE', ( #2338 ), #4256, .T. ) ;
#1387 = CYLINDRICAL_SURFACE ( 'NONE', #4347, 0.01000000000000013400 ) ;
#1388 = DIRECTION ( 'NONE',  ( -1.000000000000000000, -4.883772829978697200E-015, 0.0000000000000000000 ) ) ;
#1389 = FACE_OUTER_BOUND ( 'NONE', #2966, .T. ) ;
#1390 = SURFACE_STYLE_USAGE ( .BOTH. , #1394 ) ;
#1391 = CARTESIAN_POINT ( 'NONE',  ( 5.450000040499539900, 1.139999999999999500, -3.199999971334787800 ) ) ;
#1392 = FACE_OUTER_BOUND ( 'NONE', #4125, .T. ) ;
#1393 = VECTOR ( 'NONE', #4475, 1000.000000000000000 ) ;
#1394 = SURFACE_SIDE_STYLE ('',( #2506 ) ) ;
#1395 = EDGE_CURVE ( 'NONE', #4716, #4880, #2302, .T. ) ;
#1396 = DIRECTION ( 'NONE',  ( 5.259689119837713200E-009, 0.0000000000000000000, -1.000000000000000000 ) ) ;
#1397 = FACE_OUTER_BOUND ( 'NONE', #4525, .T. ) ;
#1398 = CARTESIAN_POINT ( 'NONE',  ( -5.449999999999936200, 0.7500000000001177900, 4.600000029454182700 ) ) ;
#1399 = ORIENTED_EDGE ( 'NONE', *, *, #2806, .F. ) ;
#1400 = SURFACE_STYLE_FILL_AREA ( #3758 ) ;
#1401 = LINE ( 'NONE', #3919, #1548 ) ;
#1402 = CARTESIAN_POINT ( 'NONE',  ( -0.6782860000001853500, 0.2500002381462598800, -4.649999997427862300 ) ) ;
#1403 = DIRECTION ( 'NONE',  ( 1.000000000000000000, 0.0000000000000000000, 0.0000000000000000000 ) ) ;
#1404 = DIRECTION ( 'NONE',  ( 2.614036792821880100E-031, 4.269046054163329500E-015, 1.000000000000000000 ) ) ;
#1405 = LINE ( 'NONE', #226, #2661 ) ;
#1406 = AXIS2_PLACEMENT_3D ( 'NONE', #5646, #5630, #5569 ) ;
#1407 = ADVANCED_FACE ( 'NONE', ( #2294 ), #948, .T. ) ;
#1408 = LINE ( 'NONE', #4416, #1393 ) ;
#1409 = UNCERTAINTY_MEASURE_WITH_UNIT (LENGTH_MEASURE( 1.000000000000000100E-005 ), #5431, 'distance_accuracy_value', 'NONE');
#1410 = CARTESIAN_POINT ( 'NONE',  ( -5.582756304577409300, 1.223517865402066600, -3.200083366521547100 ) ) ;
#1411 = VERTEX_POINT ( 'NONE', #921 ) ;
#1412 = VECTOR ( 'NONE', #1337, 1000.000000000000000 ) ;
#1413 = SURFACE_SIDE_STYLE ('',( #4976 ) ) ;
#1414 = ORIENTED_EDGE ( 'NONE', *, *, #1137, .T. ) ;
#1415 = EDGE_CURVE ( 'NONE', #4880, #1636, #2299, .T. ) ;
#1416 = CIRCLE ( 'NONE', #3434, 0.1599999999998889500 ) ;
#1417 = CARTESIAN_POINT ( 'NONE',  ( 0.0000000000000000000, 0.4699999999999999700, -2.025000000000001700 ) ) ;
#1418 = FILL_AREA_STYLE ('',( #1437 ) ) ;
#1419 = PLANE ( 'NONE',  #5364 ) ;
#1420 = ADVANCED_FACE ( 'NONE', ( #1075 ), #790, .T. ) ;
#1421 = LINE ( 'NONE', #555, #1795 ) ;
#1422 = CARTESIAN_POINT ( 'NONE',  ( 4.175000020249841600, 1.149999999999999900, -4.799999997427861800 ) ) ;
#1423 = CARTESIAN_POINT ( 'NONE',  ( -0.2249999999998285000, 0.1000000000000002600, 4.599999999999992500 ) ) ;
#1424 = AXIS2_PLACEMENT_3D ( 'NONE', #4398, #4139, #388 ) ;
#1425 = DIRECTION ( 'NONE',  ( 0.0000000000000000000, 0.0000000000000000000, 1.000000000000000000 ) ) ;
#1426 = ADVANCED_FACE ( 'NONE', ( #2273 ), #819, .T. ) ;
#1427 = CARTESIAN_POINT ( 'NONE',  ( -4.900000000000001200, 0.9699999999999999700, 1.514999999999999500 ) ) ;
#1428 = ORIENTED_EDGE ( 'NONE', *, *, #1607, .F. ) ;
#1429 = ORIENTED_EDGE ( 'NONE', *, *, #5248, .T. ) ;
#1430 = VECTOR ( 'NONE', #3730, 1000.000000000000000 ) ;
#1431 = EDGE_CURVE ( 'NONE', #2735, #6046, #5709, .T. ) ;
#1432 = VERTEX_POINT ( 'NONE', #678 ) ;
#1433 = CARTESIAN_POINT ( 'NONE',  ( 5.450000040499541700, 1.300000000000004300, -3.199999971334788200 ) ) ;
#1434 = CARTESIAN_POINT ( 'NONE',  ( -1.575000000000103700, 0.4499999999999296200, 4.800000000000137500 ) ) ;
#1435 = DIRECTION ( 'NONE',  ( 0.0000000000000000000, 0.0000000000000000000, -1.000000000000000000 ) ) ;
#1436 = VERTEX_POINT ( 'NONE', #659 ) ;
#1437 = FILL_AREA_STYLE_COLOUR ( '', #2493 ) ;
#1438 = VERTEX_POINT ( 'NONE', #649 ) ;
#1439 = CARTESIAN_POINT ( 'NONE',  ( -5.439999999999939100, 1.139999999999999900, 4.500000029454192900 ) ) ;
#1440 = VERTEX_POINT ( 'NONE', #643 ) ;
#1441 = AXIS2_PLACEMENT_3D ( 'NONE', #4527, #4503, #4442 ) ;
#1442 = DIRECTION ( 'NONE',  ( 2.160567898158697900E-031, 3.528475148365993500E-015, 1.000000000000000000 ) ) ;
#1443 = FACE_OUTER_BOUND ( 'NONE', #1526, .T. ) ;
#1444 = DIRECTION ( 'NONE',  ( -1.000000000000000000, 0.0000000000000000000, 0.0000000000000000000 ) ) ;
#1445 = DIRECTION ( 'NONE',  ( 0.0000000000000000000, 1.000000000000000000, -6.123233995736766000E-017 ) ) ;
#1446 = ADVANCED_FACE ( 'NONE', ( #2257 ), #676, .T. ) ;
#1447 = LINE ( 'NONE', #5721, #5552 ) ;
#1448 = MECHANICAL_DESIGN_GEOMETRIC_PRESENTATION_REPRESENTATION (  '', ( #3100 ), #1116 ) ;
#1449 = ADVANCED_FACE ( 'NONE', ( #2247 ), #690, .F. ) ;
#1450 = CARTESIAN_POINT ( 'NONE',  ( -3.974999999999941900, 0.2500002381461488600, -4.799999997427861800 ) ) ;
#1451 = CARTESIAN_POINT ( 'NONE',  ( -5.523517865402006100, 1.282756304577470800, -3.200166762497264700 ) ) ;
#1452 = ADVANCED_FACE ( 'NONE', ( #2258 ), #624, .F. ) ;
#1453 = DIRECTION ( 'NONE',  ( -0.0000000000000000000, -1.000000000000000000, -0.0000000000000000000 ) ) ;
#1454 = DIRECTION ( 'NONE',  ( -1.000000000000000000, 1.667666423790703400E-032, -5.259688788402081300E-009 ) ) ;
#1455 = EDGE_CURVE ( 'NONE', #829, #6046, #2233, .T. ) ;
#1456 = AXIS2_PLACEMENT_3D ( 'NONE', #5740, #534, #3001 ) ;
#1457 = LINE ( 'NONE', #214, #5303 ) ;
#1458 = DIRECTION ( 'NONE',  ( 0.0000000000000000000, 1.000000000000000000, 0.0000000000000000000 ) ) ;
#1459 = PRESENTATION_STYLE_ASSIGNMENT (( #5793 ) ) ;
#1460 = EDGE_CURVE ( 'NONE', #2478, #3666, #2239, .T. ) ;
#1461 = AXIS2_PLACEMENT_3D ( 'NONE', #4563, #2171, #1253 ) ;
#1462 = CARTESIAN_POINT ( 'NONE',  ( -4.374999979750215900, -27.48064091039079700, -3.749999997427866400 ) ) ;
#1463 = EDGE_CURVE ( 'NONE', #4028, #2735, #2251, .T. ) ;
#1464 = ORIENTED_EDGE ( 'NONE', *, *, #2470, .F. ) ;
#1465 = AXIS2_PLACEMENT_3D ( 'NONE', #2071, #6019, #4535 ) ;
#1466 =( NAMED_UNIT ( * ) SI_UNIT ( $, .STERADIAN. ) SOLID_ANGLE_UNIT ( ) );
#1467 = DIRECTION ( 'NONE',  ( 0.0000000000000000000, 3.528475148365993500E-015, 1.000000000000000000 ) ) ;
#1468 = ADVANCED_FACE ( 'NONE', ( #2228 ), #2106, .F. ) ;
#1469 = CARTESIAN_POINT ( 'NONE',  ( -5.599999999999938400, 1.149999999999999900, -3.199999999999869600 ) ) ;
#1470 = DIRECTION ( 'NONE',  ( -1.000000000000000000, 0.0000000000000000000, 0.0000000000000000000 ) ) ;
#1471 = ORIENTED_EDGE ( 'NONE', *, *, #2488, .T. ) ;
#1472 =( NAMED_UNIT ( * ) PLANE_ANGLE_UNIT ( ) SI_UNIT ( $, .RADIAN. ) );
#1473 = PRESENTATION_STYLE_ASSIGNMENT (( #4660 ) ) ;
#1474 = DIRECTION ( 'NONE',  ( 1.239088197126349800E-015, -1.000000000000000000, 1.479114197289396800E-030 ) ) ;
#1475 = COLOUR_RGB ( '',0.4117647058823529200, 0.4117647058823529200, 0.4117647058823529200 ) ;
#1476 = DIRECTION ( 'NONE',  ( 0.0000000000000000000, -3.252606517456872200E-015, -1.000000000000000000 ) ) ;
#1477 = CARTESIAN_POINT ( 'NONE',  ( -4.285000000000001900, 0.9699999999999999700, -8.673617379884035500E-016 ) ) ;
#1478 = ADVANCED_FACE ( 'NONE', ( #2120 ), #1072, .T. ) ;
#1479 = EDGE_LOOP ( 'NONE', ( #6111, #3413, #2078, #409 ) ) ;
#1480 = ADVANCED_FACE ( 'NONE', ( #2126 ), #255, .T. ) ;
#1481 = PLANE ( 'NONE',  #2359 ) ;
#1482 = LINE ( 'NONE', #3269, #4265 ) ;
#1483 = SURFACE_STYLE_FILL_AREA ( #3986 ) ;
#1484 = CARTESIAN_POINT ( 'NONE',  ( -16.71730168719639000, 0.1100000000000869600, 4.260000000000056600 ) ) ;
#1485 = ORIENTED_EDGE ( 'NONE', *, *, #3399, .T. ) ;
#1486 = ORIENTED_EDGE ( 'NONE', *, *, #6036, .T. ) ;
#1487 = STYLED_ITEM ( 'NONE', ( #839 ), #1861 ) ;
#1488 =( LENGTH_UNIT ( ) NAMED_UNIT ( * ) SI_UNIT ( .MILLI., .METRE. ) );
#1489 = CARTESIAN_POINT ( 'NONE',  ( -1.375000000000070600, -27.48064091039079700, 3.950000000000120100 ) ) ;
#1490 = ORIENTED_EDGE ( 'NONE', *, *, #2578, .F. ) ;
#1491 = PRESENTATION_STYLE_ASSIGNMENT (( #4057 ) ) ;
#1492 = DIRECTION ( 'NONE',  ( 0.0000000000000000000, 0.0000000000000000000, -1.000000000000000000 ) ) ;
#1493 = SURFACE_STYLE_USAGE ( .BOTH. , #1543 ) ;
#1494 = CARTESIAN_POINT ( 'NONE',  ( -5.449999999999938900, 1.142625345279781400, -3.200041785622835800 ) ) ;
#1495 = VERTEX_POINT ( 'NONE', #2803 ) ;
#1496 = FACE_OUTER_BOUND ( 'NONE', #570, .T. ) ;
#1497 = CIRCLE ( 'NONE', #620, 0.1599999999998894000 ) ;
#1498 = ADVANCED_FACE ( 'NONE', ( #2034 ), #2008, .T. ) ;
#1499 = FILL_AREA_STYLE ('',( #5970 ) ) ;
#1500 = CARTESIAN_POINT ( 'NONE',  ( -4.900000000000001200, 0.9699999999999999700, 0.5250000000000002400 ) ) ;
#1501 = ORIENTED_EDGE ( 'NONE', *, *, #4906, .F. ) ;
#1502 = DIRECTION ( 'NONE',  ( 1.239088197126349800E-015, -1.000000000000000000, 1.479114197289397100E-030 ) ) ;
#1503 = ORIENTED_EDGE ( 'NONE', *, *, #5635, .F. ) ;
#1504 = ADVANCED_FACE ( 'NONE', ( #2040 ), #2184, .T. ) ;
#1505 = CARTESIAN_POINT ( 'NONE',  ( -4.900000000000001200, 0.4699999999999999700, -2.025000000000001700 ) ) ;
#1506 = EDGE_CURVE ( 'NONE', #5163, #5915, #2004, .T. ) ;
#1507 = AXIS2_PLACEMENT_3D ( 'NONE', #861, #2130, #2850 ) ;
#1508 = ORIENTED_EDGE ( 'NONE', *, *, #1659, .F. ) ;
#1509 = VERTEX_POINT ( 'NONE', #2453 ) ;
#1510 = ADVANCED_FACE ( 'NONE', ( #1995 ), #253, .T. ) ;
#1511 = EDGE_CURVE ( 'NONE', #722, #881, #1983, .T. ) ;
#1512 = FILL_AREA_STYLE ('',( #727 ) ) ;
#1513 = ORIENTED_EDGE ( 'NONE', *, *, #2194, .T. ) ;
#1514 = ORIENTED_EDGE ( 'NONE', *, *, #4524, .T. ) ;
#1515 = ADVANCED_FACE ( 'NONE', ( #1976 ), #3344, .T. ) ;
#1516 = PLANE ( 'NONE',  #2773 ) ;
#1517 = EDGE_CURVE ( 'NONE', #5915, #6067, #1899, .T. ) ;
#1519 = VERTEX_POINT ( 'NONE', #2908 ) ;
#1518 = MECHANICAL_DESIGN_GEOMETRIC_PRESENTATION_REPRESENTATION (  '', ( #2195 ), #590 ) ;
#1520 = CARTESIAN_POINT ( 'NONE',  ( -5.449999999421417700, 2.006428974359998100, -4.259999999999937600 ) ) ;
#1521 = EDGE_CURVE ( 'NONE', #3105, #829, #1907, .T. ) ;
#1522 = STYLED_ITEM ( 'NONE', ( #700 ), #2834 ) ;
#1523 = VECTOR ( 'NONE', #2716, 1000.000000000000000 ) ;
#1524 = ADVANCED_FACE ( 'NONE', ( #1918 ), #2819, .T. ) ;
#1525 = CARTESIAN_POINT ( 'NONE',  ( -5.599999999999938400, 0.7500000000001177900, 4.600000029454182700 ) ) ;
#1526 = EDGE_LOOP ( 'NONE', ( #3260, #3280, #3299, #3338, #3362, #3370, #3376, #3388, #3395, #3414, #3441 ) ) ;
#1527 = CARTESIAN_POINT ( 'NONE',  ( -0.2249999999998288900, 0.1000000000000011300, 4.800000000000026500 ) ) ;
#1528 = ORIENTED_EDGE ( 'NONE', *, *, #516, .F. ) ;
#1529 = CARTESIAN_POINT ( 'NONE',  ( 0.2999999999999779000, -0.02000008014891360000, -4.649999997427862300 ) ) ;
#1530 = VERTEX_POINT ( 'NONE', #2759 ) ;
#1531 = VECTOR ( 'NONE', #5492, 1000.000000000000000 ) ;
#1532 = EDGE_CURVE ( 'NONE', #719, #3105, #1892, .T. ) ;
#1533 = AXIS2_PLACEMENT_3D ( 'NONE', #4468, #4446, #4421 ) ;
#1534 = CIRCLE ( 'NONE', #4898, 0.009999999999999266400 ) ;
#1535 = DIRECTION ( 'NONE',  ( -1.000000000000000000, 0.0000000000000000000, 0.0000000000000000000 ) ) ;
#1536 = AXIS2_PLACEMENT_3D ( 'NONE', #2261, #2502, #2288 ) ;
#1537 = PLANE ( 'NONE',  #1465 ) ;
#1538 = SHAPE_DEFINITION_REPRESENTATION ( #1965, #5750 ) ;
#1539 = EDGE_LOOP ( 'NONE', ( #5762, #5772, #5787, #5816 ) ) ;
#1540 = PLANE ( 'NONE',  #4281 ) ;
#1541 = CIRCLE ( 'NONE', #51, 0.009999999999999266400 ) ;
#1542 = CARTESIAN_POINT ( 'NONE',  ( 4.575000001799981700, 1.181887902047834800, -4.249999999999865000 ) ) ;
#1543 = SURFACE_SIDE_STYLE ('',( #3075 ) ) ;
#1544 = FILL_AREA_STYLE ('',( #1563 ) ) ;
#1545 = CARTESIAN_POINT ( 'NONE',  ( 5.449999995015415000, 1.299999999999889000, -4.089999999999976800 ) ) ;
#1546 = EDGE_CURVE ( 'NONE', #719, #4028, #1876, .T. ) ;
#1547 = SHAPE_DEFINITION_REPRESENTATION ( #660, #3741 ) ;
#1548 = VECTOR ( 'NONE', #3688, 1000.000000000000100 ) ;
#1549 = CARTESIAN_POINT ( 'NONE',  ( 10.32156932122342300, 0.7500000000001177900, 4.500000029454193800 ) ) ;
#1550 = ADVANCED_FACE ( 'NONE', ( #1871 ), #1374, .T. ) ;
#1551 = FILL_AREA_STYLE ('',( #2182 ) ) ;
#1552 = DIRECTION ( 'NONE',  ( -1.000000000000000000, 0.0000000000000000000, 0.0000000000000000000 ) ) ;
#1553 = PRESENTATION_STYLE_ASSIGNMENT (( #4220 ) ) ;
#1554 = EDGE_CURVE ( 'NONE', #401, #4270, #1847, .T. ) ;
#1555 = COLOUR_RGB ( '',0.4117647058823529200, 0.4117647058823529200, 0.4117647058823529200 ) ;
#1556 = VECTOR ( 'NONE', #2953, 1000.000000000000000 ) ;
#1557 = DIRECTION ( 'NONE',  ( 0.0000000000000000000, 0.0000000000000000000, -1.000000000000000000 ) ) ;
#1558 = LINE ( 'NONE', #4960, #3218 ) ;
#1559 = FACE_OUTER_BOUND ( 'NONE', #1539, .T. ) ;
#1560 = ORIENTED_EDGE ( 'NONE', *, *, #1925, .F. ) ;
#1561 = CYLINDRICAL_SURFACE ( 'NONE', #986, 0.009999999999999592500 ) ;
#1562 = ADVANCED_FACE ( 'NONE', ( #1850 ), #2393, .T. ) ;
#1563 = FILL_AREA_STYLE_COLOUR ( '', #3066 ) ;
#1564 = AXIS2_PLACEMENT_3D ( 'NONE', #5509, #5958, #6023 ) ;
#1565 = CARTESIAN_POINT ( 'NONE',  ( 5.399999999999904400, 0.4499999999999842500, -5.556414649620801800 ) ) ;
#1566 = DIRECTION ( 'NONE',  ( 0.0000000000000000000, 0.0000000000000000000, -1.000000000000000000 ) ) ;
#1567 = ORIENTED_EDGE ( 'NONE', *, *, #1943, .T. ) ;
#1568 = CARTESIAN_POINT ( 'NONE',  ( 5.449999979750264100, -27.48064091039079700, -3.599999999999890400 ) ) ;
#1569 = CARTESIAN_POINT ( 'NONE',  ( 0.5749999999999926300, 0.2500000000000626700, 4.800000000000137500 ) ) ;
#1570 = ORIENTED_EDGE ( 'NONE', *, *, #3443, .F. ) ;
#1571 = SURFACE_STYLE_FILL_AREA ( #4234 ) ;
#1572 = CARTESIAN_POINT ( 'NONE',  ( -4.574999999999984200, -0.05000000000003179000, -1.397020162857316700 ) ) ;
#1573 = ADVANCED_FACE ( 'NONE', ( #1856 ), #1827, .T. ) ;
#1574 = VERTEX_POINT ( 'NONE', #3087 ) ;
#1575 = CIRCLE ( 'NONE', #1441, 0.01000000000000013400 ) ;
#1576 = CARTESIAN_POINT ( 'NONE',  ( -16.71730168719639000, 0.1100000000000869600, 4.260000000000056600 ) ) ;
#1577 = DIRECTION ( 'NONE',  ( -0.0000000000000000000, -1.000000000000000000, 0.0000000000000000000 ) ) ;
#1578 = ORIENTED_EDGE ( 'NONE', *, *, #3422, .T. ) ;
#1579 = VECTOR ( 'NONE', #4201, 1000.000000000000000 ) ;
#1580 = LINE ( 'NONE', #906, #5572 ) ;
#1581 = ORIENTED_EDGE ( 'NONE', *, *, #560, .T. ) ;
#1582 = CARTESIAN_POINT ( 'NONE',  ( 4.175000020249841600, -27.48064091039079700, -3.949999997427844400 ) ) ;
#1583 = DIRECTION ( 'NONE',  ( -6.749933887243613700E-008, 0.0000000000000000000, -0.9999999999999977800 ) ) ;
#1584 = CARTESIAN_POINT ( 'NONE',  ( -5.450000040499558600, 1.300000000000000000, -3.399999999999870700 ) ) ;
#1585 = EDGE_LOOP ( 'NONE', ( #4555, #4587, #4608, #4670 ) ) ;
#1586 = FACE_OUTER_BOUND ( 'NONE', #3799, .T. ) ;
#1587 = LINE ( 'NONE', #2518, #3319 ) ;
#1588 = ORIENTED_EDGE ( 'NONE', *, *, #6048, .F. ) ;
#1589 = CARTESIAN_POINT ( 'NONE',  ( -5.249999979750198200, 0.1000000000000011300, -4.799999997427823600 ) ) ;
#1590 = ORIENTED_EDGE ( 'NONE', *, *, #3660, .T. ) ;
#1591 = FACE_OUTER_BOUND ( 'NONE', #4496, .T. ) ;
#1592 = DIRECTION ( 'NONE',  ( -1.000000000000000000, -0.0000000000000000000, -0.0000000000000000000 ) ) ;
#1593 = ADVANCED_FACE ( 'NONE', ( #1837 ), #2543, .T. ) ;
#1594 = LINE ( 'NONE', #4360, #1757 ) ;
#1595 = DIRECTION ( 'NONE',  ( 1.000000000000000000, 2.168404344970044100E-015, 0.0000000000000000000 ) ) ;
#1596 = LINE ( 'NONE', #1783, #343 ) ;
#1597 = CARTESIAN_POINT ( 'NONE',  ( 4.575000000000002800, 1.139999999999999500, -4.099999999999975700 ) ) ;
#1598 = EDGE_CURVE ( 'NONE', #6046, #4270, #1884, .T. ) ;
#1599 = CARTESIAN_POINT ( 'NONE',  ( -5.481887902047772000, 1.299999999999888600, -3.200208460485123800 ) ) ;
#1600 = VECTOR ( 'NONE', #4068, 1000.000000000000000 ) ;
#1601 = VECTOR ( 'NONE', #6018, 1000.000000000000000 ) ;
#1602 = COLOUR_RGB ( '',0.6666666666666666300, 0.6980392156862744700, 0.7686274509803920900 ) ;
#1603 = CARTESIAN_POINT ( 'NONE',  ( 5.449999998338446600, 1.223517865402066600, -4.232756304577447000 ) ) ;
#1604 = DIRECTION ( 'NONE',  ( 0.0000000000000000000, 0.0000000000000000000, -1.000000000000000000 ) ) ;
#1605 = EDGE_LOOP ( 'NONE', ( #5989, #6001, #6007, #6020 ) ) ;
#1606 = LINE ( 'NONE', #4183, #1579 ) ;
#1607 = EDGE_CURVE ( 'NONE', #5154, #4917, #1822, .T. ) ;
#1608 = CARTESIAN_POINT ( 'NONE',  ( -4.890000000000002300, 0.9699999999999999700, -1.025000000000001700 ) ) ;
#1609 = ORIENTED_EDGE ( 'NONE', *, *, #2777, .T. ) ;
#1610 = AXIS2_PLACEMENT_3D ( 'NONE', #3392, #6049, #4676 ) ;
#1611 =( NAMED_UNIT ( * ) SI_UNIT ( $, .STERADIAN. ) SOLID_ANGLE_UNIT ( ) );
#1612 = ORIENTED_EDGE ( 'NONE', *, *, #4954, .F. ) ;
#1613 = VECTOR ( 'NONE', #3968, 1000.000000000000000 ) ;
#1614 = DIRECTION ( 'NONE',  ( 1.000000000000000000, -0.0000000000000000000, 0.0000000000000000000 ) ) ;
#1615 = CARTESIAN_POINT ( 'NONE',  ( 5.450000039447603600, 0.4499999999999886300, -2.999999971334807100 ) ) ;
#1616 = DIRECTION ( 'NONE',  ( 0.0000000000000000000, 0.0000000000000000000, -1.000000000000000000 ) ) ;
#1617 = CARTESIAN_POINT ( 'NONE',  ( -5.249999979750200800, 2.006428974359998100, -4.599999997427734600 ) ) ;
#1618 = ADVANCED_FACE ( 'NONE', ( #1829 ), #1794, .T. ) ;
#1619 = LINE ( 'NONE', #3851, #4311 ) ;
#1620 = CARTESIAN_POINT ( 'NONE',  ( 4.575000020249797600, 1.300000000000000000, -3.949999997427844400 ) ) ;
#1621 = DIRECTION ( 'NONE',  ( 0.0000000000000000000, 0.0000000000000000000, 1.000000000000000000 ) ) ;
#1622 = ORIENTED_EDGE ( 'NONE', *, *, #1153, .F. ) ;
#1623 = PLANE ( 'NONE',  #2154 ) ;
#1624 = CIRCLE ( 'NONE', #4749, 0.1999999999999779700 ) ;
#1625 = AXIS2_PLACEMENT_3D ( 'NONE', #5109, #5091, #5075 ) ;
#1626 = ORIENTED_EDGE ( 'NONE', *, *, #2923, .T. ) ;
#1627 = CARTESIAN_POINT ( 'NONE',  ( -5.439999999999939100, 1.149999999999999500, 4.500000000000059500 ) ) ;
#1628 = AXIS2_PLACEMENT_3D ( 'NONE', #4294, #4312, #4336 ) ;
#1629 = DIRECTION ( 'NONE',  ( 0.0000000000000000000, 1.000000000000000000, 0.0000000000000000000 ) ) ;
#1630 = CIRCLE ( 'NONE', #2945, 0.1999999999999224600 ) ;
#1631 = ADVANCED_FACE ( 'NONE', ( #1808 ), #3611, .T. ) ;
#1632 = VECTOR ( 'NONE', #3573, 1000.000000000000000 ) ;
#1633 = EDGE_LOOP ( 'NONE', ( #1513, #2443, #4808, #5114 ) ) ;
#1634 = LINE ( 'NONE', #2431, #4157 ) ;
#1635 = ADVANCED_FACE ( 'NONE', ( #1731 ), #2270, .T. ) ;
#1636 = VERTEX_POINT ( 'NONE', #3684 ) ;
#1637 = CARTESIAN_POINT ( 'NONE',  ( -4.900000000000001200, 0.9699999999999999700, 0.5250000000000002400 ) ) ;
#1638 = MANIFOLD_SOLID_BREP ( 'ŒﬁΩ - âüÇµèoÇµ2[1]', #1264 ) ;
#1639 = DIRECTION ( 'NONE',  ( 0.0000000000000000000, -0.0000000000000000000, 1.000000000000000000 ) ) ;
#1640 = CARTESIAN_POINT ( 'NONE',  ( -5.449999999999936200, 1.139999999999999500, 4.500000029454192900 ) ) ;
#1641 = DIRECTION ( 'NONE',  ( 1.239088197126349800E-015, -1.000000000000000000, 1.479114197289397100E-030 ) ) ;
#1642 = AXIS2_PLACEMENT_3D ( 'NONE', #1276, #1325, #1372 ) ;
#1643 = DIRECTION ( 'NONE',  ( -1.991647080244689200E-031, -3.252606517456872200E-015, -1.000000000000000000 ) ) ;
#1644 = VECTOR ( 'NONE', #57, 1000.000000000000000 ) ;
#1645 = ADVANCED_FACE ( 'NONE', ( #1718 ), #3779, .T. ) ;
#1646 = CARTESIAN_POINT ( 'NONE',  ( -5.445235987755921800, 1.149999999999999500, 4.500000009818104600 ) ) ;
#1647 = DIRECTION ( 'NONE',  ( -6.123233995736766000E-017, -1.000000000000000000, 3.571489509363941500E-015 ) ) ;
#1648 = DIRECTION ( 'NONE',  ( 0.0000000000000000000, -1.000000000000000000, 4.269046054163329500E-015 ) ) ;
#1649 = ORIENTED_EDGE ( 'NONE', *, *, #4971, .T. ) ;
#1650 = DIRECTION ( 'NONE',  ( 3.543711097672514000E-031, 1.000000000000000000, -6.782881022934826900E-023 ) ) ;
#1651 = CARTESIAN_POINT ( 'NONE',  ( -5.439999999999939100, 1.299999999999889000, -3.200250158472981400 ) ) ;
#1652 = EDGE_CURVE ( 'NONE', #2735, #401, #1630, .T. ) ;
#1653 = LINE ( 'NONE', #77, #1913 ) ;
#1654 = CARTESIAN_POINT ( 'NONE',  ( -5.449999999999938000, 1.145235987755982800, 4.500000019636148700 ) ) ;
#1655 = VERTEX_POINT ( 'NONE', #3638 ) ;
#1656 = CARTESIAN_POINT ( 'NONE',  ( 7.700000000000001100, 0.4699999999999999700, -5.000000000000000000 ) ) ;
#1657 = ORIENTED_EDGE ( 'NONE', *, *, #1554, .T. ) ;
#1658 = CARTESIAN_POINT ( 'NONE',  ( -5.400000000000071400, 0.7500000000000622800, 4.650000000000137100 ) ) ;
#1659 = EDGE_CURVE ( 'NONE', #5258, #5620, #1619, .T. ) ;
#1660 = DIRECTION ( 'NONE',  ( 0.0000000000000000000, -3.571489509363941500E-015, -1.000000000000000000 ) ) ;
#1661 = ADVANCED_FACE ( 'NONE', ( #1708 ), #3940, .T. ) ;
#1662 = DIRECTION ( 'NONE',  ( 1.000000000000000000, 0.0000000000000000000, 0.0000000000000000000 ) ) ;
#1663 = VERTEX_POINT ( 'NONE', #3918 ) ;
#1664 = VECTOR ( 'NONE', #1151, 1000.000000000000000 ) ;
#1665 = ORIENTED_EDGE ( 'NONE', *, *, #2332, .F. ) ;
#1666 = DIRECTION ( 'NONE',  ( 0.0000000000000000000, 0.0000000000000000000, 1.000000000000000000 ) ) ;
#1667 = VERTEX_POINT ( 'NONE', #3962 ) ;
#1668 = CARTESIAN_POINT ( 'NONE',  ( 4.575000003599962300, 1.145235987755982800, -4.099999999999975700 ) ) ;
#1669 = CARTESIAN_POINT ( 'NONE',  ( 5.450000004619443700, 0.05000028673470078400, 3.621715028665278200 ) ) ;
#1670 = EDGE_CURVE ( 'NONE', #5270, #4432, #1624, .T. ) ;
#1671 = AXIS2_PLACEMENT_3D ( 'NONE', #773, #505, #804 ) ;
#1672 = VECTOR ( 'NONE', #6094, 1000.000000000000000 ) ;
#1673 = DIRECTION ( 'NONE',  ( -1.000000000000000000, 5.478074134664205900E-015, -1.826024711554735200E-015 ) ) ;
#1674 = CARTESIAN_POINT ( 'NONE',  ( -0.9749999999999481300, 0.1100000000000007200, 4.260000000000085100 ) ) ;
#1675 = CARTESIAN_POINT ( 'NONE',  ( 5.299999999999971400, 0.7500000000000622800, -5.556414649620801800 ) ) ;
#1676 = EDGE_CURVE ( 'NONE', #2697, #5224, #655, .T. ) ;
#1677 = DIRECTION ( 'NONE',  ( 1.000000000000000000, 7.067391939164968100E-015, 0.0000000000000000000 ) ) ;
#1678 = EDGE_CURVE ( 'NONE', #4110, #5619, #5565, .T. ) ;
#1679 = AXIS2_PLACEMENT_3D ( 'NONE', #827, #4980, #3661 ) ;
#1680 = CARTESIAN_POINT ( 'NONE',  ( 5.449999996676930400, 1.282756304577470800, -4.173517865402043700 ) ) ;
#1681 = CARTESIAN_POINT ( 'NONE',  ( -4.400000000000001200, 0.4699999999999999700, -0.0000000000000000000 ) ) ;
#1682 = CARTESIAN_POINT ( 'NONE',  ( 10.32156932122342300, 0.2500000000000332000, 3.621715029454230600 ) ) ;
#1683 = EDGE_LOOP ( 'NONE', ( #3748, #3757, #3762, #3817 ) ) ;
#1684 = DIRECTION ( 'NONE',  ( 0.0000000000000000000, 0.0000000000000000000, -1.000000000000000000 ) ) ;
#1685 = ADVANCED_FACE ( 'NONE', ( #1726 ), #5295, .T. ) ;
#1686 = ADVANCED_FACE ( 'NONE', ( #1591 ), #1561, .F. ) ;
#1687 = CYLINDRICAL_SURFACE ( 'NONE', #3182, 0.2000000000000334800 ) ;
#1688 = ORIENTED_EDGE ( 'NONE', *, *, #2264, .F. ) ;
#1689 = UNCERTAINTY_MEASURE_WITH_UNIT (LENGTH_MEASURE( 1.000000000000000100E-005 ), #6065, 'distance_accuracy_value', 'NONE');
#1690 = EDGE_CURVE ( 'NONE', #4273, #3717, #1606, .T. ) ;
#1691 = CARTESIAN_POINT ( 'NONE',  ( -5.599999999999938400, 0.1150001234381976800, 3.810857585571923300 ) ) ;
#1692 = AXIS2_PLACEMENT_3D ( 'NONE', #3803, #980, #2119 ) ;
#1693 = DIRECTION ( 'NONE',  ( 0.0000000000000000000, 1.000000000000000000, -6.123233995736766000E-017 ) ) ;
#1694 = ADVANCED_FACE ( 'NONE', ( #1586 ), #207, .F. ) ;
#1695 = CARTESIAN_POINT ( 'NONE',  ( -5.300000000000082400, 1.149999999999999900, 4.500000000000059500 ) ) ;
#1696 = ADVANCED_FACE ( 'NONE', ( #1496 ), #1387, .F. ) ;
#1697 = DIRECTION ( 'NONE',  ( 0.0000000000000000000, -1.000000000000000000, 3.528475148365993500E-015 ) ) ;
#1698 = PRESENTATION_STYLE_ASSIGNMENT (( #3696 ) ) ;
#1699 =( NAMED_UNIT ( * ) PLANE_ANGLE_UNIT ( ) SI_UNIT ( $, .RADIAN. ) );
#1700 = EDGE_CURVE ( 'NONE', #1519, #3272, #1408, .T. ) ;
#1701 = CARTESIAN_POINT ( 'NONE',  ( -4.400000000000001200, 0.9699999999999999700, 1.524999999999998600 ) ) ;
#1702 = SURFACE_STYLE_FILL_AREA ( #3704 ) ;
#1703 = ORIENTED_EDGE ( 'NONE', *, *, #2980, .T. ) ;
#1704 = DIRECTION ( 'NONE',  ( 1.000000000000000000, 0.0000000000000000000, 0.0000000000000000000 ) ) ;
#1705 = DIRECTION ( 'NONE',  ( 0.0000000000000000000, 1.000000000000000000, -3.252606517456872200E-015 ) ) ;
#1706 = VERTEX_POINT ( 'NONE', #4517 ) ;
#1707 = EDGE_CURVE ( 'NONE', #401, #2697, #1381, .T. ) ;
#1708 = FACE_OUTER_BOUND ( 'NONE', #4994, .T. ) ;
#1709 = LINE ( 'NONE', #3994, #4680 ) ;
#1710 = COLOUR_RGB ( '',0.4196078431372549100, 1.000000000000000000, 0.05882352941176470500 ) ;
#1711 = ADVANCED_FACE ( 'NONE', ( #1389 ), #3903, .F. ) ;
#1712 = PLANE ( 'NONE',  #628 ) ;
#1713 = DIRECTION ( 'NONE',  ( 1.000000000000000000, 0.0000000000000000000, 0.0000000000000000000 ) ) ;
#1714 = VERTEX_POINT ( 'NONE', #5949 ) ;
#1715 = LINE ( 'NONE', #3617, #5756 ) ;
#1716 = LINE ( 'NONE', #4818, #257 ) ;
#1717 = CARTESIAN_POINT ( 'NONE',  ( -4.574999999999995700, 0.1100000000000007200, -4.249999999999976000 ) ) ;
#1718 = FACE_OUTER_BOUND ( 'NONE', #6015, .T. ) ;
#1719 = CARTESIAN_POINT ( 'NONE',  ( 5.250000020249864900, 0.09999999999999766000, -4.799999997427786300 ) ) ;
#1720 = CARTESIAN_POINT ( 'NONE',  ( 4.175000020249841600, 1.300000000000000000, -4.639999997427862500 ) ) ;
#1721 = ADVANCED_FACE ( 'NONE', ( #1261 ), #1252, .T. ) ;
#1722 = PLANE ( 'NONE',  #4120 ) ;
#1723 = EDGE_CURVE ( 'NONE', #5082, #5224, #1270, .T. ) ;
#1724 = EDGE_LOOP ( 'NONE', ( #892, #1508, #5317, #2290, #5795, #3010, #3291, #3809 ) ) ;
#1725 = DIRECTION ( 'NONE',  ( -1.000000000000000000, 0.0000000000000000000, -5.259688788402080500E-009 ) ) ;
#1726 = FACE_OUTER_BOUND ( 'NONE', #5405, .T. ) ;
#1727 = ORIENTED_EDGE ( 'NONE', *, *, #6106, .T. ) ;
#1728 = ORIENTED_EDGE ( 'NONE', *, *, #1166, .F. ) ;
#1729 = UNCERTAINTY_MEASURE_WITH_UNIT (LENGTH_MEASURE( 1.000000000000000100E-005 ), #5850, 'distance_accuracy_value', 'NONE');
#1730 = ADVANCED_FACE ( 'NONE', ( #1247 ), #4983, .T. ) ;
#1731 = FACE_OUTER_BOUND ( 'NONE', #5009, .T. ) ;
#1732 = CARTESIAN_POINT ( 'NONE',  ( 0.5749999999999926300, 0.2500000000000617800, -5.556414649620801800 ) ) ;
#1733 = ORIENTED_EDGE ( 'NONE', *, *, #4624, .F. ) ;
#1734 = FILL_AREA_STYLE_COLOUR ( '', #1141 ) ;
#1735 = CARTESIAN_POINT ( 'NONE',  ( 5.523517905902486400, 1.282756304577472100, -3.200166760986777400 ) ) ;
#1736 = LINE ( 'NONE', #5878, #316 ) ;
#1737 = PLANE ( 'NONE',  #612 ) ;
#1738 = ORIENTED_EDGE ( 'NONE', *, *, #1506, .F. ) ;
#1739 = FACE_OUTER_BOUND ( 'NONE', #5771, .T. ) ;
#1740 = EDGE_CURVE ( 'NONE', #1714, #3355, #1296, .T. ) ;
#1741 = DIRECTION ( 'NONE',  ( -1.000000000000000000, -7.228014483237492300E-016, 0.0000000000000000000 ) ) ;
#1742 = LINE ( 'NONE', #5820, #3274 ) ;
#1743 = ADVANCED_FACE ( 'NONE', ( #1234 ), #3941, .F. ) ;
#1744 = ORIENTED_EDGE ( 'NONE', *, *, #3198, .T. ) ;
#1745 = CARTESIAN_POINT ( 'NONE',  ( -1.375000000000181200, 0.4499999999999287300, -3.594446615752577800 ) ) ;
#1746 = ADVANCED_FACE ( 'NONE', ( #1230 ), #1215, .F. ) ;
#1747 = EDGE_LOOP ( 'NONE', ( #4277, #5243, #5519, #3988 ) ) ;
#1748 = CARTESIAN_POINT ( 'NONE',  ( -0.02500000000014643300, 1.139999999999999900, 4.090000000000087800 ) ) ;
#1749 = CIRCLE ( 'NONE', #3824, 0.009999999999999158900 ) ;
#1750 = EDGE_CURVE ( 'NONE', #4967, #5082, #1224, .T. ) ;
#1751 = AXIS2_PLACEMENT_3D ( 'NONE', #788, #437, #424 ) ;
#1752 = ORIENTED_EDGE ( 'NONE', *, *, #3781, .T. ) ;
#1753 = AXIS2_PLACEMENT_3D ( 'NONE', #4918, #3722, #3635 ) ;
#1754 = FACE_OUTER_BOUND ( 'NONE', #4947, .T. ) ;
#1755 = CARTESIAN_POINT ( 'NONE',  ( 5.600000040499541100, 1.150000000000000800, -3.199999999999870100 ) ) ;
#1756 = ORIENTED_EDGE ( 'NONE', *, *, #2072, .F. ) ;
#1757 = VECTOR ( 'NONE', #3342, 1000.000000000000000 ) ;
#1758 = CARTESIAN_POINT ( 'NONE',  ( 4.574999999999998400, 1.139999999999999500, -4.099999999999975700 ) ) ;
#1759 = ORIENTED_EDGE ( 'NONE', *, *, #3590, .F. ) ;
#1760 = EDGE_CURVE ( 'NONE', #719, #4967, #1229, .T. ) ;
#1761 = DIRECTION ( 'NONE',  ( 0.0000000000000000000, 0.0000000000000000000, -1.000000000000000000 ) ) ;
#1762 = ADVANCED_FACE ( 'NONE', ( #1207 ), #1099, .F. ) ;
#1763 = ADVANCED_FACE ( 'NONE', ( #1134 ), #5708, .T. ) ;
#1764 = CARTESIAN_POINT ( 'NONE',  ( -4.400000000000001200, 0.9699999999999999700, 0.5250000000000002400 ) ) ;
#1765 = CIRCLE ( 'NONE', #1642, 0.1999999999999970700 ) ;
#1766 = DIRECTION ( 'NONE',  ( 6.123231594656305100E-017, -1.000000000000000000, 4.565061847019895400E-015 ) ) ;
#1767 = DIRECTION ( 'NONE',  ( 1.000000000000000000, -0.0000000000000000000, 0.0000000000000000000 ) ) ;
#1768 = DIRECTION ( 'NONE',  ( -1.000000000000000000, 0.0000000000000000000, 0.0000000000000000000 ) ) ;
#1769 = EDGE_CURVE ( 'NONE', #4967, #2697, #1094, .T. ) ;
#1770 = CARTESIAN_POINT ( 'NONE',  ( 4.175000020249841600, 1.149999999999999500, -4.639999997427862500 ) ) ;
#1771 = ORIENTED_EDGE ( 'NONE', *, *, #3514, .T. ) ;
#1772 = DIRECTION ( 'NONE',  ( -7.434529182758073800E-016, -1.000000000000000000, 6.877881017395696700E-030 ) ) ;
#1773 = FILL_AREA_STYLE_COLOUR ( '', #5760 ) ;
#1774 = DIRECTION ( 'NONE',  ( 0.0000000000000000000, 0.0000000000000000000, 1.000000000000000000 ) ) ;
#1775 = CARTESIAN_POINT ( 'NONE',  ( -0.02500000000005232400, 1.139999999999999500, 1.297572480866142600 ) ) ;
#1776 = ADVANCED_FACE ( 'NONE', ( #1145 ), #4832, .F. ) ;
#1777 = CARTESIAN_POINT ( 'NONE',  ( 10.32156932122342300, 1.300000000000004300, -3.199999970545834400 ) ) ;
#1778 = EDGE_CURVE ( 'NONE', #2947, #5531, #998, .T. ) ;
#1779 = AXIS2_PLACEMENT_3D ( 'NONE', #1159, #4501, #5615 ) ;
#1780 = ORIENTED_EDGE ( 'NONE', *, *, #2902, .T. ) ;
#1781 = LINE ( 'NONE', #1994, #1167 ) ;
#1782 = CARTESIAN_POINT ( 'NONE',  ( 15.78890806328320200, 1.139999999999999900, 4.640000000000138200 ) ) ;
#1783 = CARTESIAN_POINT ( 'NONE',  ( 0.2999999999999779000, -0.02000008014891360000, -4.799999997427861800 ) ) ;
#1784 = ADVANCED_FACE ( 'NONE', ( #1014 ), #4371, .T. ) ;
#1785 = ORIENTED_EDGE ( 'NONE', *, *, #3985, .F. ) ;
#1786 = DIRECTION ( 'NONE',  ( 0.0000000000000000000, 1.000000000000000000, 0.0000000000000000000 ) ) ;
#1787 = EDGE_CURVE ( 'NONE', #5023, #1438, #929, .T. ) ;
#1788 = AXIS2_PLACEMENT_3D ( 'NONE', #3461, #3420, #3302 ) ;
#1789 = ORIENTED_EDGE ( 'NONE', *, *, #1760, .F. ) ;
#1790 = ADVANCED_FACE ( 'NONE', ( #930 ), #903, .T. ) ;
#1791 = CARTESIAN_POINT ( 'NONE',  ( -4.400000000000001200, 0.4699999999999999700, -2.015000000000002300 ) ) ;
#1792 = AXIS2_PLACEMENT_3D ( 'NONE', #5210, #5339, #5354 ) ;
#1793 = DIRECTION ( 'NONE',  ( 4.332992298294857200E-009, -1.000000000000000000, 0.0000000000000000000 ) ) ;
#1794 = CYLINDRICAL_SURFACE ( 'NONE', #3372, 0.1999999999999779700 ) ;
#1795 = VECTOR ( 'NONE', #5281, 1000.000000000000000 ) ;
#1796 = CARTESIAN_POINT ( 'NONE',  ( 5.449999996676928600, 1.149999999999999500, -4.095235987755959400 ) ) ;
#1797 = SURFACE_STYLE_FILL_AREA ( #3476 ) ;
#1798 = EDGE_CURVE ( 'NONE', #4511, #3789, #934, .T. ) ;
#1799 = LINE ( 'NONE', #5095, #2038 ) ;
#1800 = DIRECTION ( 'NONE',  ( -1.000000000000000000, -4.333012039943385800E-009, 5.947623346206474000E-015 ) ) ;
#1801 = PLANE ( 'NONE',  #1751 ) ;
#1802 = EDGE_CURVE ( 'NONE', #3642, #4511, #924, .T. ) ;
#1803 = AXIS2_PLACEMENT_3D ( 'NONE', #5383, #5324, #5271 ) ;
#1804 = ORIENTED_EDGE ( 'NONE', *, *, #2824, .F. ) ;
#1805 = DIRECTION ( 'NONE',  ( -5.259688788402080500E-009, 3.252606584458142900E-015, 1.000000000000000000 ) ) ;
#1806 = LINE ( 'NONE', #5276, #2722 ) ;
#1807 = DIRECTION ( 'NONE',  ( 0.0000000000000000000, 0.0000000000000000000, -1.000000000000000000 ) ) ;
#1808 = FACE_OUTER_BOUND ( 'NONE', #3924, .T. ) ;
#1809 = VECTOR ( 'NONE', #4518, 1000.000000000000000 ) ;
#1810 = VERTEX_POINT ( 'NONE', #4637 ) ;
#1811 = DIRECTION ( 'NONE',  ( 1.000000000000000000, -1.850371707708113200E-013, 1.401298464324817100E-045 ) ) ;
#1812 = CARTESIAN_POINT ( 'NONE',  ( -5.449999979750264100, -27.48064091039079700, -3.599999999999861500 ) ) ;
#1813 = AXIS2_PLACEMENT_3D ( 'NONE', #5536, #3093, #5914 ) ;
#1814 = CARTESIAN_POINT ( 'NONE',  ( 5.550000040499468500, 1.139999999999999500, -3.199999970808818700 ) ) ;
#1815 = DIRECTION ( 'NONE',  ( 1.710769839505585100E-023, 1.000000000000000000, -3.252606584458142900E-015 ) ) ;
#1816 = EDGE_LOOP ( 'NONE', ( #4419, #4065, #2189, #6116 ) ) ;
#1817 = COLOUR_RGB ( '',0.4117647058823529200, 0.4117647058823529200, 0.4117647058823529200 ) ;
#1818 = VECTOR ( 'NONE', #994, 1000.000000000000000 ) ;
#1819 = CIRCLE ( 'NONE', #2797, 0.1599999999998889500 ) ;
#1820 = DIRECTION ( 'NONE',  ( -5.785625790849786500E-008, -7.168900482801685400E-023, 0.9999999999999983300 ) ) ;
#1821 = ORIENTED_EDGE ( 'NONE', *, *, #3171, .F. ) ;
#1822 = CIRCLE ( 'NONE', #4875, 0.01000000000000015300 ) ;
#1823 = VECTOR ( 'NONE', #2104, 1000.000000000000000 ) ;
#1824 = ADVANCED_FACE ( 'NONE', ( #885 ), #872, .T. ) ;
#1825 = EDGE_CURVE ( 'NONE', #4718, #4511, #876, .T. ) ;
#1826 = ORIENTED_EDGE ( 'NONE', *, *, #3053, .F. ) ;
#1827 = CYLINDRICAL_SURFACE ( 'NONE', #2550, 0.1999999999999224600 ) ;
#1828 = VERTEX_POINT ( 'NONE', #4709 ) ;
#1829 = FACE_OUTER_BOUND ( 'NONE', #2018, .T. ) ;
#1830 = AXIS2_PLACEMENT_3D ( 'NONE', #4890, #4902, #4907 ) ;
#1831 = CIRCLE ( 'NONE', #1456, 0.01000000000000006600 ) ;
#1832 = CARTESIAN_POINT ( 'NONE',  ( -4.900000000000001200, 0.9699999999999999700, 0.5349999999999995900 ) ) ;
#1833 = DIRECTION ( 'NONE',  ( -1.000000000000000000, 0.0000000000000000000, 0.0000000000000000000 ) ) ;
#1834 = ADVANCED_FACE ( 'NONE', ( #907 ), #4653, .T. ) ;
#1835 = ADVANCED_FACE ( 'NONE', ( #879 ), #854, .T. ) ;
#1836 = CARTESIAN_POINT ( 'NONE',  ( 4.575000000578540100, 0.1100000000000024600, -4.260000000000007800 ) ) ;
#1837 = FACE_OUTER_BOUND ( 'NONE', #481, .T. ) ;
#1838 = ADVANCED_FACE ( 'NONE', ( #868 ), #4819, .F. ) ;
#1839 = CARTESIAN_POINT ( 'NONE',  ( -4.174999979750238000, 1.299999999999888600, -4.639999997427862500 ) ) ;
#1840 = CARTESIAN_POINT ( 'NONE',  ( -10.32156933198587000, 0.7500000000001185700, 4.499999945711693700 ) ) ;
#1841 = CARTESIAN_POINT ( 'NONE',  ( 5.600000004619444000, 0.05000028673470078400, 3.621715029454232000 ) ) ;
#1842 = FACE_OUTER_BOUND ( 'NONE', #6039, .T. ) ;
#1843 = PRESENTATION_STYLE_ASSIGNMENT (( #3079 ) ) ;
#1844 = ORIENTED_EDGE ( 'NONE', *, *, #1153, .T. ) ;
#1845 = CARTESIAN_POINT ( 'NONE',  ( 5.600000040499431900, 1.140000000000001200, -3.199999970545836600 ) ) ;
#1846 = VERTEX_POINT ( 'NONE', #4799 ) ;
#1847 = LINE ( 'NONE', #3130, #1854 ) ;
#1848 = CARTESIAN_POINT ( 'NONE',  ( 4.175000020249841600, -27.48064091039079700, -3.949999997427844400 ) ) ;
#1849 = EDGE_CURVE ( 'NONE', #3190, #922, #860, .T. ) ;
#1850 = FACE_OUTER_BOUND ( 'NONE', #5603, .T. ) ;
#1851 = PLANE ( 'NONE',  #4858 ) ;
#1852 = DIRECTION ( 'NONE',  ( -4.332986055019517600E-009, 1.000000000000000000, 0.0000000000000000000 ) ) ;
#1853 = APPLICATION_CONTEXT ( 'automotive_design' ) ;
#1854 = VECTOR ( 'NONE', #3127, 1000.000000000000000 ) ;
#1855 = LINE ( 'NONE', #3852, #3842 ) ;
#1856 = FACE_OUTER_BOUND ( 'NONE', #4456, .T. ) ;
#1857 = PRESENTATION_LAYER_ASSIGNMENT (  '', '', ( #2195 ) ) ;
#1858 = ADVANCED_FACE ( 'NONE', ( #897 ), #4895, .T. ) ;
#1859 = EDGE_CURVE ( 'NONE', #3887, #1440, #830, .T. ) ;
#1860 = STYLED_ITEM ( 'NONE', ( #2396 ), #2870 ) ;
#1861 = ADVANCED_FACE ( 'NONE', ( #818 ), #4926, .F. ) ;
#1862 = DIRECTION ( 'NONE',  ( -1.000000000000000000, -3.362732470473659500E-014, -2.059079778177219400E-030 ) ) ;
#1863 = FILL_AREA_STYLE_COLOUR ( '', #589 ) ;
#1864 = VECTOR ( 'NONE', #2897, 1000.000000000000000 ) ;
#1865 =( NAMED_UNIT ( * ) PLANE_ANGLE_UNIT ( ) SI_UNIT ( $, .RADIAN. ) );
#1866 =( NAMED_UNIT ( * ) SI_UNIT ( $, .STERADIAN. ) SOLID_ANGLE_UNIT ( ) );
#1867 = CARTESIAN_POINT ( 'NONE',  ( 10.32156932122342300, 0.2500000000000097700, -2.999999970545852900 ) ) ;
#1868 = CARTESIAN_POINT ( 'NONE',  ( -5.275000000000002100, 0.9699999999999999700, -0.4900000000000011600 ) ) ;
#1869 = ADVANCED_FACE ( 'NONE', ( #756 ), #1115, .F. ) ;
#1870 = ORIENTED_EDGE ( 'NONE', *, *, #6112, .F. ) ;
#1871 = FACE_OUTER_BOUND ( 'NONE', #3546, .T. ) ;
#1872 = AXIS2_PLACEMENT_3D ( 'NONE', #3119, #3104, #3084 ) ;
#1873 = ADVANCED_FACE ( 'NONE', ( #691 ), #673, .F. ) ;
#1874 = VECTOR ( 'NONE', #5967, 1000.000000000000000 ) ;
#1875 = LINE ( 'NONE', #732, #2333 ) ;
#1876 = CIRCLE ( 'NONE', #2424, 0.2000000000000334800 ) ;
#1877 = AXIS2_PLACEMENT_3D ( 'NONE', #983, #1604, #725 ) ;
#1878 = EDGE_CURVE ( 'NONE', #5594, #4850, #2458, .T. ) ;
#1879 = AXIS2_PLACEMENT_3D ( 'NONE', #4457, #1969, #1725 ) ;
#1880 = FACE_OUTER_BOUND ( 'NONE', #5245, .T. ) ;
#1881 = LINE ( 'NONE', #4379, #5443 ) ;
#1882 = PLANE ( 'NONE',  #656 ) ;
#1883 = ORIENTED_EDGE ( 'NONE', *, *, #2917, .F. ) ;
#1884 = CIRCLE ( 'NONE', #1536, 0.1999999999999224600 ) ;
#1885 = PLANE ( 'NONE',  #2265 ) ;
#1886 = CARTESIAN_POINT ( 'NONE',  ( 5.599999999999937500, 1.150000000000000800, 4.500000000000059500 ) ) ;
#1887 = ADVANCED_FACE ( 'NONE', ( #696 ), #597, .F. ) ;
#1888 = CIRCLE ( 'NONE', #1102, 0.01000000000000046000 ) ;
#1889 = EDGE_CURVE ( 'NONE', #5393, #821, #615, .T. ) ;
#1890 = DIRECTION ( 'NONE',  ( -7.067391939164968100E-015, 1.000000000000000000, 6.123233995736766000E-017 ) ) ;
#1891 = ORIENTED_EDGE ( 'NONE', *, *, #2375, .T. ) ;
#1892 = LINE ( 'NONE', #2360, #1864 ) ;
#1893 = ORIENTED_EDGE ( 'NONE', *, *, #2153, .F. ) ;
#1894 = PLANE ( 'NONE',  #720 ) ;
#1895 = ORIENTED_EDGE ( 'NONE', *, *, #3891, .F. ) ;
#1896 = ADVANCED_FACE ( 'NONE', ( #587 ), #571, .T. ) ;
#1897 = ADVANCED_FACE ( 'NONE', ( #609 ), #5371, .T. ) ;
#1898 = ORIENTED_EDGE ( 'NONE', *, *, #2042, .F. ) ;
#1899 = LINE ( 'NONE', #2890, #1912 ) ;
#1900 = VECTOR ( 'NONE', #6066, 1000.000000000000000 ) ;
#1901 = ORIENTED_EDGE ( 'NONE', *, *, #4543, .F. ) ;
#1902 = VERTEX_POINT ( 'NONE', #5534 ) ;
#1903 = CARTESIAN_POINT ( 'NONE',  ( -20.63308208994206400, 1.139999999999999900, -4.639999997427862500 ) ) ;
#1904 = EDGE_CURVE ( 'NONE', #1376, #5912, #518, .T. ) ;
#1905 = DIRECTION ( 'NONE',  ( 0.0000000000000000000, 0.0000000000000000000, 1.000000000000000000 ) ) ;
#1906 = ADVANCED_FACE ( 'NONE', ( #496 ), #469, .F. ) ;
#1907 = CIRCLE ( 'NONE', #809, 0.2000000000000334800 ) ;
#1908 = ORIENTED_EDGE ( 'NONE', *, *, #5697, .T. ) ;
#1909 = ADVANCED_FACE ( 'NONE', ( #500 ), #459, .F. ) ;
#1910 = PLANE ( 'NONE',  #644 ) ;
#1911 = CARTESIAN_POINT ( 'NONE',  ( -5.449999999421414100, 0.1100000000000024600, -4.259999999999937600 ) ) ;
#1912 = VECTOR ( 'NONE', #2823, 1000.000000000000000 ) ;
#1913 = VECTOR ( 'NONE', #345, 1000.000000000000000 ) ;
#1914 = EDGE_CURVE ( 'NONE', #3789, #5912, #465, .T. ) ;
#1915 = PRESENTATION_STYLE_ASSIGNMENT (( #2420 ) ) ;
#1916 = DIRECTION ( 'NONE',  ( -1.000000000000000000, -7.067391939164968100E-015, 0.0000000000000000000 ) ) ;
#1917 = DIRECTION ( 'NONE',  ( 0.0000000000000000000, 0.0000000000000000000, 1.000000000000000000 ) ) ;
#1918 = FACE_OUTER_BOUND ( 'NONE', #5285, .T. ) ;
#1919 = VERTEX_POINT ( 'NONE', #5670 ) ;
#1920 = FACE_OUTER_BOUND ( 'NONE', #4152, .T. ) ;
#1921 = CARTESIAN_POINT ( 'NONE',  ( -0.9749999999999476900, 1.139999999999999500, 4.249999999999976000 ) ) ;
#1922 = ADVANCED_FACE ( 'NONE', ( #457 ), #5695, .F. ) ;
#1923 = CARTESIAN_POINT ( 'NONE',  ( 4.575000000578540100, 0.1100000000000024600, -4.260000000000007800 ) ) ;
#1924 = CARTESIAN_POINT ( 'NONE',  ( -5.400000000000071400, 0.4499999999999842500, -3.594446615752577800 ) ) ;
#1925 = EDGE_CURVE ( 'NONE', #2542, #4779, #452, .T. ) ;
#1926 = PRESENTATION_LAYER_ASSIGNMENT (  '', '', ( #3964 ) ) ;
#1927 = CARTESIAN_POINT ( 'NONE',  ( -4.174999999999960700, 0.4500000000000267700, 12.21037961703495400 ) ) ;
#1928 = ORIENTED_EDGE ( 'NONE', *, *, #3833, .T. ) ;
#1929 = DIRECTION ( 'NONE',  ( 6.749933887243613700E-008, 0.0000000000000000000, 0.9999999999999977800 ) ) ;
#1930 = CARTESIAN_POINT ( 'NONE',  ( 5.449999999999965500, 0.1100000000000007200, -4.260000000000013100 ) ) ;
#1931 = ORIENTED_EDGE ( 'NONE', *, *, #4318, .T. ) ;
#1932 = CARTESIAN_POINT ( 'NONE',  ( -0.9749999999999476900, 1.139999999999999500, 4.100000000000086700 ) ) ;
#1933 = PLANE ( 'NONE',  #728 ) ;
#1934 = ADVANCED_FACE ( 'NONE', ( #447 ), #6080, .T. ) ;
#1935 = EDGE_CURVE ( 'NONE', #1315, #1035, #440, .T. ) ;
#1936 = VECTOR ( 'NONE', #1444, 1000.000000000000000 ) ;
#1937 = CARTESIAN_POINT ( 'NONE',  ( 5.450000000525906600, 0.1800001234754994000, 4.400000028665273200 ) ) ;
#1938 = PLANE ( 'NONE',  #2348 ) ;
#1939 = UNCERTAINTY_MEASURE_WITH_UNIT (LENGTH_MEASURE( 1.000000000000000100E-005 ), #2476, 'distance_accuracy_value', 'NONE');
#1940 = ADVANCED_FACE ( 'NONE', ( #484 ), #5839, .T. ) ;
#1941 = CARTESIAN_POINT ( 'NONE',  ( 4.575000020249797600, -27.48064091039079700, -3.949999997427844400 ) ) ;
#1942 = ORIENTED_EDGE ( 'NONE', *, *, #4235, .T. ) ;
#1943 = EDGE_CURVE ( 'NONE', #4682, #1530, #427, .T. ) ;
#1944 = DIRECTION ( 'NONE',  ( -4.332992298294857200E-009, 1.000000000000000000, 0.0000000000000000000 ) ) ;
#1945 = CARTESIAN_POINT ( 'NONE',  ( 5.299999999999971400, 1.149999999999998100, 4.640000000000138200 ) ) ;
#1946 = DIRECTION ( 'NONE',  ( -1.000000000000000000, 0.0000000000000000000, 0.0000000000000000000 ) ) ;
#1947 = CARTESIAN_POINT ( 'NONE',  ( 0.4891430364058089700, 0.1149999198142249700, 12.21037961703495400 ) ) ;
#1948 = PLANE ( 'NONE',  #1370 ) ;
#1949 = EDGE_LOOP ( 'NONE', ( #5353, #5591, #5626, #5633 ) ) ;
#1950 = CARTESIAN_POINT ( 'NONE',  ( 0.3750000000002917700, 1.149999999999999900, 4.800000000000026500 ) ) ;
#1951 = ADVANCED_FACE ( 'NONE', ( #431 ), #399, .F. ) ;
#1952 = CARTESIAN_POINT ( 'NONE',  ( -4.774999979750305100, 0.1000000000000002600, -4.599999997427735500 ) ) ;
#1953 = EDGE_CURVE ( 'NONE', #1530, #5912, #419, .T. ) ;
#1954 =( GEOMETRIC_REPRESENTATION_CONTEXT ( 3 ) GLOBAL_UNCERTAINTY_ASSIGNED_CONTEXT ( ( #4688 ) ) GLOBAL_UNIT_ASSIGNED_CONTEXT ( ( #4597, #4272, #4194 ) ) REPRESENTATION_CONTEXT ( 'NONE', 'WORKASPACE' ) );
#1955 = DIRECTION ( 'NONE',  ( 1.000000000000000000, 4.332986055019517600E-009, -3.965082230804316000E-015 ) ) ;
#1956 = ADVANCED_FACE ( 'NONE', ( #389 ), #384, .F. ) ;
#1957 = VERTEX_POINT ( 'NONE', #6069 ) ;
#1958 = CARTESIAN_POINT ( 'NONE',  ( 0.3750000000000250900, 1.139999999999999500, 4.800000000000026500 ) ) ;
#1959 = DIRECTION ( 'NONE',  ( 1.000000000000000000, 4.333031528636286300E-009, -5.947623346206474000E-015 ) ) ;
#1960 = DIRECTION ( 'NONE',  ( -5.259688788402080500E-009, 4.565061846697832700E-015, 1.000000000000000000 ) ) ;
#1961 = LINE ( 'NONE', #2115, #3455 ) ;
#1962 = DIRECTION ( 'NONE',  ( -1.000000000000000000, 1.982541115402158000E-015, 5.947623346206474800E-015 ) ) ;
#1963 = UNCERTAINTY_MEASURE_WITH_UNIT (LENGTH_MEASURE( 1.000000000000000100E-005 ), #1488, 'distance_accuracy_value', 'NONE');
#1964 = EDGE_CURVE ( 'NONE', #4599, #4373, #404, .T. ) ;
#1965 = PRODUCT_DEFINITION_SHAPE ( 'NONE', 'NONE',  #6097 ) ;
#1966 =( GEOMETRIC_REPRESENTATION_CONTEXT ( 3 ) GLOBAL_UNCERTAINTY_ASSIGNED_CONTEXT ( ( #410 ) ) GLOBAL_UNIT_ASSIGNED_CONTEXT ( ( #5014, #4445, #5545 ) ) REPRESENTATION_CONTEXT ( 'NONE', 'WORKASPACE' ) );
#1967 = ADVANCED_FACE ( 'NONE', ( #426 ), #6060, .T. ) ;
#1968 = CARTESIAN_POINT ( 'NONE',  ( -4.174999989875130900, 1.149999999999998100, -4.639999997427862500 ) ) ;
#1969 = DIRECTION ( 'NONE',  ( 5.259688788402080500E-009, 0.0000000000000000000, -1.000000000000000000 ) ) ;
#1970 = DIRECTION ( 'NONE',  ( -7.067391939164968100E-015, 1.000000000000000000, 6.123233995736766000E-017 ) ) ;
#1971 = PRESENTATION_STYLE_ASSIGNMENT (( #3258 ) ) ;
#1972 = CARTESIAN_POINT ( 'NONE',  ( 5.449999999999938000, 1.139999999999999500, 4.500000028665239100 ) ) ;
#1973 = ADVANCED_FACE ( 'NONE', ( #386 ), #361, .F. ) ;
#1974 = SURFACE_SIDE_STYLE ('',( #5950 ) ) ;
#1975 = ADVANCED_FACE ( 'NONE', ( #380 ), #1540, .T. ) ;
#1976 = FACE_OUTER_BOUND ( 'NONE', #3759, .T. ) ;
#1977 = DIRECTION ( 'NONE',  ( 1.000000000000000000, -1.667666423790703400E-032, 5.259688788402081300E-009 ) ) ;
#1978 = ADVANCED_FACE ( 'NONE', ( #376 ), #1885, .T. ) ;
#1979 = EDGE_CURVE ( 'NONE', #1376, #4682, #346, .T. ) ;
#1980 = ADVANCED_FACE ( 'NONE', ( #331 ), #493, .F. ) ;
#1981 =( NAMED_UNIT ( * ) SI_UNIT ( $, .STERADIAN. ) SOLID_ANGLE_UNIT ( ) );
#1982 = VERTEX_POINT ( 'NONE', #377 ) ;
#1983 = LINE ( 'NONE', #3307, #2024 ) ;
#1984 = AXIS2_PLACEMENT_3D ( 'NONE', #1043, #1052, #1123 ) ;
#1985 = DIRECTION ( 'NONE',  ( -1.000000000000000000, -7.067391939164968100E-015, 0.0000000000000000000 ) ) ;
#1986 = LINE ( 'NONE', #3764, #273 ) ;
#1987 = ORIENTED_EDGE ( 'NONE', *, *, #2072, .T. ) ;
#1988 = CARTESIAN_POINT ( 'NONE',  ( 5.449999999999965500, 0.1100000000000007200, -4.260000000000013100 ) ) ;
#1989 = ADVANCED_FACE ( 'NONE', ( #263 ), #963, .T. ) ;
#1990 = COLOUR_RGB ( '',0.4117647058823529200, 0.4117647058823529200, 0.4117647058823529200 ) ;
#1991 = AXIS2_PLACEMENT_3D ( 'NONE', #3094, #1705, #1643 ) ;
#1992 = CARTESIAN_POINT ( 'NONE',  ( 5.299999999999971400, 0.7500000000000630600, 4.800000000000137500 ) ) ;
#1993 = EDGE_CURVE ( 'NONE', #118, #2542, #246, .T. ) ;
#1994 = CARTESIAN_POINT ( 'NONE',  ( 4.575000010124899300, 1.149999999999998100, -4.089999999999976800 ) ) ;
#1995 = FACE_OUTER_BOUND ( 'NONE', #4915, .T. ) ;
#1996 = ADVANCED_FACE ( 'NONE', ( #236 ), #227, .F. ) ;
#1997 = DIRECTION ( 'NONE',  ( 0.0000000000000000000, 0.0000000000000000000, -1.000000000000000000 ) ) ;
#1998 = DIRECTION ( 'NONE',  ( 0.0000000000000000000, 4.269046054163329500E-015, 1.000000000000000000 ) ) ;
#1999 = ADVANCED_FACE ( 'NONE', ( #259 ), #4041, .T. ) ;
#2000 = CARTESIAN_POINT ( 'NONE',  ( 5.600000039447603900, 0.2500000000000106600, -2.999999970545853300 ) ) ;
#2001 = UNCERTAINTY_MEASURE_WITH_UNIT (LENGTH_MEASURE( 1.000000000000000100E-005 ), #4268, 'distance_accuracy_value', 'NONE');
#2002 = EDGE_CURVE ( 'NONE', #3475, #1079, #3017, .T. ) ;
#2003 = ORIENTED_EDGE ( 'NONE', *, *, #4269, .F. ) ;
#2004 = LINE ( 'NONE', #2253, #2014 ) ;
#2005 = CARTESIAN_POINT ( 'NONE',  ( 10.32156932122342300, 1.139999999999999500, 4.500000029454192900 ) ) ;
#2006 = ORIENTED_EDGE ( 'NONE', *, *, #1532, .T. ) ;
#2007 = FACE_OUTER_BOUND ( 'NONE', #6006, .T. ) ;
#2008 = CYLINDRICAL_SURFACE ( 'NONE', #163, 0.1999999999999970100 ) ;
#2009 = CARTESIAN_POINT ( 'NONE',  ( -5.599999999999938400, 1.149999999999999900, 4.500000000000059500 ) ) ;
#2010 = ORIENTED_EDGE ( 'NONE', *, *, #5798, .F. ) ;
#2011 = DIRECTION ( 'NONE',  ( 0.0000000000000000000, 0.0000000000000000000, 1.000000000000000000 ) ) ;
#2012 = CARTESIAN_POINT ( 'NONE',  ( -4.400000000000001200, 0.4699999999999999700, 0.5349999999999995900 ) ) ;
#2013 = CARTESIAN_POINT ( 'NONE',  ( -7.700000000000001100, 0.4699999999999999700, -5.000000000000000000 ) ) ;
#2014 = VECTOR ( 'NONE', #2308, 1000.000000000000000 ) ;
#2015 = CARTESIAN_POINT ( 'NONE',  ( -5.400000000000071400, 0.4499999999999842500, 4.650000000000138000 ) ) ;
#2016 = CARTESIAN_POINT ( 'NONE',  ( 0.3750000000000701700, 0.4499999999999842500, -5.556414649620801800 ) ) ;
#2017 = EDGE_CURVE ( 'NONE', #4718, #5567, #220, .T. ) ;
#2018 = EDGE_LOOP ( 'NONE', ( #1590, #1893, #806, #5983 ) ) ;
#2019 = ADVANCED_FACE ( 'NONE', ( #242 ), #1948, .T. ) ;
#2020 = LINE ( 'NONE', #4504, #863 ) ;
#2021 = DIRECTION ( 'NONE',  ( -1.000000000000000000, 0.0000000000000000000, 0.0000000000000000000 ) ) ;
#2022 = CARTESIAN_POINT ( 'NONE',  ( -1.375000000000070600, 1.300000000000000000, 3.950000000000120100 ) ) ;
#2023 = ADVANCED_FACE ( 'NONE', ( #213 ), #181, .F. ) ;
#2024 = VECTOR ( 'NONE', #3301, 1000.000000000000000 ) ;
#2025 = FILL_AREA_STYLE ('',( #3069 ) ) ;
#2026 = CARTESIAN_POINT ( 'NONE',  ( -5.449999999999937100, 0.4499999999999877400, -2.999999970545853300 ) ) ;
#2027 = CARTESIAN_POINT ( 'NONE',  ( 4.175000020249841600, -27.48064091039079700, -4.639999997427862500 ) ) ;
#2028 =( NAMED_UNIT ( * ) SI_UNIT ( $, .STERADIAN. ) SOLID_ANGLE_UNIT ( ) );
#2029 = CIRCLE ( 'NONE', #1127, 0.1999999999999224600 ) ;
#2030 = AXIS2_PLACEMENT_3D ( 'NONE', #2523, #3859, #3228 ) ;
#2031 = DIRECTION ( 'NONE',  ( 5.259690252779135900E-009, 0.0000000000000000000, -1.000000000000000000 ) ) ;
#2032 = ADVANCED_FACE ( 'NONE', ( #203 ), #173, .T. ) ;
#2033 = DIRECTION ( 'NONE',  ( 0.0000000000000000000, -1.000000000000000000, 0.0000000000000000000 ) ) ;
#2034 = FACE_OUTER_BOUND ( 'NONE', #2201, .T. ) ;
#2035 = CARTESIAN_POINT ( 'NONE',  ( -4.174999979750238000, -27.48064091039079700, -3.949999997427844400 ) ) ;
#2036 = VECTOR ( 'NONE', #3572, 1000.000000000000000 ) ;
#2037 = SURFACE_STYLE_FILL_AREA ( #3238 ) ;
#2038 = VECTOR ( 'NONE', #3608, 1000.000000000000000 ) ;
#2039 = CARTESIAN_POINT ( 'NONE',  ( 10.32156932122342300, 0.05000028673469991700, 3.621715029454231500 ) ) ;
#2040 = FACE_OUTER_BOUND ( 'NONE', #4578, .T. ) ;
#2041 = ADVANCED_FACE ( 'NONE', ( #189 ), #2331, .T. ) ;
#2042 = EDGE_CURVE ( 'NONE', #2447, #5567, #168, .T. ) ;
#2043 = VECTOR ( 'NONE', #3827, 1000.000000000000000 ) ;
#2044 = ORIENTED_EDGE ( 'NONE', *, *, #3677, .T. ) ;
#2045 = CARTESIAN_POINT ( 'NONE',  ( -5.449999995015414100, 1.149999999999999500, -4.089999999999976800 ) ) ;
#2046 = CARTESIAN_POINT ( 'NONE',  ( -5.300000000000082400, 0.7500000000000630600, 4.800000000000137500 ) ) ;
#2047 = ADVANCED_FACE ( 'NONE', ( #252 ), #150, .F. ) ;
#2048 = LINE ( 'NONE', #2000, #3247 ) ;
#2049 = EDGE_CURVE ( 'NONE', #4666, #2447, #164, .T. ) ;
#2050 = DIRECTION ( 'NONE',  ( 0.0000000000000000000, 1.000000000000000000, 0.0000000000000000000 ) ) ;
#2051 = DIRECTION ( 'NONE',  ( 0.0000000000000000000, 1.000000000000000000, 0.0000000000000000000 ) ) ;
#2052 = FACE_OUTER_BOUND ( 'NONE', #412, .T. ) ;
#2053 = CARTESIAN_POINT ( 'NONE',  ( -5.449999999999943300, -0.05000000000003786100, -1.397020162857316700 ) ) ;
#2054 = EDGE_CURVE ( 'NONE', #3346, #2972, #192, .T. ) ;
#2055 = AXIS2_PLACEMENT_3D ( 'NONE', #2105, #1786, #1917 ) ;
#2056 = CIRCLE ( 'NONE', #4883, 0.1599999999998890100 ) ;
#2057 = ADVANCED_FACE ( 'NONE', ( #158 ), #2400, .F. ) ;
#2058 = ORIENTED_EDGE ( 'NONE', *, *, #2092, .T. ) ;
#2059 = CARTESIAN_POINT ( 'NONE',  ( 4.575000003599962300, 1.223517865402067100, -4.232756304577448800 ) ) ;
#2060 = DIRECTION ( 'NONE',  ( 0.0000000000000000000, 0.0000000000000000000, 1.000000000000000000 ) ) ;
#2061 = EDGE_CURVE ( 'NONE', #2542, #1846, #138, .T. ) ;
#2062 = EDGE_CURVE ( 'NONE', #2447, #4682, #129, .T. ) ;
#2063 = VECTOR ( 'NONE', #4485, 1000.000000000000000 ) ;
#2064 = ADVANCED_FACE ( 'NONE', ( #110 ), #3254, .T. ) ;
#2065 = FACE_OUTER_BOUND ( 'NONE', #1683, .T. ) ;
#2066 = DIRECTION ( 'NONE',  ( -0.9999999999999977800, 0.0000000000000000000, 6.749933887243613700E-008 ) ) ;
#2067 = ORIENTED_EDGE ( 'NONE', *, *, #2755, .F. ) ;
#2068 = CARTESIAN_POINT ( 'NONE',  ( -0.9749999999999793300, 1.139999999999999900, 4.090000000000087800 ) ) ;
#2069 = VECTOR ( 'NONE', #3740, 1000.000000000000000 ) ;
#2070 = ORIENTED_EDGE ( 'NONE', *, *, #6112, .T. ) ;
#2071 = CARTESIAN_POINT ( 'NONE',  ( 0.0000000000000000000, 0.4699999999999999700, 0.0000000000000000000 ) ) ;
#2072 = EDGE_CURVE ( 'NONE', #1022, #4204, #144, .T. ) ;
#2073 = SURFACE_STYLE_USAGE ( .BOTH. , #1974 ) ;
#2074 = CARTESIAN_POINT ( 'NONE',  ( -4.900000000000001200, 0.4699999999999999700, -0.0000000000000000000 ) ) ;
#2075 = DIRECTION ( 'NONE',  ( -0.0000000000000000000, -1.000000000000000000, -0.0000000000000000000 ) ) ;
#2076 = ORIENTED_EDGE ( 'NONE', *, *, #2062, .T. ) ;
#2077 = EDGE_CURVE ( 'NONE', #1125, #5559, #101, .T. ) ;
#2078 = ORIENTED_EDGE ( 'NONE', *, *, #2763, .F. ) ;
#2079 = LINE ( 'NONE', #1927, #5113 ) ;
#2080 = ORIENTED_EDGE ( 'NONE', *, *, #4249, .F. ) ;
#2081 = PLANE ( 'NONE',  #740 ) ;
#2082 = ADVANCED_FACE ( 'NONE', ( #84 ), #66, .T. ) ;
#2083 = ORIENTED_EDGE ( 'NONE', *, *, #2844, .T. ) ;
#2084 = EDGE_CURVE ( 'NONE', #4961, #2466, #68, .T. ) ;
#2085 =( GEOMETRIC_REPRESENTATION_CONTEXT ( 3 ) GLOBAL_UNCERTAINTY_ASSIGNED_CONTEXT ( ( #1729 ) ) GLOBAL_UNIT_ASSIGNED_CONTEXT ( ( #5850, #5611, #5596 ) ) REPRESENTATION_CONTEXT ( 'NONE', 'WORKASPACE' ) );
#2086 = DIRECTION ( 'NONE',  ( 1.000000000000000000, 1.253608761935806600E-015, 0.0000000000000000000 ) ) ;
#2087 = DIRECTION ( 'NONE',  ( 0.0000000000000000000, 0.0000000000000000000, 1.000000000000000000 ) ) ;
#2088 = CARTESIAN_POINT ( 'NONE',  ( 5.448922309536079900, 1.145219866587633200, -3.200083366359792100 ) ) ;
#2089 = DIRECTION ( 'NONE',  ( -7.966684955842744400E-013, 5.822286518596830300E-027, -1.000000000000000000 ) ) ;
#2090 = ADVANCED_FACE ( 'NONE', ( #74 ), #5259, .T. ) ;
#2091 = VECTOR ( 'NONE', #3943, 1000.000000000000000 ) ;
#2092 = EDGE_CURVE ( 'NONE', #3369, #6028, #52, .T. ) ;
#2093 = DIRECTION ( 'NONE',  ( 4.332986877287012300E-009, -1.000000000000000000, 0.0000000000000000000 ) ) ;
#2094 = DIRECTION ( 'NONE',  ( 0.0000000000000000000, 0.0000000000000000000, 1.000000000000000000 ) ) ;
#2095 = EDGE_CURVE ( 'NONE', #5578, #6028, #63, .T. ) ;
#2096 = LINE ( 'NONE', #5966, #3295 ) ;
#2097 = DIRECTION ( 'NONE',  ( 0.0000000000000000000, 0.0000000000000000000, 1.000000000000000000 ) ) ;
#2098 = DIRECTION ( 'NONE',  ( 0.0000000000000000000, 1.000000000000000000, 0.0000000000000000000 ) ) ;
#2099 = PLANE ( 'NONE',  #3153 ) ;
#2100 = ADVANCED_FACE ( 'NONE', ( #56 ), #6040, .F. ) ;
#2101 = ADVANCED_FACE ( 'NONE', ( #26 ), #5606, .T. ) ;
#2102 = DIRECTION ( 'NONE',  ( -1.000000000000000000, -4.332986055019517600E-009, 3.965082230804316000E-015 ) ) ;
#2103 = COLOUR_RGB ( '',0.4117647058823529200, 0.4117647058823529200, 0.4117647058823529200 ) ;
#2104 = DIRECTION ( 'NONE',  ( 1.239088197126349800E-015, -1.000000000000000000, 1.479114197289397100E-030 ) ) ;
#2105 = CARTESIAN_POINT ( 'NONE',  ( 4.375000020249819600, -27.48064091039079700, -3.949999997427844400 ) ) ;
#2106 = CYLINDRICAL_SURFACE ( 'NONE', #231, 0.01000000000000015300 ) ;
#2107 = APPLICATION_PROTOCOL_DEFINITION ( 'draft international standard', 'automotive_design', 1998, #1853 ) ;
#2108 = PRESENTATION_STYLE_ASSIGNMENT (( #3022 ) ) ;
#2109 = CARTESIAN_POINT ( 'NONE',  ( -5.449999999421414100, 0.1100000000000024600, -4.259999999999937600 ) ) ;
#2110 = DIRECTION ( 'NONE',  ( 0.0000000000000000000, 1.000000000000000000, 5.259690252779137600E-009 ) ) ;
#2111 = CIRCLE ( 'NONE', #3902, 0.1999999999999779700 ) ;
#2112 = EDGE_CURVE ( 'NONE', #245, #5578, #11, .T. ) ;
#2113 = SURFACE_STYLE_FILL_AREA ( #1512 ) ;
#2114 = AXIS2_PLACEMENT_3D ( 'NONE', #2231, #1684, #4606 ) ;
#2115 = CARTESIAN_POINT ( 'NONE',  ( -4.174999999999960700, 0.4500000000000267700, -4.649999997427862300 ) ) ;
#2116 = ADVANCED_FACE ( 'NONE', ( #15 ), #5541, .T. ) ;
#2117 = DIRECTION ( 'NONE',  ( 0.0000000000000000000, 1.000000000000000000, -0.0000000000000000000 ) ) ;
#2118 = CIRCLE ( 'NONE', #5504, 0.1999997132653332800 ) ;
#2119 = DIRECTION ( 'NONE',  ( 0.0000000000000000000, 0.0000000000000000000, -1.000000000000000000 ) ) ;
#2120 = FACE_OUTER_BOUND ( 'NONE', #4473, .T. ) ;
#2121 = DIRECTION ( 'NONE',  ( -0.0000000000000000000, -1.000000000000000000, -0.0000000000000000000 ) ) ;
#2122 = CARTESIAN_POINT ( 'NONE',  ( -4.174999979750238000, -27.48064091039079700, -4.639999997427862500 ) ) ;
#2123 = AXIS2_PLACEMENT_3D ( 'NONE', #3057, #3049, #3021 ) ;
#2124 = PLANE ( 'NONE',  #2291 ) ;
#2125 = VERTEX_POINT ( 'NONE', #970 ) ;
#2126 = FACE_OUTER_BOUND ( 'NONE', #3384, .T. ) ;
#2127 = CARTESIAN_POINT ( 'NONE',  ( -0.02500000000005232400, -0.04999999999995979900, 4.250000000000087000 ) ) ;
#2128 = ORIENTED_EDGE ( 'NONE', *, *, #3950, .F. ) ;
#2129 = CARTESIAN_POINT ( 'NONE',  ( -4.574999999999984200, -0.05000000000003179000, -4.099999999999976600 ) ) ;
#2130 = DIRECTION ( 'NONE',  ( 0.0000000000000000000, 0.0000000000000000000, 1.000000000000000000 ) ) ;
#2131 = DIRECTION ( 'NONE',  ( 0.0000000000000000000, 0.0000000000000000000, -1.000000000000000000 ) ) ;
#2132 = EDGE_LOOP ( 'NONE', ( #6045, #93, #4816, #2252 ) ) ;
#2133 = DIRECTION ( 'NONE',  ( 0.0000000000000000000, 0.0000000000000000000, -1.000000000000000000 ) ) ;
#2134 = AXIS2_PLACEMENT_3D ( 'NONE', #5199, #5169, #5312 ) ;
#2135 = ORIENTED_EDGE ( 'NONE', *, *, #5311, .F. ) ;
#2136 = FACE_OUTER_BOUND ( 'NONE', #1949, .T. ) ;
#2137 = B_SPLINE_CURVE_WITH_KNOTS ( 'NONE', 1,
 ( #792, #803 ),
 .UNSPECIFIED., .F., .F.,
 ( 2, 2 ),
 ( 0.0000000000000000000, 1.000000000000000000 ),
 .UNSPECIFIED. ) ;
#2138 = CARTESIAN_POINT ( 'NONE',  ( -4.275000000000002100, 0.9699999999999999700, -8.673617379884035500E-016 ) ) ;
#2139 = DIRECTION ( 'NONE',  ( 0.0000000000000000000, -1.000000000000000000, 0.0000000000000000000 ) ) ;
#2140 = ORIENTED_EDGE ( 'NONE', *, *, #529, .T. ) ;
#2141 = VECTOR ( 'NONE', #4090, 1000.000000000000000 ) ;
#2142 = ADVANCED_FACE ( 'NONE', ( #5971 ), #5835, .F. ) ;
#2143 = DIRECTION ( 'NONE',  ( 7.067391939164968100E-015, -1.000000000000000000, -6.123233995736766000E-017 ) ) ;
#2144 = EDGE_CURVE ( 'NONE', #5154, #4106, #6, .T. ) ;
#2145 = CARTESIAN_POINT ( 'NONE',  ( 0.3750000000002917700, 1.300000000000000000, 3.950000000000009100 ) ) ;
#2146 = LINE ( 'NONE', #4356, #1664 ) ;
#2147 = CARTESIAN_POINT ( 'NONE',  ( 4.175000020249841600, 1.149999999999999900, -3.949999997427844400 ) ) ;
#2148 = CARTESIAN_POINT ( 'NONE',  ( -10.32156933145990300, 0.1800001234754994000, 4.399999945711726900 ) ) ;
#2149 = LINE ( 'NONE', #5018, #2900 ) ;
#2150 = ORIENTED_EDGE ( 'NONE', *, *, #2511, .T. ) ;
#2151 = VERTEX_POINT ( 'NONE', #573 ) ;
#2152 = LINE ( 'NONE', #2537, #5710 ) ;
#2153 = EDGE_CURVE ( 'NONE', #4722, #3418, #5903, .T. ) ;
#2154 = AXIS2_PLACEMENT_3D ( 'NONE', #2035, #1213, #1156 ) ;
#2155 = CARTESIAN_POINT ( 'NONE',  ( -5.400000000000071400, 0.4499999999999851300, 4.800000000000137500 ) ) ;
#2156 = ORIENTED_EDGE ( 'NONE', *, *, #6036, .F. ) ;
#2157 = AXIS2_PLACEMENT_3D ( 'NONE', #1277, #1474, #2805 ) ;
#2158 = ADVANCED_FACE ( 'NONE', ( #5770 ), #5417, .F. ) ;
#2159 = CARTESIAN_POINT ( 'NONE',  ( -4.890000000000002300, 0.9699999999999999700, -2.025000000000001700 ) ) ;
#2160 = LINE ( 'NONE', #4558, #1823 ) ;
#2161 = CARTESIAN_POINT ( 'NONE',  ( 5.299999999999971400, 1.299999999999889000, 4.640000000000138200 ) ) ;
#2162 = EDGE_CURVE ( 'NONE', #2573, #1432, #791, .T. ) ;
#2163 = ORIENTED_EDGE ( 'NONE', *, *, #1802, .F. ) ;
#2164 = LINE ( 'NONE', #1775, #3472 ) ;
#2165 = DIRECTION ( 'NONE',  ( -0.0000000000000000000, -1.000000000000000000, -0.0000000000000000000 ) ) ;
#2166 =( NAMED_UNIT ( * ) PLANE_ANGLE_UNIT ( ) SI_UNIT ( $, .RADIAN. ) );
#2167 = DIRECTION ( 'NONE',  ( 1.239088197126349800E-015, -1.000000000000000000, 1.479114197289397100E-030 ) ) ;
#2168 = VECTOR ( 'NONE', #2881, 1000.000000000000000 ) ;
#2169 = CARTESIAN_POINT ( 'NONE',  ( 5.500000040499503300, 1.139999999999999500, -3.199999971071803000 ) ) ;
#2170 = CARTESIAN_POINT ( 'NONE',  ( -4.574999998200010700, 1.181887902047834800, -4.249999999999865000 ) ) ;
#2171 = DIRECTION ( 'NONE',  ( 1.000000000000000000, -0.0000000000000000000, -0.0000000000000000000 ) ) ;
#2172 = PRESENTATION_LAYER_ASSIGNMENT (  '', '', ( #1487 ) ) ;
#2173 = ORIENTED_EDGE ( 'NONE', *, *, #2925, .T. ) ;
#2174 = STYLED_ITEM ( 'NONE', ( #1553 ), #1694 ) ;
#2175 = ADVANCED_FACE ( 'NONE', ( #5568 ), #2607, .T. ) ;
#2176 = CARTESIAN_POINT ( 'NONE',  ( 4.575000020249773600, -0.04999999999999969700, -4.599999997427805600 ) ) ;
#2177 = CIRCLE ( 'NONE', #2322, 0.2000000000000334800 ) ;
#2178 = ADVANCED_FACE ( 'NONE', ( #5341 ), #2225, .T. ) ;
#2179 = CARTESIAN_POINT ( 'NONE',  ( 5.599999999999938400, 0.7500000000001177900, 4.500000029454193800 ) ) ;
#2180 = EDGE_CURVE ( 'NONE', #245, #3369, #3360, .T. ) ;
#2181 = UNCERTAINTY_MEASURE_WITH_UNIT (LENGTH_MEASURE( 1.000000000000000100E-005 ), #2300, 'distance_accuracy_value', 'NONE');
#2182 = FILL_AREA_STYLE_COLOUR ( '', #2916 ) ;
#2183 = CARTESIAN_POINT ( 'NONE',  ( 5.600000040499652200, 1.181887902047835000, -3.200041668055502600 ) ) ;
#2184 = PLANE ( 'NONE',  #153 ) ;
#2185 = EDGE_CURVE ( 'NONE', #2216, #5578, #3440, .T. ) ;
#2186 = DIRECTION ( 'NONE',  ( 0.0000000000000000000, 0.0000000000000000000, -1.000000000000000000 ) ) ;
#2187 = PRESENTATION_STYLE_ASSIGNMENT (( #320 ) ) ;
#2188 = ADVANCED_FACE ( 'NONE', ( #5494 ), #524, .F. ) ;
#2189 = ORIENTED_EDGE ( 'NONE', *, *, #3150, .F. ) ;
#2191 = ADVANCED_FACE ( 'NONE', ( #733 ), #65, .T. ) ;
#2190 = UNCERTAINTY_MEASURE_WITH_UNIT (LENGTH_MEASURE( 1.000000000000000100E-005 ), #4077, 'distance_accuracy_value', 'NONE');
#2192 = ORIENTED_EDGE ( 'NONE', *, *, #5951, .T. ) ;
#2193 = CARTESIAN_POINT ( 'NONE',  ( -0.02500000000007494100, -0.04999999999995806400, 4.250000000000086200 ) ) ;
#2194 = EDGE_CURVE ( 'NONE', #461, #2216, #657, .T. ) ;
#2195 = STYLED_ITEM ( 'NONE', ( #1459 ), #3707 ) ;
#2196 = CARTESIAN_POINT ( 'NONE',  ( -4.574999979750217000, 0.1000000000000002600, -4.599999997427736400 ) ) ;
#2197 = EDGE_CURVE ( 'NONE', #461, #245, #584, .T. ) ;
#2198 = ORIENTED_EDGE ( 'NONE', *, *, #4108, .T. ) ;
#2199 = COLOUR_RGB ( '',0.4117647058823529200, 0.4117647058823529200, 0.4117647058823529200 ) ;
#2200 = MECHANICAL_DESIGN_GEOMETRIC_PRESENTATION_REPRESENTATION (  '', ( #2845 ), #30 ) ;
#2201 = EDGE_LOOP ( 'NONE', ( #4188, #4350, #4062, #5053 ) ) ;
#2202 = CARTESIAN_POINT ( 'NONE',  ( 0.0000000000000000000, 0.4699999999999999700, 0.0000000000000000000 ) ) ;
#2203 = ADVANCED_FACE ( 'NONE', ( #993 ), #1085, .F. ) ;
#2204 = DIRECTION ( 'NONE',  ( 6.123232336808436900E-017, -1.000000000000000000, 3.154042751949392600E-015 ) ) ;
#2205 = VECTOR ( 'NONE', #3978, 1000.000000000000000 ) ;
#2206 = UNCERTAINTY_MEASURE_WITH_UNIT (LENGTH_MEASURE( 1.000000000000000100E-005 ), #2508, 'distance_accuracy_value', 'NONE');
#2207 = ADVANCED_FACE ( 'NONE', ( #6098 ), #1097, .T. ) ;
#2208 = DIRECTION ( 'NONE',  ( -1.000000000000000000, 0.0000000000000000000, 0.0000000000000000000 ) ) ;
#2209 = VECTOR ( 'NONE', #519, 1000.000000000000000 ) ;
#2210 = VECTOR ( 'NONE', #289, 1000.000000000000000 ) ;
#2211 = CARTESIAN_POINT ( 'NONE',  ( -5.249999979750197300, -0.05000000000000056500, -4.799999997427823600 ) ) ;
#2212 = EDGE_LOOP ( 'NONE', ( #3846, #5019, #4565, #5767 ) ) ;
#2213 = FILL_AREA_STYLE_COLOUR ( '', #3240 ) ;
#2214 = LINE ( 'NONE', #39, #3205 ) ;
#2215 = EDGE_CURVE ( 'NONE', #6028, #2671, #5368, .T. ) ;
#2216 = VERTEX_POINT ( 'NONE', #846 ) ;
#2217 = AXIS2_PLACEMENT_3D ( 'NONE', #2138, #2117, #2094 ) ;
#2218 = CARTESIAN_POINT ( 'NONE',  ( -10.32156933198587000, 0.7500000000001185700, 4.499999945711693700 ) ) ;
#2219 = MECHANICAL_DESIGN_GEOMETRIC_PRESENTATION_REPRESENTATION (  '', ( #851 ), #5855 ) ;
#2220 = CARTESIAN_POINT ( 'NONE',  ( 0.3750000000000701700, 0.4499999999999842500, -5.556414649620801800 ) ) ;
#2221 = SURFACE_STYLE_FILL_AREA ( #342 ) ;
#2222 = ADVANCED_FACE ( 'NONE', ( #1371 ), #2124, .T. ) ;
#2223 = DIRECTION ( 'NONE',  ( 3.115337048160320700E-008, 0.0000000000000000000, -0.9999999999999995600 ) ) ;
#2224 = ORIENTED_EDGE ( 'NONE', *, *, #1769, .T. ) ;
#2225 = PLANE ( 'NONE',  #3953 ) ;
#2226 = AXIS2_PLACEMENT_3D ( 'NONE', #537, #248, #201 ) ;
#2227 = EDGE_CURVE ( 'NONE', #4552, #3691, #3825, .T. ) ;
#2228 = FACE_OUTER_BOUND ( 'NONE', #5954, .T. ) ;
#2229 = STYLED_ITEM ( 'NONE', ( #526 ), #2827 ) ;
#2230 = ADVANCED_FACE ( 'NONE', ( #250 ), #3473, .T. ) ;
#2231 = CARTESIAN_POINT ( 'NONE',  ( 3.974999999999958800, 0.4500000000000840000, -4.799999997427861800 ) ) ;
#2232 = DIRECTION ( 'NONE',  ( 0.0000000000000000000, 0.0000000000000000000, -1.000000000000000000 ) ) ;
#2233 = LINE ( 'NONE', #507, #2287 ) ;
#2234 = LINE ( 'NONE', #811, #1067 ) ;
#2235 = VERTEX_POINT ( 'NONE', #3055 ) ;
#2236 = EDGE_CURVE ( 'NONE', #3369, #123, #5000, .T. ) ;
#2237 = ORIENTED_EDGE ( 'NONE', *, *, #1137, .F. ) ;
#2238 = ADVANCED_FACE ( 'NONE', ( #5135 ), #5755, .T. ) ;
#2239 = CIRCLE ( 'NONE', #354, 0.1599999999998894000 ) ;
#2240 = CARTESIAN_POINT ( 'NONE',  ( 5.450000020249844600, 2.006428974360064300, -4.599999997427809200 ) ) ;
#2241 = CIRCLE ( 'NONE', #19, 0.1999999999999767800 ) ;
#2242 = DIRECTION ( 'NONE',  ( 0.0000000000000000000, 0.0000000000000000000, 1.000000000000000000 ) ) ;
#2243 = ADVANCED_FACE ( 'NONE', ( #4418 ), #5191, .T. ) ;
#2244 = ADVANCED_FACE ( 'NONE', ( #618 ), #3504, .T. ) ;
#2245 = AXIS2_PLACEMENT_3D ( 'NONE', #5085, #5356, #5460 ) ;
#2246 = CARTESIAN_POINT ( 'NONE',  ( -0.9749999999999481300, 1.149999999999999900, 4.250000000000087000 ) ) ;
#2247 = FACE_OUTER_BOUND ( 'NONE', #4950, .T. ) ;
#2248 = LINE ( 'NONE', #5690, #5208 ) ;
#2249 = CARTESIAN_POINT ( 'NONE',  ( -4.574999979750216100, -0.04999999999999969700, -4.599999997427736400 ) ) ;
#2250 = VECTOR ( 'NONE', #1209, 1000.000000000000000 ) ;
#2251 = LINE ( 'NONE', #455, #2209 ) ;
#2252 = ORIENTED_EDGE ( 'NONE', *, *, #4598, .T. ) ;
#2253 = CARTESIAN_POINT ( 'NONE',  ( -7.700000000000001100, 0.0000000000000000000, -5.000000000000000000 ) ) ;
#2254 = CARTESIAN_POINT ( 'NONE',  ( -5.449999999999947800, 1.139999999999999500, -4.249999999999976000 ) ) ;
#2255 = AXIS2_PLACEMENT_3D ( 'NONE', #3410, #2935, #2941 ) ;
#2256 = CARTESIAN_POINT ( 'NONE',  ( 0.3750000000000701700, 0.4499999999999851300, 4.800000000000137500 ) ) ;
#2257 = FACE_OUTER_BOUND ( 'NONE', #4483, .T. ) ;
#2258 = FACE_OUTER_BOUND ( 'NONE', #4107, .T. ) ;
#2259 = CARTESIAN_POINT ( 'NONE',  ( 5.399999999999904400, 0.4499999999999842500, -5.556414649620801800 ) ) ;
#2260 = ADVANCED_FACE ( 'NONE', ( #476 ), #498, .T. ) ;
#2261 = CARTESIAN_POINT ( 'NONE',  ( -0.7750000000001011600, -0.04999999999999969700, 4.600000000000051200 ) ) ;
#2262 = ADVANCED_FACE ( 'NONE', ( #5286 ), #3442, .T. ) ;
#2263 = ORIENTED_EDGE ( 'NONE', *, *, #1707, .F. ) ;
#2264 = EDGE_CURVE ( 'NONE', #914, #2671, #3394, .T. ) ;
#2265 = AXIS2_PLACEMENT_3D ( 'NONE', #1348, #358, #360 ) ;
#2266 =( NAMED_UNIT ( * ) SI_UNIT ( $, .STERADIAN. ) SOLID_ANGLE_UNIT ( ) );
#2267 = VECTOR ( 'NONE', #710, 1000.000000000000000 ) ;
#2268 = CARTESIAN_POINT ( 'NONE',  ( -0.02500000000007468500, 2.135497654998050900, 4.250000000000087000 ) ) ;
#2269 = ORIENTED_EDGE ( 'NONE', *, *, #6106, .F. ) ;
#2270 = PLANE ( 'NONE',  #5251 ) ;
#2271 = VECTOR ( 'NONE', #2856, 1000.000000000000000 ) ;
#2272 = LINE ( 'NONE', #2828, #943 ) ;
#2273 = FACE_OUTER_BOUND ( 'NONE', #5905, .T. ) ;
#2274 = CARTESIAN_POINT ( 'NONE',  ( -4.900000000000001200, 0.4699999999999999700, -2.015000000000002300 ) ) ;
#2275 = CARTESIAN_POINT ( 'NONE',  ( -4.900000000000001200, 0.9699999999999999700, -1.025000000000001700 ) ) ;
#2276 = CARTESIAN_POINT ( 'NONE',  ( 0.2999999999999779500, -0.02000008014891793700, -4.799999997427861800 ) ) ;
#2277 = CARTESIAN_POINT ( 'NONE',  ( -10.32156933251184200, 0.1800000000000490400, 4.599999945711685400 ) ) ;
#2278 = EDGE_CURVE ( 'NONE', #123, #1982, #5662, .T. ) ;
#2279 = VECTOR ( 'NONE', #820, 1000.000000000000000 ) ;
#2280 = VECTOR ( 'NONE', #944, 1000.000000000000000 ) ;
#2281 = ADVANCED_FACE ( 'NONE', ( #4559 ), #4781, .F. ) ;
#2282 = CARTESIAN_POINT ( 'NONE',  ( -4.574999999999995700, 1.149999999999999900, -4.249999999999976000 ) ) ;
#2283 = ORIENTED_EDGE ( 'NONE', *, *, #2236, .F. ) ;
#2284 = DIRECTION ( 'NONE',  ( 0.9999999999999977800, 0.0000000000000000000, -6.749933887243613700E-008 ) ) ;
#2285 = DIRECTION ( 'NONE',  ( 0.0000000000000000000, 0.0000000000000000000, 1.000000000000000000 ) ) ;
#2286 = EDGE_CURVE ( 'NONE', #4961, #1436, #5782, .T. ) ;
#2287 = VECTOR ( 'NONE', #485, 1000.000000000000000 ) ;
#2288 = DIRECTION ( 'NONE',  ( 1.000000000000000000, -1.016439536705554500E-016, -4.336808689943698800E-015 ) ) ;
#2289 = EDGE_CURVE ( 'NONE', #1828, #914, #3906, .T. ) ;
#2290 = ORIENTED_EDGE ( 'NONE', *, *, #5863, .T. ) ;
#2291 = AXIS2_PLACEMENT_3D ( 'NONE', #5120, #4288, #5927 ) ;
#2292 = ADVANCED_FACE ( 'NONE', ( #1012 ), #1537, .T. ) ;
#2293 = VECTOR ( 'NONE', #406, 1000.000000000000000 ) ;
#2294 = FACE_OUTER_BOUND ( 'NONE', #5225, .T. ) ;
#2295 = ADVANCED_FACE ( 'NONE', ( #1559 ), #5128, .T. ) ;
#2296 = ORIENTED_EDGE ( 'NONE', *, *, #1700, .F. ) ;
#2297 = ADVANCED_FACE ( 'NONE', ( #5198 ), #1321, .T. ) ;
#2298 = DIRECTION ( 'NONE',  ( 3.115337048160314800E-008, 0.0000000000000000000, 0.9999999999999995600 ) ) ;
#2299 = LINE ( 'NONE', #828, #2280 ) ;
#2300 =( LENGTH_UNIT ( ) NAMED_UNIT ( * ) SI_UNIT ( .MILLI., .METRE. ) );
#2301 = EDGE_LOOP ( 'NONE', ( #268, #1528, #3873, #5306 ) ) ;
#2302 = LINE ( 'NONE', #915, #2324 ) ;
#2303 = PLANE ( 'NONE',  #3509 ) ;
#2304 = VECTOR ( 'NONE', #5278, 1000.000000000000000 ) ;
#2305 = CARTESIAN_POINT ( 'NONE',  ( -5.449999999999936200, 0.4499999999999868500, -3.199999970545831300 ) ) ;
#2306 = DIRECTION ( 'NONE',  ( 1.000000000000000000, -1.667666423790703400E-032, 5.259688788402081300E-009 ) ) ;
#2307 = ORIENTED_EDGE ( 'NONE', *, *, #10, .T. ) ;
#2308 = DIRECTION ( 'NONE',  ( 0.0000000000000000000, 0.0000000000000000000, 1.000000000000000000 ) ) ;
#2309 = CARTESIAN_POINT ( 'NONE',  ( -4.174999996625059500, 1.181887902047834800, -4.799999997427749900 ) ) ;
#2310 = ORIENTED_EDGE ( 'NONE', *, *, #1859, .T. ) ;
#2311 = ORIENTED_EDGE ( 'NONE', *, *, #4144, .T. ) ;
#2312 = ADVANCED_FACE ( 'NONE', ( #1020 ), #4262, .F. ) ;
#2313 = ORIENTED_EDGE ( 'NONE', *, *, #2655, .F. ) ;
#2314 = EDGE_CURVE ( 'NONE', #2216, #1828, #1881, .T. ) ;
#2315 = CARTESIAN_POINT ( 'NONE',  ( 5.450000040499539900, 1.139999999999999500, -3.199999971334787800 ) ) ;
#2316 = VECTOR ( 'NONE', #969, 1000.000000000000000 ) ;
#2317 = ADVANCED_FACE ( 'NONE', ( #5922 ), #5765, .F. ) ;
#2318 = ADVANCED_FACE ( 'NONE', ( #1392 ), #1419, .T. ) ;
#2319 = EDGE_LOOP ( 'NONE', ( #356, #1347, #4734, #6102 ) ) ;
#2320 = DIRECTION ( 'NONE',  ( 0.0000000000000000000, 1.000000000000000000, 0.0000000000000000000 ) ) ;
#2321 = EDGE_CURVE ( 'NONE', #461, #889, #743, .T. ) ;
#2322 = AXIS2_PLACEMENT_3D ( 'NONE', #5869, #5776, #2467 ) ;
#2323 = LINE ( 'NONE', #3207, #5235 ) ;
#2324 = VECTOR ( 'NONE', #910, 1000.000000000000000 ) ;
#2325 = AXIS2_PLACEMENT_3D ( 'NONE', #981, #5284, #3387 ) ;
#2326 = DIRECTION ( 'NONE',  ( 0.0000000000000000000, 0.0000000000000000000, -1.000000000000000000 ) ) ;
#2327 = VERTEX_POINT ( 'NONE', #1658 ) ;
#2328 = VECTOR ( 'NONE', #1122, 1000.000000000000000 ) ;
#2329 = ORIENTED_EDGE ( 'NONE', *, *, #4723, .T. ) ;
#2330 = ADVANCED_FACE ( 'NONE', ( #1081 ), #2719, .T. ) ;
#2331 = PLANE ( 'NONE',  #3499 ) ;
#2332 = EDGE_CURVE ( 'NONE', #5535, #5163, #2354, .T. ) ;
#2333 = VECTOR ( 'NONE', #523, 1000.000000000000000 ) ;
#2334 = LINE ( 'NONE', #987, #2316 ) ;
#2335 = CARTESIAN_POINT ( 'NONE',  ( -5.449999999999952200, 1.139999999999999500, -4.099999999999975700 ) ) ;
#2336 = UNCERTAINTY_MEASURE_WITH_UNIT (LENGTH_MEASURE( 1.000000000000000100E-005 ), #4392, 'distance_accuracy_value', 'NONE');
#2337 = ADVANCED_FACE ( 'NONE', ( #3982 ), #1353, .T. ) ;
#2338 = FACE_OUTER_BOUND ( 'NONE', #4197, .T. ) ;
#2339 = CARTESIAN_POINT ( 'NONE',  ( -5.582756304577409300, 1.223517865402066900, -3.200083366521547100 ) ) ;
#2340 = VECTOR ( 'NONE', #1169, 1000.000000000000000 ) ;
#2341 = EDGE_CURVE ( 'NONE', #179, #4204, #5517, .T. ) ;
#2342 = ADVANCED_FACE ( 'NONE', ( #5078 ), #4958, .T. ) ;
#2343 = AXIS2_PLACEMENT_3D ( 'NONE', #4508, #4510, #4519 ) ;
#2344 = ORIENTED_EDGE ( 'NONE', *, *, #2449, .F. ) ;
#2345 = LINE ( 'NONE', #1049, #2328 ) ;
#2346 = CARTESIAN_POINT ( 'NONE',  ( -0.2999999999999560200, -0.02000008014891360000, -4.799999997427861800 ) ) ;
#2347 = EDGE_CURVE ( 'NONE', #1436, #1902, #4490, .T. ) ;
#2348 = AXIS2_PLACEMENT_3D ( 'NONE', #1362, #1185, #953 ) ;
#2349 = CYLINDRICAL_SURFACE ( 'NONE', #467, 0.01000000000000046000 ) ;
#2350 = DIRECTION ( 'NONE',  ( 1.000000000000000000, 0.0000000000000000000, 0.0000000000000000000 ) ) ;
#2351 = CARTESIAN_POINT ( 'NONE',  ( -4.175000000000022000, 1.139999999999999900, -4.799999997427750700 ) ) ;
#2352 = CARTESIAN_POINT ( 'NONE',  ( 4.375000020249819600, -27.48064091039079700, -3.749999997427866400 ) ) ;
#2353 = LINE ( 'NONE', #1755, #6056 ) ;
#2354 = LINE ( 'NONE', #5261, #2879 ) ;
#2355 = ADVANCED_FACE ( 'NONE', ( #2510 ), #4871, .T. ) ;
#2356 = CIRCLE ( 'NONE', #475, 0.009999999999999158900 ) ;
#2357 = LINE ( 'NONE', #4752, #2043 ) ;
#2358 = DIRECTION ( 'NONE',  ( 1.000000000000000000, -7.434529182758089500E-016, -3.965082230804315200E-015 ) ) ;
#2359 = AXIS2_PLACEMENT_3D ( 'NONE', #5783, #5435, #5416 ) ;
#2360 = CARTESIAN_POINT ( 'NONE',  ( -0.02499999999979585200, 2.135497654998050900, 4.599999999999937500 ) ) ;
#2361 = LINE ( 'NONE', #1112, #2379 ) ;
#2362 = CIRCLE ( 'NONE', #1138, 0.1999999999999224600 ) ;
#2363 = ADVANCED_FACE ( 'NONE', ( #947 ), #5687, .T. ) ;
#2364 = CARTESIAN_POINT ( 'NONE',  ( 4.575000020249797600, 1.149999999999999900, -3.949999997427844400 ) ) ;
#2365 = DIRECTION ( 'NONE',  ( 1.000000000000000000, -1.982541115402157600E-015, 0.0000000000000000000 ) ) ;
#2366 = VECTOR ( 'NONE', #463, 1000.000000000000000 ) ;
#2367 = AXIS2_PLACEMENT_3D ( 'NONE', #390, #72, #694 ) ;
#2368 = LINE ( 'NONE', #4001, #4451 ) ;
#2369 = VECTOR ( 'NONE', #3870, 1000.000000000000000 ) ;
#2370 = ADVANCED_FACE ( 'NONE', ( #4783 ), #121, .F. ) ;
#2371 = CARTESIAN_POINT ( 'NONE',  ( -4.410000000000001000, 0.4699999999999999700, 0.5250000000000002400 ) ) ;
#2372 = CARTESIAN_POINT ( 'NONE',  ( -5.439999999999939100, 1.299999999999888600, -3.200250158472982800 ) ) ;
#2373 = LINE ( 'NONE', #1218, #2340 ) ;
#2374 = FILL_AREA_STYLE ('',( #1863 ) ) ;
#2375 = EDGE_CURVE ( 'NONE', #889, #1982, #2272, .T. ) ;
#2376 = EDGE_LOOP ( 'NONE', ( #7, #4929, #2876, #1752 ) ) ;
#2377 = DIRECTION ( 'NONE',  ( -0.9999999999999995600, 0.0000000000000000000, 3.115337048160314800E-008 ) ) ;
#2378 = ORIENTED_EDGE ( 'NONE', *, *, #2755, .T. ) ;
#2379 = VECTOR ( 'NONE', #1103, 1000.000000000000000 ) ;
#2380 = DIRECTION ( 'NONE',  ( -1.000000000000000000, 0.0000000000000000000, 1.850371707708798500E-013 ) ) ;
#2381 = ORIENTED_EDGE ( 'NONE', *, *, #2092, .F. ) ;
#2382 = CIRCLE ( 'NONE', #2460, 0.2000000000000104500 ) ;
#2383 = ORIENTED_EDGE ( 'NONE', *, *, #3464, .F. ) ;
#2384 = ADVANCED_FACE ( 'NONE', ( #2513 ), #3624, .F. ) ;
#2385 = EDGE_CURVE ( 'NONE', #1509, #5059, #156, .T. ) ;
#2386 = CYLINDRICAL_SURFACE ( 'NONE', #494, 0.2000000000000291500 ) ;
#2387 = AXIS2_PLACEMENT_3D ( 'NONE', #2148, #2306, #2110 ) ;
#2388 = DIRECTION ( 'NONE',  ( -1.000000000000000000, 0.0000000000000000000, 0.0000000000000000000 ) ) ;
#2389 = LINE ( 'NONE', #928, #5068 ) ;
#2390 = DIRECTION ( 'NONE',  ( -0.0000000000000000000, -1.000000000000000000, -0.0000000000000000000 ) ) ;
#2391 = ORIENTED_EDGE ( 'NONE', *, *, #1787, .F. ) ;
#2392 = FACE_OUTER_BOUND ( 'NONE', #3954, .T. ) ;
#2393 = PLANE ( 'NONE',  #3536 ) ;
#2394 = ADVANCED_FACE ( 'NONE', ( #2802 ), #3289, .T. ) ;
#2395 = CARTESIAN_POINT ( 'NONE',  ( -0.02499999999977520200, -27.48064091039079700, 3.950000000000009100 ) ) ;
#2396 = PRESENTATION_STYLE_ASSIGNMENT (( #1170 ) ) ;
#2397 = CARTESIAN_POINT ( 'NONE',  ( 5.439999999999939100, 1.150000000000000400, 4.500000000000059500 ) ) ;
#2398 = CARTESIAN_POINT ( 'NONE',  ( -5.449999999999954900, -27.48064091039079700, -4.249999999999976000 ) ) ;
#2399 = CYLINDRICAL_SURFACE ( 'NONE', #513, 0.009999999999999266400 ) ;
#2400 = PLANE ( 'NONE',  #3772 ) ;
#2401 = DIRECTION ( 'NONE',  ( 0.0000000000000000000, 0.0000000000000000000, 1.000000000000000000 ) ) ;
#2402 = EDGE_CURVE ( 'NONE', #4625, #3167, #249, .T. ) ;
#2403 = VECTOR ( 'NONE', #1290, 1000.000000000000000 ) ;
#2404 = ADVANCED_FACE ( 'NONE', ( #3904 ), #1801, .F. ) ;
#2405 = CARTESIAN_POINT ( 'NONE',  ( -0.9749999999999476900, 0.1100000000000007200, 4.250000000000087000 ) ) ;
#2406 = DIRECTION ( 'NONE',  ( 0.0000000000000000000, 0.0000000000000000000, 1.000000000000000000 ) ) ;
#2407 = LINE ( 'NONE', #1267, #2403 ) ;
#2408 = LINE ( 'NONE', #2454, #4171 ) ;
#2409 = FACE_OUTER_BOUND ( 'NONE', #4531, .T. ) ;
#2410 = EDGE_CURVE ( 'NONE', #4850, #5059, #3341, .T. ) ;
#2411 = DIRECTION ( 'NONE',  ( 0.0000000000000000000, 1.000000000000000000, 0.0000000000000000000 ) ) ;
#2412 = EDGE_CURVE ( 'NONE', #4181, #1509, #3705, .T. ) ;
#2413 = DIRECTION ( 'NONE',  ( 0.0000000000000000000, 1.000000000000000000, 0.0000000000000000000 ) ) ;
#2414 = ADVANCED_FACE ( 'NONE', ( #511 ), #2994, .F. ) ;
#2415 = CARTESIAN_POINT ( 'NONE',  ( 4.574999999999999300, 1.139999999999999900, -4.249999999999865000 ) ) ;
#2416 = FACE_OUTER_BOUND ( 'NONE', #5357, .T. ) ;
#2417 = VECTOR ( 'NONE', #757, 1000.000000000000000 ) ;
#2418 = CARTESIAN_POINT ( 'NONE',  ( -5.449999999999951300, 1.139999999999999900, -4.249999999999865000 ) ) ;
#2419 = VECTOR ( 'NONE', #4909, 1000.000000000000000 ) ;
#2420 = SURFACE_STYLE_USAGE ( .BOTH. , #3086 ) ;
#2421 = DIRECTION ( 'NONE',  ( 0.0000000000000000000, 1.000000000000000000, 0.0000000000000000000 ) ) ;
#2422 = DIRECTION ( 'NONE',  ( -1.173873028861176500E-016, -1.000000000000000000, -2.958228394578794300E-029 ) ) ;
#2423 = EDGE_CURVE ( 'NONE', #4191, #4900, #4005, .T. ) ;
#2424 = AXIS2_PLACEMENT_3D ( 'NONE', #2444, #2422, #2637 ) ;
#2425 = ADVANCED_FACE ( 'NONE', ( #2563 ), #3522, .T. ) ;
#2426 = CARTESIAN_POINT ( 'NONE',  ( 4.575000020249774500, 2.006428974360065200, -4.599999997427805600 ) ) ;
#2427 = CARTESIAN_POINT ( 'NONE',  ( -4.574999999999988600, 0.1100000000000007200, -4.249999999999976000 ) ) ;
#2428 = CARTESIAN_POINT ( 'NONE',  ( 0.6782860000000925400, 0.2499999999999785400, -4.799999997427861800 ) ) ;
#2429 = DIRECTION ( 'NONE',  ( 1.000000000000000000, -1.173873028861176500E-016, -7.966684955842744400E-013 ) ) ;
#2430 = APPLICATION_CONTEXT ( 'automotive_design' ) ;
#2431 = CARTESIAN_POINT ( 'NONE',  ( -4.400000000000001200, 0.9699999999999999700, 0.5349999999999995900 ) ) ;
#2432 = ADVANCED_FACE ( 'NONE', ( #5823 ), #41, .T. ) ;
#2433 = EDGE_CURVE ( 'NONE', #4712, #5827, #2621, .T. ) ;
#2434 = VECTOR ( 'NONE', #2756, 1000.000000000000000 ) ;
#2435 = LINE ( 'NONE', #2074, #3310 ) ;
#2436 = ADVANCED_FACE ( 'NONE', ( #3501 ), #106, .F. ) ;
#2437 = ORIENTED_EDGE ( 'NONE', *, *, #2197, .T. ) ;
#2438 = DIRECTION ( 'NONE',  ( -7.966684955842744400E-013, 5.822286518596830300E-027, -1.000000000000000000 ) ) ;
#2439 = CARTESIAN_POINT ( 'NONE',  ( -5.400000000000071400, 0.4499999999999851300, 4.800000000000137500 ) ) ;
#2440 = LINE ( 'NONE', #172, #4050 ) ;
#2441 = DIRECTION ( 'NONE',  ( -1.000000000000000000, 0.0000000000000000000, 0.0000000000000000000 ) ) ;
#2442 = EDGE_CURVE ( 'NONE', #3838, #5594, #4453, .T. ) ;
#2443 = ORIENTED_EDGE ( 'NONE', *, *, #2314, .T. ) ;
#2444 = CARTESIAN_POINT ( 'NONE',  ( -0.2249999999998285000, 0.1000000000000002600, 4.599999999999992500 ) ) ;
#2445 = ORIENTED_EDGE ( 'NONE', *, *, #2521, .T. ) ;
#2446 = CARTESIAN_POINT ( 'NONE',  ( -0.02500000000005275800, 1.299999999999889000, 4.090000000000087800 ) ) ;
#2447 = VERTEX_POINT ( 'NONE', #4131 ) ;
#2448 = DIRECTION ( 'NONE',  ( -1.000000000000000000, 0.0000000000000000000, 0.0000000000000000000 ) ) ;
#2449 = EDGE_CURVE ( 'NONE', #3838, #4181, #2463, .T. ) ;
#2450 = ORIENTED_EDGE ( 'NONE', *, *, #3356, .F. ) ;
#2451 = CARTESIAN_POINT ( 'NONE',  ( -5.482005554198732300, 1.299999999999888600, -3.200208343366393000 ) ) ;
#2452 = ORIENTED_EDGE ( 'NONE', *, *, #5652, .T. ) ;
#2453 = CARTESIAN_POINT ( 'NONE',  ( -3.974999999999941900, 0.2500002381461488600, -4.649999997427860500 ) ) ;
#2454 = CARTESIAN_POINT ( 'NONE',  ( 5.449999999999954900, 1.149999999999999900, -4.249999999999976000 ) ) ;
#2455 = CARTESIAN_POINT ( 'NONE',  ( -7.700000000000001100, 0.4699999999999999700, -5.000000000000000000 ) ) ;
#2456 = DIRECTION ( 'NONE',  ( 1.000000000000000000, 0.0000000000000000000, 0.0000000000000000000 ) ) ;
#2457 = CARTESIAN_POINT ( 'NONE',  ( 5.449999999473968500, 0.1800000000000490400, 4.600000028665232500 ) ) ;
#2458 = CIRCLE ( 'NONE', #5301, 0.2000001861223998100 ) ;
#2459 = EDGE_CURVE ( 'NONE', #4721, #5594, #3784, .T. ) ;
#2460 = AXIS2_PLACEMENT_3D ( 'NONE', #4772, #194, #2657 ) ;
#2461 = ORIENTED_EDGE ( 'NONE', *, *, #3399, .F. ) ;
#2462 = PRESENTATION_LAYER_ASSIGNMENT (  '', '', ( #851 ) ) ;
#2463 = CIRCLE ( 'NONE', #2934, 0.2000001861223998100 ) ;
#2464 = DIRECTION ( 'NONE',  ( 0.0000000000000000000, 0.0000000000000000000, -1.000000000000000000 ) ) ;
#2465 = ADVANCED_FACE ( 'NONE', ( #1754 ), #4112, .F. ) ;
#2466 = VERTEX_POINT ( 'NONE', #3702 ) ;
#2467 = DIRECTION ( 'NONE',  ( 0.0000000000000000000, 0.0000000000000000000, 1.000000000000000000 ) ) ;
#2468 = VERTEX_POINT ( 'NONE', #3305 ) ;
#2469 = DIRECTION ( 'NONE',  ( 0.0000000000000000000, 1.000000000000000000, 0.0000000000000000000 ) ) ;
#2470 = EDGE_CURVE ( 'NONE', #3735, #4721, #4226, .T. ) ;
#2471 = PRESENTATION_LAYER_ASSIGNMENT (  '', '', ( #3100 ) ) ;
#2472 = ADVANCED_FACE ( 'NONE', ( #923 ), #4459, .T. ) ;
#2473 =( NAMED_UNIT ( * ) SI_UNIT ( $, .STERADIAN. ) SOLID_ANGLE_UNIT ( ) );
#2474 = VERTEX_POINT ( 'NONE', #2895 ) ;
#2475 = EDGE_CURVE ( 'NONE', #3735, #3838, #2241, .T. ) ;
#2476 =( LENGTH_UNIT ( ) NAMED_UNIT ( * ) SI_UNIT ( .MILLI., .METRE. ) );
#2477 = VERTEX_POINT ( 'NONE', #2787 ) ;
#2478 = VERTEX_POINT ( 'NONE', #2807 ) ;
#2479 = ADVANCED_FACE ( 'NONE', ( #1842 ), #2920, .T. ) ;
#2480 = DIRECTION ( 'NONE',  ( 7.067391939164967400E-015, -1.000000000000000000, 0.0000000000000000000 ) ) ;
#2481 = CARTESIAN_POINT ( 'NONE',  ( -5.449999999169194500, 1.181887902047834800, -4.249999999999865000 ) ) ;
#2482 = DIRECTION ( 'NONE',  ( 0.0000000000000000000, 0.0000000000000000000, 1.000000000000000000 ) ) ;
#2483 =( NAMED_UNIT ( * ) PLANE_ANGLE_UNIT ( ) SI_UNIT ( $, .RADIAN. ) );
#2484 = PRESENTATION_STYLE_ASSIGNMENT (( #2073 ) ) ;
#2485 = B_SPLINE_CURVE_WITH_KNOTS ( 'NONE', 3,
 ( #6084, #3754, #2487, #3357 ),
 .UNSPECIFIED., .F., .F.,
 ( 4, 4 ),
 ( 0.0000000000000000000, 1.000000000000000000 ),
 .UNSPECIFIED. ) ;
#2486 = ADVANCED_FACE ( 'NONE', ( #5099 ), #2696, .T. ) ;
#2487 = CARTESIAN_POINT ( 'NONE',  ( -4.574999996400029200, 1.145235987755982800, -4.099999999999975700 ) ) ;
#2488 = EDGE_CURVE ( 'NONE', #96, #4721, #1596, .T. ) ;
#2489 = CARTESIAN_POINT ( 'NONE',  ( 5.449999995015414100, 1.149999999999999500, -4.089999999999976800 ) ) ;
#2490 = CARTESIAN_POINT ( 'NONE',  ( 4.175000000000042500, 1.139999999999999500, -4.799999997427750700 ) ) ;
#2491 = DIRECTION ( 'NONE',  ( 0.0000000000000000000, 0.0000000000000000000, -1.000000000000000000 ) ) ;
#2492 = FACE_OUTER_BOUND ( 'NONE', #3099, .T. ) ;
#2493 = COLOUR_RGB ( '',0.4117647058823529200, 0.4117647058823529200, 0.4117647058823529200 ) ;
#2494 = DIRECTION ( 'NONE',  ( 5.259688788402080500E-009, -3.503915063498525200E-015, -1.000000000000000000 ) ) ;
#2495 = CARTESIAN_POINT ( 'NONE',  ( 4.575000000578540100, 0.1100000000000024600, -4.260000000000007800 ) ) ;
#2496 = ORIENTED_EDGE ( 'NONE', *, *, #2227, .F. ) ;
#2497 = VECTOR ( 'NONE', #1476, 1000.000000000000000 ) ;
#2498 = ADVANCED_FACE ( 'NONE', ( #4403 ), #1722, .T. ) ;
#2499 = CARTESIAN_POINT ( 'NONE',  ( -4.275000000000002100, 0.4699999999999999700, -8.673617379884035500E-016 ) ) ;
#2500 = EDGE_CURVE ( 'NONE', #3156, #96, #4537, .T. ) ;
#2501 = CARTESIAN_POINT ( 'NONE',  ( -4.174999979750238000, 1.300000000000000000, -3.949999997427844400 ) ) ;
#2502 = DIRECTION ( 'NONE',  ( -1.173873028861176500E-016, -1.000000000000000000, -2.958228394578794300E-029 ) ) ;
#2503 = ORIENTED_EDGE ( 'NONE', *, *, #4334, .T. ) ;
#2504 = DIRECTION ( 'NONE',  ( 0.9999999999999995600, -0.0000000000000000000, 3.115337048160320700E-008 ) ) ;
#2505 = ADVANCED_FACE ( 'NONE', ( #1880 ), #1938, .F. ) ;
#2506 = SURFACE_STYLE_FILL_AREA ( #1418 ) ;
#2507 = ADVANCED_FACE ( 'NONE', ( #3665 ), #1335, .F. ) ;
#2508 =( LENGTH_UNIT ( ) NAMED_UNIT ( * ) SI_UNIT ( .MILLI., .METRE. ) );
#2509 =( NAMED_UNIT ( * ) PLANE_ANGLE_UNIT ( ) SI_UNIT ( $, .RADIAN. ) );
#2510 = FACE_OUTER_BOUND ( 'NONE', #5814, .T. ) ;
#2511 = EDGE_CURVE ( 'NONE', #3262, #5003, #1875, .T. ) ;
#2512 = MECHANICAL_DESIGN_GEOMETRIC_PRESENTATION_REPRESENTATION (  '', ( #1487 ), #2816 ) ;
#2513 = FACE_OUTER_BOUND ( 'NONE', #3618, .T. ) ;
#2514 = MECHANICAL_DESIGN_GEOMETRIC_PRESENTATION_REPRESENTATION (  '', ( #5133 ), #3811 ) ;
#2515 = VECTOR ( 'NONE', #1552, 1000.000000000000000 ) ;
#2516 = ADVANCED_FACE ( 'NONE', ( #5165 ), #714, .F. ) ;
#2517 = DIRECTION ( 'NONE',  ( -1.000000000000000000, 0.0000000000000000000, 0.0000000000000000000 ) ) ;
#2518 = CARTESIAN_POINT ( 'NONE',  ( 5.449999999999962000, 0.1100000000000007200, -4.249999999999976000 ) ) ;
#2519 = LINE ( 'NONE', #1525, #2497 ) ;
#2520 = CARTESIAN_POINT ( 'NONE',  ( -4.275000000000002100, 0.9699999999999999700, 0.0000000000000000000 ) ) ;
#2521 = EDGE_CURVE ( 'NONE', #477, #6105, #770, .T. ) ;
#2522 = EDGE_LOOP ( 'NONE', ( #3448, #3449, #3459, #3468 ) ) ;
#2523 = CARTESIAN_POINT ( 'NONE',  ( -4.574999989200103200, 1.139999999999999900, -4.089999999999976800 ) ) ;
#2524 = ADVANCED_FACE ( 'NONE', ( #112 ), #366, .T. ) ;
#2525 = CYLINDRICAL_SURFACE ( 'NONE', #582, 0.2000000000000890000 ) ;
#2526 = PLANE ( 'NONE',  #974 ) ;
#2527 = LINE ( 'NONE', #842, #580 ) ;
#2528 = ORIENTED_EDGE ( 'NONE', *, *, #2615, .F. ) ;
#2529 = PRESENTATION_STYLE_ASSIGNMENT (( #1390 ) ) ;
#2530 = CARTESIAN_POINT ( 'NONE',  ( 4.575000000578540100, 2.006428974360065200, -4.260000000000008700 ) ) ;
#2531 = LINE ( 'NONE', #3065, #4161 ) ;
#2532 = DIRECTION ( 'NONE',  ( -0.0000000000000000000, -1.000000000000000000, -0.0000000000000000000 ) ) ;
#2533 = VECTOR ( 'NONE', #1502, 1000.000000000000000 ) ;
#2534 = ADVANCED_FACE ( 'NONE', ( #1366 ), #1516, .F. ) ;
#2535 = CARTESIAN_POINT ( 'NONE',  ( -5.599999999999827300, 1.139999999999999900, -3.199999970545833100 ) ) ;
#2536 = LINE ( 'NONE', #650, #4410 ) ;
#2537 = CARTESIAN_POINT ( 'NONE',  ( 5.299999999999971400, 1.149999999999999900, 4.500000000000059500 ) ) ;
#2538 = EDGE_CURVE ( 'NONE', #3391, #96, #2382, .T. ) ;
#2539 = ADVANCED_FACE ( 'NONE', ( #1739 ), #3632, .T. ) ;
#2540 = LINE ( 'NONE', #1549, #2515 ) ;
#2541 = DIRECTION ( 'NONE',  ( -7.434529182758073800E-016, -1.000000000000000000, 6.877881017395696700E-030 ) ) ;
#2542 = VERTEX_POINT ( 'NONE', #204 ) ;
#2543 = PLANE ( 'NONE',  #1318 ) ;
#2544 = CIRCLE ( 'NONE', #229, 0.009999999999999158900 ) ;
#2545 = ADVANCED_FACE ( 'NONE', ( #5058 ), #3556, .T. ) ;
#2546 = B_SPLINE_CURVE_WITH_KNOTS ( 'NONE', 3,
 ( #510, #3175, #2885, #1062, #2170, #5277 ),
 .UNSPECIFIED., .F., .F.,
 ( 4, 2, 4 ),
 ( 0.0000000000000000000, 0.5000000000000000000, 1.000000000000000000 ),
 .UNSPECIFIED. ) ;
#2547 = ORIENTED_EDGE ( 'NONE', *, *, #2314, .F. ) ;
#2548 = CIRCLE ( 'NONE', #619, 0.2000000000000287100 ) ;
#2549 = AXIS2_PLACEMENT_3D ( 'NONE', #1095, #1038, #925 ) ;
#2550 = AXIS2_PLACEMENT_3D ( 'NONE', #3098, #3064, #2664 ) ;
#2551 =( NAMED_UNIT ( * ) PLANE_ANGLE_UNIT ( ) SI_UNIT ( $, .RADIAN. ) );
#2552 = COLOUR_RGB ( '',0.4117647058823529200, 0.4117647058823529200, 0.4117647058823529200 ) ;
#2553 = EDGE_LOOP ( 'NONE', ( #3506, #3510, #3523, #3529 ) ) ;
#2554 = CARTESIAN_POINT ( 'NONE',  ( 3.974999999999958800, 0.4500000000000840000, 12.21037961703495400 ) ) ;
#2555 = ADVANCED_FACE ( 'NONE', ( #2052 ), #5871, .T. ) ;
#2556 = CARTESIAN_POINT ( 'NONE',  ( -5.599999999999938400, 0.05000028673469991700, 3.621715029454231500 ) ) ;
#2557 = FACE_OUTER_BOUND ( 'NONE', #3925, .T. ) ;
#2558 = DIRECTION ( 'NONE',  ( 1.000000000000000000, -1.982541115402157600E-015, 0.0000000000000000000 ) ) ;
#2559 = EDGE_CURVE ( 'NONE', #4477, #4110, #1986, .T. ) ;
#2560 = CIRCLE ( 'NONE', #2123, 0.1999999999999779700 ) ;
#2561 = ADVANCED_FACE ( 'NONE', ( #1214 ), #4671, .T. ) ;
#2562 = UNCERTAINTY_MEASURE_WITH_UNIT (LENGTH_MEASURE( 1.000000000000000100E-005 ), #3575, 'distance_accuracy_value', 'NONE');
#2563 = FACE_OUTER_BOUND ( 'NONE', #135, .T. ) ;
#2564 = LINE ( 'NONE', #1520, #2533 ) ;
#2565 = DIRECTION ( 'NONE',  ( 1.000000000000000000, 0.0000000000000000000, 5.259681579165314600E-009 ) ) ;
#2566 = EDGE_CURVE ( 'NONE', #6037, #3391, #706, .T. ) ;
#2567 = CARTESIAN_POINT ( 'NONE',  ( 4.575000000578540900, 0.1100000000000024600, -4.100000000000119500 ) ) ;
#2568 = FACE_OUTER_BOUND ( 'NONE', #4834, .T. ) ;
#2569 = FACE_OUTER_BOUND ( 'NONE', #2948, .T. ) ;
#2570 = ORIENTED_EDGE ( 'NONE', *, *, #2786, .T. ) ;
#2571 = B_SPLINE_CURVE_WITH_KNOTS ( 'NONE', 3,
 ( #1651, #1599, #1451, #1410, #1368, #1342 ),
 .UNSPECIFIED., .F., .F.,
 ( 4, 2, 4 ),
 ( 0.0000000000000000000, 0.5000000000000000000, 1.000000000000000000 ),
 .UNSPECIFIED. ) ;
#2572 = ADVANCED_FACE ( 'NONE', ( #5598 ), #4911, .F. ) ;
#2573 = VERTEX_POINT ( 'NONE', #3609 ) ;
#2574 = FACE_OUTER_BOUND ( 'NONE', #3820, .T. ) ;
#2575 = FACE_OUTER_BOUND ( 'NONE', #509, .T. ) ;
#2576 = UNCERTAINTY_MEASURE_WITH_UNIT (LENGTH_MEASURE( 1.000000000000000100E-005 ), #3460, 'distance_accuracy_value', 'NONE');
#2577 = APPLICATION_PROTOCOL_DEFINITION ( 'draft international standard', 'automotive_design', 1998, #3486 ) ;
#2578 = EDGE_CURVE ( 'NONE', #4273, #722, #4658, .T. ) ;
#2579 = AXIS2_PLACEMENT_3D ( 'NONE', #2731, #5540, #761 ) ;
#2580 = CARTESIAN_POINT ( 'NONE',  ( -4.900000000000001200, 0.9699999999999999700, 0.0000000000000000000 ) ) ;
#2581 = FILL_AREA_STYLE ('',( #240 ) ) ;
#2582 = CYLINDRICAL_SURFACE ( 'NONE', #752, 0.2000000000000890000 ) ;
#2583 = FACE_OUTER_BOUND ( 'NONE', #3314, .T. ) ;
#2584 = ADVANCED_FACE ( 'NONE', ( #3579 ), #3015, .T. ) ;
#2585 = DIRECTION ( 'NONE',  ( 1.000000000000000000, 0.0000000000000000000, 0.0000000000000000000 ) ) ;
#2586 = CIRCLE ( 'NONE', #3315, 0.2000000000000334800 ) ;
#2587 = CYLINDRICAL_SURFACE ( 'NONE', #764, 0.01000000000000046000 ) ;
#2588 = ADVANCED_FACE ( 'NONE', ( #186 ), #1199, .T. ) ;
#2589 = DIRECTION ( 'NONE',  ( 1.000000000000000000, -5.478074134664205900E-015, 1.826024711554735200E-015 ) ) ;
#2590 = ADVANCED_FACE ( 'NONE', ( #4015 ), #1133, .F. ) ;
#2591 = MECHANICAL_DESIGN_GEOMETRIC_PRESENTATION_REPRESENTATION (  '', ( #3964 ), #3653 ) ;
#2592 = LINE ( 'NONE', #1886, #5214 ) ;
#2593 = ORIENTED_EDGE ( 'NONE', *, *, #3267, .F. ) ;
#2594 = FACE_OUTER_BOUND ( 'NONE', #3869, .T. ) ;
#2595 = CARTESIAN_POINT ( 'NONE',  ( -5.599999999999938400, 0.2500000000000332000, 3.621715029454230600 ) ) ;
#2596 = ADVANCED_FACE ( 'NONE', ( #4701 ), #351, .T. ) ;
#2597 = EDGE_CURVE ( 'NONE', #4292, #3391, #3720, .T. ) ;
#2598 = SURFACE_SIDE_STYLE ('',( #5819 ) ) ;
#2599 = ORIENTED_EDGE ( 'NONE', *, *, #3381, .T. ) ;
#2600 = CYLINDRICAL_SURFACE ( 'NONE', #771, 0.009999999999999158900 ) ;
#2601 = DIRECTION ( 'NONE',  ( 0.0000000000000000000, 0.0000000000000000000, -1.000000000000000000 ) ) ;
#2602 = FACE_OUTER_BOUND ( 'NONE', #5461, .T. ) ;
#2603 = DIRECTION ( 'NONE',  ( -1.000000000000000000, -0.0000000000000000000, -0.0000000000000000000 ) ) ;
#2604 = FACE_OUTER_BOUND ( 'NONE', #407, .T. ) ;
#2605 = PLANE ( 'NONE',  #1991 ) ;
#2606 = UNCERTAINTY_MEASURE_WITH_UNIT (LENGTH_MEASURE( 1.000000000000000100E-005 ), #5106, 'distance_accuracy_value', 'NONE');
#2607 = PLANE ( 'NONE',  #4187 ) ;
#2608 = EDGE_CURVE ( 'NONE', #1636, #3288, #5402, .T. ) ;
#2609 = AXIS2_PLACEMENT_3D ( 'NONE', #107, #8, #171 ) ;
#2610 = VERTEX_POINT ( 'NONE', #3136 ) ;
#2611 = EDGE_LOOP ( 'NONE', ( #4937, #1891, #3235, #2283, #5678, #4082 ) ) ;
#2612 = CARTESIAN_POINT ( 'NONE',  ( -1.375000000000181200, 0.4499999999999296200, 4.650000000000138000 ) ) ;
#2613 = FACE_OUTER_BOUND ( 'NONE', #4232, .T. ) ;
#2614 = FILL_AREA_STYLE_COLOUR ( '', #2705 ) ;
#2615 = EDGE_CURVE ( 'NONE', #5038, #6037, #4738, .T. ) ;
#2616 = AXIS2_PLACEMENT_3D ( 'NONE', #5143, #5162, #4582 ) ;
#2617 = DIRECTION ( 'NONE',  ( -6.530723674265494300E-014, 0.0000000000000000000, -1.000000000000000000 ) ) ;
#2618 = ADVANCED_FACE ( 'NONE', ( #1920 ), #2766, .T. ) ;
#2619 = DIRECTION ( 'NONE',  ( -1.000000000000000000, 0.0000000000000000000, -0.0000000000000000000 ) ) ;
#2620 =( NAMED_UNIT ( * ) SI_UNIT ( $, .STERADIAN. ) SOLID_ANGLE_UNIT ( ) );
#2621 = CIRCLE ( 'NONE', #1625, 0.009999999999999266400 ) ;
#2622 = CIRCLE ( 'NONE', #772, 0.1999999999999779700 ) ;
#2623 = CARTESIAN_POINT ( 'NONE',  ( 5.299999999999971400, 1.300000000000000000, 4.500000000000059500 ) ) ;
#2624 = EDGE_CURVE ( 'NONE', #6078, #2466, #5176, .T. ) ;
#2625 = AXIS2_PLACEMENT_3D ( 'NONE', #2202, #5829, #4382 ) ;
#2626 = PRESENTATION_LAYER_ASSIGNMENT (  '', '', ( #3884 ) ) ;
#2627 = ADVANCED_FACE ( 'NONE', ( #4521 ), #3822, .T. ) ;
#2628 = DIRECTION ( 'NONE',  ( -1.000000000000000000, 0.0000000000000000000, -0.0000000000000000000 ) ) ;
#2629 = DIRECTION ( 'NONE',  ( -0.0000000000000000000, -1.000000000000000000, -0.0000000000000000000 ) ) ;
#2630 = LINE ( 'NONE', #3786, #2754 ) ;
#2631 = FACE_OUTER_BOUND ( 'NONE', #3782, .T. ) ;
#2632 = VECTOR ( 'NONE', #4329, 1000.000000000000000 ) ;
#2633 = CARTESIAN_POINT ( 'NONE',  ( -5.300000000000082400, 1.299999999999992100, 4.500000000000059500 ) ) ;
#2634 = EDGE_CURVE ( 'NONE', #5559, #4292, #5961, .T. ) ;
#2635 = CARTESIAN_POINT ( 'NONE',  ( -4.174999999999960700, 0.4500000000000267700, -4.799999997427861800 ) ) ;
#2636 = FACE_OUTER_BOUND ( 'NONE', #5746, .T. ) ;
#2637 = DIRECTION ( 'NONE',  ( 1.000000000000000000, -1.355252715606653700E-016, -4.336808689941292000E-015 ) ) ;
#2638 = LINE ( 'NONE', #222, #5310 ) ;
#2639 = LINE ( 'NONE', #4260, #2632 ) ;
#2640 = SURFACE_STYLE_FILL_AREA ( #5499 ) ;
#2641 = DIRECTION ( 'NONE',  ( 1.850371707708113200E-013, 1.000000000000000000, -6.123233995736766000E-017 ) ) ;
#2642 = ADVANCED_FACE ( 'NONE', ( #3930 ), #5032, .T. ) ;
#2643 = B_SPLINE_CURVE_WITH_KNOTS ( 'NONE', 3,
 ( #5247, #5229, #5196, #5005, #4885, #4645 ),
 .UNSPECIFIED., .F., .F.,
 ( 4, 2, 4 ),
 ( 0.0000000000000000000, 0.5000000000000000000, 1.000000000000000000 ),
 .UNSPECIFIED. ) ;
#2644 = AXIS2_PLACEMENT_3D ( 'NONE', #4557, #5384, #4047 ) ;
#2645 = CARTESIAN_POINT ( 'NONE',  ( 5.449999999999954900, -27.48064091039079700, -4.249999999999976000 ) ) ;
#2646 = CARTESIAN_POINT ( 'NONE',  ( -0.02500000000005232400, 0.1099999999999955200, 1.297572480866142600 ) ) ;
#2647 = DIRECTION ( 'NONE',  ( -3.605340855892905500E-031, -1.000000000000000000, 4.565061847019895400E-015 ) ) ;
#2648 = ADVANCED_FACE ( 'NONE', ( #5731 ), #5262, .F. ) ;
#2649 = SURFACE_SIDE_STYLE ('',( #3011 ) ) ;
#2650 = ORIENTED_EDGE ( 'NONE', *, *, #4585, .T. ) ;
#2651 = ORIENTED_EDGE ( 'NONE', *, *, #3679, .F. ) ;
#2652 = ORIENTED_EDGE ( 'NONE', *, *, #2144, .F. ) ;
#2653 =( GEOMETRIC_REPRESENTATION_CONTEXT ( 3 ) GLOBAL_UNCERTAINTY_ASSIGNED_CONTEXT ( ( #2001 ) ) GLOBAL_UNIT_ASSIGNED_CONTEXT ( ( #4268, #585, #4337 ) ) REPRESENTATION_CONTEXT ( 'NONE', 'WORKASPACE' ) );
#2654 = LINE ( 'NONE', #5612, #689 ) ;
#2655 = EDGE_CURVE ( 'NONE', #1125, #5038, #1346, .T. ) ;
#2656 = AXIS2_PLACEMENT_3D ( 'NONE', #4141, #4687, #2958 ) ;
#2657 = DIRECTION ( 'NONE',  ( -1.000000000000000000, 0.0000000000000000000, 0.0000000000000000000 ) ) ;
#2658 = DIRECTION ( 'NONE',  ( 0.0000000000000000000, 1.000000000000000000, 0.0000000000000000000 ) ) ;
#2659 = DIRECTION ( 'NONE',  ( -1.173873028861176500E-016, -1.000000000000000000, -2.958228394578794300E-029 ) ) ;
#2660 = VECTOR ( 'NONE', #793, 1000.000000000000000 ) ;
#2661 = VECTOR ( 'NONE', #177, 1000.000000000000000 ) ;
#2662 = CARTESIAN_POINT ( 'NONE',  ( -4.174999993250096100, 1.223517865402067100, -4.782756302005333600 ) ) ;
#2663 = CARTESIAN_POINT ( 'NONE',  ( 7.700000000000001100, 0.4699999999999999700, -5.000000000000000000 ) ) ;
#2664 = DIRECTION ( 'NONE',  ( 0.0000000000000000000, -1.000000000000000000, 0.0000000000000000000 ) ) ;
#2665 = EDGE_CURVE ( 'NONE', #38, #5559, #200, .T. ) ;
#2666 = DIRECTION ( 'NONE',  ( 1.000000000000000000, 0.0000000000000000000, 0.0000000000000000000 ) ) ;
#2667 = ADVANCED_FACE ( 'NONE', ( #4219 ), #3922, .T. ) ;
#2668 = AXIS2_PLACEMENT_3D ( 'NONE', #4728, #4737, #4745 ) ;
#2669 = LINE ( 'NONE', #3178, #3711 ) ;
#2670 = LINE ( 'NONE', #4040, #5161 ) ;
#2671 = VERTEX_POINT ( 'NONE', #2249 ) ;
#2672 = EDGE_LOOP ( 'NONE', ( #5289, #1560, #2989, #3606 ) ) ;
#2673 = CARTESIAN_POINT ( 'NONE',  ( -5.523517865402006100, 1.282756304577470400, -3.200166762497265200 ) ) ;
#2674 = EDGE_CURVE ( 'NONE', #4599, #1315, #2630, .T. ) ;
#2675 = STYLED_ITEM ( 'NONE', ( #3998 ), #2534 ) ;
#2676 = DIRECTION ( 'NONE',  ( 1.000000000000000000, -0.0000000000000000000, 0.0000000000000000000 ) ) ;
#2677 = CARTESIAN_POINT ( 'NONE',  ( -0.2999999999999574100, 0.1799999198510626500, -4.649999997427862300 ) ) ;
#2678 = DIRECTION ( 'NONE',  ( 1.000000000000000000, 0.0000000000000000000, 0.0000000000000000000 ) ) ;
#2679 = EDGE_CURVE ( 'NONE', #1982, #914, #2160, .T. ) ;
#2680 = DIRECTION ( 'NONE',  ( 1.000000000000000000, 0.0000000000000000000, -6.530723674265494300E-014 ) ) ;
#2681 = ORIENTED_EDGE ( 'NONE', *, *, #4074, .T. ) ;
#2682 = DIRECTION ( 'NONE',  ( 0.0000000000000000000, 0.0000000000000000000, 1.000000000000000000 ) ) ;
#2683 = ORIENTED_EDGE ( 'NONE', *, *, #4813, .T. ) ;
#2684 = DIRECTION ( 'NONE',  ( -1.000000000000000000, 0.0000000000000000000, 0.0000000000000000000 ) ) ;
#2685 = DIRECTION ( 'NONE',  ( 1.000000000000000000, -0.0000000000000000000, -0.0000000000000000000 ) ) ;
#2686 = VECTOR ( 'NONE', #5299, 1000.000000000000000 ) ;
#2687 = EDGE_CURVE ( 'NONE', #3958, #38, #899, .T. ) ;
#2688 = ADVANCED_FACE ( 'NONE', ( #967 ), #134, .T. ) ;
#2689 =( NAMED_UNIT ( * ) SI_UNIT ( $, .STERADIAN. ) SOLID_ANGLE_UNIT ( ) );
#2690 = EDGE_CURVE ( 'NONE', #3475, #4300, #379, .T. ) ;
#2691 = ORIENTED_EDGE ( 'NONE', *, *, #1140, .T. ) ;
#2692 = CARTESIAN_POINT ( 'NONE',  ( 5.449999999473967600, 0.7500000000001194600, 4.600000028665229800 ) ) ;
#2693 =( GEOMETRIC_REPRESENTATION_CONTEXT ( 3 ) GLOBAL_UNCERTAINTY_ASSIGNED_CONTEXT ( ( #1939 ) ) GLOBAL_UNIT_ASSIGNED_CONTEXT ( ( #2476, #1699, #2028 ) ) REPRESENTATION_CONTEXT ( 'NONE', 'WORKASPACE' ) );
#2694 = ADVANCED_FACE ( 'NONE', ( #4590 ), #6095, .F. ) ;
#2695 = FACE_OUTER_BOUND ( 'NONE', #3203, .T. ) ;
#2696 = PLANE ( 'NONE',  #4616 ) ;
#2697 = VERTEX_POINT ( 'NONE', #4753 ) ;
#2698 = CARTESIAN_POINT ( 'NONE',  ( -7.700000000000001100, 0.4699999999999999700, -5.000000000000000000 ) ) ;
#2699 = DIRECTION ( 'NONE',  ( 0.0000000000000000000, 0.0000000000000000000, 1.000000000000000000 ) ) ;
#2700 = PRESENTATION_STYLE_ASSIGNMENT (( #3531 ) ) ;
#2701 = CARTESIAN_POINT ( 'NONE',  ( 4.574999999999973500, 0.09999999999999939500, -4.250000000000008900 ) ) ;
#2702 = ADVANCED_FACE ( 'NONE', ( #4820 ), #3872, .F. ) ;
#2703 = B_SPLINE_CURVE_WITH_KNOTS ( 'NONE', 3,
 ( #4754, #2309, #2662, #2991, #3377, #3530 ),
 .UNSPECIFIED., .F., .F.,
 ( 4, 2, 4 ),
 ( 0.0000000000000000000, 0.5000000000000000000, 1.000000000000000000 ),
 .UNSPECIFIED. ) ;
#2704 = CARTESIAN_POINT ( 'NONE',  ( -5.599999999999827300, 1.139999999999999900, 4.500000029454192900 ) ) ;
#2705 = COLOUR_RGB ( '',0.4117647058823529200, 0.4117647058823529200, 0.4117647058823529200 ) ;
#2706 = AXIS2_PLACEMENT_3D ( 'NONE', #814, #894, #1033 ) ;
#2707 = VERTEX_POINT ( 'NONE', #5395 ) ;
#2708 = LINE ( 'NONE', #3491, #2712 ) ;
#2709 = UNCERTAINTY_MEASURE_WITH_UNIT (LENGTH_MEASURE( 1.000000000000000100E-005 ), #2794, 'distance_accuracy_value', 'NONE');
#2710 = FACE_OUTER_BOUND ( 'NONE', #5123, .T. ) ;
#2711 = EDGE_CURVE ( 'NONE', #3958, #1125, #3197, .T. ) ;
#2712 = VECTOR ( 'NONE', #3493, 1000.000000000000000 ) ;
#2713 = CARTESIAN_POINT ( 'NONE',  ( 0.0000000000000000000, 0.9699999999999999700, 1.524999999999998600 ) ) ;
#2714 = SURFACE_STYLE_FILL_AREA ( #3562 ) ;
#2715 = ADVANCED_FACE ( 'NONE', ( #1054 ), #6081, .F. ) ;
#2716 = DIRECTION ( 'NONE',  ( 0.0000000000000000000, 1.000000000000000000, 0.0000000000000000000 ) ) ;
#2717 = ADVANCED_FACE ( 'NONE', ( #4581 ), #1149, .T. ) ;
#2718 = EDGE_CURVE ( 'NONE', #5108, #3583, #2079, .T. ) ;
#2719 = CYLINDRICAL_SURFACE ( 'NONE', #5960, 0.1599999999998885400 ) ;
#2720 = DIRECTION ( 'NONE',  ( -5.785657313253755400E-008, 4.301364501547825700E-023, 0.9999999999999983300 ) ) ;
#2721 = VERTEX_POINT ( 'NONE', #6059 ) ;
#2722 = VECTOR ( 'NONE', #4657, 1000.000000000000000 ) ;
#2723 = APPLICATION_CONTEXT ( 'automotive_design' ) ;
#2724 = EDGE_CURVE ( 'NONE', #5059, #3583, #6093, .T. ) ;
#2725 = ADVANCED_FACE ( 'NONE', ( #5485 ), #1181, .F. ) ;
#2726 = EDGE_CURVE ( 'NONE', #1509, #5108, #566, .T. ) ;
#2727 = ORIENTED_EDGE ( 'NONE', *, *, #2559, .F. ) ;
#2728 = DIRECTION ( 'NONE',  ( -7.434529182758089500E-016, -1.000000000000000000, 6.877881017395696700E-030 ) ) ;
#2729 = ORIENTED_EDGE ( 'NONE', *, *, #5502, .F. ) ;
#2730 = ORIENTED_EDGE ( 'NONE', *, *, #5609, .F. ) ;
#2731 = CARTESIAN_POINT ( 'NONE',  ( -1.175000000000037100, -27.48064091039079700, 3.950000000000120100 ) ) ;
#2732 = VECTOR ( 'NONE', #359, 1000.000000000000000 ) ;
#2733 = CARTESIAN_POINT ( 'NONE',  ( 5.449999999999954900, 1.149999999999999900, -4.249999999999976000 ) ) ;
#2734 = ADVANCED_FACE ( 'NONE', ( #1397 ), #6070, .F. ) ;
#2735 = VERTEX_POINT ( 'NONE', #5651 ) ;
#2736 = CARTESIAN_POINT ( 'NONE',  ( -5.449999999999937100, 0.7500000000001177900, 4.500000029454193800 ) ) ;
#2737 = EDGE_CURVE ( 'NONE', #3583, #3272, #3747, .T. ) ;
#2738 = ORIENTED_EDGE ( 'NONE', *, *, #1546, .F. ) ;
#2739 = AXIS2_PLACEMENT_3D ( 'NONE', #4094, #4054, #4160 ) ;
#2740 = EDGE_LOOP ( 'NONE', ( #4252, #4255, #4263, #4284 ) ) ;
#2741 = LINE ( 'NONE', #4953, #908 ) ;
#2742 = CARTESIAN_POINT ( 'NONE',  ( -5.300000000000082400, 0.7500000000000622800, -3.594446615752577800 ) ) ;
#2743 = LINE ( 'NONE', #3616, #5182 ) ;
#2744 = ADVANCED_FACE ( 'NONE', ( #3041 ), #6057, .T. ) ;
#2745 = EDGE_CURVE ( 'NONE', #3864, #2707, #4803, .T. ) ;
#2746 = CARTESIAN_POINT ( 'NONE',  ( -4.275000000000002100, 0.4699999999999999700, -0.4900000000000003200 ) ) ;
#2747 = EDGE_LOOP ( 'NONE', ( #1883, #4140, #1703, #4804 ) ) ;
#2748 = CARTESIAN_POINT ( 'NONE',  ( 4.175000000000042500, 1.139999999999999500, -4.799999997427750700 ) ) ;
#2749 = CARTESIAN_POINT ( 'NONE',  ( 4.775000020249752500, 0.09999999999999939500, -4.599999997427806500 ) ) ;
#2750 = DIRECTION ( 'NONE',  ( 0.0000000000000000000, -1.000000000000000000, 0.0000000000000000000 ) ) ;
#2751 = LINE ( 'NONE', #1129, #1430 ) ;
#2752 = VERTEX_POINT ( 'NONE', #6027 ) ;
#2753 = CARTESIAN_POINT ( 'NONE',  ( -1.375000000000070600, -27.48064091039079700, 3.950000000000120100 ) ) ;
#2754 = VECTOR ( 'NONE', #5764, 1000.000000000000000 ) ;
#2755 = EDGE_CURVE ( 'NONE', #5108, #1519, #1961, .T. ) ;
#2756 = DIRECTION ( 'NONE',  ( 5.259688671517367800E-009, 0.0000000000000000000, -1.000000000000000000 ) ) ;
#2757 = ADVANCED_FACE ( 'NONE', ( #2136 ), #3467, .F. ) ;
#2758 = PLANE ( 'NONE',  #900 ) ;
#2759 = CARTESIAN_POINT ( 'NONE',  ( 5.450000000368271800, -0.04999999999988824500, -4.260000000000014900 ) ) ;
#2760 = EDGE_CURVE ( 'NONE', #1196, #3272, #4295, .T. ) ;
#2761 = ORIENTED_EDGE ( 'NONE', *, *, #5848, .F. ) ;
#2762 = DIRECTION ( 'NONE',  ( 0.0000000000000000000, 0.0000000000000000000, -1.000000000000000000 ) ) ;
#2763 = EDGE_CURVE ( 'NONE', #3252, #971, #4199, .T. ) ;
#2764 = AXIS2_PLACEMENT_3D ( 'NONE', #760, #4532, #1445 ) ;
#2765 = DIRECTION ( 'NONE',  ( -1.000000000000000000, 0.0000000000000000000, 0.0000000000000000000 ) ) ;
#2766 = CYLINDRICAL_SURFACE ( 'NONE', #1779, 0.1999999999999718900 ) ;
#2767 = SHAPE_REPRESENTATION_RELATIONSHIP ( 'NONE' , 'NONE' ,  #3741, #3707 ) ;
#2768 = CARTESIAN_POINT ( 'NONE',  ( -5.275000000000002100, 0.9699999999999999700, -0.01000000000000011800 ) ) ;
#2769 = DIRECTION ( 'NONE',  ( 1.000000000000000000, 1.239088197126349800E-015, -3.965082230804189800E-015 ) ) ;
#2770 = FACE_OUTER_BOUND ( 'NONE', #5496, .T. ) ;
#2771 = DIRECTION ( 'NONE',  ( -1.173873028861176500E-016, -1.000000000000000000, -2.958228394578794300E-029 ) ) ;
#2772 = EDGE_CURVE ( 'NONE', #38, #1196, #3466, .T. ) ;
#2773 = AXIS2_PLACEMENT_3D ( 'NONE', #1005, #4376, #5802 ) ;
#2774 = ORIENTED_EDGE ( 'NONE', *, *, #1760, .T. ) ;
#2775 = PRODUCT_DEFINITION_SHAPE ( 'NONE', 'NONE',  #6118 ) ;
#2776 = ADVANCED_FACE ( 'NONE', ( #4855 ), #2303, .T. ) ;
#2777 = EDGE_CURVE ( 'NONE', #1044, #3300, #1715, .T. ) ;
#2778 = CYLINDRICAL_SURFACE ( 'NONE', #883, 0.1999999999999224600 ) ;
#2779 = CARTESIAN_POINT ( 'NONE',  ( -4.400000000000001200, 0.9699999999999999700, -2.015000000000002300 ) ) ;
#2780 = SURFACE_STYLE_FILL_AREA ( #2877 ) ;
#2781 = DIRECTION ( 'NONE',  ( 1.000000000000000000, -1.016439536704990200E-016, -4.336808689941292000E-015 ) ) ;
#2782 = CARTESIAN_POINT ( 'NONE',  ( -0.2249999999998285000, -0.04999999999999969700, 4.599999999999992500 ) ) ;
#2783 = DIRECTION ( 'NONE',  ( 0.0000000000000000000, 0.0000000000000000000, 1.000000000000000000 ) ) ;
#2784 = COLOUR_RGB ( '',0.4117647058823529200, 0.4117647058823529200, 0.4117647058823529200 ) ;
#2785 = ADVANCED_FACE ( 'NONE', ( #120 ), #5980, .F. ) ;
#2786 = EDGE_CURVE ( 'NONE', #6105, #1196, #504, .T. ) ;
#2787 = CARTESIAN_POINT ( 'NONE',  ( 5.600000040499542000, 0.4499999999999877400, -3.199999970545831700 ) ) ;
#2788 = ORIENTED_EDGE ( 'NONE', *, *, #5580, .T. ) ;
#2789 = VECTOR ( 'NONE', #2911, 1000.000000000000000 ) ;
#2790 = DIRECTION ( 'NONE',  ( -7.067391939164968100E-015, 1.000000000000000000, 0.0000000000000000000 ) ) ;
#2791 = ADVANCED_FACE ( 'NONE', ( #4794 ), #3560, .T. ) ;
#2792 = ADVANCED_FACE ( 'NONE', ( #1100 ), #3144, .F. ) ;
#2793 = VECTOR ( 'NONE', #2829, 1000.000000000000000 ) ;
#2794 =( LENGTH_UNIT ( ) NAMED_UNIT ( * ) SI_UNIT ( .MILLI., .METRE. ) );
#2795 = EDGE_CURVE ( 'NONE', #3958, #6105, #978, .T. ) ;
#2796 = FACE_OUTER_BOUND ( 'NONE', #3745, .T. ) ;
#2797 = AXIS2_PLACEMENT_3D ( 'NONE', #2495, #912, #3278 ) ;
#2798 = DIRECTION ( 'NONE',  ( -1.982541115402158400E-015, -3.931978574460980700E-030, -1.000000000000000000 ) ) ;
#2799 = AXIS2_PLACEMENT_3D ( 'NONE', #3698, #1833, #5524 ) ;
#2800 = CIRCLE ( 'NONE', #5376, 0.009999999999999158900 ) ;
#2801 = ADVANCED_FACE ( 'NONE', ( #3284 ), #497, .T. ) ;
#2802 = FACE_OUTER_BOUND ( 'NONE', #5548, .T. ) ;
#2803 = CARTESIAN_POINT ( 'NONE',  ( -4.410000000000001000, 0.4699999999999999700, 1.524999999999998600 ) ) ;
#2804 = PRESENTATION_STYLE_ASSIGNMENT (( #1163 ) ) ;
#2805 = DIRECTION ( 'NONE',  ( 1.000000000000000000, 1.239088197126349800E-015, -1.982541115402157200E-015 ) ) ;
#2806 = EDGE_CURVE ( 'NONE', #4035, #5444, #2323, .T. ) ;
#2807 = CARTESIAN_POINT ( 'NONE',  ( 5.299999999999971400, 1.139999999999999900, 4.800000000000027400 ) ) ;
#2808 = EDGE_LOOP ( 'NONE', ( #4155, #4218, #4634, #6061 ) ) ;
#2809 = FACE_OUTER_BOUND ( 'NONE', #975, .T. ) ;
#2810 = DIRECTION ( 'NONE',  ( -0.0000000000000000000, -1.000000000000000000, -0.0000000000000000000 ) ) ;
#2811 = DIRECTION ( 'NONE',  ( 0.0000000000000000000, 0.0000000000000000000, 1.000000000000000000 ) ) ;
#2812 = ORIENTED_EDGE ( 'NONE', *, *, #4624, .T. ) ;
#2813 = FACE_OUTER_BOUND ( 'NONE', #567, .T. ) ;
#2814 = B_SPLINE_CURVE_WITH_KNOTS ( 'NONE', 3,
 ( #6096, #5880, #6009, #6117 ),
 .UNSPECIFIED., .F., .F.,
 ( 4, 4 ),
 ( 0.0000000000000000000, 1.000000000000000000 ),
 .UNSPECIFIED. ) ;
#2815 = EDGE_CURVE ( 'NONE', #5444, #1172, #2149, .T. ) ;
#2816 =( GEOMETRIC_REPRESENTATION_CONTEXT ( 3 ) GLOBAL_UNCERTAINTY_ASSIGNED_CONTEXT ( ( #5539 ) ) GLOBAL_UNIT_ASSIGNED_CONTEXT ( ( #5002, #5004, #5010 ) ) REPRESENTATION_CONTEXT ( 'NONE', 'WORKASPACE' ) );
#2817 = ORIENTED_EDGE ( 'NONE', *, *, #1140, .F. ) ;
#2818 = DIRECTION ( 'NONE',  ( 0.0000000000000000000, 1.000000000000000000, 0.0000000000000000000 ) ) ;
#2819 = PLANE ( 'NONE',  #1288 ) ;
#2820 = ORIENTED_EDGE ( 'NONE', *, *, #3866, .T. ) ;
#2821 = LINE ( 'NONE', #2779, #2789 ) ;
#2822 = CARTESIAN_POINT ( 'NONE',  ( 0.5749999999999926300, 0.4499999999999842500, -5.556414649620801800 ) ) ;
#2823 = DIRECTION ( 'NONE',  ( 1.000000000000000000, 0.0000000000000000000, 0.0000000000000000000 ) ) ;
#2824 = EDGE_CURVE ( 'NONE', #349, #78, #2531, .T. ) ;
#2825 = CARTESIAN_POINT ( 'NONE',  ( 4.375000020249819600, 1.300000000000000000, -3.949999997427844400 ) ) ;
#2826 = VECTOR ( 'NONE', #195, 1000.000000000000000 ) ;
#2827 = MANIFOLD_SOLID_BREP ( 'Ã´∞Ÿƒﬁ1', #3928 ) ;
#2828 = CARTESIAN_POINT ( 'NONE',  ( -4.574999989875121500, 0.09999999999999939500, -4.259999999999941200 ) ) ;
#2829 = DIRECTION ( 'NONE',  ( 1.000000000000000000, -1.667666423790703400E-032, 5.259688788402081300E-009 ) ) ;
#2830 = ADVANCED_FACE ( 'NONE', ( #2007 ), #5489, .T. ) ;
#2831 = CARTESIAN_POINT ( 'NONE',  ( -4.174999979750238000, 1.149999999999999900, -4.799999997427861800 ) ) ;
#2832 = ORIENTED_EDGE ( 'NONE', *, *, #2786, .F. ) ;
#2833 = FACE_OUTER_BOUND ( 'NONE', #2981, .T. ) ;
#2834 = ADVANCED_FACE ( 'NONE', ( #6002 ), #4472, .T. ) ;
#2835 = CARTESIAN_POINT ( 'NONE',  ( -1.375000000000181200, 0.4499999999999296200, 4.800000000000137500 ) ) ;
#2836 = EDGE_CURVE ( 'NONE', #4903, #1172, #4509, .T. ) ;
#2837 = EDGE_CURVE ( 'NONE', #4903, #4035, #684, .T. ) ;
#2838 = DIRECTION ( 'NONE',  ( 0.0000000000000000000, 0.0000000000000000000, -1.000000000000000000 ) ) ;
#2839 = DIRECTION ( 'NONE',  ( -4.333012039943385800E-009, 1.000000000000000000, 0.0000000000000000000 ) ) ;
#2840 = ADVANCED_FACE ( 'NONE', ( #3170 ), #3032, .T. ) ;
#2841 = CARTESIAN_POINT ( 'NONE',  ( 4.574999999999972600, -0.04999999999999969700, -4.250000000000008900 ) ) ;
#2842 = LINE ( 'NONE', #33, #2826 ) ;
#2843 =( GEOMETRIC_REPRESENTATION_CONTEXT ( 3 ) GLOBAL_UNCERTAINTY_ASSIGNED_CONTEXT ( ( #1257 ) ) GLOBAL_UNIT_ASSIGNED_CONTEXT ( ( #5953, #3287, #3613 ) ) REPRESENTATION_CONTEXT ( 'NONE', 'WORKASPACE' ) );
#2844 = EDGE_CURVE ( 'NONE', #4860, #5444, #4904, .T. ) ;
#2845 = STYLED_ITEM ( 'NONE', ( #5474 ), #2830 ) ;
#2846 = CARTESIAN_POINT ( 'NONE',  ( 5.250000020249865800, 2.006428974360064300, -4.799999997427786300 ) ) ;
#2847 = PRESENTATION_STYLE_ASSIGNMENT (( #3876 ) ) ;
#2848 = VECTOR ( 'NONE', #302, 1000.000000000000000 ) ;
#2849 = ORIENTED_EDGE ( 'NONE', *, *, #3554, .F. ) ;
#2850 = DIRECTION ( 'NONE',  ( 1.000000000000000000, 0.0000000000000000000, 0.0000000000000000000 ) ) ;
#2851 = CIRCLE ( 'NONE', #1007, 0.1999999999999779700 ) ;
#2852 = CARTESIAN_POINT ( 'NONE',  ( 5.450000010124884200, 0.09999999999999939500, -4.260000000000014000 ) ) ;
#2853 = ORIENTED_EDGE ( 'NONE', *, *, #4639, .F. ) ;
#2854 = EDGE_CURVE ( 'NONE', #5920, #4860, #4515, .T. ) ;
#2855 = AXIS2_PLACEMENT_3D ( 'NONE', #704, #685, #663 ) ;
#2856 = DIRECTION ( 'NONE',  ( 1.000000000000000000, -0.0000000000000000000, 0.0000000000000000000 ) ) ;
#2857 = VECTOR ( 'NONE', #272, 1000.000000000000000 ) ;
#2858 = DIRECTION ( 'NONE',  ( -1.000000000000000000, 0.0000000000000000000, 0.0000000000000000000 ) ) ;
#2859 = LINE ( 'NONE', #3089, #3194 ) ;
#2860 = FACE_OUTER_BOUND ( 'NONE', #4381, .T. ) ;
#2861 = CARTESIAN_POINT ( 'NONE',  ( -4.275000000000002100, 0.9699999999999999700, -0.5000000000000004400 ) ) ;
#2862 = ORIENTED_EDGE ( 'NONE', *, *, #5773, .F. ) ;
#2863 = DIRECTION ( 'NONE',  ( 1.000000000000000000, -0.0000000000000000000, 0.0000000000000000000 ) ) ;
#2864 = VECTOR ( 'NONE', #1294, 1000.000000000000000 ) ;
#2865 = STYLED_ITEM ( 'NONE', ( #2484 ), #2785 ) ;
#2866 = VECTOR ( 'NONE', #295, 1000.000000000000000 ) ;
#2867 = ADVANCED_FACE ( 'NONE', ( #4870 ), #2099, .T. ) ;
#2868 = DIRECTION ( 'NONE',  ( 0.0000000000000000000, 1.000000000000000000, -0.0000000000000000000 ) ) ;
#2869 = DIRECTION ( 'NONE',  ( -0.0000000000000000000, -1.000000000000000000, -0.0000000000000000000 ) ) ;
#2870 = ADVANCED_FACE ( 'NONE', ( #917 ), #5691, .F. ) ;
#2871 = PRODUCT_DEFINITION_CONTEXT ( 'detailed design', #2430, 'design' ) ;
#2872 = LINE ( 'NONE', #284, #2848 ) ;
#2873 = EDGE_CURVE ( 'NONE', #4477, #5258, #4072, .T. ) ;
#2874 = CARTESIAN_POINT ( 'NONE',  ( 4.575000000000007300, -0.04999999999996760500, -1.397020162857316700 ) ) ;
#2875 = EDGE_CURVE ( 'NONE', #5613, #5920, #5320, .T. ) ;
#2876 = ORIENTED_EDGE ( 'NONE', *, *, #3901, .T. ) ;
#2877 = FILL_AREA_STYLE ('',( #5044 ) ) ;
#2878 = FACE_OUTER_BOUND ( 'NONE', #5045, .T. ) ;
#2879 = VECTOR ( 'NONE', #2603, 1000.000000000000000 ) ;
#2880 = VECTOR ( 'NONE', #318, 1000.000000000000000 ) ;
#2881 = DIRECTION ( 'NONE',  ( -0.0000000000000000000, -0.0000000000000000000, -1.000000000000000000 ) ) ;
#2882 = LINE ( 'NONE', #4463, #4267 ) ;
#2883 = EDGE_CURVE ( 'NONE', #3864, #1022, #2536, .T. ) ;
#2884 = DIRECTION ( 'NONE',  ( 0.0000000000000000000, 0.0000000000000000000, 1.000000000000000000 ) ) ;
#2885 = CARTESIAN_POINT ( 'NONE',  ( -4.574999992800068000, 1.282756304577470800, -4.173517865402043700 ) ) ;
#2886 = LINE ( 'NONE', #4805, #2866 ) ;
#2887 = CARTESIAN_POINT ( 'NONE',  ( 7.700000000000001100, 0.4699999999999999700, 5.000000000000000000 ) ) ;
#2888 = AXIS2_PLACEMENT_3D ( 'NONE', #3550, #3428, #3511 ) ;
#2889 = ADVANCED_FACE ( 'NONE', ( #3132 ), #5763, .T. ) ;
#2890 = CARTESIAN_POINT ( 'NONE',  ( -7.700000000000001100, 0.0000000000000000000, 5.000000000000000000 ) ) ;
#2891 = LINE ( 'NONE', #512, #2857 ) ;
#2892 = LINE ( 'NONE', #2520, #37 ) ;
#2893 = LINE ( 'NONE', #3073, #1295 ) ;
#2894 = PRESENTATION_LAYER_ASSIGNMENT (  '', '', ( #488 ) ) ;
#2895 = CARTESIAN_POINT ( 'NONE',  ( -4.574999979750193900, 1.300000000000000000, -3.949999997427844400 ) ) ;
#2896 = LINE ( 'NONE', #119, #2904 ) ;
#2897 = DIRECTION ( 'NONE',  ( -1.173873028861176500E-016, -1.000000000000000000, -2.958228394578794300E-029 ) ) ;
#2898 = ORIENTED_EDGE ( 'NONE', *, *, #1802, .T. ) ;
#2899 = ADVANCED_FACE ( 'NONE', ( #3263 ), #4323, .T. ) ;
#2900 = VECTOR ( 'NONE', #5094, 1000.000000000000000 ) ;
#2901 = B_SPLINE_CURVE_WITH_KNOTS ( 'NONE', 3,
 ( #2315, #2169, #1814, #1845 ),
 .UNSPECIFIED., .F., .F.,
 ( 4, 4 ),
 ( 0.0000000000000000000, 1.000000000000000000 ),
 .UNSPECIFIED. ) ;
#2902 = EDGE_CURVE ( 'NONE', #5181, #4860, #2893, .T. ) ;
#2903 = ORIENTED_EDGE ( 'NONE', *, *, #1384, .T. ) ;
#2904 = VECTOR ( 'NONE', #322, 1000.000000000000000 ) ;
#2905 = AXIS2_PLACEMENT_3D ( 'NONE', #5857, #5872, #5877 ) ;
#2906 = LINE ( 'NONE', #4210, #1359 ) ;
#2907 = ADVANCED_FACE ( 'NONE', ( #2695 ), #1265, .T. ) ;
#2908 = CARTESIAN_POINT ( 'NONE',  ( -4.175000000000022900, 1.139999999999999500, -4.649999997427859600 ) ) ;
#2909 = PRESENTATION_STYLE_ASSIGNMENT (( #4788 ) ) ;
#2910 = DIRECTION ( 'NONE',  ( 0.0000000000000000000, 0.0000000000000000000, 1.000000000000000000 ) ) ;
#2911 = DIRECTION ( 'NONE',  ( -0.0000000000000000000, -1.000000000000000000, -0.0000000000000000000 ) ) ;
#2912 = ORIENTED_EDGE ( 'NONE', *, *, #1415, .F. ) ;
#2913 = VECTOR ( 'NONE', #787, 1000.000000000000000 ) ;
#2914 = CARTESIAN_POINT ( 'NONE',  ( 5.440000040500855500, 1.299999999999889200, -3.200250156445393100 ) ) ;
#2915 = DIRECTION ( 'NONE',  ( 0.0000000000000000000, 1.000000000000000000, 0.0000000000000000000 ) ) ;
#2916 = COLOUR_RGB ( '',0.4117647058823529200, 0.4117647058823529200, 0.4117647058823529200 ) ;
#2917 = EDGE_CURVE ( 'NONE', #821, #4552, #5465, .T. ) ;
#2918 = CARTESIAN_POINT ( 'NONE',  ( 5.449999995015414100, 1.149999999999999500, -4.089999999999976800 ) ) ;
#2919 = DIRECTION ( 'NONE',  ( 0.0000000000000000000, 0.0000000000000000000, 1.000000000000000000 ) ) ;
#2920 = PLANE ( 'NONE',  #5239 ) ;
#2921 = VECTOR ( 'NONE', #871, 1000.000000000000000 ) ;
#2922 = DIRECTION ( 'NONE',  ( 1.000000000000000000, 0.0000000000000000000, -0.0000000000000000000 ) ) ;
#2923 = EDGE_CURVE ( 'NONE', #5181, #5613, #3365, .T. ) ;
#2924 = COLOUR_RGB ( '',0.4117647058823529200, 0.4117647058823529200, 0.4117647058823529200 ) ;
#2925 = EDGE_CURVE ( 'NONE', #4035, #5181, #5881, .T. ) ;
#2926 = AXIS2_PLACEMENT_3D ( 'NONE', #4479, #3896, #2086 ) ;
#2927 = DIRECTION ( 'NONE',  ( 0.0000000000000000000, -1.000000000000000000, 0.0000000000000000000 ) ) ;
#2928 = LINE ( 'NONE', #237, #2880 ) ;
#2929 = DIRECTION ( 'NONE',  ( -1.000000000000000000, -0.0000000000000000000, 0.0000000000000000000 ) ) ;
#2930 = DIRECTION ( 'NONE',  ( 0.0000000000000000000, 1.000000000000000000, 0.0000000000000000000 ) ) ;
#2931 = VECTOR ( 'NONE', #901, 1000.000000000000000 ) ;
#2932 = DIRECTION ( 'NONE',  ( 1.000000000000000000, -5.478074134664205900E-015, 1.826024711554735200E-015 ) ) ;
#2933 = EDGE_CURVE ( 'NONE', #3963, #3533, #3092, .T. ) ;
#2934 = AXIS2_PLACEMENT_3D ( 'NONE', #3787, #3765, #3726 ) ;
#2935 = DIRECTION ( 'NONE',  ( 0.0000000000000000000, 0.0000000000000000000, -1.000000000000000000 ) ) ;
#2936 = ORIENTED_EDGE ( 'NONE', *, *, #3152, .T. ) ;
#2937 = VECTOR ( 'NONE', #1025, 1000.000000000000000 ) ;
#2938 = DIRECTION ( 'NONE',  ( 0.0000000000000000000, 0.0000000000000000000, -1.000000000000000000 ) ) ;
#2939 = ADVANCED_FACE ( 'NONE', ( #2878 ), #1481, .T. ) ;
#2940 = LINE ( 'NONE', #595, #2937 ) ;
#2941 = DIRECTION ( 'NONE',  ( -1.000000000000000000, 0.0000000000000000000, -0.0000000000000000000 ) ) ;
#2942 = LINE ( 'NONE', #647, #2913 ) ;
#2943 = AXIS2_PLACEMENT_3D ( 'NONE', #844, #862, #319 ) ;
#2944 = LINE ( 'NONE', #5151, #6052 ) ;
#2945 = AXIS2_PLACEMENT_3D ( 'NONE', #3863, #3875, #3879 ) ;
#2946 = CARTESIAN_POINT ( 'NONE',  ( 4.175000020249841600, 1.300000000000000000, -4.639999997427862500 ) ) ;
#2947 = VERTEX_POINT ( 'NONE', #5743 ) ;
#2948 = EDGE_LOOP ( 'NONE', ( #315, #3489, #5330, #3348 ) ) ;
#2949 = CARTESIAN_POINT ( 'NONE',  ( -0.02500000000005232400, 1.139999999999999500, 4.100000000000086700 ) ) ;
#2950 = EDGE_LOOP ( 'NONE', ( #4577, #4584, #1299, #4466 ) ) ;
#2951 = UNCERTAINTY_MEASURE_WITH_UNIT (LENGTH_MEASURE( 1.000000000000000100E-005 ), #4669, 'distance_accuracy_value', 'NONE');
#2952 = LINE ( 'NONE', #991, #2921 ) ;
#2953 = DIRECTION ( 'NONE',  ( -1.000000000000000000, -0.0000000000000000000, 0.0000000000000000000 ) ) ;
#2954 = EDGE_CURVE ( 'NONE', #3252, #5535, #1447, .T. ) ;
#2955 = CIRCLE ( 'NONE', #1984, 0.1999999999999779700 ) ;
#2956 = EDGE_CURVE ( 'NONE', #3204, #4007, #5257, .T. ) ;
#2957 = LINE ( 'NONE', #5929, #1251 ) ;
#2958 = DIRECTION ( 'NONE',  ( 0.0000000000000000000, 0.0000000000000000000, 1.000000000000000000 ) ) ;
#2959 = CARTESIAN_POINT ( 'NONE',  ( -5.200000000000093400, 0.4499999999999842500, -3.594446615752577800 ) ) ;
#2960 = VECTOR ( 'NONE', #544, 1000.000000000000000 ) ;
#2961 = LINE ( 'NONE', #1109, #2960 ) ;
#2962 = DIRECTION ( 'NONE',  ( 0.0000000000000000000, 0.0000000000000000000, 1.000000000000000000 ) ) ;
#2963 = AXIS2_PLACEMENT_3D ( 'NONE', #381, #4070, #2139 ) ;
#2964 = DIRECTION ( 'NONE',  ( 0.0000000000000000000, 0.0000000000000000000, 1.000000000000000000 ) ) ;
#2965 = ORIENTED_EDGE ( 'NONE', *, *, #1953, .F. ) ;
#2966 = EDGE_LOOP ( 'NONE', ( #4444, #2761, #875, #5946 ) ) ;
#2967 = LINE ( 'NONE', #651, #3002 ) ;
#2968 = DIRECTION ( 'NONE',  ( 1.239088197126349800E-015, -1.000000000000000000, 1.479114197289397100E-030 ) ) ;
#2969 = CARTESIAN_POINT ( 'NONE',  ( -1.375000000000015100, 1.149999999999999900, 4.800000000000137500 ) ) ;
#2970 = ORIENTED_EDGE ( 'NONE', *, *, #5659, .F. ) ;
#2971 = LINE ( 'NONE', #6083, #3569 ) ;
#2972 = VERTEX_POINT ( 'NONE', #4591 ) ;
#2973 = STYLED_ITEM ( 'NONE', ( #4762 ), #2702 ) ;
#2974 = ADVANCED_FACE ( 'NONE', ( #79 ), #4966, .T. ) ;
#2975 = LINE ( 'NONE', #1003, #2931 ) ;
#2976 = VERTEX_POINT ( 'NONE', #4570 ) ;
#2977 = DIRECTION ( 'NONE',  ( -5.785657313253755400E-008, 4.301364501547825700E-023, 0.9999999999999983300 ) ) ;
#2978 = CARTESIAN_POINT ( 'NONE',  ( 0.3750000000000701700, 0.4499999999999842500, 4.650000000000138000 ) ) ;
#2979 = ADVANCED_FACE ( 'NONE', ( #5623 ), #4102, .T. ) ;
#2980 = EDGE_CURVE ( 'NONE', #5393, #3059, #834, .T. ) ;
#2981 = EDGE_LOOP ( 'NONE', ( #2058, #3159, #185, #4391 ) ) ;
#2982 = CARTESIAN_POINT ( 'NONE',  ( -1.175000000000037100, 1.300000000000000000, 3.950000000000120100 ) ) ;
#2983 = CIRCLE ( 'NONE', #1013, 0.009999999999999266400 ) ;
#2984 = LINE ( 'NONE', #3062, #1117 ) ;
#2985 = CARTESIAN_POINT ( 'NONE',  ( -4.890000000000002300, 0.4699999999999999700, -2.025000000000001700 ) ) ;
#2986 = ORIENTED_EDGE ( 'NONE', *, *, #5652, .F. ) ;
#2987 = DIRECTION ( 'NONE',  ( 0.0000000000000000000, 1.000000000000000000, 0.0000000000000000000 ) ) ;
#2988 = EDGE_CURVE ( 'NONE', #4300, #4007, #2743, .T. ) ;
#2989 = ORIENTED_EDGE ( 'NONE', *, *, #2061, .T. ) ;
#2990 = CIRCLE ( 'NONE', #1017, 0.009999999999999158900 ) ;
#2991 = CARTESIAN_POINT ( 'NONE',  ( -4.174999986500167500, 1.282756304577470400, -4.723517862829929500 ) ) ;
#2992 = CARTESIAN_POINT ( 'NONE',  ( -0.4891428278154165100, 0.1149999914975465700, -4.799999997427861800 ) ) ;
#2993 = ADVANCED_FACE ( 'NONE', ( #3245 ), #4678, .T. ) ;
#2994 = CYLINDRICAL_SURFACE ( 'NONE', #1069, 0.01000000000000046000 ) ;
#2995 = VERTEX_POINT ( 'NONE', #2623 ) ;
#2996 = DIRECTION ( 'NONE',  ( 1.000000000000000000, 1.239088197126349800E-015, -3.965082230804189800E-015 ) ) ;
#2997 = ORIENTED_EDGE ( 'NONE', *, *, #3752, .T. ) ;
#2998 = CARTESIAN_POINT ( 'NONE',  ( -4.890000000000002300, 0.4699999999999999700, -1.025000000000001700 ) ) ;
#2999 = CARTESIAN_POINT ( 'NONE',  ( -0.9750000000000236300, -0.04999999999999969700, 4.600000000000051200 ) ) ;
#3000 = LINE ( 'NONE', #1417, #3007 ) ;
#3001 = DIRECTION ( 'NONE',  ( -4.333079034468638600E-009, 1.000000000000000000, 0.0000000000000000000 ) ) ;
#3002 = VECTOR ( 'NONE', #1228, 1000.000000000000000 ) ;
#3003 = AXIS2_PLACEMENT_3D ( 'NONE', #4361, #2165, #2682 ) ;
#3004 = VECTOR ( 'NONE', #5717, 1000.000000000000000 ) ;
#3005 = MECHANICAL_DESIGN_GEOMETRIC_PRESENTATION_REPRESENTATION (  '', ( #3637 ), #2693 ) ;
#3006 = ADVANCED_FACE ( 'NONE', ( #3973 ), #2526, .T. ) ;
#3007 = VECTOR ( 'NONE', #1311, 1000.000000000000000 ) ;
#3008 = ADVANCED_FACE ( 'NONE', ( #1110 ), #2605, .T. ) ;
#3009 = CIRCLE ( 'NONE', #1114, 0.1999997132653332800 ) ;
#3010 = ORIENTED_EDGE ( 'NONE', *, *, #4406, .T. ) ;
#3011 = SURFACE_STYLE_FILL_AREA ( #3401 ) ;
#3012 = ORIENTED_EDGE ( 'NONE', *, *, #1333, .F. ) ;
#3013 = ORIENTED_EDGE ( 'NONE', *, *, #3183, .F. ) ;
#3014 = DIRECTION ( 'NONE',  ( 0.0000000000000000000, -0.0000000000000000000, 1.000000000000000000 ) ) ;
#3015 = CYLINDRICAL_SURFACE ( 'NONE', #5314, 0.1599999999998894000 ) ;
#3016 = VERTEX_POINT ( 'NONE', #1958 ) ;
#3017 = B_SPLINE_CURVE_WITH_KNOTS ( 'NONE', 3,
 ( #1758, #1668, #4717, #3116 ),
 .UNSPECIFIED., .F., .F.,
 ( 4, 4 ),
 ( 0.0000000000000000000, 1.000000000000000000 ),
 .UNSPECIFIED. ) ;
#3018 = PLANE ( 'NONE',  #823 ) ;
#3019 = ADVANCED_FACE ( 'NONE', ( #2065 ), #1623, .T. ) ;
#3020 = ORIENTED_EDGE ( 'NONE', *, *, #2042, .T. ) ;
#3021 = DIRECTION ( 'NONE',  ( 0.0000000000000000000, 0.0000000000000000000, 1.000000000000000000 ) ) ;
#3022 = SURFACE_STYLE_USAGE ( .BOTH. , #5719 ) ;
#3023 = CARTESIAN_POINT ( 'NONE',  ( 5.399999999999960400, 0.7500000000000630600, 4.800000000000137500 ) ) ;
#3024 = ORIENTED_EDGE ( 'NONE', *, *, #1825, .T. ) ;
#3025 = CARTESIAN_POINT ( 'NONE',  ( -0.4891428278154165100, 0.1149999914975465700, -4.649999997427860500 ) ) ;
#3026 = EDGE_LOOP ( 'NONE', ( #1131, #3895, #5747, #3592 ) ) ;
#3027 = LINE ( 'NONE', #3294, #3766 ) ;
#3028 = VECTOR ( 'NONE', #2421, 1000.000000000000000 ) ;
#3029 = ADVANCED_FACE ( 'NONE', ( #5028 ), #739, .F. ) ;
#3030 = DIRECTION ( 'NONE',  ( 1.000000000000000000, -7.434529182758089500E-016, -5.947623346206347800E-015 ) ) ;
#3031 = ORIENTED_EDGE ( 'NONE', *, *, #3983, .F. ) ;
#3032 = PLANE ( 'NONE',  #374 ) ;
#3033 = ORIENTED_EDGE ( 'NONE', *, *, #5609, .T. ) ;
#3034 = DIRECTION ( 'NONE',  ( 0.0000000000000000000, 0.0000000000000000000, 1.000000000000000000 ) ) ;
#3035 = ORIENTED_EDGE ( 'NONE', *, *, #3483, .T. ) ;
#3036 = CARTESIAN_POINT ( 'NONE',  ( -0.2999999999999574100, 0.1799999198510626500, 12.21037961703495400 ) ) ;
#3037 = EDGE_CURVE ( 'NONE', #2151, #5553, #642, .T. ) ;
#3038 = CARTESIAN_POINT ( 'NONE',  ( -5.439999999999939100, 1.149999999999999500, -3.200250158472982800 ) ) ;
#3039 = ORIENTED_EDGE ( 'NONE', *, *, #2665, .T. ) ;
#3040 = ADVANCED_FACE ( 'NONE', ( #3947 ), #306, .F. ) ;
#3041 = FACE_OUTER_BOUND ( 'NONE', #2522, .T. ) ;
#3042 = ORIENTED_EDGE ( 'NONE', *, *, #2760, .T. ) ;
#3043 = UNCERTAINTY_MEASURE_WITH_UNIT (LENGTH_MEASURE( 1.000000000000000100E-005 ), #4705, 'distance_accuracy_value', 'NONE');
#3044 = FILL_AREA_STYLE ('',( #2213 ) ) ;
#3045 = EDGE_CURVE ( 'NONE', #4839, #4880, #3076, .T. ) ;
#3046 = VECTOR ( 'NONE', #6038, 1000.000000000000000 ) ;
#3047 = ADVANCED_FACE ( 'NONE', ( #4892 ), #1687, .T. ) ;
#3048 = ADVANCED_FACE ( 'NONE', ( #1443 ), #5486, .F. ) ;
#3049 = DIRECTION ( 'NONE',  ( -0.0000000000000000000, -1.000000000000000000, -0.0000000000000000000 ) ) ;
#3050 = CARTESIAN_POINT ( 'NONE',  ( -5.442625345279719100, 1.149999999999999500, -3.200208343395980500 ) ) ;
#3051 = ORIENTED_EDGE ( 'NONE', *, *, #3464, .T. ) ;
#3052 = ADVANCED_FACE ( 'NONE', ( #2636 ), #4315, .T. ) ;
#3053 = EDGE_CURVE ( 'NONE', #4007, #5837, #1587, .T. ) ;
#3054 = AXIS2_PLACEMENT_3D ( 'NONE', #4684, #831, #1059 ) ;
#3055 = CARTESIAN_POINT ( 'NONE',  ( 0.3750000000002917700, 1.149999999999999900, 4.640000000000138200 ) ) ;
#3056 = COLOUR_RGB ( '',0.4117647058823529200, 0.4117647058823529200, 0.4117647058823529200 ) ;
#3057 = CARTESIAN_POINT ( 'NONE',  ( -4.374999979750215900, 1.300000000000000000, -3.949999997427844400 ) ) ;
#3058 = ORIENTED_EDGE ( 'NONE', *, *, #2442, .T. ) ;
#3059 = VERTEX_POINT ( 'NONE', #2768 ) ;
#3060 = DIRECTION ( 'NONE',  ( 0.0000000000000000000, 0.0000000000000000000, 1.000000000000000000 ) ) ;
#3061 = ORIENTED_EDGE ( 'NONE', *, *, #5798, .T. ) ;
#3062 = CARTESIAN_POINT ( 'NONE',  ( -1.375000000000181200, 1.139999999999998600, -3.594446615752577800 ) ) ;
#3063 = EDGE_CURVE ( 'NONE', #1810, #3204, #893, .T. ) ;
#3064 = DIRECTION ( 'NONE',  ( 0.0000000000000000000, 0.0000000000000000000, 1.000000000000000000 ) ) ;
#3065 = CARTESIAN_POINT ( 'NONE',  ( -4.900000000000001200, 0.4699999999999999700, -0.0000000000000000000 ) ) ;
#3066 = COLOUR_RGB ( '',0.4196078431372549100, 1.000000000000000000, 0.05882352941176470500 ) ;
#3067 = ORIENTED_EDGE ( 'NONE', *, *, #5939, .T. ) ;
#3068 = ADVANCED_FACE ( 'NONE', ( #2770 ), #1851, .T. ) ;
#3069 = FILL_AREA_STYLE_COLOUR ( '', #3806 ) ;
#3070 = ADVANCED_FACE ( 'NONE', ( #3429 ), #4729, .T. ) ;
#3071 = DIRECTION ( 'NONE',  ( 0.0000000000000000000, 0.0000000000000000000, 1.000000000000000000 ) ) ;
#3072 = PRESENTATION_STYLE_ASSIGNMENT (( #1493 ) ) ;
#3073 = CARTESIAN_POINT ( 'NONE',  ( -4.574999999999993100, 1.139999999999999500, -1.397020162857316400 ) ) ;
#3074 = ORIENTED_EDGE ( 'NONE', *, *, #5025, .F. ) ;
#3075 = SURFACE_STYLE_FILL_AREA ( #1544 ) ;
#3076 = B_SPLINE_CURVE_WITH_KNOTS ( 'NONE', 3,
 ( #1136, #117, #4996, #4523, #1494, #3910 ),
 .UNSPECIFIED., .F., .F.,
 ( 4, 2, 4 ),
 ( 0.0000000000000000000, 0.5000000000000000000, 1.000000000000000000 ),
 .UNSPECIFIED. ) ;
#3077 = DIRECTION ( 'NONE',  ( -1.000000000000000000, 5.478074134664203500E-015, 0.0000000000000000000 ) ) ;
#3078 = ADVANCED_FACE ( 'NONE', ( #2602 ), #3897, .T. ) ;
#3079 = SURFACE_STYLE_USAGE ( .BOTH. , #3444 ) ;
#3080 = ORIENTED_EDGE ( 'NONE', *, *, #6091, .T. ) ;
#3081 = CIRCLE ( 'NONE', #1068, 0.01000000000000002600 ) ;
#3082 = CIRCLE ( 'NONE', #1063, 0.01000000000000005400 ) ;
#3083 = EDGE_CURVE ( 'NONE', #5837, #1810, #2408, .T. ) ;
#3084 = DIRECTION ( 'NONE',  ( 1.000000000000000000, 0.0000000000000000000, 0.0000000000000000000 ) ) ;
#3085 = VECTOR ( 'NONE', #2186, 1000.000000000000000 ) ;
#3086 = SURFACE_SIDE_STYLE ('',( #5660 ) ) ;
#3087 = CARTESIAN_POINT ( 'NONE',  ( -5.599999999999938400, 0.2500000000000097700, -2.999999970545852900 ) ) ;
#3088 = CIRCLE ( 'NONE', #1093, 0.01000000000000002600 ) ;
#3089 = CARTESIAN_POINT ( 'NONE',  ( 5.439999999999940000, -27.48064091039079700, 4.500000000000059500 ) ) ;
#3090 = CARTESIAN_POINT ( 'NONE',  ( -5.445219866587572200, 1.148922269036097800, -3.200166762497265200 ) ) ;
#3091 =( GEOMETRIC_REPRESENTATION_CONTEXT ( 3 ) GLOBAL_UNCERTAINTY_ASSIGNED_CONTEXT ( ( #2562 ) ) GLOBAL_UNIT_ASSIGNED_CONTEXT ( ( #3575, #3596, #3657 ) ) REPRESENTATION_CONTEXT ( 'NONE', 'WORKASPACE' ) );
#3092 = CIRCLE ( 'NONE', #4686, 0.1999999999999779700 ) ;
#3093 = DIRECTION ( 'NONE',  ( -1.000000000000000000, 0.0000000000000000000, 0.0000000000000000000 ) ) ;
#3094 = CARTESIAN_POINT ( 'NONE',  ( 10.32156932122342300, 0.7500000000001177900, 4.600000029454182700 ) ) ;
#3095 = VECTOR ( 'NONE', #2783, 1000.000000000000000 ) ;
#3096 = VECTOR ( 'NONE', #2811, 1000.000000000000000 ) ;
#3097 = DIRECTION ( 'NONE',  ( 0.0000000000000000000, 0.0000000000000000000, 1.000000000000000000 ) ) ;
#3098 = CARTESIAN_POINT ( 'NONE',  ( -1.575000000000103700, 0.4499999999999287300, -3.594446615752577800 ) ) ;
#3099 = EDGE_LOOP ( 'NONE', ( #4655, #161, #1429, #4905 ) ) ;
#3100 = STYLED_ITEM ( 'NONE', ( #581 ), #1897 ) ;
#3101 = ORIENTED_EDGE ( 'NONE', *, *, #5659, .T. ) ;
#3102 = LINE ( 'NONE', #2742, #3096 ) ;
#3103 = DIRECTION ( 'NONE',  ( -9.081787609526636600E-014, 1.000000000000000000, 0.0000000000000000000 ) ) ;
#3104 = DIRECTION ( 'NONE',  ( 0.0000000000000000000, 0.0000000000000000000, 1.000000000000000000 ) ) ;
#3105 = VERTEX_POINT ( 'NONE', #864 ) ;
#3106 = CARTESIAN_POINT ( 'NONE',  ( 0.0000000000000000000, 0.9699999999999999700, -2.025000000000001700 ) ) ;
#3107 = DIRECTION ( 'NONE',  ( 0.0000000000000000000, 0.0000000000000000000, -1.000000000000000000 ) ) ;
#3108 = EDGE_CURVE ( 'NONE', #4028, #829, #1421, .T. ) ;
#3109 = VECTOR ( 'NONE', #1666, 1000.000000000000000 ) ;
#3110 = AXIS2_PLACEMENT_3D ( 'NONE', #283, #244, #218 ) ;
#3111 = DIRECTION ( 'NONE',  ( -0.0000000000000000000, -1.000000000000000000, -0.0000000000000000000 ) ) ;
#3112 = VERTEX_POINT ( 'NONE', #5454 ) ;
#3113 = LINE ( 'NONE', #1565, #3109 ) ;
#3114 = CARTESIAN_POINT ( 'NONE',  ( 4.575000020249797600, -27.48064091039079700, -3.949999997427844400 ) ) ;
#3115 = DIRECTION ( 'NONE',  ( 0.0000000000000000000, 0.0000000000000000000, -1.000000000000000000 ) ) ;
#3116 = CARTESIAN_POINT ( 'NONE',  ( 4.575000010799888300, 1.149999999999999500, -4.089999999999976800 ) ) ;
#3117 = ORIENTED_EDGE ( 'NONE', *, *, #4576, .T. ) ;
#3118 = ORIENTED_EDGE ( 'NONE', *, *, #5544, .T. ) ;
#3119 = CARTESIAN_POINT ( 'NONE',  ( -1.575000000000103700, 0.4499999999999296200, 4.650000000000138000 ) ) ;
#3120 = VERTEX_POINT ( 'NONE', #2835 ) ;
#3121 = LINE ( 'NONE', #1681, #3085 ) ;
#3122 = VECTOR ( 'NONE', #2929, 1000.000000000000000 ) ;
#3123 = ORIENTED_EDGE ( 'NONE', *, *, #5863, .F. ) ;
#3124 = CARTESIAN_POINT ( 'NONE',  ( -5.449999995015414100, 1.149999999999999500, -4.089999999999976800 ) ) ;
#3125 = DIRECTION ( 'NONE',  ( 0.0000000000000000000, 1.000000000000000000, 0.0000000000000000000 ) ) ;
#3126 = DIRECTION ( 'NONE',  ( -1.000000000000000000, 0.0000000000000000000, 0.0000000000000000000 ) ) ;
#3127 = DIRECTION ( 'NONE',  ( -1.173873028861176500E-016, -1.000000000000000000, -2.958228394578794300E-029 ) ) ;
#3128 = ORIENTED_EDGE ( 'NONE', *, *, #3647, .T. ) ;
#3129 = EDGE_LOOP ( 'NONE', ( #911, #935, #989, #1031 ) ) ;
#3130 = CARTESIAN_POINT ( 'NONE',  ( -0.9750000000000245100, 2.135497654998050900, 4.600000000000052000 ) ) ;
#3131 = ORIENTED_EDGE ( 'NONE', *, *, #2597, .F. ) ;
#3132 = FACE_OUTER_BOUND ( 'NONE', #3584, .T. ) ;
#3133 = ORIENTED_EDGE ( 'NONE', *, *, #3950, .T. ) ;
#3134 = ORIENTED_EDGE ( 'NONE', *, *, #10, .F. ) ;
#3135 = DIRECTION ( 'NONE',  ( 0.0000000000000000000, 0.0000000000000000000, 1.000000000000000000 ) ) ;
#3136 = CARTESIAN_POINT ( 'NONE',  ( -5.449999999999936200, 0.2500000000000332000, 3.621715029454230600 ) ) ;
#3137 = CARTESIAN_POINT ( 'NONE',  ( -4.400000000000001200, 0.9699999999999999700, -2.025000000000001700 ) ) ;
#3138 = ORIENTED_EDGE ( 'NONE', *, *, #321, .T. ) ;
#3139 = EDGE_CURVE ( 'NONE', #6105, #1519, #717, .T. ) ;
#3140 = CARTESIAN_POINT ( 'NONE',  ( 0.0000000000000000000, 0.9699999999999999700, -0.5000000000000004400 ) ) ;
#3141 = DIRECTION ( 'NONE',  ( -1.000000000000000000, 0.0000000000000000000, 0.0000000000000000000 ) ) ;
#3142 = EDGE_CURVE ( 'NONE', #4592, #5837, #2214, .T. ) ;
#3143 = ORIENTED_EDGE ( 'NONE', *, *, #4200, .T. ) ;
#3144 = PLANE ( 'NONE',  #2739 ) ;
#3145 = SURFACE_SIDE_STYLE ('',( #429 ) ) ;
#3146 = CARTESIAN_POINT ( 'NONE',  ( 0.6782860000000925400, 0.2499999999999785400, -4.649999997427860500 ) ) ;
#3147 = VERTEX_POINT ( 'NONE', #42 ) ;
#3148 = CIRCLE ( 'NONE', #1126, 0.009999999999999266400 ) ;
#3149 = CARTESIAN_POINT ( 'NONE',  ( -7.700000000000001100, 0.4699999999999999700, -5.000000000000000000 ) ) ;
#3150 = EDGE_CURVE ( 'NONE', #1385, #1810, #2971, .T. ) ;
#3151 = STYLED_ITEM ( 'NONE', ( #4635 ), #435 ) ;
#3152 = EDGE_CURVE ( 'NONE', #3147, #5728, #473, .T. ) ;
#3153 = AXIS2_PLACEMENT_3D ( 'NONE', #2733, #1807, #1768 ) ;
#3154 = DIRECTION ( 'NONE',  ( 0.0000000000000000000, 1.000000000000000000, -0.0000000000000000000 ) ) ;
#3155 = ORIENTED_EDGE ( 'NONE', *, *, #5300, .F. ) ;
#3156 = VERTEX_POINT ( 'NONE', #576 ) ;
#3157 = DIRECTION ( 'NONE',  ( 1.000000000000000000, -0.0000000000000000000, 9.251858538540568700E-013 ) ) ;
#3158 = DIRECTION ( 'NONE',  ( -0.0000000000000000000, -0.0000000000000000000, 1.000000000000000000 ) ) ;
#3159 = ORIENTED_EDGE ( 'NONE', *, *, #2095, .F. ) ;
#3160 = DIRECTION ( 'NONE',  ( 0.0000000000000000000, 0.0000000000000000000, 1.000000000000000000 ) ) ;
#3161 = ORIENTED_EDGE ( 'NONE', *, *, #5907, .T. ) ;
#3162 = VECTOR ( 'NONE', #1255, 1000.000000000000000 ) ;
#3163 = DIRECTION ( 'NONE',  ( -0.0000000000000000000, -1.000000000000000000, -0.0000000000000000000 ) ) ;
#3164 = ORIENTED_EDGE ( 'NONE', *, *, #4474, .F. ) ;
#3165 =( GEOMETRIC_REPRESENTATION_CONTEXT ( 3 ) GLOBAL_UNCERTAINTY_ASSIGNED_CONTEXT ( ( #1689 ) ) GLOBAL_UNIT_ASSIGNED_CONTEXT ( ( #6065, #75, #4351 ) ) REPRESENTATION_CONTEXT ( 'NONE', 'WORKASPACE' ) );
#3166 = EDGE_CURVE ( 'NONE', #1436, #1495, #454, .T. ) ;
#3167 = VERTEX_POINT ( 'NONE', #215 ) ;
#3168 = ORIENTED_EDGE ( 'NONE', *, *, #4135, .T. ) ;
#3169 = DIRECTION ( 'NONE',  ( 0.0000000000000000000, 0.0000000000000000000, -1.000000000000000000 ) ) ;
#3170 = FACE_OUTER_BOUND ( 'NONE', #1585, .T. ) ;
#3171 = EDGE_CURVE ( 'NONE', #3642, #6051, #964, .T. ) ;
#3172 = DIRECTION ( 'NONE',  ( 0.0000000000000000000, 1.000000000000000000, 0.0000000000000000000 ) ) ;
#3173 = DIRECTION ( 'NONE',  ( -1.000000000000000000, 0.0000000000000000000, 0.0000000000000000000 ) ) ;
#3174 = ORIENTED_EDGE ( 'NONE', *, *, #3483, .F. ) ;
#3175 = CARTESIAN_POINT ( 'NONE',  ( -4.574999991000084700, 1.299999999999888600, -4.131887902047811400 ) ) ;
#3176 = VERTEX_POINT ( 'NONE', #688 ) ;
#3177 = CARTESIAN_POINT ( 'NONE',  ( -5.275000000000002100, 0.9699999999999999700, -8.673617379884035500E-016 ) ) ;
#3178 = CARTESIAN_POINT ( 'NONE',  ( -5.400000000000071400, 0.4499999999999851300, 4.650000000000138000 ) ) ;
#3179 = ORIENTED_EDGE ( 'NONE', *, *, #5017, .T. ) ;
#3180 = ORIENTED_EDGE ( 'NONE', *, *, #4089, .T. ) ;
#3181 = DIRECTION ( 'NONE',  ( 9.251858538540568700E-013, 0.0000000000000000000, -1.000000000000000000 ) ) ;
#3182 = AXIS2_PLACEMENT_3D ( 'NONE', #556, #2659, #5325 ) ;
#3183 = EDGE_CURVE ( 'NONE', #5683, #5836, #5118, .T. ) ;
#3184 = DIRECTION ( 'NONE',  ( 0.0000000000000000000, -1.000000000000000000, 0.0000000000000000000 ) ) ;
#3185 = ORIENTED_EDGE ( 'NONE', *, *, #1175, .F. ) ;
#3186 = CARTESIAN_POINT ( 'NONE',  ( -5.448922269036036600, 1.145219866587632800, -3.200083366521547100 ) ) ;
#3187 = ORIENTED_EDGE ( 'NONE', *, *, #4085, .T. ) ;
#3188 = ORIENTED_EDGE ( 'NONE', *, *, #4021, .T. ) ;
#3189 = DIRECTION ( 'NONE',  ( -1.000000000000000000, 0.0000000000000000000, 0.0000000000000000000 ) ) ;
#3190 = VERTEX_POINT ( 'NONE', #815 ) ;
#3191 = CARTESIAN_POINT ( 'NONE',  ( -5.449999999999938900, 1.142625345279781400, -3.200041785622835800 ) ) ;
#3192 = CARTESIAN_POINT ( 'NONE',  ( -5.449999996676926800, 1.149999999999999500, -4.095235987755959400 ) ) ;
#3193 = ORIENTED_EDGE ( 'NONE', *, *, #5322, .T. ) ;
#3194 = VECTOR ( 'NONE', #3172, 1000.000000000000000 ) ;
#3195 = EDGE_CURVE ( 'NONE', #1385, #4592, #2527, .T. ) ;
#3196 = AXIS2_PLACEMENT_3D ( 'NONE', #4741, #4830, #4974 ) ;
#3197 = CIRCLE ( 'NONE', #4229, 0.2000000000000890000 ) ;
#3198 = EDGE_CURVE ( 'NONE', #4666, #3642, #2955, .T. ) ;
#3199 = DIRECTION ( 'NONE',  ( -0.0000000000000000000, -1.000000000000000000, -0.0000000000000000000 ) ) ;
#3200 = CARTESIAN_POINT ( 'NONE',  ( -5.449999999999938900, 1.139999999999999900, -3.199999970545833100 ) ) ;
#3201 = CARTESIAN_POINT ( 'NONE',  ( 4.575000008999905900, 1.299999999999888600, -4.131887902047811400 ) ) ;
#3202 = ORIENTED_EDGE ( 'NONE', *, *, #1953, .T. ) ;
#3203 = EDGE_LOOP ( 'NONE', ( #3058, #3333, #1464, #5219 ) ) ;
#3204 = VERTEX_POINT ( 'NONE', #982 ) ;
#3205 = VECTOR ( 'NONE', #131, 1000.000000000000000 ) ;
#3206 = LINE ( 'NONE', #5413, #278 ) ;
#3207 = CARTESIAN_POINT ( 'NONE',  ( -5.449999999999952200, 1.139999999999999500, -1.397020162857316400 ) ) ;
#3208 = DIRECTION ( 'NONE',  ( -5.259690252779571800E-009, 3.252606584458143700E-015, 1.000000000000000000 ) ) ;
#3209 = EDGE_LOOP ( 'NONE', ( #4013, #4017, #4037, #4052 ) ) ;
#3210 = AXIS2_PLACEMENT_3D ( 'NONE', #5732, #5759, #5781 ) ;
#3211 = VECTOR ( 'NONE', #5991, 1000.000000000000000 ) ;
#3212 = CARTESIAN_POINT ( 'NONE',  ( -5.300000000000082400, 1.139999999999999900, 4.640000000000138200 ) ) ;
#3213 = ORIENTED_EDGE ( 'NONE', *, *, #5562, .T. ) ;
#3214 = ORIENTED_EDGE ( 'NONE', *, *, #4327, .T. ) ;
#3215 = ORIENTED_EDGE ( 'NONE', *, *, #2578, .T. ) ;
#3216 = DIRECTION ( 'NONE',  ( 1.000000000000000000, 0.0000000000000000000, 0.0000000000000000000 ) ) ;
#3217 = EDGE_CURVE ( 'NONE', #3577, #1957, #1765, .T. ) ;
#3218 = VECTOR ( 'NONE', #300, 1000.000000000000000 ) ;
#3219 = EDGE_CURVE ( 'NONE', #4300, #4592, #5677, .T. ) ;
#3220 = ORIENTED_EDGE ( 'NONE', *, *, #4279, .T. ) ;
#3221 = ORIENTED_EDGE ( 'NONE', *, *, #5907, .F. ) ;
#3222 = FILL_AREA_STYLE_COLOUR ( '', #5396 ) ;
#3223 = ORIENTED_EDGE ( 'NONE', *, *, #3139, .F. ) ;
#3224 = CARTESIAN_POINT ( 'NONE',  ( 5.449999998338444000, 1.145235987755982800, -4.099999999999975700 ) ) ;
#3225 = CARTESIAN_POINT ( 'NONE',  ( -0.9750000000000036400, 1.300000000000000000, 3.950000000000120100 ) ) ;
#3226 = VECTOR ( 'NONE', #5192, 1000.000000000000000 ) ;
#3227 = ORIENTED_EDGE ( 'NONE', *, *, #4394, .T. ) ;
#3228 = DIRECTION ( 'NONE',  ( -0.0000000000000000000, 0.0000000000000000000, 1.000000000000000000 ) ) ;
#3229 = DIRECTION ( 'NONE',  ( 0.0000000000000000000, 1.000000000000000000, -0.0000000000000000000 ) ) ;
#3230 = VECTOR ( 'NONE', #5307, 1000.000000000000000 ) ;
#3231 = EDGE_CURVE ( 'NONE', #1385, #3475, #5302, .T. ) ;
#3232 = DIRECTION ( 'NONE',  ( 1.000000000000000000, -1.667666423790703400E-032, 5.259688788402081300E-009 ) ) ;
#3233 = ORIENTED_EDGE ( 'NONE', *, *, #2634, .T. ) ;
#3234 =( GEOMETRIC_REPRESENTATION_CONTEXT ( 3 ) GLOBAL_UNCERTAINTY_ASSIGNED_CONTEXT ( ( #3043 ) ) GLOBAL_UNIT_ASSIGNED_CONTEXT ( ( #4705, #2483, #1611 ) ) REPRESENTATION_CONTEXT ( 'NONE', 'WORKASPACE' ) );
#3235 = ORIENTED_EDGE ( 'NONE', *, *, #2278, .F. ) ;
#3236 = ORIENTED_EDGE ( 'NONE', *, *, #4777, .F. ) ;
#3237 = SURFACE_SIDE_STYLE ('',( #2037 ) ) ;
#3238 = FILL_AREA_STYLE ('',( #3320 ) ) ;
#3239 = DIRECTION ( 'NONE',  ( 0.0000000000000000000, 0.0000000000000000000, -1.000000000000000000 ) ) ;
#3240 = COLOUR_RGB ( '',0.4117647058823529200, 0.4117647058823529200, 0.4117647058823529200 ) ;
#3241 = ORIENTED_EDGE ( 'NONE', *, *, #2521, .F. ) ;
#3242 = ORIENTED_EDGE ( 'NONE', *, *, #4407, .F. ) ;
#3243 = AXIS2_PLACEMENT_3D ( 'NONE', #3662, #3643, #3389 ) ;
#3244 = CIRCLE ( 'NONE', #3400, 0.1999999999999779700 ) ;
#3245 = FACE_OUTER_BOUND ( 'NONE', #4172, .T. ) ;
#3246 = VECTOR ( 'NONE', #1282, 1000.000000000000000 ) ;
#3247 = VECTOR ( 'NONE', #4431, 1000.000000000000000 ) ;
#3248 = EDGE_LOOP ( 'NONE', ( #3138, #3552, #3929, #765, #3179, #4427, #2599, #5874 ) ) ;
#3249 = UNCERTAINTY_MEASURE_WITH_UNIT (LENGTH_MEASURE( 1.000000000000000100E-005 ), #5365, 'distance_accuracy_value', 'NONE');
#3250 = CARTESIAN_POINT ( 'NONE',  ( -7.700000000000001100, 0.0000000000000000000, -5.000000000000000000 ) ) ;
#3251 = EDGE_CURVE ( 'NONE', #2721, #421, #781, .T. ) ;
#3252 = VERTEX_POINT ( 'NONE', #1656 ) ;
#3253 = AXIS2_PLACEMENT_3D ( 'NONE', #2277, #1960, #1766 ) ;
#3254 = PLANE ( 'NONE',  #3526 ) ;
#3255 = AXIS2_PLACEMENT_3D ( 'NONE', #4893, #5240, #4589 ) ;
#3256 = DIRECTION ( 'NONE',  ( 0.0000000000000000000, 1.000000000000000000, 0.0000000000000000000 ) ) ;
#3257 = CARTESIAN_POINT ( 'NONE',  ( 5.450000040499539900, 1.139999999999999500, -3.199999971334787800 ) ) ;
#3258 = SURFACE_STYLE_USAGE ( .BOTH. , #3237 ) ;
#3259 =( LENGTH_UNIT ( ) NAMED_UNIT ( * ) SI_UNIT ( .MILLI., .METRE. ) );
#3260 = ORIENTED_EDGE ( 'NONE', *, *, #4407, .T. ) ;
#3261 = LINE ( 'NONE', #4046, #5627 ) ;
#3262 = VERTEX_POINT ( 'NONE', #1259 ) ;
#3263 = FACE_OUTER_BOUND ( 'NONE', #3451, .T. ) ;
#3264 = CARTESIAN_POINT ( 'NONE',  ( 0.3750000000002917700, -27.48064091039079700, 3.950000000000009100 ) ) ;
#3265 = EDGE_CURVE ( 'NONE', #3864, #1706, #2164, .T. ) ;
#3266 = CARTESIAN_POINT ( 'NONE',  ( -5.449999979750287200, 0.09999999999999853500, -4.599999997427734600 ) ) ;
#3267 = EDGE_CURVE ( 'NONE', #1706, #2976, #3713, .T. ) ;
#3268 = VERTEX_POINT ( 'NONE', #2046 ) ;
#3269 = CARTESIAN_POINT ( 'NONE',  ( -4.275000000000002100, 0.9699999999999999700, -0.01000000000000102000 ) ) ;
#3270 = FILL_AREA_STYLE ('',( #4952 ) ) ;
#3271 = CARTESIAN_POINT ( 'NONE',  ( 10.32156932122342300, 0.4499999999999877400, -2.999999970545853300 ) ) ;
#3272 = VERTEX_POINT ( 'NONE', #2351 ) ;
#3273 = ORIENTED_EDGE ( 'NONE', *, *, #4289, .T. ) ;
#3274 = VECTOR ( 'NONE', #2242, 1000.000000000000000 ) ;
#3275 =( NAMED_UNIT ( * ) PLANE_ANGLE_UNIT ( ) SI_UNIT ( $, .RADIAN. ) );
#3276 = VECTOR ( 'NONE', #813, 1000.000000000000000 ) ;
#3277 = DIRECTION ( 'NONE',  ( 0.0000000000000000000, 1.000000000000000000, -0.0000000000000000000 ) ) ;
#3278 = DIRECTION ( 'NONE',  ( 4.333013982341326100E-009, -1.000000000000000000, 0.0000000000000000000 ) ) ;
#3279 = UNCERTAINTY_MEASURE_WITH_UNIT (LENGTH_MEASURE( 1.000000000000000100E-005 ), #4810, 'distance_accuracy_value', 'NONE');
#3280 = ORIENTED_EDGE ( 'NONE', *, *, #4412, .T. ) ;
#3281 = EDGE_CURVE ( 'NONE', #3300, #2721, #596, .T. ) ;
#3282 = AXIS2_PLACEMENT_3D ( 'NONE', #5168, #4325, #5185 ) ;
#3283 = DIRECTION ( 'NONE',  ( 1.000000000000000000, -1.667666423790703400E-032, 5.259688788402081300E-009 ) ) ;
#3284 = FACE_OUTER_BOUND ( 'NONE', #4679, .T. ) ;
#3285 = ORIENTED_EDGE ( 'NONE', *, *, #2597, .T. ) ;
#3286 = CARTESIAN_POINT ( 'NONE',  ( 5.599999999999938400, 0.7500000000001177900, 4.500000029454193800 ) ) ;
#3287 =( NAMED_UNIT ( * ) PLANE_ANGLE_UNIT ( ) SI_UNIT ( $, .RADIAN. ) );
#3288 = VERTEX_POINT ( 'NONE', #2704 ) ;
#3289 = PLANE ( 'NONE',  #3253 ) ;
#3290 = CARTESIAN_POINT ( 'NONE',  ( 4.175000000000042500, 1.139999999999999500, 12.21037961703495400 ) ) ;
#3291 = ORIENTED_EDGE ( 'NONE', *, *, #2061, .F. ) ;
#3292 =( NAMED_UNIT ( * ) SI_UNIT ( $, .STERADIAN. ) SOLID_ANGLE_UNIT ( ) );
#3293 = EDGE_CURVE ( 'NONE', #5531, #4571, #2111, .T. ) ;
#3294 = CARTESIAN_POINT ( 'NONE',  ( -1.375000000000126100, 1.299999999999999200, 4.640000000000138200 ) ) ;
#3295 = VECTOR ( 'NONE', #972, 1000.000000000000000 ) ;
#3296 = ORIENTED_EDGE ( 'NONE', *, *, #2095, .T. ) ;
#3297 = ORIENTED_EDGE ( 'NONE', *, *, #3198, .F. ) ;
#3298 = DIRECTION ( 'NONE',  ( -0.0000000000000000000, -1.000000000000000000, -0.0000000000000000000 ) ) ;
#3299 = ORIENTED_EDGE ( 'NONE', *, *, #4334, .F. ) ;
#3300 = VERTEX_POINT ( 'NONE', #2692 ) ;
#3301 = DIRECTION ( 'NONE',  ( 1.000000000000000000, 0.0000000000000000000, 0.0000000000000000000 ) ) ;
#3302 = DIRECTION ( 'NONE',  ( 0.0000000000000000000, 0.0000000000000000000, 1.000000000000000000 ) ) ;
#3303 = EDGE_LOOP ( 'NONE', ( #3678, #3685, #3724, #3729 ) ) ;
#3304 = LINE ( 'NONE', #2646, #4567 ) ;
#3305 = CARTESIAN_POINT ( 'NONE',  ( 5.440000040500858200, 1.150000000000000400, -3.200250156445393100 ) ) ;
#3306 = EDGE_CURVE ( 'NONE', #2976, #5699, #5901, .T. ) ;
#3307 = CARTESIAN_POINT ( 'NONE',  ( 0.5749999999999926300, 0.2500000000000626700, 4.650000000000138000 ) ) ;
#3308 = VERTEX_POINT ( 'NONE', #2918 ) ;
#3309 = ORIENTED_EDGE ( 'NONE', *, *, #3382, .F. ) ;
#3310 = VECTOR ( 'NONE', #1566, 1000.000000000000000 ) ;
#3311 = CARTESIAN_POINT ( 'NONE',  ( -10.32156929148626600, 1.300000000000004300, -3.200000054288334500 ) ) ;
#3312 = SHAPE_REPRESENTATION ( '4_BLEí¥ëÂå^BLE_MODULEäÓî¬', ( #1507 ), #2653 ) ;
#3313 = EDGE_CURVE ( 'NONE', #5082, #1022, #1173, .T. ) ;
#3314 = EDGE_LOOP ( 'NONE', ( #3976, #3984, #3993, #3999 ) ) ;
#3315 = AXIS2_PLACEMENT_3D ( 'NONE', #735, #2390, #4162 ) ;
#3316 = CARTESIAN_POINT ( 'NONE',  ( -4.575000000000017100, 0.1000000000000002600, -4.249999999999939600 ) ) ;
#3317 = ORIENTED_EDGE ( 'NONE', *, *, #2687, .F. ) ;
#3318 = PRESENTATION_LAYER_ASSIGNMENT (  '', '', ( #3637 ) ) ;
#3319 = VECTOR ( 'NONE', #2365, 1000.000000000000000 ) ;
#3320 = FILL_AREA_STYLE_COLOUR ( '', #1990 ) ;
#3321 = ORIENTED_EDGE ( 'NONE', *, *, #3733, .T. ) ;
#3322 = ORIENTED_EDGE ( 'NONE', *, *, #2615, .T. ) ;
#3323 = CARTESIAN_POINT ( 'NONE',  ( -10.32156933251184200, 0.7500000000001194600, 4.599999945711682700 ) ) ;
#3324 = CARTESIAN_POINT ( 'NONE',  ( 5.449999999999965500, 0.1100000000000007200, -4.249999999999865000 ) ) ;
#3325 = ORIENTED_EDGE ( 'NONE', *, *, #2679, .F. ) ;
#3326 = LINE ( 'NONE', #515, #2366 ) ;
#3327 = EDGE_CURVE ( 'NONE', #5699, #5367, #5266, .T. ) ;
#3328 = CARTESIAN_POINT ( 'NONE',  ( -0.2999999999999560200, -0.02000008014891360000, 12.21037961703495400 ) ) ;
#3329 = ORIENTED_EDGE ( 'NONE', *, *, #43, .F. ) ;
#3330 = DIRECTION ( 'NONE',  ( -1.000000000000000000, 5.478074134664203500E-015, 0.0000000000000000000 ) ) ;
#3331 = CARTESIAN_POINT ( 'NONE',  ( -4.174999999999960700, 0.4500000000000267700, -4.649999997427860500 ) ) ;
#3332 = ORIENTED_EDGE ( 'NONE', *, *, #2854, .T. ) ;
#3333 = ORIENTED_EDGE ( 'NONE', *, *, #2459, .F. ) ;
#3334 = EDGE_CURVE ( 'NONE', #4204, #5699, #3437, .T. ) ;
#3336 = EDGE_LOOP ( 'NONE', ( #6011, #6050, #6115, #1756 ) ) ;
#3335 = CARTESIAN_POINT ( 'NONE',  ( -0.9749999999999481300, 1.149999999999999900, 4.250000000000087000 ) ) ;
#3337 = CARTESIAN_POINT ( 'NONE',  ( 0.3750000000002917700, 1.299999999999889000, 4.640000000000138200 ) ) ;
#3338 = ORIENTED_EDGE ( 'NONE', *, *, #2933, .F. ) ;
#3339 = CARTESIAN_POINT ( 'NONE',  ( -4.774999979750308700, 2.006428974359999000, -4.599999997427736400 ) ) ;
#3340 = ORIENTED_EDGE ( 'NONE', *, *, #2475, .F. ) ;
#3341 = LINE ( 'NONE', #6090, #1900 ) ;
#3342 = DIRECTION ( 'NONE',  ( 0.0000000000000000000, 1.000000000000000000, -4.565061778885772400E-015 ) ) ;
#3343 = EDGE_CURVE ( 'NONE', #4115, #4625, #857, .T. ) ;
#3344 = PLANE ( 'NONE',  #2255 ) ;
#3345 = DIRECTION ( 'NONE',  ( -1.000000000000000000, -7.228014483237492300E-016, 0.0000000000000000000 ) ) ;
#3346 = VERTEX_POINT ( 'NONE', #3760 ) ;
#3347 = CARTESIAN_POINT ( 'NONE',  ( 0.0000000000000000000, 0.0000000000000000000, 0.0000000000000000000 ) ) ;
#3348 = ORIENTED_EDGE ( 'NONE', *, *, #3883, .T. ) ;
#3349 = DIRECTION ( 'NONE',  ( 0.0000000000000000000, -0.0000000000000000000, 1.000000000000000000 ) ) ;
#3350 = ORIENTED_EDGE ( 'NONE', *, *, #3553, .F. ) ;
#3351 = DIRECTION ( 'NONE',  ( 0.0000000000000000000, 0.0000000000000000000, 1.000000000000000000 ) ) ;
#3352 = B_SPLINE_CURVE_WITH_KNOTS ( 'NONE', 3,
 ( #2946, #4846, #5511, #5452, #4731, #2490 ),
 .UNSPECIFIED., .F., .F.,
 ( 4, 2, 4 ),
 ( 0.0000000000000000000, 0.5000000000000000000, 1.000000000000000000 ),
 .UNSPECIFIED. ) ;
#3353 = DIRECTION ( 'NONE',  ( 1.000000000000000000, 0.0000000000000000000, 0.0000000000000000000 ) ) ;
#3354 = ORIENTED_EDGE ( 'NONE', *, *, #3251, .T. ) ;
#3355 = VERTEX_POINT ( 'NONE', #3537 ) ;
#3356 = EDGE_CURVE ( 'NONE', #4538, #5683, #4399, .T. ) ;
#3357 = CARTESIAN_POINT ( 'NONE',  ( -4.574999999999993100, 1.139999999999999500, -4.099999999999975700 ) ) ;
#3358 = DIRECTION ( 'NONE',  ( -0.0000000000000000000, -1.000000000000000000, -0.0000000000000000000 ) ) ;
#3359 = DIRECTION ( 'NONE',  ( 0.0000000000000000000, 0.0000000000000000000, 1.000000000000000000 ) ) ;
#3360 = LINE ( 'NONE', #1174, #3520 ) ;
#3361 = DIRECTION ( 'NONE',  ( 1.850371707708798000E-013, 0.0000000000000000000, 1.000000000000000000 ) ) ;
#3362 = ORIENTED_EDGE ( 'NONE', *, *, #4085, .F. ) ;
#3363 = EDGE_CURVE ( 'NONE', #5567, #1530, #4099, .T. ) ;
#3364 = DIRECTION ( 'NONE',  ( -1.000000000000000000, 7.930164461608632000E-015, 3.965082230804315200E-015 ) ) ;
#3365 = LINE ( 'NONE', #2129, #5801 ) ;
#3366 = VERTEX_POINT ( 'NONE', #4091 ) ;
#3367 = ORIENTED_EDGE ( 'NONE', *, *, #2956, .F. ) ;
#3368 = DIRECTION ( 'NONE',  ( 0.0000000000000000000, 1.000000000000000000, 0.0000000000000000000 ) ) ;
#3369 = VERTEX_POINT ( 'NONE', #4166 ) ;
#3370 = ORIENTED_EDGE ( 'NONE', *, *, #4109, .F. ) ;
#3371 = EDGE_CURVE ( 'NONE', #179, #3864, #2639, .T. ) ;
#3372 = AXIS2_PLACEMENT_3D ( 'NONE', #2959, #3034, #3478 ) ;
#3373 = CARTESIAN_POINT ( 'NONE',  ( -4.374999979750215900, -27.48064091039079700, -3.949999997427844400 ) ) ;
#3374 = DIRECTION ( 'NONE',  ( 0.0000000000000000000, 0.0000000000000000000, 1.000000000000000000 ) ) ;
#3375 = ORIENTED_EDGE ( 'NONE', *, *, #2500, .T. ) ;
#3376 = ORIENTED_EDGE ( 'NONE', *, *, #4192, .F. ) ;
#3377 = CARTESIAN_POINT ( 'NONE',  ( -4.174999983125201400, 1.299999999999888600, -4.681887899475697200 ) ) ;
#3378 = CARTESIAN_POINT ( 'NONE',  ( -0.7749999999998783400, -0.05000000000000056500, 4.799999999999972300 ) ) ;
#3379 = ORIENTED_EDGE ( 'NONE', *, *, #2711, .T. ) ;
#3380 = DIRECTION ( 'NONE',  ( 0.0000000000000000000, 1.000000000000000000, 0.0000000000000000000 ) ) ;
#3381 = EDGE_CURVE ( 'NONE', #4110, #349, #5902, .T. ) ;
#3382 = EDGE_CURVE ( 'NONE', #3518, #4093, #2020, .T. ) ;
#3383 = DIRECTION ( 'NONE',  ( -0.0000000000000000000, -1.000000000000000000, -0.0000000000000000000 ) ) ;
#3384 = EDGE_LOOP ( 'NONE', ( #5944, #4908, #270, #1105 ) ) ;
#3385 = CARTESIAN_POINT ( 'NONE',  ( -0.9749999999999476900, 0.1100000000000007200, 4.100000000000086700 ) ) ;
#3386 = DIRECTION ( 'NONE',  ( 1.000000000000000000, -0.0000000000000000000, 0.0000000000000000000 ) ) ;
#3387 = DIRECTION ( 'NONE',  ( -9.081787609526636600E-014, 1.000000000000000000, 6.123233995736766000E-017 ) ) ;
#3388 = ORIENTED_EDGE ( 'NONE', *, *, #4209, .F. ) ;
#3389 = DIRECTION ( 'NONE',  ( -1.000000000000000000, 0.0000000000000000000, 0.0000000000000000000 ) ) ;
#3390 = ORIENTED_EDGE ( 'NONE', *, *, #3063, .F. ) ;
#3391 = VERTEX_POINT ( 'NONE', #5077 ) ;
#3392 = CARTESIAN_POINT ( 'NONE',  ( 0.0000000000000000000, 0.0000000000000000000, -4.099999999999976600 ) ) ;
#3393 = LINE ( 'NONE', #4380, #4388 ) ;
#3394 = LINE ( 'NONE', #4083, #83 ) ;
#3395 = ORIENTED_EDGE ( 'NONE', *, *, #3251, .F. ) ;
#3396 = DIRECTION ( 'NONE',  ( 1.000000000000000000, -0.0000000000000000000, 0.0000000000000000000 ) ) ;
#3397 = VECTOR ( 'NONE', #2089, 1000.000000000000000 ) ;
#3398 = MANIFOLD_SOLID_BREP ( 'ŒﬁΩ - âüÇµèoÇµ2[2]', #4942 ) ;
#3399 = EDGE_CURVE ( 'NONE', #1655, #4093, #3446, .T. ) ;
#3400 = AXIS2_PLACEMENT_3D ( 'NONE', #5605, #5587, #5533 ) ;
#3401 = FILL_AREA_STYLE ('',( #939 ) ) ;
#3402 = EDGE_CURVE ( 'NONE', #3654, #3518, #5500, .T. ) ;
#3403 = CARTESIAN_POINT ( 'NONE',  ( -0.9749999999999663400, -0.04999999999988826600, 4.260000000000085100 ) ) ;
#3404 = DIRECTION ( 'NONE',  ( -6.530723674265493100E-014, -0.0000000000000000000, -1.000000000000000000 ) ) ;
#3405 = DIRECTION ( 'NONE',  ( 0.0000000000000000000, 1.000000000000000000, 0.0000000000000000000 ) ) ;
#3406 = ORIENTED_EDGE ( 'NONE', *, *, #4447, .T. ) ;
#3407 = EDGE_LOOP ( 'NONE', ( #4305, #5629, #873, #1246, #1612, #4689, #1503, #4742, #5790, #5508, #5071 ) ) ;
#3408 = EDGE_CURVE ( 'NONE', #5632, #1655, #225, .T. ) ;
#3409 = EDGE_LOOP ( 'NONE', ( #5921, #3427, #5033, #1345 ) ) ;
#3410 = CARTESIAN_POINT ( 'NONE',  ( 0.0000000000000000000, 0.9699999999999999700, 0.5250000000000002400 ) ) ;
#3411 = CARTESIAN_POINT ( 'NONE',  ( 5.450000020249843800, -0.05000000000000056500, -4.599999997427809200 ) ) ;
#3412 = EDGE_CURVE ( 'NONE', #881, #5632, #4611, .T. ) ;
#3413 = ORIENTED_EDGE ( 'NONE', *, *, #4683, .F. ) ;
#3414 = ORIENTED_EDGE ( 'NONE', *, *, #3281, .F. ) ;
#3415 =( GEOMETRIC_REPRESENTATION_CONTEXT ( 3 ) GLOBAL_UNCERTAINTY_ASSIGNED_CONTEXT ( ( #634 ) ) GLOBAL_UNIT_ASSIGNED_CONTEXT ( ( #5292, #5293, #5305 ) ) REPRESENTATION_CONTEXT ( 'NONE', 'WORKASPACE' ) );
#3416 = DIRECTION ( 'NONE',  ( 0.0000000000000000000, 0.0000000000000000000, 1.000000000000000000 ) ) ;
#3417 = CARTESIAN_POINT ( 'NONE',  ( 5.440000040500858200, 1.150000000000000400, -3.200250156445393100 ) ) ;
#3418 = VERTEX_POINT ( 'NONE', #1051 ) ;
#3419 = VECTOR ( 'NONE', #3527, 1000.000000000000000 ) ;
#3420 = DIRECTION ( 'NONE',  ( -0.0000000000000000000, -1.000000000000000000, -0.0000000000000000000 ) ) ;
#3421 = DIRECTION ( 'NONE',  ( 1.000000000000000000, 1.242348955541136200E-015, -1.982541115402157200E-015 ) ) ;
#3422 = EDGE_CURVE ( 'NONE', #881, #3654, #662, .T. ) ;
#3423 = AXIS2_PLACEMENT_3D ( 'NONE', #1701, #2121, #734 ) ;
#3424 = ORIENTED_EDGE ( 'NONE', *, *, #3313, .T. ) ;
#3425 = CARTESIAN_POINT ( 'NONE',  ( 4.375000020249819600, 1.300000000000000000, -3.949999997427844400 ) ) ;
#3426 = B_SPLINE_CURVE_WITH_KNOTS ( 'NONE', 3,
 ( #3886, #3868, #3623, #3588 ),
 .UNSPECIFIED., .F., .F.,
 ( 4, 4 ),
 ( 0.0000000000000000000, 1.000000000000000000 ),
 .UNSPECIFIED. ) ;
#3427 = ORIENTED_EDGE ( 'NONE', *, *, #2264, .T. ) ;
#3428 = DIRECTION ( 'NONE',  ( 0.0000000000000000000, 0.0000000000000000000, -1.000000000000000000 ) ) ;
#3429 = FACE_OUTER_BOUND ( 'NONE', #565, .T. ) ;
#3430 = ORIENTED_EDGE ( 'NONE', *, *, #4269, .T. ) ;
#3431 = ORIENTED_EDGE ( 'NONE', *, *, #2875, .F. ) ;
#3432 = CARTESIAN_POINT ( 'NONE',  ( -0.02500000000007704400, 0.1099999999999955200, 4.260000000000086800 ) ) ;
#3433 = EDGE_CURVE ( 'NONE', #5367, #1706, #3816, .T. ) ;
#3434 = AXIS2_PLACEMENT_3D ( 'NONE', #5231, #4668, #3845 ) ;
#3435 = ORIENTED_EDGE ( 'NONE', *, *, #1361, .T. ) ;
#3436 = DIRECTION ( 'NONE',  ( 1.000000000000000000, -5.478074134664205900E-015, 1.826024711554735200E-015 ) ) ;
#3437 = LINE ( 'NONE', #3477, #5974 ) ;
#3438 = DIRECTION ( 'NONE',  ( -0.0000000000000000000, -0.0000000000000000000, -1.000000000000000000 ) ) ;
#3439 = UNCERTAINTY_MEASURE_WITH_UNIT (LENGTH_MEASURE( 1.000000000000000100E-005 ), #779, 'distance_accuracy_value', 'NONE');
#3440 = CIRCLE ( 'NONE', #4261, 0.2000000000000890000 ) ;
#3441 = ORIENTED_EDGE ( 'NONE', *, *, #2777, .F. ) ;
#3442 = PLANE ( 'NONE',  #2799 ) ;
#3443 = EDGE_CURVE ( 'NONE', #470, #5632, #4389, .T. ) ;
#3444 = SURFACE_SIDE_STYLE ('',( #1797 ) ) ;
#3445 = VECTOR ( 'NONE', #4029, 1000.000000000000000 ) ;
#3446 = LINE ( 'NONE', #5134, #61 ) ;
#3447 = CARTESIAN_POINT ( 'NONE',  ( 5.599999999473968900, 0.1800000000000490400, 4.600000029454185400 ) ) ;
#3448 = ORIENTED_EDGE ( 'NONE', *, *, #4414, .T. ) ;
#3449 = ORIENTED_EDGE ( 'NONE', *, *, #4435, .F. ) ;
#3450 = EDGE_CURVE ( 'NONE', #722, #470, #592, .T. ) ;
#3451 = EDGE_LOOP ( 'NONE', ( #5362, #5160, #1898, #1076 ) ) ;
#3452 = AXIS2_PLACEMENT_3D ( 'NONE', #4413, #4423, #4440 ) ;
#3453 = CARTESIAN_POINT ( 'NONE',  ( -5.275000000000002100, 0.9699999999999999700, 0.0000000000000000000 ) ) ;
#3454 = CARTESIAN_POINT ( 'NONE',  ( -5.449999999999937100, 0.1800001234754994000, 4.400000029454227000 ) ) ;
#3455 = VECTOR ( 'NONE', #3103, 1000.000000000000000 ) ;
#3456 = DIRECTION ( 'NONE',  ( 1.000000000000000000, 0.0000000000000000000, -0.0000000000000000000 ) ) ;
#3457 = ORIENTED_EDGE ( 'NONE', *, *, #3231, .F. ) ;
#3458 = ORIENTED_EDGE ( 'NONE', *, *, #2162, .F. ) ;
#3459 = ORIENTED_EDGE ( 'NONE', *, *, #4447, .F. ) ;
#3460 =( LENGTH_UNIT ( ) NAMED_UNIT ( * ) SI_UNIT ( .MILLI., .METRE. ) );
#3461 = CARTESIAN_POINT ( 'NONE',  ( -4.374999979750215900, 1.149999999999999900, -3.949999997427844400 ) ) ;
#3462 = DIRECTION ( 'NONE',  ( 5.484538333475400900E-015, 1.000000000000000000, 0.0000000000000000000 ) ) ;
#3463 = CARTESIAN_POINT ( 'NONE',  ( -5.449999999999936200, -0.01999987652449766000, 4.400000029454227000 ) ) ;
#3464 = EDGE_CURVE ( 'NONE', #3272, #1302, #2703, .T. ) ;
#3465 = CARTESIAN_POINT ( 'NONE',  ( -4.285000000000001900, 0.9699999999999999700, -8.673617379884035500E-016 ) ) ;
#3466 = LINE ( 'NONE', #1422, #2069 ) ;
#3467 = PLANE ( 'NONE',  #1879 ) ;
#3468 = ORIENTED_EDGE ( 'NONE', *, *, #4464, .T. ) ;
#3469 = CARTESIAN_POINT ( 'NONE',  ( 21.19230168719633800, 0.1099999999999695100, -4.260000000000106400 ) ) ;
#3470 = CARTESIAN_POINT ( 'NONE',  ( -10.32156933198587000, 0.7500000000001185700, 4.499999945711693700 ) ) ;
#3471 = DIRECTION ( 'NONE',  ( 0.0000000000000000000, 1.000000000000000000, 0.0000000000000000000 ) ) ;
#3472 = VECTOR ( 'NONE', #2087, 1000.000000000000000 ) ;
#3473 = CYLINDRICAL_SURFACE ( 'NONE', #5323, 0.1599999999998885400 ) ;
#3474 = EDGE_CURVE ( 'NONE', #5313, #470, #2029, .T. ) ;
#3475 = VERTEX_POINT ( 'NONE', #3626 ) ;
#3476 = FILL_AREA_STYLE ('',( #3515 ) ) ;
#3477 = CARTESIAN_POINT ( 'NONE',  ( -0.9749999999999476900, 0.1100000000000007200, 1.297572480866142600 ) ) ;
#3478 = DIRECTION ( 'NONE',  ( 0.0000000000000000000, -1.000000000000000000, 0.0000000000000000000 ) ) ;
#3479 = EDGE_LOOP ( 'NONE', ( #5593, #503, #3967, #1844 ) ) ;
#3480 = VERTEX_POINT ( 'NONE', #3551 ) ;
#3481 = CARTESIAN_POINT ( 'NONE',  ( 0.6782860000000939800, 0.04999981387754284100, -4.649999997427862300 ) ) ;
#3482 = DIRECTION ( 'NONE',  ( 0.0000000000000000000, 0.0000000000000000000, 1.000000000000000000 ) ) ;
#3483 = EDGE_CURVE ( 'NONE', #4273, #5313, #1220, .T. ) ;
#3484 = MECHANICAL_DESIGN_GEOMETRIC_PRESENTATION_REPRESENTATION (  '', ( #3151 ), #3165 ) ;
#3485 = CARTESIAN_POINT ( 'NONE',  ( -4.900000000000001200, 0.9699999999999999700, -2.025000000000001700 ) ) ;
#3486 = APPLICATION_CONTEXT ( 'automotive_design' ) ;
#3487 = AXIS2_PLACEMENT_3D ( 'NONE', #5925, #344, #4014 ) ;
#3488 = CARTESIAN_POINT ( 'NONE',  ( -5.449999999999944200, 0.1100000000000024600, -1.397020162857316400 ) ) ;
#3489 = ORIENTED_EDGE ( 'NONE', *, *, #3866, .F. ) ;
#3490 = VECTOR ( 'NONE', #1772, 1000.000000000000000 ) ;
#3491 = CARTESIAN_POINT ( 'NONE',  ( 10.32156932122342300, 0.4499999999999868500, -3.199999970545831300 ) ) ;
#3492 = SURFACE_STYLE_FILL_AREA ( #1551 ) ;
#3493 = DIRECTION ( 'NONE',  ( -1.000000000000000000, 0.0000000000000000000, 0.0000000000000000000 ) ) ;
#3494 = CARTESIAN_POINT ( 'NONE',  ( 5.599999999473968900, 0.1800000000000490400, 4.600000029454185400 ) ) ;
#3495 = DIRECTION ( 'NONE',  ( 0.0000000000000000000, 0.0000000000000000000, 1.000000000000000000 ) ) ;
#3496 = ORIENTED_EDGE ( 'NONE', *, *, #3306, .T. ) ;
#3497 = EDGE_LOOP ( 'NONE', ( #3841, #3847, #3857, #3877 ) ) ;
#3498 = VECTOR ( 'NONE', #4502, 1000.000000000000000 ) ;
#3499 = AXIS2_PLACEMENT_3D ( 'NONE', #2268, #2429, #2438 ) ;
#3500 =( GEOMETRIC_REPRESENTATION_CONTEXT ( 3 ) GLOBAL_UNCERTAINTY_ASSIGNED_CONTEXT ( ( #1280 ) ) GLOBAL_UNIT_ASSIGNED_CONTEXT ( ( #3712, #3736, #3746 ) ) REPRESENTATION_CONTEXT ( 'NONE', 'WORKASPACE' ) );
#3501 = FACE_OUTER_BOUND ( 'NONE', #3479, .T. ) ;
#3502 = DIRECTION ( 'NONE',  ( 0.0000000000000000000, 0.0000000000000000000, 1.000000000000000000 ) ) ;
#3503 = CARTESIAN_POINT ( 'NONE',  ( -1.375000000000181200, 1.139999999999998600, 4.800000000000138400 ) ) ;
#3504 = PLANE ( 'NONE',  #1610 ) ;
#3505 = ORIENTED_EDGE ( 'NONE', *, *, #5248, .F. ) ;
#3506 = ORIENTED_EDGE ( 'NONE', *, *, #3793, .T. ) ;
#3507 = CIRCLE ( 'NONE', #5558, 0.1599999999998885400 ) ;
#3508 = AXIS2_PLACEMENT_3D ( 'NONE', #1615, #5150, #5041 ) ;
#3509 = AXIS2_PLACEMENT_3D ( 'NONE', #2068, #5466, #951 ) ;
#3510 = ORIENTED_EDGE ( 'NONE', *, *, #1316, .F. ) ;
#3511 = DIRECTION ( 'NONE',  ( 0.0000000000000000000, 1.000000000000000000, 0.0000000000000000000 ) ) ;
#3512 = CARTESIAN_POINT ( 'NONE',  ( -5.449999998338438600, 1.223517865402067100, -4.232756304577448800 ) ) ;
#3513 =( LENGTH_UNIT ( ) NAMED_UNIT ( * ) SI_UNIT ( .MILLI., .METRE. ) );
#3514 = EDGE_CURVE ( 'NONE', #2474, #3844, #4244, .T. ) ;
#3515 = FILL_AREA_STYLE_COLOUR ( '', #1817 ) ;
#3516 = EDGE_CURVE ( 'NONE', #5728, #4712, #1, .T. ) ;
#3517 = AXIS2_PLACEMENT_3D ( 'NONE', #4605, #4550, #4425 ) ;
#3518 = VERTEX_POINT ( 'NONE', #4308 ) ;
#3519 = DIRECTION ( 'NONE',  ( 0.0000000000000000000, 0.0000000000000000000, -1.000000000000000000 ) ) ;
#3520 = VECTOR ( 'NONE', #3421, 1000.000000000000000 ) ;
#3521 = CARTESIAN_POINT ( 'NONE',  ( 10.32156932122342300, 0.7500000000001177900, 4.500000029454193800 ) ) ;
#3522 = CYLINDRICAL_SURFACE ( 'NONE', #487, 0.1599999999998885400 ) ;
#3523 = ORIENTED_EDGE ( 'NONE', *, *, #4480, .F. ) ;
#3524 = EDGE_CURVE ( 'NONE', #179, #5367, #2906, .T. ) ;
#3525 = CIRCLE ( 'NONE', #6079, 0.009999999999999266400 ) ;
#3526 = AXIS2_PLACEMENT_3D ( 'NONE', #3264, #3173, #4886 ) ;
#3527 = DIRECTION ( 'NONE',  ( -1.000000000000000000, 1.982541115402157600E-015, 0.0000000000000000000 ) ) ;
#3528 = EDGE_LOOP ( 'NONE', ( #109, #188, #2912, #3836 ) ) ;
#3529 = ORIENTED_EDGE ( 'NONE', *, *, #4488, .T. ) ;
#3530 = CARTESIAN_POINT ( 'NONE',  ( -4.174999979750238000, 1.299999999999888600, -4.639999997427862500 ) ) ;
#3531 = SURFACE_STYLE_USAGE ( .BOTH. , #3542 ) ;
#3532 = DIRECTION ( 'NONE',  ( 1.000000000000000000, 0.0000000000000000000, 0.0000000000000000000 ) ) ;
#3533 = VERTEX_POINT ( 'NONE', #5689 ) ;
#3534 = ORIENTED_EDGE ( 'NONE', *, *, #4480, .T. ) ;
#3535 = CARTESIAN_POINT ( 'NONE',  ( -4.275000000000002100, 0.4699999999999999700, -0.0000000000000000000 ) ) ;
#3536 = AXIS2_PLACEMENT_3D ( 'NONE', #2395, #3157, #3181 ) ;
#3537 = CARTESIAN_POINT ( 'NONE',  ( -1.375000000000070600, 1.149999999999991300, 3.950000000000120100 ) ) ;
#3538 = CARTESIAN_POINT ( 'NONE',  ( 5.440000040500855500, 1.299999999999889200, -3.200250156445393100 ) ) ;
#3539 = VERTEX_POINT ( 'NONE', #5253 ) ;
#3540 = LINE ( 'NONE', #5975, #184 ) ;
#3541 = CARTESIAN_POINT ( 'NONE',  ( 4.575000020249773600, 0.09999999999999939500, -4.599999997427805600 ) ) ;
#3542 = SURFACE_SIDE_STYLE ('',( #2714 ) ) ;
#3543 = EDGE_CURVE ( 'NONE', #4093, #4307, #4526, .T. ) ;
#3544 = DIRECTION ( 'NONE',  ( 0.0000000000000000000, 1.000000000000000000, -0.0000000000000000000 ) ) ;
#3545 = APPLICATION_PROTOCOL_DEFINITION ( 'draft international standard', 'automotive_design', 1998, #458 ) ;
#3546 = EDGE_LOOP ( 'NONE', ( #514, #2140, #1189, #5103 ) ) ;
#3547 = CONTEXT_DEPENDENT_SHAPE_REPRESENTATION ( #1245, #1341 ) ;
#3548 = CARTESIAN_POINT ( 'NONE',  ( -4.574999999999988600, 0.1100000000000007200, -4.099999999999975700 ) ) ;
#3549 = SURFACE_STYLE_FILL_AREA ( #4744 ) ;
#3550 = CARTESIAN_POINT ( 'NONE',  ( 0.3000002332246383100, 0.1799999198509559500, 12.21037961703495400 ) ) ;
#3551 = CARTESIAN_POINT ( 'NONE',  ( 5.450000002629781000, -0.01999987652449852800, 4.000000028665428300 ) ) ;
#3552 = ORIENTED_EDGE ( 'NONE', *, *, #299, .T. ) ;
#3553 = EDGE_CURVE ( 'NONE', #5920, #1982, #1831, .T. ) ;
#3554 = EDGE_CURVE ( 'NONE', #3518, #3190, #4374, .T. ) ;
#3555 = VECTOR ( 'NONE', #4073, 1000.000000000000000 ) ;
#3556 = PLANE ( 'NONE',  #4346 ) ;
#3557 = ORIENTED_EDGE ( 'NONE', *, *, #1690, .F. ) ;
#3558 = ORIENTED_EDGE ( 'NONE', *, *, #4505, .F. ) ;
#3559 = DIRECTION ( 'NONE',  ( 0.0000000000000000000, -0.0000000000000000000, 1.000000000000000000 ) ) ;
#3560 = PLANE ( 'NONE',  #197 ) ;
#3561 = EDGE_CURVE ( 'NONE', #922, #2478, #1742, .T. ) ;
#3562 = FILL_AREA_STYLE ('',( #2614 ) ) ;
#3563 = ORIENTED_EDGE ( 'NONE', *, *, #5941, .T. ) ;
#3564 = PRESENTATION_LAYER_ASSIGNMENT (  '', '', ( #629 ) ) ;
#3565 =( NAMED_UNIT ( * ) PLANE_ANGLE_UNIT ( ) SI_UNIT ( $, .RADIAN. ) );
#3566 = CARTESIAN_POINT ( 'NONE',  ( 0.3750000000000250900, 1.139999999999998600, -5.556414649620801800 ) ) ;
#3567 = ORIENTED_EDGE ( 'NONE', *, *, #4524, .F. ) ;
#3568 =( NAMED_UNIT ( * ) SI_UNIT ( $, .STERADIAN. ) SOLID_ANGLE_UNIT ( ) );
#3569 = VECTOR ( 'NONE', #262, 1000.000000000000000 ) ;
#3570 = EDGE_CURVE ( 'NONE', #4307, #2478, #1262, .T. ) ;
#3571 =( GEOMETRIC_REPRESENTATION_CONTEXT ( 3 ) GLOBAL_UNCERTAINTY_ASSIGNED_CONTEXT ( ( #5144 ) ) GLOBAL_UNIT_ASSIGNED_CONTEXT ( ( #4765, #4726, #4708 ) ) REPRESENTATION_CONTEXT ( 'NONE', 'WORKASPACE' ) );
#3572 = DIRECTION ( 'NONE',  ( 0.0000000000000000000, 0.0000000000000000000, -1.000000000000000000 ) ) ;
#3573 = DIRECTION ( 'NONE',  ( 0.0000000000000000000, 1.000000000000000000, 0.0000000000000000000 ) ) ;
#3574 = ORIENTED_EDGE ( 'NONE', *, *, #3942, .T. ) ;
#3575 =( LENGTH_UNIT ( ) NAMED_UNIT ( * ) SI_UNIT ( .MILLI., .METRE. ) );
#3576 = CARTESIAN_POINT ( 'NONE',  ( -1.375000000000181200, 0.4499999999999287300, 4.650000000000138000 ) ) ;
#3577 = VERTEX_POINT ( 'NONE', #4301 ) ;
#3578 = B_SPLINE_CURVE_WITH_KNOTS ( 'NONE', 3,
 ( #2415, #1542, #2059, #3815, #3201, #533 ),
 .UNSPECIFIED., .F., .F.,
 ( 4, 2, 4 ),
 ( 0.0000000000000000000, 0.5000000000000000000, 1.000000000000000000 ),
 .UNSPECIFIED. ) ;
#3579 = FACE_OUTER_BOUND ( 'NONE', #1605, .T. ) ;
#3580 = ORIENTED_EDGE ( 'NONE', *, *, #3543, .T. ) ;
#3581 = CARTESIAN_POINT ( 'NONE',  ( -4.900000000000001200, 0.9699999999999999700, -2.025000000000001700 ) ) ;
#3582 = DIRECTION ( 'NONE',  ( 0.0000000000000000000, 1.000000000000000000, 0.0000000000000000000 ) ) ;
#3583 = VERTEX_POINT ( 'NONE', #2635 ) ;
#3584 = EDGE_LOOP ( 'NONE', ( #4596, #5326, #3406, #499 ) ) ;
#3585 = CARTESIAN_POINT ( 'NONE',  ( 0.0000000000000000000, 0.9699999999999999700, -0.5000000000000004400 ) ) ;
#3586 = EDGE_CURVE ( 'NONE', #3016, #2478, #1198, .T. ) ;
#3587 = ORIENTED_EDGE ( 'NONE', *, *, #414, .T. ) ;
#3588 = CARTESIAN_POINT ( 'NONE',  ( -5.439999999999939100, 1.299999999999889000, -3.200250158472981400 ) ) ;
#3589 = CARTESIAN_POINT ( 'NONE',  ( 4.575000000000002800, 1.139999999999999500, -4.249999999999976000 ) ) ;
#3590 = EDGE_CURVE ( 'NONE', #3717, #3016, #1107, .T. ) ;
#3591 = UNCERTAINTY_MEASURE_WITH_UNIT (LENGTH_MEASURE( 1.000000000000000100E-005 ), #5329, 'distance_accuracy_value', 'NONE');
#3592 = ORIENTED_EDGE ( 'NONE', *, *, #4683, .T. ) ;
#3593 = DIRECTION ( 'NONE',  ( 0.0000000000000000000, 0.0000000000000000000, 1.000000000000000000 ) ) ;
#3594 = ORIENTED_EDGE ( 'NONE', *, *, #4543, .T. ) ;
#3595 = CARTESIAN_POINT ( 'NONE',  ( -0.9749999999999476900, 0.1100000000000007200, 4.249999999999976000 ) ) ;
#3596 =( NAMED_UNIT ( * ) PLANE_ANGLE_UNIT ( ) SI_UNIT ( $, .RADIAN. ) );
#3597 = DIRECTION ( 'NONE',  ( -3.605340855892905500E-031, -1.000000000000000000, 4.565061847019895400E-015 ) ) ;
#3598 = MECHANICAL_DESIGN_GEOMETRIC_PRESENTATION_REPRESENTATION (  '', ( #1860 ), #5840 ) ;
#3599 = VERTEX_POINT ( 'NONE', #4995 ) ;
#3600 = DIRECTION ( 'NONE',  ( 0.0000000000000000000, 0.0000000000000000000, -1.000000000000000000 ) ) ;
#3601 = EDGE_LOOP ( 'NONE', ( #5851, #5919, #5987, #3424 ) ) ;
#3602 = VERTEX_POINT ( 'NONE', #382 ) ;
#3603 = EDGE_CURVE ( 'NONE', #4119, #2610, #5742, .T. ) ;
#3604 = PRODUCT_DEFINITION ( 'UNKNOWN', '', #4258, #4661 ) ;
#3605 = PRESENTATION_LAYER_ASSIGNMENT (  '', '', ( #2973 ) ) ;
#3606 = ORIENTED_EDGE ( 'NONE', *, *, #1219, .T. ) ;
#3607 = DIRECTION ( 'NONE',  ( -1.000000000000000000, 0.0000000000000000000, -0.0000000000000000000 ) ) ;
#3608 = DIRECTION ( 'NONE',  ( 0.0000000000000000000, 1.000000000000000000, 0.0000000000000000000 ) ) ;
#3609 = CARTESIAN_POINT ( 'NONE',  ( -5.599999999999938400, 0.4499999999999868500, -3.199999970545831300 ) ) ;
#3610 = EDGE_LOOP ( 'NONE', ( #5126, #5600, #3221, #5358 ) ) ;
#3611 = PLANE ( 'NONE',  #5582 ) ;
#3612 = MECHANICAL_DESIGN_GEOMETRIC_PRESENTATION_REPRESENTATION (  '', ( #31 ), #403 ) ;
#3613 =( NAMED_UNIT ( * ) SI_UNIT ( $, .STERADIAN. ) SOLID_ANGLE_UNIT ( ) );
#3614 = VERTEX_POINT ( 'NONE', #5904 ) ;
#3615 = ORIENTED_EDGE ( 'NONE', *, *, #3408, .T. ) ;
#3616 = CARTESIAN_POINT ( 'NONE',  ( 4.575000000000006400, 0.1100000000000024600, -1.397020162857316400 ) ) ;
#3617 = CARTESIAN_POINT ( 'NONE',  ( 5.449999999999938000, 0.7500000000001185700, 4.500000028665240800 ) ) ;
#3618 = EDGE_LOOP ( 'NONE', ( #341, #2076, #5211, #4928, #1821, #3297 ) ) ;
#3619 = LINE ( 'NONE', #3225, #4513 ) ;
#3620 = CARTESIAN_POINT ( 'NONE',  ( 0.0000000000000000000, 0.4699999999999999700, 0.0000000000000000000 ) ) ;
#3621 = EDGE_LOOP ( 'NONE', ( #1804, #5935, #4003, #683 ) ) ;
#3622 = ORIENTED_EDGE ( 'NONE', *, *, #5916, .T. ) ;
#3623 = CARTESIAN_POINT ( 'NONE',  ( -5.439999999999939100, 1.249999999999904100, -3.200250158472981400 ) ) ;
#3624 = PLANE ( 'NONE',  #5459 ) ;
#3625 = ORIENTED_EDGE ( 'NONE', *, *, #4063, .T. ) ;
#3626 = CARTESIAN_POINT ( 'NONE',  ( 4.574999999999998400, 1.139999999999999500, -4.099999999999975700 ) ) ;
#3627 = FILL_AREA_STYLE_COLOUR ( '', #1710 ) ;
#3628 = VECTOR ( 'NONE', #3738, 1000.000000000000000 ) ;
#3629 = SURFACE_STYLE_USAGE ( .BOTH. , #2598 ) ;
#3630 = EDGE_CURVE ( 'NONE', #3717, #922, #4355, .T. ) ;
#3631 = CARTESIAN_POINT ( 'NONE',  ( -5.265000000000002300, 0.4699999999999999700, -0.5000000000000004400 ) ) ;
#3632 = PLANE ( 'NONE',  #3728 ) ;
#3633 = VERTEX_POINT ( 'NONE', #5343 ) ;
#3634 = ORIENTED_EDGE ( 'NONE', *, *, #3514, .F. ) ;
#3635 = DIRECTION ( 'NONE',  ( 0.0000000000000000000, 0.0000000000000000000, 1.000000000000000000 ) ) ;
#3636 = EDGE_CURVE ( 'NONE', #4206, #1191, #4649, .T. ) ;
#3637 = STYLED_ITEM ( 'NONE', ( #2847 ), #2188 ) ;
#3638 = CARTESIAN_POINT ( 'NONE',  ( 5.399999999999904400, 0.4499999999999851300, 4.800000000000137500 ) ) ;
#3639 = EDGE_LOOP ( 'NONE', ( #3321, #3496, #4299, #4583 ) ) ;
#3640 = APPLICATION_PROTOCOL_DEFINITION ( 'draft international standard', 'automotive_design', 1998, #2430 ) ;
#3641 = VECTOR ( 'NONE', #783, 1000.000000000000000 ) ;
#3642 = VERTEX_POINT ( 'NONE', #4773 ) ;
#3643 = DIRECTION ( 'NONE',  ( 0.0000000000000000000, 0.0000000000000000000, -1.000000000000000000 ) ) ;
#3644 = ORIENTED_EDGE ( 'NONE', *, *, #3636, .T. ) ;
#3645 = DIRECTION ( 'NONE',  ( 0.0000000000000000000, 3.154042683593905700E-015, 1.000000000000000000 ) ) ;
#3646 = VECTOR ( 'NONE', #2098, 1000.000000000000000 ) ;
#3647 = EDGE_CURVE ( 'NONE', #3418, #1191, #2741, .T. ) ;
#3648 = CARTESIAN_POINT ( 'NONE',  ( 7.700000000000001100, 0.0000000000000000000, -5.000000000000000000 ) ) ;
#3649 = CARTESIAN_POINT ( 'NONE',  ( -4.410000000000001000, 0.9699999999999999700, -1.025000000000001700 ) ) ;
#3650 = ORIENTED_EDGE ( 'NONE', *, *, #5865, .F. ) ;
#3651 = DIRECTION ( 'NONE',  ( 6.123233995736766000E-017, 1.000000000000000000, -3.154042683593905700E-015 ) ) ;
#3652 = ORIENTED_EDGE ( 'NONE', *, *, #335, .T. ) ;
#3653 =( GEOMETRIC_REPRESENTATION_CONTEXT ( 3 ) GLOBAL_UNCERTAINTY_ASSIGNED_CONTEXT ( ( #5505 ) ) GLOBAL_UNIT_ASSIGNED_CONTEXT ( ( #738, #859, #5622 ) ) REPRESENTATION_CONTEXT ( 'NONE', 'WORKASPACE' ) );
#3654 = VERTEX_POINT ( 'NONE', #3989 ) ;
#3655 = DIRECTION ( 'NONE',  ( 1.000000000000000000, 7.067391939164968100E-015, 0.0000000000000000000 ) ) ;
#3656 = VECTOR ( 'NONE', #990, 1000.000000000000000 ) ;
#3657 =( NAMED_UNIT ( * ) SI_UNIT ( $, .STERADIAN. ) SOLID_ANGLE_UNIT ( ) );
#3658 = ORIENTED_EDGE ( 'NONE', *, *, #6099, .F. ) ;
#3659 = ORIENTED_EDGE ( 'NONE', *, *, #2385, .F. ) ;
#3660 = EDGE_CURVE ( 'NONE', #3664, #3418, #501, .T. ) ;
#3661 = DIRECTION ( 'NONE',  ( -1.000000000000000000, 0.0000000000000000000, 0.0000000000000000000 ) ) ;
#3662 = CARTESIAN_POINT ( 'NONE',  ( -0.2999999999999574100, 0.1799999198510626500, -4.799999997427861800 ) ) ;
#3663 = EDGE_CURVE ( 'NONE', #4373, #1035, #3261, .T. ) ;
#3664 = VERTEX_POINT ( 'NONE', #4401 ) ;
#3665 = FACE_OUTER_BOUND ( 'NONE', #4797, .T. ) ;
#3666 = VERTEX_POINT ( 'NONE', #2161 ) ;
#3667 = ORIENTED_EDGE ( 'NONE', *, *, #2433, .F. ) ;
#3668 = DIRECTION ( 'NONE',  ( 1.000000000000000000, -1.875786691734446600E-013, 1.826024711554735200E-015 ) ) ;
#3669 = EDGE_CURVE ( 'NONE', #3664, #4206, #2146, .T. ) ;
#3670 = CARTESIAN_POINT ( 'NONE',  ( -5.449999996676925900, 1.282756304577470400, -4.173517865402043700 ) ) ;
#3671 = ORIENTED_EDGE ( 'NONE', *, *, #4629, .T. ) ;
#3672 = PRODUCT_DEFINITION_CONTEXT ( 'detailed design', #2723, 'design' ) ;
#3673 = VERTEX_POINT ( 'NONE', #1119 ) ;
#3674 = CARTESIAN_POINT ( 'NONE',  ( -5.300000000000082400, -27.48064091039079700, 4.500000000000059500 ) ) ;
#3675 = DIRECTION ( 'NONE',  ( 5.259688814909747400E-009, -3.503915063498525200E-015, -1.000000000000000000 ) ) ;
#3676 = CARTESIAN_POINT ( 'NONE',  ( -5.400000000000071400, 0.7500000000000630600, 4.800000000000137500 ) ) ;
#3677 = EDGE_CURVE ( 'NONE', #3907, #4722, #6016, .T. ) ;
#3678 = ORIENTED_EDGE ( 'NONE', *, *, #5363, .F. ) ;
#3679 = EDGE_CURVE ( 'NONE', #6078, #3777, #5887, .T. ) ;
#3680 = PRESENTATION_LAYER_ASSIGNMENT (  '', '', ( #4814 ) ) ;
#3681 = CARTESIAN_POINT ( 'NONE',  ( 0.1750000000002582800, -27.48064091039079700, 3.950000000000009100 ) ) ;
#3682 = CARTESIAN_POINT ( 'NONE',  ( -1.175000000000037100, 1.149999999999999900, 3.950000000000120100 ) ) ;
#3683 = VERTEX_POINT ( 'NONE', #973 ) ;
#3684 = CARTESIAN_POINT ( 'NONE',  ( -5.449999999999936200, 1.139999999999999500, 4.500000029454192900 ) ) ;
#3685 = ORIENTED_EDGE ( 'NONE', *, *, #4639, .T. ) ;
#3686 = DIRECTION ( 'NONE',  ( 0.0000000000000000000, 1.000000000000000000, -0.0000000000000000000 ) ) ;
#3687 = ORIENTED_EDGE ( 'NONE', *, *, #1798, .F. ) ;
#3688 = DIRECTION ( 'NONE',  ( -6.749933887243615000E-008, 0.0000000000000000000, -0.9999999999999977800 ) ) ;
#3689 =( GEOMETRIC_REPRESENTATION_CONTEXT ( 3 ) GLOBAL_UNCERTAINTY_ASSIGNED_CONTEXT ( ( #2190 ) ) GLOBAL_UNIT_ASSIGNED_CONTEXT ( ( #4077, #4027, #3992 ) ) REPRESENTATION_CONTEXT ( 'NONE', 'WORKASPACE' ) );
#3690 = SURFACE_SIDE_STYLE ('',( #1702 ) ) ;
#3691 = VERTEX_POINT ( 'NONE', #611 ) ;
#3692 = CARTESIAN_POINT ( 'NONE',  ( -5.275000000000002100, 0.9699999999999999700, -8.673617379884035500E-016 ) ) ;
#3693 = ORIENTED_EDGE ( 'NONE', *, *, #2836, .T. ) ;
#3694 = LINE ( 'NONE', #2663, #2168 ) ;
#3695 = UNCERTAINTY_MEASURE_WITH_UNIT (LENGTH_MEASURE( 1.000000000000000100E-005 ), #652, 'distance_accuracy_value', 'NONE');
#3696 = SURFACE_STYLE_USAGE ( .BOTH. , #3690 ) ;
#3697 = EDGE_LOOP ( 'NONE', ( #5566, #5711, #5758, #5810 ) ) ;
#3698 = CARTESIAN_POINT ( 'NONE',  ( -5.400000000000071400, 0.4499999999999842500, -3.594446615752577800 ) ) ;
#3699 = EDGE_CURVE ( 'NONE', #3907, #3664, #4363, .T. ) ;
#3700 = ORIENTED_EDGE ( 'NONE', *, *, #1676, .T. ) ;
#3701 = DIRECTION ( 'NONE',  ( 0.0000000000000000000, 0.0000000000000000000, 1.000000000000000000 ) ) ;
#3702 = CARTESIAN_POINT ( 'NONE',  ( -4.410000000000001000, 0.9699999999999999700, 1.524999999999998600 ) ) ;
#3703 = VERTEX_POINT ( 'NONE', #942 ) ;
#3704 = FILL_AREA_STYLE ('',( #3627 ) ) ;
#3705 = LINE ( 'NONE', #1402, #3046 ) ;
#3706 = CARTESIAN_POINT ( 'NONE',  ( 0.0000000000000000000, 0.9699999999999999700, 0.0000000000000000000 ) ) ;
#3707 = ADVANCED_BREP_SHAPE_REPRESENTATION ( '', ( #2827, #1507 ), #2843 ) ;
#3708 = CARTESIAN_POINT ( 'NONE',  ( 5.199999999999982400, 0.2500000000000626700, 4.800000000000137500 ) ) ;
#3709 = ORIENTED_EDGE ( 'NONE', *, *, #4108, .F. ) ;
#3710 = AXIS2_PLACEMENT_3D ( 'NONE', #3432, #3436, #3462 ) ;
#3711 = VECTOR ( 'NONE', #405, 1000.000000000000000 ) ;
#3712 =( LENGTH_UNIT ( ) NAMED_UNIT ( * ) SI_UNIT ( .MILLI., .METRE. ) );
#3713 = LINE ( 'NONE', #2127, #4238 ) ;
#3714 = DIRECTION ( 'NONE',  ( 0.0000000000000000000, 1.000000000000000000, -0.0000000000000000000 ) ) ;
#3715 = DIRECTION ( 'NONE',  ( -6.749933887243615000E-008, 0.0000000000000000000, -0.9999999999999977800 ) ) ;
#3716 = ORIENTED_EDGE ( 'NONE', *, *, #2795, .T. ) ;
#3717 = VERTEX_POINT ( 'NONE', #5813 ) ;
#3718 = VECTOR ( 'NONE', #5015, 1000.000000000000000 ) ;
#3719 = EDGE_LOOP ( 'NONE', ( #277, #5744, #2970, #2683 ) ) ;
#3720 = CIRCLE ( 'NONE', #1679, 0.2000001861224356400 ) ;
#3721 = AXIS2_PLACEMENT_3D ( 'NONE', #271, #5484, #1027 ) ;
#3722 = DIRECTION ( 'NONE',  ( -1.000000000000000000, 0.0000000000000000000, 0.0000000000000000000 ) ) ;
#3723 = DIRECTION ( 'NONE',  ( 1.000000000000000000, -1.667666423790703400E-032, 5.259688788402081300E-009 ) ) ;
#3724 = ORIENTED_EDGE ( 'NONE', *, *, #6099, .T. ) ;
#3725 = DIRECTION ( 'NONE',  ( 0.0000000000000000000, 0.0000000000000000000, 1.000000000000000000 ) ) ;
#3726 = DIRECTION ( 'NONE',  ( -1.000000000000000000, 0.0000000000000000000, 0.0000000000000000000 ) ) ;
#3727 = ORIENTED_EDGE ( 'NONE', *, *, #4043, .F. ) ;
#3728 = AXIS2_PLACEMENT_3D ( 'NONE', #2259, #1811, #2641 ) ;
#3729 = ORIENTED_EDGE ( 'NONE', *, *, #4665, .F. ) ;
#3730 = DIRECTION ( 'NONE',  ( 3.652049423109470300E-015, -3.001369225333068400E-029, 1.000000000000000000 ) ) ;
#3731 = CARTESIAN_POINT ( 'NONE',  ( -10.32156929253820900, 0.2500000000000106600, -3.000000054288352500 ) ) ;
#3732 = ORIENTED_EDGE ( 'NONE', *, *, #1511, .F. ) ;
#3733 = EDGE_CURVE ( 'NONE', #4967, #2976, #5463, .T. ) ;
#3734 = MECHANICAL_DESIGN_GEOMETRIC_PRESENTATION_REPRESENTATION (  '', ( #4993 ), #3415 ) ;
#3735 = VERTEX_POINT ( 'NONE', #5885 ) ;
#3736 =( NAMED_UNIT ( * ) PLANE_ANGLE_UNIT ( ) SI_UNIT ( $, .RADIAN. ) );
#3737 = CARTESIAN_POINT ( 'NONE',  ( 5.450000000578501900, 0.09999999999999939500, -4.260000000000014000 ) ) ;
#3738 = DIRECTION ( 'NONE',  ( 1.000000000000000000, -1.667666423790703400E-032, 5.259688788402081300E-009 ) ) ;
#3739 = ORIENTED_EDGE ( 'NONE', *, *, #4021, .F. ) ;
#3740 = DIRECTION ( 'NONE',  ( 0.0000000000000000000, 1.000000000000000000, 0.0000000000000000000 ) ) ;
#3741 = SHAPE_REPRESENTATION ( '4_BLEí¥ëÂå^BLE_MODULE_ÉVÅ[ÉãÉhCase', ( #1507 ), #2843 ) ;
#3742 = DIRECTION ( 'NONE',  ( 0.0000000000000000000, 0.0000000000000000000, 1.000000000000000000 ) ) ;
#3743 = EDGE_CURVE ( 'NONE', #123, #2671, #572, .T. ) ;
#3744 = AXIS2_PLACEMENT_3D ( 'NONE', #1439, #3559, #5006 ) ;
#3745 = EDGE_LOOP ( 'NONE', ( #4636, #4821, #3020, #4951 ) ) ;
#3746 =( NAMED_UNIT ( * ) SI_UNIT ( $, .STERADIAN. ) SOLID_ANGLE_UNIT ( ) );
#3747 = LINE ( 'NONE', #1002, #5107 ) ;
#3748 = ORIENTED_EDGE ( 'NONE', *, *, #4367, .T. ) ;
#3749 = CARTESIAN_POINT ( 'NONE',  ( 5.449999995015415000, 1.299999999999889000, -4.089999999999976800 ) ) ;
#3750 = UNCERTAINTY_MEASURE_WITH_UNIT (LENGTH_MEASURE( 1.000000000000000100E-005 ), #1377, 'distance_accuracy_value', 'NONE');
#3751 = VERTEX_POINT ( 'NONE', #5693 ) ;
#3752 = EDGE_CURVE ( 'NONE', #2327, #4214, #709, .T. ) ;
#3753 = DIRECTION ( 'NONE',  ( 0.0000000000000000000, 1.000000000000000000, -0.0000000000000000000 ) ) ;
#3754 = CARTESIAN_POINT ( 'NONE',  ( -4.574999992800067100, 1.149999999999999500, -4.095235987755959400 ) ) ;
#3755 = EDGE_CURVE ( 'NONE', #3112, #2752, #4080, .T. ) ;
#3756 = ORIENTED_EDGE ( 'NONE', *, *, #1598, .T. ) ;
#3757 = ORIENTED_EDGE ( 'NONE', *, *, #4707, .F. ) ;
#3758 = FILL_AREA_STYLE ('',( #4330 ) ) ;
#3759 = EDGE_LOOP ( 'NONE', ( #3939, #6107, #2936, #5608 ) ) ;
#3760 = CARTESIAN_POINT ( 'NONE',  ( -4.285000000000001900, 0.9699999999999999700, -0.5000000000000004400 ) ) ;
#3761 = VECTOR ( 'NONE', #439, 1000.000000000000000 ) ;
#3762 = ORIENTED_EDGE ( 'NONE', *, *, #4723, .F. ) ;
#3763 = AXIS2_PLACEMENT_3D ( 'NONE', #4646, #4547, #4610 ) ;
#3764 = CARTESIAN_POINT ( 'NONE',  ( -4.890000000000002300, 0.9699999999999999700, -1.025000000000001700 ) ) ;
#3765 = DIRECTION ( 'NONE',  ( 0.0000000000000000000, 0.0000000000000000000, 1.000000000000000000 ) ) ;
#3766 = VECTOR ( 'NONE', #551, 1000.000000000000000 ) ;
#3767 = ORIENTED_EDGE ( 'NONE', *, *, #5502, .T. ) ;
#3768 = ORIENTED_EDGE ( 'NONE', *, *, #4055, .F. ) ;
#3769 = LINE ( 'NONE', #47, #1672 ) ;
#3770 = ORIENTED_EDGE ( 'NONE', *, *, #2634, .F. ) ;
#3771 = EDGE_CURVE ( 'NONE', #3268, #4214, #126, .T. ) ;
#3772 = AXIS2_PLACEMENT_3D ( 'NONE', #2698, #2964, #2922 ) ;
#3773 = AXIS2_PLACEMENT_3D ( 'NONE', #3835, #3946, #3949 ) ;
#3774 = DIRECTION ( 'NONE',  ( -0.0000000000000000000, -0.0000000000000000000, -1.000000000000000000 ) ) ;
#3775 = CARTESIAN_POINT ( 'NONE',  ( -5.265000000000002300, 0.9699999999999999700, -0.5000000000000004400 ) ) ;
#3776 = ORIENTED_EDGE ( 'NONE', *, *, #4101, .F. ) ;
#3777 = VERTEX_POINT ( 'NONE', #4333 ) ;
#3778 = EDGE_LOOP ( 'NONE', ( #5369, #5477, #3101, #4560 ) ) ;
#3779 = PLANE ( 'NONE',  #1071 ) ;
#3780 = DIRECTION ( 'NONE',  ( -1.000000000000000000, 0.0000000000000000000, 0.0000000000000000000 ) ) ;
#3781 = EDGE_CURVE ( 'NONE', #4369, #3683, #5105, .T. ) ;
#3782 = EDGE_LOOP ( 'NONE', ( #5197, #5498, #5538, #5563 ) ) ;
#3783 = CARTESIAN_POINT ( 'NONE',  ( 5.450000010124883300, -0.05000000000000143200, -4.260000000000014000 ) ) ;
#3784 = CIRCLE ( 'NONE', #3243, 0.1999999999999767800 ) ;
#3785 = ORIENTED_EDGE ( 'NONE', *, *, #1326, .T. ) ;
#3786 = CARTESIAN_POINT ( 'NONE',  ( 10.32156932122342300, 0.1150001234381976800, 3.810857585571923300 ) ) ;
#3787 = CARTESIAN_POINT ( 'NONE',  ( -0.6782858486156123600, 0.05000005202392479600, -4.649999997427862300 ) ) ;
#3788 = CARTESIAN_POINT ( 'NONE',  ( -10.32156933251184200, 0.1800000000000490400, 4.599999945711685400 ) ) ;
#3789 = VERTEX_POINT ( 'NONE', #3933 ) ;
#3790 = VERTEX_POINT ( 'NONE', #3909 ) ;
#3791 = VECTOR ( 'NONE', #2558, 1000.000000000000000 ) ;
#3792 = DIRECTION ( 'NONE',  ( 0.0000000000000000000, 0.0000000000000000000, 1.000000000000000000 ) ) ;
#3793 = EDGE_CURVE ( 'NONE', #4839, #304, #3426, .T. ) ;
#3794 = ORIENTED_EDGE ( 'NONE', *, *, #3139, .T. ) ;
#3795 = ORIENTED_EDGE ( 'NONE', *, *, #266, .T. ) ;
#3796 = EDGE_LOOP ( 'NONE', ( #5507, #1363, #3309, #945 ) ) ;
#3797 = DIRECTION ( 'NONE',  ( 0.0000000000000000000, 0.0000000000000000000, 1.000000000000000000 ) ) ;
#3798 = VECTOR ( 'NONE', #1535, 1000.000000000000000 ) ;
#3799 = EDGE_LOOP ( 'NONE', ( #5527, #4283, #3652, #1120, #3117, #2652, #5203, #4933 ) ) ;
#3801 = ORIENTED_EDGE ( 'NONE', *, *, #43, .T. ) ;
#3800 = PRESENTATION_LAYER_ASSIGNMENT (  '', '', ( #3151 ) ) ;
#3802 = ORIENTED_EDGE ( 'NONE', *, *, #5697, .F. ) ;
#3803 = CARTESIAN_POINT ( 'NONE',  ( -4.900000000000001200, 0.9699999999999999700, 1.524999999999998600 ) ) ;
#3804 = EDGE_CURVE ( 'NONE', #5613, #4903, #6075, .T. ) ;
#3805 = AXIS2_PLACEMENT_3D ( 'NONE', #3706, #3686, #3593 ) ;
#3806 = COLOUR_RGB ( '',0.4117647058823529200, 0.4117647058823529200, 0.4117647058823529200 ) ;
#3807 = ORIENTED_EDGE ( 'NONE', *, *, #2687, .T. ) ;
#3808 = DIRECTION ( 'NONE',  ( -1.000000000000000000, 0.0000000000000000000, 0.0000000000000000000 ) ) ;
#3809 = ORIENTED_EDGE ( 'NONE', *, *, #1993, .F. ) ;
#3810 = AXIS2_PLACEMENT_3D ( 'NONE', #1423, #880, #824 ) ;
#3811 =( GEOMETRIC_REPRESENTATION_CONTEXT ( 3 ) GLOBAL_UNCERTAINTY_ASSIGNED_CONTEXT ( ( #3279 ) ) GLOBAL_UNIT_ASSIGNED_CONTEXT ( ( #4810, #4872, #2620 ) ) REPRESENTATION_CONTEXT ( 'NONE', 'WORKASPACE' ) );
#3812 = ORIENTED_EDGE ( 'NONE', *, *, #5051, .F. ) ;
#3813 = DIRECTION ( 'NONE',  ( 0.0000000000000000000, 0.0000000000000000000, -1.000000000000000000 ) ) ;
#3814 = EDGE_LOOP ( 'NONE', ( #4266, #4316, #4320, #4469 ) ) ;
#3815 = CARTESIAN_POINT ( 'NONE',  ( 4.575000007199924400, 1.282756304577470400, -4.173517865402043700 ) ) ;
#3816 = LINE ( 'NONE', #396, #3211 ) ;
#3817 = ORIENTED_EDGE ( 'NONE', *, *, #4212, .T. ) ;
#3818 = COLOUR_RGB ( '',0.4196078431372549100, 1.000000000000000000, 0.05882352941176470500 ) ;
#3819 = ORIENTED_EDGE ( 'NONE', *, *, #4730, .T. ) ;
#3820 = EDGE_LOOP ( 'NONE', ( #3693, #3727, #3785, #3834 ) ) ;
#3821 = ORIENTED_EDGE ( 'NONE', *, *, #4746, .F. ) ;
#3822 = PLANE ( 'NONE',  #2764 ) ;
#3823 = EDGE_CURVE ( 'NONE', #4973, #3120, #5394, .T. ) ;
#3824 = AXIS2_PLACEMENT_3D ( 'NONE', #1344, #794, #247 ) ;
#3825 = LINE ( 'NONE', #4462, #874 ) ;
#3826 = ORIENTED_EDGE ( 'NONE', *, *, #3037, .F. ) ;
#3827 = DIRECTION ( 'NONE',  ( -0.0000000000000000000, -0.0000000000000000000, -1.000000000000000000 ) ) ;
#3828 = VECTOR ( 'NONE', #729, 1000.000000000000000 ) ;
#3829 = DIRECTION ( 'NONE',  ( 0.0000000000000000000, 0.0000000000000000000, 1.000000000000000000 ) ) ;
#3830 = DIRECTION ( 'NONE',  ( -1.000000000000000000, 0.0000000000000000000, 0.0000000000000000000 ) ) ;
#3831 = EDGE_CURVE ( 'NONE', #4206, #4973, #4216, .T. ) ;
#3832 = ORIENTED_EDGE ( 'NONE', *, *, #4757, .T. ) ;
#3833 = EDGE_CURVE ( 'NONE', #4538, #3346, #898, .T. ) ;
#3834 = ORIENTED_EDGE ( 'NONE', *, *, #122, .T. ) ;
#3835 = CARTESIAN_POINT ( 'NONE',  ( 0.2999999999999779000, -0.02000008014891360000, 12.21037961703495400 ) ) ;
#3836 = ORIENTED_EDGE ( 'NONE', *, *, #3045, .F. ) ;
#3837 = EDGE_LOOP ( 'NONE', ( #1096, #1118, #3457, #1308 ) ) ;
#3838 = VERTEX_POINT ( 'NONE', #3025 ) ;
#3839 = VECTOR ( 'NONE', #1713, 1000.000000000000000 ) ;
#3840 = AXIS2_PLACEMENT_3D ( 'NONE', #3620, #3714, #3792 ) ;
#3841 = ORIENTED_EDGE ( 'NONE', *, *, #4289, .F. ) ;
#3842 = VECTOR ( 'NONE', #1023, 1000.000000000000000 ) ;
#3843 = ORIENTED_EDGE ( 'NONE', *, *, #3166, .T. ) ;
#3844 = VERTEX_POINT ( 'NONE', #4298 ) ;
#3845 = DIRECTION ( 'NONE',  ( 5.421010862431284200E-015, 1.000000000000000000, 0.0000000000000000000 ) ) ;
#3846 = ORIENTED_EDGE ( 'NONE', *, *, #3893, .F. ) ;
#3847 = ORIENTED_EDGE ( 'NONE', *, *, #4764, .T. ) ;
#3848 = DIRECTION ( 'NONE',  ( -1.000000000000000000, 0.0000000000000000000, 0.0000000000000000000 ) ) ;
#3849 = CARTESIAN_POINT ( 'NONE',  ( -5.200000000000093400, 0.2500000000000062700, -3.594446615752577800 ) ) ;
#3850 = DIRECTION ( 'NONE',  ( -1.000000000000000000, 0.0000000000000000000, 0.0000000000000000000 ) ) ;
#3851 = CARTESIAN_POINT ( 'NONE',  ( -4.900000000000001200, 0.9699999999999999700, 0.0000000000000000000 ) ) ;
#3852 = CARTESIAN_POINT ( 'NONE',  ( -0.9749999999999777700, -27.48064091039079700, 4.090000000000087800 ) ) ;
#3853 = EDGE_LOOP ( 'NONE', ( #4640, #2727, #1030, #2788 ) ) ;
#3854 = ORIENTED_EDGE ( 'NONE', *, *, #59, .T. ) ;
#3855 = EDGE_CURVE ( 'NONE', #491, #4625, #2984, .T. ) ;
#3856 = CARTESIAN_POINT ( 'NONE',  ( -5.449999995846170000, 1.299999999999888600, -4.131887902047811400 ) ) ;
#3857 = ORIENTED_EDGE ( 'NONE', *, *, #3037, .T. ) ;
#3858 = VECTOR ( 'NONE', #5340, 1000.000000000000000 ) ;
#3859 = DIRECTION ( 'NONE',  ( -1.000000000000000000, 0.0000000000000000000, -0.0000000000000000000 ) ) ;
#3860 = CARTESIAN_POINT ( 'NONE',  ( -3.974999999999941900, 0.2500002381461488600, 12.21037961703495400 ) ) ;
#3861 = ORIENTED_EDGE ( 'NONE', *, *, #4394, .F. ) ;
#3862 = CARTESIAN_POINT ( 'NONE',  ( -4.174999979750238000, 1.149999999999999900, -3.949999997427844400 ) ) ;
#3863 = CARTESIAN_POINT ( 'NONE',  ( -0.7750000000001011600, 0.1000000000000002600, 4.600000000000051200 ) ) ;
#3864 = VERTEX_POINT ( 'NONE', #2949 ) ;
#3865 = DIRECTION ( 'NONE',  ( 1.000000000000000000, -0.0000000000000000000, -0.0000000000000000000 ) ) ;
#3866 = EDGE_CURVE ( 'NONE', #3120, #4625, #635, .T. ) ;
#3867 = AXIS2_PLACEMENT_3D ( 'NONE', #532, #3668, #4492 ) ;
#3868 = CARTESIAN_POINT ( 'NONE',  ( -5.439999999999939100, 1.199999999999940700, -3.200250158472981400 ) ) ;
#3869 = EDGE_LOOP ( 'NONE', ( #5127, #962, #4481, #2437 ) ) ;
#3870 = DIRECTION ( 'NONE',  ( 9.251858538540566600E-013, -0.0000000000000000000, -1.000000000000000000 ) ) ;
#3871 = DIRECTION ( 'NONE',  ( 1.000000000000000000, -0.0000000000000000000, -0.0000000000000000000 ) ) ;
#3872 = CYLINDRICAL_SURFACE ( 'NONE', #4544, 0.009999999999999158900 ) ;
#3873 = ORIENTED_EDGE ( 'NONE', *, *, #5628, .T. ) ;
#3874 = CARTESIAN_POINT ( 'NONE',  ( 3.974999999999959700, 0.2499999999999950000, -4.649999997427862300 ) ) ;
#3875 = DIRECTION ( 'NONE',  ( -1.173873028861176500E-016, -1.000000000000000000, -2.958228394578794300E-029 ) ) ;
#3876 = SURFACE_STYLE_USAGE ( .BOTH. , #2649 ) ;
#3877 = ORIENTED_EDGE ( 'NONE', *, *, #4242, .F. ) ;
#3878 = CARTESIAN_POINT ( 'NONE',  ( -3.974999999999942800, 0.4500002381463089600, 12.21037961703495400 ) ) ;
#3879 = DIRECTION ( 'NONE',  ( 1.000000000000000000, -1.355252715607405900E-016, -4.336808689943698800E-015 ) ) ;
#3880 = ORIENTED_EDGE ( 'NONE', *, *, #5941, .F. ) ;
#3881 = ORIENTED_EDGE ( 'NONE', *, *, #1395, .F. ) ;
#3882 = UNCERTAINTY_MEASURE_WITH_UNIT (LENGTH_MEASURE( 1.000000000000000100E-005 ), #311, 'distance_accuracy_value', 'NONE');
#3883 = EDGE_CURVE ( 'NONE', #4973, #491, #5549, .T. ) ;
#3884 = STYLED_ITEM ( 'NONE', ( #988 ), #1784 ) ;
#3885 = SURFACE_SIDE_STYLE ('',( #2780 ) ) ;
#3886 = CARTESIAN_POINT ( 'NONE',  ( -5.439999999999939100, 1.149999999999999500, -3.200250158472982800 ) ) ;
#3887 = VERTEX_POINT ( 'NONE', #2633 ) ;
#3888 = VERTEX_POINT ( 'NONE', #2595 ) ;
#3889 = CARTESIAN_POINT ( 'NONE',  ( -4.275000000000002100, 0.9699999999999999700, -0.5000000000000004400 ) ) ;
#3890 = CARTESIAN_POINT ( 'NONE',  ( 5.449999995015415000, -27.48064091039079700, -4.089999999999976800 ) ) ;
#3891 = EDGE_CURVE ( 'NONE', #4441, #4343, #6087, .T. ) ;
#3892 = VECTOR ( 'NONE', #3938, 1000.000000000000000 ) ;
#3893 = EDGE_CURVE ( 'NONE', #1172, #5920, #4542, .T. ) ;
#3894 = CIRCLE ( 'NONE', #5791, 0.1999999999999718900 ) ;
#3895 = ORIENTED_EDGE ( 'NONE', *, *, #352, .F. ) ;
#3896 = DIRECTION ( 'NONE',  ( 1.239088197126349800E-015, -1.000000000000000000, 1.479114197289397100E-030 ) ) ;
#3897 = PLANE ( 'NONE',  #2325 ) ;
#3898 = DIRECTION ( 'NONE',  ( -5.785657313253755400E-008, 4.588121755057431200E-022, 0.9999999999999983300 ) ) ;
#3899 = ORIENTED_EDGE ( 'NONE', *, *, #3771, .F. ) ;
#3900 = DIRECTION ( 'NONE',  ( -0.0000000000000000000, 0.0000000000000000000, 1.000000000000000000 ) ) ;
#3901 = EDGE_CURVE ( 'NONE', #3955, #4369, #102, .T. ) ;
#3902 = AXIS2_PLACEMENT_3D ( 'NONE', #2825, #2869, #2884 ) ;
#3903 = PLANE ( 'NONE',  #69 ) ;
#3904 = FACE_OUTER_BOUND ( 'NONE', #4600, .T. ) ;
#3905 = VECTOR ( 'NONE', #3232, 1000.000000000000000 ) ;
#3906 = LINE ( 'NONE', #4098, #317 ) ;
#3907 = VERTEX_POINT ( 'NONE', #2015 ) ;
#3908 = DIRECTION ( 'NONE',  ( -0.0000000000000000000, 0.0000000000000000000, 1.000000000000000000 ) ) ;
#3909 = CARTESIAN_POINT ( 'NONE',  ( -5.439999999999939100, 1.299999999999888600, 4.500000000000059500 ) ) ;
#3910 = CARTESIAN_POINT ( 'NONE',  ( -5.449999999999937100, 1.139999999999999500, -3.199999970545834000 ) ) ;
#3911 = SURFACE_STYLE_FILL_AREA ( #3270 ) ;
#3912 = VECTOR ( 'NONE', #3239, 1000.000000000000000 ) ;
#3913 = PRODUCT_DEFINITION ( 'UNKNOWN', '', #5186, #2871 ) ;
#3914 = EDGE_CURVE ( 'NONE', #2235, #1663, #3987, .T. ) ;
#3915 = ORIENTED_EDGE ( 'NONE', *, *, #2883, .T. ) ;
#3916 = EDGE_LOOP ( 'NONE', ( #4965, #5021, #5130, #5177 ) ) ;
#3917 = MECHANICAL_DESIGN_GEOMETRIC_PRESENTATION_REPRESENTATION (  '', ( #2973 ), #233 ) ;
#3918 = CARTESIAN_POINT ( 'NONE',  ( 5.299999999999971400, 1.149999999999999900, 4.640000000000138200 ) ) ;
#3919 = CARTESIAN_POINT ( 'NONE',  ( -4.574999979750193900, 1.149999999999999900, -3.949999997427844400 ) ) ;
#3920 = CARTESIAN_POINT ( 'NONE',  ( 4.574999999999998400, 1.139999999999999500, -1.397020162857316400 ) ) ;
#3921 = ORIENTED_EDGE ( 'NONE', *, *, #2054, .T. ) ;
#3922 = PLANE ( 'NONE',  #5884 ) ;
#3923 = DIRECTION ( 'NONE',  ( 0.0000000000000000000, 0.0000000000000000000, -1.000000000000000000 ) ) ;
#3924 = EDGE_LOOP ( 'NONE', ( #3013, #2450, #1928, #1111 ) ) ;
#3925 = EDGE_LOOP ( 'NONE', ( #5724, #5327, #711, #3881 ) ) ;
#3926 = CARTESIAN_POINT ( 'NONE',  ( -1.375000000000282200, 1.139999999999999900, 4.800000000000027400 ) ) ;
#3927 = VECTOR ( 'NONE', #3396, 1000.000000000000000 ) ;
#3928 = CLOSED_SHELL ( 'NONE', ( #2023, #2648, #1967, #1498, #1999, #2355, #2725, #2498, #2472, #3008, #1635, #1407, #1313, #2694, #2222, #3047, #1790, #1446, #2979, #2041, #2507, #2191, #2801, #1824, #2342, #1989, #2899, #2384, #1192, #1322, #2642, #2363, #2090, #2545, #2281, #2175, #1909, #2907, #1661, #2082, #1906, #1978, #1254, #2993, #3078, #1524, #1975, #1352, #1274, #2524, #2791, #2244, #2486, #2867, #2207, #3029, #2627, #1510, #1940, #2505, #2539, #3070, #1763, #1223, #2019, #2974, #2588, #3068, #2404, #2939, #1618, #2262, #2260, #1573, #1310, #2116, #1478, #3040, #2337, #1996, #2618, #1834, #2032, #2394, #1303, #1835, #2667, #1426, #1504, #3048, #2744, #2142, #2479, #2717, #1973, #3019, #1304, #2047, #1279, #3006, #1340, #1730, #1420, #2064, #2715, #1562, #2318, #2312, #2840, #1645, #2465, #1593, #1685, #2757, #2596, #2414, #3052, #2295, #2555, #1873, #2243, #2561, #2584, #1956, #2238, #2776, #2425, #1686, #1858, #1194, #1721, #2516, #1934, #2572, #2432, #1746, #2101, #1838, #2230, #2590, #1452, #1287, #1896, #1360, #2792, #1204, #2330, #1250, #2317, #2100, #2297, #2158, #2889, #1550, #1386, #1951 ) ) ;
#3929 = ORIENTED_EDGE ( 'NONE', *, *, #1378, .T. ) ;
#3930 = FACE_OUTER_BOUND ( 'NONE', #4755, .T. ) ;
#3931 = ORIENTED_EDGE ( 'NONE', *, *, #1336, .T. ) ;
#3932 = DIRECTION ( 'NONE',  ( -1.000000000000000000, 0.0000000000000000000, 0.0000000000000000000 ) ) ;
#3933 = CARTESIAN_POINT ( 'NONE',  ( 5.250000020249864900, -0.05000000000000056500, -4.799999997427786300 ) ) ;
#3934 = EDGE_CURVE ( 'NONE', #1902, #3683, #2435, .T. ) ;
#3935 = ORIENTED_EDGE ( 'NONE', *, *, #1849, .F. ) ;
#3936 = VERTEX_POINT ( 'NONE', #1545 ) ;
#3937 = ORIENTED_EDGE ( 'NONE', *, *, #5848, .T. ) ;
#3938 = DIRECTION ( 'NONE',  ( 5.259688671517367800E-009, 0.0000000000000000000, -1.000000000000000000 ) ) ;
#3939 = ORIENTED_EDGE ( 'NONE', *, *, #3990, .F. ) ;
#3940 = PLANE ( 'NONE',  #3773 ) ;
#3941 = PLANE ( 'NONE',  #1753 ) ;
#3942 = EDGE_CURVE ( 'NONE', #6051, #1376, #3981, .T. ) ;
#3943 = DIRECTION ( 'NONE',  ( -0.0000000000000000000, -1.000000000000000000, -0.0000000000000000000 ) ) ;
#3944 = ORIENTED_EDGE ( 'NONE', *, *, #4144, .F. ) ;
#3945 = ORIENTED_EDGE ( 'NONE', *, *, #4053, .T. ) ;
#3946 = DIRECTION ( 'NONE',  ( 7.228014483237492300E-016, -1.000000000000000000, 0.0000000000000000000 ) ) ;
#3947 = FACE_OUTER_BOUND ( 'NONE', #4566, .T. ) ;
#3948 = VECTOR ( 'NONE', #4105, 1000.000000000000000 ) ;
#3949 = DIRECTION ( 'NONE',  ( -1.000000000000000000, -7.228014483237492300E-016, -4.425882400543752700E-032 ) ) ;
#3950 = EDGE_CURVE ( 'NONE', #4066, #5604, #4930, .T. ) ;
#3951 = PRODUCT_RELATED_PRODUCT_CATEGORY ( 'part', '', ( #4424 ) ) ;
#3952 = EDGE_CURVE ( 'NONE', #2235, #3717, #626, .T. ) ;
#3953 = AXIS2_PLACEMENT_3D ( 'NONE', #4286, #3997, #1621 ) ;
#3954 = EDGE_LOOP ( 'NONE', ( #4084, #4097, #4116, #4228 ) ) ;
#3955 = VERTEX_POINT ( 'NONE', #1427 ) ;
#3956 = ORIENTED_EDGE ( 'NONE', *, *, #2566, .T. ) ;
#3957 = CARTESIAN_POINT ( 'NONE',  ( 5.600000040499653100, 1.182005554198796400, -3.200041785172892200 ) ) ;
#3958 = VERTEX_POINT ( 'NONE', #731 ) ;
#3959 = ORIENTED_EDGE ( 'NONE', *, *, #2674, .T. ) ;
#3960 = ORIENTED_EDGE ( 'NONE', *, *, #3570, .F. ) ;
#3961 = CARTESIAN_POINT ( 'NONE',  ( 0.5749999999999926300, 0.4499999999999851300, 4.800000000000137500 ) ) ;
#3962 = CARTESIAN_POINT ( 'NONE',  ( 5.439999999999940000, 1.299999999999889000, 4.500000000000059500 ) ) ;
#3963 = VERTEX_POINT ( 'NONE', #631 ) ;
#3964 = STYLED_ITEM ( 'NONE', ( #357 ), #1980 ) ;
#3965 = DIRECTION ( 'NONE',  ( -0.0000000000000000000, -1.000000000000000000, -0.0000000000000000000 ) ) ;
#3966 = EDGE_LOOP ( 'NONE', ( #2681, #3996, #4494, #4426 ) ) ;
#3967 = ORIENTED_EDGE ( 'NONE', *, *, #4147, .T. ) ;
#3968 = DIRECTION ( 'NONE',  ( -1.173873028861176500E-016, -1.000000000000000000, -2.958228394578794300E-029 ) ) ;
#3969 = CARTESIAN_POINT ( 'NONE',  ( -5.599999999999938400, -0.01999987652449939500, 4.000000029454382000 ) ) ;
#3970 = EDGE_CURVE ( 'NONE', #3268, #4115, #4429, .T. ) ;
#3971 = FILL_AREA_STYLE ('',( #6005 ) ) ;
#3972 = EDGE_CURVE ( 'NONE', #3673, #4115, #1457, .T. ) ;
#3973 = FACE_OUTER_BOUND ( 'NONE', #3209, .T. ) ;
#3974 = ORIENTED_EDGE ( 'NONE', *, *, #122, .F. ) ;
#3975 = CARTESIAN_POINT ( 'NONE',  ( 0.0000000000000000000, 0.4699999999999999700, -1.025000000000001700 ) ) ;
#3976 = ORIENTED_EDGE ( 'NONE', *, *, #6077, .T. ) ;
#3977 = CARTESIAN_POINT ( 'NONE',  ( 10.32156932122342300, -0.01999987652449766000, 4.400000029454227000 ) ) ;
#3978 = DIRECTION ( 'NONE',  ( -0.0000000000000000000, -0.0000000000000000000, 1.000000000000000000 ) ) ;
#3979 = ORIENTED_EDGE ( 'NONE', *, *, #2289, .T. ) ;
#3980 = DIRECTION ( 'NONE',  ( -3.652049423109470300E-015, 3.001369225333068400E-029, -1.000000000000000000 ) ) ;
#3981 = CIRCLE ( 'NONE', #2549, 0.1999999999999779700 ) ;
#3982 = FACE_OUTER_BOUND ( 'NONE', #4484, .T. ) ;
#3983 = EDGE_CURVE ( 'NONE', #6078, #5119, #4790, .T. ) ;
#3984 = ORIENTED_EDGE ( 'NONE', *, *, #1778, .F. ) ;
#3985 = EDGE_CURVE ( 'NONE', #3176, #3673, #5294, .T. ) ;
#3986 = FILL_AREA_STYLE ('',( #234 ) ) ;
#3987 = LINE ( 'NONE', #1945, #375 ) ;
#3988 = ORIENTED_EDGE ( 'NONE', *, *, #2449, .T. ) ;
#3989 = CARTESIAN_POINT ( 'NONE',  ( 5.399999999999904400, 0.4499999999999842500, 4.650000000000138000 ) ) ;
#3990 = EDGE_CURVE ( 'NONE', #3599, #4712, #4128, .T. ) ;
#3991 = MECHANICAL_DESIGN_GEOMETRIC_PRESENTATION_REPRESENTATION (  '', ( #4814 ), #1954 ) ;
#3992 =( NAMED_UNIT ( * ) SI_UNIT ( $, .STERADIAN. ) SOLID_ANGLE_UNIT ( ) );
#3993 = ORIENTED_EDGE ( 'NONE', *, *, #4847, .F. ) ;
#3994 = CARTESIAN_POINT ( 'NONE',  ( 0.0000000000000000000, 0.9699999999999999700, -1.025000000000001700 ) ) ;
#3995 = CIRCLE ( 'NONE', #4213, 0.2000000000000334800 ) ;
#3996 = ORIENTED_EDGE ( 'NONE', *, *, #2956, .T. ) ;
#3997 = DIRECTION ( 'NONE',  ( -1.000000000000000000, 0.0000000000000000000, 0.0000000000000000000 ) ) ;
#3998 = PRESENTATION_STYLE_ASSIGNMENT (( #4623 ) ) ;
#3999 = ORIENTED_EDGE ( 'NONE', *, *, #5636, .T. ) ;
#4000 = CARTESIAN_POINT ( 'NONE',  ( -4.774999979750305100, -0.04999999999999969700, -4.799999997427824500 ) ) ;
#4001 = CARTESIAN_POINT ( 'NONE',  ( -10.32156933145990300, -0.01999987652449766000, 4.399999945711727800 ) ) ;
#4002 = EDGE_CURVE ( 'NONE', #3673, #491, #1736, .T. ) ;
#4003 = ORIENTED_EDGE ( 'NONE', *, *, #1659, .T. ) ;
#4004 = AXIS2_PLACEMENT_3D ( 'NONE', #5397, #5407, #5386 ) ;
#4005 = CIRCLE ( 'NONE', #1406, 0.2000000000000291500 ) ;
#4006 = CARTESIAN_POINT ( 'NONE',  ( -0.9750000000000036400, -27.48064091039079700, 3.950000000000120100 ) ) ;
#4007 = VERTEX_POINT ( 'NONE', #4631 ) ;
#4008 = ORIENTED_EDGE ( 'NONE', *, *, #2624, .F. ) ;
#4009 = CONTEXT_DEPENDENT_SHAPE_REPRESENTATION ( #5050, #2775 ) ;
#4010 = CARTESIAN_POINT ( 'NONE',  ( -1.575000000000103700, 0.2500000000000062700, -3.594446615752577800 ) ) ;
#4011 = EDGE_CURVE ( 'NONE', #3963, #5947, #5668, .T. ) ;
#4012 = ORIENTED_EDGE ( 'NONE', *, *, #3561, .T. ) ;
#4013 = ORIENTED_EDGE ( 'NONE', *, *, #5775, .T. ) ;
#4014 = DIRECTION ( 'NONE',  ( 1.000000000000000000, 0.0000000000000000000, -4.336808689942495000E-015 ) ) ;
#4015 = FACE_OUTER_BOUND ( 'NONE', #4020, .T. ) ;
#4016 =( NAMED_UNIT ( * ) PLANE_ANGLE_UNIT ( ) SI_UNIT ( $, .RADIAN. ) );
#4017 = ORIENTED_EDGE ( 'NONE', *, *, #4848, .F. ) ;
#4018 = VECTOR ( 'NONE', #5237, 1000.000000000000000 ) ;
#4019 = CARTESIAN_POINT ( 'NONE',  ( -5.599999999999938400, 0.4499999999999877400, -2.999999970545853300 ) ) ;
#4020 = EDGE_LOOP ( 'NONE', ( #3118, #3134, #3223, #3241 ) ) ;
#4021 = EDGE_CURVE ( 'NONE', #5170, #5947, #2048, .T. ) ;
#4022 = CARTESIAN_POINT ( 'NONE',  ( 5.449999995015414100, 1.139999999999999900, -4.089999999999976800 ) ) ;
#4023 = ORIENTED_EDGE ( 'NONE', *, *, #5137, .T. ) ;
#4024 = DIRECTION ( 'NONE',  ( 0.0000000000000000000, 0.0000000000000000000, 1.000000000000000000 ) ) ;
#4025 = CARTESIAN_POINT ( 'NONE',  ( -0.9749999999999717800, 2.135497654998050900, 4.260000000000085900 ) ) ;
#4026 = DIRECTION ( 'NONE',  ( 1.000000000000000000, -7.434529182758089500E-016, -5.947623346206347800E-015 ) ) ;
#4027 =( NAMED_UNIT ( * ) PLANE_ANGLE_UNIT ( ) SI_UNIT ( $, .RADIAN. ) );
#4028 = VERTEX_POINT ( 'NONE', #1527 ) ;
#4029 = DIRECTION ( 'NONE',  ( 0.0000000000000000000, 1.000000000000000000, -3.154042683593906100E-015 ) ) ;
#4030 = EDGE_LOOP ( 'NONE', ( #2445, #2570, #2730, #4516 ) ) ;
#4031 = CARTESIAN_POINT ( 'NONE',  ( 4.375000020249819600, 1.149999999999999900, -3.949999997427844400 ) ) ;
#4032 = VERTEX_POINT ( 'NONE', #896 ) ;
#4033 = DIRECTION ( 'NONE',  ( -0.0000000000000000000, -1.000000000000000000, -0.0000000000000000000 ) ) ;
#4034 =( GEOMETRIC_REPRESENTATION_CONTEXT ( 3 ) GLOBAL_UNCERTAINTY_ASSIGNED_CONTEXT ( ( #2576 ) ) GLOBAL_UNIT_ASSIGNED_CONTEXT ( ( #3460, #3565, #3568 ) ) REPRESENTATION_CONTEXT ( 'NONE', 'WORKASPACE' ) );
#4035 = VERTEX_POINT ( 'NONE', #801 ) ;
#4036 = DIRECTION ( 'NONE',  ( -7.304098846218940700E-015, -1.000000000000000000, -3.338762275662251200E-030 ) ) ;
#4037 = ORIENTED_EDGE ( 'NONE', *, *, #4868, .F. ) ;
#4038 =( LENGTH_UNIT ( ) NAMED_UNIT ( * ) SI_UNIT ( .MILLI., .METRE. ) );
#4039 = SURFACE_SIDE_STYLE ('',( #1483 ) ) ;
#4040 = CARTESIAN_POINT ( 'NONE',  ( -4.890000000000002300, 0.9699999999999999700, -2.025000000000001700 ) ) ;
#4041 = PLANE ( 'NONE',  #741 ) ;
#4042 = ORIENTED_EDGE ( 'NONE', *, *, #4063, .F. ) ;
#4043 = EDGE_CURVE ( 'NONE', #889, #1172, #5007, .T. ) ;
#4044 = PRESENTATION_LAYER_ASSIGNMENT (  '', '', ( #4993 ) ) ;
#4045 = ORIENTED_EDGE ( 'NONE', *, *, #3985, .T. ) ;
#4046 = CARTESIAN_POINT ( 'NONE',  ( 10.32156932122342300, -0.01999987652449939500, 4.000000029454382000 ) ) ;
#4047 = DIRECTION ( 'NONE',  ( 1.166073458584705000E-012, 0.0000000000000000000, -1.000000000000000000 ) ) ;
#4048 = ORIENTED_EDGE ( 'NONE', *, *, #2836, .F. ) ;
#4049 = LINE ( 'NONE', #4822, #2293 ) ;
#4050 = VECTOR ( 'NONE', #254, 1000.000000000000000 ) ;
#4051 = DIRECTION ( 'NONE',  ( 0.0000000000000000000, 0.0000000000000000000, 1.000000000000000000 ) ) ;
#4052 = ORIENTED_EDGE ( 'NONE', *, *, #4874, .T. ) ;
#4053 = EDGE_CURVE ( 'NONE', #3683, #3599, #3525, .T. ) ;
#4054 = DIRECTION ( 'NONE',  ( -1.000000000000000000, -4.333031528636286300E-009, 5.947623346206474000E-015 ) ) ;
#4055 = EDGE_CURVE ( 'NONE', #6037, #3156, #88, .T. ) ;
#4056 = CARTESIAN_POINT ( 'NONE',  ( -0.02499999999991398000, 1.149999999999998100, 4.090000000000087800 ) ) ;
#4057 = SURFACE_STYLE_USAGE ( .BOTH. , #4039 ) ;
#4058 = ORIENTED_EDGE ( 'NONE', *, *, #1521, .T. ) ;
#4059 = ORIENTED_EDGE ( 'NONE', *, *, #4868, .T. ) ;
#4060 = LINE ( 'NONE', #960, #1632 ) ;
#4061 = DIRECTION ( 'NONE',  ( 0.0000000000000000000, 0.0000000000000000000, -1.000000000000000000 ) ) ;
#4062 = ORIENTED_EDGE ( 'NONE', *, *, #4615, .F. ) ;
#4063 = EDGE_CURVE ( 'NONE', #5613, #914, #2056, .T. ) ;
#4064 = EDGE_CURVE ( 'NONE', #3366, #5170, #193, .T. ) ;
#4065 = ORIENTED_EDGE ( 'NONE', *, *, #3083, .T. ) ;
#4066 = VERTEX_POINT ( 'NONE', #3494 ) ;
#4067 = AXIS2_PLACEMENT_3D ( 'NONE', #4672, #2666, #5373 ) ;
#4068 = DIRECTION ( 'NONE',  ( 1.000000000000000000, -0.0000000000000000000, 0.0000000000000000000 ) ) ;
#4069 = DIRECTION ( 'NONE',  ( 1.000000000000000000, 0.0000000000000000000, 0.0000000000000000000 ) ) ;
#4070 = DIRECTION ( 'NONE',  ( 0.0000000000000000000, 0.0000000000000000000, 1.000000000000000000 ) ) ;
#4071 = ORIENTED_EDGE ( 'NONE', *, *, #2423, .F. ) ;
#4072 = CIRCLE ( 'NONE', #3110, 0.009999999999999158900 ) ;
#4073 = DIRECTION ( 'NONE',  ( 0.0000000000000000000, 0.0000000000000000000, -1.000000000000000000 ) ) ;
#4074 = EDGE_CURVE ( 'NONE', #3475, #3204, #1011, .T. ) ;
#4075 = ORIENTED_EDGE ( 'NONE', *, *, #3804, .T. ) ;
#4076 = AXIS2_PLACEMENT_3D ( 'NONE', #4497, #4487, #4498 ) ;
#4077 =( LENGTH_UNIT ( ) NAMED_UNIT ( * ) SI_UNIT ( .MILLI., .METRE. ) );
#4078 = DIRECTION ( 'NONE',  ( -0.0000000000000000000, -1.000000000000000000, -0.0000000000000000000 ) ) ;
#4079 = EDGE_LOOP ( 'NONE', ( #3974, #3979, #4042, #4075 ) ) ;
#4080 = CIRCLE ( 'NONE', #1533, 0.1999999999999779700 ) ;
#4081 = DIRECTION ( 'NONE',  ( 1.000000000000000000, 2.168404344970044100E-015, 0.0000000000000000000 ) ) ;
#4082 = ORIENTED_EDGE ( 'NONE', *, *, #2197, .F. ) ;
#4083 = CARTESIAN_POINT ( 'NONE',  ( -4.575000000000015300, -0.04999999999999796300, -4.099999999999939200 ) ) ;
#4084 = ORIENTED_EDGE ( 'NONE', *, *, #4043, .T. ) ;
#4085 = EDGE_CURVE ( 'NONE', #3366, #3963, #2882, .T. ) ;
#4086 = ORIENTED_EDGE ( 'NONE', *, *, #3934, .T. ) ;
#4087 = PRESENTATION_LAYER_ASSIGNMENT (  '', '', ( #884 ) ) ;
#4088 = ORIENTED_EDGE ( 'NONE', *, *, #2737, .F. ) ;
#4089 = EDGE_CURVE ( 'NONE', #2125, #5170, #5792, .T. ) ;
#4090 = DIRECTION ( 'NONE',  ( 0.0000000000000000000, 0.0000000000000000000, -1.000000000000000000 ) ) ;
#4091 = CARTESIAN_POINT ( 'NONE',  ( 5.450000004619442800, 0.2500000000000340300, 3.621715028665277300 ) ) ;
#4092 =( LENGTH_UNIT ( ) NAMED_UNIT ( * ) SI_UNIT ( .MILLI., .METRE. ) );
#4093 = VERTEX_POINT ( 'NONE', #3023 ) ;
#4094 = CARTESIAN_POINT ( 'NONE',  ( 5.449999999999965500, 0.1100000000000007200, -4.260000000000013100 ) ) ;
#4095 = ORIENTED_EDGE ( 'NONE', *, *, #4882, .F. ) ;
#4096 = DIRECTION ( 'NONE',  ( 0.0000000000000000000, 0.0000000000000000000, 1.000000000000000000 ) ) ;
#4097 = ORIENTED_EDGE ( 'NONE', *, *, #3893, .T. ) ;
#4098 = CARTESIAN_POINT ( 'NONE',  ( -4.574999989875121500, -0.04999999999999796300, -4.259999999999941200 ) ) ;
#4099 = LINE ( 'NONE', #3783, #858 ) ;
#4100 = LINE ( 'NONE', #2364, #4910 ) ;
#4101 = EDGE_CURVE ( 'NONE', #4214, #4722, #667, .T. ) ;
#4102 = PLANE ( 'NONE',  #5401 ) ;
#4103 = ORIENTED_EDGE ( 'NONE', *, *, #4981, .T. ) ;
#4104 = CARTESIAN_POINT ( 'NONE',  ( 5.600000040499432800, 1.139999999999999900, -3.199999970545835700 ) ) ;
#4105 = DIRECTION ( 'NONE',  ( -5.785625790849786500E-008, -7.168900482801685400E-023, 0.9999999999999983300 ) ) ;
#4106 = VERTEX_POINT ( 'NONE', #2746 ) ;
#4107 = EDGE_LOOP ( 'NONE', ( #3325, #3350, #3431, #3625 ) ) ;
#4108 = EDGE_CURVE ( 'NONE', #5995, #2125, #5453, .T. ) ;
#4109 = EDGE_CURVE ( 'NONE', #5995, #3366, #2118, .T. ) ;
#4110 = VERTEX_POINT ( 'NONE', #2998 ) ;
#4111 = PRESENTATION_LAYER_ASSIGNMENT (  '', '', ( #2229 ) ) ;
#4112 = PLANE ( 'NONE',  #666 ) ;
#4113 = ORIENTED_EDGE ( 'NONE', *, *, #4954, .T. ) ;
#4114 = ORIENTED_EDGE ( 'NONE', *, *, #2933, .T. ) ;
#4115 = VERTEX_POINT ( 'NONE', #333 ) ;
#4116 = ORIENTED_EDGE ( 'NONE', *, *, #3553, .T. ) ;
#4117 = CARTESIAN_POINT ( 'NONE',  ( 5.448922309536079900, 1.145219866587633200, -3.200083366359792100 ) ) ;
#4118 = ORIENTED_EDGE ( 'NONE', *, *, #2726, .T. ) ;
#4119 = VERTEX_POINT ( 'NONE', #21 ) ;
#4120 = AXIS2_PLACEMENT_3D ( 'NONE', #1867, #1697, #1442 ) ;
#4121 =( NAMED_UNIT ( * ) SI_UNIT ( $, .STERADIAN. ) SOLID_ANGLE_UNIT ( ) );
#4122 = PRESENTATION_LAYER_ASSIGNMENT (  '', '', ( #2174 ) ) ;
#4123 = ORIENTED_EDGE ( 'NONE', *, *, #5618, .T. ) ;
#4124 = COLOUR_RGB ( '',0.4117647058823529200, 0.4117647058823529200, 0.4117647058823529200 ) ;
#4125 = EDGE_LOOP ( 'NONE', ( #4486, #4506, #4512, #4520 ) ) ;
#4126 = CARTESIAN_POINT ( 'NONE',  ( 5.582756345077452700, 1.223517865402068000, -3.200083365655867200 ) ) ;
#4127 = CARTESIAN_POINT ( 'NONE',  ( 5.523517905902486400, 1.282756304577472100, -3.200166760986777000 ) ) ;
#4128 = LINE ( 'NONE', #80, #1048 ) ;
#4129 = ORIENTED_EDGE ( 'NONE', *, *, #4109, .T. ) ;
#4130 = VECTOR ( 'NONE', #5897, 1000.000000000000000 ) ;
#4131 = CARTESIAN_POINT ( 'NONE',  ( 4.575000000578540100, 0.09999999999999939500, -4.260000000000008700 ) ) ;
#4132 = CARTESIAN_POINT ( 'NONE',  ( -3.974999999999942800, 0.4500002381463089600, -4.799999997427861800 ) ) ;
#4133 = CARTESIAN_POINT ( 'NONE',  ( 0.0000000000000000000, 0.0000000000000000000, 0.0000000000000000000 ) ) ;
#4134 = VECTOR ( 'NONE', #2790, 1000.000000000000000 ) ;
#4135 = EDGE_CURVE ( 'NONE', #6086, #2125, #3894, .T. ) ;
#4136 = ORIENTED_EDGE ( 'NONE', *, *, #2215, .F. ) ;
#4137 = ORIENTED_EDGE ( 'NONE', *, *, #4452, .F. ) ;
#4138 = MECHANICAL_DESIGN_GEOMETRIC_PRESENTATION_REPRESENTATION (  '', ( #5116 ), #12 ) ;
#4139 = DIRECTION ( 'NONE',  ( 1.000000000000000000, -1.667666423790703400E-032, 5.259688788402081300E-009 ) ) ;
#4140 = ORIENTED_EDGE ( 'NONE', *, *, #1889, .F. ) ;
#4141 = CARTESIAN_POINT ( 'NONE',  ( -4.900000000000001200, 0.9699999999999999700, 0.0000000000000000000 ) ) ;
#4142 = ORIENTED_EDGE ( 'NONE', *, *, #5035, .F. ) ;
#4143 = VECTOR ( 'NONE', #3482, 1000.000000000000000 ) ;
#4144 = EDGE_CURVE ( 'NONE', #6035, #6054, #2957, .T. ) ;
#4145 = MECHANICAL_DESIGN_GEOMETRIC_PRESENTATION_REPRESENTATION (  '', ( #4775 ), #1091 ) ;
#4146 = CARTESIAN_POINT ( 'NONE',  ( 5.482005594699438200, 1.299999999999889700, -3.200208341597400500 ) ) ;
#4147 = EDGE_CURVE ( 'NONE', #3751, #1212, #2800, .T. ) ;
#4148 = AXIS2_PLACEMENT_3D ( 'NONE', #5738, #5701, #5442 ) ;
#4149 = CARTESIAN_POINT ( 'NONE',  ( 5.440000040500856400, 1.299999999999889200, -3.200250156445393100 ) ) ;
#4150 = DIRECTION ( 'NONE',  ( -4.333084455482536000E-009, 1.000000000000000000, 0.0000000000000000000 ) ) ;
#4151 = VERTEX_POINT ( 'NONE', #5515 ) ;
#4152 = EDGE_LOOP ( 'NONE', ( #2198, #5730, #795, #5183 ) ) ;
#4153 = ORIENTED_EDGE ( 'NONE', *, *, #50, .F. ) ;
#4154 = ORIENTED_EDGE ( 'NONE', *, *, #1182, .F. ) ;
#4155 = ORIENTED_EDGE ( 'NONE', *, *, #3804, .F. ) ;
#4156 = CARTESIAN_POINT ( 'NONE',  ( 5.450000040499542600, 1.139999999999999900, -3.199999971334789100 ) ) ;
#4157 = VECTOR ( 'NONE', #3111, 1000.000000000000000 ) ;
#4158 = EDGE_CURVE ( 'NONE', #3480, #6086, #3206, .T. ) ;
#4159 = VERTEX_POINT ( 'NONE', #5304 ) ;
#4160 = DIRECTION ( 'NONE',  ( 4.333031528636286300E-009, -1.000000000000000000, 0.0000000000000000000 ) ) ;
#4161 = VECTOR ( 'NONE', #5815, 1000.000000000000000 ) ;
#4162 = DIRECTION ( 'NONE',  ( 0.0000000000000000000, 0.0000000000000000000, 1.000000000000000000 ) ) ;
#4163 = EDGE_LOOP ( 'NONE', ( #2150, #2156, #2173, #2269 ) ) ;
#4164 = CARTESIAN_POINT ( 'NONE',  ( 5.450000040499762800, 1.142625345279823000, -3.200041785932259000 ) ) ;
#4165 = ORIENTED_EDGE ( 'NONE', *, *, #1554, .F. ) ;
#4166 = CARTESIAN_POINT ( 'NONE',  ( -4.774999979750306000, 0.09999999999999853500, -4.799999997427824500 ) ) ;
#4167 = ORIENTED_EDGE ( 'NONE', *, *, #2084, .F. ) ;
#4168 = EDGE_CURVE ( 'NONE', #1667, #4763, #2643, .T. ) ;
#4169 = ORIENTED_EDGE ( 'NONE', *, *, #2566, .F. ) ;
#4170 = CARTESIAN_POINT ( 'NONE',  ( 5.442625385780461400, 1.150000000000000600, -3.200208341834114700 ) ) ;
#4171 = VECTOR ( 'NONE', #3405, 1000.000000000000000 ) ;
#4172 = EDGE_LOOP ( 'NONE', ( #4962, #550, #3659, #4118 ) ) ;
#4173 = DIRECTION ( 'NONE',  ( 1.000000000000000000, -1.667666423790703400E-032, 5.259688788402081300E-009 ) ) ;
#4174 = ORIENTED_EDGE ( 'NONE', *, *, #1166, .T. ) ;
#4175 = EDGE_LOOP ( 'NONE', ( #1727, #1780, #1870, #1901 ) ) ;
#4176 = CARTESIAN_POINT ( 'NONE',  ( 5.440000040500858200, 1.150000000000000400, -3.200250156445393100 ) ) ;
#4177 = SURFACE_STYLE_USAGE ( .BOTH. , #4198 ) ;
#4178 = EDGE_LOOP ( 'NONE', ( #2044, #3776, #4237, #5679 ) ) ;
#4179 = DIRECTION ( 'NONE',  ( 0.0000000000000000000, 0.0000000000000000000, 1.000000000000000000 ) ) ;
#4180 = ORIENTED_EDGE ( 'NONE', *, *, #5037, .T. ) ;
#4181 = VERTEX_POINT ( 'NONE', #5241 ) ;
#4182 = CARTESIAN_POINT ( 'NONE',  ( 4.575000000000007300, -0.04999999999996760500, -4.099999999999976600 ) ) ;
#4183 = CARTESIAN_POINT ( 'NONE',  ( 0.3750000000000701700, 0.4499999999999842500, 4.650000000000138000 ) ) ;
#4184 = AXIS2_PLACEMENT_3D ( 'NONE', #5020, #5011, #4969 ) ;
#4185 = DIRECTION ( 'NONE',  ( 0.0000000000000000000, 0.0000000000000000000, -1.000000000000000000 ) ) ;
#4186 = EDGE_CURVE ( 'NONE', #3147, #3599, #1716, .T. ) ;
#4187 = AXIS2_PLACEMENT_3D ( 'NONE', #608, #5473, #1862 ) ;
#4188 = ORIENTED_EDGE ( 'NONE', *, *, #5784, .T. ) ;
#4189 = ORIENTED_EDGE ( 'NONE', *, *, #3755, .T. ) ;
#4190 = CARTESIAN_POINT ( 'NONE',  ( 17.13890806328332800, 1.139999999999999900, 4.090000000000087800 ) ) ;
#4191 = VERTEX_POINT ( 'NONE', #5739 ) ;
#4192 = EDGE_CURVE ( 'NONE', #3480, #5995, #5656, .T. ) ;
#4193 = MECHANICAL_DESIGN_GEOMETRIC_PRESENTATION_REPRESENTATION (  '', ( #778 ), #3571 ) ;
#4194 =( NAMED_UNIT ( * ) SI_UNIT ( $, .STERADIAN. ) SOLID_ANGLE_UNIT ( ) );
#4195 = ORIENTED_EDGE ( 'NONE', *, *, #2412, .T. ) ;
#4196 = DIRECTION ( 'NONE',  ( -1.000000000000000000, 0.0000000000000000000, 0.0000000000000000000 ) ) ;
#4197 = EDGE_LOOP ( 'NONE', ( #577, #3795, #2903, #1260 ) ) ;
#4198 = SURFACE_SIDE_STYLE ('',( #562 ) ) ;
#4199 = LINE ( 'NONE', #2013, #5938 ) ;
#4200 = EDGE_CURVE ( 'NONE', #5604, #6086, #687, .T. ) ;
#4201 = DIRECTION ( 'NONE',  ( -6.530723674265493100E-014, 1.000000000000000000, 0.0000000000000000000 ) ) ;
#4202 = ORIENTED_EDGE ( 'NONE', *, *, #5035, .T. ) ;
#4203 = DIRECTION ( 'NONE',  ( -0.0000000000000000000, -1.000000000000000000, -0.0000000000000000000 ) ) ;
#4204 = VERTEX_POINT ( 'NONE', #4328 ) ;
#4205 = FILL_AREA_STYLE_COLOUR ( '', #1555 ) ;
#4206 = VERTEX_POINT ( 'NONE', #4264 ) ;
#4207 = EDGE_LOOP ( 'NONE', ( #2296, #2307, #2329, #2383 ) ) ;
#4208 = DIRECTION ( 'NONE',  ( 1.000000000000000000, 4.333083498484022800E-009, -3.965082230804316000E-015 ) ) ;
#4209 = EDGE_CURVE ( 'NONE', #421, #3480, #1806, .T. ) ;
#4210 = CARTESIAN_POINT ( 'NONE',  ( -0.9749999999999476900, 1.139999999999999500, 1.297572480866142600 ) ) ;
#4211 = ORIENTED_EDGE ( 'NONE', *, *, #5049, .F. ) ;
#4212 = EDGE_CURVE ( 'NONE', #5503, #3112, #5146, .T. ) ;
#4213 = AXIS2_PLACEMENT_3D ( 'NONE', #568, #4078, #2406 ) ;
#4214 = VERTEX_POINT ( 'NONE', #3676 ) ;
#4215 = ORIENTED_EDGE ( 'NONE', *, *, #5056, .F. ) ;
#4216 = CIRCLE ( 'NONE', #1872, 0.1999999999999224600 ) ;
#4217 = VECTOR ( 'NONE', #4711, 1000.000000000000000 ) ;
#4218 = ORIENTED_EDGE ( 'NONE', *, *, #2923, .F. ) ;
#4219 = FACE_OUTER_BOUND ( 'NONE', #759, .T. ) ;
#4220 = SURFACE_STYLE_USAGE ( .BOTH. , #4225 ) ;
#4221 = ORIENTED_EDGE ( 'NONE', *, *, #5157, .F. ) ;
#4222 = VECTOR ( 'NONE', #16, 1000.000000000000000 ) ;
#4223 = CARTESIAN_POINT ( 'NONE',  ( -4.574999979750193900, -27.48064091039079700, -3.949999997427844400 ) ) ;
#4224 = AXIS2_PLACEMENT_3D ( 'NONE', #782, #267, #2585 ) ;
#4225 = SURFACE_SIDE_STYLE ('',( #1571 ) ) ;
#4226 = LINE ( 'NONE', #3328, #2141 ) ;
#4227 = EDGE_CURVE ( 'NONE', #2721, #4066, #6074, .T. ) ;
#4228 = ORIENTED_EDGE ( 'NONE', *, *, #2375, .F. ) ;
#4229 = AXIS2_PLACEMENT_3D ( 'NONE', #4437, #3813, #3126 ) ;
#4230 = CARTESIAN_POINT ( 'NONE',  ( -1.375000000000070600, 1.149999999999999900, 3.950000000000120100 ) ) ;
#4231 = SURFACE_STYLE_USAGE ( .BOTH. , #3145 ) ;
#4232 = EDGE_LOOP ( 'NONE', ( #4236, #1327, #3317, #3379 ) ) ;
#4233 = LINE ( 'NONE', #2147, #4130 ) ;
#4234 = FILL_AREA_STYLE ('',( #4205 ) ) ;
#4235 = EDGE_CURVE ( 'NONE', #5620, #118, #368, .T. ) ;
#4236 = ORIENTED_EDGE ( 'NONE', *, *, #2077, .T. ) ;
#4237 = ORIENTED_EDGE ( 'NONE', *, *, #3752, .F. ) ;
#4238 = VECTOR ( 'NONE', #2033, 1000.000000000000000 ) ;
#4239 = CARTESIAN_POINT ( 'NONE',  ( -4.900000000000001200, 0.9699999999999999700, -2.015000000000002300 ) ) ;
#4240 = DIRECTION ( 'NONE',  ( -0.0000000000000000000, 0.0000000000000000000, 1.000000000000000000 ) ) ;
#4241 = ORIENTED_EDGE ( 'NONE', *, *, #2837, .T. ) ;
#4242 = EDGE_CURVE ( 'NONE', #4571, #5553, #4573, .T. ) ;
#4243 =( GEOMETRIC_REPRESENTATION_CONTEXT ( 3 ) GLOBAL_UNCERTAINTY_ASSIGNED_CONTEXT ( ( #5982 ) ) GLOBAL_UNIT_ASSIGNED_CONTEXT ( ( #4038, #669, #2266 ) ) REPRESENTATION_CONTEXT ( 'NONE', 'WORKASPACE' ) );
#4244 = LINE ( 'NONE', #4725, #4246 ) ;
#4245 =( NAMED_UNIT ( * ) PLANE_ANGLE_UNIT ( ) SI_UNIT ( $, .RADIAN. ) );
#4246 = VECTOR ( 'NONE', #3715, 1000.000000000000100 ) ;
#4247 =( NAMED_UNIT ( * ) SI_UNIT ( $, .STERADIAN. ) SOLID_ANGLE_UNIT ( ) );
#4248 = ORIENTED_EDGE ( 'NONE', *, *, #5072, .T. ) ;
#4249 = EDGE_CURVE ( 'NONE', #4151, #4066, #5993, .T. ) ;
#4250 = EDGE_CURVE ( 'NONE', #3300, #4151, #5602, .T. ) ;
#4251 = ORIENTED_EDGE ( 'NONE', *, *, #2883, .F. ) ;
#4252 = ORIENTED_EDGE ( 'NONE', *, *, #5088, .T. ) ;
#4253 = DIRECTION ( 'NONE',  ( 1.850371707708798000E-013, 0.0000000000000000000, 1.000000000000000000 ) ) ;
#4254 = VERTEX_POINT ( 'NONE', #3257 ) ;
#4255 = ORIENTED_EDGE ( 'NONE', *, *, #5102, .F. ) ;
#4256 = CYLINDRICAL_SURFACE ( 'NONE', #448, 0.1599999999998885400 ) ;
#4257 = EDGE_CURVE ( 'NONE', #4441, #5154, #1482, .T. ) ;
#4258 = PRODUCT_DEFINITION_FORMATION_WITH_SPECIFIED_SOURCE ( 'ANY', '', #4424, .NOT_KNOWN. ) ;
#4259 = VECTOR ( 'NONE', #1373, 1000.000000000000000 ) ;
#4260 = CARTESIAN_POINT ( 'NONE',  ( -0.02500000000005232400, 1.139999999999999500, 4.100000000000086700 ) ) ;
#4261 = AXIS2_PLACEMENT_3D ( 'NONE', #1078, #4630, #5420 ) ;
#4262 = CYLINDRICAL_SURFACE ( 'NONE', #2579, 0.2000000000000334800 ) ;
#4263 = ORIENTED_EDGE ( 'NONE', *, *, #5110, .F. ) ;
#4264 = CARTESIAN_POINT ( 'NONE',  ( -1.575000000000103700, 0.2500000000000062700, 4.650000000000138000 ) ) ;
#4265 = VECTOR ( 'NONE', #3163, 1000.000000000000000 ) ;
#4266 = ORIENTED_EDGE ( 'NONE', *, *, #1943, .F. ) ;
#4267 = VECTOR ( 'NONE', #3675, 1000.000000000000000 ) ;
#4268 =( LENGTH_UNIT ( ) NAMED_UNIT ( * ) SI_UNIT ( .MILLI., .METRE. ) );
#4269 = EDGE_CURVE ( 'NONE', #157, #4151, #5209, .T. ) ;
#4270 = VERTEX_POINT ( 'NONE', #2999 ) ;
#4271 = LINE ( 'NONE', #2027, #1164 ) ;
#4272 =( NAMED_UNIT ( * ) PLANE_ANGLE_UNIT ( ) SI_UNIT ( $, .RADIAN. ) );
#4273 = VERTEX_POINT ( 'NONE', #2978 ) ;
#4274 = VECTOR ( 'NONE', #692, 1000.000000000000000 ) ;
#4275 = LINE ( 'NONE', #937, #4713 ) ;
#4276 = EDGE_LOOP ( 'NONE', ( #4174, #3770, #695, #4378 ) ) ;
#4277 = ORIENTED_EDGE ( 'NONE', *, *, #4474, .T. ) ;
#4278 = SURFACE_STYLE_USAGE ( .BOTH. , #301 ) ;
#4279 = EDGE_CURVE ( 'NONE', #1044, #157, #4282, .T. ) ;
#4280 = ORIENTED_EDGE ( 'NONE', *, *, #4785, .T. ) ;
#4281 = AXIS2_PLACEMENT_3D ( 'NONE', #143, #1132, #290 ) ;
#4282 = LINE ( 'NONE', #3470, #2793 ) ;
#4283 = ORIENTED_EDGE ( 'NONE', *, *, #2227, .T. ) ;
#4284 = ORIENTED_EDGE ( 'NONE', *, *, #5164, .T. ) ;
#4285 = CARTESIAN_POINT ( 'NONE',  ( -0.02499999999990472700, -27.48064091039079700, 4.090000000000087800 ) ) ;
#4286 = CARTESIAN_POINT ( 'NONE',  ( -4.900000000000001200, 0.9699999999999999700, 0.0000000000000000000 ) ) ;
#4287 = EDGE_CURVE ( 'NONE', #971, #1065, #4, .T. ) ;
#4288 = DIRECTION ( 'NONE',  ( -9.727731645189549300E-014, -1.815612677172744000E-029, 1.000000000000000000 ) ) ;
#4289 = EDGE_CURVE ( 'NONE', #4432, #4571, #328, .T. ) ;
#4290 = ORIENTED_EDGE ( 'NONE', *, *, #3412, .F. ) ;
#4291 = CARTESIAN_POINT ( 'NONE',  ( 5.481887942548471700, 1.299999999999889900, -3.200208458715408300 ) ) ;
#4292 = VERTEX_POINT ( 'NONE', #2428 ) ;
#4293 = ORIENTED_EDGE ( 'NONE', *, *, #5110, .T. ) ;
#4294 = CARTESIAN_POINT ( 'NONE',  ( 0.0000000000000000000, 0.9699999999999999700, -1.025000000000001700 ) ) ;
#4295 = LINE ( 'NONE', #4507, #3798 ) ;
#4296 = ORIENTED_EDGE ( 'NONE', *, *, #3990, .T. ) ;
#4297 = EDGE_CURVE ( 'NONE', #3105, #5082, #5529, .T. ) ;
#4298 = CARTESIAN_POINT ( 'NONE',  ( -4.574999989200101400, 1.299999999999889000, -4.089999999999976800 ) ) ;
#4299 = ORIENTED_EDGE ( 'NONE', *, *, #151, .T. ) ;
#4300 = VERTEX_POINT ( 'NONE', #2567 ) ;
#4301 = CARTESIAN_POINT ( 'NONE',  ( -5.599999999999938400, -0.01999987652449766000, 4.400000029454227000 ) ) ;
#4302 = LINE ( 'NONE', #4239, #4217 ) ;
#4303 = CARTESIAN_POINT ( 'NONE',  ( -0.9749999999999693400, 0.09999999999999939500, 4.250000000000089700 ) ) ;
#4304 = EDGE_LOOP ( 'NONE', ( #5910, #5924, #5928, #5936 ) ) ;
#4305 = ORIENTED_EDGE ( 'NONE', *, *, #1395, .T. ) ;
#4306 = CARTESIAN_POINT ( 'NONE',  ( -4.574999999999995700, 0.1100000000000007200, -4.259999999999941200 ) ) ;
#4307 = VERTEX_POINT ( 'NONE', #1992 ) ;
#4308 = CARTESIAN_POINT ( 'NONE',  ( 5.399999999999960400, 0.7500000000000622800, 4.650000000000137100 ) ) ;
#4309 = VERTEX_POINT ( 'NONE', #1868 ) ;
#4310 = DIRECTION ( 'NONE',  ( 5.259690252779798500E-009, 0.0000000000000000000, -1.000000000000000000 ) ) ;
#4311 = VECTOR ( 'NONE', #3923, 1000.000000000000000 ) ;
#4312 = DIRECTION ( 'NONE',  ( 0.0000000000000000000, 0.0000000000000000000, -1.000000000000000000 ) ) ;
#4313 = MECHANICAL_DESIGN_GEOMETRIC_PRESENTATION_REPRESENTATION (  '', ( #1522 ), #3689 ) ;
#4314 = ORIENTED_EDGE ( 'NONE', *, *, #5204, .F. ) ;
#4315 = PLANE ( 'NONE',  #2644 ) ;
#4316 = ORIENTED_EDGE ( 'NONE', *, *, #132, .F. ) ;
#4317 = DIRECTION ( 'NONE',  ( 0.0000000000000000000, 0.0000000000000000000, -1.000000000000000000 ) ) ;
#4318 = EDGE_CURVE ( 'NONE', #4254, #767, #2901, .T. ) ;
#4319 = ORIENTED_EDGE ( 'NONE', *, *, #5221, .F. ) ;
#4320 = ORIENTED_EDGE ( 'NONE', *, *, #3142, .F. ) ;
#4321 = DIRECTION ( 'NONE',  ( -0.0000000000000000000, -1.000000000000000000, -0.0000000000000000000 ) ) ;
#4322 = ORIENTED_EDGE ( 'NONE', *, *, #3371, .T. ) ;
#4323 = PLANE ( 'NONE',  #4998 ) ;
#4324 = ORIENTED_EDGE ( 'NONE', *, *, #5223, .T. ) ;
#4325 = DIRECTION ( 'NONE',  ( -1.000000000000000000, 0.0000000000000000000, 0.0000000000000000000 ) ) ;
#4326 = CARTESIAN_POINT ( 'NONE',  ( -0.4891428278154165100, 0.1149999914975465700, 12.21037961703495400 ) ) ;
#4327 = EDGE_CURVE ( 'NONE', #2477, #767, #2353, .T. ) ;
#4328 = CARTESIAN_POINT ( 'NONE',  ( -0.9749999999999478000, 0.1100000000000006900, 4.100000000000195900 ) ) ;
#4329 = DIRECTION ( 'NONE',  ( 1.000000000000000000, 0.0000000000000000000, 0.0000000000000000000 ) ) ;
#4330 = FILL_AREA_STYLE_COLOUR ( '', #1364 ) ;
#4331 = EDGE_LOOP ( 'NONE', ( #3956, #3131, #1728, #3322 ) ) ;
#4332 = DIRECTION ( 'NONE',  ( 0.0000000000000000000, 1.000000000000000000, -0.0000000000000000000 ) ) ;
#4333 = CARTESIAN_POINT ( 'NONE',  ( -4.400000000000001200, 0.9699999999999999700, 0.5349999999999995900 ) ) ;
#4334 = EDGE_CURVE ( 'NONE', #3533, #4254, #5722, .T. ) ;
#4335 = ORIENTED_EDGE ( 'NONE', *, *, #4813, .F. ) ;
#4336 = DIRECTION ( 'NONE',  ( -1.000000000000000000, 0.0000000000000000000, -0.0000000000000000000 ) ) ;
#4337 =( NAMED_UNIT ( * ) SI_UNIT ( $, .STERADIAN. ) SOLID_ANGLE_UNIT ( ) );
#4338 = DIRECTION ( 'NONE',  ( -1.000000000000000000, -0.0000000000000000000, 0.0000000000000000000 ) ) ;
#4339 = B_SPLINE_CURVE_WITH_KNOTS ( 'NONE', 3,
 ( #2335, #466, #3192, #3124 ),
 .UNSPECIFIED., .F., .F.,
 ( 4, 4 ),
 ( 0.0000000000000000000, 1.000000000000000000 ),
 .UNSPECIFIED. ) ;
#4340 = DIRECTION ( 'NONE',  ( 0.0000000000000000000, 1.000000000000000000, -0.0000000000000000000 ) ) ;
#4341 = AXIS2_PLACEMENT_3D ( 'NONE', #3339, #2968, #4081 ) ;
#4342 = VECTOR ( 'NONE', #641, 1000.000000000000000 ) ;
#4343 = VERTEX_POINT ( 'NONE', #1477 ) ;
#4344 = FILL_AREA_STYLE_COLOUR ( '', #996 ) ;
#4345 = DIRECTION ( 'NONE',  ( 0.0000000000000000000, 0.0000000000000000000, 1.000000000000000000 ) ) ;
#4346 = AXIS2_PLACEMENT_3D ( 'NONE', #5047, #1329, #416 ) ;
#4347 = AXIS2_PLACEMENT_3D ( 'NONE', #3889, #4203, #4185 ) ;
#4348 = EDGE_LOOP ( 'NONE', ( #4449, #1176, #3164, #4195 ) ) ;
#4349 = DIRECTION ( 'NONE',  ( -7.434529182758073800E-016, -1.000000000000000000, 6.877881017395696700E-030 ) ) ;
#4350 = ORIENTED_EDGE ( 'NONE', *, *, #3217, .F. ) ;
#4351 =( NAMED_UNIT ( * ) SI_UNIT ( $, .STERADIAN. ) SOLID_ANGLE_UNIT ( ) );
#4352 = CARTESIAN_POINT ( 'NONE',  ( -0.02500000000014643300, 1.139999999999999900, 4.090000000000087800 ) ) ;
#4353 = ORIENTED_EDGE ( 'NONE', *, *, #1231, .F. ) ;
#4354 = ORIENTED_EDGE ( 'NONE', *, *, #5221, .T. ) ;
#4355 = LINE ( 'NONE', #5729, #5315 ) ;
#4356 = CARTESIAN_POINT ( 'NONE',  ( -5.200000000000093400, 0.2500000000000071600, 4.650000000000138000 ) ) ;
#4357 = AXIS2_PLACEMENT_3D ( 'NONE', #5152, #5159, #5145 ) ;
#4358 = SURFACE_STYLE_FILL_AREA ( #2581 ) ;
#4359 = CARTESIAN_POINT ( 'NONE',  ( 4.575000020249797600, 1.300000000000000000, -3.949999997427844400 ) ) ;
#4360 = CARTESIAN_POINT ( 'NONE',  ( -5.449999999999937100, 0.1800000000000481800, 4.600000029454185400 ) ) ;
#4361 = CARTESIAN_POINT ( 'NONE',  ( -1.175000000000037100, 1.300000000000000000, 3.950000000000120100 ) ) ;
#4362 = ORIENTED_EDGE ( 'NONE', *, *, #2772, .T. ) ;
#4363 = CIRCLE ( 'NONE', #5149, 0.1999999999999779700 ) ;
#4364 = DIRECTION ( 'NONE',  ( 6.749933887243615000E-008, -0.0000000000000000000, 0.9999999999999977800 ) ) ;
#4365 = VECTOR ( 'NONE', #2320, 1000.000000000000000 ) ;
#4366 = CARTESIAN_POINT ( 'NONE',  ( -5.599999999999827300, 1.182005554198792600, -3.200041785652423300 ) ) ;
#4367 = EDGE_CURVE ( 'NONE', #3112, #5023, #5139, .T. ) ;
#4368 = B_SPLINE_CURVE_WITH_KNOTS ( 'NONE', 3,
 ( #471, #2183, #4397, #1735, #4291, #3538 ),
 .UNSPECIFIED., .F., .F.,
 ( 4, 2, 4 ),
 ( 0.0000000000000000000, 0.5000000000000000000, 1.000000000000000000 ),
 .UNSPECIFIED. ) ;
#4369 = VERTEX_POINT ( 'NONE', #1832 ) ;
#4370 = DIRECTION ( 'NONE',  ( 0.0000000000000000000, 0.0000000000000000000, 1.000000000000000000 ) ) ;
#4371 = PLANE ( 'NONE',  #3452 ) ;
#4372 = FILL_AREA_STYLE ('',( #4344 ) ) ;
#4373 = VERTEX_POINT ( 'NONE', #1104 ) ;
#4374 = LINE ( 'NONE', #1349, #4743 ) ;
#4375 = CARTESIAN_POINT ( 'NONE',  ( 7.700000000000001100, 0.0000000000000000000, -5.000000000000000000 ) ) ;
#4376 = DIRECTION ( 'NONE',  ( -1.000000000000000000, 0.0000000000000000000, 0.0000000000000000000 ) ) ;
#4377 = ORIENTED_EDGE ( 'NONE', *, *, #3743, .T. ) ;
#4378 = ORIENTED_EDGE ( 'NONE', *, *, #2655, .T. ) ;
#4379 = CARTESIAN_POINT ( 'NONE',  ( -5.449999979750287200, -0.04999999999999969700, -4.599999997427734600 ) ) ;
#4380 = CARTESIAN_POINT ( 'NONE',  ( -5.439999999999939100, 1.299999999999999200, 4.500000014727126200 ) ) ;
#4381 = EDGE_LOOP ( 'NONE', ( #748, #802, #805, #845 ) ) ;
#4382 = DIRECTION ( 'NONE',  ( 0.0000000000000000000, 0.0000000000000000000, 1.000000000000000000 ) ) ;
#4383 = SURFACE_SIDE_STYLE ('',( #1004 ) ) ;
#4384 = CARTESIAN_POINT ( 'NONE',  ( -10.32156932736636700, 0.2500000000000340300, 3.621714945711731000 ) ) ;
#4385 = CARTESIAN_POINT ( 'NONE',  ( 5.450000002629781000, 0.1800001234751498500, 4.000000387964019100 ) ) ;
#4386 = ORIENTED_EDGE ( 'NONE', *, *, #5274, .F. ) ;
#4387 = DIRECTION ( 'NONE',  ( 0.0000000000000000000, 0.0000000000000000000, 1.000000000000000000 ) ) ;
#4388 = VECTOR ( 'NONE', #3908, 1000.000000000000000 ) ;
#4389 = LINE ( 'NONE', #1569, #1154 ) ;
#4390 = SURFACE_STYLE_USAGE ( .BOTH. , #4383 ) ;
#4391 = ORIENTED_EDGE ( 'NONE', *, *, #2180, .T. ) ;
#4392 =( LENGTH_UNIT ( ) NAMED_UNIT ( * ) SI_UNIT ( .MILLI., .METRE. ) );
#4393 = ORIENTED_EDGE ( 'NONE', *, *, #5346, .F. ) ;
#4394 = EDGE_CURVE ( 'NONE', #157, #4763, #2592, .T. ) ;
#4395 = AXIS2_PLACEMENT_3D ( 'NONE', #3137, #3229, #3097 ) ;
#4396 = LINE ( 'NONE', #2426, #3490 ) ;
#4397 = CARTESIAN_POINT ( 'NONE',  ( 5.582756345077452700, 1.223517865402068200, -3.200083365655868500 ) ) ;
#4398 = CARTESIAN_POINT ( 'NONE',  ( 5.600000039447603900, 0.4499999999999886300, -2.999999970545853800 ) ) ;
#4399 = LINE ( 'NONE', #3775, #2091 ) ;
#4400 = DIRECTION ( 'NONE',  ( -1.997185007931128700E-012, 0.0000000000000000000, 1.000000000000000000 ) ) ;
#4401 = CARTESIAN_POINT ( 'NONE',  ( -5.200000000000093400, 0.2500000000000062700, 4.650000000000138000 ) ) ;
#4402 = EDGE_LOOP ( 'NONE', ( #3375, #968, #4169, #5955 ) ) ;
#4403 = FACE_OUTER_BOUND ( 'NONE', #5141, .T. ) ;
#4404 = ORIENTED_EDGE ( 'NONE', *, *, #2795, .F. ) ;
#4405 =( NAMED_UNIT ( * ) PLANE_ANGLE_UNIT ( ) SI_UNIT ( $, .RADIAN. ) );
#4406 = EDGE_CURVE ( 'NONE', #3751, #1846, #4275, .T. ) ;
#4407 = EDGE_CURVE ( 'NONE', #1044, #5663, #5193, .T. ) ;
#4408 = VERTEX_POINT ( 'NONE', #531 ) ;
#4409 =( NAMED_UNIT ( * ) SI_UNIT ( $, .STERADIAN. ) SOLID_ANGLE_UNIT ( ) );
#4410 = VECTOR ( 'NONE', #155, 1000.000000000000000 ) ;
#4411 = ORIENTED_EDGE ( 'NONE', *, *, #2608, .T. ) ;
#4412 = EDGE_CURVE ( 'NONE', #5663, #4254, #5994, .T. ) ;
#4413 = CARTESIAN_POINT ( 'NONE',  ( -5.275000000000002100, 0.9699999999999999700, 0.0000000000000000000 ) ) ;
#4414 = EDGE_CURVE ( 'NONE', #187, #3887, #3326, .T. ) ;
#4415 = CARTESIAN_POINT ( 'NONE',  ( 5.449999999999966400, 0.1100000000000007200, -4.100000000000124000 ) ) ;
#4416 = CARTESIAN_POINT ( 'NONE',  ( -4.175000000000022900, 1.139999999999999500, 12.21037961703495400 ) ) ;
#4417 = DIRECTION ( 'NONE',  ( 1.000000000000000000, 0.0000000000000000000, 0.0000000000000000000 ) ) ;
#4418 = FACE_OUTER_BOUND ( 'NONE', #4304, .T. ) ;
#4419 = ORIENTED_EDGE ( 'NONE', *, *, #3142, .T. ) ;
#4420 = ORIENTED_EDGE ( 'NONE', *, *, #5355, .T. ) ;
#4421 = DIRECTION ( 'NONE',  ( 0.0000000000000000000, 0.0000000000000000000, 1.000000000000000000 ) ) ;
#4422 = ORIENTED_EDGE ( 'NONE', *, *, #2289, .F. ) ;
#4423 = DIRECTION ( 'NONE',  ( -1.000000000000000000, 0.0000000000000000000, 0.0000000000000000000 ) ) ;
#4424 = PRODUCT ( '4_BLEí¥ëÂå^BLE_MODULEäÓî¬', '4_BLEí¥ëÂå^BLE_MODULEäÓî¬', '', ( #672 ) ) ;
#4425 = DIRECTION ( 'NONE',  ( 0.0000000000000000000, 0.0000000000000000000, 1.000000000000000000 ) ) ;
#4426 = ORIENTED_EDGE ( 'NONE', *, *, #2690, .F. ) ;
#4427 = ORIENTED_EDGE ( 'NONE', *, *, #1678, .F. ) ;
#4428 = CARTESIAN_POINT ( 'NONE',  ( -5.449999999999943300, -0.05000000000003786100, -4.099999999999976600 ) ) ;
#4429 = LINE ( 'NONE', #1165, #482 ) ;
#4430 = CARTESIAN_POINT ( 'NONE',  ( -0.6782858486156123600, 0.05000005202392479600, 12.21037961703495400 ) ) ;
#4431 = DIRECTION ( 'NONE',  ( 5.259688814909747400E-009, -3.503915063498525200E-015, -1.000000000000000000 ) ) ;
#4432 = VERTEX_POINT ( 'NONE', #492 ) ;
#4433 = EDGE_LOOP ( 'NONE', ( #2862, #3033, #3042, #3051 ) ) ;
#4434 = VECTOR ( 'NONE', #5166, 1000.000000000000000 ) ;
#4435 = EDGE_CURVE ( 'NONE', #3790, #3887, #5661, .T. ) ;
#4436 = ORIENTED_EDGE ( 'NONE', *, *, #1517, .T. ) ;
#4437 = CARTESIAN_POINT ( 'NONE',  ( 3.974999999999958800, 0.4500000000000840000, -4.649999997427862300 ) ) ;
#4438 = CARTESIAN_POINT ( 'NONE',  ( -4.400000000000001200, 0.9699999999999999700, 0.5250000000000002400 ) ) ;
#4439 = AXIS2_PLACEMENT_3D ( 'NONE', #4931, #882, #332 ) ;
#4440 = DIRECTION ( 'NONE',  ( 0.0000000000000000000, 0.0000000000000000000, 1.000000000000000000 ) ) ;
#4441 = VERTEX_POINT ( 'NONE', #334 ) ;
#4442 = DIRECTION ( 'NONE',  ( 0.0000000000000000000, 0.0000000000000000000, 1.000000000000000000 ) ) ;
#4443 = ORIENTED_EDGE ( 'NONE', *, *, #1157, .F. ) ;
#4444 = ORIENTED_EDGE ( 'NONE', *, *, #5891, .T. ) ;
#4445 =( NAMED_UNIT ( * ) PLANE_ANGLE_UNIT ( ) SI_UNIT ( $, .RADIAN. ) );
#4446 = DIRECTION ( 'NONE',  ( -0.0000000000000000000, -1.000000000000000000, -0.0000000000000000000 ) ) ;
#4447 = EDGE_CURVE ( 'NONE', #5488, #3790, #1405, .T. ) ;
#4448 = VERTEX_POINT ( 'NONE', #575 ) ;
#4449 = ORIENTED_EDGE ( 'NONE', *, *, #2385, .T. ) ;
#4450 = ORIENTED_EDGE ( 'NONE', *, *, #2433, .T. ) ;
#4451 = VECTOR ( 'NONE', #1180, 1000.000000000000000 ) ;
#4452 = EDGE_CURVE ( 'NONE', #2995, #1667, #1320, .T. ) ;
#4453 = LINE ( 'NONE', #4326, #5360 ) ;
#4454 = DIRECTION ( 'NONE',  ( 5.259690252781031800E-009, -4.472334028504336200E-015, -1.000000000000000000 ) ) ;
#4455 = DIRECTION ( 'NONE',  ( 0.0000000000000000000, 1.000000000000000000, -6.123233995736766000E-017 ) ) ;
#4456 = EDGE_LOOP ( 'NONE', ( #941, #5846, #5190, #6113 ) ) ;
#4457 = CARTESIAN_POINT ( 'NONE',  ( 5.439999999999939100, 1.139999999999999900, 4.500000000000059500 ) ) ;
#4458 = DIRECTION ( 'NONE',  ( 0.0000000000000000000, 0.0000000000000000000, -1.000000000000000000 ) ) ;
#4459 = CYLINDRICAL_SURFACE ( 'NONE', #5849, 0.1999999999999779700 ) ;
#4460 = VECTOR ( 'NONE', #4989, 1000.000000000000000 ) ;
#4461 = DIRECTION ( 'NONE',  ( -1.000000000000000000, 0.0000000000000000000, 0.0000000000000000000 ) ) ;
#4462 = CARTESIAN_POINT ( 'NONE',  ( -5.275000000000002100, 0.4699999999999999700, -0.0000000000000000000 ) ) ;
#4463 = CARTESIAN_POINT ( 'NONE',  ( 5.450000039447603600, 0.2500000000000106600, -2.999999971334806200 ) ) ;
#4464 = EDGE_CURVE ( 'NONE', #5488, #187, #742, .T. ) ;
#4466 = ORIENTED_EDGE ( 'NONE', *, *, #1463, .T. ) ;
#4465 = PRESENTATION_LAYER_ASSIGNMENT (  '', '', ( #4775 ) ) ;
#4467 =( NAMED_UNIT ( * ) SI_UNIT ( $, .STERADIAN. ) SOLID_ANGLE_UNIT ( ) );
#4468 = CARTESIAN_POINT ( 'NONE',  ( -4.374999979750215900, 1.149999999999999900, -3.949999997427844400 ) ) ;
#4469 = ORIENTED_EDGE ( 'NONE', *, *, #5694, .T. ) ;
#4470 = LINE ( 'NONE', #5408, #2304 ) ;
#4471 = LINE ( 'NONE', #2736, #3445 ) ;
#4472 = PLANE ( 'NONE',  #3805 ) ;
#4473 = EDGE_LOOP ( 'NONE', ( #3854, #5986, #640, #1785 ) ) ;
#4474 = EDGE_CURVE ( 'NONE', #4181, #4850, #402, .T. ) ;
#4475 = DIRECTION ( 'NONE',  ( 0.0000000000000000000, 0.0000000000000000000, -1.000000000000000000 ) ) ;
#4476 = ORIENTED_EDGE ( 'NONE', *, *, #2500, .F. ) ;
#4477 = VERTEX_POINT ( 'NONE', #1608 ) ;
#4478 = DIRECTION ( 'NONE',  ( 1.000000000000000000, -7.401921598643840700E-016, -3.965082230804315200E-015 ) ) ;
#4479 = CARTESIAN_POINT ( 'NONE',  ( -4.774999979750305100, -0.04999999999999969700, -4.599999997427735500 ) ) ;
#4480 = EDGE_CURVE ( 'NONE', #4941, #3539, #474, .T. ) ;
#4481 = ORIENTED_EDGE ( 'NONE', *, *, #2194, .F. ) ;
#4482 = AXIS2_PLACEMENT_3D ( 'NONE', #91, #136, #114 ) ;
#4483 = EDGE_LOOP ( 'NONE', ( #3700, #5104, #4165, #5805 ) ) ;
#4484 = EDGE_LOOP ( 'NONE', ( #5194, #3739, #4562, #3187 ) ) ;
#4485 = DIRECTION ( 'NONE',  ( 0.0000000000000000000, 0.0000000000000000000, 1.000000000000000000 ) ) ;
#4486 = ORIENTED_EDGE ( 'NONE', *, *, #5361, .T. ) ;
#4487 = DIRECTION ( 'NONE',  ( -1.173873028861176500E-016, -1.000000000000000000, -2.958228394578794300E-029 ) ) ;
#4488 = EDGE_CURVE ( 'NONE', #4941, #4839, #397, .T. ) ;
#4489 = DIRECTION ( 'NONE',  ( 0.0000000000000000000, 0.0000000000000000000, 1.000000000000000000 ) ) ;
#4490 = CIRCLE ( 'NONE', #5440, 0.009999999999999158900 ) ;
#4491 = EDGE_LOOP ( 'NONE', ( #1399, #1486, #1514, #1588 ) ) ;
#4492 = DIRECTION ( 'NONE',  ( 1.875786691734446600E-013, 1.000000000000000000, 0.0000000000000000000 ) ) ;
#4493 = COLOUR_RGB ( '',0.4117647058823529200, 0.4117647058823529200, 0.4117647058823529200 ) ;
#4494 = ORIENTED_EDGE ( 'NONE', *, *, #2988, .F. ) ;
#4495 = DIRECTION ( 'NONE',  ( 1.000000000000000000, 0.0000000000000000000, 0.0000000000000000000 ) ) ;
#4496 = EDGE_LOOP ( 'NONE', ( #468, #540, #574, #598 ) ) ;
#4497 = CARTESIAN_POINT ( 'NONE',  ( -0.7750000000001020500, 2.135497654998051300, 4.600000000000051200 ) ) ;
#4498 = DIRECTION ( 'NONE',  ( 1.000000000000000000, 0.0000000000000000000, -4.336808689943698800E-015 ) ) ;
#4499 = CARTESIAN_POINT ( 'NONE',  ( 5.600000002629781400, -0.01999987652449852800, 4.000000029454382000 ) ) ;
#4500 = CARTESIAN_POINT ( 'NONE',  ( -4.400000000000001200, 0.9699999999999999700, 1.514999999999999500 ) ) ;
#4501 = DIRECTION ( 'NONE',  ( 1.000000000000000000, -1.667666423790703400E-032, 5.259688788402081300E-009 ) ) ;
#4502 = DIRECTION ( 'NONE',  ( -1.000000000000000000, -0.0000000000000000000, 0.0000000000000000000 ) ) ;
#4503 = DIRECTION ( 'NONE',  ( 0.0000000000000000000, 1.000000000000000000, -0.0000000000000000000 ) ) ;
#4504 = CARTESIAN_POINT ( 'NONE',  ( 5.399999999999960400, 0.7500000000000622800, -5.556414649620801800 ) ) ;
#4505 = EDGE_CURVE ( 'NONE', #4408, #3539, #888, .T. ) ;
#4506 = ORIENTED_EDGE ( 'NONE', *, *, #5382, .F. ) ;
#4507 = CARTESIAN_POINT ( 'NONE',  ( -4.174999999999992700, 1.139999999999999500, -4.799999997427860900 ) ) ;
#4508 = CARTESIAN_POINT ( 'NONE',  ( -4.374999979750215900, 1.300000000000000000, -3.949999997427844400 ) ) ;
#4509 = LINE ( 'NONE', #3488, #958 ) ;
#4510 = DIRECTION ( 'NONE',  ( -0.0000000000000000000, -1.000000000000000000, -0.0000000000000000000 ) ) ;
#4511 = VERTEX_POINT ( 'NONE', #849 ) ;
#4512 = ORIENTED_EDGE ( 'NONE', *, *, #506, .F. ) ;
#4513 = VECTOR ( 'NONE', #4253, 1000.000000000000000 ) ;
#4514 = CARTESIAN_POINT ( 'NONE',  ( 22.46390806328335500, 1.139999999999999900, 4.640000000000138200 ) ) ;
#4515 = LINE ( 'NONE', #2282, #4365 ) ;
#4516 = ORIENTED_EDGE ( 'NONE', *, *, #4730, .F. ) ;
#4517 = CARTESIAN_POINT ( 'NONE',  ( -0.02500000000014643300, 1.140000000000000300, 4.249999999999976000 ) ) ;
#4518 = DIRECTION ( 'NONE',  ( 0.0000000000000000000, 1.000000000000000000, 0.0000000000000000000 ) ) ;
#4519 = DIRECTION ( 'NONE',  ( 0.0000000000000000000, 0.0000000000000000000, 1.000000000000000000 ) ) ;
#4520 = ORIENTED_EDGE ( 'NONE', *, *, #5411, .T. ) ;
#4521 = FACE_OUTER_BOUND ( 'NONE', #415, .T. ) ;
#4522 = CARTESIAN_POINT ( 'NONE',  ( -5.400000000000071400, 0.7500000000000630600, 4.800000000000137500 ) ) ;
#4523 = CARTESIAN_POINT ( 'NONE',  ( -5.448922269036036600, 1.145219866587632800, -3.200083366521547100 ) ) ;
#4524 = EDGE_CURVE ( 'NONE', #5003, #4408, #383, .T. ) ;
#4525 = EDGE_LOOP ( 'NONE', ( #3667, #4601, #6024, #4023 ) ) ;
#4526 = LINE ( 'NONE', #5415, #3122 ) ;
#4527 = CARTESIAN_POINT ( 'NONE',  ( -4.275000000000002100, 0.4699999999999999700, -0.5000000000000004400 ) ) ;
#4528 = DIRECTION ( 'NONE',  ( 0.0000000000000000000, 0.0000000000000000000, 1.000000000000000000 ) ) ;
#4529 = ORIENTED_EDGE ( 'NONE', *, *, #3171, .T. ) ;
#4530 = CARTESIAN_POINT ( 'NONE',  ( 4.575000020249797600, 1.149999999999991300, -3.949999997427844400 ) ) ;
#4531 = EDGE_LOOP ( 'NONE', ( #4059, #4071, #4095, #1275 ) ) ;
#4532 = DIRECTION ( 'NONE',  ( 1.000000000000000000, 0.0000000000000000000, 0.0000000000000000000 ) ) ;
#4533 = DIRECTION ( 'NONE',  ( 1.549512398090732300E-013, -1.128440873015369200E-027, -1.000000000000000000 ) ) ;
#4534 = ORIENTED_EDGE ( 'NONE', *, *, #2737, .T. ) ;
#4535 = DIRECTION ( 'NONE',  ( 0.0000000000000000000, -0.0000000000000000000, 1.000000000000000000 ) ) ;
#4536 = EDGE_CURVE ( 'NONE', #1919, #3673, #1888, .T. ) ;
#4537 = LINE ( 'NONE', #1312, #2864 ) ;
#4538 = VERTEX_POINT ( 'NONE', #1210 ) ;
#4539 = AXIS2_PLACEMENT_3D ( 'NONE', #1937, #1977, #2031 ) ;
#4540 = CARTESIAN_POINT ( 'NONE',  ( 4.775000020249751600, 2.006428974360064300, -4.799999997427784500 ) ) ;
#4541 = ORIENTED_EDGE ( 'NONE', *, *, #506, .T. ) ;
#4542 = LINE ( 'NONE', #2427, #3791 ) ;
#4543 = EDGE_CURVE ( 'NONE', #3262, #3844, #4633, .T. ) ;
#4544 = AXIS2_PLACEMENT_3D ( 'NONE', #2275, #2532, #5844 ) ;
#4545 = DIRECTION ( 'NONE',  ( -6.123232117244399000E-017, 1.000000000000000000, -3.571489576900878700E-015 ) ) ;
#4546 = ORIENTED_EDGE ( 'NONE', *, *, #5422, .F. ) ;
#4547 = DIRECTION ( 'NONE',  ( -7.434529182758073800E-016, -1.000000000000000000, 6.877881017395696700E-030 ) ) ;
#4548 = ORIENTED_EDGE ( 'NONE', *, *, #5438, .F. ) ;
#4549 = EDGE_LOOP ( 'NONE', ( #2192, #32, #48, #98 ) ) ;
#4550 = DIRECTION ( 'NONE',  ( 1.000000000000000000, 0.0000000000000000000, 0.0000000000000000000 ) ) ;
#4551 = DIRECTION ( 'NONE',  ( -0.0000000000000000000, -1.000000000000000000, -0.0000000000000000000 ) ) ;
#4552 = VERTEX_POINT ( 'NONE', #275 ) ;
#4553 = ORIENTED_EDGE ( 'NONE', *, *, #5439, .T. ) ;
#4554 = AXIS2_PLACEMENT_3D ( 'NONE', #4761, #4677, #4654 ) ;
#4555 = ORIENTED_EDGE ( 'NONE', *, *, #5438, .T. ) ;
#4556 = CARTESIAN_POINT ( 'NONE',  ( 5.449999995846170900, 1.299999999999888600, -4.131887902047811400 ) ) ;
#4557 = CARTESIAN_POINT ( 'NONE',  ( -1.375000000000181600, 1.139999999999999900, 4.640000000000138200 ) ) ;
#4558 = CARTESIAN_POINT ( 'NONE',  ( -4.574999999421455000, 2.006428974359998100, -4.259999999999941200 ) ) ;
#4559 = FACE_OUTER_BOUND ( 'NONE', #2611, .T. ) ;
#4560 = ORIENTED_EDGE ( 'NONE', *, *, #2763, .T. ) ;
#4561 = FILL_AREA_STYLE_COLOUR ( '', #1354 ) ;
#4562 = ORIENTED_EDGE ( 'NONE', *, *, #4064, .F. ) ;
#4563 = CARTESIAN_POINT ( 'NONE',  ( -0.9749999999999793300, 1.139999999999999900, 4.090000000000087800 ) ) ;
#4564 = DIRECTION ( 'NONE',  ( 0.0000000000000000000, 1.000000000000000000, -0.0000000000000000000 ) ) ;
#4565 = ORIENTED_EDGE ( 'NONE', *, *, #2844, .F. ) ;
#4566 = EDGE_LOOP ( 'NONE', ( #4045, #5207, #4879, #285, #758, #1331, #3650, #3812 ) ) ;
#4567 = VECTOR ( 'NONE', #3725, 1000.000000000000000 ) ;
#4568 = CARTESIAN_POINT ( 'NONE',  ( 7.700000000000001100, 0.0000000000000000000, 5.000000000000000000 ) ) ;
#4569 = FILL_AREA_STYLE_COLOUR ( '', #4985 ) ;
#4570 = CARTESIAN_POINT ( 'NONE',  ( -0.02500000000006661800, 0.1099999999999955200, 4.250000000000086200 ) ) ;
#4571 = VERTEX_POINT ( 'NONE', #232 ) ;
#4572 = ORIENTED_EDGE ( 'NONE', *, *, #1380, .F. ) ;
#4573 = CIRCLE ( 'NONE', #521, 0.1999999999999779700 ) ;
#4574 = PRODUCT_RELATED_PRODUCT_CATEGORY ( 'part', '', ( #5087 ) ) ;
#4575 = CARTESIAN_POINT ( 'NONE',  ( 5.250000020249864900, -0.05000000000000056500, -4.799999997427786300 ) ) ;
#4576 = EDGE_CURVE ( 'NONE', #5836, #4106, #1575, .T. ) ;
#4577 = ORIENTED_EDGE ( 'NONE', *, *, #1431, .T. ) ;
#4578 = EDGE_LOOP ( 'NONE', ( #3220, #3227, #3236, #3242 ) ) ;
#4579 = CARTESIAN_POINT ( 'NONE',  ( -5.449999999999936200, 0.1150001234381976800, 3.810857585571923300 ) ) ;
#4580 = ORIENTED_EDGE ( 'NONE', *, *, #560, .F. ) ;
#4581 = FACE_OUTER_BOUND ( 'NONE', #5421, .T. ) ;
#4582 = DIRECTION ( 'NONE',  ( 0.0000000000000000000, 0.0000000000000000000, -1.000000000000000000 ) ) ;
#4583 = ORIENTED_EDGE ( 'NONE', *, *, #1769, .F. ) ;
#4584 = ORIENTED_EDGE ( 'NONE', *, *, #1455, .F. ) ;
#4585 = EDGE_CURVE ( 'NONE', #5393, #4343, #2440, .T. ) ;
#4586 = CARTESIAN_POINT ( 'NONE',  ( -0.02499999999977520200, 1.300000000000000000, 3.950000000000009100 ) ) ;
#4587 = ORIENTED_EDGE ( 'NONE', *, *, #5448, .F. ) ;
#4588 = ORIENTED_EDGE ( 'NONE', *, *, #5236, .F. ) ;
#4589 = DIRECTION ( 'NONE',  ( 0.0000000000000000000, 0.0000000000000000000, -1.000000000000000000 ) ) ;
#4590 = FACE_OUTER_BOUND ( 'NONE', #3407, .T. ) ;
#4591 = CARTESIAN_POINT ( 'NONE',  ( -4.275000000000002100, 0.9699999999999999700, -0.4900000000000003200 ) ) ;
#4592 = VERTEX_POINT ( 'NONE', #4415 ) ;
#4593 = DIRECTION ( 'NONE',  ( 1.000000000000000000, 0.0000000000000000000, 0.0000000000000000000 ) ) ;
#4594 = ORIENTED_EDGE ( 'NONE', *, *, #1455, .T. ) ;
#4595 = DIRECTION ( 'NONE',  ( 0.0000000000000000000, 0.0000000000000000000, 1.000000000000000000 ) ) ;
#4596 = ORIENTED_EDGE ( 'NONE', *, *, #2608, .F. ) ;
#4597 =( LENGTH_UNIT ( ) NAMED_UNIT ( * ) SI_UNIT ( .MILLI., .METRE. ) );
#4598 = EDGE_CURVE ( 'NONE', #3751, #5040, #5083, .T. ) ;
#4599 = VERTEX_POINT ( 'NONE', #4579 ) ;
#4600 = EDGE_LOOP ( 'NONE', ( #1243, #686, #3935, #2849, #4767, #18, #3732, #1490 ) ) ;
#4601 = ORIENTED_EDGE ( 'NONE', *, *, #3516, .F. ) ;
#4602 = CARTESIAN_POINT ( 'NONE',  ( -0.02499999999977520200, 1.149999999999991300, 3.950000000000009100 ) ) ;
#4603 = ORIENTED_EDGE ( 'NONE', *, *, #3663, .T. ) ;
#4604 = DIRECTION ( 'NONE',  ( 1.000000000000000000, 0.0000000000000000000, 0.0000000000000000000 ) ) ;
#4605 = CARTESIAN_POINT ( 'NONE',  ( -5.449999999999937100, 0.05000028673469991700, 3.621715029454231500 ) ) ;
#4606 = DIRECTION ( 'NONE',  ( -1.000000000000000000, 0.0000000000000000000, 0.0000000000000000000 ) ) ;
#4607 = DIRECTION ( 'NONE',  ( 1.000000000000000000, 1.219727444045649800E-015, 0.0000000000000000000 ) ) ;
#4608 = ORIENTED_EDGE ( 'NONE', *, *, #5458, .F. ) ;
#4609 = EDGE_LOOP ( 'NONE', ( #5069, #5359, #4887, #4647, #5657, #3128, #3067, #2820 ) ) ;
#4610 = DIRECTION ( 'NONE',  ( 1.000000000000000000, 0.0000000000000000000, -4.336808689942495000E-015 ) ) ;
#4611 = LINE ( 'NONE', #5754, #5125 ) ;
#4612 = DIRECTION ( 'NONE',  ( 3.115337048160320100E-008, -0.0000000000000000000, -0.9999999999999995600 ) ) ;
#4613 = EDGE_LOOP ( 'NONE', ( #2010, #2070, #2083, #6025 ) ) ;
#4614 = ORIENTED_EDGE ( 'NONE', *, *, #1175, .T. ) ;
#4615 = EDGE_CURVE ( 'NONE', #5389, #3577, #4782, .T. ) ;
#4616 = AXIS2_PLACEMENT_3D ( 'NONE', #2874, #1916, #1890 ) ;
#4617 = VECTOR ( 'NONE', #5554, 1000.000000000000000 ) ;
#4618 = ORIENTED_EDGE ( 'NONE', *, *, #3108, .T. ) ;
#4619 = ORIENTED_EDGE ( 'NONE', *, *, #5923, .T. ) ;
#4620 = DIRECTION ( 'NONE',  ( 0.0000000000000000000, 0.0000000000000000000, 1.000000000000000000 ) ) ;
#4621 = VECTOR ( 'NONE', #5321, 1000.000000000000000 ) ;
#4622 = CARTESIAN_POINT ( 'NONE',  ( 5.440000040500858200, 1.149999999999998100, -3.200250156445394500 ) ) ;
#4623 = SURFACE_STYLE_USAGE ( .BOTH. , #5780 ) ;
#4624 = EDGE_CURVE ( 'NONE', #1035, #3577, #1323, .T. ) ;
#4625 = VERTEX_POINT ( 'NONE', #3926 ) ;
#4626 =( GEOMETRIC_REPRESENTATION_CONTEXT ( 3 ) GLOBAL_UNCERTAINTY_ASSIGNED_CONTEXT ( ( #2709 ) ) GLOBAL_UNIT_ASSIGNED_CONTEXT ( ( #2794, #4644, #1866 ) ) REPRESENTATION_CONTEXT ( 'NONE', 'WORKASPACE' ) );
#4627 = ORIENTED_EDGE ( 'NONE', *, *, #3195, .F. ) ;
#4628 =( NAMED_UNIT ( * ) SI_UNIT ( $, .STERADIAN. ) SOLID_ANGLE_UNIT ( ) );
#4629 = EDGE_CURVE ( 'NONE', #5189, #3262, #1401, .T. ) ;
#4630 = DIRECTION ( 'NONE',  ( 1.239088197126349800E-015, -1.000000000000000000, 1.479114197289397100E-030 ) ) ;
#4631 = CARTESIAN_POINT ( 'NONE',  ( 4.575000000578540100, 0.1100000000000024600, -4.250000000000007100 ) ) ;
#4632 = LINE ( 'NONE', #5909, #3892 ) ;
#4633 = LINE ( 'NONE', #553, #2732 ) ;
#4634 = ORIENTED_EDGE ( 'NONE', *, *, #2925, .F. ) ;
#4635 = PRESENTATION_STYLE_ASSIGNMENT (( #4231 ) ) ;
#4636 = ORIENTED_EDGE ( 'NONE', *, *, #2988, .T. ) ;
#4637 = CARTESIAN_POINT ( 'NONE',  ( 5.449999999999957500, 1.139999999999999500, -4.249999999999865000 ) ) ;
#4638 = LINE ( 'NONE', #4642, #1217 ) ;
#4639 = EDGE_CURVE ( 'NONE', #2752, #5189, #5097, .T. ) ;
#4640 = ORIENTED_EDGE ( 'NONE', *, *, #3381, .F. ) ;
#4641 = ORIENTED_EDGE ( 'NONE', *, *, #6077, .F. ) ;
#4642 = CARTESIAN_POINT ( 'NONE',  ( -1.375000000000025500, -27.48064091039079700, 4.640000000000138200 ) ) ;
#4643 =( NAMED_UNIT ( * ) PLANE_ANGLE_UNIT ( ) SI_UNIT ( $, .RADIAN. ) );
#4644 =( NAMED_UNIT ( * ) PLANE_ANGLE_UNIT ( ) SI_UNIT ( $, .RADIAN. ) );
#4645 = CARTESIAN_POINT ( 'NONE',  ( 5.599999999999827300, 1.139999999999999500, 4.500000029454192000 ) ) ;
#4646 = CARTESIAN_POINT ( 'NONE',  ( 5.250000020249866700, 2.006428974360064300, -4.599999997427808300 ) ) ;
#4647 = ORIENTED_EDGE ( 'NONE', *, *, #4101, .T. ) ;
#4648 = EDGE_LOOP ( 'NONE', ( #622, #648, #671, #680 ) ) ;
#4649 = LINE ( 'NONE', #4010, #2063 ) ;
#4650 = ORIENTED_EDGE ( 'NONE', *, *, #3669, .T. ) ;
#4651 = CARTESIAN_POINT ( 'NONE',  ( 3.974999999999959700, 0.2499999999999950000, 12.21037961703495400 ) ) ;
#4652 = AXIS2_PLACEMENT_3D ( 'NONE', #3373, #2469, #744 ) ;
#4653 = PLANE ( 'NONE',  #5748 ) ;
#4654 = DIRECTION ( 'NONE',  ( -1.000000000000000000, 0.0000000000000000000, 0.0000000000000000000 ) ) ;
#4655 = ORIENTED_EDGE ( 'NONE', *, *, #4053, .F. ) ;
#4656 = ORIENTED_EDGE ( 'NONE', *, *, #1914, .T. ) ;
#4657 = DIRECTION ( 'NONE',  ( 5.259690252781031800E-009, -4.472334028504336200E-015, -1.000000000000000000 ) ) ;
#4658 = CIRCLE ( 'NONE', #5610, 0.1999999999999224600 ) ;
#4659 = ORIENTED_EDGE ( 'NONE', *, *, #3265, .T. ) ;
#4660 = SURFACE_STYLE_USAGE ( .BOTH. , #4685 ) ;
#4661 = PRODUCT_DEFINITION_CONTEXT ( 'detailed design', #3486, 'design' ) ;
#4662 = EDGE_LOOP ( 'NONE', ( #6022, #6029, #6042, #6058 ) ) ;
#4663 = VECTOR ( 'NONE', #3345, 1000.000000000000000 ) ;
#4664 = DIRECTION ( 'NONE',  ( 0.0000000000000000000, 1.000000000000000000, 5.259688084375293000E-009 ) ) ;
#4665 = EDGE_CURVE ( 'NONE', #1438, #2474, #2560, .T. ) ;
#4666 = VERTEX_POINT ( 'NONE', #3541 ) ;
#4667 = DIRECTION ( 'NONE',  ( 0.0000000000000000000, 1.000000000000000000, -0.0000000000000000000 ) ) ;
#4668 = DIRECTION ( 'NONE',  ( -1.000000000000000000, 5.478074134664205900E-015, -1.826024711554735200E-015 ) ) ;
#4669 =( LENGTH_UNIT ( ) NAMED_UNIT ( * ) SI_UNIT ( .MILLI., .METRE. ) );
#4670 = ORIENTED_EDGE ( 'NONE', *, *, #1740, .T. ) ;
#4671 = PLANE ( 'NONE',  #5290 ) ;
#4672 = CARTESIAN_POINT ( 'NONE',  ( 5.299999999999971400, 1.139999999999999900, 4.640000000000138200 ) ) ;
#4673 = FILL_AREA_STYLE ('',( #4569 ) ) ;
#4674 = AXIS2_PLACEMENT_3D ( 'NONE', #5079, #4912, #5138 ) ;
#4675 = SURFACE_STYLE_USAGE ( .BOTH. , #4695 ) ;
#4676 = DIRECTION ( 'NONE',  ( 1.000000000000000000, 0.0000000000000000000, 0.0000000000000000000 ) ) ;
#4677 = DIRECTION ( 'NONE',  ( 0.0000000000000000000, 0.0000000000000000000, -1.000000000000000000 ) ) ;
#4678 = CYLINDRICAL_SURFACE ( 'NONE', #701, 0.2000000000001598000 ) ;
#4679 = EDGE_LOOP ( 'NONE', ( #2898, #6109, #4221, #1744 ) ) ;
#4680 = VECTOR ( 'NONE', #2676, 1000.000000000000000 ) ;
#4681 = CARTESIAN_POINT ( 'NONE',  ( 0.0000000000000000000, 0.4699999999999999700, -8.673617379884035500E-016 ) ) ;
#4682 = VERTEX_POINT ( 'NONE', #3737 ) ;
#4683 = EDGE_CURVE ( 'NONE', #971, #5163, #17, .T. ) ;
#4684 = CARTESIAN_POINT ( 'NONE',  ( -20.63308208994206400, 1.139999999999999900, -4.639999997427862500 ) ) ;
#4685 = SURFACE_SIDE_STYLE ('',( #3549 ) ) ;
#4686 = AXIS2_PLACEMENT_3D ( 'NONE', #5516, #5495, #5457 ) ;
#4687 = DIRECTION ( 'NONE',  ( -1.000000000000000000, 0.0000000000000000000, 0.0000000000000000000 ) ) ;
#4688 = UNCERTAINTY_MEASURE_WITH_UNIT (LENGTH_MEASURE( 1.000000000000000100E-005 ), #4597, 'distance_accuracy_value', 'NONE');
#4689 = ORIENTED_EDGE ( 'NONE', *, *, #5645, .F. ) ;
#4690 = ORIENTED_EDGE ( 'NONE', *, *, #5480, .T. ) ;
#4691 = LINE ( 'NONE', #4056, #2271 ) ;
#4692 = DIRECTION ( 'NONE',  ( 0.0000000000000000000, 1.000000000000000000, 0.0000000000000000000 ) ) ;
#4693 = CARTESIAN_POINT ( 'NONE',  ( -4.574999999999994800, 0.1100000000000007200, -4.100000000000051200 ) ) ;
#4694 = ORIENTED_EDGE ( 'NONE', *, *, #1859, .F. ) ;
#4695 = SURFACE_SIDE_STYLE ('',( #1060 ) ) ;
#4696 = DIRECTION ( 'NONE',  ( -0.0000000000000000000, -1.000000000000000000, -0.0000000000000000000 ) ) ;
#4697 = CARTESIAN_POINT ( 'NONE',  ( -0.02500000000005275800, 1.139999999999999900, 4.090000000000087800 ) ) ;
#4698 = AXIS2_PLACEMENT_3D ( 'NONE', #4697, #286, #1314 ) ;
#4699 = VECTOR ( 'NONE', #2232, 1000.000000000000000 ) ;
#4700 = ORIENTED_EDGE ( 'NONE', *, *, #4576, .F. ) ;
#4701 = FACE_OUTER_BOUND ( 'NONE', #1283, .T. ) ;
#4702 = ORIENTED_EDGE ( 'NONE', *, *, #4414, .F. ) ;
#4703 = DIRECTION ( 'NONE',  ( 1.000000000000000000, -1.667666423790703400E-032, 5.259688788402081300E-009 ) ) ;
#4704 = FILL_AREA_STYLE ('',( #4932 ) ) ;
#4705 =( LENGTH_UNIT ( ) NAMED_UNIT ( * ) SI_UNIT ( .MILLI., .METRE. ) );
#4706 = ORIENTED_EDGE ( 'NONE', *, *, #5518, .T. ) ;
#4707 = EDGE_CURVE ( 'NONE', #1302, #5023, #149, .T. ) ;
#4708 =( NAMED_UNIT ( * ) SI_UNIT ( $, .STERADIAN. ) SOLID_ANGLE_UNIT ( ) );
#4709 = CARTESIAN_POINT ( 'NONE',  ( -5.449999999421415000, -0.04999999999989041000, -4.259999999999937600 ) ) ;
#4710 = ORIENTED_EDGE ( 'NONE', *, *, #1652, .T. ) ;
#4711 = DIRECTION ( 'NONE',  ( -0.0000000000000000000, -1.000000000000000000, -0.0000000000000000000 ) ) ;
#4712 = VERTEX_POINT ( 'NONE', #2371 ) ;
#4713 = VECTOR ( 'NONE', #918, 1000.000000000000000 ) ;
#4714 = CARTESIAN_POINT ( 'NONE',  ( -4.890000000000002300, 0.9699999999999999700, 1.524999999999998600 ) ) ;
#4715 = AXIS2_PLACEMENT_3D ( 'NONE', #5213, #2411, #2482 ) ;
#4716 = VERTEX_POINT ( 'NONE', #2305 ) ;
#4717 = CARTESIAN_POINT ( 'NONE',  ( 4.575000007199924400, 1.149999999999999500, -4.095235987755959400 ) ) ;
#4718 = VERTEX_POINT ( 'NONE', #2176 ) ;
#4719 = VECTOR ( 'NONE', #4321, 1000.000000000000000 ) ;
#4720 = CARTESIAN_POINT ( 'NONE',  ( -10.32156932935602900, -0.01999987652449852800, 3.999999945711882900 ) ) ;
#4721 = VERTEX_POINT ( 'NONE', #2346 ) ;
#4722 = VERTEX_POINT ( 'NONE', #2155 ) ;
#4723 = EDGE_CURVE ( 'NONE', #5503, #1302, #5875, .T. ) ;
#4724 = CARTESIAN_POINT ( 'NONE',  ( -4.400000000000001200, 0.9699999999999999700, 0.0000000000000000000 ) ) ;
#4725 = CARTESIAN_POINT ( 'NONE',  ( -4.574999979750193900, 1.300000000000000000, -3.949999997427844400 ) ) ;
#4726 =( NAMED_UNIT ( * ) PLANE_ANGLE_UNIT ( ) SI_UNIT ( $, .RADIAN. ) );
#4727 = ORIENTED_EDGE ( 'NONE', *, *, #2718, .F. ) ;
#4728 = CARTESIAN_POINT ( 'NONE',  ( 4.775000020249751600, -0.05000000000000056500, -4.599999997427806500 ) ) ;
#4729 = CYLINDRICAL_SURFACE ( 'NONE', #2963, 0.1999999999999224600 ) ;
#4730 = EDGE_CURVE ( 'NONE', #477, #191, #4271, .T. ) ;
#4731 = CARTESIAN_POINT ( 'NONE',  ( 4.175000003375006800, 1.181887902047834800, -4.799999997427750700 ) ) ;
#4732 = ORIENTED_EDGE ( 'NONE', *, *, #5522, .F. ) ;
#4733 = CARTESIAN_POINT ( 'NONE',  ( -4.174999979750238000, 1.149999999999999500, -4.639999997427862500 ) ) ;
#4734 = ORIENTED_EDGE ( 'NONE', *, *, #3524, .F. ) ;
#4735 = ORIENTED_EDGE ( 'NONE', *, *, #4488, .F. ) ;
#4736 = EDGE_CURVE ( 'NONE', #3533, #2477, #5716, .T. ) ;
#4737 = DIRECTION ( 'NONE',  ( -7.434529182758089500E-016, -1.000000000000000000, 6.877881017395696700E-030 ) ) ;
#4738 = CIRCLE ( 'NONE', #956, 0.2000001861224356400 ) ;
#4739 = DIRECTION ( 'NONE',  ( 3.115337048160320100E-008, -0.0000000000000000000, -0.9999999999999995600 ) ) ;
#4740 = CARTESIAN_POINT ( 'NONE',  ( -5.400000000000071400, 0.7500000000000622800, -3.594446615752577800 ) ) ;
#4741 = CARTESIAN_POINT ( 'NONE',  ( -4.900000000000001200, 0.4699999999999999700, -1.025000000000001700 ) ) ;
#4742 = ORIENTED_EDGE ( 'NONE', *, *, #1964, .F. ) ;
#4743 = VECTOR ( 'NONE', #4338, 1000.000000000000000 ) ;
#4744 = FILL_AREA_STYLE ('',( #5592 ) ) ;
#4745 = DIRECTION ( 'NONE',  ( 1.000000000000000000, -7.453889935838664400E-016, -4.336808689942495000E-015 ) ) ;
#4746 = EDGE_CURVE ( 'NONE', #5553, #191, #1039, .T. ) ;
#4747 = ORIENTED_EDGE ( 'NONE', *, *, #4919, .T. ) ;
#4748 = AXIS2_PLACEMENT_3D ( 'NONE', #5803, #5893, #5896 ) ;
#4749 = AXIS2_PLACEMENT_3D ( 'NONE', #4031, #4033, #4051 ) ;
#4750 = VECTOR ( 'NONE', #1616, 1000.000000000000000 ) ;
#4751 = LINE ( 'NONE', #3114, #5308 ) ;
#4752 = CARTESIAN_POINT ( 'NONE',  ( 5.299999999999971400, 1.149999999999999900, 4.500000000000059500 ) ) ;
#4753 = CARTESIAN_POINT ( 'NONE',  ( -0.9749999999999720000, 0.09999999999999939500, 4.260000000000085100 ) ) ;
#4754 = CARTESIAN_POINT ( 'NONE',  ( -4.175000000000022000, 1.139999999999999900, -4.799999997427750700 ) ) ;
#4755 = EDGE_LOOP ( 'NONE', ( #4377, #4136, #2381, #810 ) ) ;
#4756 = LINE ( 'NONE', #3465, #221 ) ;
#4757 = EDGE_CURVE ( 'NONE', #2151, #477, #4233, .T. ) ;
#4758 = DIRECTION ( 'NONE',  ( 0.0000000000000000000, 0.0000000000000000000, -1.000000000000000000 ) ) ;
#4759 = CARTESIAN_POINT ( 'NONE',  ( -7.700000000000001100, 0.4699999999999999700, 5.000000000000000000 ) ) ;
#4760 = SURFACE_SIDE_STYLE ('',( #1400 ) ) ;
#4761 = CARTESIAN_POINT ( 'NONE',  ( 0.3000002332246383100, 0.1799999198509559500, -4.649999997427862300 ) ) ;
#4762 = PRESENTATION_STYLE_ASSIGNMENT (( #347 ) ) ;
#4763 = VERTEX_POINT ( 'NONE', #5913 ) ;
#4764 = EDGE_CURVE ( 'NONE', #4432, #2151, #3244, .T. ) ;
#4765 =( LENGTH_UNIT ( ) NAMED_UNIT ( * ) SI_UNIT ( .MILLI., .METRE. ) );
#4766 = PRESENTATION_LAYER_ASSIGNMENT (  '', '', ( #5116 ) ) ;
#4767 = ORIENTED_EDGE ( 'NONE', *, *, #3402, .F. ) ;
#4768 = ORIENTED_EDGE ( 'NONE', *, *, #414, .F. ) ;
#4769 = DIRECTION ( 'NONE',  ( -2.352308516271451800E-023, -1.000000000000000000, 4.472334029331516000E-015 ) ) ;
#4770 = EDGE_LOOP ( 'NONE', ( #5862, #5879, #5886, #5894 ) ) ;
#4771 = ORIENTED_EDGE ( 'NONE', *, *, #2470, .T. ) ;
#4772 = CARTESIAN_POINT ( 'NONE',  ( 0.3000002332246383100, 0.1799999198509559500, -4.799999997427861800 ) ) ;
#4773 = CARTESIAN_POINT ( 'NONE',  ( 4.775000020249750700, 0.1000000000000011300, -4.799999997427784500 ) ) ;
#4774 = ORIENTED_EDGE ( 'NONE', *, *, #2511, .F. ) ;
#4775 = STYLED_ITEM ( 'NONE', ( #4845 ), #3398 ) ;
#4776 = DIRECTION ( 'NONE',  ( 5.259688788402080500E-009, -4.472334029331516000E-015, -1.000000000000000000 ) ) ;
#4777 = EDGE_CURVE ( 'NONE', #5663, #4763, #3540, .T. ) ;
#4778 = DIRECTION ( 'NONE',  ( -1.000000000000000000, 0.0000000000000000000, 0.0000000000000000000 ) ) ;
#4779 = VERTEX_POINT ( 'NONE', #5523 ) ;
#4780 = CARTESIAN_POINT ( 'NONE',  ( -10.32156929253820900, 0.4499999999999886300, -3.000000054288353400 ) ) ;
#4781 = PLANE ( 'NONE',  #2157 ) ;
#4782 = LINE ( 'NONE', #3977, #950 ) ;
#4783 = FACE_OUTER_BOUND ( 'NONE', #2132, .T. ) ;
#4784 = B_SPLINE_CURVE_WITH_KNOTS ( 'NONE', 3,
 ( #2397, #5366, #5012, #1365 ),
 .UNSPECIFIED., .F., .F.,
 ( 4, 4 ),
 ( 0.0000000000000000000, 1.000000000000000000 ),
 .UNSPECIFIED. ) ;
#4785 = EDGE_CURVE ( 'NONE', #3955, #1902, #4925, .T. ) ;
#4786 = EDGE_LOOP ( 'NONE', ( #5564, #5269, #3024, #5445, #4656, #2965 ) ) ;
#4787 = PRESENTATION_LAYER_ASSIGNMENT (  '', '', ( #31 ) ) ;
#4788 = SURFACE_STYLE_USAGE ( .BOTH. , #4806 ) ;
#4789 = ORIENTED_EDGE ( 'NONE', *, *, #3433, .F. ) ;
#4790 = LINE ( 'NONE', #104, #9 ) ;
#4791 = EDGE_LOOP ( 'NONE', ( #6062, #6073, #6092, #3074 ) ) ;
#4792 = CARTESIAN_POINT ( 'NONE',  ( 5.600000004619444000, 0.2500000000000340300, 3.621715029454231100 ) ) ;
#4793 = AXIS2_PLACEMENT_3D ( 'NONE', #5658, #5725, #71 ) ;
#4794 = FACE_OUTER_BOUND ( 'NONE', #902, .T. ) ;
#4795 = VECTOR ( 'NONE', #5175, 1000.000000000000000 ) ;
#4796 = CARTESIAN_POINT ( 'NONE',  ( 4.175000020249841600, 1.139999999999999900, -4.639999997427862500 ) ) ;
#4797 = EDGE_LOOP ( 'NONE', ( #2774, #2224, #2263, #1271, #5583, #2738 ) ) ;
#4798 = CARTESIAN_POINT ( 'NONE',  ( 4.175000020249841600, 1.300000000000000000, -3.949999997427844400 ) ) ;
#4799 = CARTESIAN_POINT ( 'NONE',  ( -4.400000000000001200, 0.9699999999999999700, -2.015000000000002300 ) ) ;
#4800 = CARTESIAN_POINT ( 'NONE',  ( -0.6782860000001853500, 0.2500002381462677100, -4.799999997427861800 ) ) ;
#4801 = EDGE_CURVE ( 'NONE', #2468, #5575, #5749, .T. ) ;
#4802 = ORIENTED_EDGE ( 'NONE', *, *, #3755, .F. ) ;
#4803 = CIRCLE ( 'NONE', #6072, 0.009999999999999592500 ) ;
#4804 = ORIENTED_EDGE ( 'NONE', *, *, #5236, .T. ) ;
#4805 = CARTESIAN_POINT ( 'NONE',  ( -4.410000000000001000, 0.9699999999999999700, -1.025000000000001700 ) ) ;
#4806 = SURFACE_SIDE_STYLE ('',( #5751 ) ) ;
#4807 = EDGE_LOOP ( 'NONE', ( #3807, #4362, #2832, #4404 ) ) ;
#4808 = ORIENTED_EDGE ( 'NONE', *, *, #1326, .F. ) ;
#4809 = VECTOR ( 'NONE', #2658, 1000.000000000000000 ) ;
#4810 =( LENGTH_UNIT ( ) NAMED_UNIT ( * ) SI_UNIT ( .MILLI., .METRE. ) );
#4811 = CARTESIAN_POINT ( 'NONE',  ( -5.449999995015414100, 1.299999999999888600, -4.089999999999976800 ) ) ;
#4812 = DIRECTION ( 'NONE',  ( -1.000000000000000000, 0.0000000000000000000, 0.0000000000000000000 ) ) ;
#4813 = EDGE_CURVE ( 'NONE', #5843, #6067, #4470, .T. ) ;
#4814 = STYLED_ITEM ( 'NONE', ( #1473 ), #2370 ) ;
#4815 = DIRECTION ( 'NONE',  ( 0.0000000000000000000, 0.0000000000000000000, 1.000000000000000000 ) ) ;
#4816 = ORIENTED_EDGE ( 'NONE', *, *, #4406, .F. ) ;
#4817 = SURFACE_STYLE_FILL_AREA ( #5254 ) ;
#4818 = CARTESIAN_POINT ( 'NONE',  ( -4.890000000000002300, 0.9699999999999999700, 0.5250000000000002400 ) ) ;
#4819 = PLANE ( 'NONE',  #1158 ) ;
#4820 = FACE_OUTER_BOUND ( 'NONE', #3853, .T. ) ;
#4821 = ORIENTED_EDGE ( 'NONE', *, *, #142, .F. ) ;
#4822 = CARTESIAN_POINT ( 'NONE',  ( -5.449999999999937100, -0.01999987652449939500, 4.000000029454382000 ) ) ;
#4823 = CARTESIAN_POINT ( 'NONE',  ( -5.300000000000082400, 1.139999999999999900, 4.640000000000138200 ) ) ;
#4824 = DIRECTION ( 'NONE',  ( -1.982541115402157200E-015, -3.931978574460989100E-030, -1.000000000000000000 ) ) ;
#4825 = ORIENTED_EDGE ( 'NONE', *, *, #2185, .T. ) ;
#4826 = EDGE_LOOP ( 'NONE', ( #2006, #5788, #5768, #1789 ) ) ;
#4827 = CARTESIAN_POINT ( 'NONE',  ( 0.0000000000000000000, 0.9699999999999999700, -8.673617379884035500E-016 ) ) ;
#4828 = AXIS2_PLACEMENT_3D ( 'NONE', #5607, #5673, #5036 ) ;
#4829 = SURFACE_STYLE_USAGE ( .BOTH. , #4760 ) ;
#4830 = DIRECTION ( 'NONE',  ( 0.0000000000000000000, 1.000000000000000000, -0.0000000000000000000 ) ) ;
#4831 = ORIENTED_EDGE ( 'NONE', *, *, #50, .T. ) ;
#4832 = PLANE ( 'NONE',  #1628 ) ;
#4833 = ORIENTED_EDGE ( 'NONE', *, *, #4212, .F. ) ;
#4834 = EDGE_LOOP ( 'NONE', ( #3819, #3821, #3826, #3832 ) ) ;
#4835 = CARTESIAN_POINT ( 'NONE',  ( -5.449999999999937100, 1.139999999999999500, -3.199999970545834000 ) ) ;
#4836 = DIRECTION ( 'NONE',  ( 0.0000000000000000000, 1.000000000000000000, 0.0000000000000000000 ) ) ;
#4837 = AXIS2_PLACEMENT_3D ( 'NONE', #4724, #3808, #3742 ) ;
#4838 = MECHANICAL_DESIGN_GEOMETRIC_PRESENTATION_REPRESENTATION (  '', ( #884 ), #3500 ) ;
#4839 = VERTEX_POINT ( 'NONE', #5654 ) ;
#4840 = CARTESIAN_POINT ( 'NONE',  ( 5.450000040499762800, 1.142625345279823000, -3.200041785932259000 ) ) ;
#4841 = CARTESIAN_POINT ( 'NONE',  ( -0.9750000000000036400, 1.149999999999991300, 3.950000000000120100 ) ) ;
#4842 = ORIENTED_EDGE ( 'NONE', *, *, #5544, .F. ) ;
#4843 = DIRECTION ( 'NONE',  ( -1.000000000000000000, 0.0000000000000000000, -0.0000000000000000000 ) ) ;
#4844 = CARTESIAN_POINT ( 'NONE',  ( -4.410000000000001000, 0.9699999999999999700, 0.5250000000000002400 ) ) ;
#4845 = PRESENTATION_STYLE_ASSIGNMENT (( #5255 ) ) ;
#4846 = CARTESIAN_POINT ( 'NONE',  ( 4.175000016874874700, 1.299999999999888600, -4.681887899475697200 ) ) ;
#4847 = EDGE_CURVE ( 'NONE', #1079, #2947, #2944, .T. ) ;
#4848 = EDGE_CURVE ( 'NONE', #4900, #3936, #282, .T. ) ;
#4849 = MANIFOLD_SOLID_BREP ( 'ŒﬁΩ - âüÇµèoÇµ1', #5342 ) ;
#4850 = VERTEX_POINT ( 'NONE', #4800 ) ;
#4851 = DIRECTION ( 'NONE',  ( 0.0000000000000000000, 1.000000000000000000, -0.0000000000000000000 ) ) ;
#4852 = DIRECTION ( 'NONE',  ( -0.0000000000000000000, 0.0000000000000000000, 1.000000000000000000 ) ) ;
#4853 = ORIENTED_EDGE ( 'NONE', *, *, #1511, .T. ) ;
#4854 = CARTESIAN_POINT ( 'NONE',  ( 4.574999999999974400, 2.006428974360065200, -4.250000000000008900 ) ) ;
#4855 = FACE_OUTER_BOUND ( 'NONE', #4549, .T. ) ;
#4856 = ORIENTED_EDGE ( 'NONE', *, *, #4757, .F. ) ;
#4857 = CARTESIAN_POINT ( 'NONE',  ( 5.299999999999971400, 0.7500000000000630600, 4.650000000000137100 ) ) ;
#4858 = AXIS2_PLACEMENT_3D ( 'NONE', #2016, #995, #705 ) ;
#4859 = FILL_AREA_STYLE_COLOUR ( '', #825 ) ;
#4860 = VERTEX_POINT ( 'NONE', #4922 ) ;
#4861 = LINE ( 'NONE', #4285, #1531 ) ;
#4862 = CARTESIAN_POINT ( 'NONE',  ( -5.449999989875108100, 1.299999999999999200, -4.089999999999976800 ) ) ;
#4863 = CARTESIAN_POINT ( 'NONE',  ( -1.375000000000181200, 0.4499999999999287300, -3.594446615752577800 ) ) ;
#4864 = ORIENTED_EDGE ( 'NONE', *, *, #2410, .T. ) ;
#4865 = ORIENTED_EDGE ( 'NONE', *, *, #4764, .F. ) ;
#4866 =( GEOMETRIC_REPRESENTATION_CONTEXT ( 3 ) GLOBAL_UNCERTAINTY_ASSIGNED_CONTEXT ( ( #938 ) ) GLOBAL_UNIT_ASSIGNED_CONTEXT ( ( #3259, #5264, #445 ) ) REPRESENTATION_CONTEXT ( 'NONE', 'WORKASPACE' ) );
#4867 = CARTESIAN_POINT ( 'NONE',  ( 5.449999999999954900, 1.300000000000000000, -4.249999999999976000 ) ) ;
#4868 = EDGE_CURVE ( 'NONE', #5575, #4900, #905, .T. ) ;
#4869 = ORIENTED_EDGE ( 'NONE', *, *, #1904, .T. ) ;
#4870 = FACE_OUTER_BOUND ( 'NONE', #955, .T. ) ;
#4871 = CYLINDRICAL_SURFACE ( 'NONE', #2609, 0.1999999999999718400 ) ;
#4872 =( NAMED_UNIT ( * ) PLANE_ANGLE_UNIT ( ) SI_UNIT ( $, .RADIAN. ) );
#4873 = ORIENTED_EDGE ( 'NONE', *, *, #1350, .T. ) ;
#4874 = EDGE_CURVE ( 'NONE', #5575, #3308, #348, .T. ) ;
#4875 = AXIS2_PLACEMENT_3D ( 'NONE', #2499, #3753, #3502 ) ;
#4876 = EDGE_LOOP ( 'NONE', ( #1738, #1665, #5838, #198 ) ) ;
#4877 = ORIENTED_EDGE ( 'NONE', *, *, #1380, .T. ) ;
#4878 = DIRECTION ( 'NONE',  ( 1.850371707708798500E-013, 0.0000000000000000000, 1.000000000000000000 ) ) ;
#4879 = ORIENTED_EDGE ( 'NONE', *, *, #3883, .F. ) ;
#4880 = VERTEX_POINT ( 'NONE', #4835 ) ;
#4881 = CARTESIAN_POINT ( 'NONE',  ( 0.5749999999999926300, 0.4499999999999851300, 4.650000000000138000 ) ) ;
#4882 = EDGE_CURVE ( 'NONE', #2468, #4191, #5215, .T. ) ;
#4883 = AXIS2_PLACEMENT_3D ( 'NONE', #4306, #4208, #4150 ) ;
#4884 = ORIENTED_EDGE ( 'NONE', *, *, #4736, .F. ) ;
#4885 = CARTESIAN_POINT ( 'NONE',  ( 5.599999999999828200, 1.181887902047836100, 4.500000024685427000 ) ) ;
#4886 = DIRECTION ( 'NONE',  ( 0.0000000000000000000, 0.0000000000000000000, 1.000000000000000000 ) ) ;
#4887 = ORIENTED_EDGE ( 'NONE', *, *, #3771, .T. ) ;
#4888 = CARTESIAN_POINT ( 'NONE',  ( -5.249999979750200800, 2.006428974359998100, -4.799999997427823600 ) ) ;
#4889 = CARTESIAN_POINT ( 'NONE',  ( -0.02500000000006587900, 0.09999999999999939500, 4.260000000000086800 ) ) ;
#4890 = CARTESIAN_POINT ( 'NONE',  ( 4.574999999999999300, 1.139999999999999900, -4.089999999999976800 ) ) ;
#4891 = ORIENTED_EDGE ( 'NONE', *, *, #1670, .F. ) ;
#4892 = FACE_OUTER_BOUND ( 'NONE', #4940, .T. ) ;
#4893 = CARTESIAN_POINT ( 'NONE',  ( -11.88308208994204000, 1.139999999999999900, -4.089999999999976800 ) ) ;
#4894 = CARTESIAN_POINT ( 'NONE',  ( -4.400000000000001200, 0.9699999999999999700, -1.035000000000000800 ) ) ;
#4895 = PLANE ( 'NONE',  #1830 ) ;
#4896 = ORIENTED_EDGE ( 'NONE', *, *, #5636, .F. ) ;
#4897 = LINE ( 'NONE', #4759, #4018 ) ;
#4898 = AXIS2_PLACEMENT_3D ( 'NONE', #5650, #4340, #4179 ) ;
#4899 = MECHANICAL_DESIGN_GEOMETRIC_PRESENTATION_REPRESENTATION (  '', ( #629 ), #3234 ) ;
#4900 = VERTEX_POINT ( 'NONE', #5794 ) ;
#4901 = ORIENTED_EDGE ( 'NONE', *, *, #5547, .F. ) ;
#4902 = DIRECTION ( 'NONE',  ( -1.000000000000000000, 0.0000000000000000000, -0.0000000000000000000 ) ) ;
#4903 = VERTEX_POINT ( 'NONE', #5335 ) ;
#4904 = LINE ( 'NONE', #2254, #490 ) ;
#4905 = ORIENTED_EDGE ( 'NONE', *, *, #4186, .T. ) ;
#4906 = EDGE_CURVE ( 'NONE', #1065, #5843, #4897, .T. ) ;
#4907 = DIRECTION ( 'NONE',  ( -0.0000000000000000000, 0.0000000000000000000, 1.000000000000000000 ) ) ;
#4908 = ORIENTED_EDGE ( 'NONE', *, *, #4971, .F. ) ;
#4909 = DIRECTION ( 'NONE',  ( 7.067391939164968100E-015, -1.000000000000000000, 0.0000000000000000000 ) ) ;
#4910 = VECTOR ( 'NONE', #5769, 1000.000000000000100 ) ;
#4911 = PLANE ( 'NONE',  #2030 ) ;
#4912 = DIRECTION ( 'NONE',  ( -0.0000000000000000000, -1.000000000000000000, -0.0000000000000000000 ) ) ;
#4913 = ORIENTED_EDGE ( 'NONE', *, *, #3152, .F. ) ;
#4914 = AXIS2_PLACEMENT_3D ( 'NONE', #230, #6103, #6076 ) ;
#4915 = EDGE_LOOP ( 'NONE', ( #1128, #2593, #4789, #34 ) ) ;
#4916 = ORIENTED_EDGE ( 'NONE', *, *, #3443, .T. ) ;
#4917 = VERTEX_POINT ( 'NONE', #5084 ) ;
#4918 = CARTESIAN_POINT ( 'NONE',  ( 7.700000000000001100, 0.4699999999999999700, -5.000000000000000000 ) ) ;
#4919 = EDGE_CURVE ( 'NONE', #2610, #4599, #799, .T. ) ;
#4920 = EDGE_LOOP ( 'NONE', ( #1567, #3202, #746, #5013 ) ) ;
#4921 = ORIENTED_EDGE ( 'NONE', *, *, #3217, .T. ) ;
#4922 = CARTESIAN_POINT ( 'NONE',  ( -4.574999999999995700, 1.139999999999999500, -4.249999999999976000 ) ) ;
#4923 = CARTESIAN_POINT ( 'NONE',  ( 5.299999999999971400, 0.7500000000000622800, -5.556414649620801800 ) ) ;
#4924 = EDGE_LOOP ( 'NONE', ( #4873, #3687, #2163, #4529 ) ) ;
#4925 = LINE ( 'NONE', #5733, #3858 ) ;
#4926 = PLANE ( 'NONE',  #5537 ) ;
#4927 = DIRECTION ( 'NONE',  ( 0.0000000000000000000, 0.0000000000000000000, 1.000000000000000000 ) ) ;
#4928 = ORIENTED_EDGE ( 'NONE', *, *, #3942, .F. ) ;
#4929 = ORIENTED_EDGE ( 'NONE', *, *, #4785, .F. ) ;
#4930 = CIRCLE ( 'NONE', #2855, 0.1999999999999970700 ) ;
#4931 = CARTESIAN_POINT ( 'NONE',  ( 5.299999999999971400, -27.48064091039079700, 4.500000000000059500 ) ) ;
#4932 = FILL_AREA_STYLE_COLOUR ( '', #3818 ) ;
#4933 = ORIENTED_EDGE ( 'NONE', *, *, #5891, .F. ) ;
#4934 = ORIENTED_EDGE ( 'NONE', *, *, #4874, .F. ) ;
#4935 = CARTESIAN_POINT ( 'NONE',  ( 0.0000000000000000000, 0.9699999999999999700, 0.0000000000000000000 ) ) ;
#4936 = LINE ( 'NONE', #1016, #1556 ) ;
#4937 = ORIENTED_EDGE ( 'NONE', *, *, #2321, .T. ) ;
#4938 = CARTESIAN_POINT ( 'NONE',  ( -5.300000000000082400, 1.300000000000000000, 4.500000000000059500 ) ) ;
#4939 = FILL_AREA_STYLE ('',( #20 ) ) ;
#4940 = EDGE_LOOP ( 'NONE', ( #4618, #5512, #5030, #1281 ) ) ;
#4941 = VERTEX_POINT ( 'NONE', #5513 ) ;
#4942 = CLOSED_SHELL ( 'NONE', ( #1762, #1711, #1468, #1861, #1696, #1631, #1869, #1784, #2830, #1694 ) ) ;
#4943 = PRESENTATION_LAYER_ASSIGNMENT (  '', '', ( #1522 ) ) ;
#4944 = DIRECTION ( 'NONE',  ( 0.0000000000000000000, 0.0000000000000000000, 1.000000000000000000 ) ) ;
#4945 = STYLED_ITEM ( 'NONE', ( #1843 ), #1631 ) ;
#4946 = DIRECTION ( 'NONE',  ( 0.0000000000000000000, 0.0000000000000000000, 1.000000000000000000 ) ) ;
#4947 = EDGE_LOOP ( 'NONE', ( #4732, #4735, #4768, #4774, #303, #2853, #4802, #4833, #4842, #4856, #4865, #4891, #4896, #4901, #4934, #4968, #4992, #4997, #5024, #5046, #5055, #5062, #5063, #5074, #5080, #5086, #5089, #5096, #5129, #5131 ) ) ;
#4948 = ORIENTED_EDGE ( 'NONE', *, *, #5784, .F. ) ;
#4949 = FILL_AREA_STYLE_COLOUR ( '', #737 ) ;
#4950 = EDGE_LOOP ( 'NONE', ( #4436, #4335, #1501, #632 ) ) ;
#4951 = ORIENTED_EDGE ( 'NONE', *, *, #5334, .T. ) ;
#4952 = FILL_AREA_STYLE_COLOUR ( '', #3056 ) ;
#4953 = CARTESIAN_POINT ( 'NONE',  ( -5.200000000000093400, 0.2500000000000071600, 4.800000000000137500 ) ) ;
#4954 = EDGE_CURVE ( 'NONE', #4032, #6035, #1594, .T. ) ;
#4955 = EDGE_LOOP ( 'NONE', ( #3213, #5666, #5669, #5692 ) ) ;
#4956 = EDGE_LOOP ( 'NONE', ( #4869, #5428, #832, #3574 ) ) ;
#4957 = UNCERTAINTY_MEASURE_WITH_UNIT (LENGTH_MEASURE( 1.000000000000000100E-005 ), #1124, 'distance_accuracy_value', 'NONE');
#4958 = PLANE ( 'NONE',  #5117 ) ;
#4959 = ORIENTED_EDGE ( 'NONE', *, *, #4327, .F. ) ;
#4960 = CARTESIAN_POINT ( 'NONE',  ( -4.900000000000001200, 0.9699999999999999700, -1.035000000000000800 ) ) ;
#4961 = VERTEX_POINT ( 'NONE', #4714 ) ;
#4962 = ORIENTED_EDGE ( 'NONE', *, *, #2718, .T. ) ;
#4963 =( LENGTH_UNIT ( ) NAMED_UNIT ( * ) SI_UNIT ( .MILLI., .METRE. ) );
#4964 = VECTOR ( 'NONE', #1946, 1000.000000000000000 ) ;
#4965 = ORIENTED_EDGE ( 'NONE', *, *, #5334, .F. ) ;
#4966 = PLANE ( 'NONE',  #909 ) ;
#4967 = VERTEX_POINT ( 'NONE', #4889 ) ;
#4968 = ORIENTED_EDGE ( 'NONE', *, *, #4801, .F. ) ;
#4969 = DIRECTION ( 'NONE',  ( 0.0000000000000000000, 0.0000000000000000000, 1.000000000000000000 ) ) ;
#4970 = FILL_AREA_STYLE ('',( #4859 ) ) ;
#4971 = EDGE_CURVE ( 'NONE', #118, #6104, #2670, .T. ) ;
#4972 = EDGE_LOOP ( 'NONE', ( #1249, #5328, #4627, #5698 ) ) ;
#4973 = VERTEX_POINT ( 'NONE', #3576 ) ;
#4974 = DIRECTION ( 'NONE',  ( 0.0000000000000000000, 0.0000000000000000000, 1.000000000000000000 ) ) ;
#4975 = SURFACE_SIDE_STYLE ('',( #866 ) ) ;
#4976 = SURFACE_STYLE_FILL_AREA ( #5992 ) ;
#4977 = ORIENTED_EDGE ( 'NONE', *, *, #1964, .T. ) ;
#4978 = CARTESIAN_POINT ( 'NONE',  ( -4.410000000000001000, 0.4699999999999999700, -1.025000000000001700 ) ) ;
#4979 = ORIENTED_EDGE ( 'NONE', *, *, #321, .F. ) ;
#4980 = DIRECTION ( 'NONE',  ( 0.0000000000000000000, 0.0000000000000000000, 1.000000000000000000 ) ) ;
#4981 = EDGE_CURVE ( 'NONE', #636, #1667, #2859, .T. ) ;
#4982 = AXIS2_PLACEMENT_3D ( 'NONE', #1782, #2388, #5142 ) ;
#4983 = PLANE ( 'NONE',  #4439 ) ;
#4984 = MECHANICAL_DESIGN_GEOMETRIC_PRESENTATION_REPRESENTATION (  '', ( #488 ), #5291 ) ;
#4985 = COLOUR_RGB ( '',0.4196078431372549100, 1.000000000000000000, 0.05882352941176470500 ) ;
#4986 = EDGE_LOOP ( 'NONE', ( #1152, #1570, #949, #4853 ) ) ;
#4987 = CARTESIAN_POINT ( 'NONE',  ( 0.4891430364058089700, 0.1149999198142249700, -4.649999997427860500 ) ) ;
#4988 = DIRECTION ( 'NONE',  ( -0.0000000000000000000, -1.000000000000000000, -0.0000000000000000000 ) ) ;
#4989 = DIRECTION ( 'NONE',  ( 0.0000000000000000000, 1.000000000000000000, 0.0000000000000000000 ) ) ;
#4990 = EDGE_LOOP ( 'NONE', ( #258, #5831, #4058, #4594, #3756, #3155 ) ) ;
#4991 = SURFACE_STYLE_USAGE ( .BOTH. , #4975 ) ;
#4992 = ORIENTED_EDGE ( 'NONE', *, *, #5562, .F. ) ;
#4993 = STYLED_ITEM ( 'NONE', ( #670 ), #1887 ) ;
#4994 = EDGE_LOOP ( 'NONE', ( #4771, #5734, #4476, #3563 ) ) ;
#4995 = CARTESIAN_POINT ( 'NONE',  ( -4.890000000000002300, 0.4699999999999999700, 0.5250000000000002400 ) ) ;
#4996 = CARTESIAN_POINT ( 'NONE',  ( -5.445219866587572200, 1.148922269036097800, -3.200166762497265200 ) ) ;
#4997 = ORIENTED_EDGE ( 'NONE', *, *, #5037, .F. ) ;
#4998 = AXIS2_PLACEMENT_3D ( 'NONE', #4854, #5375, #3898 ) ;
#4999 = CARTESIAN_POINT ( 'NONE',  ( -4.410000000000001000, 0.9699999999999999700, 1.524999999999998600 ) ) ;
#5000 = CIRCLE ( 'NONE', #5638, 0.2000000000000890000 ) ;
#5001 = CARTESIAN_POINT ( 'NONE',  ( 3.974999999999959700, 0.2499999999999950000, -4.799999997427861800 ) ) ;
#5002 =( LENGTH_UNIT ( ) NAMED_UNIT ( * ) SI_UNIT ( .MILLI., .METRE. ) );
#5003 = VERTEX_POINT ( 'NONE', #2045 ) ;
#5004 =( NAMED_UNIT ( * ) PLANE_ANGLE_UNIT ( ) SI_UNIT ( $, .RADIAN. ) );
#5005 = CARTESIAN_POINT ( 'NONE',  ( 5.582756304577409300, 1.223517865402068200, 4.500000019825964900 ) ) ;
#5006 = DIRECTION ( 'NONE',  ( 1.000000000000000000, 0.0000000000000000000, 0.0000000000000000000 ) ) ;
#5007 = CIRCLE ( 'NONE', #4148, 0.01000000000000006600 ) ;
#5008 = CARTESIAN_POINT ( 'NONE',  ( 5.600000039447603900, 0.2500000000000106600, -2.999999970545853300 ) ) ;
#5009 = EDGE_LOOP ( 'NONE', ( #4411, #4572, #3012, #4123 ) ) ;
#5010 =( NAMED_UNIT ( * ) SI_UNIT ( $, .STERADIAN. ) SOLID_ANGLE_UNIT ( ) );
#5011 = DIRECTION ( 'NONE',  ( -0.0000000000000000000, -1.000000000000000000, -0.0000000000000000000 ) ) ;
#5012 = CARTESIAN_POINT ( 'NONE',  ( 5.449999999999938900, 1.145235987755983200, 4.500000019127710100 ) ) ;
#5013 = ORIENTED_EDGE ( 'NONE', *, *, #1979, .T. ) ;
#5014 =( LENGTH_UNIT ( ) NAMED_UNIT ( * ) SI_UNIT ( .MILLI., .METRE. ) );
#5015 = DIRECTION ( 'NONE',  ( 1.239088197126349800E-015, -1.000000000000000000, 1.479114197289397100E-030 ) ) ;
#5016 = DIRECTION ( 'NONE',  ( 0.0000000000000000000, 1.000000000000000000, 0.0000000000000000000 ) ) ;
#5017 = EDGE_CURVE ( 'NONE', #5040, #5619, #1749, .T. ) ;
#5018 = CARTESIAN_POINT ( 'NONE',  ( -5.449999999999943300, -0.05000000000003786100, -4.249999999999976000 ) ) ;
#5019 = ORIENTED_EDGE ( 'NONE', *, *, #2815, .F. ) ;
#5020 = CARTESIAN_POINT ( 'NONE',  ( 5.450000040499558600, 1.149999999999999900, -3.399999999999870700 ) ) ;
#5021 = ORIENTED_EDGE ( 'NONE', *, *, #3363, .T. ) ;
#5022 = UNCERTAINTY_MEASURE_WITH_UNIT (LENGTH_MEASURE( 1.000000000000000100E-005 ), #314, 'distance_accuracy_value', 'NONE');
#5023 = VERTEX_POINT ( 'NONE', #1242 ) ;
#5024 = ORIENTED_EDGE ( 'NONE', *, *, #5072, .F. ) ;
#5025 = EDGE_CURVE ( 'NONE', #1706, #5406, #3507, .T. ) ;
#5026 = AXIS2_PLACEMENT_3D ( 'NONE', #2861, #2868, #2962 ) ;
#5027 = CARTESIAN_POINT ( 'NONE',  ( -1.575000000000103700, 0.2500000000000071600, 4.800000000000137500 ) ) ;
#5028 = FACE_OUTER_BOUND ( 'NONE', #4972, .T. ) ;
#5029 = DIRECTION ( 'NONE',  ( 0.0000000000000000000, 1.000000000000000000, -0.0000000000000000000 ) ) ;
#5030 = ORIENTED_EDGE ( 'NONE', *, *, #1532, .F. ) ;
#5031 = EDGE_LOOP ( 'NONE', ( #4103, #4137, #4142, #4180 ) ) ;
#5032 = CYLINDRICAL_SURFACE ( 'NONE', #4341, 0.2000000000000890000 ) ;
#5033 = ORIENTED_EDGE ( 'NONE', *, *, #3743, .F. ) ;
#5034 = EDGE_LOOP ( 'NONE', ( #558, #5147, #3622, #4280 ) ) ;
#5035 = EDGE_CURVE ( 'NONE', #1036, #2995, #3769, .T. ) ;
#5036 = DIRECTION ( 'NONE',  ( 5.785657511507866400E-008, -3.441091326123019800E-022, -0.9999999999999983300 ) ) ;
#5037 = EDGE_CURVE ( 'NONE', #1036, #636, #2152, .T. ) ;
#5038 = VERTEX_POINT ( 'NONE', #3146 ) ;
#5039 =( NAMED_UNIT ( * ) SI_UNIT ( $, .STERADIAN. ) SOLID_ANGLE_UNIT ( ) );
#5040 = VERTEX_POINT ( 'NONE', #5201 ) ;
#5041 = DIRECTION ( 'NONE',  ( 5.259688788402080500E-009, -6.700162961679524200E-023, -1.000000000000000000 ) ) ;
#5042 = CARTESIAN_POINT ( 'NONE',  ( 0.3750000000002917700, -27.48064091039079700, 4.640000000000138200 ) ) ;
#5043 = DIRECTION ( 'NONE',  ( 0.0000000000000000000, 0.0000000000000000000, -1.000000000000000000 ) ) ;
#5044 = FILL_AREA_STYLE_COLOUR ( '', #2784 ) ;
#5045 = EDGE_LOOP ( 'NONE', ( #3644, #665, #1355, #4650 ) ) ;
#5046 = ORIENTED_EDGE ( 'NONE', *, *, #3914, .F. ) ;
#5047 = CARTESIAN_POINT ( 'NONE',  ( -5.449999979750289800, 2.006428974359998100, -4.599999997427734600 ) ) ;
#5048 = CARTESIAN_POINT ( 'NONE',  ( -4.275000000000002100, 0.9699999999999999700, 0.0000000000000000000 ) ) ;
#5049 = EDGE_CURVE ( 'NONE', #3666, #2995, #1580, .T. ) ;
#5050 =( REPRESENTATION_RELATIONSHIP ('NONE','NONE', #5750, #3312 ) REPRESENTATION_RELATIONSHIP_WITH_TRANSFORMATION ( #5911 )SHAPE_REPRESENTATION_RELATIONSHIP( ) );
#5051 = EDGE_CURVE ( 'NONE', #3176, #2327, #4936, .T. ) ;
#5052 = DIRECTION ( 'NONE',  ( -0.0000000000000000000, -1.000000000000000000, -0.0000000000000000000 ) ) ;
#5053 = ORIENTED_EDGE ( 'NONE', *, *, #5645, .T. ) ;
#5054 = DIRECTION ( 'NONE',  ( -1.000000000000000000, 0.0000000000000000000, 0.0000000000000000000 ) ) ;
#5055 = ORIENTED_EDGE ( 'NONE', *, *, #5164, .F. ) ;
#5056 = EDGE_CURVE ( 'NONE', #1663, #3666, #1799, .T. ) ;
#5057 = FILL_AREA_STYLE ('',( #5216 ) ) ;
#5058 = FACE_OUTER_BOUND ( 'NONE', #1633, .T. ) ;
#5059 = VERTEX_POINT ( 'NONE', #1450 ) ;
#5060 = UNCERTAINTY_MEASURE_WITH_UNIT (LENGTH_MEASURE( 1.000000000000000100E-005 ), #4963, 'distance_accuracy_value', 'NONE');
#5061 = DIRECTION ( 'NONE',  ( 0.0000000000000000000, 1.000000000000000000, 0.0000000000000000000 ) ) ;
#5062 = ORIENTED_EDGE ( 'NONE', *, *, #5223, .F. ) ;
#5063 = ORIENTED_EDGE ( 'NONE', *, *, #5355, .F. ) ;
#5064 = MECHANICAL_DESIGN_GEOMETRIC_PRESENTATION_REPRESENTATION (  '', ( #2675 ), #4243 ) ;
#5065 = DIRECTION ( 'NONE',  ( 0.0000000000000000000, 0.0000000000000000000, 1.000000000000000000 ) ) ;
#5066 = AXIS2_PLACEMENT_3D ( 'NONE', #5858, #5876, #5943 ) ;
#5067 = EDGE_LOOP ( 'NONE', ( #4541, #4546, #4548, #4553 ) ) ;
#5068 = VECTOR ( 'NONE', #6110, 1000.000000000000000 ) ;
#5069 = ORIENTED_EDGE ( 'NONE', *, *, #3343, .F. ) ;
#5070 = CARTESIAN_POINT ( 'NONE',  ( -0.9750000000000181900, -0.04999999999995112500, 4.260000000000085100 ) ) ;
#5071 = ORIENTED_EDGE ( 'NONE', *, *, #1272, .F. ) ;
#5072 = EDGE_CURVE ( 'NONE', #1663, #1036, #2357, .T. ) ;
#5073 = CARTESIAN_POINT ( 'NONE',  ( -4.900000000000001200, 0.4699999999999999700, 0.5250000000000002400 ) ) ;
#5074 = ORIENTED_EDGE ( 'NONE', *, *, #5589, .F. ) ;
#5075 = DIRECTION ( 'NONE',  ( 0.0000000000000000000, 0.0000000000000000000, 1.000000000000000000 ) ) ;
#5076 = VECTOR ( 'NONE', #3723, 1000.000000000000000 ) ;
#5077 = CARTESIAN_POINT ( 'NONE',  ( 0.4891430364058089700, 0.1149999198142249700, -4.799999997427861800 ) ) ;
#5078 = FACE_OUTER_BOUND ( 'NONE', #4920, .T. ) ;
#5079 = CARTESIAN_POINT ( 'NONE',  ( -5.275000000000002100, 0.9699999999999999700, -0.5000000000000004400 ) ) ;
#5080 = ORIENTED_EDGE ( 'NONE', *, *, #5411, .F. ) ;
#5081 =( NAMED_UNIT ( * ) PLANE_ANGLE_UNIT ( ) SI_UNIT ( $, .RADIAN. ) );
#5082 = VERTEX_POINT ( 'NONE', #1000 ) ;
#5083 = LINE ( 'NONE', #4894, #4719 ) ;
#5084 = CARTESIAN_POINT ( 'NONE',  ( -4.285000000000001900, 0.4699999999999999700, -8.673617379884035500E-016 ) ) ;
#5085 = CARTESIAN_POINT ( 'NONE',  ( -5.449999999999974400, -0.04999999999999969700, -4.099999999999937500 ) ) ;
#5086 = ORIENTED_EDGE ( 'NONE', *, *, #5439, .F. ) ;
#5087 = PRODUCT ( '4_BLEí¥ëÂå^BLE_MODULE_ÉVÅ[ÉãÉhCase', '4_BLEí¥ëÂå^BLE_MODULE_ÉVÅ[ÉãÉhCase', '', ( #307 ) ) ;
#5088 = EDGE_CURVE ( 'NONE', #2235, #5625, #856, .T. ) ;
#5089 = ORIENTED_EDGE ( 'NONE', *, *, #1740, .F. ) ;
#5090 =( LENGTH_UNIT ( ) NAMED_UNIT ( * ) SI_UNIT ( .MILLI., .METRE. ) );
#5091 = DIRECTION ( 'NONE',  ( 0.0000000000000000000, 1.000000000000000000, -0.0000000000000000000 ) ) ;
#5092 = ORIENTED_EDGE ( 'NONE', *, *, #4227, .F. ) ;
#5093 = FILL_AREA_STYLE ('',( #4949 ) ) ;
#5094 = DIRECTION ( 'NONE',  ( 7.067391939164968100E-015, -1.000000000000000000, 0.0000000000000000000 ) ) ;
#5095 = CARTESIAN_POINT ( 'NONE',  ( 5.299999999999971400, -27.48064091039079700, 4.640000000000138200 ) ) ;
#5096 = ORIENTED_EDGE ( 'NONE', *, *, #5597, .F. ) ;
#5097 = CIRCLE ( 'NONE', #1788, 0.1999999999999779700 ) ;
#5098 = SURFACE_SIDE_STYLE ('',( #745 ) ) ;
#5099 = FACE_OUTER_BOUND ( 'NONE', #3966, .T. ) ;
#5100 = SURFACE_STYLE_USAGE ( .BOTH. , #5098 ) ;
#5101 = CARTESIAN_POINT ( 'NONE',  ( -4.900000000000001200, 0.9699999999999999700, 1.524999999999998600 ) ) ;
#5102 = EDGE_CURVE ( 'NONE', #4448, #5625, #5378, .T. ) ;
#5103 = ORIENTED_EDGE ( 'NONE', *, *, #3793, .F. ) ;
#5104 = ORIENTED_EDGE ( 'NONE', *, *, #5300, .T. ) ;
#5105 = LINE ( 'NONE', #5252, #6068 ) ;
#5106 =( LENGTH_UNIT ( ) NAMED_UNIT ( * ) SI_UNIT ( .MILLI., .METRE. ) );
#5107 = VECTOR ( 'NONE', #5390, 1000.000000000000000 ) ;
#5108 = VERTEX_POINT ( 'NONE', #3331 ) ;
#5109 = CARTESIAN_POINT ( 'NONE',  ( -4.400000000000001200, 0.4699999999999999700, 0.5250000000000002400 ) ) ;
#5110 = EDGE_CURVE ( 'NONE', #1411, #4448, #4060, .T. ) ;
#5111 =( NAMED_UNIT ( * ) PLANE_ANGLE_UNIT ( ) SI_UNIT ( $, .RADIAN. ) );
#5112 = DIRECTION ( 'NONE',  ( 0.0000000000000000000, 0.0000000000000000000, 1.000000000000000000 ) ) ;
#5113 = VECTOR ( 'NONE', #1492, 1000.000000000000000 ) ;
#5114 = ORIENTED_EDGE ( 'NONE', *, *, #2321, .F. ) ;
#5115 = DIRECTION ( 'NONE',  ( -1.000000000000000000, 1.173873028861176500E-016, -1.826024711553772000E-015 ) ) ;
#5116 = STYLED_ITEM ( 'NONE', ( #310 ), #4849 ) ;
#5117 = AXIS2_PLACEMENT_3D ( 'NONE', #2240, #166, #152 ) ;
#5118 = LINE ( 'NONE', #763, #3276 ) ;
#5119 = VERTEX_POINT ( 'NONE', #1188 ) ;
#5120 = CARTESIAN_POINT ( 'NONE',  ( -0.7749999999998792300, 2.135497654998050900, 4.799999999999973200 ) ) ;
#5121 = SURFACE_STYLE_FILL_AREA ( #4673 ) ;
#5122 =( NAMED_UNIT ( * ) SI_UNIT ( $, .STERADIAN. ) SOLID_ANGLE_UNIT ( ) );
#5123 = EDGE_LOOP ( 'NONE', ( #4979, #1357, #1942, #1649 ) ) ;
#5124 = VECTOR ( 'NONE', #1319, 1000.000000000000000 ) ;
#5125 = VECTOR ( 'NONE', #5696, 1000.000000000000000 ) ;
#5126 = ORIENTED_EDGE ( 'NONE', *, *, #4158, .T. ) ;
#5127 = ORIENTED_EDGE ( 'NONE', *, *, #2112, .T. ) ;
#5128 = PLANE ( 'NONE',  #1143 ) ;
#5129 = ORIENTED_EDGE ( 'NONE', *, *, #5518, .F. ) ;
#5130 = ORIENTED_EDGE ( 'NONE', *, *, #5694, .F. ) ;
#5131 = ORIENTED_EDGE ( 'NONE', *, *, #4464, .F. ) ;
#5132 = LINE ( 'NONE', #4586, #2369 ) ;
#5133 = STYLED_ITEM ( 'NONE', ( #1382 ), #1711 ) ;
#5134 = CARTESIAN_POINT ( 'NONE',  ( 5.399999999999904400, 0.4499999999999851300, 4.800000000000137500 ) ) ;
#5135 = FACE_OUTER_BOUND ( 'NONE', #4791, .T. ) ;
#5136 = ORIENTED_EDGE ( 'NONE', *, *, #1316, .T. ) ;
#5137 = EDGE_CURVE ( 'NONE', #3777, #5827, #1634, .T. ) ;
#5138 = DIRECTION ( 'NONE',  ( 0.0000000000000000000, 0.0000000000000000000, -1.000000000000000000 ) ) ;
#5139 = LINE ( 'NONE', #1222, #1244 ) ;
#5140 = CARTESIAN_POINT ( 'NONE',  ( -4.574999979750193900, -27.48064091039079700, -3.949999997427844400 ) ) ;
#5141 = EDGE_LOOP ( 'NONE', ( #2452, #2817, #4443, #5309 ) ) ;
#5142 = DIRECTION ( 'NONE',  ( 0.0000000000000000000, 0.0000000000000000000, 1.000000000000000000 ) ) ;
#5143 = CARTESIAN_POINT ( 'NONE',  ( -4.400000000000001200, 0.9699999999999999700, -1.025000000000001700 ) ) ;
#5144 = UNCERTAINTY_MEASURE_WITH_UNIT (LENGTH_MEASURE( 1.000000000000000100E-005 ), #4765, 'distance_accuracy_value', 'NONE');
#5145 = DIRECTION ( 'NONE',  ( 0.0000000000000000000, 0.0000000000000000000, 1.000000000000000000 ) ) ;
#5146 = LINE ( 'NONE', #3862, #2205 ) ;
#5147 = ORIENTED_EDGE ( 'NONE', *, *, #2286, .F. ) ;
#5148 = CARTESIAN_POINT ( 'NONE',  ( -4.174999989875130900, 1.299999999999999200, -4.639999997427862500 ) ) ;
#5149 = AXIS2_PLACEMENT_3D ( 'NONE', #5789, #5752, #5712 ) ;
#5150 = DIRECTION ( 'NONE',  ( 1.000000000000000000, -1.667666423790708000E-032, 5.259688788402080500E-009 ) ) ;
#5151 = CARTESIAN_POINT ( 'NONE',  ( 4.575000010799890000, -27.48064091039079700, -4.089999999999976800 ) ) ;
#5152 = CARTESIAN_POINT ( 'NONE',  ( 15.78890806328320200, 1.139999999999999900, 4.640000000000138200 ) ) ;
#5153 = UNCERTAINTY_MEASURE_WITH_UNIT (LENGTH_MEASURE( 1.000000000000000100E-005 ), #1339, 'distance_accuracy_value', 'NONE');
#5154 = VERTEX_POINT ( 'NONE', #54 ) ;
#5155 = ORIENTED_EDGE ( 'NONE', *, *, #5671, .T. ) ;
#5156 = AXIS2_PLACEMENT_3D ( 'NONE', #776, #4370, #1662 ) ;
#5157 = EDGE_CURVE ( 'NONE', #4666, #4718, #4396, .T. ) ;
#5158 = AXIS2_PLACEMENT_3D ( 'NONE', #3681, #408, #2919 ) ;
#5159 = DIRECTION ( 'NONE',  ( -1.000000000000000000, 0.0000000000000000000, 0.0000000000000000000 ) ) ;
#5160 = ORIENTED_EDGE ( 'NONE', *, *, #2017, .T. ) ;
#5161 = VECTOR ( 'NONE', #3199, 1000.000000000000000 ) ;
#5162 = DIRECTION ( 'NONE',  ( -0.0000000000000000000, -1.000000000000000000, -0.0000000000000000000 ) ) ;
#5163 = VERTEX_POINT ( 'NONE', #3250 ) ;
#5164 = EDGE_CURVE ( 'NONE', #1411, #2235, #1050, .T. ) ;
#5165 = FACE_OUTER_BOUND ( 'NONE', #3837, .T. ) ;
#5166 = DIRECTION ( 'NONE',  ( 0.0000000000000000000, 0.0000000000000000000, 1.000000000000000000 ) ) ;
#5167 = ORIENTED_EDGE ( 'NONE', *, *, #4435, .T. ) ;
#5168 = CARTESIAN_POINT ( 'NONE',  ( -5.449999999999937100, 0.4499999999999877400, -2.999999970545853300 ) ) ;
#5169 = DIRECTION ( 'NONE',  ( -0.0000000000000000000, -1.000000000000000000, -0.0000000000000000000 ) ) ;
#5170 = VERTEX_POINT ( 'NONE', #4792 ) ;
#5171 = AXIS2_PLACEMENT_3D ( 'NONE', #1841, #1454, #1396 ) ;
#5172 = CARTESIAN_POINT ( 'NONE',  ( 0.3750000000002917700, 1.149999999999999900, 4.800000000000026500 ) ) ;
#5173 = ORIENTED_EDGE ( 'NONE', *, *, #5681, .T. ) ;
#5174 = FILL_AREA_STYLE_COLOUR ( '', #681 ) ;
#5175 = DIRECTION ( 'NONE',  ( 1.000000000000000000, -1.667666423790703400E-032, 5.259688788402081300E-009 ) ) ;
#5176 = CIRCLE ( 'NONE', #3721, 0.009999999999999158900 ) ;
#5177 = ORIENTED_EDGE ( 'NONE', *, *, #3219, .F. ) ;
#5178 = ORIENTED_EDGE ( 'NONE', *, *, #5448, .T. ) ;
#5179 = DIRECTION ( 'NONE',  ( -1.000000000000000000, 7.304098846218940700E-015, -1.826024711553772400E-015 ) ) ;
#5180 = VECTOR ( 'NONE', #693, 1000.000000000000000 ) ;
#5181 = VERTEX_POINT ( 'NONE', #371 ) ;
#5182 = VECTOR ( 'NONE', #3519, 1000.000000000000000 ) ;
#5183 = ORIENTED_EDGE ( 'NONE', *, *, #4192, .T. ) ;
#5184 = ORIENTED_EDGE ( 'NONE', *, *, #3833, .F. ) ;
#5185 = DIRECTION ( 'NONE',  ( 0.0000000000000000000, 0.0000000000000000000, 1.000000000000000000 ) ) ;
#5186 = PRODUCT_DEFINITION_FORMATION_WITH_SPECIFIED_SOURCE ( 'ANY', '', #5087, .NOT_KNOWN. ) ;
#5187 = CARTESIAN_POINT ( 'NONE',  ( 5.449999979750264100, 1.149999999999991300, -3.599999999999890400 ) ) ;
#5188 = AXIS2_PLACEMENT_3D ( 'NONE', #1576, #2589, #1458 ) ;
#5189 = VERTEX_POINT ( 'NONE', #721 ) ;
#5190 = ORIENTED_EDGE ( 'NONE', *, *, #3636, .F. ) ;
#5191 = PLANE ( 'NONE',  #4067 ) ;
#5192 = DIRECTION ( 'NONE',  ( -5.785657511507866400E-008, 3.441091326123019800E-022, 0.9999999999999983300 ) ) ;
#5193 = LINE ( 'NONE', #1066, #82 ) ;
#5194 = ORIENTED_EDGE ( 'NONE', *, *, #4011, .T. ) ;
#5195 = ORIENTED_EDGE ( 'NONE', *, *, #4227, .T. ) ;
#5196 = CARTESIAN_POINT ( 'NONE',  ( 5.523517865402007000, 1.282756304577471900, 4.500000009976863800 ) ) ;
#5197 = ORIENTED_EDGE ( 'NONE', *, *, #142, .T. ) ;
#5198 = FACE_OUTER_BOUND ( 'NONE', #3336, .T. ) ;
#5199 = CARTESIAN_POINT ( 'NONE',  ( -4.400000000000001200, 0.9699999999999999700, -2.025000000000001700 ) ) ;
#5200 = EDGE_LOOP ( 'NONE', ( #365, #2237, #2135, #789 ) ) ;
#5201 = CARTESIAN_POINT ( 'NONE',  ( -4.400000000000001200, 0.4699999999999999700, -1.035000000000000800 ) ) ;
#5202 = ORIENTED_EDGE ( 'NONE', *, *, #3408, .F. ) ;
#5203 = ORIENTED_EDGE ( 'NONE', *, *, #1607, .T. ) ;
#5204 = EDGE_CURVE ( 'NONE', #3614, #4448, #3995, .T. ) ;
#5205 = EDGE_LOOP ( 'NONE', ( #3959, #4153, #2986, #4747 ) ) ;
#5206 = DIRECTION ( 'NONE',  ( 1.000000000000000000, 1.242348955541136200E-015, -1.982541115402157200E-015 ) ) ;
#5207 = ORIENTED_EDGE ( 'NONE', *, *, #4002, .T. ) ;
#5208 = VECTOR ( 'NONE', #3380, 1000.000000000000000 ) ;
#5209 = LINE ( 'NONE', #3286, #27 ) ;
#5210 = CARTESIAN_POINT ( 'NONE',  ( 11.16730168719638700, 0.1099999999999695100, -4.260000000000003300 ) ) ;
#5211 = ORIENTED_EDGE ( 'NONE', *, *, #1979, .F. ) ;
#5212 = ORIENTED_EDGE ( 'NONE', *, *, #5422, .T. ) ;
#5213 = CARTESIAN_POINT ( 'NONE',  ( 4.375000020249819600, -27.48064091039079700, -3.949999997427844400 ) ) ;
#5214 = VECTOR ( 'NONE', #1086, 1000.000000000000000 ) ;
#5215 = B_SPLINE_CURVE_WITH_KNOTS ( 'NONE', 1,
 ( #6047, #2914 ),
 .UNSPECIFIED., .F., .F.,
 ( 2, 2 ),
 ( 0.0000000000000000000, 1.000000000000000000 ),
 .UNSPECIFIED. ) ;
#5216 = FILL_AREA_STYLE_COLOUR ( '', #4493 ) ;
#5217 = ORIENTED_EDGE ( 'NONE', *, *, #3663, .F. ) ;
#5218 = EDGE_LOOP ( 'NONE', ( #5432, #6032, #3944, #3435 ) ) ;
#5219 = ORIENTED_EDGE ( 'NONE', *, *, #2475, .T. ) ;
#5220 = CARTESIAN_POINT ( 'NONE',  ( -0.6782858486156123600, 0.05000005202392479600, -4.799999997427861800 ) ) ;
#5221 = EDGE_CURVE ( 'NONE', #5723, #3614, #2389, .T. ) ;
#5222 = CARTESIAN_POINT ( 'NONE',  ( -1.375000000000126100, 1.149999999999998100, 4.640000000000138200 ) ) ;
#5223 = EDGE_CURVE ( 'NONE', #5723, #1411, #2177, .T. ) ;
#5224 = VERTEX_POINT ( 'NONE', #3403 ) ;
#5225 = EDGE_LOOP ( 'NONE', ( #127, #3458, #4614, #2691, #4831, #5601, #2812, #4921, #1581, #3931, #4877 ) ) ;
#5226 = VECTOR ( 'NONE', #1064, 1000.000000000000000 ) ;
#5227 = ORIENTED_EDGE ( 'NONE', *, *, #4615, .T. ) ;
#5228 = ORIENTED_EDGE ( 'NONE', *, *, #5766, .F. ) ;
#5229 = CARTESIAN_POINT ( 'NONE',  ( 5.481887902047771100, 1.299999999999889700, 4.500000004989138900 ) ) ;
#5230 = DIRECTION ( 'NONE',  ( 0.0000000000000000000, 0.0000000000000000000, 1.000000000000000000 ) ) ;
#5231 = CARTESIAN_POINT ( 'NONE',  ( -0.9749999999999481300, 0.1100000000000007200, 4.260000000000085100 ) ) ;
#5232 = ORIENTED_EDGE ( 'NONE', *, *, #2084, .T. ) ;
#5233 = EDGE_LOOP ( 'NONE', ( #2311, #4580, #4948, #4113 ) ) ;
#5234 = DIRECTION ( 'NONE',  ( -1.000000000000000000, 0.0000000000000000000, 0.0000000000000000000 ) ) ;
#5235 = VECTOR ( 'NONE', #3107, 1000.000000000000000 ) ;
#5236 = EDGE_CURVE ( 'NONE', #3059, #4552, #1248, .T. ) ;
#5237 = DIRECTION ( 'NONE',  ( 1.000000000000000000, 0.0000000000000000000, 0.0000000000000000000 ) ) ;
#5238 = ORIENTED_EDGE ( 'NONE', *, *, #516, .T. ) ;
#5239 = AXIS2_PLACEMENT_3D ( 'NONE', #2398, #2377, #2298 ) ;
#5240 = DIRECTION ( 'NONE',  ( 1.000000000000000000, 0.0000000000000000000, 0.0000000000000000000 ) ) ;
#5241 = CARTESIAN_POINT ( 'NONE',  ( -0.6782860000001853500, 0.2500002381462677100, -4.649999997427860500 ) ) ;
#5242 = SURFACE_SIDE_STYLE ('',( #5121 ) ) ;
#5243 = ORIENTED_EDGE ( 'NONE', *, *, #1878, .F. ) ;
#5244 = EDGE_LOOP ( 'NONE', ( #5579, #367, #3709, #4129 ) ) ;
#5245 = EDGE_LOOP ( 'NONE', ( #3915, #1987, #1269, #4322 ) ) ;
#5246 = VECTOR ( 'NONE', #538, 1000.000000000000000 ) ;
#5247 = CARTESIAN_POINT ( 'NONE',  ( 5.439999999999940000, 1.299999999999889000, 4.500000000000059500 ) ) ;
#5248 = EDGE_CURVE ( 'NONE', #4369, #3147, #1541, .T. ) ;
#5249 = ORIENTED_EDGE ( 'NONE', *, *, #3570, .T. ) ;
#5250 = MECHANICAL_DESIGN_GEOMETRIC_PRESENTATION_REPRESENTATION (  '', ( #2865 ), #4626 ) ;
#5251 = AXIS2_PLACEMENT_3D ( 'NONE', #3521, #3645, #3651 ) ;
#5252 = CARTESIAN_POINT ( 'NONE',  ( -4.900000000000001200, 0.9699999999999999700, 0.5349999999999995900 ) ) ;
#5253 = CARTESIAN_POINT ( 'NONE',  ( -5.449999979750264100, 1.300000000000000000, -3.599999999999861500 ) ) ;
#5254 = FILL_AREA_STYLE ('',( #5174 ) ) ;
#5255 = SURFACE_STYLE_USAGE ( .BOTH. , #5242 ) ;
#5256 = CARTESIAN_POINT ( 'NONE',  ( -5.599999999999938400, 0.7500000000001177900, 4.500000029454193800 ) ) ;
#5257 = LINE ( 'NONE', #5316, #2419 ) ;
#5258 = VERTEX_POINT ( 'NONE', #1233 ) ;
#5259 = PLANE ( 'NONE',  #2245 ) ;
#5260 = DIRECTION ( 'NONE',  ( 0.0000000000000000000, 1.000000000000000000, 0.0000000000000000000 ) ) ;
#5261 = CARTESIAN_POINT ( 'NONE',  ( -7.700000000000001100, 0.0000000000000000000, -5.000000000000000000 ) ) ;
#5262 = CYLINDRICAL_SURFACE ( 'NONE', #4652, 0.1999999999999779700 ) ;
#5263 = ORIENTED_EDGE ( 'NONE', *, *, #2724, .T. ) ;
#5264 =( NAMED_UNIT ( * ) PLANE_ANGLE_UNIT ( ) SI_UNIT ( $, .RADIAN. ) );
#5265 = DIRECTION ( 'NONE',  ( 0.0000000000000000000, 0.0000000000000000000, -1.000000000000000000 ) ) ;
#5266 = LINE ( 'NONE', #3335, #1148 ) ;
#5267 = SURFACE_SIDE_STYLE ('',( #4817 ) ) ;
#5268 = ORIENTED_EDGE ( 'NONE', *, *, #5382, .T. ) ;
#5269 = ORIENTED_EDGE ( 'NONE', *, *, #2017, .F. ) ;
#5270 = VERTEX_POINT ( 'NONE', #4530 ) ;
#5271 = DIRECTION ( 'NONE',  ( 5.421010862427493000E-015, 1.000000000000000000, 0.0000000000000000000 ) ) ;
#5272 = ORIENTED_EDGE ( 'NONE', *, *, #3891, .T. ) ;
#5273 = EDGE_LOOP ( 'NONE', ( #1657, #5616, #638, #4710 ) ) ;
#5274 = EDGE_CURVE ( 'NONE', #5406, #3614, #5132, .T. ) ;
#5275 = DIRECTION ( 'NONE',  ( -0.0000000000000000000, -1.000000000000000000, -0.0000000000000000000 ) ) ;
#5276 = CARTESIAN_POINT ( 'NONE',  ( 5.450000002629781900, -0.01999987652449852800, 4.000000028665428300 ) ) ;
#5277 = CARTESIAN_POINT ( 'NONE',  ( -4.574999999999995700, 1.139999999999999500, -4.249999999999976000 ) ) ;
#5278 = DIRECTION ( 'NONE',  ( -0.0000000000000000000, -1.000000000000000000, -0.0000000000000000000 ) ) ;
#5279 = CARTESIAN_POINT ( 'NONE',  ( 4.575000010124899300, 1.299999999999999200, -4.089999999999976800 ) ) ;
#5280 = STYLED_ITEM ( 'NONE', ( #1915 ), #2688 ) ;
#5281 = DIRECTION ( 'NONE',  ( -1.173873028861176500E-016, -1.000000000000000000, -2.958228394578794300E-029 ) ) ;
#5282 = ORIENTED_EDGE ( 'NONE', *, *, #5682, .T. ) ;
#5283 = SURFACE_STYLE_USAGE ( .BOTH. , #5267 ) ;
#5284 = DIRECTION ( 'NONE',  ( -1.000000000000000000, -9.081787609526636600E-014, 0.0000000000000000000 ) ) ;
#5285 = EDGE_LOOP ( 'NONE', ( #5883, #954, #3039, #3233, #3285, #5379, #1471, #5964, #5374, #4864, #5263, #4534 ) ) ;
#5286 = FACE_OUTER_BOUND ( 'NONE', #4178, .T. ) ;
#5287 = CARTESIAN_POINT ( 'NONE',  ( -0.9749999999999791100, -0.04999999999995199300, 4.100000000000089400 ) ) ;
#5288 = ORIENTED_EDGE ( 'NONE', *, *, #2624, .T. ) ;
#5289 = ORIENTED_EDGE ( 'NONE', *, *, #1378, .F. ) ;
#5290 = AXIS2_PLACEMENT_3D ( 'NONE', #1082, #105, #4400 ) ;
#5291 =( GEOMETRIC_REPRESENTATION_CONTEXT ( 3 ) GLOBAL_UNCERTAINTY_ASSIGNED_CONTEXT ( ( #5060 ) ) GLOBAL_UNIT_ASSIGNED_CONTEXT ( ( #4963, #4245, #4247 ) ) REPRESENTATION_CONTEXT ( 'NONE', 'WORKASPACE' ) );
#5292 =( LENGTH_UNIT ( ) NAMED_UNIT ( * ) SI_UNIT ( .MILLI., .METRE. ) );
#5293 =( NAMED_UNIT ( * ) PLANE_ANGLE_UNIT ( ) SI_UNIT ( $, .RADIAN. ) );
#5294 = LINE ( 'NONE', #128, #1644 ) ;
#5295 = B_SPLINE_SURFACE_WITH_KNOTS ( 'NONE', 1, 3, ( 
 ( #4104, #3957, #4126, #4127, #4146, #4149 ),
 ( #4156, #4164, #2088, #205, #4170, #4176 ) ),
 .UNSPECIFIED., .F., .F., .F.,
 ( 2, 2 ),
 ( 4, 2, 4 ),
 ( 0.0000000000000000000, 1.000000000000000000 ),
 ( 0.0000000000000000000, 0.5000000000000000000, 1.000000000000000000 ),
 .UNSPECIFIED. ) ;
#5296 = ORIENTED_EDGE ( 'NONE', *, *, #5274, .T. ) ;
#5297 = VECTOR ( 'NONE', #1998, 1000.000000000000000 ) ;
#5298 = CARTESIAN_POINT ( 'NONE',  ( -5.449999999999951300, 1.139999999999999900, -4.249999999999865000 ) ) ;
#5299 = DIRECTION ( 'NONE',  ( 0.0000000000000000000, 0.0000000000000000000, 1.000000000000000000 ) ) ;
#5300 = EDGE_CURVE ( 'NONE', #5224, #4270, #2751, .T. ) ;
#5301 = AXIS2_PLACEMENT_3D ( 'NONE', #5220, #5230, #5234 ) ;
#5302 = LINE ( 'NONE', #1597, #1936 ) ;
#5303 = VECTOR ( 'NONE', #146, 1000.000000000000000 ) ;
#5304 = CARTESIAN_POINT ( 'NONE',  ( -0.9749999999999777700, 1.299999999999889000, 4.090000000000087800 ) ) ;
#5305 =( NAMED_UNIT ( * ) SI_UNIT ( $, .STERADIAN. ) SOLID_ANGLE_UNIT ( ) );
#5306 = ORIENTED_EDGE ( 'NONE', *, *, #3356, .T. ) ;
#5307 = DIRECTION ( 'NONE',  ( 0.0000000000000000000, 1.000000000000000000, 0.0000000000000000000 ) ) ;
#5308 = VECTOR ( 'NONE', #4692, 1000.000000000000000 ) ;
#5309 = ORIENTED_EDGE ( 'NONE', *, *, #3603, .T. ) ;
#5310 = VECTOR ( 'NONE', #2863, 1000.000000000000000 ) ;
#5311 = EDGE_CURVE ( 'NONE', #4441, #2972, #2892, .T. ) ;
#5312 = DIRECTION ( 'NONE',  ( 0.0000000000000000000, 0.0000000000000000000, -1.000000000000000000 ) ) ;
#5313 = VERTEX_POINT ( 'NONE', #2256 ) ;
#5314 = AXIS2_PLACEMENT_3D ( 'NONE', #4514, #3848, #5895 ) ;
#5315 = VECTOR ( 'NONE', #5845, 1000.000000000000000 ) ;
#5316 = CARTESIAN_POINT ( 'NONE',  ( 4.575000000000007300, -0.04999999999996760500, -4.249999999999976000 ) ) ;
#5317 = ORIENTED_EDGE ( 'NONE', *, *, #2873, .F. ) ;
#5318 = ORIENTED_EDGE ( 'NONE', *, *, #5204, .T. ) ;
#5319 = CIRCLE ( 'NONE', #835, 0.1599999999998885400 ) ;
#5320 = LINE ( 'NONE', #369, #4274 ) ;
#5321 = DIRECTION ( 'NONE',  ( -6.530723674265493100E-014, -0.0000000000000000000, -1.000000000000000000 ) ) ;
#5322 = EDGE_CURVE ( 'NONE', #5947, #2477, #6089, .T. ) ;
#5323 = AXIS2_PLACEMENT_3D ( 'NONE', #1903, #2350, #4317 ) ;
#5324 = DIRECTION ( 'NONE',  ( 1.000000000000000000, -5.478074134664205900E-015, 1.826024711554735200E-015 ) ) ;
#5325 = DIRECTION ( 'NONE',  ( 1.000000000000000000, 0.0000000000000000000, -4.336808689941292000E-015 ) ) ;
#5326 = ORIENTED_EDGE ( 'NONE', *, *, #208, .T. ) ;
#5327 = ORIENTED_EDGE ( 'NONE', *, *, #2162, .T. ) ;
#5328 = ORIENTED_EDGE ( 'NONE', *, *, #3219, .T. ) ;
#5329 =( LENGTH_UNIT ( ) NAMED_UNIT ( * ) SI_UNIT ( .MILLI., .METRE. ) );
#5330 = ORIENTED_EDGE ( 'NONE', *, *, #3823, .F. ) ;
#5331 = CARTESIAN_POINT ( 'NONE',  ( -4.410000000000001000, 0.9699999999999999700, 0.5250000000000002400 ) ) ;
#5332 = EDGE_LOOP ( 'NONE', ( #838, #3273, #699, #4641 ) ) ;
#5333 = VECTOR ( 'NONE', #2818, 1000.000000000000000 ) ;
#5334 = EDGE_CURVE ( 'NONE', #5567, #4300, #1819, .T. ) ;
#5335 = CARTESIAN_POINT ( 'NONE',  ( -5.449999999421413200, 0.1100000000000024600, -4.100000000000047600 ) ) ;
#5336 =( NAMED_UNIT ( * ) PLANE_ANGLE_UNIT ( ) SI_UNIT ( $, .RADIAN. ) );
#5337 = ORIENTED_EDGE ( 'NONE', *, *, #2806, .T. ) ;
#5338 = ORIENTED_EDGE ( 'NONE', *, *, #5102, .T. ) ;
#5339 = DIRECTION ( 'NONE',  ( -1.000000000000000000, 1.982541115402158000E-015, 3.965082230804316000E-015 ) ) ;
#5340 = DIRECTION ( 'NONE',  ( -0.0000000000000000000, -1.000000000000000000, -0.0000000000000000000 ) ) ;
#5341 = FACE_OUTER_BOUND ( 'NONE', #2376, .T. ) ;
#5342 = CLOSED_SHELL ( 'NONE', ( #1922, #1449, #1743, #2057, #2292, #2203 ) ) ;
#5343 = CARTESIAN_POINT ( 'NONE',  ( -1.375000000000070600, 1.300000000000000000, 3.950000000000120100 ) ) ;
#5344 = FILL_AREA_STYLE_COLOUR ( '', #602 ) ;
#5345 = LINE ( 'NONE', #1682, #4617 ) ;
#5346 = EDGE_CURVE ( 'NONE', #2707, #5406, #4861, .T. ) ;
#5347 = ORIENTED_EDGE ( 'NONE', *, *, #3586, .F. ) ;
#5348 = CARTESIAN_POINT ( 'NONE',  ( -5.265000000000002300, 0.9699999999999999700, -8.673617379884035500E-016 ) ) ;
#5349 = DIRECTION ( 'NONE',  ( -0.0000000000000000000, -1.000000000000000000, -0.0000000000000000000 ) ) ;
#5350 = LINE ( 'NONE', #86, #522 ) ;
#5351 = DIRECTION ( 'NONE',  ( 0.0000000000000000000, 0.0000000000000000000, 1.000000000000000000 ) ) ;
#5352 = ORIENTED_EDGE ( 'NONE', *, *, #5704, .T. ) ;
#5353 = ORIENTED_EDGE ( 'NONE', *, *, #5824, .T. ) ;
#5354 = DIRECTION ( 'NONE',  ( 0.0000000000000000000, 0.0000000000000000000, 1.000000000000000000 ) ) ;
#5355 = EDGE_CURVE ( 'NONE', #2707, #5723, #2234, .T. ) ;
#5356 = DIRECTION ( 'NONE',  ( 1.239088197126349800E-015, -1.000000000000000000, 1.479114197289396800E-030 ) ) ;
#5357 = EDGE_LOOP ( 'NONE', ( #3716, #3794, #2067, #87, #133, #2344, #3340, #3880, #3768, #2528, #2313, #841 ) ) ;
#5358 = ORIENTED_EDGE ( 'NONE', *, *, #4209, .T. ) ;
#5359 = ORIENTED_EDGE ( 'NONE', *, *, #3970, .F. ) ;
#5360 = VECTOR ( 'NONE', #5265, 1000.000000000000000 ) ;
#5361 = EDGE_CURVE ( 'NONE', #3602, #4159, #1855, .T. ) ;
#5362 = ORIENTED_EDGE ( 'NONE', *, *, #5157, .T. ) ;
#5363 = EDGE_CURVE ( 'NONE', #2752, #1438, #867, .T. ) ;
#5364 = AXIS2_PLACEMENT_3D ( 'NONE', #4006, #2380, #4878 ) ;
#5365 =( LENGTH_UNIT ( ) NAMED_UNIT ( * ) SI_UNIT ( .MILLI., .METRE. ) );
#5366 = CARTESIAN_POINT ( 'NONE',  ( 5.445235987755921800, 1.150000000000000400, 4.500000009565126500 ) ) ;
#5367 = VERTEX_POINT ( 'NONE', #1921 ) ;
#5368 = CIRCLE ( 'NONE', #2926, 0.2000000000000890000 ) ;
#5369 = ORIENTED_EDGE ( 'NONE', *, *, #4287, .T. ) ;
#5370 = VECTOR ( 'NONE', #432, 1000.000000000000000 ) ;
#5371 = PLANE ( 'NONE',  #209 ) ;
#5372 = ORIENTED_EDGE ( 'NONE', *, *, #5049, .T. ) ;
#5373 = DIRECTION ( 'NONE',  ( 0.0000000000000000000, 0.0000000000000000000, -1.000000000000000000 ) ) ;
#5374 = ORIENTED_EDGE ( 'NONE', *, *, #1878, .T. ) ;
#5375 = DIRECTION ( 'NONE',  ( -0.9999999999999983300, 7.434529182758072800E-016, -5.785657313253755400E-008 ) ) ;
#5376 = AXIS2_PLACEMENT_3D ( 'NONE', #5590, #5464, #5351 ) ;
#5377 = ORIENTED_EDGE ( 'NONE', *, *, #4452, .T. ) ;
#5378 = LINE ( 'NONE', #2145, #4434 ) ;
#5379 = ORIENTED_EDGE ( 'NONE', *, *, #2538, .T. ) ;
#5380 = VECTOR ( 'NONE', #4593, 1000.000000000000000 ) ;
#5381 = ORIENTED_EDGE ( 'NONE', *, *, #5720, .T. ) ;
#5382 = EDGE_CURVE ( 'NONE', #3703, #4159, #3619, .T. ) ;
#5383 = CARTESIAN_POINT ( 'NONE',  ( -0.02500000000007704400, 0.1099999999999955200, 4.260000000000086800 ) ) ;
#5384 = DIRECTION ( 'NONE',  ( 1.000000000000000000, 0.0000000000000000000, 1.166073458584705000E-012 ) ) ;
#5385 = EDGE_CURVE ( 'NONE', #5620, #78, #4302, .T. ) ;
#5386 = DIRECTION ( 'NONE',  ( 0.0000000000000000000, 0.0000000000000000000, -1.000000000000000000 ) ) ;
#5387 = UNCERTAINTY_MEASURE_WITH_UNIT (LENGTH_MEASURE( 1.000000000000000100E-005 ), #4092, 'distance_accuracy_value', 'NONE');
#5388 = ORIENTED_EDGE ( 'NONE', *, *, #3166, .F. ) ;
#5389 = VERTEX_POINT ( 'NONE', #3463 ) ;
#5390 = DIRECTION ( 'NONE',  ( 0.0000000000000000000, 1.000000000000000000, 0.0000000000000000000 ) ) ;
#5391 = FILL_AREA_STYLE ('',( #5344 ) ) ;
#5392 = VECTOR ( 'NONE', #6012, 1000.000000000000000 ) ;
#5393 = VERTEX_POINT ( 'NONE', #5429 ) ;
#5394 = LINE ( 'NONE', #4863, #4143 ) ;
#5395 = CARTESIAN_POINT ( 'NONE',  ( -0.02500000000005275800, 1.149999999999999900, 4.090000000000087800 ) ) ;
#5396 = COLOUR_RGB ( '',0.4117647058823529200, 0.4117647058823529200, 0.4117647058823529200 ) ;
#5397 = CARTESIAN_POINT ( 'NONE',  ( -21.90808208994199200, 1.139999999999999900, -4.089999999999976800 ) ) ;
#5398 =( NAMED_UNIT ( * ) SI_UNIT ( $, .STERADIAN. ) SOLID_ANGLE_UNIT ( ) );
#5399 = ORIENTED_EDGE ( 'NONE', *, *, #2423, .T. ) ;
#5400 = EDGE_CURVE ( 'NONE', #4204, #5224, #1416, .T. ) ;
#5401 = AXIS2_PLACEMENT_3D ( 'NONE', #5287, #4036, #3980 ) ;
#5402 = LINE ( 'NONE', #2005, #420 ) ;
#5403 = CARTESIAN_POINT ( 'NONE',  ( -4.574999979750219700, 2.006428974359998100, -4.599999997427736400 ) ) ;
#5404 = DIRECTION ( 'NONE',  ( -1.000000000000000000, 0.0000000000000000000, 0.0000000000000000000 ) ) ;
#5405 = EDGE_LOOP ( 'NONE', ( #5532, #5542, #5577, #5584 ) ) ;
#5406 = VERTEX_POINT ( 'NONE', #2446 ) ;
#5407 = DIRECTION ( 'NONE',  ( 1.000000000000000000, 0.0000000000000000000, 0.0000000000000000000 ) ) ;
#5408 = CARTESIAN_POINT ( 'NONE',  ( 7.700000000000001100, 0.4699999999999999700, 5.000000000000000000 ) ) ;
#5409 = SURFACE_STYLE_USAGE ( .BOTH. , #5427 ) ;
#5410 = SURFACE_SIDE_STYLE ('',( #578 ) ) ;
#5411 = EDGE_CURVE ( 'NONE', #1186, #3602, #2654, .T. ) ;
#5412 = DIRECTION ( 'NONE',  ( 1.239088197126349800E-015, -1.000000000000000000, 1.479114197289397100E-030 ) ) ;
#5413 = CARTESIAN_POINT ( 'NONE',  ( -10.32156932935602900, -0.01999987652449852800, 3.999999945711882900 ) ) ;
#5414 = ORIENTED_EDGE ( 'NONE', *, *, #4848, .T. ) ;
#5415 = CARTESIAN_POINT ( 'NONE',  ( 5.299999999999971400, 0.7500000000000630600, 4.800000000000137500 ) ) ;
#5416 = DIRECTION ( 'NONE',  ( 0.0000000000000000000, 0.0000000000000000000, -1.000000000000000000 ) ) ;
#5417 = CYLINDRICAL_SURFACE ( 'NONE', #5188, 0.01000000000000005400 ) ;
#5418 = FILL_AREA_STYLE_COLOUR ( '', #1197 ) ;
#5419 = DIRECTION ( 'NONE',  ( 0.0000000000000000000, 0.0000000000000000000, 1.000000000000000000 ) ) ;
#5420 = DIRECTION ( 'NONE',  ( 1.000000000000000000, 1.253608761935806600E-015, 0.0000000000000000000 ) ) ;
#5421 = EDGE_LOOP ( 'NONE', ( #3594, #3634, #3658, #3671 ) ) ;
#5422 = EDGE_CURVE ( 'NONE', #3633, #3703, #5854, .T. ) ;
#5423 = CARTESIAN_POINT ( 'NONE',  ( -5.400000000000071400, 0.7500000000000622800, -3.594446615752577800 ) ) ;
#5424 = ORIENTED_EDGE ( 'NONE', *, *, #5737, .T. ) ;
#5425 = ORIENTED_EDGE ( 'NONE', *, *, #1778, .T. ) ;
#5426 = SURFACE_STYLE_USAGE ( .BOTH. , #5410 ) ;
#5427 = SURFACE_SIDE_STYLE ('',( #5686 ) ) ;
#5428 = ORIENTED_EDGE ( 'NONE', *, *, #1914, .F. ) ;
#5429 = CARTESIAN_POINT ( 'NONE',  ( -5.265000000000002300, 0.9699999999999999700, -8.673617379884035500E-016 ) ) ;
#5430 = ORIENTED_EDGE ( 'NONE', *, *, #3293, .T. ) ;
#5431 =( LENGTH_UNIT ( ) NAMED_UNIT ( * ) SI_UNIT ( .MILLI., .METRE. ) );
#5432 = ORIENTED_EDGE ( 'NONE', *, *, #1333, .T. ) ;
#5433 =( NAMED_UNIT ( * ) PLANE_ANGLE_UNIT ( ) SI_UNIT ( $, .RADIAN. ) );
#5434 = CARTESIAN_POINT ( 'NONE',  ( 5.299999999999971400, 1.300000000000000000, 4.500000000000059500 ) ) ;
#5435 = DIRECTION ( 'NONE',  ( 0.0000000000000000000, -1.000000000000000000, 0.0000000000000000000 ) ) ;
#5436 = CARTESIAN_POINT ( 'NONE',  ( 5.449999999999957500, 1.139999999999999500, -4.099999999999975700 ) ) ;
#5437 = ORIENTED_EDGE ( 'NONE', *, *, #4242, .T. ) ;
#5438 = EDGE_CURVE ( 'NONE', #3355, #3633, #5621, .T. ) ;
#5439 = EDGE_CURVE ( 'NONE', #3355, #1186, #2586, .T. ) ;
#5440 = AXIS2_PLACEMENT_3D ( 'NONE', #130, #4851, #411 ) ;
#5441 = DIRECTION ( 'NONE',  ( -5.259688788402080500E-009, 3.154042751627329500E-015, 1.000000000000000000 ) ) ;
#5442 = DIRECTION ( 'NONE',  ( 4.332992298294839800E-009, -1.000000000000000000, 0.0000000000000000000 ) ) ;
#5443 = VECTOR ( 'NONE', #1820, 1000.000000000000000 ) ;
#5444 = VERTEX_POINT ( 'NONE', #5298 ) ;
#5445 = ORIENTED_EDGE ( 'NONE', *, *, #1798, .T. ) ;
#5446 = CIRCLE ( 'NONE', #1183, 0.1599999999998894000 ) ;
#5447 =( NAMED_UNIT ( * ) SI_UNIT ( $, .STERADIAN. ) SOLID_ANGLE_UNIT ( ) );
#5448 = EDGE_CURVE ( 'NONE', #3167, #3633, #294, .T. ) ;
#5449 = EDGE_LOOP ( 'NONE', ( #5347, #3802, #5714, #4916, #3615, #1485, #3580, #5249 ) ) ;
#5450 = FILL_AREA_STYLE ('',( #3222 ) ) ;
#5451 = DIRECTION ( 'NONE',  ( 0.0000000000000000000, 0.0000000000000000000, 1.000000000000000000 ) ) ;
#5452 = CARTESIAN_POINT ( 'NONE',  ( 4.175000006749973700, 1.223517865402066600, -4.782756302005331900 ) ) ;
#5453 = LINE ( 'NONE', #1268, #3628 ) ;
#5454 = CARTESIAN_POINT ( 'NONE',  ( -4.174999979750238000, 1.149999999999991300, -3.949999997427844400 ) ) ;
#5455 =( NAMED_UNIT ( * ) SI_UNIT ( $, .STERADIAN. ) SOLID_ANGLE_UNIT ( ) );
#5456 = ORIENTED_EDGE ( 'NONE', *, *, #5311, .T. ) ;
#5457 = DIRECTION ( 'NONE',  ( 5.259690252779638000E-009, 0.0000000000000000000, -1.000000000000000000 ) ) ;
#5458 = EDGE_CURVE ( 'NONE', #1714, #3167, #4638, .T. ) ;
#5459 = AXIS2_PLACEMENT_3D ( 'NONE', #2749, #2728, #2358 ) ;
#5460 = DIRECTION ( 'NONE',  ( 1.000000000000000000, 1.239088197126349800E-015, -1.982541115402157200E-015 ) ) ;
#5461 = EDGE_LOOP ( 'NONE', ( #561, #4088, #4727, #2378 ) ) ;
#5462 = ORIENTED_EDGE ( 'NONE', *, *, #4746, .T. ) ;
#5463 = CIRCLE ( 'NONE', #1803, 0.01000000000000005400 ) ;
#5464 = DIRECTION ( 'NONE',  ( 0.0000000000000000000, 1.000000000000000000, -0.0000000000000000000 ) ) ;
#5465 = CIRCLE ( 'NONE', #5631, 0.009999999999999250800 ) ;
#5466 = DIRECTION ( 'NONE',  ( -1.000000000000000000, 0.0000000000000000000, 2.249319972339592000E-013 ) ) ;
#5467 = DIRECTION ( 'NONE',  ( 1.000000000000000000, 0.0000000000000000000, 2.254259948477621800E-014 ) ) ;
#5468 = ORIENTED_EDGE ( 'NONE', *, *, #5773, .T. ) ;
#5469 = CARTESIAN_POINT ( 'NONE',  ( 0.0000000000000000000, 0.9699999999999999700, 0.0000000000000000000 ) ) ;
#5470 = DIRECTION ( 'NONE',  ( 1.000000000000000000, 4.333031528636286300E-009, -5.947623346206474000E-015 ) ) ;
#5471 = DIRECTION ( 'NONE',  ( 0.0000000000000000000, 1.000000000000000000, -0.0000000000000000000 ) ) ;
#5472 = ORIENTED_EDGE ( 'NONE', *, *, #2902, .F. ) ;
#5473 = DIRECTION ( 'NONE',  ( 3.362732470473659500E-014, -1.000000000000000000, 0.0000000000000000000 ) ) ;
#5474 = PRESENTATION_STYLE_ASSIGNMENT (( #5409 ) ) ;
#5475 = DIRECTION ( 'NONE',  ( 1.000000000000000000, -1.667666423790703400E-032, 5.259688788402081300E-009 ) ) ;
#5476 = PRESENTATION_LAYER_ASSIGNMENT (  '', '', ( #1860 ) ) ;
#5477 = ORIENTED_EDGE ( 'NONE', *, *, #4906, .T. ) ;
#5478 = DIRECTION ( 'NONE',  ( -3.965082230804315200E-015, -3.931978574460980700E-030, -1.000000000000000000 ) ) ;
#5479 = CARTESIAN_POINT ( 'NONE',  ( -10.32156929253820900, 0.2500000000000106600, -3.000000054288352500 ) ) ;
#5480 = EDGE_CURVE ( 'NONE', #1919, #1440, #2248, .T. ) ;
#5481 = AXIS2_PLACEMENT_3D ( 'NONE', #1092, #661, #139 ) ;
#5482 = ORIENTED_EDGE ( 'NONE', *, *, #4707, .T. ) ;
#5483 = AXIS2_PLACEMENT_3D ( 'NONE', #4223, #2284, #1583 ) ;
#5484 = DIRECTION ( 'NONE',  ( 0.0000000000000000000, 1.000000000000000000, -0.0000000000000000000 ) ) ;
#5485 = FACE_OUTER_BOUND ( 'NONE', #5205, .T. ) ;
#5486 = PLANE ( 'NONE',  #3508 ) ;
#5487 = DIRECTION ( 'NONE',  ( 0.0000000000000000000, 0.0000000000000000000, 1.000000000000000000 ) ) ;
#5488 = VERTEX_POINT ( 'NONE', #1208 ) ;
#5489 = PLANE ( 'NONE',  #5581 ) ;
#5490 = LINE ( 'NONE', #3890, #2417 ) ;
#5491 = ORIENTED_EDGE ( 'NONE', *, *, #1787, .T. ) ;
#5492 = DIRECTION ( 'NONE',  ( 0.0000000000000000000, 1.000000000000000000, 0.0000000000000000000 ) ) ;
#5493 = AXIS2_PLACEMENT_3D ( 'NONE', #3692, #4551, #2131 ) ;
#5494 = FACE_OUTER_BOUND ( 'NONE', #5034, .T. ) ;
#5495 = DIRECTION ( 'NONE',  ( 1.000000000000000000, -1.667666423790703400E-032, 5.259688788402081300E-009 ) ) ;
#5496 = EDGE_LOOP ( 'NONE', ( #3035, #1908, #1759, #3557 ) ) ;
#5497 = ORIENTED_EDGE ( 'NONE', *, *, #4665, .T. ) ;
#5498 = ORIENTED_EDGE ( 'NONE', *, *, #3053, .T. ) ;
#5499 = FILL_AREA_STYLE ('',( #1773 ) ) ;
#5500 = LINE ( 'NONE', #5561, #3004 ) ;
#5501 = CARTESIAN_POINT ( 'NONE',  ( -5.249999979750197300, -0.05000000000000056500, -4.799999997427823600 ) ) ;
#5502 = EDGE_CURVE ( 'NONE', #2466, #1495, #5999, .T. ) ;
#5503 = VERTEX_POINT ( 'NONE', #4733 ) ;
#5504 = AXIS2_PLACEMENT_3D ( 'NONE', #1669, #5978, #5952 ) ;
#5505 = UNCERTAINTY_MEASURE_WITH_UNIT (LENGTH_MEASURE( 1.000000000000000100E-005 ), #738, 'distance_accuracy_value', 'NONE');
#5506 = DIRECTION ( 'NONE',  ( 1.000000000000000000, 0.0000000000000000000, 0.0000000000000000000 ) ) ;
#5507 = ORIENTED_EDGE ( 'NONE', *, *, #387, .T. ) ;
#5508 = ORIENTED_EDGE ( 'NONE', *, *, #3603, .F. ) ;
#5509 = CARTESIAN_POINT ( 'NONE',  ( -0.02500000000006663600, 0.1099999999999955200, 4.260000000000086800 ) ) ;
#5510 = ORIENTED_EDGE ( 'NONE', *, *, #6071, .F. ) ;
#5511 = CARTESIAN_POINT ( 'NONE',  ( 4.175000013499907700, 1.282756304577470800, -4.723517862829928600 ) ) ;
#5512 = ORIENTED_EDGE ( 'NONE', *, *, #1521, .F. ) ;
#5513 = CARTESIAN_POINT ( 'NONE',  ( -5.449999979750264100, 1.149999999999991300, -3.599999999999861500 ) ) ;
#5514 = DIRECTION ( 'NONE',  ( 0.0000000000000000000, 0.0000000000000000000, -1.000000000000000000 ) ) ;
#5515 = CARTESIAN_POINT ( 'NONE',  ( 5.599999999473968900, 0.7500000000001185700, 4.600000029454182700 ) ) ;
#5516 = CARTESIAN_POINT ( 'NONE',  ( 5.450000039447603600, 0.4499999999999886300, -2.999999971334807100 ) ) ;
#5517 = LINE ( 'NONE', #5917, #5370 ) ;
#5518 = EDGE_CURVE ( 'NONE', #187, #1919, #5350, .T. ) ;
#5519 = ORIENTED_EDGE ( 'NONE', *, *, #2442, .F. ) ;
#5520 = PRODUCT_RELATED_PRODUCT_CATEGORY ( 'part', '', ( #679 ) ) ;
#5521 = DIRECTION ( 'NONE',  ( 0.0000000000000000000, 0.0000000000000000000, 1.000000000000000000 ) ) ;
#5522 = EDGE_CURVE ( 'NONE', #4839, #5488, #936, .T. ) ;
#5523 = CARTESIAN_POINT ( 'NONE',  ( -4.410000000000001000, 0.4699999999999999700, -2.025000000000001700 ) ) ;
#5524 = DIRECTION ( 'NONE',  ( 0.0000000000000000000, -1.000000000000000000, 6.123233995736766000E-017 ) ) ;
#5525 = VECTOR ( 'NONE', #6026, 1000.000000000000000 ) ;
#5526 = ORIENTED_EDGE ( 'NONE', *, *, #4505, .T. ) ;
#5527 = ORIENTED_EDGE ( 'NONE', *, *, #2917, .T. ) ;
#5528 = CARTESIAN_POINT ( 'NONE',  ( 5.450000020249844600, 2.006428974360064300, -4.599999997427809200 ) ) ;
#5529 = LINE ( 'NONE', #2193, #3397 ) ;
#5530 = PRODUCT_DEFINITION_SHAPE ( 'NONE', 'NONE',  #3604 ) ;
#5531 = VERTEX_POINT ( 'NONE', #1620 ) ;
#5532 = ORIENTED_EDGE ( 'NONE', *, *, #4318, .F. ) ;
#5533 = DIRECTION ( 'NONE',  ( 0.0000000000000000000, 0.0000000000000000000, 1.000000000000000000 ) ) ;
#5534 = CARTESIAN_POINT ( 'NONE',  ( -4.900000000000001200, 0.4699999999999999700, 1.514999999999999500 ) ) ;
#5535 = VERTEX_POINT ( 'NONE', #3648 ) ;
#5536 = CARTESIAN_POINT ( 'NONE',  ( -1.375000000000282200, 1.139999999999999900, 4.640000000000138200 ) ) ;
#5537 = AXIS2_PLACEMENT_3D ( 'NONE', #5048, #5054, #5065 ) ;
#5538 = ORIENTED_EDGE ( 'NONE', *, *, #132, .T. ) ;
#5539 = UNCERTAINTY_MEASURE_WITH_UNIT (LENGTH_MEASURE( 1.000000000000000100E-005 ), #5002, 'distance_accuracy_value', 'NONE');
#5540 = DIRECTION ( 'NONE',  ( 0.0000000000000000000, 1.000000000000000000, 0.0000000000000000000 ) ) ;
#5541 = PLANE ( 'NONE',  #313 ) ;
#5542 = ORIENTED_EDGE ( 'NONE', *, *, #5808, .T. ) ;
#5543 = VECTOR ( 'NONE', #4739, 1000.000000000000100 ) ;
#5544 = EDGE_CURVE ( 'NONE', #477, #5503, #1001, .T. ) ;
#5545 =( NAMED_UNIT ( * ) SI_UNIT ( $, .STERADIAN. ) SOLID_ANGLE_UNIT ( ) );
#5546 = CARTESIAN_POINT ( 'NONE',  ( -21.90808208994199200, 1.139999999999999900, -4.089999999999976800 ) ) ;
#5547 = EDGE_CURVE ( 'NONE', #3308, #1079, #1781, .T. ) ;
#5548 = EDGE_LOOP ( 'NONE', ( #5195, #2080, #5688, #5674 ) ) ;
#5549 = LINE ( 'NONE', #2612, #904 ) ;
#5550 = CARTESIAN_POINT ( 'NONE',  ( 0.6782860000000939800, 0.04999981387754284100, 12.21037961703495400 ) ) ;
#5551 = VECTOR ( 'NONE', #3158, 1000.000000000000000 ) ;
#5552 = VECTOR ( 'NONE', #4988, 1000.000000000000000 ) ;
#5553 = VERTEX_POINT ( 'NONE', #4798 ) ;
#5554 = DIRECTION ( 'NONE',  ( -1.000000000000000000, 0.0000000000000000000, 0.0000000000000000000 ) ) ;
#5555 =( NAMED_UNIT ( * ) PLANE_ANGLE_UNIT ( ) SI_UNIT ( $, .RADIAN. ) );
#5556 = ORIENTED_EDGE ( 'NONE', *, *, #3382, .T. ) ;
#5557 = DIRECTION ( 'NONE',  ( -7.434529182758073800E-016, -1.000000000000000000, 6.877881017395696700E-030 ) ) ;
#5558 = AXIS2_PLACEMENT_3D ( 'NONE', #4352, #1470, #4489 ) ;
#5559 = VERTEX_POINT ( 'NONE', #5727 ) ;
#5560 = VECTOR ( 'NONE', #654, 1000.000000000000000 ) ;
#5561 = CARTESIAN_POINT ( 'NONE',  ( 5.399999999999904400, 0.4499999999999851300, 4.650000000000138000 ) ) ;
#5562 = EDGE_CURVE ( 'NONE', #636, #2468, #472, .T. ) ;
#5563 = ORIENTED_EDGE ( 'NONE', *, *, #2062, .F. ) ;
#5564 = ORIENTED_EDGE ( 'NONE', *, *, #3363, .F. ) ;
#5565 = LINE ( 'NONE', #3975, #1600 ) ;
#5566 = ORIENTED_EDGE ( 'NONE', *, *, #1676, .F. ) ;
#5567 = VERTEX_POINT ( 'NONE', #5599 ) ;
#5568 = FACE_OUTER_BOUND ( 'NONE', #4348, .T. ) ;
#5569 = DIRECTION ( 'NONE',  ( 0.0000000000000000000, 0.0000000000000000000, 1.000000000000000000 ) ) ;
#5570 = DIRECTION ( 'NONE',  ( -5.259688788402080500E-009, 0.0000000000000000000, 1.000000000000000000 ) ) ;
#5571 = ORIENTED_EDGE ( 'NONE', *, *, #3450, .T. ) ;
#5572 = VECTOR ( 'NONE', #3438, 1000.000000000000000 ) ;
#5573 = DIRECTION ( 'NONE',  ( 0.0000000000000000000, 1.000000000000000000, 0.0000000000000000000 ) ) ;
#5574 = CIRCLE ( 'NONE', #279, 0.1599999999998889500 ) ;
#5575 = VERTEX_POINT ( 'NONE', #5187 ) ;
#5576 = DIRECTION ( 'NONE',  ( 0.0000000000000000000, 1.000000000000000000, 0.0000000000000000000 ) ) ;
#5577 = ORIENTED_EDGE ( 'NONE', *, *, #4882, .T. ) ;
#5578 = VERTEX_POINT ( 'NONE', #2211 ) ;
#5579 = ORIENTED_EDGE ( 'NONE', *, *, #4064, .T. ) ;
#5580 = EDGE_CURVE ( 'NONE', #5258, #349, #1558, .T. ) ;
#5581 = AXIS2_PLACEMENT_3D ( 'NONE', #4935, #4667, #4620 ) ;
#5582 = AXIS2_PLACEMENT_3D ( 'NONE', #3585, #3600, #3607 ) ;
#5583 = ORIENTED_EDGE ( 'NONE', *, *, #1463, .F. ) ;
#5584 = ORIENTED_EDGE ( 'NONE', *, *, #5811, .F. ) ;
#5585 = DIRECTION ( 'NONE',  ( 0.0000000000000000000, 0.0000000000000000000, -1.000000000000000000 ) ) ;
#5586 = ORIENTED_EDGE ( 'NONE', *, *, #5628, .F. ) ;
#5587 = DIRECTION ( 'NONE',  ( -0.0000000000000000000, -1.000000000000000000, -0.0000000000000000000 ) ) ;
#5588 = DIRECTION ( 'NONE',  ( 0.0000000000000000000, 1.000000000000000000, 0.0000000000000000000 ) ) ;
#5589 = EDGE_CURVE ( 'NONE', #3602, #2707, #4691, .T. ) ;
#5590 = CARTESIAN_POINT ( 'NONE',  ( -4.400000000000001200, 0.9699999999999999700, -1.025000000000001700 ) ) ;
#5591 = ORIENTED_EDGE ( 'NONE', *, *, #4777, .T. ) ;
#5592 = FILL_AREA_STYLE_COLOUR ( '', #4124 ) ;
#5593 = ORIENTED_EDGE ( 'NONE', *, *, #5017, .F. ) ;
#5594 = VERTEX_POINT ( 'NONE', #2992 ) ;
#5595 = VERTEX_POINT ( 'NONE', #992 ) ;
#5596 =( NAMED_UNIT ( * ) SI_UNIT ( $, .STERADIAN. ) SOLID_ANGLE_UNIT ( ) );
#5597 = EDGE_CURVE ( 'NONE', #1919, #1714, #443, .T. ) ;
#5598 = FACE_OUTER_BOUND ( 'NONE', #4175, .T. ) ;
#5599 = CARTESIAN_POINT ( 'NONE',  ( 4.575000000578538300, -0.04999999999988867500, -4.260000000000008700 ) ) ;
#5600 = ORIENTED_EDGE ( 'NONE', *, *, #4200, .F. ) ;
#5601 = ORIENTED_EDGE ( 'NONE', *, *, #1935, .T. ) ;
#5602 = LINE ( 'NONE', #3323, #3905 ) ;
#5603 = EDGE_LOOP ( 'NONE', ( #4354, #4386, #4393, #4420 ) ) ;
#5604 = VERTEX_POINT ( 'NONE', #108 ) ;
#5605 = CARTESIAN_POINT ( 'NONE',  ( 4.375000020249819600, 1.149999999999999900, -3.949999997427844400 ) ) ;
#5606 = PLANE ( 'NONE',  #913 ) ;
#5607 = CARTESIAN_POINT ( 'NONE',  ( -4.575000000000020600, 2.006428974359998100, -4.249999999999939600 ) ) ;
#5608 = ORIENTED_EDGE ( 'NONE', *, *, #3516, .T. ) ;
#5609 = EDGE_CURVE ( 'NONE', #191, #1196, #3352, .T. ) ;
#5610 = AXIS2_PLACEMENT_3D ( 'NONE', #4881, #3701, #4604 ) ;
#5611 =( NAMED_UNIT ( * ) PLANE_ANGLE_UNIT ( ) SI_UNIT ( $, .RADIAN. ) );
#5612 = CARTESIAN_POINT ( 'NONE',  ( -0.9750000000000036400, 1.149999999999999900, 3.950000000000120100 ) ) ;
#5613 = VERTEX_POINT ( 'NONE', #4693 ) ;
#5614 = ORIENTED_EDGE ( 'NONE', *, *, #3983, .T. ) ;
#5615 = DIRECTION ( 'NONE',  ( 0.0000000000000000000, 1.000000000000000000, 5.259690252779798500E-009 ) ) ;
#5616 = ORIENTED_EDGE ( 'NONE', *, *, #1598, .F. ) ;
#5617 = COLOUR_RGB ( '',0.4117647058823529200, 0.4117647058823529200, 0.4117647058823529200 ) ;
#5618 = EDGE_CURVE ( 'NONE', #5595, #1636, #4471, .T. ) ;
#5619 = VERTEX_POINT ( 'NONE', #4978 ) ;
#5620 = VERTEX_POINT ( 'NONE', #946 ) ;
#5621 = LINE ( 'NONE', #1489, #1324 ) ;
#5622 =( NAMED_UNIT ( * ) SI_UNIT ( $, .STERADIAN. ) SOLID_ANGLE_UNIT ( ) );
#5623 = FACE_OUTER_BOUND ( 'NONE', #4990, .T. ) ;
#5624 = DIRECTION ( 'NONE',  ( 0.0000000000000000000, 0.0000000000000000000, 1.000000000000000000 ) ) ;
#5625 = VERTEX_POINT ( 'NONE', #3337 ) ;
#5626 = ORIENTED_EDGE ( 'NONE', *, *, #4168, .F. ) ;
#5627 = VECTOR ( 'NONE', #2517, 1000.000000000000000 ) ;
#5628 = EDGE_CURVE ( 'NONE', #4309, #4538, #1534, .T. ) ;
#5629 = ORIENTED_EDGE ( 'NONE', *, *, #1415, .T. ) ;
#5630 = DIRECTION ( 'NONE',  ( -0.0000000000000000000, -1.000000000000000000, -0.0000000000000000000 ) ) ;
#5631 = AXIS2_PLACEMENT_3D ( 'NONE', #1177, #766, #94 ) ;
#5632 = VERTEX_POINT ( 'NONE', #3708 ) ;
#5633 = ORIENTED_EDGE ( 'NONE', *, *, #4981, .F. ) ;
#5634 = EDGE_LOOP ( 'NONE', ( #4012, #3960, #1026, #495 ) ) ;
#5635 = EDGE_CURVE ( 'NONE', #4373, #5389, #4049, .T. ) ;
#5636 = EDGE_CURVE ( 'NONE', #1079, #5270, #4100, .T. ) ;
#5637 = VECTOR ( 'NONE', #887, 1000.000000000000000 ) ;
#5638 = AXIS2_PLACEMENT_3D ( 'NONE', #1952, #5412, #4607 ) ;
#5639 = EDGE_LOOP ( 'NONE', ( #5227, #1733, #5217, #115 ) ) ;
#5640 = DIRECTION ( 'NONE',  ( 0.0000000000000000000, 0.0000000000000000000, -1.000000000000000000 ) ) ;
#5641 = VECTOR ( 'NONE', #4345, 1000.000000000000000 ) ;
#5642 = DIRECTION ( 'NONE',  ( 1.000000000000000000, -1.667666423790703400E-032, 5.259688788402081300E-009 ) ) ;
#5643 = ORIENTED_EDGE ( 'NONE', *, *, #5720, .F. ) ;
#5644 = APPLICATION_PROTOCOL_DEFINITION ( 'draft international standard', 'automotive_design', 1998, #2723 ) ;
#5645 = EDGE_CURVE ( 'NONE', #5389, #4032, #6055, .T. ) ;
#5646 = CARTESIAN_POINT ( 'NONE',  ( 5.450000040499558600, 1.300000000000000000, -3.399999999999870700 ) ) ;
#5647 = CARTESIAN_POINT ( 'NONE',  ( 5.440000134889527500, 1.139999999999999900, -21.14592586096563300 ) ) ;
#5648 = ORIENTED_EDGE ( 'NONE', *, *, #4168, .T. ) ;
#5649 = ORIENTED_EDGE ( 'NONE', *, *, #5766, .T. ) ;
#5650 = CARTESIAN_POINT ( 'NONE',  ( -5.275000000000002100, 0.9699999999999999700, -0.5000000000000004400 ) ) ;
#5651 = CARTESIAN_POINT ( 'NONE',  ( -0.7749999999998794500, 0.1000000000000011300, 4.799999999999972300 ) ) ;
#5652 = EDGE_CURVE ( 'NONE', #2610, #3888, #5345, .T. ) ;
#5653 = ORIENTED_EDGE ( 'NONE', *, *, #5811, .T. ) ;
#5654 = CARTESIAN_POINT ( 'NONE',  ( -5.439999999999939100, 1.149999999999999500, -3.200250158472982800 ) ) ;
#5655 = STYLED_ITEM ( 'NONE', ( #750 ), #1869 ) ;
#5656 = CIRCLE ( 'NONE', #5705, 0.1999999999999718900 ) ;
#5657 = ORIENTED_EDGE ( 'NONE', *, *, #2153, .T. ) ;
#5658 = CARTESIAN_POINT ( 'NONE',  ( -7.700000000000001100, 0.4699999999999999700, -5.000000000000000000 ) ) ;
#5659 = EDGE_CURVE ( 'NONE', #5843, #3252, #3694, .T. ) ;
#5660 = SURFACE_STYLE_FILL_AREA ( #1499 ) ;
#5661 = LINE ( 'NONE', #621, #162 ) ;
#5662 = LINE ( 'NONE', #3316, #3226 ) ;
#5663 = VERTEX_POINT ( 'NONE', #1972 ) ;
#5664 = CARTESIAN_POINT ( 'NONE',  ( 17.13890806328332800, 1.139999999999999900, 4.090000000000087800 ) ) ;
#5665 = DIRECTION ( 'NONE',  ( 5.259690252779798500E-009, 0.0000000000000000000, -1.000000000000000000 ) ) ;
#5666 = ORIENTED_EDGE ( 'NONE', *, *, #5808, .F. ) ;
#5667 = DIRECTION ( 'NONE',  ( -2.254259948477621800E-014, 0.0000000000000000000, 1.000000000000000000 ) ) ;
#5668 = LINE ( 'NONE', #5479, #1080 ) ;
#5669 = ORIENTED_EDGE ( 'NONE', *, *, #4412, .F. ) ;
#5670 = CARTESIAN_POINT ( 'NONE',  ( -5.300000000000082400, 1.149999999999999900, 4.640000000000138200 ) ) ;
#5671 = EDGE_CURVE ( 'NONE', #304, #3790, #3393, .T. ) ;
#5672 = EDGE_LOOP ( 'NONE', ( #5942, #5965, #5972, #5979 ) ) ;
#5673 = DIRECTION ( 'NONE',  ( 0.9999999999999983300, 1.239088197126349200E-015, 5.785657511507866400E-008 ) ) ;
#5674 = ORIENTED_EDGE ( 'NONE', *, *, #3281, .T. ) ;
#5675 = CARTESIAN_POINT ( 'NONE',  ( 5.250000020249865800, -0.05000000000000056500, -4.599999997427808300 ) ) ;
#5676 = MECHANICAL_DESIGN_GEOMETRIC_PRESENTATION_REPRESENTATION (  '', ( #4945 ), #4034 ) ;
#5677 = LINE ( 'NONE', #1021, #3641 ) ;
#5678 = ORIENTED_EDGE ( 'NONE', *, *, #2180, .F. ) ;
#5679 = ORIENTED_EDGE ( 'NONE', *, *, #5865, .T. ) ;
#5680 = CARTESIAN_POINT ( 'NONE',  ( -5.300000000000082400, 1.149999999999999900, 4.800000000000137500 ) ) ;
#5681 = EDGE_CURVE ( 'NONE', #1440, #3167, #3027, .T. ) ;
#5682 = EDGE_CURVE ( 'NONE', #4159, #5406, #2638, .T. ) ;
#5683 = VERTEX_POINT ( 'NONE', #3631 ) ;
#5684 = DIRECTION ( 'NONE',  ( -7.434529182758089500E-016, -1.000000000000000000, 6.877881017395696700E-030 ) ) ;
#5685 = DIRECTION ( 'NONE',  ( 1.000000000000000000, -7.453889935838664400E-016, -4.336808689942495000E-015 ) ) ;
#5686 = SURFACE_STYLE_FILL_AREA ( #5450 ) ;
#5687 = PLANE ( 'NONE',  #4828 ) ;
#5688 = ORIENTED_EDGE ( 'NONE', *, *, #4250, .F. ) ;
#5689 = CARTESIAN_POINT ( 'NONE',  ( 5.450000040499539900, 0.4499999999999877400, -3.199999971334785100 ) ) ;
#5690 = CARTESIAN_POINT ( 'NONE',  ( -5.300000000000082400, -27.48064091039079700, 4.640000000000138200 ) ) ;
#5691 = CYLINDRICAL_SURFACE ( 'NONE', #3423, 0.009999999999999158900 ) ;
#5692 = ORIENTED_EDGE ( 'NONE', *, *, #5824, .F. ) ;
#5693 = CARTESIAN_POINT ( 'NONE',  ( -4.400000000000001200, 0.9699999999999999700, -1.035000000000000800 ) ) ;
#5694 = EDGE_CURVE ( 'NONE', #4592, #1530, #5574, .T. ) ;
#5695 = PLANE ( 'NONE',  #4793 ) ;
#5696 = DIRECTION ( 'NONE',  ( 0.0000000000000000000, 0.0000000000000000000, 1.000000000000000000 ) ) ;
#5697 = EDGE_CURVE ( 'NONE', #5313, #3016, #1087, .T. ) ;
#5698 = ORIENTED_EDGE ( 'NONE', *, *, #3231, .T. ) ;
#5699 = VERTEX_POINT ( 'NONE', #3595 ) ;
#5700 = CARTESIAN_POINT ( 'NONE',  ( -4.774999979750308700, 2.006428974359999000, -4.799999997427825300 ) ) ;
#5701 = DIRECTION ( 'NONE',  ( -1.000000000000000000, -4.332986055019517600E-009, 3.965082230804316000E-015 ) ) ;
#5702 = APPLICATION_PROTOCOL_DEFINITION ( 'draft international standard', 'automotive_design', 1998, #564 ) ;
#5703 = ORIENTED_EDGE ( 'NONE', *, *, #3855, .F. ) ;
#5704 = EDGE_CURVE ( 'NONE', #5625, #3666, #70, .T. ) ;
#5705 = AXIS2_PLACEMENT_3D ( 'NONE', #4385, #4173, #4310 ) ;
#5706 = DIRECTION ( 'NONE',  ( -1.000000000000000000, 0.0000000000000000000, 0.0000000000000000000 ) ) ;
#5707 = DIRECTION ( 'NONE',  ( 1.850371707708113200E-013, 1.000000000000000000, 0.0000000000000000000 ) ) ;
#5708 = PLANE ( 'NONE',  #5066 ) ;
#5709 = LINE ( 'NONE', #698, #2267 ) ;
#5710 = VECTOR ( 'NONE', #6008, 1000.000000000000000 ) ;
#5711 = ORIENTED_EDGE ( 'NONE', *, *, #151, .F. ) ;
#5712 = DIRECTION ( 'NONE',  ( 1.000000000000000000, 0.0000000000000000000, 0.0000000000000000000 ) ) ;
#5713 = AXIS2_PLACEMENT_3D ( 'NONE', #4430, #5640, #5588 ) ;
#5714 = ORIENTED_EDGE ( 'NONE', *, *, #3474, .T. ) ;
#5715 = EDGE_LOOP ( 'NONE', ( #4189, #5779, #2391, #1077 ) ) ;
#5716 = LINE ( 'NONE', #5997, #1601 ) ;
#5717 = DIRECTION ( 'NONE',  ( 1.850371707708113200E-013, 1.000000000000000000, 0.0000000000000000000 ) ) ;
#5718 = ORIENTED_EDGE ( 'NONE', *, *, #6043, .T. ) ;
#5719 = SURFACE_SIDE_STYLE ('',( #2113 ) ) ;
#5720 = EDGE_CURVE ( 'NONE', #1667, #4191, #4632, .T. ) ;
#5721 = CARTESIAN_POINT ( 'NONE',  ( 7.700000000000001100, 0.4699999999999999700, -5.000000000000000000 ) ) ;
#5722 = LINE ( 'NONE', #1433, #1412 ) ;
#5723 = VERTEX_POINT ( 'NONE', #4602 ) ;
#5724 = ORIENTED_EDGE ( 'NONE', *, *, #1231, .T. ) ;
#5725 = DIRECTION ( 'NONE',  ( 1.000000000000000000, 0.0000000000000000000, 0.0000000000000000000 ) ) ;
#5726 = EDGE_LOOP ( 'NONE', ( #4293, #4314, #4319, #4324 ) ) ;
#5727 = CARTESIAN_POINT ( 'NONE',  ( 3.974999999999959700, 0.2499999999999950000, -4.799999997427861800 ) ) ;
#5728 = VERTEX_POINT ( 'NONE', #5331 ) ;
#5729 = CARTESIAN_POINT ( 'NONE',  ( 5.299999999999971400, 1.139999999999998600, 4.650000000000137100 ) ) ;
#5730 = ORIENTED_EDGE ( 'NONE', *, *, #4135, .F. ) ;
#5731 = FACE_OUTER_BOUND ( 'NONE', #5715, .T. ) ;
#5732 = CARTESIAN_POINT ( 'NONE',  ( -5.449999999999951300, 1.139999999999999900, -4.089999999999976800 ) ) ;
#5733 = CARTESIAN_POINT ( 'NONE',  ( -4.900000000000001200, 0.9699999999999999700, 1.514999999999999500 ) ) ;
#5734 = ORIENTED_EDGE ( 'NONE', *, *, #2488, .F. ) ;
#5735 = CARTESIAN_POINT ( 'NONE',  ( -4.174999999999992700, 1.139999999999999500, -4.649999997427859600 ) ) ;
#5736 = CARTESIAN_POINT ( 'NONE',  ( -4.410000000000001000, 0.9699999999999999700, -2.025000000000001700 ) ) ;
#5737 = EDGE_CURVE ( 'NONE', #3936, #2947, #1161, .T. ) ;
#5738 = CARTESIAN_POINT ( 'NONE',  ( -5.449999999421414100, 0.1100000000000024600, -4.259999999999937600 ) ) ;
#5739 = CARTESIAN_POINT ( 'NONE',  ( 5.440000040500855500, 1.299999999999889200, -3.200250156445393100 ) ) ;
#5740 = CARTESIAN_POINT ( 'NONE',  ( -4.574999999999995700, 0.1100000000000007200, -4.259999999999941200 ) ) ;
#5741 = ORIENTED_EDGE ( 'NONE', *, *, #5458, .T. ) ;
#5742 = LINE ( 'NONE', #5864, #1343 ) ;
#5743 = CARTESIAN_POINT ( 'NONE',  ( 4.575000010799888300, 1.299999999999888600, -4.089999999999976800 ) ) ;
#5744 = ORIENTED_EDGE ( 'NONE', *, *, #2954, .F. ) ;
#5745 = DIRECTION ( 'NONE',  ( -0.0000000000000000000, -1.000000000000000000, -0.0000000000000000000 ) ) ;
#5746 = EDGE_LOOP ( 'NONE', ( #5703, #5718, #5741, #5757 ) ) ;
#5747 = ORIENTED_EDGE ( 'NONE', *, *, #4287, .F. ) ;
#5748 = AXIS2_PLACEMENT_3D ( 'NONE', #4720, #4769, #4776 ) ;
#5749 = CIRCLE ( 'NONE', #4184, 0.2000000000000291500 ) ;
#5750 = SHAPE_REPRESENTATION ( '4_BLEí¥ëÂå^BLE_MODULE', ( #4224, #5481, #5156 ), #4866 ) ;
#5751 = SURFACE_STYLE_FILL_AREA ( #5057 ) ;
#5752 = DIRECTION ( 'NONE',  ( 0.0000000000000000000, 0.0000000000000000000, 1.000000000000000000 ) ) ;
#5753 = EDGE_LOOP ( 'NONE', ( #2997, #3899, #5800, #966 ) ) ;
#5754 = CARTESIAN_POINT ( 'NONE',  ( 5.199999999999982400, 0.2500000000000617800, -5.556414649620801800 ) ) ;
#5755 = PLANE ( 'NONE',  #4698 ) ;
#5756 = VECTOR ( 'NONE', #985, 1000.000000000000000 ) ;
#5757 = ORIENTED_EDGE ( 'NONE', *, *, #2402, .F. ) ;
#5758 = ORIENTED_EDGE ( 'NONE', *, *, #3334, .F. ) ;
#5759 = DIRECTION ( 'NONE',  ( -1.000000000000000000, 0.0000000000000000000, -0.0000000000000000000 ) ) ;
#5760 = COLOUR_RGB ( '',0.4117647058823529200, 0.4117647058823529200, 0.4117647058823529200 ) ;
#5761 = VECTOR ( 'NONE', #5275, 1000.000000000000000 ) ;
#5762 = ORIENTED_EDGE ( 'NONE', *, *, #4536, .T. ) ;
#5763 = PLANE ( 'NONE',  #3744 ) ;
#5764 = DIRECTION ( 'NONE',  ( -1.000000000000000000, 0.0000000000000000000, 0.0000000000000000000 ) ) ;
#5765 = PLANE ( 'NONE',  #3867 ) ;
#5766 = EDGE_CURVE ( 'NONE', #4763, #767, #1653, .T. ) ;
#5767 = ORIENTED_EDGE ( 'NONE', *, *, #2854, .F. ) ;
#5768 = ORIENTED_EDGE ( 'NONE', *, *, #1750, .F. ) ;
#5769 = DIRECTION ( 'NONE',  ( 6.749933887243615000E-008, -0.0000000000000000000, 0.9999999999999977800 ) ) ;
#5770 = FACE_OUTER_BOUND ( 'NONE', #3639, .T. ) ;
#5771 = EDGE_LOOP ( 'NONE', ( #5556, #2461, #3329, #1237 ) ) ;
#5772 = ORIENTED_EDGE ( 'NONE', *, *, #3972, .T. ) ;
#5773 = EDGE_CURVE ( 'NONE', #191, #1302, #159, .T. ) ;
#5774 = AXIS2_PLACEMENT_3D ( 'NONE', #3347, #2910, #3216 ) ;
#5775 = EDGE_CURVE ( 'NONE', #3308, #3936, #5490, .T. ) ;
#5776 = DIRECTION ( 'NONE',  ( -0.0000000000000000000, -1.000000000000000000, -0.0000000000000000000 ) ) ;
#5777 = STYLED_ITEM ( 'NONE', ( #1041 ), #2734 ) ;
#5778 = CARTESIAN_POINT ( 'NONE',  ( 4.175000000000047800, 0.4500000000000857800, 12.21037961703495400 ) ) ;
#5779 = ORIENTED_EDGE ( 'NONE', *, *, #5363, .T. ) ;
#5780 = SURFACE_SIDE_STYLE ('',( #3911 ) ) ;
#5781 = DIRECTION ( 'NONE',  ( -0.0000000000000000000, 0.0000000000000000000, 1.000000000000000000 ) ) ;
#5782 = LINE ( 'NONE', #89, #398 ) ;
#5783 = CARTESIAN_POINT ( 'NONE',  ( -5.200000000000093400, 0.2500000000000062700, -3.594446615752577800 ) ) ;
#5784 = EDGE_CURVE ( 'NONE', #4032, #1957, #2096, .T. ) ;
#5785 = EDGE_LOOP ( 'NONE', ( #4450, #4154, #4619, #5388, #64, #4086, #3945, #4296 ) ) ;
#5786 = DIRECTION ( 'NONE',  ( -7.434529182758073800E-016, -1.000000000000000000, 6.877881017395696700E-030 ) ) ;
#5787 = ORIENTED_EDGE ( 'NONE', *, *, #5873, .F. ) ;
#5788 = ORIENTED_EDGE ( 'NONE', *, *, #4297, .T. ) ;
#5789 = CARTESIAN_POINT ( 'NONE',  ( -5.200000000000093400, 0.4499999999999851300, 4.650000000000138000 ) ) ;
#5790 = ORIENTED_EDGE ( 'NONE', *, *, #4919, .F. ) ;
#5791 = AXIS2_PLACEMENT_3D ( 'NONE', #5842, #5826, #5665 ) ;
#5792 = CIRCLE ( 'NONE', #5171, 0.1999997132653332800 ) ;
#5793 = SURFACE_STYLE_USAGE ( .BOTH. , #1413 ) ;
#5794 = CARTESIAN_POINT ( 'NONE',  ( 5.449999979750264100, 1.300000000000000000, -3.599999999999890400 ) ) ;
#5795 = ORIENTED_EDGE ( 'NONE', *, *, #4147, .F. ) ;
#5796 = ORIENTED_EDGE ( 'NONE', *, *, #2875, .T. ) ;
#5797 = CARTESIAN_POINT ( 'NONE',  ( -0.02500000000006671900, 2.135497654998050900, 4.260000000000087700 ) ) ;
#5798 = EDGE_CURVE ( 'NONE', #3844, #4408, #525, .T. ) ;
#5799 = DIRECTION ( 'NONE',  ( -1.842950278548060600E-023, -1.000000000000000000, 3.503915063498525200E-015 ) ) ;
#5800 = ORIENTED_EDGE ( 'NONE', *, *, #59, .F. ) ;
#5801 = VECTOR ( 'NONE', #2480, 1000.000000000000000 ) ;
#5802 = DIRECTION ( 'NONE',  ( 0.0000000000000000000, 0.0000000000000000000, 1.000000000000000000 ) ) ;
#5803 = CARTESIAN_POINT ( 'NONE',  ( -0.9749999999999476900, -0.04999999999995979900, 1.297572480866142900 ) ) ;
#5804 = ORIENTED_EDGE ( 'NONE', *, *, #5923, .F. ) ;
#5805 = ORIENTED_EDGE ( 'NONE', *, *, #1707, .T. ) ;
#5806 = CARTESIAN_POINT ( 'NONE',  ( -5.449999979750289800, 2.006428974359998100, -4.599999997427734600 ) ) ;
#5807 = CARTESIAN_POINT ( 'NONE',  ( 5.600000002629781400, -0.01999987652449852800, 4.000000029454382000 ) ) ;
#5808 = EDGE_CURVE ( 'NONE', #4254, #2468, #5, .T. ) ;
#5809 = PRODUCT_DEFINITION_FORMATION_WITH_SPECIFIED_SOURCE ( 'ANY', '', #679, .NOT_KNOWN. ) ;
#5810 = ORIENTED_EDGE ( 'NONE', *, *, #5400, .T. ) ;
#5811 = EDGE_CURVE ( 'NONE', #767, #4191, #4368, .T. ) ;
#5812 = AXIS2_PLACEMENT_3D ( 'NONE', #434, #2930, #183 ) ;
#5813 = CARTESIAN_POINT ( 'NONE',  ( 0.3750000000000250900, 1.139999999999999500, 4.650000000000137100 ) ) ;
#5814 = EDGE_LOOP ( 'NONE', ( #4603, #6014, #847, #4977 ) ) ;
#5815 = DIRECTION ( 'NONE',  ( 0.0000000000000000000, 0.0000000000000000000, -1.000000000000000000 ) ) ;
#5816 = ORIENTED_EDGE ( 'NONE', *, *, #5480, .F. ) ;
#5817 = DIRECTION ( 'NONE',  ( -1.173873028861176500E-016, -1.000000000000000000, -2.958228394578794300E-029 ) ) ;
#5818 = ORIENTED_EDGE ( 'NONE', *, *, #2054, .F. ) ;
#5819 = SURFACE_STYLE_FILL_AREA ( #3971 ) ;
#5820 = CARTESIAN_POINT ( 'NONE',  ( 5.299999999999971400, 1.139999999999998600, -5.556414649620801800 ) ) ;
#5821 = ORIENTED_EDGE ( 'NONE', *, *, #5681, .F. ) ;
#5822 = CARTESIAN_POINT ( 'NONE',  ( -0.02500000000007492400, 0.09999999999999939500, 4.250000000000086200 ) ) ;
#5823 = FACE_OUTER_BOUND ( 'NONE', #4613, .T. ) ;
#5824 = EDGE_CURVE ( 'NONE', #636, #5663, #4784, .T. ) ;
#5825 = AXIS2_PLACEMENT_3D ( 'NONE', #28, #53, #141 ) ;
#5826 = DIRECTION ( 'NONE',  ( 1.000000000000000000, -1.667666423790703400E-032, 5.259688788402081300E-009 ) ) ;
#5827 = VERTEX_POINT ( 'NONE', #2012 ) ;
#5828 = PRESENTATION_STYLE_ASSIGNMENT (( #1286 ) ) ;
#5829 = DIRECTION ( 'NONE',  ( 0.0000000000000000000, 1.000000000000000000, -0.0000000000000000000 ) ) ;
#5830 = DIRECTION ( 'NONE',  ( 1.000000000000000000, 0.0000000000000000000, 0.0000000000000000000 ) ) ;
#5831 = ORIENTED_EDGE ( 'NONE', *, *, #4297, .F. ) ;
#5832 = ORIENTED_EDGE ( 'NONE', *, *, #5873, .T. ) ;
#5833 = CIRCLE ( 'NONE', #1461, 0.009999999999999592500 ) ;
#5834 = DIRECTION ( 'NONE',  ( 1.239088197126349800E-015, -1.000000000000000000, 1.479114197289397100E-030 ) ) ;
#5835 = CYLINDRICAL_SURFACE ( 'NONE', #5812, 0.2000000000000287100 ) ;
#5836 = VERTEX_POINT ( 'NONE', #940 ) ;
#5837 = VERTEX_POINT ( 'NONE', #3324 ) ;
#5838 = ORIENTED_EDGE ( 'NONE', *, *, #5931, .F. ) ;
#5839 = PLANE ( 'NONE',  #4748 ) ;
#5840 =( GEOMETRIC_REPRESENTATION_CONTEXT ( 3 ) GLOBAL_UNCERTAINTY_ASSIGNED_CONTEXT ( ( #4957 ) ) GLOBAL_UNIT_ASSIGNED_CONTEXT ( ( #1124, #1098, #808 ) ) REPRESENTATION_CONTEXT ( 'NONE', 'WORKASPACE' ) );
#5841 = ORIENTED_EDGE ( 'NONE', *, *, #3343, .T. ) ;
#5842 = CARTESIAN_POINT ( 'NONE',  ( 5.600000002629780500, 0.1800001234751498500, 4.000000388752972900 ) ) ;
#5843 = VERTEX_POINT ( 'NONE', #2887 ) ;
#5844 = DIRECTION ( 'NONE',  ( 0.0000000000000000000, 0.0000000000000000000, -1.000000000000000000 ) ) ;
#5845 = DIRECTION ( 'NONE',  ( 1.000000000000000000, 0.0000000000000000000, 0.0000000000000000000 ) ) ;
#5846 = ORIENTED_EDGE ( 'NONE', *, *, #5939, .F. ) ;
#5847 = CARTESIAN_POINT ( 'NONE',  ( -5.439999999999939100, 1.139999999999999900, 20.18971866854152700 ) ) ;
#5848 = EDGE_CURVE ( 'NONE', #4343, #4917, #4756, .T. ) ;
#5849 = AXIS2_PLACEMENT_3D ( 'NONE', #3271, #3141, #3184 ) ;
#5850 =( LENGTH_UNIT ( ) NAMED_UNIT ( * ) SI_UNIT ( .MILLI., .METRE. ) );
#5851 = ORIENTED_EDGE ( 'NONE', *, *, #6071, .T. ) ;
#5852 = DIRECTION ( 'NONE',  ( 0.0000000000000000000, -1.000000000000000000, 0.0000000000000000000 ) ) ;
#5853 = ORIENTED_EDGE ( 'NONE', *, *, #2402, .T. ) ;
#5854 = CIRCLE ( 'NONE', #3003, 0.2000000000000334800 ) ;
#5855 =( GEOMETRIC_REPRESENTATION_CONTEXT ( 3 ) GLOBAL_UNCERTAINTY_ASSIGNED_CONTEXT ( ( #5387 ) ) GLOBAL_UNIT_ASSIGNED_CONTEXT ( ( #4092, #4016, #4121 ) ) REPRESENTATION_CONTEXT ( 'NONE', 'WORKASPACE' ) );
#5856 = VERTEX_POINT ( 'NONE', #5256 ) ;
#5857 = CARTESIAN_POINT ( 'NONE',  ( -5.599999999999938400, 0.1800001234751489900, 4.000000388752972900 ) ) ;
#5858 = CARTESIAN_POINT ( 'NONE',  ( 0.5749999999999926300, 0.2500000000000617800, -5.556414649620801800 ) ) ;
#5859 = VECTOR ( 'NONE', #1367, 1000.000000000000000 ) ;
#5860 = VECTOR ( 'NONE', #3597, 1000.000000000000000 ) ;
#5861 = CARTESIAN_POINT ( 'NONE',  ( -5.599999999999938400, 0.7500000000001177900, 4.600000029454182700 ) ) ;
#5862 = ORIENTED_EDGE ( 'NONE', *, *, #5597, .T. ) ;
#5863 = EDGE_CURVE ( 'NONE', #4477, #1212, #1709, .T. ) ;
#5864 = CARTESIAN_POINT ( 'NONE',  ( -5.449999999999937100, 0.2500000000000097700, -2.999999970545852900 ) ) ;
#5865 = EDGE_CURVE ( 'NONE', #2327, #3907, #2669, .T. ) ;
#5866 = DIRECTION ( 'NONE',  ( -1.000000000000000000, 0.0000000000000000000, 0.0000000000000000000 ) ) ;
#5867 = CARTESIAN_POINT ( 'NONE',  ( 4.175000000000047800, 0.4500000000000857800, -4.649999997427860500 ) ) ;
#5868 = ORIENTED_EDGE ( 'NONE', *, *, #1272, .T. ) ;
#5869 = CARTESIAN_POINT ( 'NONE',  ( 0.1750000000002582800, 1.149999999999999900, 3.950000000000009100 ) ) ;
#5870 = SURFACE_SIDE_STYLE ('',( #1121 ) ) ;
#5871 = CYLINDRICAL_SURFACE ( 'NONE', #4982, 0.1599999999998894000 ) ;
#5872 = DIRECTION ( 'NONE',  ( -1.000000000000000000, 0.0000000000000000000, 0.0000000000000000000 ) ) ;
#5873 = EDGE_CURVE ( 'NONE', #1440, #4115, #5446, .T. ) ;
#5874 = ORIENTED_EDGE ( 'NONE', *, *, #2824, .T. ) ;
#5875 = LINE ( 'NONE', #2122, #3646 ) ;
#5876 = DIRECTION ( 'NONE',  ( 0.0000000000000000000, -1.000000000000000000, 0.0000000000000000000 ) ) ;
#5877 = DIRECTION ( 'NONE',  ( 0.0000000000000000000, 0.0000000000000000000, 1.000000000000000000 ) ) ;
#5878 = CARTESIAN_POINT ( 'NONE',  ( -1.375000000000181200, 1.139999999999998600, 4.650000000000137100 ) ) ;
#5879 = ORIENTED_EDGE ( 'NONE', *, *, #6043, .F. ) ;
#5880 = CARTESIAN_POINT ( 'NONE',  ( -4.174999993250094300, 1.145235987755982800, -4.649999997427861400 ) ) ;
#5881 = LINE ( 'NONE', #67, #840 ) ;
#5882 = EDGE_CURVE ( 'NONE', #922, #1663, #206, .T. ) ;
#5883 = ORIENTED_EDGE ( 'NONE', *, *, #2760, .F. ) ;
#5884 = AXIS2_PLACEMENT_3D ( 'NONE', #3311, #111, #4545 ) ;
#5885 = CARTESIAN_POINT ( 'NONE',  ( -0.2999999999999560200, -0.02000008014891360000, -4.649999997427860500 ) ) ;
#5886 = ORIENTED_EDGE ( 'NONE', *, *, #4002, .F. ) ;
#5887 = LINE ( 'NONE', #1019, #1818 ) ;
#5888 = CARTESIAN_POINT ( 'NONE',  ( 5.449999999999954900, 1.149999999999999900, -4.249999999999976000 ) ) ;
#5889 = B_SPLINE_CURVE_WITH_KNOTS ( 'NONE', 3,
 ( #736, #751, #812, #730, #726, #703 ),
 .UNSPECIFIED., .F., .F.,
 ( 4, 2, 4 ),
 ( 0.0000000000000000000, 0.5000000000000000000, 1.000000000000000000 ),
 .UNSPECIFIED. ) ;
#5890 =( NAMED_UNIT ( * ) SI_UNIT ( $, .STERADIAN. ) SOLID_ANGLE_UNIT ( ) );
#5891 = EDGE_CURVE ( 'NONE', #821, #4917, #169, .T. ) ;
#5892 = ORIENTED_EDGE ( 'NONE', *, *, #1678, .T. ) ;
#5893 = DIRECTION ( 'NONE',  ( -1.000000000000000000, 0.0000000000000000000, 0.0000000000000000000 ) ) ;
#5894 = ORIENTED_EDGE ( 'NONE', *, *, #4536, .F. ) ;
#5895 = DIRECTION ( 'NONE',  ( 0.0000000000000000000, 0.0000000000000000000, 1.000000000000000000 ) ) ;
#5896 = DIRECTION ( 'NONE',  ( 0.0000000000000000000, -1.000000000000000000, 6.123233995736766000E-017 ) ) ;
#5897 = DIRECTION ( 'NONE',  ( 0.0000000000000000000, 0.0000000000000000000, -1.000000000000000000 ) ) ;
#5898 = EDGE_LOOP ( 'NONE', ( #5804, #3031, #5288, #3767 ) ) ;
#5899 =( GEOMETRIC_REPRESENTATION_CONTEXT ( 3 ) GLOBAL_UNCERTAINTY_ASSIGNED_CONTEXT ( ( #2606 ) ) GLOBAL_UNIT_ASSIGNED_CONTEXT ( ( #5106, #5111, #5122 ) ) REPRESENTATION_CONTEXT ( 'NONE', 'WORKASPACE' ) );
#5900 = DIRECTION ( 'NONE',  ( -1.000000000000000000, 0.0000000000000000000, 0.0000000000000000000 ) ) ;
#5901 = LINE ( 'NONE', #2405, #293 ) ;
#5902 = CIRCLE ( 'NONE', #3196, 0.009999999999999158900 ) ;
#5903 = CIRCLE ( 'NONE', #6101, 0.1999999999999779700 ) ;
#5904 = CARTESIAN_POINT ( 'NONE',  ( -0.02499999999977520200, 1.300000000000000000, 3.950000000000009100 ) ) ;
#5905 = EDGE_LOOP ( 'NONE', ( #5228, #3861, #3430, #979, #3133, #3143, #3168, #3180, #3188, #3193, #3214 ) ) ;
#5906 = CARTESIAN_POINT ( 'NONE',  ( -4.175000000000022000, 1.139999999999999900, -4.639999997427862500 ) ) ;
#5907 = EDGE_CURVE ( 'NONE', #421, #5604, #2368, .T. ) ;
#5908 = AXIS2_PLACEMENT_3D ( 'NONE', #3036, #4061, #3471 ) ;
#5909 = CARTESIAN_POINT ( 'NONE',  ( 5.440000040500858200, 1.299999999999999200, -3.200250156445394500 ) ) ;
#5910 = ORIENTED_EDGE ( 'NONE', *, *, #3561, .F. ) ;
#5911 = ITEM_DEFINED_TRANSFORMATION ( 'NONE', 'NONE', #5481,  #1507 ) ;
#5912 = VERTEX_POINT ( 'NONE', #3411 ) ;
#5913 = CARTESIAN_POINT ( 'NONE',  ( 5.599999999999827300, 1.139999999999999500, 4.500000029454192000 ) ) ;
#5914 = DIRECTION ( 'NONE',  ( 0.0000000000000000000, 0.0000000000000000000, 1.000000000000000000 ) ) ;
#5915 = VERTEX_POINT ( 'NONE', #99 ) ;
#5916 = EDGE_CURVE ( 'NONE', #4961, #3955, #855, .T. ) ;
#5917 = CARTESIAN_POINT ( 'NONE',  ( -0.9749999999999476900, -0.04999999999995979900, 4.100000000000087600 ) ) ;
#5918 = EDGE_CURVE ( 'NONE', #5625, #3016, #1497, .T. ) ;
#5919 = ORIENTED_EDGE ( 'NONE', *, *, #3733, .F. ) ;
#5920 = VERTEX_POINT ( 'NONE', #1717 ) ;
#5921 = ORIENTED_EDGE ( 'NONE', *, *, #2679, .T. ) ;
#5922 = FACE_OUTER_BOUND ( 'NONE', #3697, .T. ) ;
#5923 = EDGE_CURVE ( 'NONE', #5119, #1495, #2544, .T. ) ;
#5924 = ORIENTED_EDGE ( 'NONE', *, *, #5882, .T. ) ;
#5925 = CARTESIAN_POINT ( 'NONE',  ( 4.775000020249752500, 2.006428974360064300, -4.599999997427806500 ) ) ;
#5926 = CARTESIAN_POINT ( 'NONE',  ( -5.439999999999939100, 1.149999999999998100, 4.500000014727126200 ) ) ;
#5927 = DIRECTION ( 'NONE',  ( 1.000000000000000000, -7.304098846218940700E-015, 9.727731645189549300E-014 ) ) ;
#5928 = ORIENTED_EDGE ( 'NONE', *, *, #5056, .T. ) ;
#5929 = CARTESIAN_POINT ( 'NONE',  ( 10.32156932122342300, 0.7500000000001177900, 4.600000029454182700 ) ) ;
#5930 = DIRECTION ( 'NONE',  ( 1.000000000000000000, 0.0000000000000000000, 0.0000000000000000000 ) ) ;
#5931 = EDGE_CURVE ( 'NONE', #6067, #5535, #5962, .T. ) ;
#5932 = CLOSED_SHELL ( 'NONE', ( #2734, #1515, #1338, #2178, #2188, #1226, #2870, #2534, #1897, #1980 ) ) ;
#5933 = AXIS2_PLACEMENT_3D ( 'NONE', #895, #1139, #1113 ) ;
#5934 = CARTESIAN_POINT ( 'NONE',  ( 5.450000000578502800, 2.006428974360064300, -4.260000000000014000 ) ) ;
#5935 = ORIENTED_EDGE ( 'NONE', *, *, #5580, .F. ) ;
#5936 = ORIENTED_EDGE ( 'NONE', *, *, #1460, .F. ) ;
#5937 = DIRECTION ( 'NONE',  ( -1.000000000000000000, 0.0000000000000000000, 0.0000000000000000000 ) ) ;
#5938 = VECTOR ( 'NONE', #1592, 1000.000000000000000 ) ;
#5939 = EDGE_CURVE ( 'NONE', #1191, #3120, #2362, .T. ) ;
#5940 = DIRECTION ( 'NONE',  ( 0.0000000000000000000, 0.0000000000000000000, 1.000000000000000000 ) ) ;
#5941 = EDGE_CURVE ( 'NONE', #3156, #3735, #298, .T. ) ;
#5942 = ORIENTED_EDGE ( 'NONE', *, *, #3952, .T. ) ;
#5943 = DIRECTION ( 'NONE',  ( 0.0000000000000000000, 0.0000000000000000000, -1.000000000000000000 ) ) ;
#5944 = ORIENTED_EDGE ( 'NONE', *, *, #299, .F. ) ;
#5945 = CARTESIAN_POINT ( 'NONE',  ( 5.299999999999971400, 1.299999999999999200, 4.640000000000138200 ) ) ;
#5946 = ORIENTED_EDGE ( 'NONE', *, *, #1889, .T. ) ;
#5947 = VERTEX_POINT ( 'NONE', #5008 ) ;
#5948 = CARTESIAN_POINT ( 'NONE',  ( 4.175000000000047800, 0.4500000000000857800, -4.799999997427861800 ) ) ;
#5949 = CARTESIAN_POINT ( 'NONE',  ( -1.375000000000181600, 1.149999999999999900, 4.640000000000138200 ) ) ;
#5950 = SURFACE_STYLE_FILL_AREA ( #3044 ) ;
#5951 = EDGE_CURVE ( 'NONE', #3602, #179, #5833, .T. ) ;
#5952 = DIRECTION ( 'NONE',  ( 5.259689119837713200E-009, 0.0000000000000000000, -1.000000000000000000 ) ) ;
#5953 =( LENGTH_UNIT ( ) NAMED_UNIT ( * ) SI_UNIT ( .MILLI., .METRE. ) );
#5954 = EDGE_LOOP ( 'NONE', ( #1428, #664, #5272, #3937 ) ) ;
#5955 = ORIENTED_EDGE ( 'NONE', *, *, #4055, .T. ) ;
#5956 = VECTOR ( 'NONE', #4815, 1000.000000000000000 ) ;
#5957 = ORIENTED_EDGE ( 'NONE', *, *, #4279, .F. ) ;
#5958 = DIRECTION ( 'NONE',  ( -1.000000000000000000, 1.072893145651134500E-013, -1.826024711554735200E-015 ) ) ;
#5959 = EDGE_LOOP ( 'NONE', ( #2496, #4588, #3080, #5238 ) ) ;
#5960 = AXIS2_PLACEMENT_3D ( 'NONE', #3469, #274, #5624 ) ;
#5961 = LINE ( 'NONE', #5001, #24 ) ;
#5962 = LINE ( 'NONE', #4375, #58 ) ;
#5963 = DIRECTION ( 'NONE',  ( 0.0000000000000000000, 0.0000000000000000000, 1.000000000000000000 ) ) ;
#5964 = ORIENTED_EDGE ( 'NONE', *, *, #2459, .T. ) ;
#5965 = ORIENTED_EDGE ( 'NONE', *, *, #3590, .T. ) ;
#5966 = CARTESIAN_POINT ( 'NONE',  ( 10.32156932122342300, 0.1800000000000481800, 4.600000029454185400 ) ) ;
#5967 = DIRECTION ( 'NONE',  ( 0.0000000000000000000, 0.0000000000000000000, -1.000000000000000000 ) ) ;
#5968 = PRESENTATION_LAYER_ASSIGNMENT (  '', '', ( #778 ) ) ;
#5969 = CARTESIAN_POINT ( 'NONE',  ( 5.299999999999737800, 1.139999999999998600, 4.800000000000136600 ) ) ;
#5970 = FILL_AREA_STYLE_COLOUR ( '', #5617 ) ;
#5971 = FACE_OUTER_BOUND ( 'NONE', #2553, .T. ) ;
#5972 = ORIENTED_EDGE ( 'NONE', *, *, #5918, .F. ) ;
#5973 = DIRECTION ( 'NONE',  ( 0.0000000000000000000, 0.0000000000000000000, 1.000000000000000000 ) ) ;
#5974 = VECTOR ( 'NONE', #3416, 1000.000000000000000 ) ;
#5975 = CARTESIAN_POINT ( 'NONE',  ( -10.32156933198587000, 1.139999999999999500, 4.499999945711691900 ) ) ;
#5976 = EDGE_CURVE ( 'NONE', #4159, #5367, #5319, .T. ) ;
#5977 = ORIENTED_EDGE ( 'NONE', *, *, #2980, .F. ) ;
#5978 = DIRECTION ( 'NONE',  ( -1.000000000000000000, 1.667666423790703400E-032, -5.259688788402081300E-009 ) ) ;
#5979 = ORIENTED_EDGE ( 'NONE', *, *, #5088, .F. ) ;
#5980 = PLANE ( 'NONE',  #2625 ) ;
#5981 = DIRECTION ( 'NONE',  ( 0.0000000000000000000, 0.0000000000000000000, -1.000000000000000000 ) ) ;
#5982 = UNCERTAINTY_MEASURE_WITH_UNIT (LENGTH_MEASURE( 1.000000000000000100E-005 ), #4038, 'distance_accuracy_value', 'NONE');
#5983 = ORIENTED_EDGE ( 'NONE', *, *, #3699, .T. ) ;
#5984 = EDGE_LOOP ( 'NONE', ( #755, #241, #2651, #5614 ) ) ;
#5985 = DIRECTION ( 'NONE',  ( 0.0000000000000000000, 0.0000000000000000000, -1.000000000000000000 ) ) ;
#5986 = ORIENTED_EDGE ( 'NONE', *, *, #3970, .T. ) ;
#5987 = ORIENTED_EDGE ( 'NONE', *, *, #1750, .T. ) ;
#5988 = DIRECTION ( 'NONE',  ( 0.0000000000000000000, 1.000000000000000000, -0.0000000000000000000 ) ) ;
#5989 = ORIENTED_EDGE ( 'NONE', *, *, #5704, .F. ) ;
#5990 = CARTESIAN_POINT ( 'NONE',  ( 22.46390806328335500, 1.139999999999999900, 4.640000000000138200 ) ) ;
#5991 = DIRECTION ( 'NONE',  ( 1.000000000000000000, 0.0000000000000000000, 0.0000000000000000000 ) ) ;
#5992 = FILL_AREA_STYLE ('',( #1734 ) ) ;
#5993 = LINE ( 'NONE', #3447, #5860 ) ;
#5994 = LINE ( 'NONE', #865, #3761 ) ;
#5995 = VERTEX_POINT ( 'NONE', #1042 ) ;
#5996 = EDGE_CURVE ( 'NONE', #3204, #2947, #3578, .T. ) ;
#5997 = CARTESIAN_POINT ( 'NONE',  ( -10.32156929148626600, 0.4499999999999877400, -3.200000054288331300 ) ) ;
#5998 = DIRECTION ( 'NONE',  ( -1.000000000000000000, 0.0000000000000000000, -0.0000000000000000000 ) ) ;
#5999 = LINE ( 'NONE', #4999, #5859 ) ;
#6000 = VECTOR ( 'NONE', #2647, 1000.000000000000000 ) ;
#6001 = ORIENTED_EDGE ( 'NONE', *, *, #5918, .T. ) ;
#6002 = FACE_OUTER_BOUND ( 'NONE', #1724, .T. ) ;
#6003 = VECTOR ( 'NONE', #2491, 1000.000000000000000 ) ;
#6004 = AXIS2_PLACEMENT_3D ( 'NONE', #3581, #3544, #3495 ) ;
#6005 = FILL_AREA_STYLE_COLOUR ( '', #1602 ) ;
#6006 = EDGE_LOOP ( 'NONE', ( #5977, #2650, #1895, #5456, #5818, #5184, #5586, #645 ) ) ;
#6007 = ORIENTED_EDGE ( 'NONE', *, *, #3586, .T. ) ;
#6008 = DIRECTION ( 'NONE',  ( 1.000000000000000000, 0.0000000000000000000, 0.0000000000000000000 ) ) ;
#6009 = CARTESIAN_POINT ( 'NONE',  ( -4.174999986500165700, 1.149999999999999500, -4.645235985183845200 ) ) ;
#6010 = CARTESIAN_POINT ( 'NONE',  ( 4.175000020249841600, 1.300000000000000000, -3.949999997427844400 ) ) ;
#6011 = ORIENTED_EDGE ( 'NONE', *, *, #3313, .F. ) ;
#6012 = DIRECTION ( 'NONE',  ( -1.000000000000000000, -4.883772829978697200E-015, 0.0000000000000000000 ) ) ;
#6013 = DIRECTION ( 'NONE',  ( -1.000000000000000000, 0.0000000000000000000, 0.0000000000000000000 ) ) ;
#6014 = ORIENTED_EDGE ( 'NONE', *, *, #1935, .F. ) ;
#6015 = EDGE_LOOP ( 'NONE', ( #4690, #4694, #4702, #4706 ) ) ;
#6016 = LINE ( 'NONE', #1924, #774 ) ;
#6017 = EDGE_CURVE ( 'NONE', #3308, #1385, #822, .T. ) ;
#6018 = DIRECTION ( 'NONE',  ( 1.000000000000000000, -1.667666423790703400E-032, 5.259688788402081300E-009 ) ) ;
#6019 = DIRECTION ( 'NONE',  ( 0.0000000000000000000, 1.000000000000000000, 0.0000000000000000000 ) ) ;
#6020 = ORIENTED_EDGE ( 'NONE', *, *, #1460, .T. ) ;
#6021 = DIRECTION ( 'NONE',  ( 1.000000000000000000, 0.0000000000000000000, 5.259681579161437600E-009 ) ) ;
#6022 = ORIENTED_EDGE ( 'NONE', *, *, #3914, .T. ) ;
#6023 = DIRECTION ( 'NONE',  ( -1.072893145651134500E-013, -1.000000000000000000, 0.0000000000000000000 ) ) ;
#6024 = ORIENTED_EDGE ( 'NONE', *, *, #2, .T. ) ;
#6025 = ORIENTED_EDGE ( 'NONE', *, *, #6048, .T. ) ;
#6026 = DIRECTION ( 'NONE',  ( 1.000000000000000000, -0.0000000000000000000, 0.0000000000000000000 ) ) ;
#6027 = CARTESIAN_POINT ( 'NONE',  ( -4.374999979750215900, 1.149999999999999900, -3.749999997427866400 ) ) ;
#6028 = VERTEX_POINT ( 'NONE', #4000 ) ;
#6029 = ORIENTED_EDGE ( 'NONE', *, *, #5882, .F. ) ;
#6030 = AXIS2_PLACEMENT_3D ( 'NONE', #5101, #4332, #4387 ) ;
#6031 = EDGE_CURVE ( 'NONE', #3936, #1810, #1289, .T. ) ;
#6032 = ORIENTED_EDGE ( 'NONE', *, *, #1336, .F. ) ;
#6033 = CARTESIAN_POINT ( 'NONE',  ( 5.449999999999935300, -0.05000000000000143200, -4.100000000000012100 ) ) ;
#6034 = DIRECTION ( 'NONE',  ( -1.000000000000000000, 0.0000000000000000000, -0.0000000000000000000 ) ) ;
#6035 = VERTEX_POINT ( 'NONE', #1398 ) ;
#6036 = EDGE_CURVE ( 'NONE', #4035, #5003, #4339, .T. ) ;
#6037 = VERTEX_POINT ( 'NONE', #4987 ) ;
#6038 = DIRECTION ( 'NONE',  ( -1.000000000000000000, -3.362732470473659500E-014, 0.0000000000000000000 ) ) ;
#6039 = EDGE_LOOP ( 'NONE', ( #3534, #3558, #3567, #3587 ) ) ;
#6040 = PLANE ( 'NONE',  #1564 ) ;
#6041 = VECTOR ( 'NONE', #3532, 1000.000000000000000 ) ;
#6042 = ORIENTED_EDGE ( 'NONE', *, *, #3630, .F. ) ;
#6043 = EDGE_CURVE ( 'NONE', #491, #1714, #502, .T. ) ;
#6044 = DIRECTION ( 'NONE',  ( -3.965082230804315200E-015, -3.931978574460980700E-030, -1.000000000000000000 ) ) ;
#6045 = ORIENTED_EDGE ( 'NONE', *, *, #113, .T. ) ;
#6046 = VERTEX_POINT ( 'NONE', #3378 ) ;
#6047 = CARTESIAN_POINT ( 'NONE',  ( 5.440000040500858200, 1.150000000000000400, -3.200250156445393100 ) ) ;
#6048 = EDGE_CURVE ( 'NONE', #5444, #4408, #216, .T. ) ;
#6049 = DIRECTION ( 'NONE',  ( 0.0000000000000000000, 0.0000000000000000000, 1.000000000000000000 ) ) ;
#6050 = ORIENTED_EDGE ( 'NONE', *, *, #1723, .T. ) ;
#6051 = VERTEX_POINT ( 'NONE', #1719 ) ;
#6052 = VECTOR ( 'NONE', #5260, 1000.000000000000000 ) ;
#6053 = DIRECTION ( 'NONE',  ( -5.259688788402080500E-009, 0.0000000000000000000, 1.000000000000000000 ) ) ;
#6054 = VERTEX_POINT ( 'NONE', #5861 ) ;
#6055 = CIRCLE ( 'NONE', #309, 0.1999999999999970700 ) ;
#6056 = VECTOR ( 'NONE', #1650, 1000.000000000000000 ) ;
#6057 = PLANE ( 'NONE',  #613 ) ;
#6058 = ORIENTED_EDGE ( 'NONE', *, *, #3952, .F. ) ;
#6059 = CARTESIAN_POINT ( 'NONE',  ( 5.449999999473967600, 0.1800000000000490400, 4.600000028665232500 ) ) ;
#6060 = PLANE ( 'NONE',  #5825 ) ;
#6061 = ORIENTED_EDGE ( 'NONE', *, *, #2837, .F. ) ;
#6062 = ORIENTED_EDGE ( 'NONE', *, *, #3265, .F. ) ;
#6063 = AXIS2_PLACEMENT_3D ( 'NONE', #599, #2838, #2858 ) ;
#6064 = CARTESIAN_POINT ( 'NONE',  ( 5.199999999999982400, 0.4499999999999851300, 4.800000000000137500 ) ) ;
#6065 =( LENGTH_UNIT ( ) NAMED_UNIT ( * ) SI_UNIT ( .MILLI., .METRE. ) );
#6066 = DIRECTION ( 'NONE',  ( -1.000000000000000000, -3.362732470473659500E-014, 0.0000000000000000000 ) ) ;
#6067 = VERTEX_POINT ( 'NONE', #4568 ) ;
#6068 = VECTOR ( 'NONE', #3965, 1000.000000000000000 ) ;
#6069 = CARTESIAN_POINT ( 'NONE',  ( -5.599999999999938400, 0.1800000000000481800, 4.600000029454185400 ) ) ;
#6070 = CYLINDRICAL_SURFACE ( 'NONE', #292, 0.009999999999999266400 ) ;
#6071 = EDGE_CURVE ( 'NONE', #1022, #2976, #3304, .T. ) ;
#6072 = AXIS2_PLACEMENT_3D ( 'NONE', #1748, #5404, #1018 ) ;
#6073 = ORIENTED_EDGE ( 'NONE', *, *, #2745, .T. ) ;
#6074 = LINE ( 'NONE', #3788, #5076 ) ;
#6075 = LINE ( 'NONE', #3548, #3419 ) ;
#6076 = DIRECTION ( 'NONE',  ( 0.0000000000000000000, 0.0000000000000000000, 1.000000000000000000 ) ) ;
#6077 = EDGE_CURVE ( 'NONE', #5270, #5531, #4751, .T. ) ;
#6078 = VERTEX_POINT ( 'NONE', #4500 ) ;
#6079 = AXIS2_PLACEMENT_3D ( 'NONE', #5073, #5029, #4927 ) ;
#6080 = PLANE ( 'NONE',  #3210 ) ;
#6081 = CYLINDRICAL_SURFACE ( 'NONE', #5158, 0.2000000000000334800 ) ;
#6082 = DIRECTION ( 'NONE',  ( -1.000000000000000000, 0.0000000000000000000, -0.0000000000000000000 ) ) ;
#6083 = CARTESIAN_POINT ( 'NONE',  ( 5.449999999999957500, 1.139999999999999500, -1.397020162857316400 ) ) ;
#6084 = CARTESIAN_POINT ( 'NONE',  ( -4.574999989200103200, 1.149999999999999500, -4.089999999999976800 ) ) ;
#6085 = ORIENTED_EDGE ( 'NONE', *, *, #4250, .T. ) ;
#6086 = VERTEX_POINT ( 'NONE', #5807 ) ;
#6087 = CIRCLE ( 'NONE', #2217, 0.01000000000000015300 ) ;
#6088 = DIRECTION ( 'NONE',  ( 0.0000000000000000000, 0.0000000000000000000, 1.000000000000000000 ) ) ;
#6089 = CIRCLE ( 'NONE', #1424, 0.1999999999999779700 ) ;
#6090 = CARTESIAN_POINT ( 'NONE',  ( -0.6782860000001853500, 0.2500002381462598800, -4.799999997427861800 ) ) ;
#6091 = EDGE_CURVE ( 'NONE', #3059, #4309, #438, .T. ) ;
#6092 = ORIENTED_EDGE ( 'NONE', *, *, #5346, .T. ) ;
#6093 = CIRCLE ( 'NONE', #546, 0.2000000000001601100 ) ;
#6094 = DIRECTION ( 'NONE',  ( 0.0000000000000000000, 1.000000000000000000, 0.0000000000000000000 ) ) ;
#6095 = PLANE ( 'NONE',  #3282 ) ;
#6096 = CARTESIAN_POINT ( 'NONE',  ( -4.175000000000022900, 1.139999999999999500, -4.649999997427859600 ) ) ;
#6097 = PRODUCT_DEFINITION ( 'UNKNOWN', '', #5809, #3672 ) ;
#6098 = FACE_OUTER_BOUND ( 'NONE', #1816, .T. ) ;
#6099 = EDGE_CURVE ( 'NONE', #5189, #2474, #1058, .T. ) ;
#6100 = CARTESIAN_POINT ( 'NONE',  ( 5.445219907088052500, 1.148922269036098700, -3.200166761398600000 ) ) ;
#6101 = AXIS2_PLACEMENT_3D ( 'NONE', #1193, #1178, #1356 ) ;
#6102 = ORIENTED_EDGE ( 'NONE', *, *, #2341, .T. ) ;
#6103 = DIRECTION ( 'NONE',  ( 0.0000000000000000000, 1.000000000000000000, 0.0000000000000000000 ) ) ;
#6104 = VERTEX_POINT ( 'NONE', #2985 ) ;
#6105 = VERTEX_POINT ( 'NONE', #362 ) ;
#6106 = EDGE_CURVE ( 'NONE', #3262, #5181, #2485, .T. ) ;
#6107 = ORIENTED_EDGE ( 'NONE', *, *, #4186, .F. ) ;
#6108 = ORIENTED_EDGE ( 'NONE', *, *, #4011, .F. ) ;
#6109 = ORIENTED_EDGE ( 'NONE', *, *, #1825, .F. ) ;
#6110 = DIRECTION ( 'NONE',  ( 0.0000000000000000000, 1.000000000000000000, 0.0000000000000000000 ) ) ;
#6111 = ORIENTED_EDGE ( 'NONE', *, *, #2332, .T. ) ;
#6112 = EDGE_CURVE ( 'NONE', #3844, #4860, #2546, .T. ) ;
#6113 = ORIENTED_EDGE ( 'NONE', *, *, #3831, .T. ) ;
#6114 = ORIENTED_EDGE ( 'NONE', *, *, #2286, .T. ) ;
#6115 = ORIENTED_EDGE ( 'NONE', *, *, #5400, .F. ) ;
#6116 = ORIENTED_EDGE ( 'NONE', *, *, #3195, .T. ) ;
#6117 = CARTESIAN_POINT ( 'NONE',  ( -4.174999979750238000, 1.149999999999999500, -4.639999997427862500 ) ) ;
#6118 = NEXT_ASSEMBLY_USAGE_OCCURRENCE ( 'NAUO1', ' ', ' ', #6097, #3604, $ ) ;
#6119 = NEXT_ASSEMBLY_USAGE_OCCURRENCE ( 'NAUO2', ' ', ' ', #6097, #3913, $ ) ;
ENDSEC;
END-ISO-10303-21;
