ISO-10303-21;
HEADER;
FILE_DESCRIPTION (( 'STEP AP214' ),
    '1' );
FILE_NAME ('2022.04.01_MODULE.STEP',
    '2022-04-04T02:52:37',
    ( '' ),
    ( '' ),
    'SwSTEP 2.0',
    'SolidWorks 2019',
    '' );
FILE_SCHEMA (( 'AUTOMOTIVE_DESIGN' ));
ENDSEC;

DATA;
#1 = ORIENTED_EDGE ( 'NONE', *, *, #456, .F. ) ;
#2 = FACE_OUTER_BOUND ( 'NONE', #5636, .T. ) ;
#3 = PRODUCT_DEFINITION_FORMATION_WITH_SPECIFIED_SOURCE ( 'ANY', '', #5503, .NOT_KNOWN. ) ;
#4 = FACE_OUTER_BOUND ( 'NONE', #71, .T. ) ;
#5 = ORIENTED_EDGE ( 'NONE', *, *, #736, .F. ) ;
#6 = DIRECTION ( 'NONE',  ( 0.000000000000000000, 1.000000000000000000, 0.000000000000000000 ) ) ;
#7 = LINE ( 'NONE', #3958, #4772 ) ;
#8 = ORIENTED_EDGE ( 'NONE', *, *, #3507, .F. ) ;
#9 = FACE_OUTER_BOUND ( 'NONE', #817, .T. ) ;
#10 = ORIENTED_EDGE ( 'NONE', *, *, #3256, .T. ) ;
#11 = DIRECTION ( 'NONE',  ( 2.990902544787698185E-16, 8.628166150854816622E-32, -1.000000000000000000 ) ) ;
#12 = EDGE_CURVE ( 'NONE', #1692, #4483, #2113, .T. ) ;
#13 = CARTESIAN_POINT ( 'NONE',  ( 1.625000221597069805, 0.5400001977956978561, -4.599999999999992539 ) ) ;
#14 = CARTESIAN_POINT ( 'NONE',  ( -4.850000000000020961, 0.6050006264990103189, 2.035857372837413859 ) ) ;
#15 = LINE ( 'NONE', #2681, #955 ) ;
#16 = EDGE_LOOP ( 'NONE', ( #1258, #1413, #3075, #3346 ) ) ;
#17 = CARTESIAN_POINT ( 'NONE',  ( 4.549999999999998934, 1.940000000000000835, 4.450000000000019718 ) ) ;
#18 = EDGE_CURVE ( 'NONE', #1876, #846, #3071, .T. ) ;
#19 = EDGE_CURVE ( 'NONE', #3582, #4563, #4791, .T. ) ;
#20 = CARTESIAN_POINT ( 'NONE',  ( 4.025000000000000355, 2.248009955724776798, -4.599999999999993427 ) ) ;
#21 = CARTESIAN_POINT ( 'NONE',  ( 4.549999999999998934, 0.5999999999999998668, -3.899999999999999023 ) ) ;
#22 = CARTESIAN_POINT ( 'NONE',  ( 2.325000000000077005, 0.7399999999999993250, 4.450000000000019718 ) ) ;
#23 = ORIENTED_EDGE ( 'NONE', *, *, #4154, .T. ) ;
#24 = VERTEX_POINT ( 'NONE', #2540 ) ;
#25 = CARTESIAN_POINT ( 'NONE',  ( -0.2999999999999999334, 0.2999999999999999889, 0.1499999999999999944 ) ) ;
#26 = EDGE_CURVE ( 'NONE', #614, #3884, #5028, .T. ) ;
#27 = VECTOR ( 'NONE', #2914, 1000.000000000000000 ) ;
#28 = CARTESIAN_POINT ( 'NONE',  ( -6.449999999999997513, 0.000000000000000000, -4.799999999999998934 ) ) ;
#29 = AXIS2_PLACEMENT_3D ( 'NONE', #3696, #2447, #1069 ) ;
#30 = AXIS2_PLACEMENT_3D ( 'NONE', #4487, #2677, #565 ) ;
#31 =( NAMED_UNIT ( * ) PLANE_ANGLE_UNIT ( ) SI_UNIT ( $, .RADIAN. ) );
#32 = EDGE_LOOP ( 'NONE', ( #4159, #1762, #1500, #3634 ) ) ;
#33 = EDGE_LOOP ( 'NONE', ( #2230, #3421, #3229, #672 ) ) ;
#34 = CARTESIAN_POINT ( 'NONE',  ( -6.449999999999993960, 0.3400000000000000244, 4.800000000000002487 ) ) ;
#35 = AXIS2_PLACEMENT_3D ( 'NONE', #3778, #1568, #4608 ) ;
#36 = FACE_OUTER_BOUND ( 'NONE', #2402, .T. ) ;
#37 = VERTEX_POINT ( 'NONE', #3897 ) ;
#38 = FACE_OUTER_BOUND ( 'NONE', #1182, .T. ) ;
#39 = ORIENTED_EDGE ( 'NONE', *, *, #949, .F. ) ;
#40 = CARTESIAN_POINT ( 'NONE',  ( 4.349999999999965006, 0.5899999999999994138, -4.400000000000015454 ) ) ;
#41 = ORIENTED_EDGE ( 'NONE', *, *, #5392, .T. ) ;
#42 = DIRECTION ( 'NONE',  ( 0.000000000000000000, 0.000000000000000000, 1.000000000000000000 ) ) ;
#43 = AXIS2_PLACEMENT_3D ( 'NONE', #844, #5256, #1210 ) ;
#44 = EDGE_CURVE ( 'NONE', #433, #5472, #2086, .T. ) ;
#45 = LINE ( 'NONE', #3569, #2649 ) ;
#46 = LINE ( 'NONE', #453, #3384 ) ;
#47 = DIRECTION ( 'NONE',  ( -1.000000000000000000, 2.282530889443285351E-16, 0.000000000000000000 ) ) ;
#48 = ORIENTED_EDGE ( 'NONE', *, *, #2746, .T. ) ;
#49 = FACE_OUTER_BOUND ( 'NONE', #1368, .T. ) ;
#50 = DIRECTION ( 'NONE',  ( 1.000000000000000000, 0.000000000000000000, 0.000000000000000000 ) ) ;
#51 = CARTESIAN_POINT ( 'NONE',  ( 0.7750000000000248912, 0.4399999999999993916, 3.899999999999998135 ) ) ;
#52 = DIRECTION ( 'NONE',  ( -1.000000000000000000, -0.000000000000000000, 1.355252715606881036E-16 ) ) ;
#53 = EDGE_CURVE ( 'NONE', #1855, #439, #5694, .T. ) ;
#54 = AXIS2_PLACEMENT_3D ( 'NONE', #3849, #3414, #5558 ) ;
#55 = EDGE_CURVE ( 'NONE', #5609, #5220, #3170, .T. ) ;
#56 = EDGE_CURVE ( 'NONE', #3164, #1389, #3558, .T. ) ;
#57 = VECTOR ( 'NONE', #2064, 1000.000000000000000 ) ;
#58 = EDGE_LOOP ( 'NONE', ( #3104, #4429, #4956, #5720 ) ) ;
#59 = EDGE_LOOP ( 'NONE', ( #124, #3143, #4166, #162 ) ) ;
#60 = CARTESIAN_POINT ( 'NONE',  ( -4.350000000000020961, 0.4399999999999993916, -4.400000000000013678 ) ) ;
#61 = DIRECTION ( 'NONE',  ( 1.000000000000000000, 0.000000000000000000, 0.000000000000000000 ) ) ;
#62 = CIRCLE ( 'NONE', #3308, 0.2999997026963835411 ) ;
#63 = SURFACE_SIDE_STYLE ('',( #524 ) ) ;
#64 = ADVANCED_FACE ( 'NONE', ( #3949 ), #1185, .T. ) ;
#65 = EDGE_CURVE ( 'NONE', #4816, #1329, #2568, .T. ) ;
#66 = VERTEX_POINT ( 'NONE', #5196 ) ;
#67 = VERTEX_POINT ( 'NONE', #4358 ) ;
#68 = DIRECTION ( 'NONE',  ( 0.000000000000000000, 0.000000000000000000, 1.000000000000000000 ) ) ;
#69 = PLANE ( 'NONE',  #2393 ) ;
#70 = ORIENTED_EDGE ( 'NONE', *, *, #3506, .F. ) ;
#71 = EDGE_LOOP ( 'NONE', ( #1725, #97, #5546, #5690 ) ) ;
#72 = DIRECTION ( 'NONE',  ( 0.000000000000000000, 0.000000000000000000, -1.000000000000000000 ) ) ;
#73 = ORIENTED_EDGE ( 'NONE', *, *, #5708, .F. ) ;
#74 = DIRECTION ( 'NONE',  ( -1.000000000000000000, 0.000000000000000000, 0.000000000000000000 ) ) ;
#75 = FACE_OUTER_BOUND ( 'NONE', #16, .T. ) ;
#76 = DIRECTION ( 'NONE',  ( -8.425799740458608364E-14, 0.000000000000000000, -1.000000000000000000 ) ) ;
#77 = DIRECTION ( 'NONE',  ( -1.000000000000000000, 0.000000000000000000, 0.000000000000000000 ) ) ;
#78 = FACE_OUTER_BOUND ( 'NONE', #4251, .T. ) ;
#79 = DIRECTION ( 'NONE',  ( 0.000000000000000000, 0.000000000000000000, 1.000000000000000000 ) ) ;
#80 = FACE_OUTER_BOUND ( 'NONE', #3516, .T. ) ;
#81 = VECTOR ( 'NONE', #5302, 1000.000000000000000 ) ;
#82 = ORIENTED_EDGE ( 'NONE', *, *, #3685, .F. ) ;
#83 = ORIENTED_EDGE ( 'NONE', *, *, #4673, .F. ) ;
#84 = CARTESIAN_POINT ( 'NONE',  ( -11.27290224021418652, 2.099999999999997868, 4.300000000000019362 ) ) ;
#85 = CIRCLE ( 'NONE', #3522, 0.2000000000000334843 ) ;
#86 = CARTESIAN_POINT ( 'NONE',  ( -4.025000000000001243, 0.4399999999999993916, -4.599999999999992539 ) ) ;
#87 = ADVANCED_FACE ( 'NONE', ( #5724 ), #2106, .T. ) ;
#88 = SURFACE_STYLE_FILL_AREA ( #3130 ) ;
#89 = VECTOR ( 'NONE', #4828, 1000.000000000000000 ) ;
#90 = ORIENTED_EDGE ( 'NONE', *, *, #884, .F. ) ;
#91 = EDGE_LOOP ( 'NONE', ( #5328, #2751, #574, #564 ) ) ;
#92 = DIRECTION ( 'NONE',  ( 1.000000000000000000, 2.990902544787698678E-16, 0.000000000000000000 ) ) ;
#93 = LINE ( 'NONE', #2287, #921 ) ;
#94 = ORIENTED_EDGE ( 'NONE', *, *, #55, .F. ) ;
#95 = EDGE_CURVE ( 'NONE', #5023, #1159, #3221, .T. ) ;
#96 = ADVANCED_FACE ( 'NONE', ( #2307 ), #4447, .T. ) ;
#97 = ORIENTED_EDGE ( 'NONE', *, *, #4924, .T. ) ;
#98 = FACE_OUTER_BOUND ( 'NONE', #1971, .T. ) ;
#99 =( GEOMETRIC_REPRESENTATION_CONTEXT ( 3 ) GLOBAL_UNCERTAINTY_ASSIGNED_CONTEXT ( ( #3393 ) ) GLOBAL_UNIT_ASSIGNED_CONTEXT ( ( #3980, #31, #115 ) ) REPRESENTATION_CONTEXT ( 'NONE', 'WORKASPACE' ) );
#100 = ORIENTED_EDGE ( 'NONE', *, *, #2748, .T. ) ;
#101 = CARTESIAN_POINT ( 'NONE',  ( -4.350000000000020961, 0.9400000000000041656, -5.688170446387289303 ) ) ;
#102 = DIRECTION ( 'NONE',  ( 0.000000000000000000, -1.000000000000000000, 0.000000000000000000 ) ) ;
#103 = CARTESIAN_POINT ( 'NONE',  ( -4.549999999999998046, 0.5900000000000003020, -3.900000000000012790 ) ) ;
#104 = CARTESIAN_POINT ( 'NONE',  ( -4.549999999999998934, 1.940000000000000391, 4.440000000000019931 ) ) ;
#105 = PRODUCT_DEFINITION_CONTEXT ( 'detailed design', #853, 'design' ) ;
#106 = CARTESIAN_POINT ( 'NONE',  ( 4.549999999999998934, 2.099999999999999645, -0.8528866118898896787 ) ) ;
#107 = CARTESIAN_POINT ( 'NONE',  ( -6.449999999999997513, 0.3400000000000000244, -4.799999999999998934 ) ) ;
#108 = CARTESIAN_POINT ( 'NONE',  ( 3.366421356237270679, 0.7985786437627379053, 9.561909157685011706 ) ) ;
#109 = VERTEX_POINT ( 'NONE', #5315 ) ;
#110 = ORIENTED_EDGE ( 'NONE', *, *, #4283, .F. ) ;
#111 = DIRECTION ( 'NONE',  ( 0.000000000000000000, 1.000000000000000000, 0.000000000000000000 ) ) ;
#112 = CYLINDRICAL_SURFACE ( 'NONE', #3565, 0.2999997026963835411 ) ;
#113 = ORIENTED_EDGE ( 'NONE', *, *, #5692, .T. ) ;
#114 = DIRECTION ( 'NONE',  ( -1.000000000000000000, 0.000000000000000000, 0.000000000000000000 ) ) ;
#115 =( NAMED_UNIT ( * ) SI_UNIT ( $, .STERADIAN. ) SOLID_ANGLE_UNIT ( ) );
#116 = AXIS2_PLACEMENT_3D ( 'NONE', #3979, #813, #5223 ) ;
#117 = AXIS2_PLACEMENT_3D ( 'NONE', #5179, #2466, #280 ) ;
#118 = ORIENTED_EDGE ( 'NONE', *, *, #130, .T. ) ;
#119 = ADVANCED_FACE ( 'NONE', ( #4984 ), #1013, .F. ) ;
#120 = ORIENTED_EDGE ( 'NONE', *, *, #4082, .T. ) ;
#121 = AXIS2_PLACEMENT_3D ( 'NONE', #4237, #2391, #4120 ) ;
#122 = CARTESIAN_POINT ( 'NONE',  ( 0.1282860000003660794, 0.7400003959984737811, -4.449999999999992184 ) ) ;
#123 = DIRECTION ( 'NONE',  ( 0.000000000000000000, 1.000000000000000000, 0.000000000000000000 ) ) ;
#124 = ORIENTED_EDGE ( 'NONE', *, *, #3458, .F. ) ;
#125 = CIRCLE ( 'NONE', #4017, 0.2000000000000057288 ) ;
#126 = AXIS2_PLACEMENT_3D ( 'NONE', #4775, #4721, #2068 ) ;
#127 = ORIENTED_EDGE ( 'NONE', *, *, #203, .T. ) ;
#128 = PLANE ( 'NONE',  #4354 ) ;
#129 = EDGE_CURVE ( 'NONE', #4928, #3197, #3552, .T. ) ;
#130 = EDGE_CURVE ( 'NONE', #2774, #3589, #5034, .T. ) ;
#131 = ORIENTED_EDGE ( 'NONE', *, *, #4505, .F. ) ;
#132 = DIRECTION ( 'NONE',  ( 1.000000000000000000, 0.000000000000000000, -3.265361837132639879E-14 ) ) ;
#133 = DIRECTION ( 'NONE',  ( 1.000000000000000000, 0.000000000000000000, 0.000000000000000000 ) ) ;
#134 = CARTESIAN_POINT ( 'NONE',  ( 4.025000000000000355, 2.248009955724776798, -4.400000000000015454 ) ) ;
#135 = DIRECTION ( 'NONE',  ( -7.795477160449789329E-14, 0.000000000000000000, -1.000000000000000000 ) ) ;
#136 = CIRCLE ( 'NONE', #1597, 0.009999999999999592548 ) ;
#137 = CIRCLE ( 'NONE', #4125, 0.1599999999999997813 ) ;
#138 = EDGE_CURVE ( 'NONE', #3318, #1791, #5316, .T. ) ;
#139 = VECTOR ( 'NONE', #4922, 1000.000000000000000 ) ;
#140 = DIRECTION ( 'NONE',  ( -1.000000000000000000, -0.000000000000000000, 3.897738580224894665E-14 ) ) ;
#141 = CARTESIAN_POINT ( 'NONE',  ( 4.549999999999998934, 2.100000000000000089, 4.300000000000025580 ) ) ;
#142 = LINE ( 'NONE', #1954, #1969 ) ;
#143 = VECTOR ( 'NONE', #2492, 1000.000000000000000 ) ;
#144 = ORIENTED_EDGE ( 'NONE', *, *, #2714, .T. ) ;
#145 = ORIENTED_EDGE ( 'NONE', *, *, #1560, .T. ) ;
#146 = CARTESIAN_POINT ( 'NONE',  ( 3.825000000000022826, 0.5999999999999998668, -4.049999999999998934 ) ) ;
#147 = LINE ( 'NONE', #4158, #4295 ) ;
#148 = AXIS2_PLACEMENT_3D ( 'NONE', #5215, #2589, #3402 ) ;
#149 = VERTEX_POINT ( 'NONE', #2776 ) ;
#150 = ADVANCED_BREP_SHAPE_REPRESENTATION ( '', ( #4781, #831 ), #1939 ) ;
#151 = PLANE ( 'NONE',  #2269 ) ;
#152 = FACE_OUTER_BOUND ( 'NONE', #5483, .T. ) ;
#153 = VERTEX_POINT ( 'NONE', #4011 ) ;
#154 = ORIENTED_EDGE ( 'NONE', *, *, #4067, .T. ) ;
#155 = CARTESIAN_POINT ( 'NONE',  ( 1.524999999999997691, 0.5900000000000010791, 4.599999999999992539 ) ) ;
#156 = CARTESIAN_POINT ( 'NONE',  ( 11.27290200957160238, 2.099999999999999645, 4.300000000000019362 ) ) ;
#157 = VECTOR ( 'NONE', #3718, 1000.000000000000000 ) ;
#158 = ORIENTED_EDGE ( 'NONE', *, *, #4410, .F. ) ;
#159 = SHAPE_REPRESENTATION ( 'L1(HK0603)', ( #831 ), #2689 ) ;
#160 = VERTEX_POINT ( 'NONE', #2693 ) ;
#161 = LINE ( 'NONE', #3596, #1018 ) ;
#162 = ORIENTED_EDGE ( 'NONE', *, *, #3760, .T. ) ;
#163 = CARTESIAN_POINT ( 'NONE',  ( 4.549999999999984723, 0.5899999999999994138, -4.059999999999998721 ) ) ;
#164 = CARTESIAN_POINT ( 'NONE',  ( 4.550000000000012257, 1.940000000000000391, -3.889999999999997460 ) ) ;
#165 = DIRECTION ( 'NONE',  ( 1.355252715606881036E-16, 0.000000000000000000, -1.000000000000000000 ) ) ;
#166 = CARTESIAN_POINT ( 'NONE',  ( -4.549999999999998934, 2.099999999999998757, 4.450000000000019718 ) ) ;
#167 = EDGE_CURVE ( 'NONE', #5040, #4132, #3158, .T. ) ;
#168 = PRODUCT_RELATED_PRODUCT_CATEGORY ( 'part', '', ( #5503 ) ) ;
#169 = DIRECTION ( 'NONE',  ( -2.224959106211696026E-13, 0.000000000000000000, -1.000000000000000000 ) ) ;
#170 = CARTESIAN_POINT ( 'NONE',  ( 15.95681286259029186, 1.940000000000000391, 4.440000000000019931 ) ) ;
#171 = EDGE_CURVE ( 'NONE', #1329, #1344, #2334, .T. ) ;
#172 = CARTESIAN_POINT ( 'NONE',  ( -4.699999999999998401, 1.950000000000000400, -3.699999999999997513 ) ) ;
#173 = ADVANCED_FACE ( 'NONE', ( #1845 ), #112, .F. ) ;
#174 = ORIENTED_EDGE ( 'NONE', *, *, #2790, .F. ) ;
#175 = ORIENTED_EDGE ( 'NONE', *, *, #1093, .F. ) ;
#176 = PLANE ( 'NONE',  #640 ) ;
#177 = FACE_OUTER_BOUND ( 'NONE', #4001, .T. ) ;
#178 = EDGE_LOOP ( 'NONE', ( #1446, #836, #2067, #4450, #3985, #2662, #5279, #175, #3843, #991, #5012, #4897 ) ) ;
#179 = AXIS2_PLACEMENT_3D ( 'NONE', #164, #3060, #427 ) ;
#180 = LINE ( 'NONE', #4700, #5713 ) ;
#181 = CARTESIAN_POINT ( 'NONE',  ( -4.700000000000019718, 1.939999999999999947, -3.550000095150265267 ) ) ;
#182 = VECTOR ( 'NONE', #5374, 1000.000000000000000 ) ;
#183 = ORIENTED_EDGE ( 'NONE', *, *, #4879, .T. ) ;
#184 = AXIS2_PLACEMENT_3D ( 'NONE', #5409, #2729, #2787 ) ;
#185 = ORIENTED_EDGE ( 'NONE', *, *, #769, .F. ) ;
#186 = CARTESIAN_POINT ( 'NONE',  ( -0.2499998239810417022, 0.6700001493863214641, 9.561909157685011706 ) ) ;
#187 = EDGE_LOOP ( 'NONE', ( #804, #5008, #1776, #4942 ) ) ;
#188 = VERTEX_POINT ( 'NONE', #4071 ) ;
#189 = VECTOR ( 'NONE', #796, 1000.000000000000000 ) ;
#190 = DIRECTION ( 'NONE',  ( -1.000000000000000000, 0.000000000000000000, 0.000000000000000000 ) ) ;
#191 = EDGE_LOOP ( 'NONE', ( #1557, #2169, #4733, #5539 ) ) ;
#192 = LINE ( 'NONE', #409, #423 ) ;
#193 = AXIS2_PLACEMENT_3D ( 'NONE', #2459, #4252, #1164 ) ;
#194 = SURFACE_STYLE_USAGE ( .BOTH. , #1117 ) ;
#195 = LINE ( 'NONE', #4115, #896 ) ;
#196 = CYLINDRICAL_SURFACE ( 'NONE', #3006, 0.1999999999999779732 ) ;
#197 = EDGE_CURVE ( 'NONE', #5322, #4305, #4931, .T. ) ;
#198 = AXIS2_PLACEMENT_3D ( 'NONE', #992, #4046, #1664 ) ;
#199 = CYLINDRICAL_SURFACE ( 'NONE', #891, 0.2000000000000057288 ) ;
#200 = LINE ( 'NONE', #2440, #5508 ) ;
#201 = DIRECTION ( 'NONE',  ( 0.000000000000000000, 1.000000000000000000, 0.000000000000000000 ) ) ;
#202 = ORIENTED_EDGE ( 'NONE', *, *, #2858, .T. ) ;
#203 = EDGE_CURVE ( 'NONE', #2275, #5663, #394, .T. ) ;
#204 = ORIENTED_EDGE ( 'NONE', *, *, #2449, .T. ) ;
#205 = EDGE_CURVE ( 'NONE', #1546, #5165, #1779, .T. ) ;
#206 = DIRECTION ( 'NONE',  ( 1.000000000000000000, -0.000000000000000000, 0.000000000000000000 ) ) ;
#207 = CARTESIAN_POINT ( 'NONE',  ( -3.624999999999989342, -23.88321892447783412, -3.549999999999969624 ) ) ;
#208 = ORIENTED_EDGE ( 'NONE', *, *, #5391, .T. ) ;
#209 = DIRECTION ( 'NONE',  ( -3.265361837132639879E-14, -0.000000000000000000, -1.000000000000000000 ) ) ;
#210 =( NAMED_UNIT ( * ) PLANE_ANGLE_UNIT ( ) SI_UNIT ( $, .RADIAN. ) );
#211 = ORIENTED_EDGE ( 'NONE', *, *, #333, .F. ) ;
#212 = ORIENTED_EDGE ( 'NONE', *, *, #65, .F. ) ;
#213 = ADVANCED_FACE ( 'NONE', ( #495 ), #1410, .F. ) ;
#214 = CARTESIAN_POINT ( 'NONE',  ( 4.349999999999965006, 2.248009955724776798, -4.600000000000021849 ) ) ;
#215 = VECTOR ( 'NONE', #1313, 1000.000000000000000 ) ;
#216 = ORIENTED_EDGE ( 'NONE', *, *, #794, .F. ) ;
#217 = ORIENTED_EDGE ( 'NONE', *, *, #2062, .F. ) ;
#218 = VECTOR ( 'NONE', #3880, 1000.000000000000000 ) ;
#219 = CARTESIAN_POINT ( 'NONE',  ( -4.350000000000020961, 0.5899999999999994138, -4.400000000000013678 ) ) ;
#220 = DIRECTION ( 'NONE',  ( 1.000000000000000000, 0.000000000000000000, 0.000000000000000000 ) ) ;
#221 = AXIS2_PLACEMENT_3D ( 'NONE', #4044, #61, #2722 ) ;
#222 = CARTESIAN_POINT ( 'NONE',  ( -0.1499999999999999667, 0.000000000000000000, -0.2999999999999999334 ) ) ;
#223 = CARTESIAN_POINT ( 'NONE',  ( -4.549999999999998934, -23.88321892447783412, -3.699999999999997513 ) ) ;
#224 = DIRECTION ( 'NONE',  ( 3.423796334164928027E-16, -1.000000000000000000, 7.395570986446987865E-32 ) ) ;
#225 = AXIS2_PLACEMENT_3D ( 'NONE', #5538, #2389, #3332 ) ;
#226 = PLANE ( 'NONE',  #1702 ) ;
#227 = CARTESIAN_POINT ( 'NONE',  ( -4.690000000000020819, 1.950000000000000400, 4.300000000000015810 ) ) ;
#228 = ORIENTED_EDGE ( 'NONE', *, *, #1384, .T. ) ;
#229 = VERTEX_POINT ( 'NONE', #3189 ) ;
#230 = VERTEX_POINT ( 'NONE', #1818 ) ;
#231 = CARTESIAN_POINT ( 'NONE',  ( -4.850000000000020961, 0.6700006265358471325, 2.225000176018516296 ) ) ;
#232 = PLANE ( 'NONE',  #2149 ) ;
#233 = CARTESIAN_POINT ( 'NONE',  ( -4.025000000000001243, 0.4399999999999993916, -4.400000000000014566 ) ) ;
#234 = EDGE_CURVE ( 'NONE', #592, #4859, #4753, .T. ) ;
#235 = CIRCLE ( 'NONE', #1794, 0.1599999999999995592 ) ;
#236 = VERTEX_POINT ( 'NONE', #523 ) ;
#237 = ORIENTED_EDGE ( 'NONE', *, *, #413, .T. ) ;
#238 = DIRECTION ( 'NONE',  ( -1.000000000000000000, -2.990902544787698185E-16, -2.990902544787698678E-16 ) ) ;
#239 = AXIS2_PLACEMENT_3D ( 'NONE', #2078, #3867, #1228 ) ;
#240 = EDGE_LOOP ( 'NONE', ( #3048, #2874, #216, #3372 ) ) ;
#241 = ORIENTED_EDGE ( 'NONE', *, *, #1009, .T. ) ;
#242 = EDGE_CURVE ( 'NONE', #986, #4008, #4958, .T. ) ;
#243 = CARTESIAN_POINT ( 'NONE',  ( 0.7750000000000256684, 2.099999999999999201, 3.899999999999997691 ) ) ;
#244 = VECTOR ( 'NONE', #2752, 1000.000000000000000 ) ;
#245 = CARTESIAN_POINT ( 'NONE',  ( 4.849999999999965894, 0.7399996200763460097, -3.350000095150289958 ) ) ;
#246 = PLANE ( 'NONE',  #4722 ) ;
#247 = AXIS2_PLACEMENT_3D ( 'NONE', #3314, #2810, #5077 ) ;
#248 = DIRECTION ( 'NONE',  ( 1.141265444721642676E-16, -1.000000000000000000, 0.000000000000000000 ) ) ;
#249 = CARTESIAN_POINT ( 'NONE',  ( -0.2499998239810417022, 0.6700001493863214641, -4.599999999999992539 ) ) ;
#250 = CARTESIAN_POINT ( 'NONE',  ( 4.849999999999965894, 0.6049999999630804037, -0.03914262716249588409 ) ) ;
#251 = CARTESIAN_POINT ( 'NONE',  ( -1.039142627162199517, 0.6050001493495071880, 9.561909157685011706 ) ) ;
#252 = VERTEX_POINT ( 'NONE', #1489 ) ;
#253 =( NAMED_UNIT ( * ) SI_UNIT ( $, .STERADIAN. ) SOLID_ANGLE_UNIT ( ) );
#254 = ORIENTED_EDGE ( 'NONE', *, *, #5233, .F. ) ;
#255 = ORIENTED_EDGE ( 'NONE', *, *, #3968, .T. ) ;
#256 = CYLINDRICAL_SURFACE ( 'NONE', #5087, 0.009999999999999592548 ) ;
#257 = CARTESIAN_POINT ( 'NONE',  ( -3.824999999999994849, -23.88321892447783412, -3.749999999999975575 ) ) ;
#258 = PLANE ( 'NONE',  #2841 ) ;
#259 =( NAMED_UNIT ( * ) SI_UNIT ( $, .STERADIAN. ) SOLID_ANGLE_UNIT ( ) );
#260 =( REPRESENTATION_RELATIONSHIP ('NONE','NONE', #5303, #5048 ) REPRESENTATION_RELATIONSHIP_WITH_TRANSFORMATION ( #371 )SHAPE_REPRESENTATION_RELATIONSHIP( ) );
#261 = ORIENTED_EDGE ( 'NONE', *, *, #5016, .F. ) ;
#262 = ORIENTED_EDGE ( 'NONE', *, *, #2110, .T. ) ;
#263 = CARTESIAN_POINT ( 'NONE',  ( 10.74234783244954450, 0.5999999999999998668, -4.060000000000014708 ) ) ;
#264 = ADVANCED_FACE ( 'NONE', ( #5544 ), #2475, .F. ) ;
#265 = ORIENTED_EDGE ( 'NONE', *, *, #2709, .T. ) ;
#266 = VERTEX_POINT ( 'NONE', #609 ) ;
#267 = DIRECTION ( 'NONE',  ( 1.000000000000000000, -1.626303258728435722E-15, 0.000000000000000000 ) ) ;
#268 = CIRCLE ( 'NONE', #1268, 0.2000000000000334843 ) ;
#269 = FACE_OUTER_BOUND ( 'NONE', #1335, .T. ) ;
#270 = EDGE_CURVE ( 'NONE', #3007, #4765, #1549, .T. ) ;
#271 = EDGE_CURVE ( 'NONE', #1389, #986, #147, .T. ) ;
#272 = DIRECTION ( 'NONE',  ( 0.000000000000000000, 0.000000000000000000, -1.000000000000000000 ) ) ;
#273 = VECTOR ( 'NONE', #761, 1000.000000000000000 ) ;
#274 = CARTESIAN_POINT ( 'NONE',  ( 2.325000000000021494, 0.9400000000000059419, -0.9613307051038245676 ) ) ;
#275 = CYLINDRICAL_SURFACE ( 'NONE', #695, 0.2999997026963803770 ) ;
#276 = VECTOR ( 'NONE', #3964, 1000.000000000000000 ) ;
#277 = ADVANCED_BREP_SHAPE_REPRESENTATION ( '', ( #1114, #831 ), #2689 ) ;
#278 = EDGE_CURVE ( 'NONE', #4510, #149, #306, .T. ) ;
#279 = CARTESIAN_POINT ( 'NONE',  ( 0.1499999999999999667, 0.000000000000000000, -0.2999999999999999334 ) ) ;
#280 = DIRECTION ( 'NONE',  ( 0.000000000000000000, 0.000000000000000000, 1.000000000000000000 ) ) ;
#281 = EDGE_LOOP ( 'NONE', ( #2792, #3245, #400, #618 ) ) ;
#282 = FACE_OUTER_BOUND ( 'NONE', #1841, .T. ) ;
#283 = ORIENTED_EDGE ( 'NONE', *, *, #4207, .T. ) ;
#284 = CARTESIAN_POINT ( 'NONE',  ( 0.7750000000000117906, 1.940000000000000391, 3.889999999999997460 ) ) ;
#285 = EDGE_LOOP ( 'NONE', ( #3258, #3738, #5108, #578 ) ) ;
#286 = PLANE ( 'NONE',  #2112 ) ;
#287 = LINE ( 'NONE', #1253, #3574 ) ;
#288 = DIRECTION ( 'NONE',  ( -0.000000000000000000, -1.000000000000000000, -0.000000000000000000 ) ) ;
#289 = CARTESIAN_POINT ( 'NONE',  ( -4.549999999999998934, 2.100000000000000089, 4.300000000000025580 ) ) ;
#290 = ORIENTED_EDGE ( 'NONE', *, *, #438, .T. ) ;
#291 = ORIENTED_EDGE ( 'NONE', *, *, #18, .F. ) ;
#292 = DIRECTION ( 'NONE',  ( 0.000000000000000000, -1.232595164407830946E-32, -1.000000000000000000 ) ) ;
#293 = ORIENTED_EDGE ( 'NONE', *, *, #5063, .T. ) ;
#294 = CARTESIAN_POINT ( 'NONE',  ( 4.549999999999998934, 0.9400000000000614531, -0.9613307051038245676 ) ) ;
#295 = ADVANCED_FACE ( 'NONE', ( #1524 ), #4212, .F. ) ;
#296 = DIRECTION ( 'NONE',  ( 0.000000000000000000, 1.000000000000000000, 0.000000000000000000 ) ) ;
#297 = DIRECTION ( 'NONE',  ( -2.282530889443284858E-16, 2.189528850507526673E-47, 1.000000000000000000 ) ) ;
#298 = CARTESIAN_POINT ( 'NONE',  ( 0.1282860000003660794, 0.7400003959984737811, 9.561909157685011706 ) ) ;
#299 = CARTESIAN_POINT ( 'NONE',  ( 1.724999999999985212, 0.5999999999999998668, 4.059999999999997833 ) ) ;
#300 = EDGE_CURVE ( 'NONE', #2347, #5487, #4849, .T. ) ;
#301 = EDGE_CURVE ( 'NONE', #4155, #5663, #4699, .T. ) ;
#302 = CIRCLE ( 'NONE', #4754, 0.1599999999999995592 ) ;
#303 = LINE ( 'NONE', #3855, #2739 ) ;
#304 = DIRECTION ( 'NONE',  ( 0.000000000000000000, -1.232595164407831220E-32, -1.000000000000000000 ) ) ;
#305 = ORIENTED_EDGE ( 'NONE', *, *, #5698, .T. ) ;
#306 = CIRCLE ( 'NONE', #1679, 0.1999999999999849121 ) ;
#307 = DIRECTION ( 'NONE',  ( 0.000000000000000000, 0.000000000000000000, -1.000000000000000000 ) ) ;
#308 = ADVANCED_FACE ( 'NONE', ( #1903 ), #4640, .T. ) ;
#309 = EDGE_CURVE ( 'NONE', #1827, #4333, #4242, .T. ) ;
#310 = UNCERTAINTY_MEASURE_WITH_UNIT (LENGTH_MEASURE( 1.000000000000000082E-05 ), #2362, 'distance_accuracy_value', 'NONE');
#311 = ORIENTED_EDGE ( 'NONE', *, *, #1884, .F. ) ;
#312 = AXIS2_PLACEMENT_3D ( 'NONE', #2769, #4657, #2360 ) ;
#313 = ORIENTED_EDGE ( 'NONE', *, *, #1153, .F. ) ;
#314 = FACE_OUTER_BOUND ( 'NONE', #4538, .T. ) ;
#315 = CARTESIAN_POINT ( 'NONE',  ( -0.1499999999999999667, 0.000000000000000000, -0.2999999999999999334 ) ) ;
#316 = DIRECTION ( 'NONE',  ( 1.000000000000000000, -0.000000000000000000, 0.000000000000000000 ) ) ;
#317 = LINE ( 'NONE', #808, #1986 ) ;
#318 = PRODUCT_CONTEXT ( 'NONE', #967, 'mechanical' ) ;
#319 = ORIENTED_EDGE ( 'NONE', *, *, #2419, .F. ) ;
#320 = ORIENTED_EDGE ( 'NONE', *, *, #1852, .T. ) ;
#321 = CARTESIAN_POINT ( 'NONE',  ( 4.549999999999998934, 0.5999999999999998668, -4.059999999999998721 ) ) ;
#322 = ORIENTED_EDGE ( 'NONE', *, *, #3863, .F. ) ;
#323 = AXIS2_PLACEMENT_3D ( 'NONE', #3237, #5033, #1979 ) ;
#324 = VECTOR ( 'NONE', #1331, 1000.000000000000000 ) ;
#325 = LINE ( 'NONE', #2961, #2070 ) ;
#326 = FACE_OUTER_BOUND ( 'NONE', #5689, .T. ) ;
#327 = EDGE_LOOP ( 'NONE', ( #4246, #468, #5344, #3815 ) ) ;
#328 = CARTESIAN_POINT ( 'NONE',  ( 1.725000000000003419, 0.5900000000000010791, 4.399999999999987033 ) ) ;
#329 = DIRECTION ( 'NONE',  ( -1.000000000000000000, 0.000000000000000000, 0.000000000000000000 ) ) ;
#330 = CARTESIAN_POINT ( 'NONE',  ( 4.849999999999965894, 0.6049999999630465419, 0.9391429791998600063 ) ) ;
#331 = CARTESIAN_POINT ( 'NONE',  ( -3.825000000000022826, 2.099999999999999201, -3.899999999999997691 ) ) ;
#332 = VECTOR ( 'NONE', #2336, 1000.000000000000000 ) ;
#333 = EDGE_CURVE ( 'NONE', #5609, #846, #4028, .T. ) ;
#334 = ADVANCED_FACE ( 'NONE', ( #2422 ), #232, .T. ) ;
#335 = AXIS2_PLACEMENT_3D ( 'NONE', #223, #5065, #566 ) ;
#336 = LINE ( 'NONE', #4258, #1345 ) ;
#337 = CARTESIAN_POINT ( 'NONE',  ( -4.349999999999965006, 0.7399999999999984368, 4.450000000000019718 ) ) ;
#338 = FACE_OUTER_BOUND ( 'NONE', #1024, .T. ) ;
#339 = VECTOR ( 'NONE', #2855, 1000.000000000000000 ) ;
#340 = EDGE_LOOP ( 'NONE', ( #2444, #1869, #890, #5300 ) ) ;
#341 = DIRECTION ( 'NONE',  ( 0.000000000000000000, 0.000000000000000000, 1.000000000000000000 ) ) ;
#342 = EDGE_CURVE ( 'NONE', #1984, #4097, #3249, .T. ) ;
#343 = ADVANCED_FACE ( 'NONE', ( #3312 ), #4667, .T. ) ;
#344 = CARTESIAN_POINT ( 'NONE',  ( 4.849999999999965894, 0.5400000604896285639, 1.128286000000175537 ) ) ;
#345 = DIRECTION ( 'NONE',  ( 0.000000000000000000, 0.000000000000000000, 1.000000000000000000 ) ) ;
#346 = CYLINDRICAL_SURFACE ( 'NONE', #3392, 0.2000000000000057288 ) ;
#347 = ORIENTED_EDGE ( 'NONE', *, *, #2324, .F. ) ;
#348 = ORIENTED_EDGE ( 'NONE', *, *, #5666, .T. ) ;
#349 = FACE_OUTER_BOUND ( 'NONE', #285, .T. ) ;
#350 = ORIENTED_EDGE ( 'NONE', *, *, #1891, .F. ) ;
#351 =( NAMED_UNIT ( * ) PLANE_ANGLE_UNIT ( ) SI_UNIT ( $, .RADIAN. ) );
#352 = DIRECTION ( 'NONE',  ( 0.000000000000000000, -1.232595164407831220E-32, -1.000000000000000000 ) ) ;
#353 = DIRECTION ( 'NONE',  ( 1.000000000000000000, 2.710505431213683678E-16, 0.000000000000000000 ) ) ;
#354 = ORIENTED_EDGE ( 'NONE', *, *, #3243, .T. ) ;
#355 = DIRECTION ( 'NONE',  ( 0.000000000000000000, 0.000000000000000000, 1.000000000000000000 ) ) ;
#356 = CARTESIAN_POINT ( 'NONE',  ( -3.366421451386827357, 0.7985788092239373137, -4.449999999999992184 ) ) ;
#357 = AXIS2_PLACEMENT_3D ( 'NONE', #576, #1548, #5429 ) ;
#358 = CARTESIAN_POINT ( 'NONE',  ( 0.000000000000000000, 0.000000000000000000, 0.000000000000000000 ) ) ;
#359 = DIRECTION ( 'NONE',  ( -2.282530889443285351E-16, 0.000000000000000000, 1.000000000000000000 ) ) ;
#360 = VECTOR ( 'NONE', #816, 1000.000000000000000 ) ;
#361 = CARTESIAN_POINT ( 'NONE',  ( -3.307842095149522432, 0.7400001654612742286, -4.599999999999992539 ) ) ;
#362 = CARTESIAN_POINT ( 'NONE',  ( 0.3750000000000143774, 0.9400000000000605649, 4.600000000000020961 ) ) ;
#363 = DIRECTION ( 'NONE',  ( 0.000000000000000000, 0.000000000000000000, -1.000000000000000000 ) ) ;
#364 = VECTOR ( 'NONE', #3026, 1000.000000000000000 ) ;
#365 = ADVANCED_FACE ( 'NONE', ( #177 ), #4585, .F. ) ;
#366 = EDGE_LOOP ( 'NONE', ( #554, #5427, #2267, #1020 ) ) ;
#367 = LINE ( 'NONE', #3885, #3614 ) ;
#368 = DIRECTION ( 'NONE',  ( 0.000000000000000000, 0.000000000000000000, 1.000000000000000000 ) ) ;
#369 = CARTESIAN_POINT ( 'NONE',  ( 1.524999999999997025, 2.625497654997603014, 4.399999999999987033 ) ) ;
#370 = LINE ( 'NONE', #5719, #1339 ) ;
#371 = ITEM_DEFINED_TRANSFORMATION ( 'NONE', 'NONE', #5198,  #831 ) ;
#372 = ADVANCED_FACE ( 'NONE', ( #3728 ), #4613, .T. ) ;
#373 = EDGE_CURVE ( 'NONE', #236, #5355, #2870, .T. ) ;
#374 = EDGE_LOOP ( 'NONE', ( #1150, #555, #1295, #100 ) ) ;
#375 = ORIENTED_EDGE ( 'NONE', *, *, #4527, .T. ) ;
#376 = CARTESIAN_POINT ( 'NONE',  ( -3.825000000000021050, 2.248009955724755038, -4.400000000000014566 ) ) ;
#377 = CARTESIAN_POINT ( 'NONE',  ( -4.732005554108133616, 2.100000000000000089, -3.550277946795788342 ) ) ;
#378 = DIRECTION ( 'NONE',  ( -1.000000000000000000, 0.000000000000000000, 0.000000000000000000 ) ) ;
#379 = EDGE_CURVE ( 'NONE', #1674, #188, #774, .T. ) ;
#380 = EDGE_CURVE ( 'NONE', #1791, #1674, #4783, .T. ) ;
#381 = CARTESIAN_POINT ( 'NONE',  ( 4.699999999999964650, 1.939999999999999947, -3.550000095150265267 ) ) ;
#382 = ORIENTED_EDGE ( 'NONE', *, *, #300, .T. ) ;
#383 = DIRECTION ( 'NONE',  ( 0.000000000000000000, 0.000000000000000000, -1.000000000000000000 ) ) ;
#384 = DIRECTION ( 'NONE',  ( 1.000000000000000000, 1.668003342285575207E-16, -8.540177112502145062E-14 ) ) ;
#385 = CARTESIAN_POINT ( 'NONE',  ( -4.700000000000019718, 2.099999999999999645, 4.300000000000019362 ) ) ;
#386 = AXIS2_PLACEMENT_3D ( 'NONE', #5369, #2302, #2744 ) ;
#387 = DIRECTION ( 'NONE',  ( -1.000000000000000000, 0.000000000000000000, -0.000000000000000000 ) ) ;
#388 = DIRECTION ( 'NONE',  ( 0.000000000000000000, 0.000000000000000000, 1.000000000000000000 ) ) ;
#389 = DIRECTION ( 'NONE',  ( -1.000000000000000000, 0.000000000000000000, 0.000000000000000000 ) ) ;
#390 = LINE ( 'NONE', #5678, #859 ) ;
#391 = EDGE_CURVE ( 'NONE', #4398, #3589, #1202, .T. ) ;
#392 = EDGE_LOOP ( 'NONE', ( #4641, #1801, #2011, #516 ) ) ;
#393 = CARTESIAN_POINT ( 'NONE',  ( -1.624999873552803287, 0.8399996699548917256, -4.449999999999992184 ) ) ;
#394 = CIRCLE ( 'NONE', #1052, 0.2000000000000057288 ) ;
#395 = CIRCLE ( 'NONE', #2054, 0.1600000000000004197 ) ;
#396 = PLANE ( 'NONE',  #2916 ) ;
#397 = CARTESIAN_POINT ( 'NONE',  ( 4.549999999999998934, 0.9400000000000605649, 4.600000000000020961 ) ) ;
#398 = CARTESIAN_POINT ( 'NONE',  ( 2.325000000000021494, 0.9400000000000050537, 4.450000000000019718 ) ) ;
#399 = AXIS2_PLACEMENT_3D ( 'NONE', #3123, #4091, #4441 ) ;
#400 = ORIENTED_EDGE ( 'NONE', *, *, #4770, .T. ) ;
#401 = ORIENTED_EDGE ( 'NONE', *, *, #5101, .T. ) ;
#402 = PLANE ( 'NONE',  #5219 ) ;
#403 = CARTESIAN_POINT ( 'NONE',  ( 4.025000000000000355, 0.5899999999999994138, -4.400000000000015454 ) ) ;
#404 = EDGE_CURVE ( 'NONE', #1028, #4192, #125, .T. ) ;
#405 = EDGE_CURVE ( 'NONE', #5122, #433, #4659, .T. ) ;
#406 = CIRCLE ( 'NONE', #5431, 0.2000001861224548760 ) ;
#407 = VECTOR ( 'NONE', #5227, 1000.000000000000000 ) ;
#408 = ORIENTED_EDGE ( 'NONE', *, *, #4151, .T. ) ;
#409 = CARTESIAN_POINT ( 'NONE',  ( -3.307842095149522432, 0.7400001654612742286, 9.561909157685011706 ) ) ;
#410 = COLOUR_RGB ( '',0.7921568627450980005, 0.8196078431372548767, 0.9333333333333333481 ) ;
#411 = CARTESIAN_POINT ( 'NONE',  ( 4.699999999999964650, 0.4699999999999678324, 0.7500001760186051358 ) ) ;
#412 = ORIENTED_EDGE ( 'NONE', *, *, #1566, .F. ) ;
#413 = EDGE_CURVE ( 'NONE', #558, #3279, #4269, .T. ) ;
#414 = ADVANCED_FACE ( 'NONE', ( #1609 ), #2502, .F. ) ;
#415 = CARTESIAN_POINT ( 'NONE',  ( -4.549999999999998934, 1.940000000000000169, -3.889999999999997460 ) ) ;
#416 = CYLINDRICAL_SURFACE ( 'NONE', #2266, 0.1999997132655080279 ) ;
#417 = VERTEX_POINT ( 'NONE', #5632 ) ;
#418 = CARTESIAN_POINT ( 'NONE',  ( -4.700000000000019718, 0.6050006264990258620, 3.014142979199657901 ) ) ;
#419 = ORIENTED_EDGE ( 'NONE', *, *, #5666, .F. ) ;
#420 = DIRECTION ( 'NONE',  ( 1.000000000000000000, 0.000000000000000000, -9.251858538542279918E-14 ) ) ;
#421 = CYLINDRICAL_SURFACE ( 'NONE', #3493, 0.2000000000000334843 ) ;
#422 = CARTESIAN_POINT ( 'NONE',  ( -1.401393297763660284, 0.7399997694628405176, -4.449999999999988631 ) ) ;
#423 = VECTOR ( 'NONE', #352, 1000.000000000000000 ) ;
#424 = AXIS2_PLACEMENT_3D ( 'NONE', #2575, #4394, #6 ) ;
#425 = ADVANCED_FACE ( 'NONE', ( #1254 ), #3037, .T. ) ;
#426 = ORIENTED_EDGE ( 'NONE', *, *, #5554, .T. ) ;
#427 = DIRECTION ( 'NONE',  ( 0.000000000000000000, 1.301042606982601787E-13, -1.000000000000000000 ) ) ;
#428 = CARTESIAN_POINT ( 'NONE',  ( 0.1750000000000362377, 0.7399999999999984368, 4.450000000000019718 ) ) ;
#429 = CARTESIAN_POINT ( 'NONE',  ( 3.825000000000021938, 0.5899999999999994138, -4.400000000000015454 ) ) ;
#430 = PLANE ( 'NONE',  #1579 ) ;
#431 = VECTOR ( 'NONE', #2325, 1000.000000000000000 ) ;
#432 = ORIENTED_EDGE ( 'NONE', *, *, #2512, .F. ) ;
#433 = VERTEX_POINT ( 'NONE', #397 ) ;
#434 = CARTESIAN_POINT ( 'NONE',  ( 0.1499999999999999389, 0.2999999999999999889, 0.000000000000000000 ) ) ;
#435 = CARTESIAN_POINT ( 'NONE',  ( 0.1499999999999999667, 0.2999999999999999889, -0.2999999999999999334 ) ) ;
#436 = VECTOR ( 'NONE', #4253, 1000.000000000000000 ) ;
#437 = DIRECTION ( 'NONE',  ( 0.000000000000000000, 0.000000000000000000, 1.000000000000000000 ) ) ;
#438 = EDGE_CURVE ( 'NONE', #1230, #67, #3424, .T. ) ;
#439 = VERTEX_POINT ( 'NONE', #5603 ) ;
#440 = FACE_OUTER_BOUND ( 'NONE', #1846, .T. ) ;
#441 = DIRECTION ( 'NONE',  ( 3.423796334164927534E-16, -1.000000000000000000, 7.395570986446985676E-32 ) ) ;
#442 = ORIENTED_EDGE ( 'NONE', *, *, #1431, .T. ) ;
#443 = CARTESIAN_POINT ( 'NONE',  ( -4.549999999999998934, 1.939999999999997504, -4.049999999999997158 ) ) ;
#444 = CARTESIAN_POINT ( 'NONE',  ( -4.692625343829443629, 1.950000000000000400, -3.550277946865923795 ) ) ;
#445 = ORIENTED_EDGE ( 'NONE', *, *, #4605, .F. ) ;
#446 = CARTESIAN_POINT ( 'NONE',  ( 1.625000221597069805, 0.5400001977956978561, 9.561909157685011706 ) ) ;
#447 = ADVANCED_FACE ( 'NONE', ( #1227 ), #779, .T. ) ;
#448 = EDGE_CURVE ( 'NONE', #5083, #4094, #4756, .T. ) ;
#449 = ORIENTED_EDGE ( 'NONE', *, *, #3211, .T. ) ;
#450 = DIRECTION ( 'NONE',  ( 0.000000000000000000, 1.000000000000000000, 0.000000000000000000 ) ) ;
#451 = AXIS2_PLACEMENT_3D ( 'NONE', #637, #3248, #5543 ) ;
#452 = PLANE ( 'NONE',  #335 ) ;
#453 = CARTESIAN_POINT ( 'NONE',  ( -4.549999999999997158, 2.248009955724755926, -4.400000000000013678 ) ) ;
#454 = CARTESIAN_POINT ( 'NONE',  ( 0.1282860000003643308, 0.5400002098760953162, -4.449999999999992184 ) ) ;
#455 = AXIS2_PLACEMENT_3D ( 'NONE', #5670, #2636, #4823 ) ;
#456 = EDGE_CURVE ( 'NONE', #2335, #1692, #750, .T. ) ;
#457 = ORIENTED_EDGE ( 'NONE', *, *, #562, .F. ) ;
#458 = DIRECTION ( 'NONE',  ( 0.000000000000000000, 0.000000000000000000, 1.000000000000000000 ) ) ;
#459 = CARTESIAN_POINT ( 'NONE',  ( 4.698922269036063248, 1.945219866587633017, -3.550111298276532157 ) ) ;
#460 = DIRECTION ( 'NONE',  ( -1.000000000000000000, -1.141265444721642676E-16, 0.000000000000000000 ) ) ;
#461 =( GEOMETRIC_REPRESENTATION_CONTEXT ( 3 ) GLOBAL_UNCERTAINTY_ASSIGNED_CONTEXT ( ( #4723 ) ) GLOBAL_UNIT_ASSIGNED_CONTEXT ( ( #4226, #2201, #2144 ) ) REPRESENTATION_CONTEXT ( 'NONE', 'WORKASPACE' ) );
#462 = DIRECTION ( 'NONE',  ( 1.000000000000000000, 0.000000000000000000, 1.355252715606881036E-16 ) ) ;
#463 = ORIENTED_EDGE ( 'NONE', *, *, #4316, .T. ) ;
#464 = AXIS2_PLACEMENT_3D ( 'NONE', #969, #5414, #1418 ) ;
#465 = EDGE_LOOP ( 'NONE', ( #4057, #2024, #1574, #939 ) ) ;
#466 = DIRECTION ( 'NONE',  ( -2.282530889443284858E-16, 4.930380657631323784E-32, 1.000000000000000000 ) ) ;
#467 = CARTESIAN_POINT ( 'NONE',  ( 4.549999999999998934, 0.5999999999999998668, -4.059999999999998721 ) ) ;
#468 = ORIENTED_EDGE ( 'NONE', *, *, #3542, .F. ) ;
#469 = ORIENTED_EDGE ( 'NONE', *, *, #3649, .T. ) ;
#470 = CARTESIAN_POINT ( 'NONE',  ( 0.1499999999999999667, 0.2999999999999999889, 0.1500000000000000500 ) ) ;
#471 = CARTESIAN_POINT ( 'NONE',  ( -3.425000000000014921, 1.940000000000000391, -4.439999999999992397 ) ) ;
#472 = DIRECTION ( 'NONE',  ( 1.000000000000000000, -1.381324727921684874E-15, -8.972707634363094063E-16 ) ) ;
#473 = ORIENTED_EDGE ( 'NONE', *, *, #2663, .F. ) ;
#474 = FACE_OUTER_BOUND ( 'NONE', #3262, .T. ) ;
#475 = ORIENTED_EDGE ( 'NONE', *, *, #2386, .T. ) ;
#476 = EDGE_CURVE ( 'NONE', #2867, #4672, #1179, .T. ) ;
#477 = DIRECTION ( 'NONE',  ( 1.141265444721642676E-16, -1.000000000000000000, 0.000000000000000000 ) ) ;
#478 = EDGE_LOOP ( 'NONE', ( #3668, #4967, #5143, #2071 ) ) ;
#479 = CARTESIAN_POINT ( 'NONE',  ( 0.000000000000000000, 0.2999999999999999889, 0.000000000000000000 ) ) ;
#480 = CARTESIAN_POINT ( 'NONE',  ( 3.825000000000022382, 0.5899999999999994138, -4.059999999999998721 ) ) ;
#481 = CARTESIAN_POINT ( 'NONE',  ( 4.849999999999965894, 0.4699999999999990852, 0.1500001760186156496 ) ) ;
#482 = ADVANCED_FACE ( 'NONE', ( #5684 ), #1690, .F. ) ;
#483 = CARTESIAN_POINT ( 'NONE',  ( 2.325000000000077005, 0.7400000000000002132, 4.450000000000019718 ) ) ;
#484 = EDGE_CURVE ( 'NONE', #4582, #3492, #4485, .T. ) ;
#485 = VERTEX_POINT ( 'NONE', #3865 ) ;
#486 = DIRECTION ( 'NONE',  ( -2.282530889443285351E-16, 4.930380657631324879E-32, 1.000000000000000000 ) ) ;
#487 = CARTESIAN_POINT ( 'NONE',  ( 0.000000000000000000, 0.2999999999999999889, 0.000000000000000000 ) ) ;
#488 = PLANE ( 'NONE',  #399 ) ;
#489 = LINE ( 'NONE', #4499, #2508 ) ;
#490 = EDGE_CURVE ( 'NONE', #718, #1128, #3063, .T. ) ;
#491 = ORIENTED_EDGE ( 'NONE', *, *, #2933, .F. ) ;
#492 = ORIENTED_EDGE ( 'NONE', *, *, #2489, .F. ) ;
#493 = DIRECTION ( 'NONE',  ( 0.000000000000000000, 0.000000000000000000, 1.000000000000000000 ) ) ;
#494 =( GEOMETRIC_REPRESENTATION_CONTEXT ( 3 ) GLOBAL_UNCERTAINTY_ASSIGNED_CONTEXT ( ( #310 ) ) GLOBAL_UNIT_ASSIGNED_CONTEXT ( ( #2362, #3721, #253 ) ) REPRESENTATION_CONTEXT ( 'NONE', 'WORKASPACE' ) );
#495 = FACE_OUTER_BOUND ( 'NONE', #4680, .T. ) ;
#496 = AXIS2_PLACEMENT_3D ( 'NONE', #2930, #1184, #292 ) ;
#497 = ORIENTED_EDGE ( 'NONE', *, *, #5392, .F. ) ;
#498 = VERTEX_POINT ( 'NONE', #1282 ) ;
#499 = CARTESIAN_POINT ( 'NONE',  ( -0.2999999999999999334, 0.2999999999999999889, -0.1499999999999999944 ) ) ;
#500 = CIRCLE ( 'NONE', #225, 0.2000000000000057288 ) ;
#501 = DIRECTION ( 'NONE',  ( -5.551115123125777653E-14, 0.000000000000000000, -1.000000000000000000 ) ) ;
#502 = ORIENTED_EDGE ( 'NONE', *, *, #4113, .T. ) ;
#503 = ORIENTED_EDGE ( 'NONE', *, *, #2614, .T. ) ;
#504 = DIRECTION ( 'NONE',  ( 0.000000000000000000, -0.000000000000000000, 1.000000000000000000 ) ) ;
#505 = VERTEX_POINT ( 'NONE', #2588 ) ;
#506 = LINE ( 'NONE', #1394, #4235 ) ;
#507 = DIRECTION ( 'NONE',  ( -1.000000000000000000, 1.381324727921684874E-15, 8.972707634363094063E-16 ) ) ;
#508 = LINE ( 'NONE', #4895, #3295 ) ;
#509 = DIRECTION ( 'NONE',  ( 0.000000000000000000, 0.000000000000000000, 1.000000000000000000 ) ) ;
#510 = ADVANCED_FACE ( 'NONE', ( #2103 ), #3887, .T. ) ;
#511 = EDGE_CURVE ( 'NONE', #4533, #1133, #5305, .T. ) ;
#512 = CIRCLE ( 'NONE', #2435, 0.009999999999999809389 ) ;
#513 = VECTOR ( 'NONE', #2273, 1000.000000000000000 ) ;
#514 = CARTESIAN_POINT ( 'NONE',  ( 4.699999999999964650, 1.940000000000000391, -3.550000095150274149 ) ) ;
#515 = LINE ( 'NONE', #2656, #5416 ) ;
#516 = ORIENTED_EDGE ( 'NONE', *, *, #1918, .T. ) ;
#517 = DIRECTION ( 'NONE',  ( -0.000000000000000000, -0.000000000000000000, -1.000000000000000000 ) ) ;
#518 = ORIENTED_EDGE ( 'NONE', *, *, #941, .F. ) ;
#519 = EDGE_CURVE ( 'NONE', #1583, #1326, #1312, .T. ) ;
#520 = ORIENTED_EDGE ( 'NONE', *, *, #802, .T. ) ;
#521 = EDGE_CURVE ( 'NONE', #3279, #3519, #1430, .T. ) ;
#522 = DIRECTION ( 'NONE',  ( 0.000000000000000000, 0.000000000000000000, -1.000000000000000000 ) ) ;
#523 = CARTESIAN_POINT ( 'NONE',  ( -4.549999999999999822, 0.5999999999999998668, -3.899999999999997247 ) ) ;
#524 = SURFACE_STYLE_FILL_AREA ( #4960 ) ;
#525 = ORIENTED_EDGE ( 'NONE', *, *, #3692, .F. ) ;
#526 = VERTEX_POINT ( 'NONE', #3660 ) ;
#527 = DIRECTION ( 'NONE',  ( 1.000000000000000000, 2.710505431213683678E-16, 0.000000000000000000 ) ) ;
#528 = CARTESIAN_POINT ( 'NONE',  ( -11.27290224021418652, 0.5400000604896285639, 1.128286000000175537 ) ) ;
#529 = ORIENTED_EDGE ( 'NONE', *, *, #698, .F. ) ;
#530 = ORIENTED_EDGE ( 'NONE', *, *, #2959, .T. ) ;
#531 = DIRECTION ( 'NONE',  ( 0.000000000000000000, 0.000000000000000000, 1.000000000000000000 ) ) ;
#532 = EDGE_CURVE ( 'NONE', #4566, #2253, #4209, .T. ) ;
#533 = ORIENTED_EDGE ( 'NONE', *, *, #900, .T. ) ;
#534 = CARTESIAN_POINT ( 'NONE',  ( -4.350000000000019185, 2.248009955724755926, -4.400000000000013678 ) ) ;
#535 = CARTESIAN_POINT ( 'NONE',  ( 0.7750000000000261124, 0.5999999999999998668, 0.6148211616413266078 ) ) ;
#536 = CARTESIAN_POINT ( 'NONE',  ( 4.773517865402088667, 2.082756304577570106, -3.550222501402791053 ) ) ;
#537 = CARTESIAN_POINT ( 'NONE',  ( 4.549999999999998934, 1.940000000000000391, 4.440000000000019931 ) ) ;
#538 = DIRECTION ( 'NONE',  ( -1.000000000000000000, 0.000000000000000000, 0.000000000000000000 ) ) ;
#539 = FACE_OUTER_BOUND ( 'NONE', #3697, .T. ) ;
#540 = DIRECTION ( 'NONE',  ( -1.381324727921684874E-15, -1.000000000000000000, 1.602373713730180230E-30 ) ) ;
#541 = EDGE_CURVE ( 'NONE', #544, #3739, #3091, .T. ) ;
#542 = AXIS2_PLACEMENT_3D ( 'NONE', #5514, #1068, #1990 ) ;
#543 = ORIENTED_EDGE ( 'NONE', *, *, #2417, .T. ) ;
#544 = VERTEX_POINT ( 'NONE', #5368 ) ;
#545 = CARTESIAN_POINT ( 'NONE',  ( -4.832756304577591422, 2.023517865402125526, -3.550111298276514837 ) ) ;
#546 = CIRCLE ( 'NONE', #2678, 0.1999999999999853562 ) ;
#547 = DIRECTION ( 'NONE',  ( 0.000000000000000000, 0.000000000000000000, -1.000000000000000000 ) ) ;
#548 = ORIENTED_EDGE ( 'NONE', *, *, #4505, .T. ) ;
#549 = FACE_OUTER_BOUND ( 'NONE', #4856, .T. ) ;
#550 = EDGE_CURVE ( 'NONE', #3102, #5122, #3577, .T. ) ;
#551 = ADVANCED_FACE ( 'NONE', ( #3972 ), #4871, .T. ) ;
#552 = SHAPE_REPRESENTATION_RELATIONSHIP ( 'NONE' , 'NONE' ,  #5048, #1299 ) ;
#553 = CIRCLE ( 'NONE', #3986, 0.1999997132654535437 ) ;
#554 = ORIENTED_EDGE ( 'NONE', *, *, #2926, .T. ) ;
#555 = ORIENTED_EDGE ( 'NONE', *, *, #4249, .F. ) ;
#556 = CARTESIAN_POINT ( 'NONE',  ( 4.549999999999998934, 1.950000000000000400, 4.440000000000019931 ) ) ;
#557 = FACE_OUTER_BOUND ( 'NONE', #1447, .T. ) ;
#558 = VERTEX_POINT ( 'NONE', #107 ) ;
#559 = CIRCLE ( 'NONE', #2682, 0.009999999999999592548 ) ;
#560 = APPLICATION_CONTEXT ( 'automotive_design' ) ;
#561 = ORIENTED_EDGE ( 'NONE', *, *, #1884, .T. ) ;
#562 = EDGE_CURVE ( 'NONE', #1876, #2676, #3181, .T. ) ;
#563 = CARTESIAN_POINT ( 'NONE',  ( 11.27290200957160238, 0.7400002466120226829, 1.846714904849784400 ) ) ;
#564 = ORIENTED_EDGE ( 'NONE', *, *, #5585, .T. ) ;
#565 = DIRECTION ( 'NONE',  ( -6.123233995736766036E-17, -1.000000000000000000, 0.000000000000000000 ) ) ;
#566 = DIRECTION ( 'NONE',  ( 0.000000000000000000, 0.000000000000000000, 1.000000000000000000 ) ) ;
#567 = LINE ( 'NONE', #3683, #1696 ) ;
#568 = CARTESIAN_POINT ( 'NONE',  ( 3.424999999999966072, 1.940000000000000391, -4.439999999999992397 ) ) ;
#569 = AXIS2_PLACEMENT_3D ( 'NONE', #3517, #4503, #522 ) ;
#570 = FACE_OUTER_BOUND ( 'NONE', #1317, .T. ) ;
#571 = DIRECTION ( 'NONE',  ( 0.000000000000000000, 0.000000000000000000, 1.000000000000000000 ) ) ;
#572 = CARTESIAN_POINT ( 'NONE',  ( 4.849999999999965894, 0.4699999999999678324, 0.7500001760186051358 ) ) ;
#573 = EDGE_CURVE ( 'NONE', #3615, #1728, #2713, .T. ) ;
#574 = ORIENTED_EDGE ( 'NONE', *, *, #1040, .F. ) ;
#575 = ORIENTED_EDGE ( 'NONE', *, *, #1278, .T. ) ;
#576 = CARTESIAN_POINT ( 'NONE',  ( -1.624999873552803287, 0.5399999672585112931, -4.599999999999992539 ) ) ;
#577 = CARTESIAN_POINT ( 'NONE',  ( -4.695219866587653890, 1.948922269036098553, -3.550222501402773290 ) ) ;
#578 = ORIENTED_EDGE ( 'NONE', *, *, #2551, .T. ) ;
#579 = LINE ( 'NONE', #881, #5150 ) ;
#580 = CARTESIAN_POINT ( 'NONE',  ( 4.699999999999964650, 0.6700000000000325695, 0.1500001760186178146 ) ) ;
#581 = FILL_AREA_STYLE ('',( #696 ) ) ;
#582 = VECTOR ( 'NONE', #5363, 1000.000000000000000 ) ;
#583 = ORIENTED_EDGE ( 'NONE', *, *, #3397, .F. ) ;
#584 = EDGE_LOOP ( 'NONE', ( #5218, #70, #375, #2259 ) ) ;
#585 = VECTOR ( 'NONE', #1718, 1000.000000000000000 ) ;
#586 = CARTESIAN_POINT ( 'NONE',  ( 3.424999999999966072, -23.88321892447783412, -4.439999999999992397 ) ) ;
#587 = EDGE_CURVE ( 'NONE', #673, #2849, #5745, .T. ) ;
#588 = ADVANCED_FACE ( 'NONE', ( #539 ), #4408, .T. ) ;
#589 = CYLINDRICAL_SURFACE ( 'NONE', #2298, 0.2000001861224548760 ) ;
#590 = ORIENTED_EDGE ( 'NONE', *, *, #484, .F. ) ;
#591 = AXIS2_PLACEMENT_3D ( 'NONE', #4375, #5161, #4293 ) ;
#592 = VERTEX_POINT ( 'NONE', #4900 ) ;
#593 = CARTESIAN_POINT ( 'NONE',  ( -3.424999999999983835, 1.949999999999993516, -3.749999999999975575 ) ) ;
#594 = CIRCLE ( 'NONE', #1314, 0.009999999999999592548 ) ;
#595 = VECTOR ( 'NONE', #2046, 1000.000000000000000 ) ;
#596 = ORIENTED_EDGE ( 'NONE', *, *, #1607, .F. ) ;
#597 = DIRECTION ( 'NONE',  ( -0.000000000000000000, 1.000000000000000000, 0.000000000000000000 ) ) ;
#598 = EDGE_CURVE ( 'NONE', #3287, #2773, #515, .T. ) ;
#599 = ADVANCED_FACE ( 'NONE', ( #2300 ), #488, .T. ) ;
#600 = CARTESIAN_POINT ( 'NONE',  ( -1.624999873552803287, 0.5399999672585112931, 9.561909157685011706 ) ) ;
#601 = PLANE ( 'NONE',  #2543 ) ;
#602 = DIRECTION ( 'NONE',  ( -1.000000000000000000, 0.000000000000000000, -0.000000000000000000 ) ) ;
#603 = CARTESIAN_POINT ( 'NONE',  ( 3.825000000000021938, 2.248009955724776798, -4.059999999999998721 ) ) ;
#604 = FACE_OUTER_BOUND ( 'NONE', #3394, .T. ) ;
#605 = VECTOR ( 'NONE', #5117, 1000.000000000000000 ) ;
#606 = ORIENTED_EDGE ( 'NONE', *, *, #3433, .T. ) ;
#607 = ORIENTED_EDGE ( 'NONE', *, *, #3397, .T. ) ;
#608 = DIRECTION ( 'NONE',  ( 0.000000000000000000, 0.000000000000000000, 1.000000000000000000 ) ) ;
#609 = CARTESIAN_POINT ( 'NONE',  ( 4.550000000000030020, 2.100000000000000089, -3.699999999999990852 ) ) ;
#610 = ORIENTED_EDGE ( 'NONE', *, *, #53, .F. ) ;
#611 = CARTESIAN_POINT ( 'NONE',  ( -1.401393297763660284, 0.7399997694628405176, 9.561909157685011706 ) ) ;
#612 = DIRECTION ( 'NONE',  ( 0.000000000000000000, 1.000000000000000000, 0.000000000000000000 ) ) ;
#613 = PRESENTATION_STYLE_ASSIGNMENT (( #2925 ) ) ;
#614 = VERTEX_POINT ( 'NONE', #429 ) ;
#615 = VERTEX_POINT ( 'NONE', #21 ) ;
#616 = DIRECTION ( 'NONE',  ( 1.000000000000000000, 0.000000000000000000, 0.000000000000000000 ) ) ;
#617 = PLANE ( 'NONE',  #5474 ) ;
#618 = ORIENTED_EDGE ( 'NONE', *, *, #1363, .F. ) ;
#619 = AXIS2_PLACEMENT_3D ( 'NONE', #479, #1029, #2238 ) ;
#620 = ORIENTED_EDGE ( 'NONE', *, *, #1059, .F. ) ;
#621 = VECTOR ( 'NONE', #209, 1000.000000000000000 ) ;
#622 = DIRECTION ( 'NONE',  ( -1.000000000000000000, -3.268169228066479985E-16, -2.282530889443284858E-16 ) ) ;
#623 = EDGE_CURVE ( 'NONE', #1692, #668, #2812, .T. ) ;
#624 = ORIENTED_EDGE ( 'NONE', *, *, #948, .T. ) ;
#625 = FACE_OUTER_BOUND ( 'NONE', #2878, .T. ) ;
#626 = DIRECTION ( 'NONE',  ( -1.381324727921684874E-15, -1.000000000000000000, 1.602373713730180230E-30 ) ) ;
#627 = DIRECTION ( 'NONE',  ( -1.000000000000000000, 0.000000000000000000, 1.196361017915079471E-15 ) ) ;
#628 = ADVANCED_FACE ( 'NONE', ( #2687 ), #4472, .T. ) ;
#629 = ADVANCED_FACE ( 'NONE', ( #4950 ), #981, .F. ) ;
#630 = DIRECTION ( 'NONE',  ( 1.000000000000000000, 0.000000000000000000, 0.000000000000000000 ) ) ;
#631 = CARTESIAN_POINT ( 'NONE',  ( -4.549999999999999822, 0.5999999999999998668, -4.059999999999996945 ) ) ;
#632 = CARTESIAN_POINT ( 'NONE',  ( 0.1282860000003643308, 0.5400002098760953162, 9.561909157685011706 ) ) ;
#633 = PRODUCT_DEFINITION_SHAPE ( 'NONE', 'NONE',  #4278 ) ;
#634 = EDGE_CURVE ( 'NONE', #3741, #3623, #5598, .T. ) ;
#635 = VERTEX_POINT ( 'NONE', #1927 ) ;
#636 = ORIENTED_EDGE ( 'NONE', *, *, #1085, .F. ) ;
#637 = CARTESIAN_POINT ( 'NONE',  ( -3.425000000000011369, 1.949999999999999512, -4.599999999999992539 ) ) ;
#638 = DIRECTION ( 'NONE',  ( -1.000000000000000000, 0.000000000000000000, 1.196361017915079471E-15 ) ) ;
#639 = ORIENTED_EDGE ( 'NONE', *, *, #2488, .F. ) ;
#640 = AXIS2_PLACEMENT_3D ( 'NONE', #3783, #4983, #3280 ) ;
#641 = CARTESIAN_POINT ( 'NONE',  ( 4.692625343829390339, 1.950000000000000400, -3.550277946865941114 ) ) ;
#642 =( LENGTH_UNIT ( ) NAMED_UNIT ( * ) SI_UNIT ( .MILLI., .METRE. ) );
#643 = VERTEX_POINT ( 'NONE', #3719 ) ;
#644 = EDGE_LOOP ( 'NONE', ( #4222, #1067, #4184, #3095 ) ) ;
#645 = CARTESIAN_POINT ( 'NONE',  ( -0.1499999999999999667, 0.2999999999999999889, 0.2999999999999999334 ) ) ;
#646 = ORIENTED_EDGE ( 'NONE', *, *, #4917, .F. ) ;
#647 = ORIENTED_EDGE ( 'NONE', *, *, #3000, .T. ) ;
#648 = VECTOR ( 'NONE', #5206, 1000.000000000000000 ) ;
#649 = LINE ( 'NONE', #5527, #5385 ) ;
#650 = EDGE_CURVE ( 'NONE', #1479, #2451, #2887, .T. ) ;
#651 = CARTESIAN_POINT ( 'NONE',  ( 6.449999999999997513, 0.3400000000000000244, 4.800000000000000711 ) ) ;
#652 =( GEOMETRIC_REPRESENTATION_CONTEXT ( 3 ) GLOBAL_UNCERTAINTY_ASSIGNED_CONTEXT ( ( #2041 ) ) GLOBAL_UNIT_ASSIGNED_CONTEXT ( ( #1761, #2783, #3586 ) ) REPRESENTATION_CONTEXT ( 'NONE', 'WORKASPACE' ) );
#653 = FACE_OUTER_BOUND ( 'NONE', #5626, .T. ) ;
#654 = DIRECTION ( 'NONE',  ( -1.000000000000000000, 2.282530889443285351E-16, 0.000000000000000000 ) ) ;
#655 = CARTESIAN_POINT ( 'NONE',  ( 4.849999999999965894, 0.4699999999999990852, 0.1500001760186156496 ) ) ;
#656 = COLOUR_RGB ( '',0.7921568627450980005, 0.8196078431372548767, 0.9333333333333333481 ) ;
#657 = EDGE_CURVE ( 'NONE', #668, #2245, #1484, .T. ) ;
#658 = ADVANCED_FACE ( 'NONE', ( #5069 ), #1006, .F. ) ;
#659 = CARTESIAN_POINT ( 'NONE',  ( -4.700000000000019718, 0.4700006265358613322, 2.825000176018547915 ) ) ;
#660 = CARTESIAN_POINT ( 'NONE',  ( -3.425000000000011369, 2.100000000000000089, -4.599999999999992539 ) ) ;
#661 = ORIENTED_EDGE ( 'NONE', *, *, #3112, .T. ) ;
#662 = ORIENTED_EDGE ( 'NONE', *, *, #4527, .F. ) ;
#663 = ORIENTED_EDGE ( 'NONE', *, *, #5491, .F. ) ;
#664 = LINE ( 'NONE', #5010, #5741 ) ;
#665 = EDGE_CURVE ( 'NONE', #188, #2905, #2328, .T. ) ;
#666 = ADVANCED_FACE ( 'NONE', ( #5564 ), #3272, .F. ) ;
#667 = CARTESIAN_POINT ( 'NONE',  ( 6.449999999999997513, 0.3400000000000000244, -4.800000000000000711 ) ) ;
#668 = VERTEX_POINT ( 'NONE', #2836 ) ;
#669 = DIRECTION ( 'NONE',  ( 0.000000000000000000, 8.131516293641261167E-15, -1.000000000000000000 ) ) ;
#670 =( NAMED_UNIT ( * ) SI_UNIT ( $, .STERADIAN. ) SOLID_ANGLE_UNIT ( ) );
#671 = APPLICATION_CONTEXT ( 'automotive_design' ) ;
#672 = ORIENTED_EDGE ( 'NONE', *, *, #2308, .F. ) ;
#673 = VERTEX_POINT ( 'NONE', #227 ) ;
#674 = CYLINDRICAL_SURFACE ( 'NONE', #869, 0.1599999999999995592 ) ;
#675 = ORIENTED_EDGE ( 'NONE', *, *, #1852, .F. ) ;
#676 = ORIENTED_EDGE ( 'NONE', *, *, #4689, .T. ) ;
#677 = DIRECTION ( 'NONE',  ( 0.000000000000000000, 0.000000000000000000, 1.000000000000000000 ) ) ;
#678 = FACE_OUTER_BOUND ( 'NONE', #2653, .T. ) ;
#679 = VECTOR ( 'NONE', #5043, 1000.000000000000000 ) ;
#680 = PRODUCT ( '2022.04.01_MODULE', '2022.04.01_MODULE', '', ( #1724 ) ) ;
#681 = CARTESIAN_POINT ( 'NONE',  ( 2.325000000000021494, 0.9400000000000050537, 4.600000000000020961 ) ) ;
#682 =( NAMED_UNIT ( * ) SI_UNIT ( $, .STERADIAN. ) SOLID_ANGLE_UNIT ( ) );
#683 = CIRCLE ( 'NONE', #2434, 0.2000000000000889955 ) ;
#684 = CIRCLE ( 'NONE', #2819, 0.1999997132654074139 ) ;
#685 = CARTESIAN_POINT ( 'NONE',  ( -1.228285095149868278, 0.7399997694628405176, 9.561909157685011706 ) ) ;
#686 = DIRECTION ( 'NONE',  ( 0.000000000000000000, 0.000000000000000000, 1.000000000000000000 ) ) ;
#687 = EDGE_LOOP ( 'NONE', ( #2599, #90, #3420, #2945 ) ) ;
#688 = CARTESIAN_POINT ( 'NONE',  ( 1.724999999999990319, 0.5999999999999998668, 4.059999999999997833 ) ) ;
#689 = EDGE_CURVE ( 'NONE', #3841, #236, #5224, .T. ) ;
#690 = EDGE_LOOP ( 'NONE', ( #2342, #4204, #1, #445 ) ) ;
#691 = ORIENTED_EDGE ( 'NONE', *, *, #550, .F. ) ;
#692 = DIRECTION ( 'NONE',  ( 5.573940432020517729E-14, 1.267107829011250212E-29, -1.000000000000000000 ) ) ;
#693 = DIRECTION ( 'NONE',  ( 1.000000000000000000, -2.282530889443284858E-16, 2.282530889443285351E-16 ) ) ;
#694 = DIRECTION ( 'NONE',  ( -1.000000000000000000, -2.990902544787698678E-16, -0.000000000000000000 ) ) ;
#695 = AXIS2_PLACEMENT_3D ( 'NONE', #1468, #4987, #1767 ) ;
#696 = FILL_AREA_STYLE_COLOUR ( '', #656 ) ;
#697 = EDGE_CURVE ( 'NONE', #3782, #4405, #200, .T. ) ;
#698 = EDGE_CURVE ( 'NONE', #2498, #1230, #1953, .T. ) ;
#699 = ORIENTED_EDGE ( 'NONE', *, *, #4177, .F. ) ;
#700 = ORIENTED_EDGE ( 'NONE', *, *, #1460, .F. ) ;
#701 = DIRECTION ( 'NONE',  ( 1.000000000000000000, 0.000000000000000000, 0.000000000000000000 ) ) ;
#702 = VECTOR ( 'NONE', #3383, 1000.000000000000000 ) ;
#703 = EDGE_LOOP ( 'NONE', ( #3650, #1528, #4245, #962 ) ) ;
#704 = VECTOR ( 'NONE', #980, 1000.000000000000000 ) ;
#705 = ORIENTED_EDGE ( 'NONE', *, *, #5482, .F. ) ;
#706 = CARTESIAN_POINT ( 'NONE',  ( 0.7750000000000253353, 0.5999999999999998668, 3.899999999999998135 ) ) ;
#707 = VECTOR ( 'NONE', #1592, 1000.000000000000000 ) ;
#708 = DIRECTION ( 'NONE',  ( 0.000000000000000000, 0.000000000000000000, 1.000000000000000000 ) ) ;
#709 = CARTESIAN_POINT ( 'NONE',  ( 4.549999999999993605, 0.4400000000000001132, -4.060000000000000497 ) ) ;
#710 = FACE_OUTER_BOUND ( 'NONE', #2399, .T. ) ;
#711 = FACE_OUTER_BOUND ( 'NONE', #3573, .T. ) ;
#712 = VECTOR ( 'NONE', #388, 1000.000000000000000 ) ;
#713 = DIRECTION ( 'NONE',  ( 1.000000000000000000, 0.000000000000000000, 1.355252715606881036E-16 ) ) ;
#714 = LINE ( 'NONE', #4259, #3461 ) ;
#715 = ORIENTED_EDGE ( 'NONE', *, *, #1460, .T. ) ;
#716 = PLANE ( 'NONE',  #1585 ) ;
#717 = UNCERTAINTY_MEASURE_WITH_UNIT (LENGTH_MEASURE( 1.000000000000000082E-05 ), #4490, 'distance_accuracy_value', 'NONE');
#718 = VERTEX_POINT ( 'NONE', #4552 ) ;
#719 = ORIENTED_EDGE ( 'NONE', *, *, #532, .T. ) ;
#720 = CARTESIAN_POINT ( 'NONE',  ( -11.27290224021418652, 0.7399996200763460097, -3.350000095150289958 ) ) ;
#721 = CARTESIAN_POINT ( 'NONE',  ( 1.724999999999921041, 2.100000000000000089, 3.749999999999975575 ) ) ;
#722 = DIRECTION ( 'NONE',  ( 1.141265444721642676E-16, -1.000000000000000000, 0.000000000000000000 ) ) ;
#723 = EDGE_CURVE ( 'NONE', #3741, #2135, #4234, .T. ) ;
#724 = DIRECTION ( 'NONE',  ( -0.000000000000000000, 0.000000000000000000, 1.000000000000000000 ) ) ;
#725 = EDGE_LOOP ( 'NONE', ( #3763, #4074, #4664, #1435 ) ) ;
#726 = ORIENTED_EDGE ( 'NONE', *, *, #3039, .T. ) ;
#727 = DIRECTION ( 'NONE',  ( 0.000000000000000000, 0.000000000000000000, 1.000000000000000000 ) ) ;
#728 = ORIENTED_EDGE ( 'NONE', *, *, #2746, .F. ) ;
#729 = EDGE_CURVE ( 'NONE', #2871, #24, #2010, .T. ) ;
#730 = EDGE_CURVE ( 'NONE', #1615, #3710, #3801, .T. ) ;
#731 = LINE ( 'NONE', #2406, #2304 ) ;
#732 = AXIS2_PLACEMENT_3D ( 'NONE', #777, #3422, #2974 ) ;
#733 = CARTESIAN_POINT ( 'NONE',  ( 4.699999999999964650, 0.9399996200763239829, -3.350000095150287294 ) ) ;
#734 = LINE ( 'NONE', #2059, #1372 ) ;
#735 = COLOUR_RGB ( '',0.1960784313725490169, 1.000000000000000000, 0.1529411764705882470 ) ;
#736 = EDGE_CURVE ( 'NONE', #2254, #3982, #500, .T. ) ;
#737 = DIRECTION ( 'NONE',  ( -1.000000000000000000, 0.000000000000000000, 0.000000000000000000 ) ) ;
#738 = CARTESIAN_POINT ( 'NONE',  ( -4.549999999999998934, 2.100000000000000089, 4.440000000000019931 ) ) ;
#739 = VECTOR ( 'NONE', #1448, 1000.000000000000000 ) ;
#740 = CARTESIAN_POINT ( 'NONE',  ( -4.700000000000019718, 0.5400006870255142921, 3.203285999999911926 ) ) ;
#741 = DIRECTION ( 'NONE',  ( 0.000000000000000000, 0.000000000000000000, 1.000000000000000000 ) ) ;
#742 = EDGE_LOOP ( 'NONE', ( #4696, #590, #2731, #3767 ) ) ;
#743 = PRESENTATION_LAYER_ASSIGNMENT (  '', '', ( #3898 ) ) ;
#744 = CARTESIAN_POINT ( 'NONE',  ( -0.2999999999999999334, 0.2999999999999999889, -0.1499999999999999944 ) ) ;
#745 = B_SPLINE_CURVE_WITH_KNOTS ( 'NONE', 3,
 ( #3042, #840, #3070, #545, #2721, #5722 ),
 .UNSPECIFIED., .F., .F.,
 ( 4, 2, 4 ),
 ( 0.000000000000000000, 0.5000000000000000000, 1.000000000000000000 ),
 .UNSPECIFIED. ) ;
#746 = ORIENTED_EDGE ( 'NONE', *, *, #2674, .F. ) ;
#747 = VERTEX_POINT ( 'NONE', #141 ) ;
#748 = DIRECTION ( 'NONE',  ( -0.000000000000000000, -1.000000000000000000, -0.000000000000000000 ) ) ;
#749 = LINE ( 'NONE', #3912, #4671 ) ;
#750 = LINE ( 'NONE', #5274, #4576 ) ;
#751 = FACE_OUTER_BOUND ( 'NONE', #4048, .T. ) ;
#752 = EDGE_CURVE ( 'NONE', #526, #2275, #5451, .T. ) ;
#753 = VERTEX_POINT ( 'NONE', #3305 ) ;
#754 = ORIENTED_EDGE ( 'NONE', *, *, #2707, .T. ) ;
#755 = PLANE ( 'NONE',  #2587 ) ;
#756 = ORIENTED_EDGE ( 'NONE', *, *, #5391, .F. ) ;
#757 = DIRECTION ( 'NONE',  ( 1.000000000000000000, 0.000000000000000000, 0.000000000000000000 ) ) ;
#758 = ADVANCED_FACE ( 'NONE', ( #3240 ), #1035, .T. ) ;
#759 = CIRCLE ( 'NONE', #1398, 0.2999997026963802660 ) ;
#760 = LINE ( 'NONE', #2087, #1602 ) ;
#761 = DIRECTION ( 'NONE',  ( 0.000000000000000000, 0.000000000000000000, 1.000000000000000000 ) ) ;
#762 = DIRECTION ( 'NONE',  ( -1.000000000000000000, 0.000000000000000000, 0.000000000000000000 ) ) ;
#763 = DIRECTION ( 'NONE',  ( 1.000000000000000000, 0.000000000000000000, 0.000000000000000000 ) ) ;
#764 = CARTESIAN_POINT ( 'NONE',  ( -0.2999999999999999334, 0.000000000000000000, -0.1499999999999999944 ) ) ;
#765 = VECTOR ( 'NONE', #5100, 1000.000000000000000 ) ;
#766 = EDGE_CURVE ( 'NONE', #2049, #1416, #4580, .T. ) ;
#767 = AXIS2_PLACEMENT_3D ( 'NONE', #5570, #5486, #3339 ) ;
#768 = CIRCLE ( 'NONE', #3366, 0.1999999999999653999 ) ;
#769 = EDGE_CURVE ( 'NONE', #1434, #4928, #683, .T. ) ;
#770 = DIRECTION ( 'NONE',  ( 1.000000000000000000, 0.000000000000000000, 0.000000000000000000 ) ) ;
#771 = CIRCLE ( 'NONE', #3180, 0.1499999999999999667 ) ;
#772 = DIRECTION ( 'NONE',  ( 1.000000000000000000, 0.000000000000000000, 0.000000000000000000 ) ) ;
#773 = DIRECTION ( 'NONE',  ( -1.000000000000000000, 0.000000000000000000, 0.000000000000000000 ) ) ;
#774 = CIRCLE ( 'NONE', #1406, 0.1599999999999995592 ) ;
#775 = DIRECTION ( 'NONE',  ( 1.000000000000000000, 0.000000000000000000, 0.000000000000000000 ) ) ;
#776 = ORIENTED_EDGE ( 'NONE', *, *, #4946, .T. ) ;
#777 = CARTESIAN_POINT ( 'NONE',  ( 2.325000000000021494, 0.9400000000000050537, 4.450000000000019718 ) ) ;
#778 = DIRECTION ( 'NONE',  ( -1.000000000000000000, 0.000000000000000000, 0.000000000000000000 ) ) ;
#779 = PLANE ( 'NONE',  #591 ) ;
#780 = CARTESIAN_POINT ( 'NONE',  ( 0.2999999999999999334, 0.2999999999999999889, -0.1500000000000000777 ) ) ;
#781 = SHAPE_DEFINITION_REPRESENTATION ( #5688, #5048 ) ;
#782 = ORIENTED_EDGE ( 'NONE', *, *, #4169, .F. ) ;
#783 = AXIS2_PLACEMENT_3D ( 'NONE', #1263, #2115, #4793 ) ;
#784 = VERTEX_POINT ( 'NONE', #2495 ) ;
#785 = DIRECTION ( 'NONE',  ( 1.141265444721642676E-16, -1.000000000000000000, 0.000000000000000000 ) ) ;
#786 = CARTESIAN_POINT ( 'NONE',  ( -0.1499999999999999667, 0.2999999999999999889, -0.2999999999999999334 ) ) ;
#787 = AXIS2_PLACEMENT_3D ( 'NONE', #2176, #3594, #1797 ) ;
#788 = VECTOR ( 'NONE', #540, 1000.000000000000000 ) ;
#789 = DIRECTION ( 'NONE',  ( 0.000000000000000000, 0.000000000000000000, 1.000000000000000000 ) ) ;
#790 = DIRECTION ( 'NONE',  ( 1.000000000000000000, -2.282530889443285351E-16, 2.282530889443285351E-16 ) ) ;
#791 = ORIENTED_EDGE ( 'NONE', *, *, #4138, .T. ) ;
#792 = CARTESIAN_POINT ( 'NONE',  ( -3.424999999999983835, 2.100000000000000089, -3.749999999999975575 ) ) ;
#793 = LINE ( 'NONE', #2548, #3302 ) ;
#794 = EDGE_CURVE ( 'NONE', #4816, #4287, #4802, .T. ) ;
#795 = DIRECTION ( 'NONE',  ( -6.530723674265494328E-14, 0.000000000000000000, -1.000000000000000000 ) ) ;
#796 = DIRECTION ( 'NONE',  ( 0.000000000000000000, 0.000000000000000000, 1.000000000000000000 ) ) ;
#797 = DIRECTION ( 'NONE',  ( 1.000000000000000000, -1.495451272393849339E-16, 0.000000000000000000 ) ) ;
#798 = DIRECTION ( 'NONE',  ( 6.496230967041490845E-15, 1.000000000000000000, 0.000000000000000000 ) ) ;
#799 = EDGE_CURVE ( 'NONE', #2254, #718, #5677, .T. ) ;
#800 = AXIS2_PLACEMENT_3D ( 'NONE', #3681, #4058, #74 ) ;
#801 = CYLINDRICAL_SURFACE ( 'NONE', #1774, 0.009999999999999592548 ) ;
#802 = EDGE_CURVE ( 'NONE', #2904, #160, #4286, .T. ) ;
#803 = VECTOR ( 'NONE', #1650, 1000.000000000000000 ) ;
#804 = ORIENTED_EDGE ( 'NONE', *, *, #5482, .T. ) ;
#805 = DIRECTION ( 'NONE',  ( -5.573940432020519622E-14, -1.267107829011250212E-29, 1.000000000000000000 ) ) ;
#806 = LINE ( 'NONE', #5213, #2345 ) ;
#807 = DIRECTION ( 'NONE',  ( 1.000000000000000000, 0.000000000000000000, -1.355252715606881036E-16 ) ) ;
#808 = CARTESIAN_POINT ( 'NONE',  ( 0.3749999999999864553, -23.88321892447783412, 3.749999999999975575 ) ) ;
#809 = EDGE_CURVE ( 'NONE', #4080, #2745, #5711, .T. ) ;
#810 = ORIENTED_EDGE ( 'NONE', *, *, #521, .T. ) ;
#811 = EDGE_LOOP ( 'NONE', ( #48, #2346, #3766, #2866 ) ) ;
#812 = DIRECTION ( 'NONE',  ( 1.000000000000000000, 2.990902544787698185E-16, 2.990902544787698678E-16 ) ) ;
#813 = DIRECTION ( 'NONE',  ( -0.000000000000000000, -1.000000000000000000, -0.000000000000000000 ) ) ;
#814 = SURFACE_SIDE_STYLE ('',( #4763 ) ) ;
#815 = FACE_OUTER_BOUND ( 'NONE', #3840, .T. ) ;
#816 = DIRECTION ( 'NONE',  ( 2.282530889443285351E-16, 1.000000000000000000, 0.000000000000000000 ) ) ;
#817 = EDGE_LOOP ( 'NONE', ( #255, #1783, #1532, #2331 ) ) ;
#818 = CARTESIAN_POINT ( 'NONE',  ( 3.825000000000022826, 0.5999999999999998668, -0.8528866118898899007 ) ) ;
#819 = DIRECTION ( 'NONE',  ( 6.333825192865453357E-14, -1.000000000000000000, 0.000000000000000000 ) ) ;
#820 = VECTOR ( 'NONE', #5030, 1000.000000000000000 ) ;
#821 = FACE_OUTER_BOUND ( 'NONE', #2373, .T. ) ;
#822 = CARTESIAN_POINT ( 'NONE',  ( 0.000000000000000000, 0.2999999999999999889, 0.000000000000000000 ) ) ;
#823 = VECTOR ( 'NONE', #5064, 1000.000000000000000 ) ;
#824 = LINE ( 'NONE', #2579, #4052 ) ;
#825 = DIRECTION ( 'NONE',  ( 0.000000000000000000, 0.000000000000000000, 1.000000000000000000 ) ) ;
#826 = CARTESIAN_POINT ( 'NONE',  ( 0.1499999999999999667, 0.2999999999999999889, -0.2999999999999999334 ) ) ;
#827 = AXIS2_PLACEMENT_3D ( 'NONE', #3991, #2178, #1769 ) ;
#828 = EDGE_CURVE ( 'NONE', #753, #1867, #2553, .T. ) ;
#829 = VERTEX_POINT ( 'NONE', #5153 ) ;
#830 = DIRECTION ( 'NONE',  ( 1.000000000000000000, -2.282530889443284858E-16, 2.282530889443285351E-16 ) ) ;
#831 = AXIS2_PLACEMENT_3D ( 'NONE', #1209, #5285, #757 ) ;
#832 = DIRECTION ( 'NONE',  ( 1.000000000000000000, 0.000000000000000000, -1.355252715606881036E-16 ) ) ;
#833 = CARTESIAN_POINT ( 'NONE',  ( 1.924999999999954525, 2.100000000000000089, 3.749999999999975575 ) ) ;
#834 = DIRECTION ( 'NONE',  ( -0.000000000000000000, -1.000000000000000000, -0.000000000000000000 ) ) ;
#835 = CONTEXT_DEPENDENT_SHAPE_REPRESENTATION ( #260, #5079 ) ;
#836 = ORIENTED_EDGE ( 'NONE', *, *, #2066, .T. ) ;
#837 = EDGE_CURVE ( 'NONE', #2849, #2720, #4719, .T. ) ;
#838 = ORIENTED_EDGE ( 'NONE', *, *, #802, .F. ) ;
#839 = ADVANCED_FACE ( 'NONE', ( #5240 ), #2065, .F. ) ;
#840 = CARTESIAN_POINT ( 'NONE',  ( -4.731887902047885675, 2.100000000000000533, -3.550278102965902516 ) ) ;
#841 = CARTESIAN_POINT ( 'NONE',  ( -4.690000000000020819, 1.950000000000000400, -3.550333704529031742 ) ) ;
#842 = FILL_AREA_STYLE ('',( #4737 ) ) ;
#843 = ORIENTED_EDGE ( 'NONE', *, *, #1710, .F. ) ;
#844 = CARTESIAN_POINT ( 'NONE',  ( 3.625000000000044853, 1.950000000000000400, -3.749999999999975575 ) ) ;
#845 = CARTESIAN_POINT ( 'NONE',  ( -4.549999999999998934, 0.4399999999999998357, -4.400000000000013678 ) ) ;
#846 = VERTEX_POINT ( 'NONE', #1657 ) ;
#847 = LINE ( 'NONE', #4098, #984 ) ;
#848 = LINE ( 'NONE', #2670, #1425 ) ;
#849 = VERTEX_POINT ( 'NONE', #5623 ) ;
#850 = EDGE_CURVE ( 'NONE', #24, #5469, #2970, .T. ) ;
#851 = FACE_OUTER_BOUND ( 'NONE', #4995, .T. ) ;
#852 = ORIENTED_EDGE ( 'NONE', *, *, #1859, .F. ) ;
#853 = APPLICATION_CONTEXT ( 'automotive_design' ) ;
#854 = CARTESIAN_POINT ( 'NONE',  ( 0.9750000000000027534, 0.5899999999999994138, 4.399999999999987033 ) ) ;
#855 = LINE ( 'NONE', #1370, #2372 ) ;
#856 = CARTESIAN_POINT ( 'NONE',  ( -6.449999999999997513, 0.000000000000000000, -4.799999999999998934 ) ) ;
#857 = CARTESIAN_POINT ( 'NONE',  ( -0.1499999999999999667, 0.2999999999999999889, 0.1499999999999999667 ) ) ;
#858 = VECTOR ( 'NONE', #1197, 1000.000000000000000 ) ;
#859 = VECTOR ( 'NONE', #5712, 1000.000000000000000 ) ;
#860 = ORIENTED_EDGE ( 'NONE', *, *, #2817, .T. ) ;
#861 = CYLINDRICAL_SURFACE ( 'NONE', #1640, 0.2000000000000889955 ) ;
#862 = AXIS2_PLACEMENT_3D ( 'NONE', #2076, #2131, #3451 ) ;
#863 = CARTESIAN_POINT ( 'NONE',  ( 0.000000000000000000, 0.000000000000000000, 0.1499999999999999389 ) ) ;
#864 = DIRECTION ( 'NONE',  ( 1.000000000000000000, -0.000000000000000000, 0.000000000000000000 ) ) ;
#865 = PLANE ( 'NONE',  #3950 ) ;
#866 = ADVANCED_FACE ( 'NONE', ( #3476 ), #3937, .F. ) ;
#867 = VECTOR ( 'NONE', #1064, 1000.000000000000000 ) ;
#868 = VERTEX_POINT ( 'NONE', #362 ) ;
#869 = AXIS2_PLACEMENT_3D ( 'NONE', #2848, #701, #2454 ) ;
#870 = EDGE_LOOP ( 'NONE', ( #5357, #3635, #2838, #3389 ) ) ;
#871 = DIRECTION ( 'NONE',  ( 0.000000000000000000, 0.000000000000000000, 1.000000000000000000 ) ) ;
#872 = DIRECTION ( 'NONE',  ( 0.000000000000000000, 0.000000000000000000, -1.000000000000000000 ) ) ;
#873 = ADVANCED_FACE ( 'NONE', ( #2912 ), #1172, .F. ) ;
#874 = EDGE_CURVE ( 'NONE', #2205, #417, #4019, .T. ) ;
#875 = FACE_OUTER_BOUND ( 'NONE', #5496, .T. ) ;
#876 = ORIENTED_EDGE ( 'NONE', *, *, #650, .F. ) ;
#877 = PLANE ( 'NONE',  #3848 ) ;
#878 = CIRCLE ( 'NONE', #4311, 0.2000000000000265454 ) ;
#879 = PLANE ( 'NONE',  #1464 ) ;
#880 = ORIENTED_EDGE ( 'NONE', *, *, #373, .T. ) ;
#881 = CARTESIAN_POINT ( 'NONE',  ( 0.7749999999999979128, 1.950000000000000400, 3.749999999999975575 ) ) ;
#882 = LINE ( 'NONE', #2147, #1800 ) ;
#883 = EDGE_LOOP ( 'NONE', ( #4099, #1945, #1816, #3939 ) ) ;
#884 = EDGE_CURVE ( 'NONE', #3111, #2470, #4112, .T. ) ;
#885 = DIRECTION ( 'NONE',  ( 0.000000000000000000, 0.000000000000000000, 1.000000000000000000 ) ) ;
#886 = ORIENTED_EDGE ( 'NONE', *, *, #1356, .T. ) ;
#887 = CARTESIAN_POINT ( 'NONE',  ( 4.550000000000030020, 1.949999999999993516, -3.699999999999990852 ) ) ;
#888 = DIRECTION ( 'NONE',  ( 1.000000000000000000, 2.990902544787698678E-16, -1.104359264397053467E-13 ) ) ;
#889 = CARTESIAN_POINT ( 'NONE',  ( 0.9750000000000017542, 2.625497654997603014, 4.599999999999992539 ) ) ;
#890 = ORIENTED_EDGE ( 'NONE', *, *, #2139, .F. ) ;
#891 = AXIS2_PLACEMENT_3D ( 'NONE', #4118, #1894, #3687 ) ;
#892 = FACE_OUTER_BOUND ( 'NONE', #3703, .T. ) ;
#893 = CARTESIAN_POINT ( 'NONE',  ( 1.724999999999921041, 1.949999999999993516, 3.749999999999975575 ) ) ;
#894 = DIRECTION ( 'NONE',  ( -1.000000000000000000, 0.000000000000000000, 0.000000000000000000 ) ) ;
#895 = DIRECTION ( 'NONE',  ( 0.7071085165585885290, -0.7071050458102475789, 3.081487911019577365E-33 ) ) ;
#896 = VECTOR ( 'NONE', #133, 1000.000000000000000 ) ;
#897 = EDGE_LOOP ( 'NONE', ( #754, #4959, #4795, #1127 ) ) ;
#898 = ORIENTED_EDGE ( 'NONE', *, *, #511, .T. ) ;
#899 = LINE ( 'NONE', #2625, #182 ) ;
#900 = EDGE_CURVE ( 'NONE', #5410, #3741, #768, .T. ) ;
#901 = CARTESIAN_POINT ( 'NONE',  ( 3.625000000000044853, 2.100000000000000089, -3.749999999999975575 ) ) ;
#902 =( NAMED_UNIT ( * ) SI_UNIT ( $, .STERADIAN. ) SOLID_ANGLE_UNIT ( ) );
#903 = VERTEX_POINT ( 'NONE', #337 ) ;
#904 = EDGE_LOOP ( 'NONE', ( #2789, #3439, #5428, #4327 ) ) ;
#905 = LINE ( 'NONE', #4964, #2724 ) ;
#906 = EDGE_CURVE ( 'NONE', #4033, #3197, #714, .T. ) ;
#907 = EDGE_CURVE ( 'NONE', #2177, #505, #2038, .T. ) ;
#908 = DIRECTION ( 'NONE',  ( 0.000000000000000000, 1.000000000000000000, 0.000000000000000000 ) ) ;
#909 = ORIENTED_EDGE ( 'NONE', *, *, #5132, .F. ) ;
#910 = CYLINDRICAL_SURFACE ( 'NONE', #424, 0.2000000000000105027 ) ;
#911 = DIRECTION ( 'NONE',  ( 1.000000000000000000, 0.000000000000000000, 0.000000000000000000 ) ) ;
#912 = VERTEX_POINT ( 'NONE', #3445 ) ;
#913 = DIRECTION ( 'NONE',  ( -1.000000000000000000, 0.000000000000000000, -0.000000000000000000 ) ) ;
#914 = VERTEX_POINT ( 'NONE', #3388 ) ;
#915 = CYLINDRICAL_SURFACE ( 'NONE', #2180, 0.1999999999999918510 ) ;
#916 = EDGE_CURVE ( 'NONE', #3533, #3007, #1221, .T. ) ;
#917 = CIRCLE ( 'NONE', #4989, 0.1999997132654535437 ) ;
#918 = DIRECTION ( 'NONE',  ( -1.000000000000000000, 0.000000000000000000, 0.000000000000000000 ) ) ;
#919 = CARTESIAN_POINT ( 'NONE',  ( 3.825000000000022382, 0.4399999999999993916, -4.400000000000015454 ) ) ;
#920 = DIRECTION ( 'NONE',  ( 0.000000000000000000, 1.000000000000000000, 0.000000000000000000 ) ) ;
#921 = VECTOR ( 'NONE', #3106, 1000.000000000000000 ) ;
#922 = ORIENTED_EDGE ( 'NONE', *, *, #5371, .F. ) ;
#923 = CARTESIAN_POINT ( 'NONE',  ( 4.700000000000030376, -23.88321892447783412, -3.699999999999997513 ) ) ;
#924 = PLANE ( 'NONE',  #2082 ) ;
#925 = DIRECTION ( 'NONE',  ( 1.000000000000000000, 0.000000000000000000, 0.000000000000000000 ) ) ;
#926 = AXIS2_PLACEMENT_3D ( 'NONE', #3852, #2578, #5620 ) ;
#927 = CARTESIAN_POINT ( 'NONE',  ( 1.724999999999976552, 1.939999999999999059, 3.899999999999998135 ) ) ;
#928 = VERTEX_POINT ( 'NONE', #946 ) ;
#929 = CIRCLE ( 'NONE', #1279, 0.2000000000000334843 ) ;
#930 = ORIENTED_EDGE ( 'NONE', *, *, #5266, .T. ) ;
#931 = CARTESIAN_POINT ( 'NONE',  ( 0.3750000000000089928, -23.88321892447783412, 4.440000000000019931 ) ) ;
#932 = CARTESIAN_POINT ( 'NONE',  ( 4.699999999999964650, 0.7400002466120834121, 1.128286000000177314 ) ) ;
#933 = ORIENTED_EDGE ( 'NONE', *, *, #949, .T. ) ;
#934 = ORIENTED_EDGE ( 'NONE', *, *, #1280, .F. ) ;
#935 = PLANE ( 'NONE',  #5334 ) ;
#936 = DIRECTION ( 'NONE',  ( -1.000000000000000000, 0.000000000000000000, 0.000000000000000000 ) ) ;
#937 = ORIENTED_EDGE ( 'NONE', *, *, #4007, .F. ) ;
#938 = VECTOR ( 'NONE', #4707, 1000.000000000000000 ) ;
#939 = ORIENTED_EDGE ( 'NONE', *, *, #1211, .T. ) ;
#940 = CARTESIAN_POINT ( 'NONE',  ( -0.06085702079988798002, 0.6050001493494630012, 9.561909157685011706 ) ) ;
#941 = EDGE_CURVE ( 'NONE', #3812, #846, #5191, .T. ) ;
#942 = PRODUCT_RELATED_PRODUCT_CATEGORY ( 'part', '', ( #2563 ) ) ;
#943 = ORIENTED_EDGE ( 'NONE', *, *, #5063, .F. ) ;
#944 = DIRECTION ( 'NONE',  ( -1.381324727921684874E-15, -1.000000000000000000, 1.602373713730180230E-30 ) ) ;
#945 = PLANE ( 'NONE',  #1808 ) ;
#946 = CARTESIAN_POINT ( 'NONE',  ( -3.425000000000011369, 0.9400001654613129309, -4.599999999999992539 ) ) ;
#947 = PLANE ( 'NONE',  #5310 ) ;
#948 = EDGE_CURVE ( 'NONE', #4105, #4008, #1396, .T. ) ;
#949 = EDGE_CURVE ( 'NONE', #2394, #3377, #4865, .T. ) ;
#950 = CARTESIAN_POINT ( 'NONE',  ( 3.625000000000044853, -23.88321892447783412, -3.749999999999975575 ) ) ;
#951 = DIRECTION ( 'NONE',  ( -1.000000000000000000, -3.423796334164928027E-16, -2.282530889443284858E-16 ) ) ;
#952 = CARTESIAN_POINT ( 'NONE',  ( 2.125000000000033307, 1.950000000000000400, 4.440000000000019931 ) ) ;
#953 = ORIENTED_EDGE ( 'NONE', *, *, #3057, .T. ) ;
#954 = VECTOR ( 'NONE', #2257, 1000.000000000000000 ) ;
#955 = VECTOR ( 'NONE', #2188, 1000.000000000000000 ) ;
#956 = VERTEX_POINT ( 'NONE', #14 ) ;
#957 = MANIFOLD_SOLID_BREP ( '分割ﾗｲﾝ1', #2893 ) ;
#958 = DIRECTION ( 'NONE',  ( -0.000000000000000000, -1.000000000000000000, -0.000000000000000000 ) ) ;
#959 = DIRECTION ( 'NONE',  ( 0.000000000000000000, 0.000000000000000000, -1.000000000000000000 ) ) ;
#960 = PRESENTATION_STYLE_ASSIGNMENT (( #5405 ) ) ;
#961 = ORIENTED_EDGE ( 'NONE', *, *, #1787, .F. ) ;
#962 = ORIENTED_EDGE ( 'NONE', *, *, #1356, .F. ) ;
#963 = DIRECTION ( 'NONE',  ( -1.000000000000000000, -2.990902544787698185E-16, -2.990902544787698678E-16 ) ) ;
#964 = AXIS2_PLACEMENT_3D ( 'NONE', #631, #4180, #686 ) ;
#965 = DIRECTION ( 'NONE',  ( 0.000000000000000000, 1.000000000000000000, 0.000000000000000000 ) ) ;
#966 = ORIENTED_EDGE ( 'NONE', *, *, #2464, .F. ) ;
#967 = APPLICATION_CONTEXT ( 'automotive_design' ) ;
#968 = ORIENTED_EDGE ( 'NONE', *, *, #1092, .T. ) ;
#969 = CARTESIAN_POINT ( 'NONE',  ( 4.849999999999965894, 0.9399996200763239829, -3.350000095150287294 ) ) ;
#970 = EDGE_LOOP ( 'NONE', ( #4961, #2019, #3288, #1045 ) ) ;
#971 = DIRECTION ( 'NONE',  ( -1.000000000000000000, 0.000000000000000000, 0.000000000000000000 ) ) ;
#972 = EDGE_CURVE ( 'NONE', #5220, #229, #508, .T. ) ;
#973 = DIRECTION ( 'NONE',  ( 1.141265444721642676E-16, -1.000000000000000000, 0.000000000000000000 ) ) ;
#974 = AXIS2_PLACEMENT_3D ( 'NONE', #3086, #3997, #3627 ) ;
#975 = CARTESIAN_POINT ( 'NONE',  ( 4.549999999999998934, 2.099999999999999201, -3.899999999999997691 ) ) ;
#976 = VECTOR ( 'NONE', #220, 1000.000000000000000 ) ;
#977 = VECTOR ( 'NONE', #1216, 1000.000000000000000 ) ;
#978 = EDGE_CURVE ( 'NONE', #2972, #1056, #2187, .T. ) ;
#979 = EDGE_CURVE ( 'NONE', #1159, #3540, #2651, .T. ) ;
#980 = DIRECTION ( 'NONE',  ( -0.000000000000000000, -0.000000000000000000, -1.000000000000000000 ) ) ;
#981 = CYLINDRICAL_SURFACE ( 'NONE', #2521, 0.009999999999999592548 ) ;
#982 = AXIS2_PLACEMENT_3D ( 'NONE', #2436, #1115, #2381 ) ;
#983 = DIRECTION ( 'NONE',  ( 3.423796334164928027E-16, -1.000000000000000000, 7.395570986446987865E-32 ) ) ;
#984 = VECTOR ( 'NONE', #114, 1000.000000000000000 ) ;
#985 = ORIENTED_EDGE ( 'NONE', *, *, #309, .T. ) ;
#986 = VERTEX_POINT ( 'NONE', #5737 ) ;
#987 = LINE ( 'NONE', #5105, #5646 ) ;
#988 = AXIS2_PLACEMENT_3D ( 'NONE', #4642, #1994, #669 ) ;
#989 = EDGE_CURVE ( 'NONE', #2394, #4845, #46, .T. ) ;
#990 = DIRECTION ( 'NONE',  ( -6.496230967041490687E-14, -1.000000000000000000, 0.000000000000000000 ) ) ;
#991 = ORIENTED_EDGE ( 'NONE', *, *, #5629, .F. ) ;
#992 = CARTESIAN_POINT ( 'NONE',  ( 0.000000000000000000, 0.000000000000000000, 0.000000000000000000 ) ) ;
#993 = ORIENTED_EDGE ( 'NONE', *, *, #4255, .F. ) ;
#994 = ORIENTED_EDGE ( 'NONE', *, *, #4676, .T. ) ;
#995 = CARTESIAN_POINT ( 'NONE',  ( 2.125000000000033307, 1.940000000000000391, 4.440000000000019931 ) ) ;
#996 = CARTESIAN_POINT ( 'NONE',  ( 3.224999999999978773, 0.9400000000000328093, 9.561909157685011706 ) ) ;
#997 = VERTEX_POINT ( 'NONE', #1744 ) ;
#998 = ORIENTED_EDGE ( 'NONE', *, *, #2458, .T. ) ;
#999 = DIRECTION ( 'NONE',  ( 0.000000000000000000, -1.232595164407831220E-32, -1.000000000000000000 ) ) ;
#1000 = ORIENTED_EDGE ( 'NONE', *, *, #1606, .F. ) ;
#1001 = CARTESIAN_POINT ( 'NONE',  ( 3.825000000000022826, 0.5999999999999998668, -3.899999999999999023 ) ) ;
#1002 = CARTESIAN_POINT ( 'NONE',  ( 20.13181286259027658, 1.940000000000000391, 4.440000000000019931 ) ) ;
#1003 = LINE ( 'NONE', #1889, #2261 ) ;
#1004 = LINE ( 'NONE', #4117, #2244 ) ;
#1005 = DIRECTION ( 'NONE',  ( -1.000000000000000000, -0.000000000000000000, -0.000000000000000000 ) ) ;
#1006 = CYLINDRICAL_SURFACE ( 'NONE', #312, 0.1499999999999999667 ) ;
#1007 = LINE ( 'NONE', #22, #2138 ) ;
#1008 = AXIS2_PLACEMENT_3D ( 'NONE', #2353, #2585, #2246 ) ;
#1009 = EDGE_CURVE ( 'NONE', #4483, #4379, #1341, .T. ) ;
#1010 = EDGE_LOOP ( 'NONE', ( #4616, #2669, #4265, #2608 ) ) ;
#1011 = ORIENTED_EDGE ( 'NONE', *, *, #5381, .F. ) ;
#1012 = CARTESIAN_POINT ( 'NONE',  ( -4.349999999999965006, 0.7399999999999993250, 4.600000000000020961 ) ) ;
#1013 = PLANE ( 'NONE',  #2510 ) ;
#1014 = ORIENTED_EDGE ( 'NONE', *, *, #3542, .T. ) ;
#1015 = LINE ( 'NONE', #3528, #2923 ) ;
#1016 = CARTESIAN_POINT ( 'NONE',  ( -0.2499998239810239664, 0.4700001493862810409, -4.599999999999992539 ) ) ;
#1017 = EDGE_CURVE ( 'NONE', #5220, #266, #4061, .T. ) ;
#1018 = VECTOR ( 'NONE', #999, 1000.000000000000000 ) ;
#1019 = ADVANCED_FACE ( 'NONE', ( #1804 ), #1304, .T. ) ;
#1020 = ORIENTED_EDGE ( 'NONE', *, *, #2933, .T. ) ;
#1021 = EDGE_LOOP ( 'NONE', ( #4165, #4093, #985, #3160 ) ) ;
#1022 = CARTESIAN_POINT ( 'NONE',  ( -0.1499999999999999667, 0.2999999999999999889, -0.2999999999999999334 ) ) ;
#1023 = PLANE ( 'NONE',  #2570 ) ;
#1024 = EDGE_LOOP ( 'NONE', ( #3065, #3959, #2847, #606 ) ) ;
#1025 = VECTOR ( 'NONE', #2569, 1000.000000000000000 ) ;
#1026 = ORIENTED_EDGE ( 'NONE', *, *, #5348, .F. ) ;
#1027 = DIRECTION ( 'NONE',  ( 1.000000000000000000, 1.141265444721642676E-16, 0.000000000000000000 ) ) ;
#1028 = VERTEX_POINT ( 'NONE', #3570 ) ;
#1029 = DIRECTION ( 'NONE',  ( 0.000000000000000000, 1.000000000000000000, 0.000000000000000000 ) ) ;
#1030 = FACE_OUTER_BOUND ( 'NONE', #2901, .T. ) ;
#1031 = CARTESIAN_POINT ( 'NONE',  ( -4.700000000000019718, 0.7400008731479412738, 4.099999999999867306 ) ) ;
#1032 = CARTESIAN_POINT ( 'NONE',  ( -4.700000000000019718, 0.4700006265358621649, 2.225000176018558484 ) ) ;
#1033 = UNCERTAINTY_MEASURE_WITH_UNIT (LENGTH_MEASURE( 1.000000000000000082E-05 ), #2311, 'distance_accuracy_value', 'NONE');
#1034 = DIRECTION ( 'NONE',  ( -1.381324727921685072E-15, -1.000000000000000000, 1.602373713730180230E-30 ) ) ;
#1035 = CYLINDRICAL_SURFACE ( 'NONE', #1686, 0.1599999999999997813 ) ;
#1036 = EDGE_LOOP ( 'NONE', ( #860, #922, #73, #5055 ) ) ;
#1037 = ORIENTED_EDGE ( 'NONE', *, *, #2171, .F. ) ;
#1038 = PLANE ( 'NONE',  #542 ) ;
#1039 = CARTESIAN_POINT ( 'NONE',  ( 4.689999999999964864, 2.100000000000000089, -3.550333704529049061 ) ) ;
#1040 = EDGE_CURVE ( 'NONE', #849, #1389, #5332, .T. ) ;
#1041 = ORIENTED_EDGE ( 'NONE', *, *, #12, .T. ) ;
#1042 = DIRECTION ( 'NONE',  ( 1.000000000000000000, 0.000000000000000000, 0.000000000000000000 ) ) ;
#1043 = LINE ( 'NONE', #4366, #3585 ) ;
#1044 = VECTOR ( 'NONE', #5426, 1000.000000000000000 ) ;
#1045 = ORIENTED_EDGE ( 'NONE', *, *, #5667, .T. ) ;
#1046 = ORIENTED_EDGE ( 'NONE', *, *, #3291, .T. ) ;
#1047 = MECHANICAL_DESIGN_GEOMETRIC_PRESENTATION_REPRESENTATION (  '', ( #2983 ), #494 ) ;
#1048 = CARTESIAN_POINT ( 'NONE',  ( 4.749999999999965361, 1.940000000000000169, -3.550000095150265267 ) ) ;
#1049 = CARTESIAN_POINT ( 'NONE',  ( -3.825000000000009059, 1.950000000000000178, -3.889999999999997460 ) ) ;
#1050 = VERTEX_POINT ( 'NONE', #919 ) ;
#1051 = EDGE_CURVE ( 'NONE', #5472, #4672, #235, .T. ) ;
#1052 = AXIS2_PLACEMENT_3D ( 'NONE', #3637, #4506, #5403 ) ;
#1053 = EDGE_CURVE ( 'NONE', #3479, #2773, #3716, .T. ) ;
#1054 = EDGE_LOOP ( 'NONE', ( #2194, #3198, #1768, #636 ) ) ;
#1055 = LINE ( 'NONE', #243, #1751 ) ;
#1056 = VERTEX_POINT ( 'NONE', #655 ) ;
#1057 = LINE ( 'NONE', #2407, #5616 ) ;
#1058 = CARTESIAN_POINT ( 'NONE',  ( -4.690000000000020819, 2.100000000000000977, 4.300000000000019362 ) ) ;
#1059 = EDGE_CURVE ( 'NONE', #2177, #5040, #878, .T. ) ;
#1060 = CARTESIAN_POINT ( 'NONE',  ( -0.1499999999999999667, 0.2999999999999999889, -0.2999999999999999334 ) ) ;
#1061 = CARTESIAN_POINT ( 'NONE',  ( 4.849999999999965894, 1.949999999999999512, -3.549999999999997602 ) ) ;
#1062 = AXIS2_PLACEMENT_3D ( 'NONE', #4854, #1793, #4422 ) ;
#1063 = CARTESIAN_POINT ( 'NONE',  ( -4.349999999999965006, 0.7399999999999984368, -5.688170446387289303 ) ) ;
#1064 = DIRECTION ( 'NONE',  ( 1.850371707708455731E-13, 0.000000000000000000, 1.000000000000000000 ) ) ;
#1065 = LINE ( 'NONE', #3334, #765 ) ;
#1066 = ORIENTED_EDGE ( 'NONE', *, *, #3069, .T. ) ;
#1067 = ORIENTED_EDGE ( 'NONE', *, *, #379, .T. ) ;
#1068 = DIRECTION ( 'NONE',  ( 0.000000000000000000, -1.000000000000000000, 1.232595164407830946E-32 ) ) ;
#1069 = DIRECTION ( 'NONE',  ( 0.000000000000000000, -0.000000000000000000, 1.000000000000000000 ) ) ;
#1070 = CIRCLE ( 'NONE', #3303, 0.2000000000000057288 ) ;
#1071 = ORIENTED_EDGE ( 'NONE', *, *, #3211, .F. ) ;
#1072 = CARTESIAN_POINT ( 'NONE',  ( 0.7750000000000117906, 1.950000000000000178, 3.889999999999997460 ) ) ;
#1073 = ADVANCED_FACE ( 'NONE', ( #4201 ), #2355, .T. ) ;
#1074 = DIRECTION ( 'NONE',  ( 1.000000000000000000, 0.000000000000000000, 0.000000000000000000 ) ) ;
#1075 = VECTOR ( 'NONE', #713, 1000.000000000000000 ) ;
#1076 = VECTOR ( 'NONE', #5287, 1000.000000000000000 ) ;
#1077 = ORIENTED_EDGE ( 'NONE', *, *, #3543, .F. ) ;
#1078 = ORIENTED_EDGE ( 'NONE', *, *, #5007, .T. ) ;
#1079 = DIRECTION ( 'NONE',  ( 0.000000000000000000, 1.000000000000000000, 0.000000000000000000 ) ) ;
#1080 = AXIS2_PLACEMENT_3D ( 'NONE', #13, #2241, #918 ) ;
#1081 = ORIENTED_EDGE ( 'NONE', *, *, #1820, .F. ) ;
#1082 = ORIENTED_EDGE ( 'NONE', *, *, #828, .T. ) ;
#1083 = CARTESIAN_POINT ( 'NONE',  ( 4.549999999999998934, 2.100000000000000089, -0.9613307051038245676 ) ) ;
#1084 = AXIS2_PLACEMENT_3D ( 'NONE', #298, #1118, #4256 ) ;
#1085 = EDGE_CURVE ( 'NONE', #2166, #3790, #4228, .T. ) ;
#1086 = ADVANCED_FACE ( 'NONE', ( #5446 ), #5002, .T. ) ;
#1087 = ORIENTED_EDGE ( 'NONE', *, *, #657, .F. ) ;
#1088 = DIRECTION ( 'NONE',  ( 0.000000000000000000, -1.000000000000000000, 0.000000000000000000 ) ) ;
#1089 = DIRECTION ( 'NONE',  ( -3.265361837132639879E-14, -0.000000000000000000, -1.000000000000000000 ) ) ;
#1090 = LINE ( 'NONE', #535, #339 ) ;
#1091 = SURFACE_SIDE_STYLE ('',( #1862 ) ) ;
#1092 = EDGE_CURVE ( 'NONE', #2843, #2904, #5612, .T. ) ;
#1093 = EDGE_CURVE ( 'NONE', #149, #1731, #5536, .T. ) ;
#1094 = DIRECTION ( 'NONE',  ( 0.000000000000000000, 1.301042606982658332E-13, -1.000000000000000000 ) ) ;
#1095 = CARTESIAN_POINT ( 'NONE',  ( -19.11734783244956759, 1.939999999999995728, -3.889999999999997460 ) ) ;
#1096 = ORIENTED_EDGE ( 'NONE', *, *, #5660, .T. ) ;
#1097 = CARTESIAN_POINT ( 'NONE',  ( -3.624999999999989342, -23.88321892447783412, -3.749999999999975575 ) ) ;
#1098 = PRODUCT_DEFINITION_SHAPE ( 'NONE', 'NONE',  #2990 ) ;
#1099 = ORIENTED_EDGE ( 'NONE', *, *, #405, .T. ) ;
#1100 = ORIENTED_EDGE ( 'NONE', *, *, #5740, .F. ) ;
#1101 = CARTESIAN_POINT ( 'NONE',  ( 0.1499999999999999667, 0.2999999999999999889, -0.1499999999999999389 ) ) ;
#1102 = DIRECTION ( 'NONE',  ( 0.000000000000000000, 1.000000000000000000, 0.000000000000000000 ) ) ;
#1103 = ORIENTED_EDGE ( 'NONE', *, *, #1288, .T. ) ;
#1104 = VECTOR ( 'NONE', #3911, 1000.000000000000000 ) ;
#1105 = DIRECTION ( 'NONE',  ( -1.000000000000000000, -0.000000000000000000, -0.000000000000000000 ) ) ;
#1106 = VERTEX_POINT ( 'NONE', #3268 ) ;
#1107 = CIRCLE ( 'NONE', #1188, 0.2000000000000057288 ) ;
#1108 = ORIENTED_EDGE ( 'NONE', *, *, #4309, .T. ) ;
#1109 = CARTESIAN_POINT ( 'NONE',  ( 4.799999999999965183, 1.940000000000000169, -3.550000095150265267 ) ) ;
#1110 = EDGE_LOOP ( 'NONE', ( #4195, #3022, #3910, #1872 ) ) ;
#1111 = ORIENTED_EDGE ( 'NONE', *, *, #1051, .T. ) ;
#1112 = VECTOR ( 'NONE', #913, 1000.000000000000000 ) ;
#1113 = CARTESIAN_POINT ( 'NONE',  ( -0.8499998239810853118, 0.4700001493862810409, -4.449999999999992184 ) ) ;
#1114 = MANIFOLD_SOLID_BREP ( '分割ﾗｲﾝ1', #3833 ) ;
#1115 = DIRECTION ( 'NONE',  ( 1.000000000000000000, 2.990902544787698678E-16, 0.000000000000000000 ) ) ;
#1116 = VECTOR ( 'NONE', #2486, 1000.000000000000000 ) ;
#1117 = SURFACE_SIDE_STYLE ('',( #5089 ) ) ;
#1118 = DIRECTION ( 'NONE',  ( 0.000000000000000000, -1.000000000000000000, 1.232595164407830946E-32 ) ) ;
#1119 = ADVANCED_FACE ( 'NONE', ( #4146 ), #4175, .T. ) ;
#1120 = PRODUCT_DEFINITION_FORMATION_WITH_SPECIFIED_SOURCE ( 'ANY', '', #2426, .NOT_KNOWN. ) ;
#1121 = LINE ( 'NONE', #1063, #2919 ) ;
#1122 = DIRECTION ( 'NONE',  ( 1.000000000000000000, -7.145854063745640008E-14, -2.642383549361077207E-45 ) ) ;
#1123 = ADVANCED_FACE ( 'NONE', ( #1423 ), #196, .T. ) ;
#1124 = ORIENTED_EDGE ( 'NONE', *, *, #1053, .F. ) ;
#1125 = CARTESIAN_POINT ( 'NONE',  ( -3.425000000000014921, 1.940000000000000391, -4.599999999999992539 ) ) ;
#1126 = EDGE_CURVE ( 'NONE', #2205, #1434, #1003, .T. ) ;
#1127 = ORIENTED_EDGE ( 'NONE', *, *, #3762, .T. ) ;
#1128 = VERTEX_POINT ( 'NONE', #4549 ) ;
#1129 = FACE_OUTER_BOUND ( 'NONE', #2788, .T. ) ;
#1130 = DIRECTION ( 'NONE',  ( -1.000000000000000000, 0.000000000000000000, 0.000000000000000000 ) ) ;
#1131 = CARTESIAN_POINT ( 'NONE',  ( 4.699999999999964650, 1.942625343829425422, -3.550055852813381652 ) ) ;
#1132 = ORIENTED_EDGE ( 'NONE', *, *, #12, .F. ) ;
#1133 = VERTEX_POINT ( 'NONE', #1951 ) ;
#1134 = DIRECTION ( 'NONE',  ( 0.000000000000000000, -1.232595164407831220E-32, -1.000000000000000000 ) ) ;
#1135 = ORIENTED_EDGE ( 'NONE', *, *, #1092, .F. ) ;
#1136 = ORIENTED_EDGE ( 'NONE', *, *, #4216, .T. ) ;
#1137 = DIRECTION ( 'NONE',  ( -1.000000000000000000, 0.000000000000000000, 3.265361837132747164E-14 ) ) ;
#1138 = DIRECTION ( 'NONE',  ( 1.000000000000000000, 0.000000000000000000, -0.000000000000000000 ) ) ;
#1139 = AXIS2_PLACEMENT_3D ( 'NONE', #667, #3281, #5134 ) ;
#1140 = PRODUCT_DEFINITION_SHAPE ( 'NONE', 'NONE',  #5753 ) ;
#1141 = CARTESIAN_POINT ( 'NONE',  ( 0.1749999999999808931, 0.9400000000000328093, 4.600000000000020961 ) ) ;
#1142 = DIRECTION ( 'NONE',  ( 0.000000000000000000, -1.000000000000000000, 0.000000000000000000 ) ) ;
#1143 = CARTESIAN_POINT ( 'NONE',  ( -4.549999999999998934, 2.100000000000000089, -3.889999999999997460 ) ) ;
#1144 = AXIS2_PLACEMENT_3D ( 'NONE', #1781, #925, #1811 ) ;
#1145 = EDGE_CURVE ( 'NONE', #4345, #4094, #567, .T. ) ;
#1146 = LINE ( 'NONE', #2969, #2179 ) ;
#1147 = DIRECTION ( 'NONE',  ( 0.000000000000000000, 1.000000000000000000, 0.000000000000000000 ) ) ;
#1148 = ORIENTED_EDGE ( 'NONE', *, *, #3282, .T. ) ;
#1149 = CYLINDRICAL_SURFACE ( 'NONE', #1409, 0.2000000000000057288 ) ;
#1150 = ORIENTED_EDGE ( 'NONE', *, *, #3057, .F. ) ;
#1151 = ADVANCED_FACE ( 'NONE', ( #2518 ), #4743, .T. ) ;
#1152 = ORIENTED_EDGE ( 'NONE', *, *, #3829, .F. ) ;
#1153 = EDGE_CURVE ( 'NONE', #2347, #4140, #5559, .T. ) ;
#1154 = LINE ( 'NONE', #1225, #5270 ) ;
#1155 = CARTESIAN_POINT ( 'NONE',  ( -0.1499999999999999667, 0.000000000000000000, -0.2999999999999999334 ) ) ;
#1156 = CARTESIAN_POINT ( 'NONE',  ( -4.700000000000019718, 0.6700006265358471325, 2.225000176018516296 ) ) ;
#1157 = DIRECTION ( 'NONE',  ( -1.000000000000000000, 0.000000000000000000, 0.000000000000000000 ) ) ;
#1158 = ORIENTED_EDGE ( 'NONE', *, *, #4149, .T. ) ;
#1159 = VERTEX_POINT ( 'NONE', #4767 ) ;
#1160 = ADVANCED_FACE ( 'NONE', ( #2091 ), #2061, .T. ) ;
#1161 = FACE_OUTER_BOUND ( 'NONE', #1442, .T. ) ;
#1162 = VECTOR ( 'NONE', #5276, 1000.000000000000000 ) ;
#1163 = VERTEX_POINT ( 'NONE', #4716 ) ;
#1164 = DIRECTION ( 'NONE',  ( -1.850371707708455984E-13, 0.000000000000000000, -1.000000000000000000 ) ) ;
#1165 = DIRECTION ( 'NONE',  ( 1.000000000000000000, 1.141265444721642676E-16, 0.000000000000000000 ) ) ;
#1166 = CARTESIAN_POINT ( 'NONE',  ( -4.350000000000019185, 2.248009955724755926, -4.599999999999991651 ) ) ;
#1167 = LINE ( 'NONE', #2937, #3016 ) ;
#1168 = DIRECTION ( 'NONE',  ( 0.000000000000000000, 0.000000000000000000, -1.000000000000000000 ) ) ;
#1169 = VECTOR ( 'NONE', #3936, 1000.000000000000000 ) ;
#1170 = VECTOR ( 'NONE', #4142, 1000.000000000000000 ) ;
#1171 = DIRECTION ( 'NONE',  ( -1.000000000000000000, 0.000000000000000000, 0.000000000000000000 ) ) ;
#1172 = PLANE ( 'NONE',  #4933 ) ;
#1173 = ORIENTED_EDGE ( 'NONE', *, *, #4739, .F. ) ;
#1174 = LINE ( 'NONE', #1658, #27 ) ;
#1175 = ORIENTED_EDGE ( 'NONE', *, *, #205, .F. ) ;
#1176 = ORIENTED_EDGE ( 'NONE', *, *, #1495, .F. ) ;
#1177 = DIRECTION ( 'NONE',  ( 1.000000000000000000, 0.000000000000000000, 0.000000000000000000 ) ) ;
#1178 = LINE ( 'NONE', #3423, #5606 ) ;
#1179 = LINE ( 'NONE', #3913, #2058 ) ;
#1180 = DIRECTION ( 'NONE',  ( 1.000000000000000000, -0.000000000000000000, 0.000000000000000000 ) ) ;
#1181 = EDGE_CURVE ( 'NONE', #3377, #3841, #1192, .T. ) ;
#1182 = EDGE_LOOP ( 'NONE', ( #3618, #4240, #4420, #1292 ) ) ;
#1183 = ORIENTED_EDGE ( 'NONE', *, *, #4813, .T. ) ;
#1184 = DIRECTION ( 'NONE',  ( 0.000000000000000000, -1.000000000000000000, 1.232595164407830946E-32 ) ) ;
#1185 = PLANE ( 'NONE',  #4844 ) ;
#1186 = EDGE_CURVE ( 'NONE', #2347, #2453, #4257, .T. ) ;
#1187 = EDGE_CURVE ( 'NONE', #2470, #2581, #4507, .T. ) ;
#1188 = AXIS2_PLACEMENT_3D ( 'NONE', #1294, #3074, #4425 ) ;
#1189 = DIRECTION ( 'NONE',  ( 1.000000000000000000, 0.000000000000000000, 0.000000000000000000 ) ) ;
#1190 = DIRECTION ( 'NONE',  ( 0.000000000000000000, 0.000000000000000000, -1.000000000000000000 ) ) ;
#1191 = CARTESIAN_POINT ( 'NONE',  ( -3.425000000000011369, 0.9400001654613129309, -4.449999999999988631 ) ) ;
#1192 = LINE ( 'NONE', #3441, #702 ) ;
#1193 = VECTOR ( 'NONE', #1390, 1000.000000000000000 ) ;
#1194 = FACE_OUTER_BOUND ( 'NONE', #1687, .T. ) ;
#1195 = LINE ( 'NONE', #2494, #57 ) ;
#1196 = CARTESIAN_POINT ( 'NONE',  ( -4.700000000000019718, 0.9400002466121099021, -3.350000095150231783 ) ) ;
#1197 = DIRECTION ( 'NONE',  ( -0.000000000000000000, -1.000000000000000000, -0.000000000000000000 ) ) ;
#1198 = ORIENTED_EDGE ( 'NONE', *, *, #4946, .F. ) ;
#1199 = ORIENTED_EDGE ( 'NONE', *, *, #1085, .T. ) ;
#1200 = FACE_OUTER_BOUND ( 'NONE', #4911, .T. ) ;
#1201 = DIRECTION ( 'NONE',  ( 0.000000000000000000, 0.000000000000000000, -1.000000000000000000 ) ) ;
#1202 = LINE ( 'NONE', #5247, #5123 ) ;
#1203 = CARTESIAN_POINT ( 'NONE',  ( 6.449999999999997513, 0.000000000000000000, 4.800000000000000711 ) ) ;
#1204 = ORIENTED_EDGE ( 'NONE', *, *, #4689, .F. ) ;
#1205 = ORIENTED_EDGE ( 'NONE', *, *, #1777, .F. ) ;
#1206 = CARTESIAN_POINT ( 'NONE',  ( 0.7750000000000150102, 2.625497654997603014, 4.059999999999997833 ) ) ;
#1207 = EDGE_CURVE ( 'NONE', #4638, #5436, #3024, .T. ) ;
#1208 = CARTESIAN_POINT ( 'NONE',  ( -4.690000000000020819, 2.100000000000000089, -3.550333704529031742 ) ) ;
#1209 = CARTESIAN_POINT ( 'NONE',  ( 0.000000000000000000, 0.000000000000000000, 0.000000000000000000 ) ) ;
#1210 = DIRECTION ( 'NONE',  ( 0.000000000000000000, 0.000000000000000000, 1.000000000000000000 ) ) ;
#1211 = EDGE_CURVE ( 'NONE', #3156, #4444, #4686, .T. ) ;
#1212 = EDGE_CURVE ( 'NONE', #4080, #3492, #793, .T. ) ;
#1213 = DIRECTION ( 'NONE',  ( 0.000000000000000000, 0.000000000000000000, -1.000000000000000000 ) ) ;
#1214 = ORIENTED_EDGE ( 'NONE', *, *, #729, .F. ) ;
#1215 = LINE ( 'NONE', #2032, #3866 ) ;
#1216 = DIRECTION ( 'NONE',  ( 0.000000000000000000, 0.000000000000000000, 1.000000000000000000 ) ) ;
#1217 = CARTESIAN_POINT ( 'NONE',  ( -4.549999999999998934, 0.9400000000000041656, -5.688170446387289303 ) ) ;
#1218 = CARTESIAN_POINT ( 'NONE',  ( -3.366421451386827357, 0.7985788092239373137, 9.561909157685011706 ) ) ;
#1219 = EDGE_CURVE ( 'NONE', #3615, #4105, #2629, .T. ) ;
#1220 = CARTESIAN_POINT ( 'NONE',  ( 4.689999999999964864, 1.940000000000000391, -20.99693972591869340 ) ) ;
#1221 = LINE ( 'NONE', #3004, #3171 ) ;
#1222 = CARTESIAN_POINT ( 'NONE',  ( -3.825000000000023270, 0.5999999999999998668, -0.8528866118898899007 ) ) ;
#1223 = VECTOR ( 'NONE', #2153, 1000.000000000000000 ) ;
#1224 = ORIENTED_EDGE ( 'NONE', *, *, #1711, .F. ) ;
#1225 = CARTESIAN_POINT ( 'NONE',  ( -3.825000000000022826, 1.950000000000000400, -4.049999999999998046 ) ) ;
#1226 = DIRECTION ( 'NONE',  ( 0.000000000000000000, 0.000000000000000000, 1.000000000000000000 ) ) ;
#1227 = FACE_OUTER_BOUND ( 'NONE', #4827, .T. ) ;
#1228 = DIRECTION ( 'NONE',  ( 1.000000000000000000, 3.423796334164928027E-16, 2.282530889443284858E-16 ) ) ;
#1229 = SHAPE_DEFINITION_REPRESENTATION ( #1098, #5267 ) ;
#1230 = VERTEX_POINT ( 'NONE', #738 ) ;
#1231 = VECTOR ( 'NONE', #1236, 1000.000000000000000 ) ;
#1232 = ORIENTED_EDGE ( 'NONE', *, *, #1560, .F. ) ;
#1233 = CARTESIAN_POINT ( 'NONE',  ( 3.625000000000044853, -23.88321892447783412, -3.549999999999942091 ) ) ;
#1234 = DIRECTION ( 'NONE',  ( 0.000000000000000000, 0.000000000000000000, 1.000000000000000000 ) ) ;
#1235 =( GEOMETRIC_REPRESENTATION_CONTEXT ( 3 ) GLOBAL_UNCERTAINTY_ASSIGNED_CONTEXT ( ( #717 ) ) GLOBAL_UNIT_ASSIGNED_CONTEXT ( ( #4490, #2737, #5265 ) ) REPRESENTATION_CONTEXT ( 'NONE', 'WORKASPACE' ) );
#1236 = DIRECTION ( 'NONE',  ( -1.850371707708455731E-13, -0.000000000000000000, -1.000000000000000000 ) ) ;
#1237 = CYLINDRICAL_SURFACE ( 'NONE', #5275, 0.009999999999999592548 ) ;
#1238 = AXIS2_PLACEMENT_3D ( 'NONE', #2799, #3747, #630 ) ;
#1239 = ORIENTED_EDGE ( 'NONE', *, *, #3359, .F. ) ;
#1240 = PLANE ( 'NONE',  #4509 ) ;
#1241 = DIRECTION ( 'NONE',  ( -0.000000000000000000, 1.000000000000000000, 0.000000000000000000 ) ) ;
#1242 = VECTOR ( 'NONE', #5230, 1000.000000000000000 ) ;
#1243 = DIRECTION ( 'NONE',  ( 9.251858538542278656E-14, 0.000000000000000000, 1.000000000000000000 ) ) ;
#1244 = EDGE_CURVE ( 'NONE', #24, #526, #2910, .T. ) ;
#1245 = PLANE ( 'NONE',  #4448 ) ;
#1246 = CIRCLE ( 'NONE', #1901, 0.1599999999999995592 ) ;
#1247 = PLANE ( 'NONE',  #5621 ) ;
#1248 = CARTESIAN_POINT ( 'NONE',  ( -0.8499998239810844236, 0.6700001493862459689, -4.449999999999992184 ) ) ;
#1249 = DIRECTION ( 'NONE',  ( 2.990902544787698185E-16, 8.628166150854816622E-32, -1.000000000000000000 ) ) ;
#1250 = EDGE_CURVE ( 'NONE', #66, #5654, #3470, .T. ) ;
#1251 = ORIENTED_EDGE ( 'NONE', *, *, #541, .T. ) ;
#1252 = CARTESIAN_POINT ( 'NONE',  ( -4.850000000000020961, 1.939999999999999947, -3.550000095150265267 ) ) ;
#1253 = CARTESIAN_POINT ( 'NONE',  ( 4.549999999999998934, 1.940000000000000835, 4.450000000000019718 ) ) ;
#1254 = FACE_OUTER_BOUND ( 'NONE', #811, .T. ) ;
#1255 = CARTESIAN_POINT ( 'NONE',  ( 1.848606797386242784, 0.7399999999999984368, -4.599999999999992539 ) ) ;
#1256 = CONTEXT_DEPENDENT_SHAPE_REPRESENTATION ( #1436, #3701 ) ;
#1257 = VERTEX_POINT ( 'NONE', #1677 ) ;
#1258 = ORIENTED_EDGE ( 'NONE', *, *, #2383, .T. ) ;
#1259 = LINE ( 'NONE', #1233, #2884 ) ;
#1260 = CARTESIAN_POINT ( 'NONE',  ( -4.832756304577590534, 2.023517865402125526, -3.550111298276514837 ) ) ;
#1261 = CARTESIAN_POINT ( 'NONE',  ( -4.850000000000020961, 0.7400008731479412738, 3.203285999999902600 ) ) ;
#1262 = ORIENTED_EDGE ( 'NONE', *, *, #3501, .T. ) ;
#1263 = CARTESIAN_POINT ( 'NONE',  ( 11.27290200957160238, 0.6700006265358471325, 2.225000176018516296 ) ) ;
#1264 = EDGE_LOOP ( 'NONE', ( #5439, #5360, #3347, #1719 ) ) ;
#1265 = DIRECTION ( 'NONE',  ( -1.000000000000000000, 0.000000000000000000, 0.000000000000000000 ) ) ;
#1266 = DIRECTION ( 'NONE',  ( -1.000000000000000000, 0.000000000000000000, 0.000000000000000000 ) ) ;
#1267 = ORIENTED_EDGE ( 'NONE', *, *, #5182, .T. ) ;
#1268 = AXIS2_PLACEMENT_3D ( 'NONE', #3008, #2128, #4266 ) ;
#1269 = PLANE ( 'NONE',  #5749 ) ;
#1270 = FACE_OUTER_BOUND ( 'NONE', #1908, .T. ) ;
#1271 = AXIS2_PLACEMENT_3D ( 'NONE', #2408, #2005, #3847 ) ;
#1272 = ADVANCED_FACE ( 'NONE', ( #711 ), #4282, .F. ) ;
#1273 = DIRECTION ( 'NONE',  ( 1.000000000000000000, 1.668003342285575207E-16, -8.540177112502145062E-14 ) ) ;
#1274 = DIRECTION ( 'NONE',  ( 0.000000000000000000, -1.000000000000000000, 0.000000000000000000 ) ) ;
#1275 = VECTOR ( 'NONE', #3935, 1000.000000000000000 ) ;
#1276 = ORIENTED_EDGE ( 'NONE', *, *, #1738, .F. ) ;
#1277 = DIRECTION ( 'NONE',  ( 0.000000000000000000, 0.000000000000000000, 1.000000000000000000 ) ) ;
#1278 = EDGE_CURVE ( 'NONE', #2536, #153, #2965, .T. ) ;
#1279 = AXIS2_PLACEMENT_3D ( 'NONE', #4223, #5497, #5551 ) ;
#1280 = EDGE_CURVE ( 'NONE', #2719, #1326, #3386, .T. ) ;
#1281 = CARTESIAN_POINT ( 'NONE',  ( 1.924999999999954525, -23.88321892447783412, 3.749999999999975575 ) ) ;
#1282 = CARTESIAN_POINT ( 'NONE',  ( 4.699999999999964650, 0.4699999999999990852, 0.1500001760186156496 ) ) ;
#1283 = DIRECTION ( 'NONE',  ( 0.000000000000000000, 0.000000000000000000, 1.000000000000000000 ) ) ;
#1284 = APPLICATION_PROTOCOL_DEFINITION ( 'draft international standard', 'automotive_design', 1998, #853 ) ;
#1285 = VERTEX_POINT ( 'NONE', #3798 ) ;
#1286 = VERTEX_POINT ( 'NONE', #1564 ) ;
#1287 = CARTESIAN_POINT ( 'NONE',  ( -4.700000000000019718, 1.939999999999999947, -3.550000095150265267 ) ) ;
#1288 = EDGE_CURVE ( 'NONE', #5728, #3915, #3352, .T. ) ;
#1289 = ORIENTED_EDGE ( 'NONE', *, *, #3359, .T. ) ;
#1290 = CIRCLE ( 'NONE', #569, 0.1599999999999995592 ) ;
#1291 = SHAPE_REPRESENTATION_RELATIONSHIP ( 'NONE' , 'NONE' ,  #5267, #150 ) ;
#1292 = ORIENTED_EDGE ( 'NONE', *, *, #4800, .T. ) ;
#1293 = DIRECTION ( 'NONE',  ( 0.000000000000000000, 0.000000000000000000, -1.000000000000000000 ) ) ;
#1294 = CARTESIAN_POINT ( 'NONE',  ( -3.624999999999989342, 1.950000000000000400, -3.749999999999975575 ) ) ;
#1295 = ORIENTED_EDGE ( 'NONE', *, *, #2675, .T. ) ;
#1296 = CARTESIAN_POINT ( 'NONE',  ( -4.549999999999998934, 2.099999999999998757, -5.688170446387289303 ) ) ;
#1297 = CARTESIAN_POINT ( 'NONE',  ( 4.849999999999965894, 0.7400002466120764177, 4.100000000000191491 ) ) ;
#1298 = ORIENTED_EDGE ( 'NONE', *, *, #2392, .F. ) ;
#1299 = ADVANCED_BREP_SHAPE_REPRESENTATION ( '', ( #2900, #831 ), #652 ) ;
#1300 = DIRECTION ( 'NONE',  ( -1.000000000000000000, 0.000000000000000000, 0.000000000000000000 ) ) ;
#1301 = VERTEX_POINT ( 'NONE', #1143 ) ;
#1302 = CARTESIAN_POINT ( 'NONE',  ( -3.825000000000022826, -23.88321892447783412, -4.049999999999998046 ) ) ;
#1303 = FACE_OUTER_BOUND ( 'NONE', #5413, .T. ) ;
#1304 = PLANE ( 'NONE',  #974 ) ;
#1305 = CARTESIAN_POINT ( 'NONE',  ( -4.850000000000020961, 1.940000000000000391, 4.300000000000005151 ) ) ;
#1306 = ADVANCED_FACE ( 'NONE', ( #2463 ), #275, .F. ) ;
#1307 = VECTOR ( 'NONE', #5210, 1000.000000000000000 ) ;
#1308 = VERTEX_POINT ( 'NONE', #1906 ) ;
#1309 = CARTESIAN_POINT ( 'NONE',  ( 0.1499999999999999667, 0.000000000000000000, 0.1500000000000000500 ) ) ;
#1310 = VECTOR ( 'NONE', #2531, 1000.000000000000000 ) ;
#1311 = CARTESIAN_POINT ( 'NONE',  ( 4.773517865402088667, 2.082756304577570550, -3.550222501402790609 ) ) ;
#1312 = LINE ( 'NONE', #2192, #1684 ) ;
#1313 = DIRECTION ( 'NONE',  ( 1.000000000000000000, 0.000000000000000000, 0.000000000000000000 ) ) ;
#1314 = AXIS2_PLACEMENT_3D ( 'NONE', #2755, #1327, #68 ) ;
#1315 = ADVANCED_FACE ( 'NONE', ( #38 ), #3051, .T. ) ;
#1316 = EDGE_CURVE ( 'NONE', #1285, #4890, #7, .T. ) ;
#1317 = EDGE_LOOP ( 'NONE', ( #5111, #968, #520, #3805 ) ) ;
#1318 = ORIENTED_EDGE ( 'NONE', *, *, #1537, .T. ) ;
#1319 = CARTESIAN_POINT ( 'NONE',  ( -3.825000000000023714, 0.5899999999999994138, -4.059999999999997833 ) ) ;
#1320 = DIRECTION ( 'NONE',  ( 0.000000000000000000, -0.000000000000000000, -1.000000000000000000 ) ) ;
#1321 = VECTOR ( 'NONE', #1661, 1000.000000000000000 ) ;
#1322 =( LENGTH_UNIT ( ) NAMED_UNIT ( * ) SI_UNIT ( .MILLI., .METRE. ) );
#1323 = EDGE_CURVE ( 'NONE', #498, #1604, #1334, .T. ) ;
#1324 = EDGE_CURVE ( 'NONE', #3915, #956, #5335, .T. ) ;
#1325 = ORIENTED_EDGE ( 'NONE', *, *, #1316, .T. ) ;
#1326 = VERTEX_POINT ( 'NONE', #1016 ) ;
#1327 = DIRECTION ( 'NONE',  ( 1.000000000000000000, -0.000000000000000000, -1.196361017915079471E-15 ) ) ;
#1328 = DIRECTION ( 'NONE',  ( 1.000000000000000000, 0.000000000000000000, -1.344746880602176705E-16 ) ) ;
#1329 = VERTEX_POINT ( 'NONE', #1736 ) ;
#1330 = DIRECTION ( 'NONE',  ( -0.000000000000000000, 1.000000000000000000, 0.000000000000000000 ) ) ;
#1331 = DIRECTION ( 'NONE',  ( -1.000000000000000000, 0.000000000000000000, 0.000000000000000000 ) ) ;
#1332 = ORIENTED_EDGE ( 'NONE', *, *, #4326, .T. ) ;
#1333 = CARTESIAN_POINT ( 'NONE',  ( 1.848606797386242784, 0.7399999999999984368, 9.561909157685011706 ) ) ;
#1334 = CIRCLE ( 'NONE', #4594, 0.2000000000000333178 ) ;
#1335 = EDGE_LOOP ( 'NONE', ( #4661, #3523, #3120, #4720 ) ) ;
#1336 = VECTOR ( 'NONE', #1483, 1000.000000000000000 ) ;
#1337 = CARTESIAN_POINT ( 'NONE',  ( 3.625000000000044853, 2.100000000000000089, -3.549999999999942091 ) ) ;
#1338 = VECTOR ( 'NONE', #5088, 1000.000000000000000 ) ;
#1339 = VECTOR ( 'NONE', #2132, 1000.000000000000000 ) ;
#1340 = LINE ( 'NONE', #4944, #3210 ) ;
#1341 = LINE ( 'NONE', #2214, #2728 ) ;
#1342 = DIRECTION ( 'NONE',  ( -1.000000000000000000, 0.000000000000000000, 0.000000000000000000 ) ) ;
#1343 = VECTOR ( 'NONE', #2090, 1000.000000000000000 ) ;
#1344 = VERTEX_POINT ( 'NONE', #4826 ) ;
#1345 = VECTOR ( 'NONE', #1171, 1000.000000000000000 ) ;
#1346 = DIRECTION ( 'NONE',  ( -1.000000000000000000, 0.000000000000000000, 0.000000000000000000 ) ) ;
#1347 = CIRCLE ( 'NONE', #800, 0.2000000000000105027 ) ;
#1348 = PLANE ( 'NONE',  #3775 ) ;
#1349 = DIRECTION ( 'NONE',  ( 1.000000000000000000, 0.000000000000000000, 0.000000000000000000 ) ) ;
#1350 = AXIS2_PLACEMENT_3D ( 'NONE', #5488, #5013, #1042 ) ;
#1351 = DIRECTION ( 'NONE',  ( 1.000000000000000000, 0.000000000000000000, 0.000000000000000000 ) ) ;
#1352 = VERTEX_POINT ( 'NONE', #3529 ) ;
#1353 = ORIENTED_EDGE ( 'NONE', *, *, #1363, .T. ) ;
#1354 = LINE ( 'NONE', #3188, #1504 ) ;
#1355 = CARTESIAN_POINT ( 'NONE',  ( -10.74234783244954450, 1.940000000000000391, -3.889999999999997460 ) ) ;
#1356 = EDGE_CURVE ( 'NONE', #2506, #3164, #5460, .T. ) ;
#1357 = EDGE_CURVE ( 'NONE', #1674, #526, #5325, .T. ) ;
#1358 = ORIENTED_EDGE ( 'NONE', *, *, #2865, .F. ) ;
#1359 = ORIENTED_EDGE ( 'NONE', *, *, #794, .T. ) ;
#1360 = DIRECTION ( 'NONE',  ( 0.000000000000000000, 1.000000000000000000, 0.000000000000000000 ) ) ;
#1361 = CARTESIAN_POINT ( 'NONE',  ( -4.850000000000020961, 0.9400008731480415936, 4.299999999999958078 ) ) ;
#1362 = VERTEX_POINT ( 'NONE', #1297 ) ;
#1363 = EDGE_CURVE ( 'NONE', #1984, #912, #848, .T. ) ;
#1364 = EDGE_CURVE ( 'NONE', #4636, #5472, #3110, .T. ) ;
#1365 = DIRECTION ( 'NONE',  ( 1.000000000000000000, 0.000000000000000000, 0.000000000000000000 ) ) ;
#1366 = VERTEX_POINT ( 'NONE', #2605 ) ;
#1367 = CARTESIAN_POINT ( 'NONE',  ( 0.1499999999999999667, 0.000000000000000000, -0.1500000000000000500 ) ) ;
#1368 = EDGE_LOOP ( 'NONE', ( #3283, #1046, #1904, #4732 ) ) ;
#1369 = CARTESIAN_POINT ( 'NONE',  ( 0.3749999999999864553, -23.88321892447783412, 3.749999999999975575 ) ) ;
#1370 = CARTESIAN_POINT ( 'NONE',  ( 4.025000000000000355, 0.5899999999999994138, -4.599999999999993427 ) ) ;
#1371 = DIRECTION ( 'NONE',  ( 0.000000000000000000, 0.000000000000000000, -1.000000000000000000 ) ) ;
#1372 = VECTOR ( 'NONE', #1089, 1000.000000000000000 ) ;
#1373 = DIRECTION ( 'NONE',  ( 0.000000000000000000, -1.000000000000000000, 0.000000000000000000 ) ) ;
#1374 = DIRECTION ( 'NONE',  ( -1.000000000000000000, 0.000000000000000000, 0.000000000000000000 ) ) ;
#1375 = DIRECTION ( 'NONE',  ( 1.000000000000000000, 0.000000000000000000, 0.000000000000000000 ) ) ;
#1376 = AXIS2_PLACEMENT_3D ( 'NONE', #1218, #3472, #5236 ) ;
#1377 = LINE ( 'NONE', #3154, #3270 ) ;
#1378 = ORIENTED_EDGE ( 'NONE', *, *, #1153, .T. ) ;
#1379 =( GEOMETRIC_REPRESENTATION_CONTEXT ( 3 ) GLOBAL_UNCERTAINTY_ASSIGNED_CONTEXT ( ( #5596 ) ) GLOBAL_UNIT_ASSIGNED_CONTEXT ( ( #1322, #1821, #902 ) ) REPRESENTATION_CONTEXT ( 'NONE', 'WORKASPACE' ) );
#1380 = EDGE_LOOP ( 'NONE', ( #2785, #1613, #412, #3509 ) ) ;
#1381 = LINE ( 'NONE', #4846, #3819 ) ;
#1382 = CARTESIAN_POINT ( 'NONE',  ( -4.700000000000019718, 1.942625343829426310, -3.550055852813364332 ) ) ;
#1383 = VERTEX_POINT ( 'NONE', #4889 ) ;
#1384 = EDGE_CURVE ( 'NONE', #592, #5311, #1043, .T. ) ;
#1385 = ORIENTED_EDGE ( 'NONE', *, *, #3749, .F. ) ;
#1386 = LINE ( 'NONE', #499, #5139 ) ;
#1387 = CARTESIAN_POINT ( 'NONE',  ( -6.449999999999997513, 0.3400000000000000244, -4.799999999999998934 ) ) ;
#1388 = ORIENTED_EDGE ( 'NONE', *, *, #4387, .T. ) ;
#1389 = VERTEX_POINT ( 'NONE', #4455 ) ;
#1390 = DIRECTION ( 'NONE',  ( 0.000000000000000000, -1.232595164407831220E-32, -1.000000000000000000 ) ) ;
#1391 = EDGE_CURVE ( 'NONE', #3519, #2734, #882, .T. ) ;
#1392 = ADVANCED_FACE ( 'NONE', ( #474 ), #416, .F. ) ;
#1393 = ORIENTED_EDGE ( 'NONE', *, *, #730, .F. ) ;
#1394 = CARTESIAN_POINT ( 'NONE',  ( 0.3750000000000142109, 1.949999999999999512, 4.600000000000020961 ) ) ;
#1395 = CARTESIAN_POINT ( 'NONE',  ( 3.825000000000022826, -23.88321892447783412, -4.049999999999998046 ) ) ;
#1396 = LINE ( 'NONE', #4030, #1586 ) ;
#1397 = DIRECTION ( 'NONE',  ( 0.000000000000000000, 0.000000000000000000, -1.000000000000000000 ) ) ;
#1398 = AXIS2_PLACEMENT_3D ( 'NONE', #2717, #4872, #2251 ) ;
#1399 = ADVANCED_FACE ( 'NONE', ( #152 ), #3930, .T. ) ;
#1400 = AXIS2_PLACEMENT_3D ( 'NONE', #471, #2749, #4010 ) ;
#1401 = CARTESIAN_POINT ( 'NONE',  ( 4.732005554108077661, 2.100000000000000089, -3.550277946795805661 ) ) ;
#1402 = DIRECTION ( 'NONE',  ( 1.000000000000000000, 3.423796334164928027E-16, 2.282530889443284858E-16 ) ) ;
#1403 = FACE_OUTER_BOUND ( 'NONE', #191, .T. ) ;
#1404 = AXIS2_PLACEMENT_3D ( 'NONE', #4370, #1683, #2525 ) ;
#1405 = ORIENTED_EDGE ( 'NONE', *, *, #723, .T. ) ;
#1406 = AXIS2_PLACEMENT_3D ( 'NONE', #5188, #4349, #3010 ) ;
#1407 = VERTEX_POINT ( 'NONE', #5730 ) ;
#1408 = CARTESIAN_POINT ( 'NONE',  ( -3.425000000000011369, 1.949999999999999512, -4.599999999999992539 ) ) ;
#1409 = AXIS2_PLACEMENT_3D ( 'NONE', #1097, #3358, #4660 ) ;
#1410 = PLANE ( 'NONE',  #221 ) ;
#1411 = ORIENTED_EDGE ( 'NONE', *, *, #1433, .F. ) ;
#1412 = ORIENTED_EDGE ( 'NONE', *, *, #1250, .T. ) ;
#1413 = ORIENTED_EDGE ( 'NONE', *, *, #2959, .F. ) ;
#1414 = LINE ( 'NONE', #4539, #3672 ) ;
#1415 = FACE_OUTER_BOUND ( 'NONE', #33, .T. ) ;
#1416 = VERTEX_POINT ( 'NONE', #3498 ) ;
#1417 = ORIENTED_EDGE ( 'NONE', *, *, #171, .F. ) ;
#1418 = DIRECTION ( 'NONE',  ( 0.000000000000000000, 0.000000000000000000, -1.000000000000000000 ) ) ;
#1419 = AXIS2_PLACEMENT_3D ( 'NONE', #1922, #3301, #4627 ) ;
#1420 = ORIENTED_EDGE ( 'NONE', *, *, #1738, .T. ) ;
#1421 = LINE ( 'NONE', #3203, #4417 ) ;
#1422 = PLANE ( 'NONE',  #4606 ) ;
#1423 = FACE_OUTER_BOUND ( 'NONE', #1010, .T. ) ;
#1424 = EDGE_CURVE ( 'NONE', #5654, #252, #4395, .T. ) ;
#1425 = VECTOR ( 'NONE', #5356, 1000.000000000000000 ) ;
#1426 = CARTESIAN_POINT ( 'NONE',  ( -0.2999999999999999334, 0.000000000000000000, -0.1499999999999999944 ) ) ;
#1427 = EDGE_CURVE ( 'NONE', #4816, #4444, #3077, .T. ) ;
#1428 = VECTOR ( 'NONE', #1721, 1000.000000000000000 ) ;
#1429 = LINE ( 'NONE', #3213, #1522 ) ;
#1430 = LINE ( 'NONE', #1753, #2063 ) ;
#1431 = EDGE_CURVE ( 'NONE', #1308, #2453, #3520, .T. ) ;
#1432 = DIRECTION ( 'NONE',  ( 1.000000000000000000, 0.000000000000000000, 0.000000000000000000 ) ) ;
#1433 = EDGE_CURVE ( 'NONE', #2506, #849, #512, .T. ) ;
#1434 = VERTEX_POINT ( 'NONE', #3285 ) ;
#1435 = ORIENTED_EDGE ( 'NONE', *, *, #587, .T. ) ;
#1436 =( REPRESENTATION_RELATIONSHIP ('NONE','NONE', #5303, #159 ) REPRESENTATION_RELATIONSHIP_WITH_TRANSFORMATION ( #2478 )SHAPE_REPRESENTATION_RELATIONSHIP( ) );
#1437 = DIRECTION ( 'NONE',  ( 1.000000000000000000, 0.000000000000000000, -0.000000000000000000 ) ) ;
#1438 = CARTESIAN_POINT ( 'NONE',  ( -4.698922269036118315, 1.945219866587633017, -3.550111298276514837 ) ) ;
#1439 = ORIENTED_EDGE ( 'NONE', *, *, #138, .T. ) ;
#1440 = FACE_OUTER_BOUND ( 'NONE', #4300, .T. ) ;
#1441 = AXIS2_PLACEMENT_3D ( 'NONE', #1395, #4029, #1803 ) ;
#1442 = EDGE_LOOP ( 'NONE', ( #5059, #5326, #3126, #41 ) ) ;
#1443 = ORIENTED_EDGE ( 'NONE', *, *, #2139, .T. ) ;
#1444 = CYLINDRICAL_SURFACE ( 'NONE', #1887, 0.1999999999999683142 ) ;
#1445 = DIRECTION ( 'NONE',  ( 1.344746880602176705E-16, -0.000000000000000000, 1.000000000000000000 ) ) ;
#1446 = ORIENTED_EDGE ( 'NONE', *, *, #1186, .T. ) ;
#1447 = EDGE_LOOP ( 'NONE', ( #5140, #4213, #3115, #5386 ) ) ;
#1448 = DIRECTION ( 'NONE',  ( 0.000000000000000000, -1.232595164407831220E-32, -1.000000000000000000 ) ) ;
#1449 = ORIENTED_EDGE ( 'NONE', *, *, #2915, .T. ) ;
#1450 = DIRECTION ( 'NONE',  ( -1.381324727921684874E-15, -1.000000000000000000, 1.602373713730180230E-30 ) ) ;
#1451 = FACE_OUTER_BOUND ( 'NONE', #3068, .T. ) ;
#1452 = FILL_AREA_STYLE ('',( #2831 ) ) ;
#1453 = EDGE_CURVE ( 'NONE', #2973, #1791, #2811, .T. ) ;
#1454 = CARTESIAN_POINT ( 'NONE',  ( 2.125000000000043521, 1.949999999999999512, 4.600000000000020961 ) ) ;
#1455 = DIRECTION ( 'NONE',  ( 3.265361837132746533E-14, 0.000000000000000000, 1.000000000000000000 ) ) ;
#1456 = LINE ( 'NONE', #1985, #2330 ) ;
#1457 = VECTOR ( 'NONE', #5454, 1000.000000000000000 ) ;
#1458 = ORIENTED_EDGE ( 'NONE', *, *, #3427, .F. ) ;
#1459 = ADVANCED_FACE ( 'NONE', ( #2371 ), #2949, .T. ) ;
#1460 = EDGE_CURVE ( 'NONE', #2039, #4903, #806, .T. ) ;
#1461 = ORIENTED_EDGE ( 'NONE', *, *, #413, .F. ) ;
#1462 = EDGE_CURVE ( 'NONE', #160, #4582, #2045, .T. ) ;
#1463 = PLANE ( 'NONE',  #451 ) ;
#1464 = AXIS2_PLACEMENT_3D ( 'NONE', #1673, #3467, #4937 ) ;
#1465 = CARTESIAN_POINT ( 'NONE',  ( 0.7750000000000117906, 1.940000000000000391, 3.889999999999997460 ) ) ;
#1466 = ORIENTED_EDGE ( 'NONE', *, *, #3723, .F. ) ;
#1467 = CARTESIAN_POINT ( 'NONE',  ( 4.549999999999998934, 0.5999999999999998668, -4.049999999999998046 ) ) ;
#1468 = CARTESIAN_POINT ( 'NONE',  ( -1.624999873552803287, 0.5399999672585112931, 9.561909157685011706 ) ) ;
#1469 = AXIS2_PLACEMENT_3D ( 'NONE', #2121, #2092, #795 ) ;
#1470 = ORIENTED_EDGE ( 'NONE', *, *, #391, .T. ) ;
#1471 = VERTEX_POINT ( 'NONE', #2559 ) ;
#1472 = EDGE_CURVE ( 'NONE', #266, #109, #4268, .T. ) ;
#1473 = DIRECTION ( 'NONE',  ( 0.000000000000000000, 1.000000000000000000, 0.000000000000000000 ) ) ;
#1474 = DIRECTION ( 'NONE',  ( -1.000000000000000000, 0.000000000000000000, 0.000000000000000000 ) ) ;
#1475 = ORIENTED_EDGE ( 'NONE', *, *, #2034, .T. ) ;
#1476 = AXIS2_PLACEMENT_3D ( 'NONE', #1083, #3769, #4681 ) ;
#1477 = VERTEX_POINT ( 'NONE', #5246 ) ;
#1478 = CARTESIAN_POINT ( 'NONE',  ( 4.849999999999965894, 1.949999999999999512, -3.549999999999997602 ) ) ;
#1479 = VERTEX_POINT ( 'NONE', #1632 ) ;
#1480 = CARTESIAN_POINT ( 'NONE',  ( -4.349999999999965006, 0.7399999999999993250, 4.600000000000020961 ) ) ;
#1481 = DIRECTION ( 'NONE',  ( -1.000000000000000000, 0.000000000000000000, 0.000000000000000000 ) ) ;
#1482 = CARTESIAN_POINT ( 'NONE',  ( 4.349999999999965006, 0.5899999999999994138, -4.600000000000021849 ) ) ;
#1483 = DIRECTION ( 'NONE',  ( 1.000000000000000000, -2.282530889443284858E-16, 2.282530889443285351E-16 ) ) ;
#1484 = LINE ( 'NONE', #2413, #867 ) ;
#1485 = EDGE_CURVE ( 'NONE', #2135, #1479, #684, .T. ) ;
#1486 = ORIENTED_EDGE ( 'NONE', *, *, #4605, .T. ) ;
#1487 = VERTEX_POINT ( 'NONE', #4374 ) ;
#1488 = CARTESIAN_POINT ( 'NONE',  ( -3.824999999999994849, 2.100000000000000089, -3.749999999999975575 ) ) ;
#1489 = CARTESIAN_POINT ( 'NONE',  ( -3.366421451386827357, 0.7985788092239373137, -4.599999999999992539 ) ) ;
#1490 = VECTOR ( 'NONE', #4413, 1000.000000000000000 ) ;
#1491 = EDGE_LOOP ( 'NONE', ( #5463, #350, #4675, #4482 ) ) ;
#1492 = CARTESIAN_POINT ( 'NONE',  ( 2.125000000000033307, 1.940000000000000391, 4.440000000000019931 ) ) ;
#1493 = DIRECTION ( 'NONE',  ( 0.000000000000000000, -1.000000000000000000, 0.000000000000000000 ) ) ;
#1494 = EDGE_CURVE ( 'NONE', #5734, #2774, #749, .T. ) ;
#1495 = EDGE_CURVE ( 'NONE', #2499, #2536, #5683, .T. ) ;
#1496 = CARTESIAN_POINT ( 'NONE',  ( -5.199999999999998401, 0.3400000000000000244, -4.350000000000002309 ) ) ;
#1497 = AXIS2_PLACEMENT_3D ( 'NONE', #2228, #4477, #2750 ) ;
#1498 = VECTOR ( 'NONE', #4340, 1000.000000000000000 ) ;
#1499 = VERTEX_POINT ( 'NONE', #2129 ) ;
#1500 = ORIENTED_EDGE ( 'NONE', *, *, #948, .F. ) ;
#1501 = LINE ( 'NONE', #214, #2615 ) ;
#1502 = ORIENTED_EDGE ( 'NONE', *, *, #5534, .F. ) ;
#1503 = VECTOR ( 'NONE', #951, 1000.000000000000000 ) ;
#1504 = VECTOR ( 'NONE', #3127, 1000.000000000000000 ) ;
#1505 = ORIENTED_EDGE ( 'NONE', *, *, #2419, .T. ) ;
#1506 = EDGE_CURVE ( 'NONE', #4097, #4108, #2474, .T. ) ;
#1507 = EDGE_CURVE ( 'NONE', #5317, #5311, #406, .T. ) ;
#1508 = DIRECTION ( 'NONE',  ( -1.000000000000000000, -2.990902544787698185E-16, -2.990902544787698678E-16 ) ) ;
#1509 = ORIENTED_EDGE ( 'NONE', *, *, #1955, .F. ) ;
#1510 = DIRECTION ( 'NONE',  ( 1.000000000000000000, 0.000000000000000000, -1.355252715606881036E-16 ) ) ;
#1511 = DIRECTION ( 'NONE',  ( -5.528289814231654152E-14, -1.900661743516875319E-29, -1.000000000000000000 ) ) ;
#1512 = CYLINDRICAL_SURFACE ( 'NONE', #1907, 0.009999999999999809389 ) ;
#1513 = DIRECTION ( 'NONE',  ( 1.000000000000000000, 0.000000000000000000, 0.000000000000000000 ) ) ;
#1514 = EDGE_CURVE ( 'NONE', #4405, #4636, #287, .T. ) ;
#1515 = AXIS2_PLACEMENT_3D ( 'NONE', #4116, #224, #5420 ) ;
#1516 = PLANE ( 'NONE',  #1989 ) ;
#1517 = DIRECTION ( 'NONE',  ( -1.000000000000000000, 0.000000000000000000, 0.000000000000000000 ) ) ;
#1518 = DIRECTION ( 'NONE',  ( 0.000000000000000000, 0.000000000000000000, -1.000000000000000000 ) ) ;
#1519 = VECTOR ( 'NONE', #329, 1000.000000000000000 ) ;
#1520 = ORIENTED_EDGE ( 'NONE', *, *, #906, .F. ) ;
#1521 = ORIENTED_EDGE ( 'NONE', *, *, #4535, .T. ) ;
#1522 = VECTOR ( 'NONE', #2860, 1000.000000000000000 ) ;
#1523 = CARTESIAN_POINT ( 'NONE',  ( 0.7749999999999979128, -23.88321892447783412, 3.749999999999975575 ) ) ;
#1524 = FACE_OUTER_BOUND ( 'NONE', #4940, .T. ) ;
#1525 = ORIENTED_EDGE ( 'NONE', *, *, #2707, .F. ) ;
#1526 = DIRECTION ( 'NONE',  ( -1.000000000000000000, 0.000000000000000000, 0.000000000000000000 ) ) ;
#1527 = EDGE_LOOP ( 'NONE', ( #291, #2593, #930, #3588 ) ) ;
#1528 = ORIENTED_EDGE ( 'NONE', *, *, #1040, .T. ) ;
#1529 = FACE_OUTER_BOUND ( 'NONE', #4127, .T. ) ;
#1530 = EDGE_CURVE ( 'NONE', #4563, #3156, #3400, .T. ) ;
#1531 = ORIENTED_EDGE ( 'NONE', *, *, #2383, .F. ) ;
#1532 = ORIENTED_EDGE ( 'NONE', *, *, #1453, .F. ) ;
#1533 = CARTESIAN_POINT ( 'NONE',  ( -3.425000000000011369, -23.88321892447783412, -4.599999999999992539 ) ) ;
#1534 = AXIS2_PLACEMENT_3D ( 'NONE', #274, #2438, #1142 ) ;
#1535 = CARTESIAN_POINT ( 'NONE',  ( 4.549999999999998934, -23.88321892447783412, 4.300000000000025580 ) ) ;
#1536 = ADVANCED_FACE ( 'NONE', ( #4809 ), #396, .F. ) ;
#1537 = EDGE_CURVE ( 'NONE', #4765, #2496, #5602, .T. ) ;
#1538 = DIRECTION ( 'NONE',  ( 1.000000000000000000, 0.000000000000000000, 1.355252715606881036E-16 ) ) ;
#1539 = DIRECTION ( 'NONE',  ( -1.000000000000000000, -0.000000000000000000, -0.000000000000000000 ) ) ;
#1540 = PRESENTATION_STYLE_ASSIGNMENT (( #3654 ) ) ;
#1541 = EDGE_CURVE ( 'NONE', #2546, #3007, #136, .T. ) ;
#1542 = LINE ( 'NONE', #2359, #3484 ) ;
#1543 = CARTESIAN_POINT ( 'NONE',  ( -4.549999999999998934, 2.100000000000000089, 4.300000000000025580 ) ) ;
#1544 = EDGE_LOOP ( 'NONE', ( #1520, #4724, #1078, #5549 ) ) ;
#1545 = FILL_AREA_STYLE ('',( #4581 ) ) ;
#1546 = VERTEX_POINT ( 'NONE', #5160 ) ;
#1547 = ORIENTED_EDGE ( 'NONE', *, *, #1219, .T. ) ;
#1548 = DIRECTION ( 'NONE',  ( 0.000000000000000000, 0.000000000000000000, 1.000000000000000000 ) ) ;
#1549 = LINE ( 'NONE', #3367, #5501 ) ;
#1550 = AXIS2_PLACEMENT_3D ( 'NONE', #2794, #486, #830 ) ;
#1551 = DIRECTION ( 'NONE',  ( 1.000000000000000000, -1.355252715607029834E-15, 0.000000000000000000 ) ) ;
#1552 = CARTESIAN_POINT ( 'NONE',  ( 0.000000000000000000, 0.000000000000000000, 0.000000000000000000 ) ) ;
#1553 = EDGE_LOOP ( 'NONE', ( #5407, #1734, #2351, #518 ) ) ;
#1554 = EDGE_LOOP ( 'NONE', ( #3496, #1822, #1961, #39 ) ) ;
#1555 = LINE ( 'NONE', #2816, #2998 ) ;
#1556 = ORIENTED_EDGE ( 'NONE', *, *, #1514, .F. ) ;
#1557 = ORIENTED_EDGE ( 'NONE', *, *, #2663, .T. ) ;
#1558 = AXIS2_PLACEMENT_3D ( 'NONE', #3199, #1915, #504 ) ;
#1559 = CARTESIAN_POINT ( 'NONE',  ( 1.848606797386242784, 0.7399999999999984368, -4.449999999999992184 ) ) ;
#1560 = EDGE_CURVE ( 'NONE', #1857, #252, #1178, .T. ) ;
#1561 = CARTESIAN_POINT ( 'NONE',  ( -1.848606095149547324, 0.7400001654612742286, 9.561909157685011706 ) ) ;
#1562 = CARTESIAN_POINT ( 'NONE',  ( -17.92453276723660949, 1.940000000000000391, -4.439999999999992397 ) ) ;
#1563 = LINE ( 'NONE', #5173, #1343 ) ;
#1564 = CARTESIAN_POINT ( 'NONE',  ( 0.7749999999999969136, 0.5900000000000003020, 4.399999999999987033 ) ) ;
#1565 = ADVANCED_FACE ( 'NONE', ( #5631 ), #5187, .T. ) ;
#1566 = EDGE_CURVE ( 'NONE', #1897, #1407, #2102, .T. ) ;
#1567 = LINE ( 'NONE', #5178, #1075 ) ;
#1568 = DIRECTION ( 'NONE',  ( 0.000000000000000000, 0.000000000000000000, 1.000000000000000000 ) ) ;
#1569 = ORIENTED_EDGE ( 'NONE', *, *, #1472, .F. ) ;
#1570 = FACE_OUTER_BOUND ( 'NONE', #1021, .T. ) ;
#1571 = ADVANCED_FACE ( 'NONE', ( #3450 ), #4782, .F. ) ;
#1572 = UNCERTAINTY_MEASURE_WITH_UNIT (LENGTH_MEASURE( 1.000000000000000082E-05 ), #2883, 'distance_accuracy_value', 'NONE');
#1573 = ORIENTED_EDGE ( 'NONE', *, *, #1424, .T. ) ;
#1574 = ORIENTED_EDGE ( 'NONE', *, *, #3167, .T. ) ;
#1575 = CARTESIAN_POINT ( 'NONE',  ( -5.052422496682042069E-16, -8.673617379884035472E-16, 3.899999999999997691 ) ) ;
#1576 = CARTESIAN_POINT ( 'NONE',  ( 4.689999999999964864, 1.950000000000000400, -3.550333704529055723 ) ) ;
#1577 = DIRECTION ( 'NONE',  ( 0.000000000000000000, -1.232595164407831220E-32, -1.000000000000000000 ) ) ;
#1578 = DIRECTION ( 'NONE',  ( 0.000000000000000000, 0.000000000000000000, 1.000000000000000000 ) ) ;
#1579 = AXIS2_PLACEMENT_3D ( 'NONE', #108, #895, #3215 ) ;
#1580 = ORIENTED_EDGE ( 'NONE', *, *, #1316, .F. ) ;
#1581 = ORIENTED_EDGE ( 'NONE', *, *, #5015, .T. ) ;
#1582 = CARTESIAN_POINT ( 'NONE',  ( 2.124999999999988010, 1.949999999999993516, 3.749999999999975575 ) ) ;
#1583 = VERTEX_POINT ( 'NONE', #1837 ) ;
#1584 = VERTEX_POINT ( 'NONE', #893 ) ;
#1585 = AXIS2_PLACEMENT_3D ( 'NONE', #2468, #5652, #4261 ) ;
#1586 = VECTOR ( 'NONE', #4436, 1000.000000000000000 ) ;
#1587 = DIRECTION ( 'NONE',  ( -1.000000000000000000, 0.000000000000000000, -0.000000000000000000 ) ) ;
#1588 = CYLINDRICAL_SURFACE ( 'NONE', #4702, 0.1999999999999851896 ) ;
#1589 = VECTOR ( 'NONE', #1320, 1000.000000000000000 ) ;
#1590 = VECTOR ( 'NONE', #4893, 1000.000000000000000 ) ;
#1591 = CARTESIAN_POINT ( 'NONE',  ( 1.724999999999975664, 0.4399999999999998357, 3.900000000000014566 ) ) ;
#1592 = DIRECTION ( 'NONE',  ( 0.000000000000000000, -1.232595164407831220E-32, -1.000000000000000000 ) ) ;
#1593 = CARTESIAN_POINT ( 'NONE',  ( -4.700000000000019718, 2.099999999999999645, -3.550000095150265267 ) ) ;
#1594 = AXIS2_PLACEMENT_3D ( 'NONE', #5037, #1122, #4119 ) ;
#1595 = ADVANCED_FACE ( 'NONE', ( #3152 ), #2469, .T. ) ;
#1596 = EDGE_CURVE ( 'NONE', #4705, #2499, #4925, .T. ) ;
#1597 = AXIS2_PLACEMENT_3D ( 'NONE', #2586, #4755, #2159 ) ;
#1598 = CARTESIAN_POINT ( 'NONE',  ( 4.549999999999998934, 0.4399999999999976708, -3.899999999999999023 ) ) ;
#1599 = CARTESIAN_POINT ( 'NONE',  ( 4.699999999999964650, 2.099999999999997868, 4.300000000000019362 ) ) ;
#1600 = ORIENTED_EDGE ( 'NONE', *, *, #1280, .T. ) ;
#1601 = PLANE ( 'NONE',  #4114 ) ;
#1602 = VECTOR ( 'NONE', #1189, 1000.000000000000000 ) ;
#1603 = ORIENTED_EDGE ( 'NONE', *, *, #2034, .F. ) ;
#1604 = VERTEX_POINT ( 'NONE', #5367 ) ;
#1605 = PLANE ( 'NONE',  #3883 ) ;
#1606 = EDGE_CURVE ( 'NONE', #3884, #1285, #4003, .T. ) ;
#1607 = EDGE_CURVE ( 'NONE', #4094, #1897, #1752, .T. ) ;
#1608 = CARTESIAN_POINT ( 'NONE',  ( 4.549999999999998934, 0.4399999999999976708, -3.899999999999999023 ) ) ;
#1609 = FACE_OUTER_BOUND ( 'NONE', #4985, .T. ) ;
#1610 = CARTESIAN_POINT ( 'NONE',  ( 3.825000000000052136, -23.88321892447783412, -3.889999999999997460 ) ) ;
#1611 = ITEM_DEFINED_TRANSFORMATION ( 'NONE', 'NONE', #1847,  #831 ) ;
#1612 = ORIENTED_EDGE ( 'NONE', *, *, #5015, .F. ) ;
#1613 = ORIENTED_EDGE ( 'NONE', *, *, #2675, .F. ) ;
#1614 = DIRECTION ( 'NONE',  ( 3.423796334164928027E-16, -1.000000000000000000, 7.395570986446987865E-32 ) ) ;
#1615 = VERTEX_POINT ( 'NONE', #428 ) ;
#1616 = CIRCLE ( 'NONE', #4873, 0.009999999999999592548 ) ;
#1617 = DIRECTION ( 'NONE',  ( 0.000000000000000000, 1.000000000000000000, 0.000000000000000000 ) ) ;
#1618 = CIRCLE ( 'NONE', #5528, 0.009999999999999809389 ) ;
#1619 = CARTESIAN_POINT ( 'NONE',  ( 4.549999999999998934, 2.100000000000000089, 4.300000000000025580 ) ) ;
#1620 = DIRECTION ( 'NONE',  ( -0.000000000000000000, -1.000000000000000000, -0.000000000000000000 ) ) ;
#1621 = DIRECTION ( 'NONE',  ( -6.530723674265493066E-14, -0.000000000000000000, -1.000000000000000000 ) ) ;
#1622 = CARTESIAN_POINT ( 'NONE',  ( 11.27290200957160238, 0.9400002466121116784, -3.550000095150265267 ) ) ;
#1623 = VECTOR ( 'NONE', #4174, 1000.000000000000000 ) ;
#1624 = LINE ( 'NONE', #2968, #1275 ) ;
#1625 = DIRECTION ( 'NONE',  ( 1.000000000000000000, 0.000000000000000000, 0.000000000000000000 ) ) ;
#1626 = CARTESIAN_POINT ( 'NONE',  ( -3.425000000000011369, 1.950000000000000400, -4.599999999999992539 ) ) ;
#1627 = DIRECTION ( 'NONE',  ( 0.000000000000000000, 0.000000000000000000, 1.000000000000000000 ) ) ;
#1628 = ADVANCED_FACE ( 'NONE', ( #2712 ), #4090, .F. ) ;
#1629 = ORIENTED_EDGE ( 'NONE', *, *, #4703, .T. ) ;
#1630 = ORIENTED_EDGE ( 'NONE', *, *, #1288, .F. ) ;
#1631 = CARTESIAN_POINT ( 'NONE',  ( 1.524999999999997691, 0.4399999999999998357, 4.599999999999992539 ) ) ;
#1632 = CARTESIAN_POINT ( 'NONE',  ( -1.228285095149868278, 0.7399997694628405176, -4.599999999999992539 ) ) ;
#1633 = DIRECTION ( 'NONE',  ( 3.614007241618347785E-16, 0.000000000000000000, 1.000000000000000000 ) ) ;
#1634 = CARTESIAN_POINT ( 'NONE',  ( -0.06085702079988798002, 0.6050001493494630012, -4.599999999999992539 ) ) ;
#1635 = EDGE_CURVE ( 'NONE', #635, #4705, #2619, .T. ) ;
#1636 = ADVANCED_FACE ( 'NONE', ( #78 ), #1348, .T. ) ;
#1637 = EDGE_LOOP ( 'NONE', ( #4498, #4645, #4988, #503 ) ) ;
#1638 = ORIENTED_EDGE ( 'NONE', *, *, #5182, .F. ) ;
#1639 = CARTESIAN_POINT ( 'NONE',  ( 4.550000000000012257, 1.940000000000000391, -3.889999999999997460 ) ) ;
#1640 = AXIS2_PLACEMENT_3D ( 'NONE', #5337, #1481, #4806 ) ;
#1641 = DIRECTION ( 'NONE',  ( 1.000000000000000000, -2.282530889443285351E-16, -0.000000000000000000 ) ) ;
#1642 = ADVANCED_FACE ( 'NONE', ( #5338 ), #2299, .T. ) ;
#1643 = LINE ( 'NONE', #5613, #1653 ) ;
#1644 = STYLED_ITEM ( 'NONE', ( #2881 ), #4781 ) ;
#1645 = ADVANCED_FACE ( 'NONE', ( #5744 ), #924, .T. ) ;
#1646 = DIRECTION ( 'NONE',  ( -1.000000000000000000, 0.000000000000000000, 0.000000000000000000 ) ) ;
#1647 = CARTESIAN_POINT ( 'NONE',  ( 4.549999999999998934, 1.940000000000000835, 4.600000000000020961 ) ) ;
#1648 = EDGE_LOOP ( 'NONE', ( #3638, #2862, #492, #2441 ) ) ;
#1649 = VECTOR ( 'NONE', #2609, 1000.000000000000000 ) ;
#1650 = DIRECTION ( 'NONE',  ( -0.000000000000000000, -0.000000000000000000, -1.000000000000000000 ) ) ;
#1651 = CARTESIAN_POINT ( 'NONE',  ( -0.1499999999999999667, 0.000000000000000000, -0.2999999999999999334 ) ) ;
#1652 = DIRECTION ( 'NONE',  ( -1.000000000000000000, -0.000000000000000000, 1.355252715606881036E-16 ) ) ;
#1653 = VECTOR ( 'NONE', #1729, 1000.000000000000000 ) ;
#1654 = DIRECTION ( 'NONE',  ( 0.000000000000000000, 0.000000000000000000, -1.000000000000000000 ) ) ;
#1655 = B_SPLINE_CURVE_WITH_KNOTS ( 'NONE', 3,
 ( #2801, #3780, #5125, #3274 ),
 .UNSPECIFIED., .F., .F.,
 ( 4, 4 ),
 ( 0.000000000000000000, 1.000000000000000000 ),
 .UNSPECIFIED. ) ;
#1656 = LINE ( 'NONE', #5622, #4232 ) ;
#1657 = CARTESIAN_POINT ( 'NONE',  ( 4.689999999999964864, 2.100000000000000089, -3.550333704529049061 ) ) ;
#1658 = CARTESIAN_POINT ( 'NONE',  ( -3.825000000000008171, -23.88321892447783412, -3.889999999999997460 ) ) ;
#1659 = ORIENTED_EDGE ( 'NONE', *, *, #752, .F. ) ;
#1660 = LINE ( 'NONE', #4726, #5458 ) ;
#1661 = DIRECTION ( 'NONE',  ( 0.000000000000000000, 0.000000000000000000, 1.000000000000000000 ) ) ;
#1662 = DIRECTION ( 'NONE',  ( 1.000000000000000000, 0.000000000000000000, -3.614007241618347785E-16 ) ) ;
#1663 = CARTESIAN_POINT ( 'NONE',  ( -4.700000000000019718, 0.7400008731479412738, 3.203285999999902600 ) ) ;
#1664 = DIRECTION ( 'NONE',  ( 1.000000000000000000, 0.000000000000000000, 0.000000000000000000 ) ) ;
#1665 = ORIENTED_EDGE ( 'NONE', *, *, #5131, .F. ) ;
#1666 = ORIENTED_EDGE ( 'NONE', *, *, #4991, .T. ) ;
#1667 = CARTESIAN_POINT ( 'NONE',  ( 1.724999999999985212, 0.5999999999999998668, 4.049999999999998046 ) ) ;
#1668 = ORIENTED_EDGE ( 'NONE', *, *, #2483, .T. ) ;
#1669 = EDGE_CURVE ( 'NONE', #635, #4287, #5396, .T. ) ;
#1670 = ADVANCED_FACE ( 'NONE', ( #4035 ), #2742, .T. ) ;
#1671 = DIRECTION ( 'NONE',  ( -0.000000000000000000, -1.000000000000000000, -0.000000000000000000 ) ) ;
#1672 = DIRECTION ( 'NONE',  ( 0.000000000000000000, -1.232595164407831220E-32, -1.000000000000000000 ) ) ;
#1673 = CARTESIAN_POINT ( 'NONE',  ( -3.825000000000022826, 0.4399999999999998357, -3.899999999999997247 ) ) ;
#1674 = VERTEX_POINT ( 'NONE', #1810 ) ;
#1675 = ADVANCED_FACE ( 'NONE', ( #3605 ), #4524, .F. ) ;
#1676 = PLANE ( 'NONE',  #5242 ) ;
#1677 = CARTESIAN_POINT ( 'NONE',  ( 3.825000000000078337, 2.099999999999994316, -3.749999999999975575 ) ) ;
#1678 = DIRECTION ( 'NONE',  ( 0.000000000000000000, -0.000000000000000000, 1.000000000000000000 ) ) ;
#1679 = AXIS2_PLACEMENT_3D ( 'NONE', #1156, #1130, #2016 ) ;
#1680 = VECTOR ( 'NONE', #4522, 1000.000000000000000 ) ;
#1681 = DIRECTION ( 'NONE',  ( 1.000000000000000000, 5.421010862427367356E-16, 0.000000000000000000 ) ) ;
#1682 = DIRECTION ( 'NONE',  ( 0.000000000000000000, 0.000000000000000000, 1.000000000000000000 ) ) ;
#1683 = DIRECTION ( 'NONE',  ( -1.000000000000000000, 0.000000000000000000, 0.000000000000000000 ) ) ;
#1684 = VECTOR ( 'NONE', #3214, 1000.000000000000000 ) ;
#1685 = CARTESIAN_POINT ( 'NONE',  ( 4.549999999999990052, 0.5899999999999994138, -4.059999999999998721 ) ) ;
#1686 = AXIS2_PLACEMENT_3D ( 'NONE', #1095, #2861, #4631 ) ;
#1687 = EDGE_LOOP ( 'NONE', ( #1573, #1232, #3432, #1412 ) ) ;
#1688 = DIRECTION ( 'NONE',  ( 1.000000000000000000, 0.000000000000000000, 0.000000000000000000 ) ) ;
#1689 = CARTESIAN_POINT ( 'NONE',  ( 0.2999999999999999334, 0.2999999999999999889, -0.1500000000000000777 ) ) ;
#1690 = PLANE ( 'NONE',  #2805 ) ;
#1691 = DIRECTION ( 'NONE',  ( 0.000000000000000000, 1.000000000000000000, 0.000000000000000000 ) ) ;
#1692 = VERTEX_POINT ( 'NONE', #1952 ) ;
#1693 = ORIENTED_EDGE ( 'NONE', *, *, #4808, .T. ) ;
#1694 = PLANE ( 'NONE',  #496 ) ;
#1695 = DIRECTION ( 'NONE',  ( 1.000000000000000000, -1.328650938165320390E-15, -8.972707634363094063E-16 ) ) ;
#1696 = VECTOR ( 'NONE', #1241, 1000.000000000000000 ) ;
#1697 = CARTESIAN_POINT ( 'NONE',  ( -0.8499998239810853118, 0.4700001493862810409, -4.599999999999992539 ) ) ;
#1698 = EDGE_CURVE ( 'NONE', #2427, #485, #3239, .T. ) ;
#1699 = ORIENTED_EDGE ( 'NONE', *, *, #4149, .F. ) ;
#1700 = CARTESIAN_POINT ( 'NONE',  ( 0.7749999999999979128, -23.88321892447783412, 3.749999999999975575 ) ) ;
#1701 = DIRECTION ( 'NONE',  ( -1.000000000000000000, 0.000000000000000000, 0.000000000000000000 ) ) ;
#1702 = AXIS2_PLACEMENT_3D ( 'NONE', #3331, #3271, #169 ) ;
#1703 = ORIENTED_EDGE ( 'NONE', *, *, #4387, .F. ) ;
#1704 = CARTESIAN_POINT ( 'NONE',  ( -4.549999999999998934, 0.5999999999999989786, -0.8528866118898901227 ) ) ;
#1705 = DIRECTION ( 'NONE',  ( -0.000000000000000000, -1.000000000000000000, -0.000000000000000000 ) ) ;
#1706 = ORIENTED_EDGE ( 'NONE', *, *, #5553, .T. ) ;
#1707 = VECTOR ( 'NONE', #5729, 1000.000000000000000 ) ;
#1708 = FACE_OUTER_BOUND ( 'NONE', #281, .T. ) ;
#1709 = AXIS2_PLACEMENT_3D ( 'NONE', #3417, #2095, #4060 ) ;
#1710 = EDGE_CURVE ( 'NONE', #2871, #914, #1616, .T. ) ;
#1711 = EDGE_CURVE ( 'NONE', #1344, #2127, #1429, .T. ) ;
#1712 = CARTESIAN_POINT ( 'NONE',  ( -4.349999999999965006, 0.7399999999999993250, 4.450000000000019718 ) ) ;
#1713 = CIRCLE ( 'NONE', #2648, 0.1999999999999918510 ) ;
#1714 = AXIS2_PLACEMENT_3D ( 'NONE', #3300, #5001, #4087 ) ;
#1715 = CARTESIAN_POINT ( 'NONE',  ( 0.2999999999999999334, 0.2999999999999999889, 0.1500000000000000777 ) ) ;
#1716 = CARTESIAN_POINT ( 'NONE',  ( -4.850000000000020961, 0.9400008731480302693, 4.099999999999869083 ) ) ;
#1717 = AXIS2_PLACEMENT_3D ( 'NONE', #2761, #3169, #4027 ) ;
#1718 = DIRECTION ( 'NONE',  ( -0.000000000000000000, -0.000000000000000000, -1.000000000000000000 ) ) ;
#1719 = ORIENTED_EDGE ( 'NONE', *, *, #4600, .F. ) ;
#1720 = DIRECTION ( 'NONE',  ( 0.000000000000000000, 0.000000000000000000, -1.000000000000000000 ) ) ;
#1721 = DIRECTION ( 'NONE',  ( -8.425799740458608364E-14, 0.000000000000000000, -1.000000000000000000 ) ) ;
#1722 = DIRECTION ( 'NONE',  ( 0.000000000000000000, -1.232595164407831220E-32, -1.000000000000000000 ) ) ;
#1723 = LINE ( 'NONE', #3452, #2733 ) ;
#1724 = PRODUCT_CONTEXT ( 'NONE', #560, 'mechanical' ) ;
#1725 = ORIENTED_EDGE ( 'NONE', *, *, #3292, .T. ) ;
#1726 = ORIENTED_EDGE ( 'NONE', *, *, #4103, .T. ) ;
#1727 = DIRECTION ( 'NONE',  ( 1.000000000000000000, 1.301042606982545494E-13, 0.000000000000000000 ) ) ;
#1728 = VERTEX_POINT ( 'NONE', #4630 ) ;
#1729 = DIRECTION ( 'NONE',  ( 1.000000000000000000, 0.000000000000000000, 0.000000000000000000 ) ) ;
#1730 = APPLICATION_CONTEXT ( 'automotive_design' ) ;
#1731 = VERTEX_POINT ( 'NONE', #659 ) ;
#1732 = PLANE ( 'NONE',  #2361 ) ;
#1733 = LINE ( 'NONE', #1647, #4543 ) ;
#1734 = ORIENTED_EDGE ( 'NONE', *, *, #2522, .T. ) ;
#1735 = CARTESIAN_POINT ( 'NONE',  ( -4.700000000000019718, 1.939999999999999947, -3.550000095150265267 ) ) ;
#1736 = CARTESIAN_POINT ( 'NONE',  ( -0.1499999999999999667, 0.2999999999999999889, 0.1499999999999999667 ) ) ;
#1737 = ORIENTED_EDGE ( 'NONE', *, *, #4277, .T. ) ;
#1738 = EDGE_CURVE ( 'NONE', #849, #2843, #5005, .T. ) ;
#1739 = VECTOR ( 'NONE', #2220, 1000.000000000000000 ) ;
#1740 = CARTESIAN_POINT ( 'NONE',  ( 4.849999999999965894, 0.7400002466120834121, 1.128286000000177314 ) ) ;
#1741 = ORIENTED_EDGE ( 'NONE', *, *, #5700, .T. ) ;
#1742 = PLANE ( 'NONE',  #1376 ) ;
#1743 = CARTESIAN_POINT ( 'NONE',  ( -4.549999999999996270, 2.248009955724755926, -3.900000000000012790 ) ) ;
#1744 = CARTESIAN_POINT ( 'NONE',  ( -4.690000000000020819, 2.100000000000000089, -3.550333704529037959 ) ) ;
#1745 = ADVANCED_FACE ( 'NONE', ( #3777 ), #2439, .T. ) ;
#1746 = CARTESIAN_POINT ( 'NONE',  ( 0.7750000000000107914, 2.100000000000000089, 3.889999999999997460 ) ) ;
#1747 = ADVANCED_FACE ( 'NONE', ( #4551 ), #1516, .F. ) ;
#1748 = AXIS2_PLACEMENT_3D ( 'NONE', #2966, #885, #2645 ) ;
#1749 = ORIENTED_EDGE ( 'NONE', *, *, #799, .T. ) ;
#1750 = CYLINDRICAL_SURFACE ( 'NONE', #2017, 0.2999997026963803770 ) ;
#1751 = VECTOR ( 'NONE', #4598, 1000.000000000000000 ) ;
#1752 = LINE ( 'NONE', #1780, #3398 ) ;
#1753 = CARTESIAN_POINT ( 'NONE',  ( -6.449999999999993960, 0.3400000000000000244, 4.800000000000002487 ) ) ;
#1754 = CARTESIAN_POINT ( 'NONE',  ( 0.5749999999999921840, 1.950000000000000400, 3.749999999999975575 ) ) ;
#1755 = EDGE_CURVE ( 'NONE', #1477, #1857, #5537, .T. ) ;
#1756 = PRODUCT_DEFINITION_FORMATION_WITH_SPECIFIED_SOURCE ( 'ANY', '', #2563, .NOT_KNOWN. ) ;
#1757 = ORIENTED_EDGE ( 'NONE', *, *, #1186, .F. ) ;
#1758 = ORIENTED_EDGE ( 'NONE', *, *, #1902, .T. ) ;
#1759 = CARTESIAN_POINT ( 'NONE',  ( 2.325000000000077005, 0.7400000000000002132, -0.9613307051038245676 ) ) ;
#1760 = DIRECTION ( 'NONE',  ( 1.000000000000000000, -1.328650938165320390E-15, -8.972707634363094063E-16 ) ) ;
#1761 =( LENGTH_UNIT ( ) NAMED_UNIT ( * ) SI_UNIT ( .MILLI., .METRE. ) );
#1762 = ORIENTED_EDGE ( 'NONE', *, *, #242, .T. ) ;
#1763 = DIRECTION ( 'NONE',  ( 0.000000000000000000, 0.000000000000000000, -1.000000000000000000 ) ) ;
#1764 = FACE_OUTER_BOUND ( 'NONE', #3230, .T. ) ;
#1765 = VERTEX_POINT ( 'NONE', #5096 ) ;
#1766 = FACE_OUTER_BOUND ( 'NONE', #1054, .T. ) ;
#1767 = DIRECTION ( 'NONE',  ( 0.000000000000000000, 1.000000000000000000, 0.000000000000000000 ) ) ;
#1768 = ORIENTED_EDGE ( 'NONE', *, *, #3291, .F. ) ;
#1769 = DIRECTION ( 'NONE',  ( -1.000000000000000000, 0.000000000000000000, 0.000000000000000000 ) ) ;
#1770 = VERTEX_POINT ( 'NONE', #4233 ) ;
#1771 = LINE ( 'NONE', #5418, #1590 ) ;
#1772 = FACE_OUTER_BOUND ( 'NONE', #1957, .T. ) ;
#1773 = DIRECTION ( 'NONE',  ( 8.972707634363096035E-16, 3.574525976782709743E-31, 1.000000000000000000 ) ) ;
#1774 = AXIS2_PLACEMENT_3D ( 'NONE', #2097, #3505, #307 ) ;
#1775 = EDGE_CURVE ( 'NONE', #5080, #2309, #1542, .T. ) ;
#1776 = ORIENTED_EDGE ( 'NONE', *, *, #2951, .F. ) ;
#1777 = EDGE_CURVE ( 'NONE', #3454, #4586, #1864, .T. ) ;
#1778 = FACE_OUTER_BOUND ( 'NONE', #327, .T. ) ;
#1779 = CIRCLE ( 'NONE', #1497, 0.2000000000000057288 ) ;
#1780 = CARTESIAN_POINT ( 'NONE',  ( -0.2999999999999999334, 0.2999999999999999889, -0.1499999999999999944 ) ) ;
#1781 = CARTESIAN_POINT ( 'NONE',  ( 3.825000000000003730, 1.940000000000000391, -3.889999999999997460 ) ) ;
#1782 = LINE ( 'NONE', #4952, #4139 ) ;
#1783 = ORIENTED_EDGE ( 'NONE', *, *, #380, .F. ) ;
#1784 = ADVANCED_FACE ( 'NONE', ( #570 ), #226, .T. ) ;
#1785 = EDGE_CURVE ( 'NONE', #903, #4353, #1121, .T. ) ;
#1786 = ORIENTED_EDGE ( 'NONE', *, *, #278, .T. ) ;
#1787 = EDGE_CURVE ( 'NONE', #3623, #1479, #4656, .T. ) ;
#1788 = CARTESIAN_POINT ( 'NONE',  ( -3.624999999999989342, 1.950000000000000400, -3.749999999999975575 ) ) ;
#1789 = DIRECTION ( 'NONE',  ( -0.000000000000000000, -1.000000000000000000, -0.000000000000000000 ) ) ;
#1790 = VECTOR ( 'NONE', #3555, 1000.000000000000000 ) ;
#1791 = VERTEX_POINT ( 'NONE', #2388 ) ;
#1792 = ORIENTED_EDGE ( 'NONE', *, *, #5348, .T. ) ;
#1793 = DIRECTION ( 'NONE',  ( 0.000000000000000000, -1.000000000000000000, 0.000000000000000000 ) ) ;
#1794 = AXIS2_PLACEMENT_3D ( 'NONE', #4463, #2796, #3328 ) ;
#1795 = DIRECTION ( 'NONE',  ( 0.000000000000000000, 0.000000000000000000, -1.000000000000000000 ) ) ;
#1796 = ORIENTED_EDGE ( 'NONE', *, *, #550, .T. ) ;
#1797 = DIRECTION ( 'NONE',  ( 1.000000000000000000, 0.000000000000000000, 0.000000000000000000 ) ) ;
#1798 = ORIENTED_EDGE ( 'NONE', *, *, #1187, .F. ) ;
#1799 = CYLINDRICAL_SURFACE ( 'NONE', #2960, 0.2000000000000057288 ) ;
#1800 = VECTOR ( 'NONE', #1705, 1000.000000000000000 ) ;
#1801 = ORIENTED_EDGE ( 'NONE', *, *, #3817, .F. ) ;
#1802 = LINE ( 'NONE', #3598, #1964 ) ;
#1803 = DIRECTION ( 'NONE',  ( 1.850371707708455984E-13, 0.000000000000000000, 1.000000000000000000 ) ) ;
#1804 = FACE_OUTER_BOUND ( 'NONE', #5731, .T. ) ;
#1805 = CARTESIAN_POINT ( 'NONE',  ( 0.9750000000000025313, 0.5900000000000010791, 4.599999999999992539 ) ) ;
#1806 = AXIS2_PLACEMENT_3D ( 'NONE', #5676, #2037, #1682 ) ;
#1807 = ORIENTED_EDGE ( 'NONE', *, *, #2172, .F. ) ;
#1808 = AXIS2_PLACEMENT_3D ( 'NONE', #1743, #507, #3996 ) ;
#1809 = DIRECTION ( 'NONE',  ( 1.000000000000000000, 0.000000000000000000, 0.000000000000000000 ) ) ;
#1810 = CARTESIAN_POINT ( 'NONE',  ( 3.424999999999966072, 2.100000000000000089, -4.439999999999992397 ) ) ;
#1811 = DIRECTION ( 'NONE',  ( 0.000000000000000000, 0.000000000000000000, -1.000000000000000000 ) ) ;
#1812 = DIRECTION ( 'NONE',  ( 0.000000000000000000, -0.000000000000000000, 1.000000000000000000 ) ) ;
#1813 = ADVANCED_FACE ( 'NONE', ( #1926 ), #5424, .T. ) ;
#1814 = CIRCLE ( 'NONE', #3315, 0.2000001861223787980 ) ;
#1815 = ORIENTED_EDGE ( 'NONE', *, *, #4953, .F. ) ;
#1816 = ORIENTED_EDGE ( 'NONE', *, *, #2140, .F. ) ;
#1817 = DIRECTION ( 'NONE',  ( -0.000000000000000000, -1.000000000000000000, -0.000000000000000000 ) ) ;
#1818 = CARTESIAN_POINT ( 'NONE',  ( -3.825000000000024158, 0.5899999999999994138, -4.400000000000014566 ) ) ;
#1819 = ADVANCED_FACE ( 'NONE', ( #2835 ), #199, .T. ) ;
#1820 = EDGE_CURVE ( 'NONE', #1471, #1163, #5450, .T. ) ;
#1821 =( NAMED_UNIT ( * ) PLANE_ANGLE_UNIT ( ) SI_UNIT ( $, .RADIAN. ) );
#1822 = ORIENTED_EDGE ( 'NONE', *, *, #1934, .T. ) ;
#1823 = ORIENTED_EDGE ( 'NONE', *, *, #1541, .T. ) ;
#1824 = LINE ( 'NONE', #122, #2077 ) ;
#1825 = DIRECTION ( 'NONE',  ( 0.000000000000000000, 1.000000000000000000, 0.000000000000000000 ) ) ;
#1826 = ORIENTED_EDGE ( 'NONE', *, *, #490, .F. ) ;
#1827 = VERTEX_POINT ( 'NONE', #4607 ) ;
#1828 = EDGE_CURVE ( 'NONE', #2537, #868, #4314, .T. ) ;
#1829 = CARTESIAN_POINT ( 'NONE',  ( 4.549999999999998934, 0.5999999999999998668, -0.8528866118898899007 ) ) ;
#1830 = ORIENTED_EDGE ( 'NONE', *, *, #1250, .F. ) ;
#1831 = DIRECTION ( 'NONE',  ( -3.265361837132639879E-14, 0.000000000000000000, -1.000000000000000000 ) ) ;
#1832 = VECTOR ( 'NONE', #4034, 1000.000000000000000 ) ;
#1833 = CARTESIAN_POINT ( 'NONE',  ( 11.27290200957160238, 0.9400002466121099021, -3.350000095150231783 ) ) ;
#1834 = CARTESIAN_POINT ( 'NONE',  ( 4.550000000000030020, -23.88321892447783412, -3.699999999999990852 ) ) ;
#1835 = FACE_OUTER_BOUND ( 'NONE', #2378, .T. ) ;
#1836 = CIRCLE ( 'NONE', #184, 0.009999999999999809389 ) ;
#1837 = CARTESIAN_POINT ( 'NONE',  ( -0.2499998239810239664, 0.4700001493862810409, -4.449999999999988631 ) ) ;
#1838 = DIRECTION ( 'NONE',  ( -1.000000000000000000, 0.000000000000000000, 0.000000000000000000 ) ) ;
#1839 = VECTOR ( 'NONE', #72, 1000.000000000000000 ) ;
#1840 = CARTESIAN_POINT ( 'NONE',  ( 0.000000000000000000, 0.000000000000000000, 0.000000000000000000 ) ) ;
#1841 = EDGE_LOOP ( 'NONE', ( #4320, #4196, #2814, #1826 ) ) ;
#1842 = MECHANICAL_DESIGN_GEOMETRIC_PRESENTATION_REPRESENTATION (  '', ( #5192 ), #2221 ) ;
#1843 = ORIENTED_EDGE ( 'NONE', *, *, #2062, .T. ) ;
#1844 = LINE ( 'NONE', #434, #3745 ) ;
#1845 = FACE_OUTER_BOUND ( 'NONE', #5520, .T. ) ;
#1846 = EDGE_LOOP ( 'NONE', ( #1668, #876, #961, #1449 ) ) ;
#1847 = AXIS2_PLACEMENT_3D ( 'NONE', #5572, #1578, #3732 ) ;
#1848 = SURFACE_SIDE_STYLE ('',( #88 ) ) ;
#1849 = ORIENTED_EDGE ( 'NONE', *, *, #4067, .F. ) ;
#1850 = ORIENTED_EDGE ( 'NONE', *, *, #3648, .T. ) ;
#1851 = PLANE ( 'NONE',  #1062 ) ;
#1852 = EDGE_CURVE ( 'NONE', #784, #4638, #1567, .T. ) ;
#1853 = LINE ( 'NONE', #3675, #4446 ) ;
#1854 = ORIENTED_EDGE ( 'NONE', *, *, #380, .T. ) ;
#1855 = VERTEX_POINT ( 'NONE', #4773 ) ;
#1856 = FACE_OUTER_BOUND ( 'NONE', #5050, .T. ) ;
#1857 = VERTEX_POINT ( 'NONE', #361 ) ;
#1858 = DIRECTION ( 'NONE',  ( 0.000000000000000000, -1.000000000000000000, 0.000000000000000000 ) ) ;
#1859 = EDGE_CURVE ( 'NONE', #417, #4928, #336, .T. ) ;
#1860 = ADVANCED_FACE ( 'NONE', ( #5589 ), #2939, .T. ) ;
#1861 = DIRECTION ( 'NONE',  ( 0.000000000000000000, 0.000000000000000000, 1.000000000000000000 ) ) ;
#1862 = SURFACE_STYLE_FILL_AREA ( #1452 ) ;
#1863 = CARTESIAN_POINT ( 'NONE',  ( 0.1499999999999999667, 0.2999999999999999889, 0.1500000000000000500 ) ) ;
#1864 = LINE ( 'NONE', #5036, #4688 ) ;
#1865 = CARTESIAN_POINT ( 'NONE',  ( 4.689999999999964864, 1.940000000000000391, 4.300000000000019362 ) ) ;
#1866 = DIRECTION ( 'NONE',  ( 0.000000000000000000, -0.000000000000000000, 1.000000000000000000 ) ) ;
#1867 = VERTEX_POINT ( 'NONE', #3907 ) ;
#1868 = VECTOR ( 'NONE', #4031, 1000.000000000000000 ) ;
#1869 = ORIENTED_EDGE ( 'NONE', *, *, #3167, .F. ) ;
#1870 = PLANE ( 'NONE',  #4343 ) ;
#1871 = DIRECTION ( 'NONE',  ( 0.000000000000000000, 1.000000000000000000, 0.000000000000000000 ) ) ;
#1872 = ORIENTED_EDGE ( 'NONE', *, *, #1391, .T. ) ;
#1873 = PLANE ( 'NONE',  #4231 ) ;
#1874 = PRESENTATION_STYLE_ASSIGNMENT (( #3224 ) ) ;
#1875 = ORIENTED_EDGE ( 'NONE', *, *, #1427, .T. ) ;
#1876 = VERTEX_POINT ( 'NONE', #3879 ) ;
#1877 = AXIS2_PLACEMENT_3D ( 'NONE', #3259, #2786, #3737 ) ;
#1878 = DIRECTION ( 'NONE',  ( 2.990902544787698678E-16, 8.628166150854817716E-32, -1.000000000000000000 ) ) ;
#1879 = DIRECTION ( 'NONE',  ( -2.990902544787698678E-16, 1.000000000000000000, 6.123233995736766036E-17 ) ) ;
#1880 = ORIENTED_EDGE ( 'NONE', *, *, #5661, .T. ) ;
#1881 = ORIENTED_EDGE ( 'NONE', *, *, #4337, .T. ) ;
#1882 = AXIS2_PLACEMENT_3D ( 'NONE', #5380, #4101, #527 ) ;
#1883 = LINE ( 'NONE', #3113, #3720 ) ;
#1884 = EDGE_CURVE ( 'NONE', #5410, #2984, #1656, .T. ) ;
#1885 = ORIENTED_EDGE ( 'NONE', *, *, #5203, .T. ) ;
#1886 = CARTESIAN_POINT ( 'NONE',  ( 4.849999999999965894, 0.9400002466121030187, 4.099999999999984546 ) ) ;
#1887 = AXIS2_PLACEMENT_3D ( 'NONE', #4593, #616, #1473 ) ;
#1888 = CARTESIAN_POINT ( 'NONE',  ( -4.549999999999998934, 0.9400000000000041656, 4.450000000000019718 ) ) ;
#1889 = CARTESIAN_POINT ( 'NONE',  ( 11.27290200957160238, 0.7400008731479412738, 4.099999999999867306 ) ) ;
#1890 = DIRECTION ( 'NONE',  ( 1.000000000000000000, 0.000000000000000000, 1.355252715606881036E-16 ) ) ;
#1891 = EDGE_CURVE ( 'NONE', #3492, #2867, #3444, .T. ) ;
#1892 = ADVANCED_FACE ( 'NONE', ( #5650 ), #2009, .T. ) ;
#1893 = VECTOR ( 'NONE', #1374, 1000.000000000000000 ) ;
#1894 = DIRECTION ( 'NONE',  ( 1.141265444721642676E-16, -1.000000000000000000, 0.000000000000000000 ) ) ;
#1895 = DIRECTION ( 'NONE',  ( 0.000000000000000000, 0.000000000000000000, 1.000000000000000000 ) ) ;
#1896 = ADVANCED_FACE ( 'NONE', ( #3475 ), #2911, .T. ) ;
#1897 = VERTEX_POINT ( 'NONE', #3003 ) ;
#1898 = CIRCLE ( 'NONE', #2365, 0.2000000000000265454 ) ;
#1899 = EDGE_LOOP ( 'NONE', ( #5714, #4861, #2423, #4814 ) ) ;
#1900 = LINE ( 'NONE', #4584, #2293 ) ;
#1901 = AXIS2_PLACEMENT_3D ( 'NONE', #3758, #694, #4160 ) ;
#1902 = EDGE_CURVE ( 'NONE', #718, #3615, #1146, .T. ) ;
#1903 = FACE_OUTER_BOUND ( 'NONE', #2888, .T. ) ;
#1904 = ORIENTED_EDGE ( 'NONE', *, *, #3212, .F. ) ;
#1905 = CARTESIAN_POINT ( 'NONE',  ( 1.725000000000003419, 0.4399999999999998357, 4.399999999999987033 ) ) ;
#1906 = CARTESIAN_POINT ( 'NONE',  ( -4.690000000000020819, 1.950000000000000400, -3.550333704529024637 ) ) ;
#1907 = AXIS2_PLACEMENT_3D ( 'NONE', #4604, #654, #102 ) ;
#1908 = EDGE_LOOP ( 'NONE', ( #3138, #2322, #4853, #1521 ) ) ;
#1909 = EDGE_LOOP ( 'NONE', ( #10, #1136, #3217, #3357 ) ) ;
#1910 = LINE ( 'NONE', #4194, #2813 ) ;
#1911 = CIRCLE ( 'NONE', #4047, 0.2999997026963835411 ) ;
#1912 = DIRECTION ( 'NONE',  ( 0.000000000000000000, -5.234083393145252075E-14, 1.000000000000000000 ) ) ;
#1913 = EDGE_LOOP ( 'NONE', ( #1124, #2659, #1737, #4779 ) ) ;
#1914 = ORIENTED_EDGE ( 'NONE', *, *, #2035, .T. ) ;
#1915 = DIRECTION ( 'NONE',  ( 0.000000000000000000, 1.000000000000000000, 0.000000000000000000 ) ) ;
#1916 = ORIENTED_EDGE ( 'NONE', *, *, #729, .T. ) ;
#1917 = CARTESIAN_POINT ( 'NONE',  ( 4.549999999999970512, 0.5899999999999994138, -4.400000000000015454 ) ) ;
#1918 = EDGE_CURVE ( 'NONE', #5355, #1765, #3776, .T. ) ;
#1919 = DIRECTION ( 'NONE',  ( 3.423796334164928027E-16, -1.000000000000000000, 7.395570986446987865E-32 ) ) ;
#1920 = ADVANCED_FACE ( 'NONE', ( #5239 ), #1247, .F. ) ;
#1921 = CARTESIAN_POINT ( 'NONE',  ( 4.699999999999964650, 0.9400002466121012423, 4.300000000000018474 ) ) ;
#1922 = CARTESIAN_POINT ( 'NONE',  ( 1.724999999999995648, 1.940000000000000169, 3.889999999999997460 ) ) ;
#1923 = VECTOR ( 'NONE', #5159, 1000.000000000000000 ) ;
#1924 = EDGE_CURVE ( 'NONE', #5251, #2690, #2541, .T. ) ;
#1925 = EDGE_CURVE ( 'NONE', #4398, #753, #1195, .T. ) ;
#1926 = FACE_OUTER_BOUND ( 'NONE', #4601, .T. ) ;
#1927 = CARTESIAN_POINT ( 'NONE',  ( 0.1499999999999999667, 0.2999999999999999889, 0.1499999999999999667 ) ) ;
#1928 = LINE ( 'NONE', #2837, #4023 ) ;
#1929 = AXIS2_PLACEMENT_3D ( 'NONE', #996, #3556, #965 ) ;
#1930 = ORIENTED_EDGE ( 'NONE', *, *, #3658, .T. ) ;
#1931 = ORIENTED_EDGE ( 'NONE', *, *, #752, .T. ) ;
#1932 = CARTESIAN_POINT ( 'NONE',  ( 2.125000000000039524, 1.939999999999999947, 4.450000000000019718 ) ) ;
#1933 = AXIS2_PLACEMENT_3D ( 'NONE', #4941, #531, #2290 ) ;
#1934 = EDGE_CURVE ( 'NONE', #4845, #3841, #824, .T. ) ;
#1935 = CARTESIAN_POINT ( 'NONE',  ( 0.000000000000000000, 0.2999999999999999889, 0.000000000000000000 ) ) ;
#1936 = ORIENTED_EDGE ( 'NONE', *, *, #1963, .F. ) ;
#1937 = FACE_OUTER_BOUND ( 'NONE', #4438, .T. ) ;
#1938 = CARTESIAN_POINT ( 'NONE',  ( -4.695219866587653890, 1.948922269036098553, -3.550222501402773290 ) ) ;
#1939 =( GEOMETRIC_REPRESENTATION_CONTEXT ( 3 ) GLOBAL_UNCERTAINTY_ASSIGNED_CONTEXT ( ( #5126 ) ) GLOBAL_UNIT_ASSIGNED_CONTEXT ( ( #3411, #4820, #2988 ) ) REPRESENTATION_CONTEXT ( 'NONE', 'WORKASPACE' ) );
#1940 = ORIENTED_EDGE ( 'NONE', *, *, #4591, .F. ) ;
#1941 = VERTEX_POINT ( 'NONE', #250 ) ;
#1942 = CARTESIAN_POINT ( 'NONE',  ( -4.549999999999998934, 1.939999999999999947, -4.049999999999998046 ) ) ;
#1943 = EDGE_LOOP ( 'NONE', ( #1148, #4647, #4162, #5255 ) ) ;
#1944 = VECTOR ( 'NONE', #2167, 1000.000000000000000 ) ;
#1945 = ORIENTED_EDGE ( 'NONE', *, *, #2583, .F. ) ;
#1946 = DIRECTION ( 'NONE',  ( 1.000000000000000000, 0.000000000000000000, 0.000000000000000000 ) ) ;
#1947 = ORIENTED_EDGE ( 'NONE', *, *, #3789, .F. ) ;
#1948 = PLANE ( 'NONE',  #2934 ) ;
#1949 = DIRECTION ( 'NONE',  ( 1.000000000000000000, 0.000000000000000000, 0.000000000000000000 ) ) ;
#1950 = CARTESIAN_POINT ( 'NONE',  ( -0.1499999999999999667, 0.2999999999999999889, -0.2999999999999999334 ) ) ;
#1951 = CARTESIAN_POINT ( 'NONE',  ( 0.9750000000000026423, 0.4399999999999993916, 4.599999999999992539 ) ) ;
#1952 = CARTESIAN_POINT ( 'NONE',  ( 3.825000000000022826, 1.939999999999999947, -3.899999999999997691 ) ) ;
#1953 = LINE ( 'NONE', #1543, #3933 ) ;
#1954 = CARTESIAN_POINT ( 'NONE',  ( 4.549999999999998934, 1.939999999999999947, -0.8528866118898896787 ) ) ;
#1955 = EDGE_CURVE ( 'NONE', #153, #4705, #4690, .T. ) ;
#1956 = AXIS2_PLACEMENT_3D ( 'NONE', #4092, #3547, #3607 ) ;
#1957 = EDGE_LOOP ( 'NONE', ( #4513, #3225, #2340, #4236 ) ) ;
#1958 = ORIENTED_EDGE ( 'NONE', *, *, #1891, .T. ) ;
#1959 = CARTESIAN_POINT ( 'NONE',  ( 1.725000000000002753, 2.625497654997603014, 4.399999999999987033 ) ) ;
#1960 = DIRECTION ( 'NONE',  ( 1.000000000000000000, 2.990902544787698185E-16, 2.990902544787698678E-16 ) ) ;
#1961 = ORIENTED_EDGE ( 'NONE', *, *, #1181, .F. ) ;
#1962 = DIRECTION ( 'NONE',  ( 0.000000000000000000, 0.000000000000000000, -1.000000000000000000 ) ) ;
#1963 = EDGE_CURVE ( 'NONE', #1487, #4079, #303, .T. ) ;
#1964 = VECTOR ( 'NONE', #1450, 1000.000000000000000 ) ;
#1965 = PRODUCT ( 'L1(HK0603)', 'L1(HK0603)', '', ( #318 ) ) ;
#1966 = EDGE_CURVE ( 'NONE', #3754, #1487, #3489, .T. ) ;
#1967 = ORIENTED_EDGE ( 'NONE', *, *, #1918, .F. ) ;
#1968 = VERTEX_POINT ( 'NONE', #3055 ) ;
#1969 = VECTOR ( 'NONE', #4206, 1000.000000000000000 ) ;
#1970 = FACE_OUTER_BOUND ( 'NONE', #3976, .T. ) ;
#1971 = EDGE_LOOP ( 'NONE', ( #5378, #3707, #1393, #5499 ) ) ;
#1972 = ORIENTED_EDGE ( 'NONE', *, *, #5199, .T. ) ;
#1973 = CARTESIAN_POINT ( 'NONE',  ( -4.700000000000019718, 0.5400005333465142110, 1.846714904849782624 ) ) ;
#1974 = AXIS2_PLACEMENT_3D ( 'NONE', #645, #2430, #5020 ) ;
#1975 = CARTESIAN_POINT ( 'NONE',  ( 4.350000000000020961, 0.7400000000000002132, -0.9613307051038245676 ) ) ;
#1976 = DIRECTION ( 'NONE',  ( 1.000000000000000000, 2.282530889443285351E-16, 2.282530889443284858E-16 ) ) ;
#1977 = ADVANCED_FACE ( 'NONE', ( #2705 ), #3117, .F. ) ;
#1978 = CARTESIAN_POINT ( 'NONE',  ( -1.039142627162199517, 0.6050001493495071880, -4.599999999999992539 ) ) ;
#1979 = DIRECTION ( 'NONE',  ( 6.530723674265279758E-14, 0.000000000000000000, 1.000000000000000000 ) ) ;
#1980 = MECHANICAL_DESIGN_GEOMETRIC_PRESENTATION_REPRESENTATION (  '', ( #4025 ), #1235 ) ;
#1981 = AXIS2_PLACEMENT_3D ( 'NONE', #5669, #1672, #296 ) ;
#1982 = CARTESIAN_POINT ( 'NONE',  ( 3.424999999999966072, 1.940000000000000391, -4.439999999999992397 ) ) ;
#1983 = DIRECTION ( 'NONE',  ( -1.000000000000000000, 0.000000000000000000, 0.000000000000000000 ) ) ;
#1984 = VERTEX_POINT ( 'NONE', #1715 ) ;
#1985 = CARTESIAN_POINT ( 'NONE',  ( -1.401393297763660284, 0.7399997694628405176, -4.449999999999992184 ) ) ;
#1986 = VECTOR ( 'NONE', #1691, 1000.000000000000000 ) ;
#1987 = ORIENTED_EDGE ( 'NONE', *, *, #5233, .T. ) ;
#1988 = ORIENTED_EDGE ( 'NONE', *, *, #5627, .T. ) ;
#1989 = AXIS2_PLACEMENT_3D ( 'NONE', #4202, #1034, #5509 ) ;
#1990 = DIRECTION ( 'NONE',  ( 0.000000000000000000, -1.232595164407830946E-32, -1.000000000000000000 ) ) ;
#1991 = AXIS2_PLACEMENT_3D ( 'NONE', #5061, #4651, #1088 ) ;
#1992 = CARTESIAN_POINT ( 'NONE',  ( -0.2999999999999999334, 0.2999999999999999889, 0.1499999999999999944 ) ) ;
#1993 = ADVANCED_FACE ( 'NONE', ( #1772 ), #5710, .T. ) ;
#1994 = DIRECTION ( 'NONE',  ( -1.000000000000000000, -0.000000000000000000, -0.000000000000000000 ) ) ;
#1995 = AXIS2_PLACEMENT_3D ( 'NONE', #733, #3412, #3900 ) ;
#1996 = ORIENTED_EDGE ( 'NONE', *, *, #916, .F. ) ;
#1997 = ORIENTED_EDGE ( 'NONE', *, *, #4072, .F. ) ;
#1998 = DIRECTION ( 'NONE',  ( 0.000000000000000000, 0.000000000000000000, 1.000000000000000000 ) ) ;
#1999 = EDGE_LOOP ( 'NONE', ( #3923, #2877, #3734, #2634 ) ) ;
#2000 = EDGE_CURVE ( 'NONE', #5289, #3454, #4421, .T. ) ;
#2001 = ADVANCED_FACE ( 'NONE', ( #75 ), #2610, .T. ) ;
#2002 = ORIENTED_EDGE ( 'NONE', *, *, #3891, .T. ) ;
#2003 = CYLINDRICAL_SURFACE ( 'NONE', #5099, 0.1599999999999995592 ) ;
#2004 = PLANE ( 'NONE',  #4431 ) ;
#2005 = DIRECTION ( 'NONE',  ( 0.000000000000000000, 0.000000000000000000, -1.000000000000000000 ) ) ;
#2006 = ADVANCED_FACE ( 'NONE', ( #3172 ), #421, .T. ) ;
#2007 = DIRECTION ( 'NONE',  ( -1.000000000000000000, 0.000000000000000000, 0.000000000000000000 ) ) ;
#2008 = DIRECTION ( 'NONE',  ( 0.000000000000000000, 0.000000000000000000, -1.000000000000000000 ) ) ;
#2009 = CYLINDRICAL_SURFACE ( 'NONE', #3114, 0.1999999999999779732 ) ;
#2010 = LINE ( 'NONE', #3355, #4215 ) ;
#2011 = ORIENTED_EDGE ( 'NONE', *, *, #3069, .F. ) ;
#2012 = CARTESIAN_POINT ( 'NONE',  ( -0.8499998239810853118, 0.4700001493862810409, -4.599999999999992539 ) ) ;
#2013 = ORIENTED_EDGE ( 'NONE', *, *, #541, .F. ) ;
#2014 = ORIENTED_EDGE ( 'NONE', *, *, #723, .F. ) ;
#2015 = DIRECTION ( 'NONE',  ( 1.141265444721642676E-16, -1.000000000000000000, 0.000000000000000000 ) ) ;
#2016 = DIRECTION ( 'NONE',  ( 0.000000000000000000, 0.000000000000000000, 1.000000000000000000 ) ) ;
#2017 = AXIS2_PLACEMENT_3D ( 'NONE', #600, #4373, #3604 ) ;
#2018 = FACE_OUTER_BOUND ( 'NONE', #4412, .T. ) ;
#2019 = ORIENTED_EDGE ( 'NONE', *, *, #2640, .F. ) ;
#2020 = VECTOR ( 'NONE', #626, 1000.000000000000000 ) ;
#2021 = ORIENTED_EDGE ( 'NONE', *, *, #404, .F. ) ;
#2022 = CYLINDRICAL_SURFACE ( 'NONE', #5601, 0.009999999999999592548 ) ;
#2023 = EDGE_LOOP ( 'NONE', ( #4935, #1475, #1967, #4501 ) ) ;
#2024 = ORIENTED_EDGE ( 'NONE', *, *, #4558, .F. ) ;
#2025 = VECTOR ( 'NONE', #5025, 1000.000000000000000 ) ;
#2026 = LINE ( 'NONE', #2055, #2873 ) ;
#2027 = EDGE_CURVE ( 'NONE', #3884, #2099, #855, .T. ) ;
#2028 = PRODUCT_DEFINITION ( 'UNKNOWN', '', #5103, #4523 ) ;
#2029 = CARTESIAN_POINT ( 'NONE',  ( 1.625000221597069805, 0.5400001977956978561, -4.449999999999992184 ) ) ;
#2030 = CIRCLE ( 'NONE', #4731, 0.1999999999999779732 ) ;
#2031 = CARTESIAN_POINT ( 'NONE',  ( 0.1499999999999999667, 0.000000000000000000, 0.1499999999999999667 ) ) ;
#2032 = CARTESIAN_POINT ( 'NONE',  ( 3.825000000000021938, 2.248009955724776798, -4.400000000000015454 ) ) ;
#2033 = DIRECTION ( 'NONE',  ( 0.000000000000000000, 0.000000000000000000, 1.000000000000000000 ) ) ;
#2034 = EDGE_CURVE ( 'NONE', #3841, #1765, #45, .T. ) ;
#2035 = EDGE_CURVE ( 'NONE', #2843, #4105, #4462, .T. ) ;
#2036 = ADVANCED_FACE ( 'NONE', ( #5736 ), #945, .T. ) ;
#2037 = DIRECTION ( 'NONE',  ( 1.000000000000000000, -0.000000000000000000, -1.196361017915079471E-15 ) ) ;
#2038 = LINE ( 'NONE', #1599, #218 ) ;
#2039 = VERTEX_POINT ( 'NONE', #3536 ) ;
#2040 = DIRECTION ( 'NONE',  ( 0.000000000000000000, -1.232595164407831220E-32, -1.000000000000000000 ) ) ;
#2041 = UNCERTAINTY_MEASURE_WITH_UNIT (LENGTH_MEASURE( 1.000000000000000082E-05 ), #1761, 'distance_accuracy_value', 'NONE');
#2042 = EDGE_LOOP ( 'NONE', ( #3620, #2753, #1996, #3676, #4966, #4039 ) ) ;
#2043 = VERTEX_POINT ( 'NONE', #5331 ) ;
#2044 = DIRECTION ( 'NONE',  ( 1.000000000000000000, 0.000000000000000000, 0.000000000000000000 ) ) ;
#2045 = LINE ( 'NONE', #721, #3185 ) ;
#2046 = DIRECTION ( 'NONE',  ( -1.000000000000000000, -3.423796334164928027E-16, -2.282530889443284858E-16 ) ) ;
#2047 = CARTESIAN_POINT ( 'NONE',  ( -11.27290224021418652, 0.6049999999630804037, -0.03914262716249588409 ) ) ;
#2048 = ORIENTED_EDGE ( 'NONE', *, *, #1126, .F. ) ;
#2049 = VERTEX_POINT ( 'NONE', #480 ) ;
#2050 = LINE ( 'NONE', #5576, #3545 ) ;
#2051 = EDGE_CURVE ( 'NONE', #2309, #2427, #4921, .T. ) ;
#2052 = VERTEX_POINT ( 'NONE', #5296 ) ;
#2053 = VECTOR ( 'NONE', #1234, 1000.000000000000000 ) ;
#2054 = AXIS2_PLACEMENT_3D ( 'NONE', #5333, #1397, #1342 ) ;
#2055 = CARTESIAN_POINT ( 'NONE',  ( 0.9750000000000026423, 0.5899999999999994138, 4.599999999999992539 ) ) ;
#2056 = CIRCLE ( 'NONE', #3081, 0.2000000000000334843 ) ;
#2057 = DIRECTION ( 'NONE',  ( 0.000000000000000000, 1.000000000000000000, 0.000000000000000000 ) ) ;
#2058 = VECTOR ( 'NONE', #316, 1000.000000000000000 ) ;
#2059 = CARTESIAN_POINT ( 'NONE',  ( 0.3749999999999864553, 2.100000000000000089, 3.749999999999975575 ) ) ;
#2060 = FACE_OUTER_BOUND ( 'NONE', #340, .T. ) ;
#2061 = CYLINDRICAL_SURFACE ( 'NONE', #4045, 0.1999999999999779732 ) ;
#2062 = EDGE_CURVE ( 'NONE', #3533, #2496, #1340, .T. ) ;
#2063 = VECTOR ( 'NONE', #2620, 1000.000000000000000 ) ;
#2064 = DIRECTION ( 'NONE',  ( -0.7071050458102475789, -0.7071085165585885290, 0.000000000000000000 ) ) ;
#2065 = PLANE ( 'NONE',  #2987 ) ;
#2066 = EDGE_CURVE ( 'NONE', #2453, #4033, #2186, .T. ) ;
#2067 = ORIENTED_EDGE ( 'NONE', *, *, #5235, .F. ) ;
#2068 = DIRECTION ( 'NONE',  ( -1.000000000000000000, 0.000000000000000000, 0.000000000000000000 ) ) ;
#2069 = EDGE_CURVE ( 'NONE', #635, #1329, #2152, .T. ) ;
#2070 = VECTOR ( 'NONE', #4738, 1000.000000000000000 ) ;
#2071 = ORIENTED_EDGE ( 'NONE', *, *, #4488, .F. ) ;
#2072 = VERTEX_POINT ( 'NONE', #5264 ) ;
#2073 = ADVANCED_FACE ( 'NONE', ( #1303 ), #3085, .T. ) ;
#2074 = DIRECTION ( 'NONE',  ( 5.196984773633192676E-14, 0.000000000000000000, 1.000000000000000000 ) ) ;
#2075 = DIRECTION ( 'NONE',  ( 0.000000000000000000, 0.000000000000000000, -1.000000000000000000 ) ) ;
#2076 = CARTESIAN_POINT ( 'NONE',  ( 4.349999999999965006, 0.9400000000000328093, 4.600000000000020961 ) ) ;
#2077 = VECTOR ( 'NONE', #5408, 1000.000000000000000 ) ;
#2078 = CARTESIAN_POINT ( 'NONE',  ( 0.9750000000000027534, 0.5899999999999994138, 4.399999999999987033 ) ) ;
#2079 = ADVANCED_FACE ( 'NONE', ( #4435 ), #452, .T. ) ;
#2080 = AXIS2_PLACEMENT_3D ( 'NONE', #299, #5231, #819 ) ;
#2081 = CONTEXT_DEPENDENT_SHAPE_REPRESENTATION ( #4419, #2992 ) ;
#2082 = AXIS2_PLACEMENT_3D ( 'NONE', #2249, #3630, #3544 ) ;
#2083 = ORIENTED_EDGE ( 'NONE', *, *, #4423, .T. ) ;
#2084 = ORIENTED_EDGE ( 'NONE', *, *, #3587, .F. ) ;
#2085 = DIRECTION ( 'NONE',  ( 0.000000000000000000, 0.000000000000000000, 1.000000000000000000 ) ) ;
#2086 = LINE ( 'NONE', #3918, #5586 ) ;
#2087 = CARTESIAN_POINT ( 'NONE',  ( -11.27290224021418652, 0.9400002466121012423, 4.300000000000018474 ) ) ;
#2088 = ORIENTED_EDGE ( 'NONE', *, *, #4102, .T. ) ;
#2089 = CIRCLE ( 'NONE', #247, 0.2000000000000057288 ) ;
#2090 = DIRECTION ( 'NONE',  ( 2.990902544787698678E-16, -1.000000000000000000, 0.000000000000000000 ) ) ;
#2091 = FACE_OUTER_BOUND ( 'NONE', #1899, .T. ) ;
#2092 = DIRECTION ( 'NONE',  ( 1.000000000000000000, 0.000000000000000000, -6.530723674265494328E-14 ) ) ;
#2093 = AXIS2_PLACEMENT_3D ( 'NONE', #1950, #3743, #4971 ) ;
#2094 = LINE ( 'NONE', #1712, #3894 ) ;
#2095 = DIRECTION ( 'NONE',  ( 1.000000000000000000, 0.000000000000000000, 0.000000000000000000 ) ) ;
#2096 = DIRECTION ( 'NONE',  ( -1.000000000000000000, 0.000000000000000000, 0.000000000000000000 ) ) ;
#2097 = CARTESIAN_POINT ( 'NONE',  ( -13.79234783244954521, 0.5999999999999998668, 4.059999999999997833 ) ) ;
#2098 = EDGE_CURVE ( 'NONE', #2815, #4563, #2409, .T. ) ;
#2099 = VERTEX_POINT ( 'NONE', #1482 ) ;
#2100 = ADVANCED_FACE ( 'NONE', ( #5505 ), #1512, .F. ) ;
#2101 = CARTESIAN_POINT ( 'NONE',  ( 0.7750000000000240030, 2.625497654997603014, 3.900000000000015010 ) ) ;
#2102 = LINE ( 'NONE', #3886, #1321 ) ;
#2103 = FACE_OUTER_BOUND ( 'NONE', #3375, .T. ) ;
#2104 = CARTESIAN_POINT ( 'NONE',  ( 0.5749999999999921840, -23.88321892447783412, 3.749999999999975575 ) ) ;
#2105 = ITEM_DEFINED_TRANSFORMATION ( 'NONE', 'NONE', #3538,  #831 ) ;
#2106 = B_SPLINE_SURFACE_WITH_KNOTS ( 'NONE', 1, 3, ( 
 ( #1208, #377, #2137, #1260, #3043, #4818 ),
 ( #841, #2596, #577, #1438, #1382, #4557 ) ),
 .UNSPECIFIED., .F., .F., .F.,
 ( 2, 2 ),
 ( 4, 2, 4 ),
 ( 0.000000000000000000, 1.000000000000000000 ),
 ( 0.000000000000000000, 0.5000000000000000000, 1.000000000000000000 ),
 .UNSPECIFIED. ) ;
#2107 = ORIENTED_EDGE ( 'NONE', *, *, #2539, .F. ) ;
#2108 = EDGE_CURVE ( 'NONE', #1050, #1416, #3327, .T. ) ;
#2109 = ORIENTED_EDGE ( 'NONE', *, *, #5554, .F. ) ;
#2110 = EDGE_CURVE ( 'NONE', #3377, #1352, #2845, .T. ) ;
#2111 = FACE_OUTER_BOUND ( 'NONE', #3969, .T. ) ;
#2112 = AXIS2_PLACEMENT_3D ( 'NONE', #2101, #5681, #805 ) ;
#2113 = LINE ( 'NONE', #3410, #5679 ) ;
#2114 = AXIS2_PLACEMENT_3D ( 'NONE', #2437, #297, #1976 ) ;
#2115 = DIRECTION ( 'NONE',  ( -1.000000000000000000, 0.000000000000000000, 0.000000000000000000 ) ) ;
#2116 = DIRECTION ( 'NONE',  ( 0.000000000000000000, 0.000000000000000000, 1.000000000000000000 ) ) ;
#2117 = ORIENTED_EDGE ( 'NONE', *, *, #3736, .F. ) ;
#2118 = AXIS2_PLACEMENT_3D ( 'NONE', #446, #5647, #2148 ) ;
#2119 = LINE ( 'NONE', #3351, #707 ) ;
#2120 = DIRECTION ( 'NONE',  ( -0.7071110813121778138, 0.7071024810347666945, 0.000000000000000000 ) ) ;
#2121 = CARTESIAN_POINT ( 'NONE',  ( 3.424999999999955858, -23.88321892447783412, -4.599999999999992539 ) ) ;
#2122 = PRESENTATION_LAYER_ASSIGNMENT (  '', '', ( #5192 ) ) ;
#2123 = LINE ( 'NONE', #3443, #3808 ) ;
#2124 = CARTESIAN_POINT ( 'NONE',  ( 2.124999999999988010, 2.100000000000000089, 3.749999999999975575 ) ) ;
#2125 = CARTESIAN_POINT ( 'NONE',  ( -4.850000000000020961, 0.6700006265358471325, 2.825000176018549691 ) ) ;
#2126 = DIRECTION ( 'NONE',  ( 1.000000000000000000, 0.000000000000000000, 0.000000000000000000 ) ) ;
#2127 = VERTEX_POINT ( 'NONE', #4521 ) ;
#2128 = DIRECTION ( 'NONE',  ( 0.000000000000000000, 0.000000000000000000, 1.000000000000000000 ) ) ;
#2129 = CARTESIAN_POINT ( 'NONE',  ( 3.625000000000044853, 1.950000000000000400, -3.549999999999942091 ) ) ;
#2130 = VECTOR ( 'NONE', #1614, 1000.000000000000000 ) ;
#2131 = DIRECTION ( 'NONE',  ( 0.000000000000000000, 0.000000000000000000, 1.000000000000000000 ) ) ;
#2132 = DIRECTION ( 'NONE',  ( -1.000000000000000000, 0.000000000000000000, 0.000000000000000000 ) ) ;
#2133 = EDGE_CURVE ( 'NONE', #3790, #3479, #195, .T. ) ;
#2134 = ORIENTED_EDGE ( 'NONE', *, *, #3145, .T. ) ;
#2135 = VERTEX_POINT ( 'NONE', #1978 ) ;
#2136 = DIRECTION ( 'NONE',  ( -1.381324727921684874E-15, -1.000000000000000000, 1.602373713730180230E-30 ) ) ;
#2137 = CARTESIAN_POINT ( 'NONE',  ( -4.773517865402144622, 2.082756304577570550, -3.550222501402773290 ) ) ;
#2138 = VECTOR ( 'NONE', #1351, 1000.000000000000000 ) ;
#2139 = EDGE_CURVE ( 'NONE', #3582, #3946, #5032, .T. ) ;
#2140 = EDGE_CURVE ( 'NONE', #4610, #2043, #1090, .T. ) ;
#2141 = PLANE ( 'NONE',  #4359 ) ;
#2142 = EDGE_LOOP ( 'NONE', ( #3613, #1666, #3485, #2117 ) ) ;
#2143 = CARTESIAN_POINT ( 'NONE',  ( -0.8499998239810844236, 0.6700001493862459689, -4.599999999999992539 ) ) ;
#2144 =( NAMED_UNIT ( * ) SI_UNIT ( $, .STERADIAN. ) SOLID_ANGLE_UNIT ( ) );
#2145 = ORIENTED_EDGE ( 'NONE', *, *, #1462, .T. ) ;
#2146 = CARTESIAN_POINT ( 'NONE',  ( 0.3750000000000003331, 1.950000000000000400, 4.440000000000019931 ) ) ;
#2147 = CARTESIAN_POINT ( 'NONE',  ( 6.449999999999997513, 0.3400000000000000244, 4.800000000000000711 ) ) ;
#2148 = DIRECTION ( 'NONE',  ( 0.000000000000000000, 1.000000000000000000, 0.000000000000000000 ) ) ;
#2149 = AXIS2_PLACEMENT_3D ( 'NONE', #1465, #5106, #2895 ) ;
#2150 = AXIS2_PLACEMENT_3D ( 'NONE', #454, #3174, #77 ) ;
#2151 = LINE ( 'NONE', #4799, #2574 ) ;
#2152 = LINE ( 'NONE', #3965, #1169 ) ;
#2153 = DIRECTION ( 'NONE',  ( 1.000000000000000000, 0.000000000000000000, -0.000000000000000000 ) ) ;
#2154 = AXIS2_PLACEMENT_3D ( 'NONE', #2223, #894, #4005 ) ;
#2155 = DIRECTION ( 'NONE',  ( 0.000000000000000000, 1.000000000000000000, 0.000000000000000000 ) ) ;
#2156 = ORIENTED_EDGE ( 'NONE', *, *, #1787, .T. ) ;
#2157 = VECTOR ( 'NONE', #3009, 1000.000000000000000 ) ;
#2158 = FACE_OUTER_BOUND ( 'NONE', #5457, .T. ) ;
#2159 = DIRECTION ( 'NONE',  ( 0.000000000000000000, 0.000000000000000000, 1.000000000000000000 ) ) ;
#2160 = CARTESIAN_POINT ( 'NONE',  ( 3.424999999999955858, 2.100000000000000089, -4.599999999999992539 ) ) ;
#2161 = LINE ( 'NONE', #4730, #5342 ) ;
#2162 = ORIENTED_EDGE ( 'NONE', *, *, #3135, .F. ) ;
#2163 = ORIENTED_EDGE ( 'NONE', *, *, #4676, .F. ) ;
#2164 = CARTESIAN_POINT ( 'NONE',  ( 15.95681286259029186, 1.940000000000000391, 4.440000000000019931 ) ) ;
#2165 = ADVANCED_FACE ( 'NONE', ( #4626 ), #5091, .F. ) ;
#2166 = VERTEX_POINT ( 'NONE', #1888 ) ;
#2167 = DIRECTION ( 'NONE',  ( 0.000000000000000000, 1.000000000000000000, 0.000000000000000000 ) ) ;
#2168 = VECTOR ( 'NONE', #1226, 1000.000000000000000 ) ;
#2169 = ORIENTED_EDGE ( 'NONE', *, *, #5189, .F. ) ;
#2170 = FACE_OUTER_BOUND ( 'NONE', #3791, .T. ) ;
#2171 = EDGE_CURVE ( 'NONE', #2546, #5401, #4200, .T. ) ;
#2172 = EDGE_CURVE ( 'NONE', #37, #4636, #2294, .T. ) ;
#2173 = LINE ( 'NONE', #5228, #3714 ) ;
#2174 = ORIENTED_EDGE ( 'NONE', *, *, #2239, .T. ) ;
#2175 = CARTESIAN_POINT ( 'NONE',  ( 0.000000000000000000, 0.000000000000000000, 0.000000000000000000 ) ) ;
#2176 = CARTESIAN_POINT ( 'NONE',  ( 11.27290200957160238, 0.7400008731479412738, 3.203285999999902600 ) ) ;
#2177 = VERTEX_POINT ( 'NONE', #1921 ) ;
#2178 = DIRECTION ( 'NONE',  ( 0.000000000000000000, 0.000000000000000000, -1.000000000000000000 ) ) ;
#2179 = VECTOR ( 'NONE', #3800, 1000.000000000000000 ) ;
#2180 = AXIS2_PLACEMENT_3D ( 'NONE', #101, #42, #1858 ) ;
#2181 = ORIENTED_EDGE ( 'NONE', *, *, #1828, .F. ) ;
#2182 = CARTESIAN_POINT ( 'NONE',  ( -11.27290224021418652, 0.4699999999999990852, 0.1500001760186156496 ) ) ;
#2183 = ADVANCED_FACE ( 'NONE', ( #4575 ), #2736, .T. ) ;
#2184 = ADVANCED_FACE ( 'NONE', ( #1451 ), #5419, .F. ) ;
#2185 = VECTOR ( 'NONE', #1539, 1000.000000000000000 ) ;
#2186 = LINE ( 'NONE', #4369, #712 ) ;
#2187 = LINE ( 'NONE', #481, #5047 ) ;
#2188 = DIRECTION ( 'NONE',  ( 1.000000000000000000, -1.381324727921685072E-15, -8.972707634363094063E-16 ) ) ;
#2189 = ORIENTED_EDGE ( 'NONE', *, *, #3094, .F. ) ;
#2190 = CARTESIAN_POINT ( 'NONE',  ( 2.125000000000033307, -23.88321892447783412, 4.440000000000019931 ) ) ;
#2191 = DIRECTION ( 'NONE',  ( -1.000000000000000000, -0.000000000000000000, 1.355252715606881036E-16 ) ) ;
#2192 = CARTESIAN_POINT ( 'NONE',  ( -0.2499998239810239664, 0.4700001493862810409, 9.561909157685011706 ) ) ;
#2193 = LINE ( 'NONE', #2688, #2534 ) ;
#2194 = ORIENTED_EDGE ( 'NONE', *, *, #5354, .T. ) ;
#2195 = ORIENTED_EDGE ( 'NONE', *, *, #3760, .F. ) ;
#2196 = DIRECTION ( 'NONE',  ( 6.123233995736766036E-17, -1.000000000000000000, -7.477257951608915259E-16 ) ) ;
#2197 = CARTESIAN_POINT ( 'NONE',  ( -4.025000000000000355, 0.5900000000000003020, -4.599999999999992539 ) ) ;
#2198 = ADVANCED_FACE ( 'NONE', ( #3653 ), #1422, .F. ) ;
#2199 = ORIENTED_EDGE ( 'NONE', *, *, #3317, .F. ) ;
#2200 = DIRECTION ( 'NONE',  ( 1.000000000000000000, -0.000000000000000000, -0.000000000000000000 ) ) ;
#2201 =( NAMED_UNIT ( * ) PLANE_ANGLE_UNIT ( ) SI_UNIT ( $, .RADIAN. ) );
#2202 = ORIENTED_EDGE ( 'NONE', *, *, #2390, .T. ) ;
#2203 = LINE ( 'NONE', #611, #4962 ) ;
#2204 = DIRECTION ( 'NONE',  ( 0.000000000000000000, 0.000000000000000000, 1.000000000000000000 ) ) ;
#2205 = VERTEX_POINT ( 'NONE', #1031 ) ;
#2206 = VECTOR ( 'NONE', #4291, 1000.000000000000000 ) ;
#2207 = DIRECTION ( 'NONE',  ( 0.000000000000000000, 1.000000000000000000, 0.000000000000000000 ) ) ;
#2208 = ADVANCED_FACE ( 'NONE', ( #2795 ), #601, .F. ) ;
#2209 = PRODUCT_DEFINITION ( 'UNKNOWN', '', #1120, #4974 ) ;
#2210 = ORIENTED_EDGE ( 'NONE', *, *, #1859, .T. ) ;
#2211 = FACE_OUTER_BOUND ( 'NONE', #2505, .T. ) ;
#2212 = CIRCLE ( 'NONE', #4906, 0.2999997026963802660 ) ;
#2213 = CARTESIAN_POINT ( 'NONE',  ( 1.724999999999976108, 0.4399999999999993916, 3.899999999999998135 ) ) ;
#2214 = CARTESIAN_POINT ( 'NONE',  ( 3.825000000000022826, 0.4399999999999985589, -4.049999999999998046 ) ) ;
#2215 = DIRECTION ( 'NONE',  ( -8.425799740458609626E-14, 0.000000000000000000, -1.000000000000000000 ) ) ;
#2216 = EDGE_CURVE ( 'NONE', #2072, #5289, #62, .T. ) ;
#2217 = AXIS2_PLACEMENT_3D ( 'NONE', #854, #4433, #1681 ) ;
#2218 = EDGE_CURVE ( 'NONE', #5251, #2470, #5617, .T. ) ;
#2219 = EDGE_LOOP ( 'NONE', ( #5575, #583, #2181, #469 ) ) ;
#2220 = DIRECTION ( 'NONE',  ( 0.000000000000000000, 1.000000000000000000, 0.000000000000000000 ) ) ;
#2221 =( GEOMETRIC_REPRESENTATION_CONTEXT ( 3 ) GLOBAL_UNCERTAINTY_ASSIGNED_CONTEXT ( ( #4263 ) ) GLOBAL_UNIT_ASSIGNED_CONTEXT ( ( #2542, #351, #4388 ) ) REPRESENTATION_CONTEXT ( 'NONE', 'WORKASPACE' ) );
#2222 = CARTESIAN_POINT ( 'NONE',  ( 4.692625343829390339, 1.950000000000000400, -3.550277946865941114 ) ) ;
#2223 = CARTESIAN_POINT ( 'NONE',  ( -4.850000000000020961, 1.949999999999999512, -3.549999999999997602 ) ) ;
#2224 = CARTESIAN_POINT ( 'NONE',  ( 0.1499999999999999667, 0.000000000000000000, -0.1499999999999999389 ) ) ;
#2225 = ORIENTED_EDGE ( 'NONE', *, *, #44, .F. ) ;
#2226 = ORIENTED_EDGE ( 'NONE', *, *, #4701, .F. ) ;
#2227 = CARTESIAN_POINT ( 'NONE',  ( 4.549999999999998934, -23.88321892447783412, 4.300000000000025580 ) ) ;
#2228 = CARTESIAN_POINT ( 'NONE',  ( 0.5749999999999921840, 1.950000000000000400, 3.749999999999975575 ) ) ;
#2229 = ORIENTED_EDGE ( 'NONE', *, *, #2051, .F. ) ;
#2230 = ORIENTED_EDGE ( 'NONE', *, *, #3317, .T. ) ;
#2231 = CARTESIAN_POINT ( 'NONE',  ( 4.699999999999964650, 0.7399996200763460097, -3.350000095150289958 ) ) ;
#2232 = PLANE ( 'NONE',  #5649 ) ;
#2233 = VERTEX_POINT ( 'NONE', #3821 ) ;
#2234 = DIRECTION ( 'NONE',  ( 0.000000000000000000, 0.000000000000000000, -1.000000000000000000 ) ) ;
#2235 = VERTEX_POINT ( 'NONE', #1191 ) ;
#2236 = CARTESIAN_POINT ( 'NONE',  ( 4.689999999999964864, 1.950000000000000400, -3.550333704529043288 ) ) ;
#2237 = ORIENTED_EDGE ( 'NONE', *, *, #2098, .F. ) ;
#2238 = DIRECTION ( 'NONE',  ( 0.000000000000000000, -0.000000000000000000, 1.000000000000000000 ) ) ;
#2239 = EDGE_CURVE ( 'NONE', #4586, #2719, #1814, .T. ) ;
#2240 = ADVANCED_FACE ( 'NONE', ( #710 ), #5672, .T. ) ;
#2241 = DIRECTION ( 'NONE',  ( 0.000000000000000000, 0.000000000000000000, 1.000000000000000000 ) ) ;
#2242 = CARTESIAN_POINT ( 'NONE',  ( 4.731887902047829719, 2.100000000000000089, -3.550278102965920279 ) ) ;
#2243 = LINE ( 'NONE', #857, #2986 ) ;
#2244 = VECTOR ( 'NONE', #1890, 1000.000000000000000 ) ;
#2245 = VERTEX_POINT ( 'NONE', #5583 ) ;
#2246 = DIRECTION ( 'NONE',  ( 0.000000000000000000, 1.000000000000000000, 0.000000000000000000 ) ) ;
#2247 = EDGE_CURVE ( 'NONE', #2734, #5023, #4227, .T. ) ;
#2248 = ADVANCED_FACE ( 'NONE', ( #2060 ), #4307, .F. ) ;
#2249 = CARTESIAN_POINT ( 'NONE',  ( -4.024999999999999467, 2.248009955724755926, -4.599999999999992539 ) ) ;
#2250 = CARTESIAN_POINT ( 'NONE',  ( 0.9750000000000026423, 0.4399999999999993916, 4.599999999999992539 ) ) ;
#2251 = DIRECTION ( 'NONE',  ( -1.000000000000000000, 0.000000000000000000, 0.000000000000000000 ) ) ;
#2252 = VECTOR ( 'NONE', #5610, 1000.000000000000000 ) ;
#2253 = VERTEX_POINT ( 'NONE', #4766 ) ;
#2254 = VERTEX_POINT ( 'NONE', #328 ) ;
#2255 = FACE_OUTER_BOUND ( 'NONE', #4919, .T. ) ;
#2256 = ADVANCED_FACE ( 'NONE', ( #3875 ), #2882, .T. ) ;
#2257 = DIRECTION ( 'NONE',  ( 0.000000000000000000, 0.000000000000000000, 1.000000000000000000 ) ) ;
#2258 = ORIENTED_EDGE ( 'NONE', *, *, #3968, .F. ) ;
#2259 = ORIENTED_EDGE ( 'NONE', *, *, #1955, .T. ) ;
#2260 = DIRECTION ( 'NONE',  ( 0.000000000000000000, 1.301042606982658332E-13, 1.000000000000000000 ) ) ;
#2261 = VECTOR ( 'NONE', #2764, 1000.000000000000000 ) ;
#2262 = PLANE ( 'NONE',  #4350 ) ;
#2263 = ORIENTED_EDGE ( 'NONE', *, *, #2716, .T. ) ;
#2264 = ORIENTED_EDGE ( 'NONE', *, *, #1777, .T. ) ;
#2265 = LINE ( 'NONE', #563, #2485 ) ;
#2266 = AXIS2_PLACEMENT_3D ( 'NONE', #2779, #1266, #4020 ) ;
#2267 = ORIENTED_EDGE ( 'NONE', *, *, #1698, .F. ) ;
#2268 = PLANE ( 'NONE',  #1717 ) ;
#2269 = AXIS2_PLACEMENT_3D ( 'NONE', #1296, #3050, #3109 ) ;
#2270 = CARTESIAN_POINT ( 'NONE',  ( -3.825000000000022826, 0.5999999999999998668, -4.059999999999997833 ) ) ;
#2271 = DIRECTION ( 'NONE',  ( -1.381324727921684874E-15, -1.000000000000000000, 1.602373713730180230E-30 ) ) ;
#2272 = CARTESIAN_POINT ( 'NONE',  ( 1.848606797386242784, 0.7399999999999984368, -4.449999999999988631 ) ) ;
#2273 = DIRECTION ( 'NONE',  ( 0.000000000000000000, -1.000000000000000000, 0.000000000000000000 ) ) ;
#2274 = DIRECTION ( 'NONE',  ( 1.141265444721642676E-16, -1.000000000000000000, 0.000000000000000000 ) ) ;
#2275 = VERTEX_POINT ( 'NONE', #792 ) ;
#2276 = CARTESIAN_POINT ( 'NONE',  ( 2.125000000000033307, 2.100000000000000089, 4.440000000000019931 ) ) ;
#2277 = ADVANCED_FACE ( 'NONE', ( #4715 ), #2547, .F. ) ;
#2278 = EDGE_CURVE ( 'NONE', #614, #1050, #1215, .T. ) ;
#2279 = ORIENTED_EDGE ( 'NONE', *, *, #3175, .T. ) ;
#2280 = ORIENTED_EDGE ( 'NONE', *, *, #342, .T. ) ;
#2281 = DIRECTION ( 'NONE',  ( 1.000000000000000000, 0.000000000000000000, 1.355252715606881036E-16 ) ) ;
#2282 = CARTESIAN_POINT ( 'NONE',  ( -0.1499999999999999667, 0.2999999999999999889, -0.2999999999999999334 ) ) ;
#2283 = ADVANCED_FACE ( 'NONE', ( #4334 ), #2964, .T. ) ;
#2284 = ORIENTED_EDGE ( 'NONE', *, *, #129, .F. ) ;
#2285 = ORIENTED_EDGE ( 'NONE', *, *, #342, .F. ) ;
#2286 = DIRECTION ( 'NONE',  ( -0.000000000000000000, -1.000000000000000000, -0.000000000000000000 ) ) ;
#2287 = CARTESIAN_POINT ( 'NONE',  ( 1.401394000000333095, 0.7400003959984737811, 9.561909157685011706 ) ) ;
#2288 = ORIENTED_EDGE ( 'NONE', *, *, #1181, .T. ) ;
#2289 = ORIENTED_EDGE ( 'NONE', *, *, #1506, .F. ) ;
#2290 = DIRECTION ( 'NONE',  ( 0.000000000000000000, -1.000000000000000000, 0.000000000000000000 ) ) ;
#2291 = ORIENTED_EDGE ( 'NONE', *, *, #4243, .F. ) ;
#2292 = DIRECTION ( 'NONE',  ( 0.000000000000000000, 0.000000000000000000, -1.000000000000000000 ) ) ;
#2293 = VECTOR ( 'NONE', #608, 1000.000000000000000 ) ;
#2294 = LINE ( 'NONE', #4145, #1623 ) ;
#2295 = FILL_AREA_STYLE ('',( #4945 ) ) ;
#2296 = LINE ( 'NONE', #975, #2899 ) ;
#2297 = PRODUCT_DEFINITION_CONTEXT ( 'detailed design', #5532, 'design' ) ;
#2298 = AXIS2_PLACEMENT_3D ( 'NONE', #528, #2344, #908 ) ;
#2299 = PLANE ( 'NONE',  #4319 ) ;
#2300 = FACE_OUTER_BOUND ( 'NONE', #2823, .T. ) ;
#2301 = VECTOR ( 'NONE', #5058, 1000.000000000000000 ) ;
#2302 = DIRECTION ( 'NONE',  ( -1.000000000000000000, 0.000000000000000000, 0.000000000000000000 ) ) ;
#2303 = ORIENTED_EDGE ( 'NONE', *, *, #5667, .F. ) ;
#2304 = VECTOR ( 'NONE', #1508, 1000.000000000000000 ) ;
#2305 = ORIENTED_EDGE ( 'NONE', *, *, #3648, .F. ) ;
#2306 = CARTESIAN_POINT ( 'NONE',  ( -4.699999999999998401, 2.100000000000000089, -3.699999999999997513 ) ) ;
#2307 = FACE_OUTER_BOUND ( 'NONE', #2821, .T. ) ;
#2308 = EDGE_CURVE ( 'NONE', #1106, #236, #1563, .T. ) ;
#2309 = VERTEX_POINT ( 'NONE', #4742 ) ;
#2310 = CARTESIAN_POINT ( 'NONE',  ( -4.850000000000020961, 0.7400008731479412738, 3.203285999999902600 ) ) ;
#2311 =( LENGTH_UNIT ( ) NAMED_UNIT ( * ) SI_UNIT ( .MILLI., .METRE. ) );
#2312 = ORIENTED_EDGE ( 'NONE', *, *, #874, .T. ) ;
#2313 = ORIENTED_EDGE ( 'NONE', *, *, #4536, .F. ) ;
#2314 = LINE ( 'NONE', #34, #1790 ) ;
#2315 = LINE ( 'NONE', #3137, #4996 ) ;
#2316 = ORIENTED_EDGE ( 'NONE', *, *, #884, .T. ) ;
#2317 = EDGE_CURVE ( 'NONE', #2235, #928, #2119, .T. ) ;
#2318 = CIRCLE ( 'NONE', #5573, 0.2000000000000334843 ) ;
#2319 = ADVANCED_FACE ( 'NONE', ( #2491 ), #1676, .T. ) ;
#2320 = ORIENTED_EDGE ( 'NONE', *, *, #5619, .F. ) ;
#2321 = CARTESIAN_POINT ( 'NONE',  ( -0.8499998239810853118, 0.4700001493862810409, -4.449999999999988631 ) ) ;
#2322 = ORIENTED_EDGE ( 'NONE', *, *, #5226, .F. ) ;
#2323 = DIRECTION ( 'NONE',  ( 0.000000000000000000, -1.034815797196514095E-14, 1.000000000000000000 ) ) ;
#2324 = EDGE_CURVE ( 'NONE', #1471, #3102, #1070, .T. ) ;
#2325 = DIRECTION ( 'NONE',  ( 0.000000000000000000, 0.000000000000000000, 1.000000000000000000 ) ) ;
#2326 = LINE ( 'NONE', #4520, #2711 ) ;
#2327 = DIRECTION ( 'NONE',  ( 3.897738580224894665E-14, 0.000000000000000000, 1.000000000000000000 ) ) ;
#2328 = LINE ( 'NONE', #4153, #4301 ) ;
#2329 = PRESENTATION_STYLE_ASSIGNMENT (( #3306 ) ) ;
#2330 = VECTOR ( 'NONE', #2889, 1000.000000000000000 ) ;
#2331 = ORIENTED_EDGE ( 'NONE', *, *, #2341, .T. ) ;
#2332 = EDGE_LOOP ( 'NONE', ( #4938, #3646, #5628, #1014, #5389, #607 ) ) ;
#2333 = DIRECTION ( 'NONE',  ( 0.000000000000000000, 0.000000000000000000, 1.000000000000000000 ) ) ;
#2334 = LINE ( 'NONE', #2282, #954 ) ;
#2335 = VERTEX_POINT ( 'NONE', #5148 ) ;
#2336 = DIRECTION ( 'NONE',  ( 0.000000000000000000, 0.000000000000000000, 1.000000000000000000 ) ) ;
#2337 = DIRECTION ( 'NONE',  ( 1.000000000000000000, 0.000000000000000000, 0.000000000000000000 ) ) ;
#2338 = AXIS2_PLACEMENT_3D ( 'NONE', #5339, #79, #1838 ) ;
#2339 =( NAMED_UNIT ( * ) PLANE_ANGLE_UNIT ( ) SI_UNIT ( $, .RADIAN. ) );
#2340 = ORIENTED_EDGE ( 'NONE', *, *, #1607, .T. ) ;
#2341 = EDGE_CURVE ( 'NONE', #2973, #2871, #1167, .T. ) ;
#2342 = ORIENTED_EDGE ( 'NONE', *, *, #4673, .T. ) ;
#2343 = DIRECTION ( 'NONE',  ( 0.000000000000000000, 1.000000000000000000, 0.000000000000000000 ) ) ;
#2344 = DIRECTION ( 'NONE',  ( 1.000000000000000000, 0.000000000000000000, 0.000000000000000000 ) ) ;
#2345 = VECTOR ( 'NONE', #4292, 1000.000000000000000 ) ;
#2346 = ORIENTED_EDGE ( 'NONE', *, *, #3746, .F. ) ;
#2347 = VERTEX_POINT ( 'NONE', #4427 ) ;
#2348 = CARTESIAN_POINT ( 'NONE',  ( 4.549999999999998934, 1.940000000000001723, 4.600000000000020073 ) ) ;
#2349 = ADVANCED_FACE ( 'NONE', ( #549 ), #910, .T. ) ;
#2350 = ADVANCED_FACE ( 'NONE', ( #1766 ), #151, .T. ) ;
#2351 = ORIENTED_EDGE ( 'NONE', *, *, #333, .T. ) ;
#2352 = LINE ( 'NONE', #3818, #2376 ) ;
#2353 = CARTESIAN_POINT ( 'NONE',  ( -11.27290224021418652, 0.9400002466121030187, 4.099999999999984546 ) ) ;
#2354 = CARTESIAN_POINT ( 'NONE',  ( -0.2999999999999999334, 0.2999999999999999889, 0.1499999999999999944 ) ) ;
#2355 = PLANE ( 'NONE',  #323 ) ;
#2356 = UNCERTAINTY_MEASURE_WITH_UNIT (LENGTH_MEASURE( 1.000000000000000082E-05 ), #642, 'distance_accuracy_value', 'NONE');
#2357 = VECTOR ( 'NONE', #1165, 1000.000000000000000 ) ;
#2358 = EDGE_CURVE ( 'NONE', #4510, #956, #847, .T. ) ;
#2359 = CARTESIAN_POINT ( 'NONE',  ( -4.549999999999998934, 1.950000000000000400, -3.889999999999997460 ) ) ;
#2360 = DIRECTION ( 'NONE',  ( 0.000000000000000000, 0.000000000000000000, 1.000000000000000000 ) ) ;
#2361 = AXIS2_PLACEMENT_3D ( 'NONE', #3437, #2057, #5614 ) ;
#2362 =( LENGTH_UNIT ( ) NAMED_UNIT ( * ) SI_UNIT ( .MILLI., .METRE. ) );
#2363 = CIRCLE ( 'NONE', #4880, 0.1599999999999995592 ) ;
#2364 = ORIENTED_EDGE ( 'NONE', *, *, #5381, .T. ) ;
#2365 = AXIS2_PLACEMENT_3D ( 'NONE', #1886, #5390, #4999 ) ;
#2366 = ORIENTED_EDGE ( 'NONE', *, *, #2780, .T. ) ;
#2367 = LINE ( 'NONE', #5074, #2943 ) ;
#2368 = DIRECTION ( 'NONE',  ( 1.355252715606881036E-16, 0.000000000000000000, -1.000000000000000000 ) ) ;
#2369 = EDGE_LOOP ( 'NONE', ( #3293, #691, #2291, #2414 ) ) ;
#2370 = CARTESIAN_POINT ( 'NONE',  ( 3.825000000000022826, 1.940000000000000391, -3.889999999999997460 ) ) ;
#2371 = FACE_OUTER_BOUND ( 'NONE', #5493, .T. ) ;
#2372 = VECTOR ( 'NONE', #1273, 1000.000000000000000 ) ;
#2373 = EDGE_LOOP ( 'NONE', ( #2777, #4121, #4156, #1458, #1830, #497, #3926, #1198, #3831, #3296, #4695, #2320, #3222, #5568, #4881, #4829, #1011, #2303, #5109, #1204 ) ) ;
#2374 = ORIENTED_EDGE ( 'NONE', *, *, #1775, .T. ) ;
#2375 = DIRECTION ( 'NONE',  ( 0.000000000000000000, 0.000000000000000000, -1.000000000000000000 ) ) ;
#2376 = VECTOR ( 'NONE', #3742, 1000.000000000000000 ) ;
#2377 = ORIENTED_EDGE ( 'NONE', *, *, #1364, .F. ) ;
#2378 = EDGE_LOOP ( 'NONE', ( #2377, #1741, #5104, #2637 ) ) ;
#2379 = CARTESIAN_POINT ( 'NONE',  ( -1.624999873552803287, 0.8399996699548917256, 9.561909157685011706 ) ) ;
#2380 = EDGE_LOOP ( 'NONE', ( #442, #3677, #5026, #4981 ) ) ;
#2381 = DIRECTION ( 'NONE',  ( 0.000000000000000000, 1.000000000000000000, 0.000000000000000000 ) ) ;
#2382 = FILL_AREA_STYLE_COLOUR ( '', #735 ) ;
#2383 = EDGE_CURVE ( 'NONE', #2245, #1257, #3560, .T. ) ;
#2384 = DIRECTION ( 'NONE',  ( 0.000000000000000000, 1.000000000000000000, 0.000000000000000000 ) ) ;
#2385 = DIRECTION ( 'NONE',  ( 0.000000000000000000, 0.000000000000000000, 1.000000000000000000 ) ) ;
#2386 = EDGE_CURVE ( 'NONE', #2581, #1434, #2778, .T. ) ;
#2387 = AXIS2_PLACEMENT_3D ( 'NONE', #231, #4666, #2333 ) ;
#2388 = CARTESIAN_POINT ( 'NONE',  ( 3.425000000000011369, 2.100000000000000089, -3.749999999999975575 ) ) ;
#2389 = DIRECTION ( 'NONE',  ( 3.423796334164927534E-16, -1.000000000000000000, 7.395570986446985676E-32 ) ) ;
#2390 = EDGE_CURVE ( 'NONE', #1106, #2309, #1618, .T. ) ;
#2391 = DIRECTION ( 'NONE',  ( -1.000000000000000000, 2.392722035830090785E-14, 0.000000000000000000 ) ) ;
#2392 = EDGE_CURVE ( 'NONE', #4379, #2546, #4365, .T. ) ;
#2393 = AXIS2_PLACEMENT_3D ( 'NONE', #1387, #1445, #1328 ) ;
#2394 = VERTEX_POINT ( 'NONE', #4825 ) ;
#2395 = ORIENTED_EDGE ( 'NONE', *, *, #4250, .F. ) ;
#2396 = CARTESIAN_POINT ( 'NONE',  ( 3.366421356237270679, 0.7985786437627379053, -4.449999999999988631 ) ) ;
#2397 = VECTOR ( 'NONE', #5293, 1000.000000000000000 ) ;
#2398 = DIRECTION ( 'NONE',  ( 0.000000000000000000, 0.000000000000000000, 1.000000000000000000 ) ) ;
#2399 = EDGE_LOOP ( 'NONE', ( #2747, #1205, #1815, #2757 ) ) ;
#2400 = FACE_OUTER_BOUND ( 'NONE', #690, .T. ) ;
#2401 = VERTEX_POINT ( 'NONE', #1905 ) ;
#2402 = EDGE_LOOP ( 'NONE', ( #228, #4904, #5057, #3096 ) ) ;
#2403 = DIRECTION ( 'NONE',  ( -1.000000000000000000, 0.000000000000000000, 0.000000000000000000 ) ) ;
#2404 = ORIENTED_EDGE ( 'NONE', *, *, #4635, .T. ) ;
#2405 = ORIENTED_EDGE ( 'NONE', *, *, #5708, .T. ) ;
#2406 = CARTESIAN_POINT ( 'NONE',  ( -4.549999999999998934, 1.939999999999999947, -3.899999999999998135 ) ) ;
#2407 = CARTESIAN_POINT ( 'NONE',  ( 0.1499999999999999667, 0.2999999999999999889, -0.1500000000000000500 ) ) ;
#2408 = CARTESIAN_POINT ( 'NONE',  ( 3.224999999999978773, 0.9400000000000328093, -4.449999999999992184 ) ) ;
#2409 = LINE ( 'NONE', #2830, #3953 ) ;
#2410 = DIRECTION ( 'NONE',  ( 0.000000000000000000, 0.000000000000000000, -1.000000000000000000 ) ) ;
#2411 = ADVANCED_FACE ( 'NONE', ( #1440 ), #1240, .F. ) ;
#2412 = CARTESIAN_POINT ( 'NONE',  ( 1.724999999999976552, 1.939999999999999947, 3.899999999999998135 ) ) ;
#2413 = CARTESIAN_POINT ( 'NONE',  ( 3.825000000000022826, 1.950000000000000400, -4.049999999999998046 ) ) ;
#2414 = ORIENTED_EDGE ( 'NONE', *, *, #2797, .T. ) ;
#2415 = DIRECTION ( 'NONE',  ( -0.000000000000000000, -1.000000000000000000, 0.000000000000000000 ) ) ;
#2416 = VERTEX_POINT ( 'NONE', #4796 ) ;
#2417 = EDGE_CURVE ( 'NONE', #3333, #4379, #2604, .T. ) ;
#2418 = ORIENTED_EDGE ( 'NONE', *, *, #766, .T. ) ;
#2419 = EDGE_CURVE ( 'NONE', #2720, #2052, #4888, .T. ) ;
#2420 = CARTESIAN_POINT ( 'NONE',  ( -0.1499999999999999389, 0.000000000000000000, -0.1500000000000000222 ) ) ;
#2421 = VECTOR ( 'NONE', #1695, 1000.000000000000000 ) ;
#2422 = FACE_OUTER_BOUND ( 'NONE', #703, .T. ) ;
#2423 = ORIENTED_EDGE ( 'NONE', *, *, #4494, .F. ) ;
#2424 = DIRECTION ( 'NONE',  ( 2.208718528794106935E-13, 0.000000000000000000, 1.000000000000000000 ) ) ;
#2425 = AXIS2_PLACEMENT_3D ( 'NONE', #1992, #2368, #5515 ) ;
#2426 = PRODUCT ( '2022.04.04_シールドケース', '2022.04.04_シールドケース', '', ( #4352 ) ) ;
#2427 = VERTEX_POINT ( 'NONE', #4534 ) ;
#2428 = ORIENTED_EDGE ( 'NONE', *, *, #476, .T. ) ;
#2429 = ADVANCED_FACE ( 'NONE', ( #3929 ), #1873, .T. ) ;
#2430 = DIRECTION ( 'NONE',  ( 0.000000000000000000, 0.000000000000000000, -1.000000000000000000 ) ) ;
#2431 = EDGE_LOOP ( 'NONE', ( #5517, #3187, #4788, #5567 ) ) ;
#2432 = VERTEX_POINT ( 'NONE', #3076 ) ;
#2433 = CARTESIAN_POINT ( 'NONE',  ( -3.624999999999989342, 2.100000000000000089, -3.549999999999969624 ) ) ;
#2434 = AXIS2_PLACEMENT_3D ( 'NONE', #1716, #5651, #741 ) ;
#2435 = AXIS2_PLACEMENT_3D ( 'NONE', #3731, #5489, #1493 ) ;
#2436 = CARTESIAN_POINT ( 'NONE',  ( -19.11734783244956759, 1.939999999999995728, -3.889999999999997460 ) ) ;
#2437 = CARTESIAN_POINT ( 'NONE',  ( 0.9750000000000017542, 2.625497654997603014, 4.599999999999992539 ) ) ;
#2438 = DIRECTION ( 'NONE',  ( 0.000000000000000000, 0.000000000000000000, 1.000000000000000000 ) ) ;
#2439 = PLANE ( 'NONE',  #1238 ) ;
#2440 = CARTESIAN_POINT ( 'NONE',  ( 2.125000000000043521, 2.100000000000000089, 4.450000000000019718 ) ) ;
#2441 = ORIENTED_EDGE ( 'NONE', *, *, #4632, .F. ) ;
#2442 = PLANE ( 'NONE',  #121 ) ;
#2443 = AXIS2_PLACEMENT_3D ( 'NONE', #5149, #5205, #2033 ) ;
#2444 = ORIENTED_EDGE ( 'NONE', *, *, #1530, .T. ) ;
#2445 = ORIENTED_EDGE ( 'NONE', *, *, #4316, .F. ) ;
#2446 = CARTESIAN_POINT ( 'NONE',  ( -0.1499999999999999667, 0.000000000000000000, -0.1499999999999999389 ) ) ;
#2447 = DIRECTION ( 'NONE',  ( 0.000000000000000000, 1.000000000000000000, 0.000000000000000000 ) ) ;
#2448 = DIRECTION ( 'NONE',  ( 0.000000000000000000, 0.000000000000000000, 1.000000000000000000 ) ) ;
#2449 = EDGE_CURVE ( 'NONE', #236, #1352, #3223, .T. ) ;
#2450 =( LENGTH_UNIT ( ) NAMED_UNIT ( * ) SI_UNIT ( .MILLI., .METRE. ) );
#2451 = VERTEX_POINT ( 'NONE', #4986 ) ;
#2452 = VECTOR ( 'NONE', #3837, 1000.000000000000000 ) ;
#2453 = VERTEX_POINT ( 'NONE', #1735 ) ;
#2454 = DIRECTION ( 'NONE',  ( 0.000000000000000000, 0.000000000000000000, -1.000000000000000000 ) ) ;
#2455 = ORIENTED_EDGE ( 'NONE', *, *, #2108, .F. ) ;
#2456 = ORIENTED_EDGE ( 'NONE', *, *, #2000, .F. ) ;
#2457 = EDGE_CURVE ( 'NONE', #1770, #5023, #1015, .T. ) ;
#2458 = EDGE_CURVE ( 'NONE', #5165, #2506, #579, .T. ) ;
#2459 = CARTESIAN_POINT ( 'NONE',  ( 1.724999999999921041, -23.88321892447783412, 3.749999999999975575 ) ) ;
#2460 = DIRECTION ( 'NONE',  ( -1.000000000000000000, 0.000000000000000000, 0.000000000000000000 ) ) ;
#2461 = PLANE ( 'NONE',  #2114 ) ;
#2462 = CARTESIAN_POINT ( 'NONE',  ( 11.27290200957160238, 0.5400006870255142921, 3.203285999999911926 ) ) ;
#2463 = FACE_OUTER_BOUND ( 'NONE', #5404, .T. ) ;
#2464 = EDGE_CURVE ( 'NONE', #109, #4069, #5258, .T. ) ;
#2465 = DIRECTION ( 'NONE',  ( 1.000000000000000000, 0.000000000000000000, 0.000000000000000000 ) ) ;
#2466 = DIRECTION ( 'NONE',  ( 0.000000000000000000, 1.000000000000000000, 0.000000000000000000 ) ) ;
#2467 = EDGE_LOOP ( 'NONE', ( #2594, #1612, #3639, #4875 ) ) ;
#2468 = CARTESIAN_POINT ( 'NONE',  ( 3.424999999999955858, 2.099999999999999645, 9.561909157685011706 ) ) ;
#2469 = B_SPLINE_SURFACE_WITH_KNOTS ( 'NONE', 1, 3, ( 
 ( #2655, #2686, #4496, #1311, #1401, #3062 ),
 ( #514, #4440, #459, #4870, #2222, #4063 ) ),
 .UNSPECIFIED., .F., .F., .F.,
 ( 2, 2 ),
 ( 4, 2, 4 ),
 ( 0.000000000000000000, 1.000000000000000000 ),
 ( 0.000000000000000000, 0.5000000000000000000, 1.000000000000000000 ),
 .UNSPECIFIED. ) ;
#2470 = VERTEX_POINT ( 'NONE', #4857 ) ;
#2471 = ORIENTED_EDGE ( 'NONE', *, *, #4842, .T. ) ;
#2472 = VECTOR ( 'NONE', #4790, 1000.000000000000000 ) ;
#2473 = DIRECTION ( 'NONE',  ( -9.251858538542278656E-14, -0.000000000000000000, -1.000000000000000000 ) ) ;
#2474 = LINE ( 'NONE', #1689, #2157 ) ;
#2475 = PLANE ( 'NONE',  #1139 ) ;
#2476 = VECTOR ( 'NONE', #3610, 1000.000000000000000 ) ;
#2477 = CARTESIAN_POINT ( 'NONE',  ( -0.1499999999999999667, 0.000000000000000000, 0.1499999999999999667 ) ) ;
#2478 = ITEM_DEFINED_TRANSFORMATION ( 'NONE', 'NONE', #4275,  #831 ) ;
#2479 = ORIENTED_EDGE ( 'NONE', *, *, #3032, .F. ) ;
#2480 = AXIS2_PLACEMENT_3D ( 'NONE', #4481, #4078, #501 ) ;
#2481 = VERTEX_POINT ( 'NONE', #443 ) ;
#2482 = DIRECTION ( 'NONE',  ( 1.000000000000000000, -0.000000000000000000, -0.000000000000000000 ) ) ;
#2483 = EDGE_CURVE ( 'NONE', #3226, #2451, #2203, .T. ) ;
#2484 = ORIENTED_EDGE ( 'NONE', *, *, #301, .T. ) ;
#2485 = VECTOR ( 'NONE', #4457, 1000.000000000000000 ) ;
#2486 = DIRECTION ( 'NONE',  ( -1.000000000000000000, 2.282530889443284858E-16, -2.282530889443285351E-16 ) ) ;
#2487 = CARTESIAN_POINT ( 'NONE',  ( 0.3750000000000143219, 2.099999999999999645, 4.450000000000019718 ) ) ;
#2488 = EDGE_CURVE ( 'NONE', #1308, #673, #180, .T. ) ;
#2489 = EDGE_CURVE ( 'NONE', #2867, #1163, #2363, .T. ) ;
#2490 = DIRECTION ( 'NONE',  ( 0.000000000000000000, 0.000000000000000000, -1.000000000000000000 ) ) ;
#2491 = FACE_OUTER_BOUND ( 'NONE', #2332, .T. ) ;
#2492 = DIRECTION ( 'NONE',  ( 0.000000000000000000, 1.000000000000000000, 0.000000000000000000 ) ) ;
#2493 = ADVANCED_FACE ( 'NONE', ( #5135 ), #3284, .T. ) ;
#2494 = CARTESIAN_POINT ( 'NONE',  ( 3.366421356237270679, 0.7985786437627379053, -4.449999999999992184 ) ) ;
#2495 = CARTESIAN_POINT ( 'NONE',  ( -0.1499999999999999389, 0.000000000000000000, 0.1500000000000000222 ) ) ;
#2496 = VERTEX_POINT ( 'NONE', #4270 ) ;
#2497 = CARTESIAN_POINT ( 'NONE',  ( 4.849999999999965894, 0.6699999999999363132, 0.7500001760187681166 ) ) ;
#2498 = VERTEX_POINT ( 'NONE', #289 ) ;
#2499 = VERTEX_POINT ( 'NONE', #2477 ) ;
#2500 = CARTESIAN_POINT ( 'NONE',  ( -0.1499999999999999667, 0.2999999999999999889, -0.2999999999999999334 ) ) ;
#2501 = DIRECTION ( 'NONE',  ( -1.000000000000000000, 0.000000000000000000, 0.000000000000000000 ) ) ;
#2502 = PLANE ( 'NONE',  #3082 ) ;
#2503 = DIRECTION ( 'NONE',  ( 1.000000000000000000, 0.000000000000000000, 0.000000000000000000 ) ) ;
#2504 = APPLICATION_PROTOCOL_DEFINITION ( 'draft international standard', 'automotive_design', 1998, #3342 ) ;
#2505 = EDGE_LOOP ( 'NONE', ( #1378, #3664, #3216, #1757 ) ) ;
#2506 = VERTEX_POINT ( 'NONE', #1072 ) ;
#2507 = CARTESIAN_POINT ( 'NONE',  ( 0.7749999999999970246, 0.4399999999999993916, 4.399999999999987033 ) ) ;
#2508 = VECTOR ( 'NONE', #52, 1000.000000000000000 ) ;
#2509 = ORIENTED_EDGE ( 'NONE', *, *, #1462, .F. ) ;
#2510 = AXIS2_PLACEMENT_3D ( 'NONE', #467, #5346, #990 ) ;
#2511 = PRESENTATION_STYLE_ASSIGNMENT (( #4360 ) ) ;
#2512 = EDGE_CURVE ( 'NONE', #2052, #1546, #5571, .T. ) ;
#2513 = CARTESIAN_POINT ( 'NONE',  ( 1.724999999999984546, 0.4399999999999998357, 4.059999999999997833 ) ) ;
#2514 = VECTOR ( 'NONE', #11, 1000.000000000000000 ) ;
#2515 = CARTESIAN_POINT ( 'NONE',  ( 1.724999999999976774, 0.4399999999999985589, 0.6148211616413268299 ) ) ;
#2516 = EDGE_LOOP ( 'NONE', ( #3781, #1267, #1997, #5044 ) ) ;
#2517 = CARTESIAN_POINT ( 'NONE',  ( 0.1282860000003643308, 0.5400002098760953162, -4.599999999999992539 ) ) ;
#2518 = FACE_OUTER_BOUND ( 'NONE', #2219, .T. ) ;
#2519 = DIRECTION ( 'NONE',  ( 0.000000000000000000, 1.000000000000000000, 0.000000000000000000 ) ) ;
#2520 = ADVANCED_FACE ( 'NONE', ( #2018 ), #258, .T. ) ;
#2521 = AXIS2_PLACEMENT_3D ( 'NONE', #170, #4203, #2800 ) ;
#2522 = EDGE_CURVE ( 'NONE', #3632, #5609, #4850, .T. ) ;
#2523 = CARTESIAN_POINT ( 'NONE',  ( 4.849999999999965894, 0.5399999068108921607, -0.2282850951501756709 ) ) ;
#2524 = DIRECTION ( 'NONE',  ( 8.972707634363096035E-16, 3.574525976782709743E-31, 1.000000000000000000 ) ) ;
#2525 = DIRECTION ( 'NONE',  ( 0.000000000000000000, 0.000000000000000000, 1.000000000000000000 ) ) ;
#2526 = LINE ( 'NONE', #3938, #4847 ) ;
#2527 = ADVANCED_FACE ( 'NONE', ( #2400 ), #4189, .F. ) ;
#2528 = ORIENTED_EDGE ( 'NONE', *, *, #4887, .T. ) ;
#2529 = DIRECTION ( 'NONE',  ( 1.000000000000000000, 0.000000000000000000, 0.000000000000000000 ) ) ;
#2530 = DIRECTION ( 'NONE',  ( 0.000000000000000000, 1.000000000000000000, 6.123233995736766036E-17 ) ) ;
#2531 = DIRECTION ( 'NONE',  ( -1.000000000000000000, -0.000000000000000000, 1.355252715606881036E-16 ) ) ;
#2532 = CARTESIAN_POINT ( 'NONE',  ( 2.125000000000039524, 1.940000000000000835, -0.9613307051038245676 ) ) ;
#2533 = AXIS2_PLACEMENT_3D ( 'NONE', #5704, #1365, #2234 ) ;
#2534 = VECTOR ( 'NONE', #462, 1000.000000000000000 ) ;
#2535 = PRODUCT_CONTEXT ( 'NONE', #3645, 'mechanical' ) ;
#2536 = VERTEX_POINT ( 'NONE', #5459 ) ;
#2537 = VERTEX_POINT ( 'NONE', #3730 ) ;
#2538 = CARTESIAN_POINT ( 'NONE',  ( 0.2999999999999999334, 0.2999999999999999889, -0.1500000000000000777 ) ) ;
#2539 = EDGE_CURVE ( 'NONE', #3072, #1383, #1246, .T. ) ;
#2540 = CARTESIAN_POINT ( 'NONE',  ( -3.425000000000011369, 1.949999999999999956, -4.439999999999992397 ) ) ;
#2541 = CIRCLE ( 'NONE', #3686, 0.2000001861224270372 ) ;
#2542 =( LENGTH_UNIT ( ) NAMED_UNIT ( * ) SI_UNIT ( .MILLI., .METRE. ) );
#2543 = AXIS2_PLACEMENT_3D ( 'NONE', #2354, #165, #3715 ) ;
#2544 = PLANE ( 'NONE',  #1995 ) ;
#2545 = FACE_OUTER_BOUND ( 'NONE', #3735, .T. ) ;
#2546 = VERTEX_POINT ( 'NONE', #1467 ) ;
#2547 = CYLINDRICAL_SURFACE ( 'NONE', #4778, 0.2000001861224271205 ) ;
#2548 = CARTESIAN_POINT ( 'NONE',  ( 2.124999999999988010, -23.88321892447783412, 3.749999999999975575 ) ) ;
#2549 = FACE_OUTER_BOUND ( 'NONE', #5076, .T. ) ;
#2550 = LINE ( 'NONE', #3416, #3049 ) ;
#2551 = EDGE_CURVE ( 'NONE', #2773, #67, #4055, .T. ) ;
#2552 = DIRECTION ( 'NONE',  ( 6.530723674265279758E-14, 0.000000000000000000, 1.000000000000000000 ) ) ;
#2553 = LINE ( 'NONE', #5121, #4380 ) ;
#2554 = CARTESIAN_POINT ( 'NONE',  ( -3.825000000000008171, 2.100000000000000089, -3.889999999999997460 ) ) ;
#2555 = ORIENTED_EDGE ( 'NONE', *, *, #4255, .T. ) ;
#2556 = CARTESIAN_POINT ( 'NONE',  ( 4.689999999999964864, 1.940000000000000391, 4.300000000000025580 ) ) ;
#2557 = ADVANCED_FACE ( 'NONE', ( #1937 ), #4244, .T. ) ;
#2558 = EDGE_CURVE ( 'NONE', #4890, #2496, #2089, .T. ) ;
#2559 = CARTESIAN_POINT ( 'NONE',  ( 2.125000000000015987, 0.9400000000000050537, 4.600000000000020961 ) ) ;
#2560 = CARTESIAN_POINT ( 'NONE',  ( -0.2999999999999999334, 0.2999999999999999889, -0.1499999999999999944 ) ) ;
#2561 = DIRECTION ( 'NONE',  ( -1.000000000000000000, 0.000000000000000000, -0.000000000000000000 ) ) ;
#2562 = APPLICATION_PROTOCOL_DEFINITION ( 'draft international standard', 'automotive_design', 1998, #967 ) ;
#2563 = PRODUCT ( 'C1(MK063)', 'C1(MK063)', '', ( #3453 ) ) ;
#2564 = ORIENTED_EDGE ( 'NONE', *, *, #1017, .T. ) ;
#2565 = ORIENTED_EDGE ( 'NONE', *, *, #2885, .F. ) ;
#2566 = DIRECTION ( 'NONE',  ( 0.000000000000000000, 1.000000000000000000, 0.000000000000000000 ) ) ;
#2567 = AXIS2_PLACEMENT_3D ( 'NONE', #2618, #3970, #1809 ) ;
#2568 = LINE ( 'NONE', #786, #2053 ) ;
#2569 = DIRECTION ( 'NONE',  ( -1.000000000000000000, 0.000000000000000000, -0.000000000000000000 ) ) ;
#2570 = AXIS2_PLACEMENT_3D ( 'NONE', #3196, #4565, #1879 ) ;
#2571 = CARTESIAN_POINT ( 'NONE',  ( 1.724999999999921041, 1.950000000000000400, 3.749999999999975575 ) ) ;
#2572 = CARTESIAN_POINT ( 'NONE',  ( -11.27290224021418652, 2.099999999999999645, -3.550000095150265267 ) ) ;
#2573 = EDGE_LOOP ( 'NONE', ( #120, #110, #4136, #5513 ) ) ;
#2574 = VECTOR ( 'NONE', #4312, 1000.000000000000000 ) ;
#2575 = CARTESIAN_POINT ( 'NONE',  ( -3.225000000000023626, 0.9400000703117034062, 9.561909157685011706 ) ) ;
#2576 = CARTESIAN_POINT ( 'NONE',  ( -0.1499999999999999667, 0.000000000000000000, 0.2999999999999999334 ) ) ;
#2577 = FACE_OUTER_BOUND ( 'NONE', #2875, .T. ) ;
#2578 = DIRECTION ( 'NONE',  ( 1.000000000000000000, 0.000000000000000000, 0.000000000000000000 ) ) ;
#2579 = CARTESIAN_POINT ( 'NONE',  ( -4.549999999999998934, 0.4400000000000007239, -3.900000000000012790 ) ) ;
#2580 = CARTESIAN_POINT ( 'NONE',  ( 1.724999999999975664, 0.5899999999999994138, 3.900000000000014566 ) ) ;
#2581 = VERTEX_POINT ( 'NONE', #1261 ) ;
#2582 = CARTESIAN_POINT ( 'NONE',  ( 4.349999999999965006, 0.9400000000000328093, 4.450000000000019718 ) ) ;
#2583 = EDGE_CURVE ( 'NONE', #2043, #1128, #5349, .T. ) ;
#2584 = ORIENTED_EDGE ( 'NONE', *, *, #234, .F. ) ;
#2585 = DIRECTION ( 'NONE',  ( 1.000000000000000000, 0.000000000000000000, 0.000000000000000000 ) ) ;
#2586 = CARTESIAN_POINT ( 'NONE',  ( 4.549999999999998934, 0.5999999999999998668, -4.059999999999998721 ) ) ;
#2587 = AXIS2_PLACEMENT_3D ( 'NONE', #3842, #2595, #5221 ) ;
#2588 = CARTESIAN_POINT ( 'NONE',  ( 4.699999999999964650, 1.939999999999999947, 4.300000000000019362 ) ) ;
#2589 = DIRECTION ( 'NONE',  ( -1.000000000000000000, 0.000000000000000000, 0.000000000000000000 ) ) ;
#2590 = SHAPE_DEFINITION_REPRESENTATION ( #3276, #5303 ) ;
#2591 = EDGE_CURVE ( 'NONE', #109, #5401, #4516, .T. ) ;
#2592 = EDGE_CURVE ( 'NONE', #4305, #2416, #5718, .T. ) ;
#2593 = ORIENTED_EDGE ( 'NONE', *, *, #562, .T. ) ;
#2594 = ORIENTED_EDGE ( 'NONE', *, *, #1698, .T. ) ;
#2595 = DIRECTION ( 'NONE',  ( 1.000000000000000000, 0.000000000000000000, -3.978941467312886824E-14 ) ) ;
#2596 = CARTESIAN_POINT ( 'NONE',  ( -4.692625343829443629, 1.950000000000000400, -3.550277946865923795 ) ) ;
#2597 = DIRECTION ( 'NONE',  ( 0.000000000000000000, -1.000000000000000000, 0.000000000000000000 ) ) ;
#2598 = EDGE_CURVE ( 'NONE', #2166, #903, #1713, .T. ) ;
#2599 = ORIENTED_EDGE ( 'NONE', *, *, #2218, .T. ) ;
#2600 = DIRECTION ( 'NONE',  ( -0.000000000000000000, -0.000000000000000000, -1.000000000000000000 ) ) ;
#2601 = PLANE ( 'NONE',  #3141 ) ;
#2602 = ORIENTED_EDGE ( 'NONE', *, *, #95, .F. ) ;
#2603 = CIRCLE ( 'NONE', #5412, 0.1599999999999997813 ) ;
#2604 = LINE ( 'NONE', #818, #4877 ) ;
#2605 = CARTESIAN_POINT ( 'NONE',  ( -4.549999999999998934, 0.9400000000000050537, 4.600000000000020961 ) ) ;
#2606 = VERTEX_POINT ( 'NONE', #4839 ) ;
#2607 = DIRECTION ( 'NONE',  ( 1.355252715606881036E-16, 0.000000000000000000, -1.000000000000000000 ) ) ;
#2608 = ORIENTED_EDGE ( 'NONE', *, *, #26, .T. ) ;
#2609 = DIRECTION ( 'NONE',  ( -9.251858538542278656E-14, -0.000000000000000000, -1.000000000000000000 ) ) ;
#2610 = PLANE ( 'NONE',  #1441 ) ;
#2611 = SURFACE_STYLE_FILL_AREA ( #2295 ) ;
#2612 = DIRECTION ( 'NONE',  ( -0.000000000000000000, 1.000000000000000000, 0.000000000000000000 ) ) ;
#2613 = ADVANCED_BREP_SHAPE_REPRESENTATION ( '', ( #957, #831 ), #99 ) ;
#2614 = EDGE_CURVE ( 'NONE', #4859, #498, #4409, .T. ) ;
#2615 = VECTOR ( 'NONE', #3289, 1000.000000000000000 ) ;
#2616 = EDGE_LOOP ( 'NONE', ( #3916, #5492, #2850, #2684 ) ) ;
#2617 = VECTOR ( 'NONE', #2075, 1000.000000000000000 ) ;
#2618 = CARTESIAN_POINT ( 'NONE',  ( 4.689999999999964864, 1.940000000000000391, -20.99693972591869340 ) ) ;
#2619 = LINE ( 'NONE', #3576, #513 ) ;
#2620 = DIRECTION ( 'NONE',  ( 1.000000000000000000, 0.000000000000000000, -1.344746880602176952E-16 ) ) ;
#2621 = VECTOR ( 'NONE', #3846, 1000.000000000000000 ) ;
#2622 = DIRECTION ( 'NONE',  ( 1.000000000000000000, 0.000000000000000000, -1.344746880602176952E-16 ) ) ;
#2623 = ORIENTED_EDGE ( 'NONE', *, *, #4073, .T. ) ;
#2624 = ORIENTED_EDGE ( 'NONE', *, *, #979, .T. ) ;
#2625 = CARTESIAN_POINT ( 'NONE',  ( -3.825000000000022826, 1.949999999999999512, -4.049999999999998046 ) ) ;
#2626 = EDGE_CURVE ( 'NONE', #668, #4069, #3483, .T. ) ;
#2627 = ORIENTED_EDGE ( 'NONE', *, *, #5629, .T. ) ;
#2628 = ADVANCED_FACE ( 'NONE', ( #3513 ), #865, .F. ) ;
#2629 = CIRCLE ( 'NONE', #4867, 0.1599999999999995592 ) ;
#2630 = EDGE_CURVE ( 'NONE', #1546, #1028, #317, .T. ) ;
#2631 = CARTESIAN_POINT ( 'NONE',  ( -4.850000000000020961, 0.7400002466120764177, -3.350000095150233559 ) ) ;
#2632 = VECTOR ( 'NONE', #2561, 1000.000000000000000 ) ;
#2633 = AXIS2_PLACEMENT_3D ( 'NONE', #1788, #3636, #3583 ) ;
#2634 = ORIENTED_EDGE ( 'NONE', *, *, #2512, .T. ) ;
#2635 = DIRECTION ( 'NONE',  ( 1.000000000000000000, 3.423796334164928027E-16, -5.528289814231654152E-14 ) ) ;
#2636 = DIRECTION ( 'NONE',  ( -1.381324727921684874E-15, -1.000000000000000000, 1.602373713730180230E-30 ) ) ;
#2637 = ORIENTED_EDGE ( 'NONE', *, *, #1051, .F. ) ;
#2638 = EDGE_CURVE ( 'NONE', #149, #643, #5633, .T. ) ;
#2639 = CIRCLE ( 'NONE', #5530, 0.2000000000000334843 ) ;
#2640 = EDGE_CURVE ( 'NONE', #1867, #2072, #2977, .T. ) ;
#2641 = CARTESIAN_POINT ( 'NONE',  ( 3.825000000000050804, 2.100000000000000977, -3.889999999999997460 ) ) ;
#2642 = DIRECTION ( 'NONE',  ( 0.000000000000000000, -1.000000000000000000, -0.000000000000000000 ) ) ;
#2643 = ORIENTED_EDGE ( 'NONE', *, *, #3990, .F. ) ;
#2644 = VECTOR ( 'NONE', #1265, 1000.000000000000000 ) ;
#2645 = DIRECTION ( 'NONE',  ( 1.000000000000000000, 0.000000000000000000, 0.000000000000000000 ) ) ;
#2646 = ORIENTED_EDGE ( 'NONE', *, *, #3853, .T. ) ;
#2647 = DIRECTION ( 'NONE',  ( -1.000000000000000000, 0.000000000000000000, 0.000000000000000000 ) ) ;
#2648 = AXIS2_PLACEMENT_3D ( 'NONE', #4668, #2448, #3064 ) ;
#2649 = VECTOR ( 'NONE', #3148, 1000.000000000000000 ) ;
#2650 = DIRECTION ( 'NONE',  ( -1.104359264397053467E-13, 0.000000000000000000, -1.000000000000000000 ) ) ;
#2651 = LINE ( 'NONE', #856, #139 ) ;
#2652 = PLANE ( 'NONE',  #5029 ) ;
#2653 = EDGE_LOOP ( 'NONE', ( #154, #5484, #3309, #715 ) ) ;
#2654 = CARTESIAN_POINT ( 'NONE',  ( 0.1282860000003660517, 0.7400003959984737811, -4.599999999999992539 ) ) ;
#2655 = CARTESIAN_POINT ( 'NONE',  ( 4.849999999999965894, 1.940000000000000391, -3.550000095150274149 ) ) ;
#2656 = CARTESIAN_POINT ( 'NONE',  ( 0.3750000000000143219, 1.939999999999999059, 4.600000000000019185 ) ) ;
#2657 = CYLINDRICAL_SURFACE ( 'NONE', #2798, 0.2000000000000332623 ) ;
#2658 = EDGE_LOOP ( 'NONE', ( #1041, #241, #4393, #3597 ) ) ;
#2659 = ORIENTED_EDGE ( 'NONE', *, *, #5309, .T. ) ;
#2660 = CARTESIAN_POINT ( 'NONE',  ( 1.924999999999954525, 1.950000000000000400, 3.749999999999975575 ) ) ;
#2661 = DIRECTION ( 'NONE',  ( -1.000000000000000000, -0.000000000000000000, 1.344746880602176705E-16 ) ) ;
#2662 = ORIENTED_EDGE ( 'NONE', *, *, #1924, .F. ) ;
#2663 = EDGE_CURVE ( 'NONE', #1604, #1941, #4812, .T. ) ;
#2664 = AXIS2_PLACEMENT_3D ( 'NONE', #4869, #1373, #1720 ) ;
#2665 = EDGE_LOOP ( 'NONE', ( #1843, #5286, #5142, #2088 ) ) ;
#2666 = DIRECTION ( 'NONE',  ( 0.000000000000000000, 1.000000000000000000, 0.000000000000000000 ) ) ;
#2667 = CARTESIAN_POINT ( 'NONE',  ( 3.825000000000003730, 1.940000000000000391, -3.889999999999997460 ) ) ;
#2668 = CIRCLE ( 'NONE', #3711, 0.1999999999999779732 ) ;
#2669 = ORIENTED_EDGE ( 'NONE', *, *, #4414, .F. ) ;
#2670 = CARTESIAN_POINT ( 'NONE',  ( 0.2999999999999999334, 0.2999999999999999889, 0.1500000000000000777 ) ) ;
#2671 = ORIENTED_EDGE ( 'NONE', *, *, #2247, .F. ) ;
#2672 = VECTOR ( 'NONE', #5321, 1000.000000000000000 ) ;
#2673 = DIRECTION ( 'NONE',  ( -1.000000000000000000, 0.000000000000000000, 0.000000000000000000 ) ) ;
#2674 = EDGE_CURVE ( 'NONE', #914, #829, #370, .T. ) ;
#2675 = EDGE_CURVE ( 'NONE', #1407, #3456, #1723, .T. ) ;
#2676 = VERTEX_POINT ( 'NONE', #3914 ) ;
#2677 = DIRECTION ( 'NONE',  ( -0.000000000000000000, 0.000000000000000000, -1.000000000000000000 ) ) ;
#2678 = AXIS2_PLACEMENT_3D ( 'NONE', #4595, #1474, #4134 ) ;
#2679 = DIRECTION ( 'NONE',  ( 0.000000000000000000, -1.000000000000000000, 0.000000000000000000 ) ) ;
#2680 = SURFACE_SIDE_STYLE ('',( #2611 ) ) ;
#2681 = CARTESIAN_POINT ( 'NONE',  ( -3.825000000000023714, 0.5899999999999994138, -4.059999999999997833 ) ) ;
#2682 = AXIS2_PLACEMENT_3D ( 'NONE', #3844, #378, #4851 ) ;
#2683 = EDGE_CURVE ( 'NONE', #4008, #2043, #5659, .T. ) ;
#2684 = ORIENTED_EDGE ( 'NONE', *, *, #4841, .F. ) ;
#2685 = LINE ( 'NONE', #3541, #5552 ) ;
#2686 = CARTESIAN_POINT ( 'NONE',  ( 4.849999999999965894, 1.982005554108112522, -3.550055852883517549 ) ) ;
#2687 = FACE_OUTER_BOUND ( 'NONE', #1648, .T. ) ;
#2688 = CARTESIAN_POINT ( 'NONE',  ( -0.2999999999999999334, 0.000000000000000000, 0.1499999999999999944 ) ) ;
#2689 =( GEOMETRIC_REPRESENTATION_CONTEXT ( 3 ) GLOBAL_UNCERTAINTY_ASSIGNED_CONTEXT ( ( #4578 ) ) GLOBAL_UNIT_ASSIGNED_CONTEXT ( ( #4130, #2339, #3286 ) ) REPRESENTATION_CONTEXT ( 'NONE', 'WORKASPACE' ) );
#2690 = VERTEX_POINT ( 'NONE', #1663 ) ;
#2691 = ORIENTED_EDGE ( 'NONE', *, *, #3899, .F. ) ;
#2692 = DIRECTION ( 'NONE',  ( 0.000000000000000000, 0.000000000000000000, 1.000000000000000000 ) ) ;
#2693 = CARTESIAN_POINT ( 'NONE',  ( 1.724999999999976552, 2.100000000000000089, 3.889999999999997460 ) ) ;
#2694 = ORIENTED_EDGE ( 'NONE', *, *, #665, .F. ) ;
#2695 = ORIENTED_EDGE ( 'NONE', *, *, #3692, .T. ) ;
#2696 = CARTESIAN_POINT ( 'NONE',  ( 6.321325430828311587E-16, 0.000000000000000000, -3.899999999999996803 ) ) ;
#2697 = DIRECTION ( 'NONE',  ( -8.972707634363096035E-16, -3.574525976782709743E-31, -1.000000000000000000 ) ) ;
#2698 = ORIENTED_EDGE ( 'NONE', *, *, #1902, .F. ) ;
#2699 = ORIENTED_EDGE ( 'NONE', *, *, #2341, .F. ) ;
#2700 = PLANE ( 'NONE',  #1558 ) ;
#2701 = ORIENTED_EDGE ( 'NONE', *, *, #1059, .T. ) ;
#2702 = PLANE ( 'NONE',  #30 ) ;
#2703 = CLOSED_SHELL ( 'NONE', ( #482, #5053, #264, #5024, #2283, #2411 ) ) ;
#2704 = PRESENTATION_LAYER_ASSIGNMENT (  '', '', ( #2983 ) ) ;
#2705 = FACE_OUTER_BOUND ( 'NONE', #392, .T. ) ;
#2706 = SURFACE_STYLE_USAGE ( .BOTH. , #2680 ) ;
#2707 = EDGE_CURVE ( 'NONE', #3540, #2734, #3426, .T. ) ;
#2708 = CARTESIAN_POINT ( 'NONE',  ( 0.1499999999999999667, 0.2999999999999999889, -0.2999999999999999334 ) ) ;
#2709 = EDGE_CURVE ( 'NONE', #3782, #3168, #2833, .T. ) ;
#2710 = AXIS2_PLACEMENT_3D ( 'NONE', #901, #1789, #4096 ) ;
#2711 = VECTOR ( 'NONE', #4109, 1000.000000000000000 ) ;
#2712 = FACE_OUTER_BOUND ( 'NONE', #3404, .T. ) ;
#2713 = LINE ( 'NONE', #3546, #1503 ) ;
#2714 = EDGE_CURVE ( 'NONE', #1416, #3333, #2834, .T. ) ;
#2715 = ORIENTED_EDGE ( 'NONE', *, *, #4110, .F. ) ;
#2716 = EDGE_CURVE ( 'NONE', #2506, #2904, #2161, .T. ) ;
#2717 = CARTESIAN_POINT ( 'NONE',  ( -1.624999873552803287, 0.5399999672585112931, -4.599999999999992539 ) ) ;
#2718 = ADVANCED_FACE ( 'NONE', ( #751 ), #4294, .F. ) ;
#2719 = VERTEX_POINT ( 'NONE', #1634 ) ;
#2720 = VERTEX_POINT ( 'NONE', #5190 ) ;
#2721 = CARTESIAN_POINT ( 'NONE',  ( -4.850000000000020961, 1.981887902047864136, -3.550055696713386055 ) ) ;
#2722 = DIRECTION ( 'NONE',  ( 0.000000000000000000, 0.000000000000000000, -1.000000000000000000 ) ) ;
#2723 =( NAMED_UNIT ( * ) SI_UNIT ( $, .STERADIAN. ) SOLID_ANGLE_UNIT ( ) );
#2724 = VECTOR ( 'NONE', #1360, 1000.000000000000000 ) ;
#2725 = EDGE_LOOP ( 'NONE', ( #237, #810, #2404, #2002 ) ) ;
#2726 = ORIENTED_EDGE ( 'NONE', *, *, #3136, .T. ) ;
#2727 = LINE ( 'NONE', #556, #4400 ) ;
#2728 = VECTOR ( 'NONE', #3537, 1000.000000000000000 ) ;
#2729 = DIRECTION ( 'NONE',  ( -1.000000000000000000, -2.990902544787698678E-16, -0.000000000000000000 ) ) ;
#2730 = ORIENTED_EDGE ( 'NONE', *, *, #1244, .T. ) ;
#2731 = ORIENTED_EDGE ( 'NONE', *, *, #5261, .F. ) ;
#2732 = CARTESIAN_POINT ( 'NONE',  ( 4.549999999999998934, 1.939999999999999947, -4.049999999999998046 ) ) ;
#2733 = VECTOR ( 'NONE', #834, 1000.000000000000000 ) ;
#2734 = VERTEX_POINT ( 'NONE', #1203 ) ;
#2735 = CARTESIAN_POINT ( 'NONE',  ( -4.549999999999998934, 1.940000000000000391, 4.440000000000019931 ) ) ;
#2736 = PLANE ( 'NONE',  #1714 ) ;
#2737 =( NAMED_UNIT ( * ) PLANE_ANGLE_UNIT ( ) SI_UNIT ( $, .RADIAN. ) );
#2738 = DIRECTION ( 'NONE',  ( 0.000000000000000000, -0.000000000000000000, 1.000000000000000000 ) ) ;
#2739 = VECTOR ( 'NONE', #1625, 1000.000000000000000 ) ;
#2740 = EDGE_CURVE ( 'NONE', #4405, #1163, #4757, .T. ) ;
#2741 = ADVANCED_FACE ( 'NONE', ( #3011 ), #346, .F. ) ;
#2742 = PLANE ( 'NONE',  #5056 ) ;
#2743 = DIRECTION ( 'NONE',  ( 3.423796334164928027E-16, -1.000000000000000000, 7.395570986446986770E-32 ) ) ;
#2744 = DIRECTION ( 'NONE',  ( 0.000000000000000000, 0.000000000000000000, 1.000000000000000000 ) ) ;
#2745 = VERTEX_POINT ( 'NONE', #952 ) ;
#2746 = EDGE_CURVE ( 'NONE', #3982, #4533, #1782, .T. ) ;
#2747 = ORIENTED_EDGE ( 'NONE', *, *, #5094, .T. ) ;
#2748 = EDGE_CURVE ( 'NONE', #3456, #784, #2193, .T. ) ;
#2749 = DIRECTION ( 'NONE',  ( 1.000000000000000000, 0.000000000000000000, 0.000000000000000000 ) ) ;
#2750 = DIRECTION ( 'NONE',  ( 0.000000000000000000, 0.000000000000000000, 1.000000000000000000 ) ) ;
#2751 = ORIENTED_EDGE ( 'NONE', *, *, #4841, .T. ) ;
#2752 = DIRECTION ( 'NONE',  ( 1.000000000000000000, -0.000000000000000000, 0.000000000000000000 ) ) ;
#2753 = ORIENTED_EDGE ( 'NONE', *, *, #3507, .T. ) ;
#2754 = ORIENTED_EDGE ( 'NONE', *, *, #490, .T. ) ;
#2755 = CARTESIAN_POINT ( 'NONE',  ( -3.825000000000022826, 0.5999999999999998668, -4.059999999999997833 ) ) ;
#2756 = LINE ( 'NONE', #5383, #5090 ) ;
#2757 = ORIENTED_EDGE ( 'NONE', *, *, #3823, .T. ) ;
#2758 = ORIENTED_EDGE ( 'NONE', *, *, #171, .T. ) ;
#2759 = DIRECTION ( 'NONE',  ( 0.000000000000000000, 0.000000000000000000, 1.000000000000000000 ) ) ;
#2760 = ORIENTED_EDGE ( 'NONE', *, *, #4326, .F. ) ;
#2761 = CARTESIAN_POINT ( 'NONE',  ( -4.850000000000020961, -23.88321892447783412, 4.300000000000025580 ) ) ;
#2762 = VECTOR ( 'NONE', #206, 1000.000000000000000 ) ;
#2763 = CARTESIAN_POINT ( 'NONE',  ( 0.1499999999999999667, 0.2999999999999999889, -0.2999999999999999334 ) ) ;
#2764 = DIRECTION ( 'NONE',  ( -1.000000000000000000, 0.000000000000000000, 0.000000000000000000 ) ) ;
#2765 = DIRECTION ( 'NONE',  ( -1.000000000000000000, -0.000000000000000000, 1.355252715606881036E-16 ) ) ;
#2766 = PRODUCT_DEFINITION_CONTEXT ( 'detailed design', #3449, 'design' ) ;
#2767 = AXIS2_PLACEMENT_3D ( 'NONE', #5642, #2116, #3901 ) ;
#2768 = DIRECTION ( 'NONE',  ( -1.000000000000000000, 0.000000000000000000, -0.000000000000000000 ) ) ;
#2769 = CARTESIAN_POINT ( 'NONE',  ( -4.699999999999998401, -23.88321892447783412, -3.699999999999997513 ) ) ;
#2770 = VECTOR ( 'NONE', #770, 1000.000000000000000 ) ;
#2771 = CARTESIAN_POINT ( 'NONE',  ( -4.024999999999999467, 2.248009955724755926, -4.599999999999992539 ) ) ;
#2772 = EDGE_CURVE ( 'NONE', #439, #4305, #3578, .T. ) ;
#2773 = VERTEX_POINT ( 'NONE', #4442 ) ;
#2774 = VERTEX_POINT ( 'NONE', #5340 ) ;
#2775 = DIRECTION ( 'NONE',  ( 9.251858538542279918E-14, 0.000000000000000000, 1.000000000000000000 ) ) ;
#2776 = CARTESIAN_POINT ( 'NONE',  ( -4.700000000000019718, 0.4700006265358621649, 2.225000176018558484 ) ) ;
#2777 = ORIENTED_EDGE ( 'NONE', *, *, #3736, .T. ) ;
#2778 = LINE ( 'NONE', #2310, #332 ) ;
#2779 = CARTESIAN_POINT ( 'NONE',  ( 11.27290200957160238, 0.5400005333465142110, 1.846714904849782624 ) ) ;
#2780 = EDGE_CURVE ( 'NONE', #2451, #4934, #759, .T. ) ;
#2781 = STYLED_ITEM ( 'NONE', ( #613 ), #277 ) ;
#2782 = ADVANCED_FACE ( 'NONE', ( #5306 ), #3973, .F. ) ;
#2783 =( NAMED_UNIT ( * ) PLANE_ANGLE_UNIT ( ) SI_UNIT ( $, .RADIAN. ) );
#2784 = VERTEX_POINT ( 'NONE', #5399 ) ;
#2785 = ORIENTED_EDGE ( 'NONE', *, *, #2857, .T. ) ;
#2786 = DIRECTION ( 'NONE',  ( 2.990902544787698678E-16, 8.628166150854817716E-32, -1.000000000000000000 ) ) ;
#2787 = DIRECTION ( 'NONE',  ( 0.000000000000000000, 1.000000000000000000, 0.000000000000000000 ) ) ;
#2788 = EDGE_LOOP ( 'NONE', ( #2694, #2917, #118, #5202, #4868, #5702, #4843, #2264, #2174, #1600, #113, #3088, #3952, #4658, #2366, #463, #3644, #145, #3963, #4054 ) ) ;
#2789 = ORIENTED_EDGE ( 'NONE', *, *, #2488, .T. ) ;
#2790 = EDGE_CURVE ( 'NONE', #2049, #4379, #2978, .T. ) ;
#2791 = CARTESIAN_POINT ( 'NONE',  ( -4.549999999999998934, -23.88321892447783412, 4.440000000000019931 ) ) ;
#2792 = ORIENTED_EDGE ( 'NONE', *, *, #3000, .F. ) ;
#2793 = CYLINDRICAL_SURFACE ( 'NONE', #3566, 0.01000000000000045991 ) ;
#2794 = CARTESIAN_POINT ( 'NONE',  ( 0.7750000000000256684, 1.949999999999999512, 4.049999999999998046 ) ) ;
#2795 = FACE_OUTER_BOUND ( 'NONE', #374, .T. ) ;
#2796 = DIRECTION ( 'NONE',  ( -1.000000000000000000, 0.000000000000000000, 0.000000000000000000 ) ) ;
#2797 = EDGE_CURVE ( 'NONE', #3168, #1968, #1007, .T. ) ;
#2798 = AXIS2_PLACEMENT_3D ( 'NONE', #5747, #1432, #4901 ) ;
#2799 = CARTESIAN_POINT ( 'NONE',  ( -11.27290224021418652, 0.7399996200763460097, -3.350000095150289958 ) ) ;
#2800 = DIRECTION ( 'NONE',  ( 0.000000000000000000, 0.000000000000000000, 1.000000000000000000 ) ) ;
#2801 = CARTESIAN_POINT ( 'NONE',  ( -4.690000000000020819, 1.950000000000000400, -3.550333704529024637 ) ) ;
#2802 = VECTOR ( 'NONE', #4748, 1000.000000000000000 ) ;
#2803 = AXIS2_PLACEMENT_3D ( 'NONE', #2497, #3909, #5241 ) ;
#2804 = ORIENTED_EDGE ( 'NONE', *, *, #5491, .T. ) ;
#2805 = AXIS2_PLACEMENT_3D ( 'NONE', #3482, #1662, #4810 ) ;
#2806 = EDGE_LOOP ( 'NONE', ( #3261, #3322, #1807, #2479, #2891, #5442 ) ) ;
#2807 = DIRECTION ( 'NONE',  ( -1.000000000000000000, 0.000000000000000000, -0.000000000000000000 ) ) ;
#2808 = DIRECTION ( 'NONE',  ( 0.000000000000000000, -0.000000000000000000, 1.000000000000000000 ) ) ;
#2809 = ORIENTED_EDGE ( 'NONE', *, *, #5534, .T. ) ;
#2810 = DIRECTION ( 'NONE',  ( 1.141265444721642676E-16, -1.000000000000000000, 0.000000000000000000 ) ) ;
#2811 = LINE ( 'NONE', #4588, #5695 ) ;
#2812 = CIRCLE ( 'NONE', #1144, 0.01000000000000002623 ) ;
#2813 = VECTOR ( 'NONE', #812, 1000.000000000000000 ) ;
#2814 = ORIENTED_EDGE ( 'NONE', *, *, #2583, .T. ) ;
#2815 = VERTEX_POINT ( 'NONE', #2224 ) ;
#2816 = CARTESIAN_POINT ( 'NONE',  ( 3.825000000000022826, 1.939999999999999947, -4.049999999999998046 ) ) ;
#2817 = EDGE_CURVE ( 'NONE', #4132, #5317, #3661, .T. ) ;
#2818 = FACE_OUTER_BOUND ( 'NONE', #4929, .T. ) ;
#2819 = AXIS2_PLACEMENT_3D ( 'NONE', #4348, #368, #2501 ) ;
#2820 = ORIENTED_EDGE ( 'NONE', *, *, #2358, .T. ) ;
#2821 = EDGE_LOOP ( 'NONE', ( #966, #3595, #4596, #293 ) ) ;
#2822 = DIRECTION ( 'NONE',  ( 3.265361837132747164E-14, 0.000000000000000000, 1.000000000000000000 ) ) ;
#2823 = EDGE_LOOP ( 'NONE', ( #4449, #4979, #2758, #4026 ) ) ;
#2824 = LINE ( 'NONE', #1480, #976 ) ;
#2825 = ADVANCED_FACE ( 'NONE', ( #4006 ), #3124, .T. ) ;
#2826 = ADVANCED_FACE ( 'NONE', ( #80 ), #430, .T. ) ;
#2827 = ADVANCED_FACE ( 'NONE', ( #1403 ), #2657, .T. ) ;
#2828 = CARTESIAN_POINT ( 'NONE',  ( 4.699999999999964650, 0.5400000604896285639, 1.128286000000175537 ) ) ;
#2829 = VECTOR ( 'NONE', #3345, 1000.000000000000000 ) ;
#2830 = CARTESIAN_POINT ( 'NONE',  ( 0.1499999999999999667, 0.000000000000000000, -0.2999999999999999334 ) ) ;
#2831 = FILL_AREA_STYLE_COLOUR ( '', #410 ) ;
#2832 = AXIS2_PLACEMENT_3D ( 'NONE', #3699, #2337, #5259 ) ;
#2833 = CIRCLE ( 'NONE', #5054, 0.2000000000000057288 ) ;
#2834 = CIRCLE ( 'NONE', #148, 0.1599999999999995592 ) ;
#2835 = FACE_OUTER_BOUND ( 'NONE', #2665, .T. ) ;
#2836 = CARTESIAN_POINT ( 'NONE',  ( 3.825000000000022826, 1.950000000000000400, -3.889999999999997460 ) ) ;
#2837 = CARTESIAN_POINT ( 'NONE',  ( 3.825000000000022826, 2.100000000000000089, -4.049999999999998046 ) ) ;
#2838 = ORIENTED_EDGE ( 'NONE', *, *, #989, .F. ) ;
#2839 = ORIENTED_EDGE ( 'NONE', *, *, #1537, .F. ) ;
#2840 = CARTESIAN_POINT ( 'NONE',  ( 4.849999999999965894, 0.7399996200763460097, -3.350000095150289958 ) ) ;
#2841 = AXIS2_PLACEMENT_3D ( 'NONE', #2370, #5107, #2424 ) ;
#2842 = DIRECTION ( 'NONE',  ( -0.000000000000000000, -0.000000000000000000, -1.000000000000000000 ) ) ;
#2843 = VERTEX_POINT ( 'NONE', #927 ) ;
#2844 = CARTESIAN_POINT ( 'NONE',  ( 0.3749999999999864553, 1.950000000000000400, 3.749999999999975575 ) ) ;
#2845 = CIRCLE ( 'NONE', #5249, 0.009999999999999592548 ) ;
#2846 = ORIENTED_EDGE ( 'NONE', *, *, #4110, .T. ) ;
#2847 = ORIENTED_EDGE ( 'NONE', *, *, #2865, .T. ) ;
#2848 = CARTESIAN_POINT ( 'NONE',  ( -13.79234783244954521, 0.5999999999999998668, 4.059999999999997833 ) ) ;
#2849 = VERTEX_POINT ( 'NONE', #4473 ) ;
#2850 = ORIENTED_EDGE ( 'NONE', *, *, #271, .F. ) ;
#2851 = CARTESIAN_POINT ( 'NONE',  ( 4.689999999999964864, 1.950000000000000400, -3.550333704529055723 ) ) ;
#2852 = ADVANCED_FACE ( 'NONE', ( #3184 ), #4978, .F. ) ;
#2853 = DIRECTION ( 'NONE',  ( -1.000000000000000000, 0.000000000000000000, 0.000000000000000000 ) ) ;
#2854 = FACE_OUTER_BOUND ( 'NONE', #1637, .T. ) ;
#2855 = DIRECTION ( 'NONE',  ( -2.282530889443284858E-16, 4.930380657631323784E-32, 1.000000000000000000 ) ) ;
#2856 =( NAMED_UNIT ( * ) PLANE_ANGLE_UNIT ( ) SI_UNIT ( $, .RADIAN. ) );
#2857 = EDGE_CURVE ( 'NONE', #5435, #3456, #4037, .T. ) ;
#2858 = EDGE_CURVE ( 'NONE', #4345, #5435, #489, .T. ) ;
#2859 = AXIS2_PLACEMENT_3D ( 'NONE', #5630, #341, #5245 ) ;
#2860 = DIRECTION ( 'NONE',  ( 1.000000000000000000, 0.000000000000000000, 0.000000000000000000 ) ) ;
#2861 = DIRECTION ( 'NONE',  ( 1.000000000000000000, 2.990902544787698678E-16, 0.000000000000000000 ) ) ;
#2862 = ORIENTED_EDGE ( 'NONE', *, *, #2740, .T. ) ;
#2863 = FACE_OUTER_BOUND ( 'NONE', #3693, .T. ) ;
#2864 = CIRCLE ( 'NONE', #455, 0.1999999999999779732 ) ;
#2865 = EDGE_CURVE ( 'NONE', #4705, #2815, #1377, .T. ) ;
#2866 = ORIENTED_EDGE ( 'NONE', *, *, #736, .T. ) ;
#2867 = VERTEX_POINT ( 'NONE', #2276 ) ;
#2868 = FACE_OUTER_BOUND ( 'NONE', #4824, .T. ) ;
#2869 = VECTOR ( 'NONE', #1652, 1000.000000000000000 ) ;
#2870 = LINE ( 'NONE', #4187, #5682 ) ;
#2871 = VERTEX_POINT ( 'NONE', #4066 ) ;
#2872 = DIRECTION ( 'NONE',  ( 0.000000000000000000, 0.000000000000000000, -1.000000000000000000 ) ) ;
#2873 = VECTOR ( 'NONE', #622, 1000.000000000000000 ) ;
#2874 = ORIENTED_EDGE ( 'NONE', *, *, #1669, .T. ) ;
#2875 = EDGE_LOOP ( 'NONE', ( #756, #1262, #4478, #2456 ) ) ;
#2876 = CARTESIAN_POINT ( 'NONE',  ( -6.449999999999997513, 0.3400000000000000244, -4.799999999999998934 ) ) ;
#2877 = ORIENTED_EDGE ( 'NONE', *, *, #4703, .F. ) ;
#2878 = EDGE_LOOP ( 'NONE', ( #2374, #4221, #2109, #261 ) ) ;
#2879 = DIRECTION ( 'NONE',  ( 1.000000000000000000, 0.000000000000000000, 0.000000000000000000 ) ) ;
#2880 = CYLINDRICAL_SURFACE ( 'NONE', #982, 0.009999999999999809389 ) ;
#2881 = PRESENTATION_STYLE_ASSIGNMENT (( #194 ) ) ;
#2882 = CYLINDRICAL_SURFACE ( 'NONE', #1534, 0.2000000000000057288 ) ;
#2883 =( LENGTH_UNIT ( ) NAMED_UNIT ( * ) SI_UNIT ( .MILLI., .METRE. ) );
#2884 = VECTOR ( 'NONE', #2566, 1000.000000000000000 ) ;
#2885 = EDGE_CURVE ( 'NONE', #2481, #1352, #1065, .T. ) ;
#2886 = DIRECTION ( 'NONE',  ( 0.000000000000000000, 0.000000000000000000, 1.000000000000000000 ) ) ;
#2887 = LINE ( 'NONE', #3688, #5128 ) ;
#2888 = EDGE_LOOP ( 'NONE', ( #4453, #4882, #530, #5318, #1439, #1854, #3806, #1931, #127, #305, #4264, #5432, #1581, #1881, #5260, #4239, #5592, #290, #1629, #4706, #1792, #4909, #2145, #3373, #1958, #2428, #5073, #2979, #4541, #3192 ) ) ;
#2889 = DIRECTION ( 'NONE',  ( -1.000000000000000000, 0.000000000000000000, -0.000000000000000000 ) ) ;
#2890 = EDGE_LOOP ( 'NONE', ( #543, #174, #2418, #144 ) ) ;
#2891 = ORIENTED_EDGE ( 'NONE', *, *, #2797, .F. ) ;
#2892 = FACE_OUTER_BOUND ( 'NONE', #970, .T. ) ;
#2893 = CLOSED_SHELL ( 'NONE', ( #213, #2198, #599, #5733, #2782, #4424, #5164, #3244, #2184, #3882, #3079, #2248, #3405, #3579 ) ) ;
#2894 = ADVANCED_FACE ( 'NONE', ( #2863 ), #3242, .F. ) ;
#2895 = DIRECTION ( 'NONE',  ( 1.112479553105855334E-13, 0.000000000000000000, 1.000000000000000000 ) ) ;
#2896 = DIRECTION ( 'NONE',  ( 0.000000000000000000, 0.000000000000000000, 1.000000000000000000 ) ) ;
#2897 = SURFACE_SIDE_STYLE ('',( #4589 ) ) ;
#2898 = VECTOR ( 'NONE', #2842, 1000.000000000000000 ) ;
#2899 = VECTOR ( 'NONE', #3571, 1000.000000000000000 ) ;
#2900 = MANIFOLD_SOLID_BREP ( 'ﾌｫｰﾙﾄﾞ1', #2980 ) ;
#2901 = EDGE_LOOP ( 'NONE', ( #4554, #3264, #3058, #1699 ) ) ;
#2902 = ORIENTED_EDGE ( 'NONE', *, *, #697, .F. ) ;
#2903 = CARTESIAN_POINT ( 'NONE',  ( -3.225000000000023626, 0.9400000703117034062, -4.599999999999992539 ) ) ;
#2904 = VERTEX_POINT ( 'NONE', #3752 ) ;
#2905 = VERTEX_POINT ( 'NONE', #1125 ) ;
#2906 = LINE ( 'NONE', #294, #2025 ) ;
#2907 = DIRECTION ( 'NONE',  ( 0.000000000000000000, 0.000000000000000000, 1.000000000000000000 ) ) ;
#2908 = LINE ( 'NONE', #1058, #5470 ) ;
#2909 = CARTESIAN_POINT ( 'NONE',  ( -0.1499999999999999667, 0.2999999999999999889, -0.2999999999999999334 ) ) ;
#2910 = LINE ( 'NONE', #5673, #143 ) ;
#2911 = CYLINDRICAL_SURFACE ( 'NONE', #5060, 0.1600000000000004197 ) ;
#2912 = FACE_OUTER_BOUND ( 'NONE', #178, .T. ) ;
#2913 = ORIENTED_EDGE ( 'NONE', *, *, #907, .T. ) ;
#2914 = DIRECTION ( 'NONE',  ( 0.000000000000000000, 1.000000000000000000, 0.000000000000000000 ) ) ;
#2915 = EDGE_CURVE ( 'NONE', #3623, #3226, #1456, .T. ) ;
#2916 = AXIS2_PLACEMENT_3D ( 'NONE', #3835, #4728, #832 ) ;
#2917 = ORIENTED_EDGE ( 'NONE', *, *, #4991, .F. ) ;
#2918 = ORIENTED_EDGE ( 'NONE', *, *, #4072, .T. ) ;
#2919 = VECTOR ( 'NONE', #2886, 1000.000000000000000 ) ;
#2920 = PLANE ( 'NONE',  #3235 ) ;
#2921 = DIRECTION ( 'NONE',  ( -1.000000000000000000, 0.000000000000000000, -0.000000000000000000 ) ) ;
#2922 = DIRECTION ( 'NONE',  ( -2.282530889443285351E-16, -1.000000000000000000, 0.000000000000000000 ) ) ;
#2923 = VECTOR ( 'NONE', #5290, 1000.000000000000000 ) ;
#2924 = CARTESIAN_POINT ( 'NONE',  ( 4.698922269036063248, 1.945219866587633017, -3.550111298276532157 ) ) ;
#2925 = SURFACE_STYLE_USAGE ( .BOTH. , #2897 ) ;
#2926 = EDGE_CURVE ( 'NONE', #1308, #997, #1655, .T. ) ;
#2927 = ADVANCED_FACE ( 'NONE', ( #604 ), #2442, .T. ) ;
#2928 = ORIENTED_EDGE ( 'NONE', *, *, #978, .T. ) ;
#2929 = ORIENTED_EDGE ( 'NONE', *, *, #2592, .T. ) ;
#2930 = CARTESIAN_POINT ( 'NONE',  ( -3.307842095149522432, 0.7400001654612742286, 9.561909157685011706 ) ) ;
#2931 = ORIENTED_EDGE ( 'NONE', *, *, #3619, .F. ) ;
#2932 = DIRECTION ( 'NONE',  ( 0.000000000000000000, 0.000000000000000000, 1.000000000000000000 ) ) ;
#2933 = EDGE_CURVE ( 'NONE', #2427, #1308, #771, .T. ) ;
#2934 = AXIS2_PLACEMENT_3D ( 'NONE', #1535, #708, #1138 ) ;
#2935 = LINE ( 'NONE', #1561, #1170 ) ;
#2936 = LINE ( 'NONE', #3925, #273 ) ;
#2937 = CARTESIAN_POINT ( 'NONE',  ( 3.424999999999955858, 1.950000000000000400, -4.599999999999992539 ) ) ;
#2938 = CARTESIAN_POINT ( 'NONE',  ( 1.724999999999990319, 0.5999999999999998668, 4.059999999999997833 ) ) ;
#2939 = PLANE ( 'NONE',  #5151 ) ;
#2940 = DIRECTION ( 'NONE',  ( 6.530723674265279758E-14, 0.000000000000000000, 1.000000000000000000 ) ) ;
#2941 = ORIENTED_EDGE ( 'NONE', *, *, #5093, .F. ) ;
#2942 = CYLINDRICAL_SURFACE ( 'NONE', #126, 0.1600000000000004197 ) ;
#2943 = VECTOR ( 'NONE', #4157, 1000.000000000000000 ) ;
#2944 = EDGE_LOOP ( 'NONE', ( #4486, #1693, #4053, #5550 ) ) ;
#2945 = ORIENTED_EDGE ( 'NONE', *, *, #5071, .T. ) ;
#2946 = CIRCLE ( 'NONE', #3974, 0.01000000000000045991 ) ;
#2947 = DIRECTION ( 'NONE',  ( -2.282530889443285351E-16, 4.930380657631324879E-32, 1.000000000000000000 ) ) ;
#2948 = ADVANCED_FACE ( 'NONE', ( #1570 ), #1149, .F. ) ;
#2949 = PLANE ( 'NONE',  #4687 ) ;
#2950 = DIRECTION ( 'NONE',  ( 1.355252715606881036E-16, -0.000000000000000000, 1.000000000000000000 ) ) ;
#2951 = EDGE_CURVE ( 'NONE', #2335, #5401, #142, .T. ) ;
#2952 = CIRCLE ( 'NONE', #357, 0.2999997026963802660 ) ;
#2953 = DIRECTION ( 'NONE',  ( 0.000000000000000000, 0.000000000000000000, 1.000000000000000000 ) ) ;
#2954 = EDGE_LOOP ( 'NONE', ( #5465, #647, #2280, #183 ) ) ;
#2955 = EDGE_LOOP ( 'NONE', ( #5072, #347, #2163, #265 ) ) ;
#2956 = CARTESIAN_POINT ( 'NONE',  ( -4.700000000000019718, 1.939999999999999947, 4.300000000000010481 ) ) ;
#2957 = DIRECTION ( 'NONE',  ( -1.000000000000000000, 0.000000000000000000, 8.540177112502145062E-14 ) ) ;
#2958 = EDGE_CURVE ( 'NONE', #1692, #3333, #5038, .T. ) ;
#2959 = EDGE_CURVE ( 'NONE', #4069, #1257, #1928, .T. ) ;
#2960 = AXIS2_PLACEMENT_3D ( 'NONE', #4997, #4544, #3142 ) ;
#2961 = CARTESIAN_POINT ( 'NONE',  ( -4.549999999999998934, -23.88321892447783412, 4.300000000000025580 ) ) ;
#2962 = CARTESIAN_POINT ( 'NONE',  ( 0.7750000000000256684, 1.949999999999999512, 4.049999999999998046 ) ) ;
#2963 = EDGE_CURVE ( 'NONE', #718, #4008, #5216, .T. ) ;
#2964 = PLANE ( 'NONE',  #54 ) ;
#2965 = LINE ( 'NONE', #2576, #3944 ) ;
#2966 = CARTESIAN_POINT ( 'NONE',  ( -4.350000000000020961, 0.9400000000000050537, 4.450000000000019718 ) ) ;
#2967 = PRODUCT_DEFINITION_FORMATION_WITH_SPECIFIED_SOURCE ( 'ANY', '', #1965, .NOT_KNOWN. ) ;
#2968 = CARTESIAN_POINT ( 'NONE',  ( -4.850000000000020961, 2.100000000000000089, 4.300000000000025580 ) ) ;
#2969 = CARTESIAN_POINT ( 'NONE',  ( 1.724999999999983880, 2.625497654997603014, 4.059999999999997833 ) ) ;
#2970 = LINE ( 'NONE', #1626, #2802 ) ;
#2971 = FACE_OUTER_BOUND ( 'NONE', #1264, .T. ) ;
#2972 = VERTEX_POINT ( 'NONE', #572 ) ;
#2973 = VERTEX_POINT ( 'NONE', #5070 ) ;
#2974 = DIRECTION ( 'NONE',  ( 1.000000000000000000, 0.000000000000000000, 0.000000000000000000 ) ) ;
#2975 = CARTESIAN_POINT ( 'NONE',  ( 3.825000000000022826, 0.4399999999999985589, -0.8528866118898899007 ) ) ;
#2976 = CARTESIAN_POINT ( 'NONE',  ( 0.5749999999999921840, 2.100000000000000089, 3.749999999999975575 ) ) ;
#2977 = LINE ( 'NONE', #1255, #2632 ) ;
#2978 = CIRCLE ( 'NONE', #1956, 0.009999999999999592548 ) ;
#2979 = ORIENTED_EDGE ( 'NONE', *, *, #5156, .T. ) ;
#2980 = CLOSED_SHELL ( 'NONE', ( #866, #5382, #173, #1306, #5163, #4032, #4574, #3768, #295, #3689, #1019, #3928, #2894, #2240, #5277, #4356, #2826, #4982, #2349, #2493, #4306, #3100, #5269, #1645, #3353, #1892, #4980, #4918, #2036, #1747, #64, #1123, #1819, #4975, #1860, #551, #5422, #4769, #425, #1119, #4495, #510, #3726, #2718, #1565, #3795, #1670, #1628, #4951, #3919, #447, #3824, #4852, #4568, #4344, #4467, #2183, #2256, #3535, #5562, #4886, #2927, #4434, #4655, #3362, #5524, #1151, #2319, #2350, #5308, #1315, #2277, #3435, #2557, #3684, #1392, #1636, #2006, #4662, #5086, #588, #3356, #873, #1745, #4318, #2827, #4735, #3854, #5062, #4746, #4599, #1160, #4834, #1086, #4173, #3640, #2001, #3147, #4628, #3464, #1399, #1073, #1675, #5595, #4377, #2741, #3329, #2825, #3407, #658, #2079, #5170, #2948, #5525, #5312, #1571, #2852, #308, #1595, #4466, #1896, #4567, #2429, #87, #3101, #3299, #4040, #4665, #4000, #629, #3176, #628, #3717, #2165, #1784, #334, #5723, #2100, #1459, #2073, #758, #3551, #2520, #3998, #96, #2527, #666, #1272, #3961, #3067, #119, #1920, #5637, #4807, #1977, #839, #372, #3962, #1813, #3255, #4740, #4458 ) ) ;
#2981 = ORIENTED_EDGE ( 'NONE', *, *, #3466, .F. ) ;
#2982 = CARTESIAN_POINT ( 'NONE',  ( -0.1499999999999999389, 0.2999999999999999889, -0.1500000000000000222 ) ) ;
#2983 = STYLED_ITEM ( 'NONE', ( #2329 ), #2900 ) ;
#2984 = VERTEX_POINT ( 'NONE', #2012 ) ;
#2985 = VECTOR ( 'NONE', #5075, 1000.000000000000000 ) ;
#2986 = VECTOR ( 'NONE', #2612, 1000.000000000000000 ) ;
#2987 = AXIS2_PLACEMENT_3D ( 'NONE', #3856, #3418, #798 ) ;
#2988 =( NAMED_UNIT ( * ) SI_UNIT ( $, .STERADIAN. ) SOLID_ANGLE_UNIT ( ) );
#2989 = EDGE_CURVE ( 'NONE', #4140, #4426, #3803, .T. ) ;
#2990 = PRODUCT_DEFINITION ( 'UNKNOWN', '', #3, #2766 ) ;
#2991 = LINE ( 'NONE', #2487, #2621 ) ;
#2992 = PRODUCT_DEFINITION_SHAPE ( 'NONE', 'NONE',  #5751 ) ;
#2993 = EDGE_LOOP ( 'NONE', ( #1251, #5599, #473, #1108 ) ) ;
#2994 = AXIS2_PLACEMENT_3D ( 'NONE', #2164, #5252, #727 ) ;
#2995 = DIRECTION ( 'NONE',  ( 0.000000000000000000, 0.000000000000000000, 1.000000000000000000 ) ) ;
#2996 = CARTESIAN_POINT ( 'NONE',  ( 0.3750000000000143219, 2.099999999999998757, -5.688170446387289303 ) ) ;
#2997 = LINE ( 'NONE', #764, #2869 ) ;
#2998 = VECTOR ( 'NONE', #4164, 1000.000000000000000 ) ;
#2999 = VECTOR ( 'NONE', #5510, 1000.000000000000000 ) ;
#3000 = EDGE_CURVE ( 'NONE', #3133, #1984, #390, .T. ) ;
#3001 = ADVANCED_FACE ( 'NONE', ( #4341 ), #1601, .F. ) ;
#3002 = CARTESIAN_POINT ( 'NONE',  ( 4.350000000000020961, 0.7399999999999993250, 4.600000000000020961 ) ) ;
#3003 = CARTESIAN_POINT ( 'NONE',  ( -0.2999999999999999334, 0.2999999999999999889, -0.1499999999999999944 ) ) ;
#3004 = CARTESIAN_POINT ( 'NONE',  ( 4.549999999999998934, 0.5899999999999994138, -3.900000000000015454 ) ) ;
#3005 = LINE ( 'NONE', #5594, #1307 ) ;
#3006 = AXIS2_PLACEMENT_3D ( 'NONE', #134, #3206, #4972 ) ;
#3007 = VERTEX_POINT ( 'NONE', #1685 ) ;
#3008 = CARTESIAN_POINT ( 'NONE',  ( 0.1749999999999808931, 0.9400000000000328093, 4.450000000000019718 ) ) ;
#3009 = DIRECTION ( 'NONE',  ( -0.000000000000000000, -1.000000000000000000, -0.000000000000000000 ) ) ;
#3010 = DIRECTION ( 'NONE',  ( 0.000000000000000000, 8.131516293641305343E-15, -1.000000000000000000 ) ) ;
#3011 = FACE_OUTER_BOUND ( 'NONE', #4009, .T. ) ;
#3012 = VECTOR ( 'NONE', #4561, 1000.000000000000000 ) ;
#3013 = ORIENTED_EDGE ( 'NONE', *, *, #5605, .F. ) ;
#3014 = ORIENTED_EDGE ( 'NONE', *, *, #5093, .T. ) ;
#3015 = CARTESIAN_POINT ( 'NONE',  ( 4.549999999999998934, 1.950000000000000400, 4.300000000000025580 ) ) ;
#3016 = VECTOR ( 'NONE', #1621, 1000.000000000000000 ) ;
#3017 = DIRECTION ( 'NONE',  ( 1.000000000000000000, 0.000000000000000000, 0.000000000000000000 ) ) ;
#3018 = AXIS2_PLACEMENT_3D ( 'NONE', #4179, #140, #2327 ) ;
#3019 = CIRCLE ( 'NONE', #4514, 0.1999999999999653999 ) ;
#3020 = CARTESIAN_POINT ( 'NONE',  ( 0.1750000000000362377, 0.7399999999999993250, 4.600000000000020961 ) ) ;
#3021 = CARTESIAN_POINT ( 'NONE',  ( 3.625000000000044853, 1.950000000000000400, -3.749999999999975575 ) ) ;
#3022 = ORIENTED_EDGE ( 'NONE', *, *, #2457, .F. ) ;
#3023 = DIRECTION ( 'NONE',  ( 1.000000000000000000, 2.990902544787698678E-16, 0.000000000000000000 ) ) ;
#3024 = LINE ( 'NONE', #4308, #5145 ) ;
#3025 = EDGE_CURVE ( 'NONE', #4859, #2972, #2526, .T. ) ;
#3026 = DIRECTION ( 'NONE',  ( 0.000000000000000000, 0.000000000000000000, 1.000000000000000000 ) ) ;
#3027 = DIRECTION ( 'NONE',  ( -9.251858538542279918E-14, 0.000000000000000000, -1.000000000000000000 ) ) ;
#3028 = DIRECTION ( 'NONE',  ( 1.000000000000000000, -3.248115483520745422E-15, 4.003611438425874512E-47 ) ) ;
#3029 = CARTESIAN_POINT ( 'NONE',  ( 1.724999999999946798, -23.88321892447783412, 3.889999999999997460 ) ) ;
#3030 = EDGE_CURVE ( 'NONE', #914, #188, #4803, .T. ) ;
#3031 = CARTESIAN_POINT ( 'NONE',  ( -4.850000000000020961, 1.949999999999999512, -3.549999999999997602 ) ) ;
#3032 = EDGE_CURVE ( 'NONE', #1968, #37, #2056, .T. ) ;
#3033 = ORIENTED_EDGE ( 'NONE', *, *, #3219, .T. ) ;
#3034 = FACE_OUTER_BOUND ( 'NONE', #3827, .T. ) ;
#3035 = APPLICATION_CONTEXT ( 'automotive_design' ) ;
#3036 = CARTESIAN_POINT ( 'NONE',  ( -4.549999999999998934, 1.940000000000000169, -3.889999999999997460 ) ) ;
#3037 = CYLINDRICAL_SURFACE ( 'NONE', #3838, 0.2000000000000057288 ) ;
#3038 = CARTESIAN_POINT ( 'NONE',  ( 4.699999999999964650, 0.4699999999999990852, 0.1500001760186156496 ) ) ;
#3039 = EDGE_CURVE ( 'NONE', #4287, #3582, #3446, .T. ) ;
#3040 = ORIENTED_EDGE ( 'NONE', *, *, #3723, .T. ) ;
#3041 = ORIENTED_EDGE ( 'NONE', *, *, #2858, .F. ) ;
#3042 = CARTESIAN_POINT ( 'NONE',  ( -4.690000000000020819, 2.100000000000000089, -3.550333704529037959 ) ) ;
#3043 = CARTESIAN_POINT ( 'NONE',  ( -4.850000000000020961, 1.982005554108112522, -3.550055852883500229 ) ) ;
#3044 = AXIS2_PLACEMENT_3D ( 'NONE', #2572, #1190, #3984 ) ;
#3045 = ORIENTED_EDGE ( 'NONE', *, *, #3395, .T. ) ;
#3046 = DIRECTION ( 'NONE',  ( 0.000000000000000000, 0.000000000000000000, 1.000000000000000000 ) ) ;
#3047 = CARTESIAN_POINT ( 'NONE',  ( -0.1499999999999999667, 0.2999999999999999889, -0.1499999999999999389 ) ) ;
#3048 = ORIENTED_EDGE ( 'NONE', *, *, #2069, .F. ) ;
#3049 = VECTOR ( 'NONE', #5207, 1000.000000000000000 ) ;
#3050 = DIRECTION ( 'NONE',  ( -1.000000000000000000, 0.000000000000000000, 0.000000000000000000 ) ) ;
#3051 = PLANE ( 'NONE',  #787 ) ;
#3052 = ORIENTED_EDGE ( 'NONE', *, *, #769, .T. ) ;
#3053 = CARTESIAN_POINT ( 'NONE',  ( -0.2999999999999999334, 0.2999999999999999889, 0.1499999999999999944 ) ) ;
#3054 = DIRECTION ( 'NONE',  ( 0.000000000000000000, 0.000000000000000000, -1.000000000000000000 ) ) ;
#3055 = CARTESIAN_POINT ( 'NONE',  ( 4.350000000000020961, 0.7400000000000002132, 4.450000000000019718 ) ) ;
#3056 = CARTESIAN_POINT ( 'NONE',  ( -0.1499999999999999667, 0.2999999999999999889, -0.2999999999999999334 ) ) ;
#3057 = EDGE_CURVE ( 'NONE', #5081, #784, #3005, .T. ) ;
#3058 = ORIENTED_EDGE ( 'NONE', *, *, #3243, .F. ) ;
#3059 = PRODUCT_DEFINITION ( 'UNKNOWN', '', #1756, #105 ) ;
#3060 = DIRECTION ( 'NONE',  ( -1.000000000000000000, -0.000000000000000000, -0.000000000000000000 ) ) ;
#3061 = AXIS2_PLACEMENT_3D ( 'NONE', #84, #3948, #2196 ) ;
#3062 = CARTESIAN_POINT ( 'NONE',  ( 4.689999999999964864, 2.100000000000000089, -3.550333704529049061 ) ) ;
#3063 = LINE ( 'NONE', #4324, #595 ) ;
#3064 = DIRECTION ( 'NONE',  ( 1.000000000000000000, 0.000000000000000000, 0.000000000000000000 ) ) ;
#3065 = ORIENTED_EDGE ( 'NONE', *, *, #1669, .F. ) ;
#3066 = EDGE_CURVE ( 'NONE', #5311, #2972, #5314, .T. ) ;
#3067 = ADVANCED_FACE ( 'NONE', ( #282 ), #801, .F. ) ;
#3068 = EDGE_LOOP ( 'NONE', ( #5257, #449, #212, #1875 ) ) ;
#3069 = EDGE_CURVE ( 'NONE', #5355, #3553, #3390, .T. ) ;
#3070 = CARTESIAN_POINT ( 'NONE',  ( -4.773517865402144622, 2.082756304577570994, -3.550222501402773290 ) ) ;
#3071 = LINE ( 'NONE', #5639, #3455 ) ;
#3072 = VERTEX_POINT ( 'NONE', #2554 ) ;
#3073 = CARTESIAN_POINT ( 'NONE',  ( -4.549999999999998934, 0.4399999999999998357, -4.059999999999996945 ) ) ;
#3074 = DIRECTION ( 'NONE',  ( -0.000000000000000000, -1.000000000000000000, -0.000000000000000000 ) ) ;
#3075 = ORIENTED_EDGE ( 'NONE', *, *, #2626, .F. ) ;
#3076 = CARTESIAN_POINT ( 'NONE',  ( -0.06085702079988798002, 0.6050001493494630012, -4.449999999999988631 ) ) ;
#3077 = LINE ( 'NONE', #4858, #4682 ) ;
#3078 = VERTEX_POINT ( 'NONE', #4317 ) ;
#3079 = ADVANCED_FACE ( 'NONE', ( #338 ), #4371, .F. ) ;
#3080 = CARTESIAN_POINT ( 'NONE',  ( 1.625000221597069805, 0.5400001977956978561, -4.449999999999992184 ) ) ;
#3081 = AXIS2_PLACEMENT_3D ( 'NONE', #2582, #4288, #3828 ) ;
#3082 = AXIS2_PLACEMENT_3D ( 'NONE', #3512, #2950, #807 ) ;
#3083 = ORIENTED_EDGE ( 'NONE', *, *, #4600, .T. ) ;
#3084 = CARTESIAN_POINT ( 'NONE',  ( -11.27290224021418652, 1.939999999999999947, 4.300000000000019362 ) ) ;
#3085 = PLANE ( 'NONE',  #5625 ) ;
#3086 = CARTESIAN_POINT ( 'NONE',  ( -0.8499998239810853118, 0.4700001493862810409, 9.561909157685011706 ) ) ;
#3087 = DIRECTION ( 'NONE',  ( 0.000000000000000000, 8.131516293641305343E-15, 1.000000000000000000 ) ) ;
#3088 = ORIENTED_EDGE ( 'NONE', *, *, #3619, .T. ) ;
#3089 = PLANE ( 'NONE',  #2664 ) ;
#3090 = DIRECTION ( 'NONE',  ( 0.000000000000000000, 0.000000000000000000, 1.000000000000000000 ) ) ;
#3091 = LINE ( 'NONE', #5425, #3376 ) ;
#3092 = AXIS2_PLACEMENT_3D ( 'NONE', #995, #2200, #2260 ) ;
#3093 = CARTESIAN_POINT ( 'NONE',  ( -11.27290224021418652, 0.7400002466120834121, 1.128286000000177314 ) ) ;
#3094 = EDGE_CURVE ( 'NONE', #5080, #3072, #1174, .T. ) ;
#3095 = ORIENTED_EDGE ( 'NONE', *, *, #4217, .T. ) ;
#3096 = ORIENTED_EDGE ( 'NONE', *, *, #4710, .T. ) ;
#3097 = CARTESIAN_POINT ( 'NONE',  ( 4.689999999999964864, 1.940000000000000391, 4.300000000000019362 ) ) ;
#3098 = DIRECTION ( 'NONE',  ( 0.000000000000000000, -1.232595164407831220E-32, -1.000000000000000000 ) ) ;
#3099 = AXIS2_PLACEMENT_3D ( 'NONE', #2996, #5645, #3415 ) ;
#3100 = ADVANCED_FACE ( 'NONE', ( #4693 ), #716, .T. ) ;
#3101 = ADVANCED_FACE ( 'NONE', ( #5155 ), #2942, .T. ) ;
#3102 = VERTEX_POINT ( 'NONE', #3857 ) ;
#3103 = B_SPLINE_CURVE_WITH_KNOTS ( 'NONE', 3,
 ( #4220, #1048, #1109, #4646 ),
 .UNSPECIFIED., .F., .F.,
 ( 4, 4 ),
 ( 0.000000000000000000, 1.000000000000000000 ),
 .UNSPECIFIED. ) ;
#3104 = ORIENTED_EDGE ( 'NONE', *, *, #2772, .T. ) ;
#3105 = DIRECTION ( 'NONE',  ( -1.000000000000000000, 0.000000000000000000, 0.000000000000000000 ) ) ;
#3106 = DIRECTION ( 'NONE',  ( 0.000000000000000000, -1.232595164407831220E-32, -1.000000000000000000 ) ) ;
#3107 = VECTOR ( 'NONE', #5478, 1000.000000000000000 ) ;
#3108 = ORIENTED_EDGE ( 'NONE', *, *, #2958, .T. ) ;
#3109 = DIRECTION ( 'NONE',  ( 0.000000000000000000, -1.000000000000000000, 6.123233995736766036E-17 ) ) ;
#3110 = LINE ( 'NONE', #5014, #5237 ) ;
#3111 = VERTEX_POINT ( 'NONE', #5624 ) ;
#3112 = EDGE_CURVE ( 'NONE', #558, #1159, #3419, .T. ) ;
#3113 = CARTESIAN_POINT ( 'NONE',  ( -4.549999999999998934, 1.949999999999999512, 4.600000000000020961 ) ) ;
#3114 = AXIS2_PLACEMENT_3D ( 'NONE', #4801, #5152, #5208 ) ;
#3115 = ORIENTED_EDGE ( 'NONE', *, *, #3891, .F. ) ;
#3116 = LINE ( 'NONE', #4943, #2514 ) ;
#3117 = PLANE ( 'NONE',  #3208 ) ;
#3118 = CARTESIAN_POINT ( 'NONE',  ( 0.7750000000000264455, 1.939999999999999947, 0.6148211616413263858 ) ) ;
#3119 = CARTESIAN_POINT ( 'NONE',  ( -3.425000000000011369, 2.099999999999999645, -4.449999999999992184 ) ) ;
#3120 = ORIENTED_EDGE ( 'NONE', *, *, #1145, .T. ) ;
#3121 = CARTESIAN_POINT ( 'NONE',  ( 4.549999999999998934, 2.100000000000000089, 4.440000000000019931 ) ) ;
#3122 = DIRECTION ( 'NONE',  ( 1.141265444721642676E-16, -1.000000000000000000, 0.000000000000000000 ) ) ;
#3123 = CARTESIAN_POINT ( 'NONE',  ( 0.000000000000000000, 0.2999999999999999889, 0.000000000000000000 ) ) ;
#3124 = PLANE ( 'NONE',  #386 ) ;
#3125 = ORIENTED_EDGE ( 'NONE', *, *, #5423, .F. ) ;
#3126 = ORIENTED_EDGE ( 'NONE', *, *, #3473, .F. ) ;
#3127 = DIRECTION ( 'NONE',  ( 0.000000000000000000, 0.000000000000000000, -1.000000000000000000 ) ) ;
#3128 = ADVANCED_FACE ( 'NONE', ( #2971 ), #4749, .F. ) ;
#3129 = DIRECTION ( 'NONE',  ( 0.000000000000000000, 1.000000000000000000, 0.000000000000000000 ) ) ;
#3130 = FILL_AREA_STYLE ('',( #5750 ) ) ;
#3131 = ORIENTED_EDGE ( 'NONE', *, *, #3433, .F. ) ;
#3132 = CIRCLE ( 'NONE', #2387, 0.1999999999999849121 ) ;
#3133 = VERTEX_POINT ( 'NONE', #1863 ) ;
#3134 = FACE_OUTER_BOUND ( 'NONE', #5635, .T. ) ;
#3135 = EDGE_CURVE ( 'NONE', #3377, #4208, #15, .T. ) ;
#3136 = EDGE_CURVE ( 'NONE', #3232, #1133, #5395, .T. ) ;
#3137 = CARTESIAN_POINT ( 'NONE',  ( -3.825000000000022826, 0.4399999999999998357, -3.899999999999997247 ) ) ;
#3138 = ORIENTED_EDGE ( 'NONE', *, *, #3094, .T. ) ;
#3139 = CARTESIAN_POINT ( 'NONE',  ( -3.366421451386827357, 0.7985788092239373137, 9.561909157685011706 ) ) ;
#3140 = ORIENTED_EDGE ( 'NONE', *, *, #2458, .F. ) ;
#3141 = AXIS2_PLACEMENT_3D ( 'NONE', #2515, #790, #4392 ) ;
#3142 = DIRECTION ( 'NONE',  ( 0.000000000000000000, 0.000000000000000000, 1.000000000000000000 ) ) ;
#3143 = ORIENTED_EDGE ( 'NONE', *, *, #2539, .T. ) ;
#3144 = CARTESIAN_POINT ( 'NONE',  ( -4.690000000000020819, 1.940000000000000391, 20.81784338868889250 ) ) ;
#3145 = EDGE_CURVE ( 'NONE', #3078, #2432, #3559, .T. ) ;
#3146 = AXIS2_PLACEMENT_3D ( 'NONE', #3080, #2759, #2673 ) ;
#3147 = ADVANCED_FACE ( 'NONE', ( #3539 ), #5738, .T. ) ;
#3148 = DIRECTION ( 'NONE',  ( 1.000000000000000000, -1.644996399633234273E-15, -8.972707634363094063E-16 ) ) ;
#3149 = FACE_OUTER_BOUND ( 'NONE', #3641, .T. ) ;
#3150 = AXIS2_PLACEMENT_3D ( 'NONE', #5254, #5169, #2597 ) ;
#3151 = FACE_OUTER_BOUND ( 'NONE', #2616, .T. ) ;
#3152 = FACE_OUTER_BOUND ( 'NONE', #1553, .T. ) ;
#3153 = CARTESIAN_POINT ( 'NONE',  ( 2.325000000000077005, 0.7399999999999993250, 4.600000000000020961 ) ) ;
#3154 = CARTESIAN_POINT ( 'NONE',  ( 0.1499999999999999667, 0.000000000000000000, -0.2999999999999999334 ) ) ;
#3155 = ORIENTED_EDGE ( 'NONE', *, *, #5619, .T. ) ;
#3156 = VERTEX_POINT ( 'NONE', #3655 ) ;
#3157 = CARTESIAN_POINT ( 'NONE',  ( 0.7749999999999979128, 2.100000000000000089, 3.749999999999975575 ) ) ;
#3158 = LINE ( 'NONE', #932, #1589 ) ;
#3159 = EDGE_LOOP ( 'NONE', ( #5574, #2760, #4955, #1786 ) ) ;
#3160 = ORIENTED_EDGE ( 'NONE', *, *, #5698, .F. ) ;
#3161 = FACE_OUTER_BOUND ( 'NONE', #3313, .T. ) ;
#3162 = CARTESIAN_POINT ( 'NONE',  ( 4.699999999999964650, 0.7400002466120764177, 4.100000000000191491 ) ) ;
#3163 = ORIENTED_EDGE ( 'NONE', *, *, #4504, .F. ) ;
#3164 = VERTEX_POINT ( 'NONE', #1746 ) ;
#3165 = CYLINDRICAL_SURFACE ( 'NONE', #1933, 0.2000000000000334843 ) ;
#3166 = CIRCLE ( 'NONE', #1400, 0.1599999999999995592 ) ;
#3167 = EDGE_CURVE ( 'NONE', #3946, #3156, #4465, .T. ) ;
#3168 = VERTEX_POINT ( 'NONE', #483 ) ;
#3169 = DIRECTION ( 'NONE',  ( 0.000000000000000000, 0.000000000000000000, 1.000000000000000000 ) ) ;
#3170 = CIRCLE ( 'NONE', #116, 0.1500000000000008271 ) ;
#3171 = VECTOR ( 'NONE', #5394, 1000.000000000000000 ) ;
#3172 = FACE_OUTER_BOUND ( 'NONE', #3931, .T. ) ;
#3173 = CARTESIAN_POINT ( 'NONE',  ( 4.849999999999965006, 1.981887902047863914, -3.550055696713403375 ) ) ;
#3174 = DIRECTION ( 'NONE',  ( 0.000000000000000000, 0.000000000000000000, 1.000000000000000000 ) ) ;
#3175 = EDGE_CURVE ( 'NONE', #986, #160, #2603, .T. ) ;
#3176 = ADVANCED_FACE ( 'NONE', ( #1835 ), #2652, .T. ) ;
#3177 = AXIS2_PLACEMENT_3D ( 'NONE', #4907, #547, #4878 ) ;
#3178 = UNCERTAINTY_MEASURE_WITH_UNIT (LENGTH_MEASURE( 1.000000000000000082E-05 ), #2450, 'distance_accuracy_value', 'NONE');
#3179 = EDGE_CURVE ( 'NONE', #230, #4208, #4437, .T. ) ;
#3180 = AXIS2_PLACEMENT_3D ( 'NONE', #172, #2415, #5566 ) ;
#3181 = CIRCLE ( 'NONE', #5320, 0.1600000000000004197 ) ;
#3182 = CARTESIAN_POINT ( 'NONE',  ( 0.000000000000000000, -8.673617379884035472E-16, -3.899999999999998135 ) ) ;
#3183 = DIRECTION ( 'NONE',  ( 1.000000000000000000, 0.000000000000000000, 0.000000000000000000 ) ) ;
#3184 = FACE_OUTER_BOUND ( 'NONE', #4297, .T. ) ;
#3185 = VECTOR ( 'NONE', #5716, 1000.000000000000000 ) ;
#3186 = EDGE_LOOP ( 'NONE', ( #4644, #5372, #1823, #8 ) ) ;
#3187 = ORIENTED_EDGE ( 'NONE', *, *, #3066, .F. ) ;
#3188 = CARTESIAN_POINT ( 'NONE',  ( -0.1499999999999999389, 0.000000000000000000, 0.000000000000000000 ) ) ;
#3189 = CARTESIAN_POINT ( 'NONE',  ( 4.550000000000012257, 1.950000000000000400, -3.889999999999997460 ) ) ;
#3190 = ORIENTED_EDGE ( 'NONE', *, *, #5560, .F. ) ;
#3191 = FILL_AREA_STYLE_COLOUR ( '', #4459 ) ;
#3192 = ORIENTED_EDGE ( 'NONE', *, *, #4148, .T. ) ;
#3193 = ORIENTED_EDGE ( 'NONE', *, *, #1507, .T. ) ;
#3194 = CARTESIAN_POINT ( 'NONE',  ( 3.825000000000022826, 1.949999999999999512, -4.049999999999998046 ) ) ;
#3195 = VECTOR ( 'NONE', #5506, 1000.000000000000000 ) ;
#3196 = CARTESIAN_POINT ( 'NONE',  ( -4.549999999999998934, 0.4399999999999985589, -0.8528866118898901227 ) ) ;
#3197 = VERTEX_POINT ( 'NONE', #1305 ) ;
#3198 = ORIENTED_EDGE ( 'NONE', *, *, #5490, .T. ) ;
#3199 = CARTESIAN_POINT ( 'NONE',  ( 0.000000000000000000, 0.000000000000000000, 0.000000000000000000 ) ) ;
#3200 = VECTOR ( 'NONE', #2120, 1000.000000000000000 ) ;
#3201 = EDGE_LOOP ( 'NONE', ( #3592, #4545, #4076, #3014 ) ) ;
#3202 = VECTOR ( 'NONE', #3122, 1000.000000000000000 ) ;
#3203 = CARTESIAN_POINT ( 'NONE',  ( -4.700000000000019718, 0.7400002466120764177, -3.350000095150233559 ) ) ;
#3204 = EDGE_CURVE ( 'NONE', #2335, #615, #2296, .T. ) ;
#3205 = CARTESIAN_POINT ( 'NONE',  ( 3.825000000000021938, 0.4399999999999981148, -4.400000000000015454 ) ) ;
#3206 = DIRECTION ( 'NONE',  ( 1.141265444721642676E-16, -1.000000000000000000, 0.000000000000000000 ) ) ;
#3207 = LINE ( 'NONE', #1426, #5502 ) ;
#3208 = AXIS2_PLACEMENT_3D ( 'NONE', #2270, #5393, #5362 ) ;
#3209 = VECTOR ( 'NONE', #5685, 1000.000000000000000 ) ;
#3210 = VECTOR ( 'NONE', #973, 1000.000000000000000 ) ;
#3211 = EDGE_CURVE ( 'NONE', #2499, #1329, #2243, .T. ) ;
#3212 = EDGE_CURVE ( 'NONE', #1230, #3287, #302, .T. ) ;
#3213 = CARTESIAN_POINT ( 'NONE',  ( -0.1499999999999999667, 0.2999999999999999889, 0.2999999999999999334 ) ) ;
#3214 = DIRECTION ( 'NONE',  ( 0.000000000000000000, -1.232595164407831220E-32, -1.000000000000000000 ) ) ;
#3215 = DIRECTION ( 'NONE',  ( -0.7071050458102475789, -0.7071085165585885290, -4.329790907266542463E-17 ) ) ;
#3216 = ORIENTED_EDGE ( 'NONE', *, *, #4178, .F. ) ;
#3217 = ORIENTED_EDGE ( 'NONE', *, *, #448, .T. ) ;
#3218 = LINE ( 'NONE', #1959, #1457 ) ;
#3219 = EDGE_CURVE ( 'NONE', #3197, #2606, #395, .T. ) ;
#3220 = EDGE_CURVE ( 'NONE', #2235, #829, #4923, .T. ) ;
#3221 = LINE ( 'NONE', #28, #3269 ) ;
#3222 = ORIENTED_EDGE ( 'NONE', *, *, #5203, .F. ) ;
#3223 = LINE ( 'NONE', #1704, #1707 ) ;
#3224 = SURFACE_STYLE_USAGE ( .BOTH. , #63 ) ;
#3225 = ORIENTED_EDGE ( 'NONE', *, *, #4910, .T. ) ;
#3226 = VERTEX_POINT ( 'NONE', #422 ) ;
#3227 = PLANE ( 'NONE',  #1974 ) ;
#3228 = CARTESIAN_POINT ( 'NONE',  ( -6.449999999999993960, 0.3400000000000000244, 4.800000000000002487 ) ) ;
#3229 = ORIENTED_EDGE ( 'NONE', *, *, #2449, .F. ) ;
#3230 = EDGE_LOOP ( 'NONE', ( #5102, #1318, #217, #4210 ) ) ;
#3231 = LINE ( 'NONE', #1333, #1193 ) ;
#3232 = VERTEX_POINT ( 'NONE', #1805 ) ;
#3233 = CIRCLE ( 'NONE', #5462, 0.1500000000000008271 ) ;
#3234 = FACE_OUTER_BOUND ( 'NONE', #240, .T. ) ;
#3235 = AXIS2_PLACEMENT_3D ( 'NONE', #5569, #1177, #3832 ) ;
#3236 = DIRECTION ( 'NONE',  ( -1.000000000000000000, 0.000000000000000000, 0.000000000000000000 ) ) ;
#3237 = CARTESIAN_POINT ( 'NONE',  ( 2.124999999999988010, -23.88321892447783412, 3.749999999999975575 ) ) ;
#3238 = CIRCLE ( 'NONE', #4625, 0.2000001861224548760 ) ;
#3239 = LINE ( 'NONE', #5068, #3107 ) ;
#3240 = FACE_OUTER_BOUND ( 'NONE', #59, .T. ) ;
#3241 = AXIS2_PLACEMENT_3D ( 'NONE', #358, #2207, #1678 ) ;
#3242 = CYLINDRICAL_SURFACE ( 'NONE', #5498, 0.2000001861223787702 ) ;
#3243 = EDGE_CURVE ( 'NONE', #505, #3632, #3602, .T. ) ;
#3244 = ADVANCED_FACE ( 'NONE', ( #3149 ), #947, .F. ) ;
#3245 = ORIENTED_EDGE ( 'NONE', *, *, #3733, .T. ) ;
#3246 = STYLED_ITEM ( 'NONE', ( #1874 ), #2613 ) ;
#3247 = VERTEX_POINT ( 'NONE', #2272 ) ;
#3248 = DIRECTION ( 'NONE',  ( 0.000000000000000000, 0.000000000000000000, -1.000000000000000000 ) ) ;
#3249 = LINE ( 'NONE', #3756, #2898 ) ;
#3250 = EDGE_LOOP ( 'NONE', ( #1850, #1726, #3499, #1531 ) ) ;
#3251 = DIRECTION ( 'NONE',  ( 0.000000000000000000, 8.131516293641305343E-15, 1.000000000000000000 ) ) ;
#3252 = DIRECTION ( 'NONE',  ( 0.000000000000000000, 0.000000000000000000, -1.000000000000000000 ) ) ;
#3253 = AXIS2_PLACEMENT_3D ( 'NONE', #4190, #3254, #3369 ) ;
#3254 = DIRECTION ( 'NONE',  ( 0.000000000000000000, 0.000000000000000000, 1.000000000000000000 ) ) ;
#3255 = ADVANCED_FACE ( 'NONE', ( #4062 ), #3628, .T. ) ;
#3256 = EDGE_CURVE ( 'NONE', #5081, #3133, #1004, .T. ) ;
#3257 = ORIENTED_EDGE ( 'NONE', *, *, #2489, .T. ) ;
#3258 = ORIENTED_EDGE ( 'NONE', *, *, #438, .F. ) ;
#3259 = CARTESIAN_POINT ( 'NONE',  ( -3.825000000000022826, 1.949999999999999512, -4.049999999999998046 ) ) ;
#3260 = CARTESIAN_POINT ( 'NONE',  ( 0.1499999999999999667, 0.2999999999999999889, -0.1500000000000000500 ) ) ;
#3261 = ORIENTED_EDGE ( 'NONE', *, *, #697, .T. ) ;
#3262 = EDGE_LOOP ( 'NONE', ( #2820, #3343, #4529, #2627 ) ) ;
#3263 = CARTESIAN_POINT ( 'NONE',  ( 19.11734783244957114, 0.5999999999999998668, -4.059999999999998721 ) ) ;
#3264 = ORIENTED_EDGE ( 'NONE', *, *, #2522, .F. ) ;
#3265 = CARTESIAN_POINT ( 'NONE',  ( -6.449999999999993960, 0.000000000000000000, 4.800000000000002487 ) ) ;
#3266 = CARTESIAN_POINT ( 'NONE',  ( -11.27290224021418652, 0.4699999999999990852, 0.1500001760186156496 ) ) ;
#3267 = DIRECTION ( 'NONE',  ( 0.000000000000000000, 0.000000000000000000, 1.000000000000000000 ) ) ;
#3268 = CARTESIAN_POINT ( 'NONE',  ( -4.549999999999998934, 1.939999999999999059, -3.899999999999998135 ) ) ;
#3269 = VECTOR ( 'NONE', #2661, 1000.000000000000000 ) ;
#3270 = VECTOR ( 'NONE', #517, 1000.000000000000000 ) ;
#3271 = DIRECTION ( 'NONE',  ( 1.000000000000000000, -2.282530889443285351E-16, -2.224959106211696026E-13 ) ) ;
#3272 = PLANE ( 'NONE',  #1594 ) ;
#3273 = VECTOR ( 'NONE', #4729, 1000.000000000000000 ) ;
#3274 = CARTESIAN_POINT ( 'NONE',  ( -4.690000000000020819, 2.100000000000000089, -3.550333704529037959 ) ) ;
#3275 = VECTOR ( 'NONE', #2940, 1000.000000000000000 ) ;
#3276 = PRODUCT_DEFINITION_SHAPE ( 'NONE', 'NONE',  #2028 ) ;
#3277 = EDGE_LOOP ( 'NONE', ( #4892, #3163, #4848, #4479 ) ) ;
#3278 = AXIS2_PLACEMENT_3D ( 'NONE', #534, #944, #5443 ) ;
#3279 = VERTEX_POINT ( 'NONE', #5421 ) ;
#3280 = DIRECTION ( 'NONE',  ( -2.282530889443285351E-16, -1.000000000000000000, 6.123233995736766036E-17 ) ) ;
#3281 = DIRECTION ( 'NONE',  ( -1.000000000000000000, 0.000000000000000000, 0.000000000000000000 ) ) ;
#3282 = EDGE_CURVE ( 'NONE', #4108, #5436, #3207, .T. ) ;
#3283 = ORIENTED_EDGE ( 'NONE', *, *, #3324, .T. ) ;
#3284 = PLANE ( 'NONE',  #3307 ) ;
#3285 = CARTESIAN_POINT ( 'NONE',  ( -4.850000000000020961, 0.7400008731479412738, 4.099999999999867306 ) ) ;
#3286 =( NAMED_UNIT ( * ) SI_UNIT ( $, .STERADIAN. ) SOLID_ANGLE_UNIT ( ) );
#3287 = VERTEX_POINT ( 'NONE', #4550 ) ;
#3288 = ORIENTED_EDGE ( 'NONE', *, *, #828, .F. ) ;
#3289 = DIRECTION ( 'NONE',  ( 1.141265444721642676E-16, -1.000000000000000000, 0.000000000000000000 ) ) ;
#3290 = ORIENTED_EDGE ( 'NONE', *, *, #2308, .T. ) ;
#3291 = EDGE_CURVE ( 'NONE', #3790, #3287, #2326, .T. ) ;
#3292 = EDGE_CURVE ( 'NONE', #4208, #1765, #1802, .T. ) ;
#3293 = ORIENTED_EDGE ( 'NONE', *, *, #3543, .T. ) ;
#3294 = PLANE ( 'NONE',  #1476 ) ;
#3295 = VECTOR ( 'NONE', #76, 1000.000000000000000 ) ;
#3296 = ORIENTED_EDGE ( 'NONE', *, *, #634, .F. ) ;
#3297 = FACE_OUTER_BOUND ( 'NONE', #5373, .T. ) ;
#3298 = DIRECTION ( 'NONE',  ( 0.000000000000000000, -1.000000000000000000, -1.156482317317891801E-14 ) ) ;
#3299 = ADVANCED_FACE ( 'NONE', ( #3568 ), #2793, .F. ) ;
#3300 = CARTESIAN_POINT ( 'NONE',  ( 2.325000000000077005, 0.7400000000000002132, -0.9613307051038245676 ) ) ;
#3301 = DIRECTION ( 'NONE',  ( -1.000000000000000000, 2.282530889443285351E-16, 0.000000000000000000 ) ) ;
#3302 = VECTOR ( 'NONE', #3904, 1000.000000000000000 ) ;
#3303 = AXIS2_PLACEMENT_3D ( 'NONE', #681, #3382, #4281 ) ;
#3304 = DIRECTION ( 'NONE',  ( 0.000000000000000000, 1.000000000000000000, 0.000000000000000000 ) ) ;
#3305 = CARTESIAN_POINT ( 'NONE',  ( 3.307843000000032507, 0.7399999999999984368, -4.449999999999988631 ) ) ;
#3306 = SURFACE_STYLE_USAGE ( .BOTH. , #5480 ) ;
#3307 = AXIS2_PLACEMENT_3D ( 'NONE', #3340, #1157, #5045 ) ;
#3308 = AXIS2_PLACEMENT_3D ( 'NONE', #5476, #2995, #737 ) ;
#3309 = ORIENTED_EDGE ( 'NONE', *, *, #4207, .F. ) ;
#3310 = ORIENTED_EDGE ( 'NONE', *, *, #1775, .F. ) ;
#3311 = CARTESIAN_POINT ( 'NONE',  ( -11.27290224021418652, 0.5399999068108921607, -0.2282850951501756709 ) ) ;
#3312 = FACE_OUTER_BOUND ( 'NONE', #2954, .T. ) ;
#3313 = EDGE_LOOP ( 'NONE', ( #3468, #5565, #2698, #3902 ) ) ;
#3314 = CARTESIAN_POINT ( 'NONE',  ( 4.349999999999965006, 0.4399999999999993916, -4.400000000000015454 ) ) ;
#3315 = AXIS2_PLACEMENT_3D ( 'NONE', #2517, #355, #5204 ) ;
#3316 = DIRECTION ( 'NONE',  ( 0.000000000000000000, 0.000000000000000000, 1.000000000000000000 ) ) ;
#3317 = EDGE_CURVE ( 'NONE', #1106, #2481, #3116, .T. ) ;
#3318 = VERTEX_POINT ( 'NONE', #1337 ) ;
#3319 = ORIENTED_EDGE ( 'NONE', *, *, #2591, .F. ) ;
#3320 = DIRECTION ( 'NONE',  ( -1.000000000000000000, -0.000000000000000000, 1.344746880602176705E-16 ) ) ;
#3321 = ORIENTED_EDGE ( 'NONE', *, *, #5016, .T. ) ;
#3322 = ORIENTED_EDGE ( 'NONE', *, *, #1514, .T. ) ;
#3323 = LINE ( 'NONE', #706, #1116 ) ;
#3324 = EDGE_CURVE ( 'NONE', #2720, #3790, #4577, .T. ) ;
#3325 = CARTESIAN_POINT ( 'NONE',  ( 2.124999999999988010, 2.100000000000000089, 3.749999999999975575 ) ) ;
#3326 = LINE ( 'NONE', #1166, #2020 ) ;
#3327 = LINE ( 'NONE', #3205, #431 ) ;
#3328 = DIRECTION ( 'NONE',  ( 0.000000000000000000, 0.000000000000000000, 1.000000000000000000 ) ) ;
#3329 = ADVANCED_FACE ( 'NONE', ( #5361 ), #4546, .T. ) ;
#3330 = AXIS2_PLACEMENT_3D ( 'NONE', #5715, #1346, #1277 ) ;
#3331 = CARTESIAN_POINT ( 'NONE',  ( 1.724999999999976552, 1.940000000000000169, 3.889999999999997460 ) ) ;
#3332 = DIRECTION ( 'NONE',  ( 1.000000000000000000, 5.421010862427367356E-16, 0.000000000000000000 ) ) ;
#3333 = VERTEX_POINT ( 'NONE', #1001 ) ;
#3334 = CARTESIAN_POINT ( 'NONE',  ( -4.549999999999998046, 0.4399999999999993916, -4.049999999999998046 ) ) ;
#3335 = AXIS2_PLACEMENT_3D ( 'NONE', #1562, #4624, #2490 ) ;
#3336 = ORIENTED_EDGE ( 'NONE', *, *, #3324, .F. ) ;
#3337 = ORIENTED_EDGE ( 'NONE', *, *, #5661, .F. ) ;
#3338 = DIRECTION ( 'NONE',  ( 0.000000000000000000, 0.000000000000000000, -1.000000000000000000 ) ) ;
#3339 = DIRECTION ( 'NONE',  ( 0.000000000000000000, 0.000000000000000000, 1.000000000000000000 ) ) ;
#3340 = CARTESIAN_POINT ( 'NONE',  ( -3.425000000000011369, 2.099999999999999645, 9.561909157685011706 ) ) ;
#3341 = COLOUR_RGB ( '',0.1960784313725490169, 1.000000000000000000, 0.1529411764705882470 ) ;
#3342 = APPLICATION_CONTEXT ( 'automotive_design' ) ;
#3343 = ORIENTED_EDGE ( 'NONE', *, *, #1324, .F. ) ;
#3344 = ORIENTED_EDGE ( 'NONE', *, *, #2239, .F. ) ;
#3345 = DIRECTION ( 'NONE',  ( -1.000000000000000000, 0.000000000000000000, 0.000000000000000000 ) ) ;
#3346 = ORIENTED_EDGE ( 'NONE', *, *, #657, .T. ) ;
#3347 = ORIENTED_EDGE ( 'NONE', *, *, #3282, .F. ) ;
#3348 = LINE ( 'NONE', #1697, #1025 ) ;
#3349 = CARTESIAN_POINT ( 'NONE',  ( 0.3750000000000143219, 1.939999999999999059, 4.450000000000019718 ) ) ;
#3350 = FACE_OUTER_BOUND ( 'NONE', #1036, .T. ) ;
#3351 = CARTESIAN_POINT ( 'NONE',  ( -3.425000000000011369, 0.9400001654613129309, 9.561909157685011706 ) ) ;
#3352 = LINE ( 'NONE', #5584, #605 ) ;
#3353 = ADVANCED_FACE ( 'NONE', ( #4085 ), #4920, .T. ) ;
#3354 = DIRECTION ( 'NONE',  ( 3.248115483520745422E-15, 1.000000000000000000, 0.000000000000000000 ) ) ;
#3355 = CARTESIAN_POINT ( 'NONE',  ( -3.424999999999997602, 1.950000000000000400, -4.439999999999992397 ) ) ;
#3356 = ADVANCED_FACE ( 'NONE', ( #2211 ), #2702, .T. ) ;
#3357 = ORIENTED_EDGE ( 'NONE', *, *, #4910, .F. ) ;
#3358 = DIRECTION ( 'NONE',  ( 0.000000000000000000, 1.000000000000000000, 0.000000000000000000 ) ) ;
#3359 = EDGE_CURVE ( 'NONE', #5469, #2275, #1771, .T. ) ;
#3360 = EDGE_LOOP ( 'NONE', ( #2263, #1135, #1276, #1411 ) ) ;
#3361 = ORIENTED_EDGE ( 'NONE', *, *, #3135, .T. ) ;
#3362 = ADVANCED_FACE ( 'NONE', ( #3624 ), #915, .T. ) ;
#3363 = CARTESIAN_POINT ( 'NONE',  ( 3.825000000000021938, 0.5899999999999994138, -4.400000000000015454 ) ) ;
#3364 = AXIS2_PLACEMENT_3D ( 'NONE', #284, #1641, #5168 ) ;
#3365 = AXIS2_PLACEMENT_3D ( 'NONE', #568, #4973, #135 ) ;
#3366 = AXIS2_PLACEMENT_3D ( 'NONE', #1248, #4315, #389 ) ;
#3367 = CARTESIAN_POINT ( 'NONE',  ( 4.549999999999990052, 2.248009955724776798, -4.059999999999998721 ) ) ;
#3368 = DIRECTION ( 'NONE',  ( 1.000000000000000000, -0.000000000000000000, -0.000000000000000000 ) ) ;
#3369 = DIRECTION ( 'NONE',  ( 1.000000000000000000, 0.000000000000000000, 0.000000000000000000 ) ) ;
#3370 = VECTOR ( 'NONE', #1633, 1000.000000000000000 ) ;
#3371 = AXIS2_PLACEMENT_3D ( 'NONE', #2735, #3995, #3651 ) ;
#3372 = ORIENTED_EDGE ( 'NONE', *, *, #65, .T. ) ;
#3373 = ORIENTED_EDGE ( 'NONE', *, *, #484, .T. ) ;
#3374 = LINE ( 'NONE', #5195, #938 ) ;
#3375 = EDGE_LOOP ( 'NONE', ( #4515, #5022, #3603, #898, #1183, #1665 ) ) ;
#3376 = VECTOR ( 'NONE', #1375, 1000.000000000000000 ) ;
#3377 = VERTEX_POINT ( 'NONE', #4572 ) ;
#3378 = DIRECTION ( 'NONE',  ( 0.000000000000000000, -1.232595164407831220E-32, -1.000000000000000000 ) ) ;
#3379 = CARTESIAN_POINT ( 'NONE',  ( -0.2999999999999999334, 0.000000000000000000, 0.1499999999999999944 ) ) ;
#3380 = CARTESIAN_POINT ( 'NONE',  ( -11.27290224021418652, 0.7400002466120834121, 1.128286000000177314 ) ) ;
#3381 = AXIS2_PLACEMENT_3D ( 'NONE', #4303, #1646, #789 ) ;
#3382 = DIRECTION ( 'NONE',  ( 0.000000000000000000, 0.000000000000000000, 1.000000000000000000 ) ) ;
#3383 = DIRECTION ( 'NONE',  ( -1.381324727921684874E-15, -1.000000000000000000, 1.602373713730180230E-30 ) ) ;
#3384 = VECTOR ( 'NONE', #2271, 1000.000000000000000 ) ;
#3385 = EDGE_CURVE ( 'NONE', #5307, #1362, #1898, .T. ) ;
#3386 = CIRCLE ( 'NONE', #4313, 0.2000000000000406453 ) ;
#3387 = DIRECTION ( 'NONE',  ( -1.495451272393849339E-16, -1.000000000000000000, 0.000000000000000000 ) ) ;
#3388 = CARTESIAN_POINT ( 'NONE',  ( 3.424999999999955858, 1.939999999999999947, -4.449999999999992184 ) ) ;
#3389 = ORIENTED_EDGE ( 'NONE', *, *, #5605, .T. ) ;
#3390 = LINE ( 'NONE', #1222, #3564 ) ;
#3391 = VECTOR ( 'NONE', #3712, 1000.000000000000000 ) ;
#3392 = AXIS2_PLACEMENT_3D ( 'NONE', #2104, #3889, #4785 ) ;
#3393 = UNCERTAINTY_MEASURE_WITH_UNIT (LENGTH_MEASURE( 1.000000000000000082E-05 ), #3980, 'distance_accuracy_value', 'NONE');
#3394 = EDGE_LOOP ( 'NONE', ( #994, #4271, #5519, #2902 ) ) ;
#3395 = EDGE_CURVE ( 'NONE', #5487, #5084, #1421, .T. ) ;
#3396 = EDGE_LOOP ( 'NONE', ( #204, #4537, #2288, #3787 ) ) ;
#3397 = EDGE_CURVE ( 'NONE', #868, #2773, #506, .T. ) ;
#3398 = VECTOR ( 'NONE', #2191, 1000.000000000000000 ) ;
#3399 = DIRECTION ( 'NONE',  ( 1.000000000000000000, -2.282530889443284858E-16, 2.282530889443285351E-16 ) ) ;
#3400 = LINE ( 'NONE', #315, #5137 ) ;
#3401 = DIRECTION ( 'NONE',  ( 1.000000000000000000, 0.000000000000000000, 0.000000000000000000 ) ) ;
#3402 = DIRECTION ( 'NONE',  ( 0.000000000000000000, 0.000000000000000000, 1.000000000000000000 ) ) ;
#3403 = SHAPE_DEFINITION_REPRESENTATION ( #633, #159 ) ;
#3404 = EDGE_LOOP ( 'NONE', ( #3108, #2083, #4396, #4835 ) ) ;
#3405 = ADVANCED_FACE ( 'NONE', ( #3234 ), #5329, .T. ) ;
#3406 = ORIENTED_EDGE ( 'NONE', *, *, #4148, .F. ) ;
#3407 = ADVANCED_FACE ( 'NONE', ( #4970 ), #2268, .T. ) ;
#3408 = DIRECTION ( 'NONE',  ( 1.000000000000000000, 0.000000000000000000, -1.039396954726638535E-13 ) ) ;
#3409 = VECTOR ( 'NONE', #3626, 1000.000000000000000 ) ;
#3410 = CARTESIAN_POINT ( 'NONE',  ( 3.825000000000022826, 1.939999999999999947, -0.8528866118898896787 ) ) ;
#3411 =( LENGTH_UNIT ( ) NAMED_UNIT ( * ) SI_UNIT ( .MILLI., .METRE. ) );
#3412 = DIRECTION ( 'NONE',  ( 1.000000000000000000, 0.000000000000000000, 0.000000000000000000 ) ) ;
#3413 = DIRECTION ( 'NONE',  ( 0.000000000000000000, 0.000000000000000000, 1.000000000000000000 ) ) ;
#3414 = DIRECTION ( 'NONE',  ( -0.000000000000000000, 1.000000000000000000, 0.000000000000000000 ) ) ;
#3415 = DIRECTION ( 'NONE',  ( -4.673285226230870397E-17, 1.000000000000000000, -6.123233995736766036E-17 ) ) ;
#3416 = CARTESIAN_POINT ( 'NONE',  ( 4.549999999999998934, 2.100000000000000089, 4.300000000000025580 ) ) ;
#3417 = CARTESIAN_POINT ( 'NONE',  ( 4.699999999999964650, 0.9399996200763239829, -3.350000095150287294 ) ) ;
#3418 = DIRECTION ( 'NONE',  ( 1.000000000000000000, -6.496230967041490845E-15, -1.196361017915079471E-15 ) ) ;
#3419 = LINE ( 'NONE', #5180, #858 ) ;
#3420 = ORIENTED_EDGE ( 'NONE', *, *, #3853, .F. ) ;
#3421 = ORIENTED_EDGE ( 'NONE', *, *, #2885, .T. ) ;
#3422 = DIRECTION ( 'NONE',  ( 0.000000000000000000, 0.000000000000000000, 1.000000000000000000 ) ) ;
#3423 = CARTESIAN_POINT ( 'NONE',  ( -3.366421451386827357, 0.7985788092239373137, -4.599999999999992539 ) ) ;
#3424 = LINE ( 'NONE', #5214, #3750 ) ;
#3425 = VECTOR ( 'NONE', #1511, 1000.000000000000000 ) ;
#3426 = LINE ( 'NONE', #3943, #5709 ) ;
#3427 = EDGE_CURVE ( 'NONE', #5654, #2235, #1347, .T. ) ;
#3428 = ORIENTED_EDGE ( 'NONE', *, *, #2218, .F. ) ;
#3429 = VECTOR ( 'NONE', #4771, 1000.000000000000000 ) ;
#3430 = ORIENTED_EDGE ( 'NONE', *, *, #3612, .T. ) ;
#3431 = CYLINDRICAL_SURFACE ( 'NONE', #2994, 0.1599999999999995592 ) ;
#3432 = ORIENTED_EDGE ( 'NONE', *, *, #3572, .F. ) ;
#3433 = EDGE_CURVE ( 'NONE', #2815, #4287, #2352, .T. ) ;
#3434 = AXIS2_PLACEMENT_3D ( 'NONE', #1973, #2879, #2932 ) ;
#3435 = ADVANCED_FACE ( 'NONE', ( #5500 ), #1588, .T. ) ;
#3436 = LINE ( 'NONE', #4302, #1944 ) ;
#3437 = CARTESIAN_POINT ( 'NONE',  ( 0.000000000000000000, 0.000000000000000000, 0.000000000000000000 ) ) ;
#3438 = CARTESIAN_POINT ( 'NONE',  ( -0.1499999999999999389, 0.2999999999999999889, 0.000000000000000000 ) ) ;
#3439 = ORIENTED_EDGE ( 'NONE', *, *, #3862, .F. ) ;
#3440 = DIRECTION ( 'NONE',  ( 0.000000000000000000, 0.000000000000000000, 1.000000000000000000 ) ) ;
#3441 = CARTESIAN_POINT ( 'NONE',  ( -4.549999999999996270, 2.248009955724755926, -4.059999999999996945 ) ) ;
#3442 = CARTESIAN_POINT ( 'NONE',  ( 0.3750000000000176525, 1.940000000000000391, 4.440000000000019931 ) ) ;
#3443 = CARTESIAN_POINT ( 'NONE',  ( 0.7750000000000248912, 0.4399999999999993916, 3.899999999999998135 ) ) ;
#3444 = LINE ( 'NONE', #2124, #4147 ) ;
#3445 = CARTESIAN_POINT ( 'NONE',  ( 0.2999999999999999334, 0.000000000000000000, 0.1500000000000000777 ) ) ;
#3446 = LINE ( 'NONE', #826, #585 ) ;
#3447 = EDGE_LOOP ( 'NONE', ( #3040, #5098, #1556, #1947 ) ) ;
#3448 = CARTESIAN_POINT ( 'NONE',  ( -17.92453276723660949, 1.940000000000000391, -4.439999999999992397 ) ) ;
#3449 = APPLICATION_CONTEXT ( 'automotive_design' ) ;
#3450 = FACE_OUTER_BOUND ( 'NONE', #2944, .T. ) ;
#3451 = DIRECTION ( 'NONE',  ( 1.000000000000000000, 0.000000000000000000, 0.000000000000000000 ) ) ;
#3452 = CARTESIAN_POINT ( 'NONE',  ( -0.2999999999999999334, 0.2999999999999999889, 0.1499999999999999944 ) ) ;
#3453 = PRODUCT_CONTEXT ( 'NONE', #3035, 'mechanical' ) ;
#3454 = VERTEX_POINT ( 'NONE', #3771 ) ;
#3455 = VECTOR ( 'NONE', #4383, 1000.000000000000000 ) ;
#3456 = VERTEX_POINT ( 'NONE', #3379 ) ;
#3457 = DIRECTION ( 'NONE',  ( -1.039396954726638535E-13, 0.000000000000000000, -1.000000000000000000 ) ) ;
#3458 = EDGE_CURVE ( 'NONE', #3072, #1301, #5473, .T. ) ;
#3459 = ORIENTED_EDGE ( 'NONE', *, *, #1495, .T. ) ;
#3460 = VECTOR ( 'NONE', #3129, 1000.000000000000000 ) ;
#3461 = VECTOR ( 'NONE', #2096, 1000.000000000000000 ) ;
#3462 = AXIS2_PLACEMENT_3D ( 'NONE', #688, #4609, #1518 ) ;
#3463 = DIRECTION ( 'NONE',  ( -0.000000000000000000, -1.000000000000000000, -0.000000000000000000 ) ) ;
#3464 = ADVANCED_FACE ( 'NONE', ( #678 ), #1948, .T. ) ;
#3465 = AXIS2_PLACEMENT_3D ( 'NONE', #4926, #460, #2274 ) ;
#3466 = EDGE_CURVE ( 'NONE', #3739, #4411, #4602, .T. ) ;
#3467 = DIRECTION ( 'NONE',  ( -1.644996399633234273E-15, -1.000000000000000000, 1.836566794967668109E-30 ) ) ;
#3468 = ORIENTED_EDGE ( 'NONE', *, *, #4346, .T. ) ;
#3469 = DIRECTION ( 'NONE',  ( 0.000000000000000000, 0.000000000000000000, 1.000000000000000000 ) ) ;
#3470 = LINE ( 'NONE', #356, #3200 ) ;
#3471 = LINE ( 'NONE', #4860, #4454 ) ;
#3472 = DIRECTION ( 'NONE',  ( -0.7071024810347666945, -0.7071110813121778138, 9.244463733058732095E-33 ) ) ;
#3473 = EDGE_CURVE ( 'NONE', #2253, #1477, #2935, .T. ) ;
#3474 = PRESENTATION_LAYER_ASSIGNMENT (  '', '', ( #4025 ) ) ;
#3475 = FACE_OUTER_BOUND ( 'NONE', #1527, .T. ) ;
#3476 = FACE_OUTER_BOUND ( 'NONE', #3250, .T. ) ;
#3477 = CARTESIAN_POINT ( 'NONE',  ( 3.424999999999955858, 1.939999999999999947, 9.561909157685011706 ) ) ;
#3478 = STYLED_ITEM ( 'NONE', ( #1540 ), #1114 ) ;
#3479 = VERTEX_POINT ( 'NONE', #3349 ) ;
#3480 = DIRECTION ( 'NONE',  ( 1.000000000000000000, 0.000000000000000000, -5.196984773633192676E-14 ) ) ;
#3481 = DIRECTION ( 'NONE',  ( -1.000000000000000000, -0.000000000000000000, -0.000000000000000000 ) ) ;
#3482 = CARTESIAN_POINT ( 'NONE',  ( -6.449999999999997513, 0.3400000000000000244, -4.799999999999998934 ) ) ;
#3483 = LINE ( 'NONE', #1610, #3209 ) ;
#3484 = VECTOR ( 'NONE', #4152, 1000.000000000000000 ) ;
#3485 = ORIENTED_EDGE ( 'NONE', *, *, #3030, .F. ) ;
#3486 = ORIENTED_EDGE ( 'NONE', *, *, #4887, .F. ) ;
#3487 = CARTESIAN_POINT ( 'NONE',  ( 1.724999999999985212, 0.5999999999999998668, 3.899999999999998135 ) ) ;
#3488 = ORIENTED_EDGE ( 'NONE', *, *, #1278, .F. ) ;
#3489 = CIRCLE ( 'NONE', #1709, 0.1999999999999779732 ) ;
#3490 = ADVANCED_FACE ( 'NONE', ( #269 ), #2004, .F. ) ;
#3491 = AXIS2_PLACEMENT_3D ( 'NONE', #3785, #4214, #1962 ) ;
#3492 = VERTEX_POINT ( 'NONE', #3325 ) ;
#3493 = AXIS2_PLACEMENT_3D ( 'NONE', #1833, #4831, #2679 ) ;
#3494 = DIRECTION ( 'NONE',  ( -1.000000000000000000, 0.000000000000000000, 0.000000000000000000 ) ) ;
#3495 = CARTESIAN_POINT ( 'NONE',  ( 0.9750000000000027534, 0.4399999999999993916, 4.399999999999987033 ) ) ;
#3496 = ORIENTED_EDGE ( 'NONE', *, *, #989, .T. ) ;
#3497 = DIRECTION ( 'NONE',  ( 9.251858538542278656E-14, 0.000000000000000000, 1.000000000000000000 ) ) ;
#3498 = CARTESIAN_POINT ( 'NONE',  ( 3.825000000000022382, 0.4399999999999993916, -4.059999999999998721 ) ) ;
#3499 = ORIENTED_EDGE ( 'NONE', *, *, #3580, .F. ) ;
#3500 = PLANE ( 'NONE',  #3241 ) ;
#3501 = EDGE_CURVE ( 'NONE', #3609, #2233, #1911, .T. ) ;
#3502 = CARTESIAN_POINT ( 'NONE',  ( 0.7749999999999979128, 1.949999999999993516, 3.749999999999975575 ) ) ;
#3503 = DIRECTION ( 'NONE',  ( 0.000000000000000000, 1.000000000000000000, 0.000000000000000000 ) ) ;
#3504 = PRESENTATION_STYLE_ASSIGNMENT (( #2706 ) ) ;
#3505 = DIRECTION ( 'NONE',  ( 1.000000000000000000, 0.000000000000000000, 0.000000000000000000 ) ) ;
#3506 = EDGE_CURVE ( 'NONE', #2127, #635, #4623, .T. ) ;
#3507 = EDGE_CURVE ( 'NONE', #2049, #3007, #3793, .T. ) ;
#3508 = EDGE_CURVE ( 'NONE', #5436, #5083, #1057, .T. ) ;
#3509 = ORIENTED_EDGE ( 'NONE', *, *, #3749, .T. ) ;
#3510 = CARTESIAN_POINT ( 'NONE',  ( 0.7750000000000256684, 0.5999999999999998668, 3.899999999999998135 ) ) ;
#3511 = DIRECTION ( 'NONE',  ( 0.000000000000000000, 1.000000000000000000, 0.000000000000000000 ) ) ;
#3512 = CARTESIAN_POINT ( 'NONE',  ( -0.2999999999999999334, 0.2999999999999999889, -0.1499999999999999944 ) ) ;
#3513 = FACE_OUTER_BOUND ( 'NONE', #4012, .T. ) ;
#3514 = APPLICATION_PROTOCOL_DEFINITION ( 'draft international standard', 'automotive_design', 1998, #560 ) ;
#3515 = ORIENTED_EDGE ( 'NONE', *, *, #1187, .T. ) ;
#3516 = EDGE_LOOP ( 'NONE', ( #1082, #937, #5129, #5452 ) ) ;
#3517 = CARTESIAN_POINT ( 'NONE',  ( 0.7750000000000256684, 0.5999999999999998668, 4.059999999999997833 ) ) ;
#3518 = CIRCLE ( 'NONE', #179, 0.01000000000000002623 ) ;
#3519 = VERTEX_POINT ( 'NONE', #651 ) ;
#3520 = B_SPLINE_CURVE_WITH_KNOTS ( 'NONE', 3,
 ( #4428, #444, #1938, #5046, #4161, #181 ),
 .UNSPECIFIED., .F., .F.,
 ( 4, 2, 4 ),
 ( 0.000000000000000000, 0.5000000000000000000, 1.000000000000000000 ),
 .UNSPECIFIED. ) ;
#3521 = DIRECTION ( 'NONE',  ( 0.000000000000000000, -0.000000000000000000, 1.000000000000000000 ) ) ;
#3522 = AXIS2_PLACEMENT_3D ( 'NONE', #1141, #5556, #1949 ) ;
#3523 = ORIENTED_EDGE ( 'NONE', *, *, #5299, .T. ) ;
#3524 = LINE ( 'NONE', #1700, #1076 ) ;
#3525 = LINE ( 'NONE', #2962, #360 ) ;
#3526 = ORIENTED_EDGE ( 'NONE', *, *, #3066, .T. ) ;
#3527 = VECTOR ( 'NONE', #2519, 1000.000000000000000 ) ;
#3528 = CARTESIAN_POINT ( 'NONE',  ( 6.449999999999997513, 0.3400000000000000244, -4.800000000000000711 ) ) ;
#3529 = CARTESIAN_POINT ( 'NONE',  ( -4.549999999999999822, 0.5999999999999998668, -4.049999999999997158 ) ) ;
#3530 = ORIENTED_EDGE ( 'NONE', *, *, #4494, .T. ) ;
#3531 = CARTESIAN_POINT ( 'NONE',  ( 4.849999999999965894, 0.7400002466120834121, 1.128286000000177314 ) ) ;
#3532 = COLOUR_RGB ( '',0.8588235294117646523, 1.000000000000000000, 0.02745098039215686236 ) ;
#3533 = VERTEX_POINT ( 'NONE', #1917 ) ;
#3534 = LINE ( 'NONE', #331, #4547 ) ;
#3535 = ADVANCED_FACE ( 'NONE', ( #3297 ), #4198, .T. ) ;
#3536 = CARTESIAN_POINT ( 'NONE',  ( 4.549999999999998934, 1.949999999999993516, 4.300000000000025580 ) ) ;
#3537 = DIRECTION ( 'NONE',  ( 0.000000000000000000, -1.000000000000000000, 0.000000000000000000 ) ) ;
#3538 = AXIS2_PLACEMENT_3D ( 'NONE', #1552, #5078, #4670 ) ;
#3539 = FACE_OUTER_BOUND ( 'NONE', #5250, .T. ) ;
#3540 = VERTEX_POINT ( 'NONE', #3265 ) ;
#3541 = CARTESIAN_POINT ( 'NONE',  ( 0.7749999999999961364, 2.625497654997603014, 4.399999999999987033 ) ) ;
#3542 = EDGE_CURVE ( 'NONE', #4353, #3710, #2824, .T. ) ;
#3543 = EDGE_CURVE ( 'NONE', #1968, #5122, #5555, .T. ) ;
#3544 = DIRECTION ( 'NONE',  ( -1.000000000000000000, 1.495451272393849339E-15, 8.972707634363094063E-16 ) ) ;
#3545 = VECTOR ( 'NONE', #4817, 1000.000000000000000 ) ;
#3546 = CARTESIAN_POINT ( 'NONE',  ( 0.7750000000000107914, 0.4399999999999993916, 4.059999999999997833 ) ) ;
#3547 = DIRECTION ( 'NONE',  ( -1.000000000000000000, 0.000000000000000000, 0.000000000000000000 ) ) ;
#3548 = ORIENTED_EDGE ( 'NONE', *, *, #2133, .T. ) ;
#3549 = ORIENTED_EDGE ( 'NONE', *, *, #271, .T. ) ;
#3550 = LINE ( 'NONE', #25, #3992 ) ;
#3551 = ADVANCED_FACE ( 'NONE', ( #625 ), #2880, .F. ) ;
#3552 = LINE ( 'NONE', #5430, #3460 ) ;
#3553 = VERTEX_POINT ( 'NONE', #4171 ) ;
#3554 = ORIENTED_EDGE ( 'NONE', *, *, #4309, .F. ) ;
#3555 = DIRECTION ( 'NONE',  ( -0.000000000000000000, -1.000000000000000000, -0.000000000000000000 ) ) ;
#3556 = DIRECTION ( 'NONE',  ( 0.000000000000000000, -1.232595164407831220E-32, -1.000000000000000000 ) ) ;
#3557 = ORIENTED_EDGE ( 'NONE', *, *, #1596, .F. ) ;
#3558 = CIRCLE ( 'NONE', #3364, 0.1599999999999997813 ) ;
#3559 = CIRCLE ( 'NONE', #2150, 0.2000001861223787980 ) ;
#3560 = LINE ( 'NONE', #5433, #4144 ) ;
#3561 = DIRECTION ( 'NONE',  ( 0.000000000000000000, 1.000000000000000000, 0.000000000000000000 ) ) ;
#3562 = ORIENTED_EDGE ( 'NONE', *, *, #2630, .F. ) ;
#3563 = CARTESIAN_POINT ( 'NONE',  ( 4.849999999999965894, 1.939999999999999947, -3.550000095150265267 ) ) ;
#3564 = VECTOR ( 'NONE', #1249, 1000.000000000000000 ) ;
#3565 = AXIS2_PLACEMENT_3D ( 'NONE', #3584, #3098, #1871 ) ;
#3566 = AXIS2_PLACEMENT_3D ( 'NONE', #3144, #2292, #971 ) ;
#3567 = ORIENTED_EDGE ( 'NONE', *, *, #2558, .T. ) ;
#3568 = FACE_OUTER_BOUND ( 'NONE', #904, .T. ) ;
#3569 = CARTESIAN_POINT ( 'NONE',  ( -3.825000000000024158, 0.4399999999999998357, -4.059999999999997833 ) ) ;
#3570 = CARTESIAN_POINT ( 'NONE',  ( 0.3749999999999864553, 2.100000000000000089, 3.749999999999975575 ) ) ;
#3571 = DIRECTION ( 'NONE',  ( 0.000000000000000000, -1.000000000000000000, 0.000000000000000000 ) ) ;
#3572 = EDGE_CURVE ( 'NONE', #66, #1857, #192, .T. ) ;
#3573 = EDGE_LOOP ( 'NONE', ( #624, #5526, #1758, #1547 ) ) ;
#3574 = VECTOR ( 'NONE', #3941, 1000.000000000000000 ) ;
#3575 = PLANE ( 'NONE',  #1550 ) ;
#3576 = CARTESIAN_POINT ( 'NONE',  ( 0.1499999999999999667, 0.2999999999999999889, 0.1499999999999999667 ) ) ;
#3577 = LINE ( 'NONE', #3153, #5217 ) ;
#3578 = LINE ( 'NONE', #2771, #788 ) ;
#3579 = ADVANCED_FACE ( 'NONE', ( #2170 ), #1732, .F. ) ;
#3580 = EDGE_CURVE ( 'NONE', #1257, #3318, #2639, .T. ) ;
#3581 = ORIENTED_EDGE ( 'NONE', *, *, #3951, .T. ) ;
#3582 = VERTEX_POINT ( 'NONE', #3954 ) ;
#3583 = DIRECTION ( 'NONE',  ( 0.000000000000000000, 0.000000000000000000, 1.000000000000000000 ) ) ;
#3584 = CARTESIAN_POINT ( 'NONE',  ( 1.625000221597069805, 0.5400001977956978561, 9.561909157685011706 ) ) ;
#3585 = VECTOR ( 'NONE', #911, 1000.000000000000000 ) ;
#3586 =( NAMED_UNIT ( * ) SI_UNIT ( $, .STERADIAN. ) SOLID_ANGLE_UNIT ( ) );
#3587 = EDGE_CURVE ( 'NONE', #4672, #747, #4713, .T. ) ;
#3588 = ORIENTED_EDGE ( 'NONE', *, *, #941, .T. ) ;
#3589 = VERTEX_POINT ( 'NONE', #5171 ) ;
#3590 = CARTESIAN_POINT ( 'NONE',  ( 2.125000000000015987, 0.9400000000000059419, 4.450000000000019718 ) ) ;
#3591 = DIRECTION ( 'NONE',  ( 0.000000000000000000, 0.000000000000000000, 1.000000000000000000 ) ) ;
#3592 = ORIENTED_EDGE ( 'NONE', *, *, #4591, .T. ) ;
#3593 = VECTOR ( 'NONE', #2600, 1000.000000000000000 ) ;
#3594 = DIRECTION ( 'NONE',  ( 0.000000000000000000, -1.000000000000000000, 0.000000000000000000 ) ) ;
#3595 = ORIENTED_EDGE ( 'NONE', *, *, #2591, .T. ) ;
#3596 = CARTESIAN_POINT ( 'NONE',  ( 1.625000221597069805, 0.8399999004920813972, 9.561909157685011706 ) ) ;
#3597 = ORIENTED_EDGE ( 'NONE', *, *, #2958, .F. ) ;
#3598 = CARTESIAN_POINT ( 'NONE',  ( -3.825000000000020606, 2.248009955724755038, -4.059999999999997833 ) ) ;
#3599 = VECTOR ( 'NONE', #2692, 1000.000000000000000 ) ;
#3600 = DIRECTION ( 'NONE',  ( -2.282530889443285351E-16, -1.000000000000000000, 0.000000000000000000 ) ) ;
#3601 = DIRECTION ( 'NONE',  ( -2.282530889443284858E-16, 4.930380657631323784E-32, 1.000000000000000000 ) ) ;
#3602 = LINE ( 'NONE', #5364, #5124 ) ;
#3603 = ORIENTED_EDGE ( 'NONE', *, *, #3746, .T. ) ;
#3604 = DIRECTION ( 'NONE',  ( 0.000000000000000000, 1.000000000000000000, 0.000000000000000000 ) ) ;
#3605 = FACE_OUTER_BOUND ( 'NONE', #742, .T. ) ;
#3606 = CARTESIAN_POINT ( 'NONE',  ( 2.125000000000033307, 1.940000000000000391, 4.440000000000019931 ) ) ;
#3607 = DIRECTION ( 'NONE',  ( 0.000000000000000000, 0.000000000000000000, 1.000000000000000000 ) ) ;
#3608 = ORIENTED_EDGE ( 'NONE', *, *, #2592, .F. ) ;
#3609 = VERTEX_POINT ( 'NONE', #5726 ) ;
#3610 = DIRECTION ( 'NONE',  ( 0.000000000000000000, 1.000000000000000000, 0.000000000000000000 ) ) ;
#3611 = CARTESIAN_POINT ( 'NONE',  ( 4.699999999999964650, 0.6699999999999363132, 0.7500001760187681166 ) ) ;
#3612 = EDGE_CURVE ( 'NONE', #5165, #4192, #3524, .T. ) ;
#3613 = ORIENTED_EDGE ( 'NONE', *, *, #1494, .T. ) ;
#3614 = VECTOR ( 'NONE', #692, 1000.000000000000000 ) ;
#3615 = VERTEX_POINT ( 'NONE', #2513 ) ;
#3616 = DIRECTION ( 'NONE',  ( 0.000000000000000000, 1.000000000000000000, 0.000000000000000000 ) ) ;
#3617 = PLANE ( 'NONE',  #2480 ) ;
#3618 = ORIENTED_EDGE ( 'NONE', *, *, #1126, .T. ) ;
#3619 = EDGE_CURVE ( 'NONE', #2984, #2135, #3019, .T. ) ;
#3620 = ORIENTED_EDGE ( 'NONE', *, *, #4488, .T. ) ;
#3621 = VECTOR ( 'NONE', #1213, 1000.000000000000000 ) ;
#3622 = DIRECTION ( 'NONE',  ( 0.000000000000000000, 1.000000000000000000, 0.000000000000000000 ) ) ;
#3623 = VERTEX_POINT ( 'NONE', #5697 ) ;
#3624 = FACE_OUTER_BOUND ( 'NONE', #3277, .T. ) ;
#3625 = CIRCLE ( 'NONE', #3146, 0.2999997026963835411 ) ;
#3626 = DIRECTION ( 'NONE',  ( -0.000000000000000000, -0.000000000000000000, 1.000000000000000000 ) ) ;
#3627 = DIRECTION ( 'NONE',  ( 0.000000000000000000, -1.232595164407830946E-32, -1.000000000000000000 ) ) ;
#3628 = PLANE ( 'NONE',  #3365 ) ;
#3629 = VECTOR ( 'NONE', #4276, 1000.000000000000000 ) ;
#3630 = DIRECTION ( 'NONE',  ( -8.972707634363094063E-16, -3.574525976782713247E-31, -1.000000000000000000 ) ) ;
#3631 = DIRECTION ( 'NONE',  ( -1.000000000000000000, 0.000000000000000000, 4.872173225281118015E-14 ) ) ;
#3632 = VERTEX_POINT ( 'NONE', #381 ) ;
#3633 = DIRECTION ( 'NONE',  ( 0.000000000000000000, 1.000000000000000000, 0.000000000000000000 ) ) ;
#3634 = ORIENTED_EDGE ( 'NONE', *, *, #2035, .F. ) ;
#3635 = ORIENTED_EDGE ( 'NONE', *, *, #4151, .F. ) ;
#3636 = DIRECTION ( 'NONE',  ( -0.000000000000000000, -1.000000000000000000, -0.000000000000000000 ) ) ;
#3637 = CARTESIAN_POINT ( 'NONE',  ( -3.624999999999989342, 2.100000000000000089, -3.749999999999975575 ) ) ;
#3638 = ORIENTED_EDGE ( 'NONE', *, *, #3789, .T. ) ;
#3639 = ORIENTED_EDGE ( 'NONE', *, *, #3794, .F. ) ;
#3640 = ADVANCED_FACE ( 'NONE', ( #3924 ), #2544, .F. ) ;
#3641 = EDGE_LOOP ( 'NONE', ( #3131, #5597, #4758, #3725 ) ) ;
#3642 = CARTESIAN_POINT ( 'NONE',  ( -3.825000000000022826, 1.939999999999999947, -3.899999999999997691 ) ) ;
#3643 = CARTESIAN_POINT ( 'NONE',  ( -1.624999873552803287, 0.5399999672585112931, -4.449999999999992184 ) ) ;
#3644 = ORIENTED_EDGE ( 'NONE', *, *, #1755, .T. ) ;
#3645 = APPLICATION_CONTEXT ( 'automotive_design' ) ;
#3646 = ORIENTED_EDGE ( 'NONE', *, *, #5490, .F. ) ;
#3647 = LINE ( 'NONE', #4891, #1112 ) ;
#3648 = EDGE_CURVE ( 'NONE', #2245, #1499, #3666, .T. ) ;
#3649 = EDGE_CURVE ( 'NONE', #2537, #3479, #2991, .T. ) ;
#3650 = ORIENTED_EDGE ( 'NONE', *, *, #1433, .T. ) ;
#3651 = DIRECTION ( 'NONE',  ( 0.000000000000000000, 1.301042606982658332E-13, 1.000000000000000000 ) ) ;
#3652 = AXIS2_PLACEMENT_3D ( 'NONE', #2125, #3908, #4691 ) ;
#3653 = FACE_OUTER_BOUND ( 'NONE', #584, .T. ) ;
#3654 = SURFACE_STYLE_USAGE ( .BOTH. , #1091 ) ;
#3655 = CARTESIAN_POINT ( 'NONE',  ( -0.1499999999999999667, 0.000000000000000000, -0.2999999999999999334 ) ) ;
#3656 = AXIS2_PLACEMENT_3D ( 'NONE', #3611, #5376, #959 ) ;
#3657 = VECTOR ( 'NONE', #3967, 1000.000000000000000 ) ;
#3658 = EDGE_CURVE ( 'NONE', #2177, #5307, #760, .T. ) ;
#3659 = DIRECTION ( 'NONE',  ( 0.000000000000000000, -1.232595164407831220E-32, -1.000000000000000000 ) ) ;
#3660 = CARTESIAN_POINT ( 'NONE',  ( -3.425000000000011369, 2.100000000000000089, -4.439999999999992397 ) ) ;
#3661 = LINE ( 'NONE', #3093, #215 ) ;
#3662 = VECTOR ( 'NONE', #238, 1000.000000000000000 ) ;
#3663 = ORIENTED_EDGE ( 'NONE', *, *, #2133, .F. ) ;
#3664 = ORIENTED_EDGE ( 'NONE', *, *, #2989, .T. ) ;
#3665 = CARTESIAN_POINT ( 'NONE',  ( 4.699999999999964650, 0.5399999068108921607, -0.2282850951501756709 ) ) ;
#3666 = CIRCLE ( 'NONE', #43, 0.2000000000000334843 ) ;
#3667 = DIRECTION ( 'NONE',  ( 1.000000000000000000, 0.000000000000000000, 0.000000000000000000 ) ) ;
#3668 = ORIENTED_EDGE ( 'NONE', *, *, #2278, .T. ) ;
#3669 = DIRECTION ( 'NONE',  ( 1.000000000000000000, 0.000000000000000000, 1.169321574067468273E-13 ) ) ;
#3670 =( NAMED_UNIT ( * ) PLANE_ANGLE_UNIT ( ) SI_UNIT ( $, .RADIAN. ) );
#3671 = ORIENTED_EDGE ( 'NONE', *, *, #2748, .F. ) ;
#3672 = VECTOR ( 'NONE', #5437, 1000.000000000000000 ) ;
#3673 = ORIENTED_EDGE ( 'NONE', *, *, #476, .F. ) ;
#3674 = DIRECTION ( 'NONE',  ( 1.000000000000000000, -0.000000000000000000, 0.000000000000000000 ) ) ;
#3675 = CARTESIAN_POINT ( 'NONE',  ( 3.424999999999955858, 1.949999999999999512, -4.599999999999992539 ) ) ;
#3676 = ORIENTED_EDGE ( 'NONE', *, *, #4102, .F. ) ;
#3677 = ORIENTED_EDGE ( 'NONE', *, *, #4178, .T. ) ;
#3678 = PLANE ( 'NONE',  #4815 ) ;
#3679 = ORIENTED_EDGE ( 'NONE', *, *, #1494, .F. ) ;
#3680 = VECTOR ( 'NONE', #3659, 1000.000000000000000 ) ;
#3681 = CARTESIAN_POINT ( 'NONE',  ( -3.225000000000023626, 0.9400000703117034062, -4.449999999999992184 ) ) ;
#3682 = CARTESIAN_POINT ( 'NONE',  ( -4.549999999999999822, 0.5999999999999998668, -4.059999999999996945 ) ) ;
#3683 = CARTESIAN_POINT ( 'NONE',  ( -0.1499999999999999389, 0.2999999999999999889, -0.1500000000000000222 ) ) ;
#3684 = ADVANCED_FACE ( 'NONE', ( #4764 ), #4279, .T. ) ;
#3685 = EDGE_CURVE ( 'NONE', #544, #3754, #4390, .T. ) ;
#3686 = AXIS2_PLACEMENT_3D ( 'NONE', #740, #772, #5120 ) ;
#3687 = DIRECTION ( 'NONE',  ( 1.000000000000000000, 0.000000000000000000, 0.000000000000000000 ) ) ;
#3688 = CARTESIAN_POINT ( 'NONE',  ( -1.401393297763660284, 0.7399997694628405176, -4.599999999999992539 ) ) ;
#3689 = ADVANCED_FACE ( 'NONE', ( #815 ), #4331, .T. ) ;
#3690 = EDGE_CURVE ( 'NONE', #2849, #2498, #325, .T. ) ;
#3691 = SURFACE_STYLE_FILL_AREA ( #1545 ) ;
#3692 = EDGE_CURVE ( 'NONE', #2904, #1584, #5641, .T. ) ;
#3693 = EDGE_LOOP ( 'NONE', ( #4021, #3344, #4611, #2134 ) ) ;
#3694 = ORIENTED_EDGE ( 'NONE', *, *, #5449, .T. ) ;
#3695 = DIRECTION ( 'NONE',  ( 0.000000000000000000, 0.000000000000000000, -1.000000000000000000 ) ) ;
#3696 = CARTESIAN_POINT ( 'NONE',  ( 0.5749999999999921840, 2.100000000000000089, 3.749999999999975575 ) ) ;
#3697 = EDGE_LOOP ( 'NONE', ( #5229, #5294, #348, #1103, #4559, #1332, #4502, #2316, #3515, #475, #3052, #5350 ) ) ;
#3698 = CARTESIAN_POINT ( 'NONE',  ( 4.689999999999964864, 1.950000000000000400, -3.550333704529055723 ) ) ;
#3699 = CARTESIAN_POINT ( 'NONE',  ( -4.850000000000020961, 0.5400005333465142110, 1.846714904849782624 ) ) ;
#3700 =( NAMED_UNIT ( * ) PLANE_ANGLE_UNIT ( ) SI_UNIT ( $, .RADIAN. ) );
#3701 = PRODUCT_DEFINITION_SHAPE ( 'NONE', 'NONE',  #5754 ) ;
#3702 = ORIENTED_EDGE ( 'NONE', *, *, #3658, .F. ) ;
#3703 = EDGE_LOOP ( 'NONE', ( #2210, #185, #2048, #2312 ) ) ;
#3704 = LINE ( 'NONE', #2876, #5222 ) ;
#3705 = DIRECTION ( 'NONE',  ( 6.123233995736766036E-17, 1.000000000000000000, 5.234083393145252075E-14 ) ) ;
#3706 = ORIENTED_EDGE ( 'NONE', *, *, #130, .F. ) ;
#3707 = ORIENTED_EDGE ( 'NONE', *, *, #4711, .F. ) ;
#3708 = CARTESIAN_POINT ( 'NONE',  ( 4.849999999999965894, 1.949999999999999512, 4.300000000000025580 ) ) ;
#3709 = AXIS2_PLACEMENT_3D ( 'NONE', #2306, #4612, #3338 ) ;
#3710 = VERTEX_POINT ( 'NONE', #3020 ) ;
#3711 = AXIS2_PLACEMENT_3D ( 'NONE', #60, #4531, #4876 ) ;
#3712 = DIRECTION ( 'NONE',  ( -0.000000000000000000, -0.000000000000000000, -1.000000000000000000 ) ) ;
#3713 = LINE ( 'NONE', #2190, #1739 ) ;
#3714 = VECTOR ( 'NONE', #4304, 1000.000000000000000 ) ;
#3715 = DIRECTION ( 'NONE',  ( -1.000000000000000000, 0.000000000000000000, -1.355252715606881036E-16 ) ) ;
#3716 = LINE ( 'NONE', #3744, #3195 ) ;
#3717 = ADVANCED_FACE ( 'NONE', ( #4822 ), #5200, .T. ) ;
#3718 = DIRECTION ( 'NONE',  ( 0.000000000000000000, 1.000000000000000000, 0.000000000000000000 ) ) ;
#3719 = CARTESIAN_POINT ( 'NONE',  ( -4.850000000000020961, 0.4700006265358621649, 2.225000176018558484 ) ) ;
#3720 = VECTOR ( 'NONE', #3622, 1000.000000000000000 ) ;
#3721 =( NAMED_UNIT ( * ) PLANE_ANGLE_UNIT ( ) SI_UNIT ( $, .RADIAN. ) );
#3722 = EDGE_LOOP ( 'NONE', ( #3557, #1509, #3488, #1176 ) ) ;
#3723 = EDGE_CURVE ( 'NONE', #2745, #2784, #2727, .T. ) ;
#3724 = MECHANICAL_DESIGN_GEOMETRIC_PRESENTATION_REPRESENTATION (  '', ( #3246 ), #4637 ) ;
#3725 = ORIENTED_EDGE ( 'NONE', *, *, #3039, .F. ) ;
#3726 = ADVANCED_FACE ( 'NONE', ( #3161 ), #877, .T. ) ;
#3727 = FACE_OUTER_BOUND ( 'NONE', #2993, .T. ) ;
#3728 = FACE_OUTER_BOUND ( 'NONE', #2023, .T. ) ;
#3729 = ORIENTED_EDGE ( 'NONE', *, *, #5553, .F. ) ;
#3730 = CARTESIAN_POINT ( 'NONE',  ( 0.3750000000000143774, 0.9400000000000596767, 4.450000000000019718 ) ) ;
#3731 = CARTESIAN_POINT ( 'NONE',  ( 0.7750000000000117906, 1.940000000000000391, 3.889999999999997460 ) ) ;
#3732 = DIRECTION ( 'NONE',  ( 1.000000000000000000, 0.000000000000000000, 0.000000000000000000 ) ) ;
#3733 = EDGE_CURVE ( 'NONE', #3133, #4638, #4883, .T. ) ;
#3734 = ORIENTED_EDGE ( 'NONE', *, *, #4277, .F. ) ;
#3735 = EDGE_LOOP ( 'NONE', ( #4592, #1502, #1936, #4990 ) ) ;
#3736 = EDGE_CURVE ( 'NONE', #5734, #914, #905, .T. ) ;
#3737 = DIRECTION ( 'NONE',  ( -1.000000000000000000, -2.990902544787698185E-16, -2.990902544787698678E-16 ) ) ;
#3738 = ORIENTED_EDGE ( 'NONE', *, *, #3212, .T. ) ;
#3739 = VERTEX_POINT ( 'NONE', #4480 ) ;
#3740 = FACE_OUTER_BOUND ( 'NONE', #3994, .T. ) ;
#3741 = VERTEX_POINT ( 'NONE', #4077 ) ;
#3742 = DIRECTION ( 'NONE',  ( 0.000000000000000000, 1.000000000000000000, 0.000000000000000000 ) ) ;
#3743 = DIRECTION ( 'NONE',  ( 1.000000000000000000, 0.000000000000000000, 0.000000000000000000 ) ) ;
#3744 = CARTESIAN_POINT ( 'NONE',  ( 0.3750000000000143219, 1.939999999999999059, -5.688170446387289303 ) ) ;
#3745 = VECTOR ( 'NONE', #3977, 1000.000000000000000 ) ;
#3746 = EDGE_CURVE ( 'NONE', #2401, #4533, #4674, .T. ) ;
#3747 = DIRECTION ( 'NONE',  ( 0.000000000000000000, -1.000000000000000000, 0.000000000000000000 ) ) ;
#3748 = DIRECTION ( 'NONE',  ( 2.392722035830090785E-14, 1.000000000000000000, 0.000000000000000000 ) ) ;
#3749 = EDGE_CURVE ( 'NONE', #1897, #5435, #1386, .T. ) ;
#3750 = VECTOR ( 'NONE', #864, 1000.000000000000000 ) ;
#3751 = AXIS2_PLACEMENT_3D ( 'NONE', #4089, #4833, #2215 ) ;
#3752 = CARTESIAN_POINT ( 'NONE',  ( 1.724999999999976552, 1.949999999999999956, 3.889999999999997460 ) ) ;
#3753 = ORIENTED_EDGE ( 'NONE', *, *, #5341, .T. ) ;
#3754 = VERTEX_POINT ( 'NONE', #2231 ) ;
#3755 = FACE_OUTER_BOUND ( 'NONE', #91, .T. ) ;
#3756 = CARTESIAN_POINT ( 'NONE',  ( 0.2999999999999999334, 0.2999999999999999889, -0.1500000000000000777 ) ) ;
#3757 = ORIENTED_EDGE ( 'NONE', *, *, #587, .F. ) ;
#3758 = CARTESIAN_POINT ( 'NONE',  ( -3.825000000000009059, 1.940000000000000391, -3.889999999999997460 ) ) ;
#3759 = AXIS2_PLACEMENT_3D ( 'NONE', #186, #1134, #1079 ) ;
#3760 = EDGE_CURVE ( 'NONE', #2481, #1301, #137, .T. ) ;
#3761 = VECTOR ( 'NONE', #1455, 1000.000000000000000 ) ;
#3762 = EDGE_CURVE ( 'NONE', #3279, #3540, #2314, .T. ) ;
#3763 = ORIENTED_EDGE ( 'NONE', *, *, #3690, .T. ) ;
#3764 = ORIENTED_EDGE ( 'NONE', *, *, #5591, .T. ) ;
#3765 = CARTESIAN_POINT ( 'NONE',  ( 4.025000000000000355, 0.5899999999999994138, -4.599999999999993427 ) ) ;
#3766 = ORIENTED_EDGE ( 'NONE', *, *, #4346, .F. ) ;
#3767 = ORIENTED_EDGE ( 'NONE', *, *, #4169, .T. ) ;
#3768 = ADVANCED_FACE ( 'NONE', ( #440 ), #1851, .T. ) ;
#3769 = DIRECTION ( 'NONE',  ( 1.000000000000000000, 0.000000000000000000, 0.000000000000000000 ) ) ;
#3770 = VECTOR ( 'NONE', #5297, 1000.000000000000000 ) ;
#3771 = CARTESIAN_POINT ( 'NONE',  ( 1.401394000000333095, 0.7400003959984737811, -4.599999999999992539 ) ) ;
#3772 = LINE ( 'NONE', #5531, #4262 ) ;
#3773 = DIRECTION ( 'NONE',  ( -1.000000000000000000, 0.000000000000000000, 0.000000000000000000 ) ) ;
#3774 = DIRECTION ( 'NONE',  ( 1.000000000000000000, 0.000000000000000000, 0.000000000000000000 ) ) ;
#3775 = AXIS2_PLACEMENT_3D ( 'NONE', #4949, #3971, #4470 ) ;
#3776 = CIRCLE ( 'NONE', #1806, 0.1599999999999995592 ) ;
#3777 = FACE_OUTER_BOUND ( 'NONE', #4620, .T. ) ;
#3778 = CARTESIAN_POINT ( 'NONE',  ( -1.228285095149869832, 0.5400000561974335200, -4.449999999999992184 ) ) ;
#3779 = ORIENTED_EDGE ( 'NONE', *, *, #4154, .F. ) ;
#3780 = CARTESIAN_POINT ( 'NONE',  ( -4.690000000000020819, 1.999999999999975353, -3.550333704529037959 ) ) ;
#3781 = ORIENTED_EDGE ( 'NONE', *, *, #2714, .F. ) ;
#3782 = VERTEX_POINT ( 'NONE', #3590 ) ;
#3783 = CARTESIAN_POINT ( 'NONE',  ( 0.7750000000000264455, 2.099999999999999201, 0.6148211616413263858 ) ) ;
#3784 = CARTESIAN_POINT ( 'NONE',  ( 10.74234783244954450, 0.5999999999999998668, -4.060000000000014708 ) ) ;
#3785 = CARTESIAN_POINT ( 'NONE',  ( -10.74234783244954450, 1.940000000000000391, -3.889999999999997460 ) ) ;
#3786 = ORIENTED_EDGE ( 'NONE', *, *, #5444, .F. ) ;
#3787 = ORIENTED_EDGE ( 'NONE', *, *, #689, .T. ) ;
#3788 = CYLINDRICAL_SURFACE ( 'NONE', #3759, 0.2000000000000406453 ) ;
#3789 = EDGE_CURVE ( 'NONE', #2745, #4405, #5608, .T. ) ;
#3790 = VERTEX_POINT ( 'NONE', #4912 ) ;
#3791 = EDGE_LOOP ( 'NONE', ( #1358, #5154, #1173, #4193 ) ) ;
#3792 = DIRECTION ( 'NONE',  ( 0.000000000000000000, 0.000000000000000000, -1.000000000000000000 ) ) ;
#3793 = LINE ( 'NONE', #163, #2357 ) ;
#3794 = EDGE_CURVE ( 'NONE', #2309, #1301, #3983, .T. ) ;
#3795 = ADVANCED_FACE ( 'NONE', ( #2 ), #5352, .T. ) ;
#3796 = DIRECTION ( 'NONE',  ( -1.000000000000000000, 0.000000000000000000, -0.000000000000000000 ) ) ;
#3797 = DIRECTION ( 'NONE',  ( 1.000000000000000000, 0.000000000000000000, -0.000000000000000000 ) ) ;
#3798 = CARTESIAN_POINT ( 'NONE',  ( 4.025000000000000355, 0.4399999999999993916, -4.599999999999993427 ) ) ;
#3799 = VECTOR ( 'NONE', #1688, 1000.000000000000000 ) ;
#3800 = DIRECTION ( 'NONE',  ( 3.423796334164928027E-16, -1.000000000000000000, 7.395570986446987865E-32 ) ) ;
#3801 = LINE ( 'NONE', #5006, #4762 ) ;
#3802 = ORIENTED_EDGE ( 'NONE', *, *, #197, .T. ) ;
#3803 = LINE ( 'NONE', #3031, #5118 ) ;
#3804 = CIRCLE ( 'NONE', #4811, 0.1600000000000004197 ) ;
#3805 = ORIENTED_EDGE ( 'NONE', *, *, #3175, .F. ) ;
#3806 = ORIENTED_EDGE ( 'NONE', *, *, #1357, .T. ) ;
#3807 = LINE ( 'NONE', #4780, #3799 ) ;
#3808 = VECTOR ( 'NONE', #359, 1000.000000000000000 ) ;
#3809 = CARTESIAN_POINT ( 'NONE',  ( -1.228285095149869832, 0.5400000561974335200, 9.561909157685011706 ) ) ;
#3810 = CARTESIAN_POINT ( 'NONE',  ( 4.695219866587597934, 1.948922269036098553, -3.550222501402790609 ) ) ;
#3811 = EDGE_LOOP ( 'NONE', ( #3753, #1798, #3428, #4649 ) ) ;
#3812 = VERTEX_POINT ( 'NONE', #4936 ) ;
#3813 = LINE ( 'NONE', #1942, #3662 ) ;
#3814 = VERTEX_POINT ( 'NONE', #3642 ) ;
#3815 = ORIENTED_EDGE ( 'NONE', *, *, #5132, .T. ) ;
#3816 = LINE ( 'NONE', #1113, #5477 ) ;
#3817 = EDGE_CURVE ( 'NONE', #3553, #4208, #594, .T. ) ;
#3818 = CARTESIAN_POINT ( 'NONE',  ( 0.1499999999999999667, 0.2999999999999999889, -0.1499999999999999389 ) ) ;
#3819 = VECTOR ( 'NONE', #466, 1000.000000000000000 ) ;
#3820 = DIRECTION ( 'NONE',  ( -7.081411840869349144E-31, 1.156482317317891801E-14, -1.000000000000000000 ) ) ;
#3821 = CARTESIAN_POINT ( 'NONE',  ( 1.401394000000333095, 0.7400003959984737811, -4.449999999999988631 ) ) ;
#3822 = CARTESIAN_POINT ( 'NONE',  ( -11.27290224021418652, 0.9399996200763239829, -3.350000095150287294 ) ) ;
#3823 = EDGE_CURVE ( 'NONE', #2233, #3078, #1824, .T. ) ;
#3824 = ADVANCED_FACE ( 'NONE', ( #3134 ), #935, .F. ) ;
#3825 = CARTESIAN_POINT ( 'NONE',  ( 0.3750000000000143774, 0.9400000000000596767, -5.688170446387289303 ) ) ;
#3826 = DIRECTION ( 'NONE',  ( -5.528289814231654152E-14, -1.900661743516875319E-29, -1.000000000000000000 ) ) ;
#3827 = EDGE_LOOP ( 'NONE', ( #1914, #3764, #5453, #1420 ) ) ;
#3828 = DIRECTION ( 'NONE',  ( 1.000000000000000000, 0.000000000000000000, 0.000000000000000000 ) ) ;
#3829 = EDGE_CURVE ( 'NONE', #2784, #4672, #1414, .T. ) ;
#3830 = ORIENTED_EDGE ( 'NONE', *, *, #3685, .T. ) ;
#3831 = ORIENTED_EDGE ( 'NONE', *, *, #2915, .F. ) ;
#3832 = DIRECTION ( 'NONE',  ( 0.000000000000000000, 0.000000000000000000, -1.000000000000000000 ) ) ;
#3833 = CLOSED_SHELL ( 'NONE', ( #3490, #365, #1642, #5455, #5347, #414, #1993, #2208, #2628, #1536, #3001, #5358, #343, #3128 ) ) ;
#3834 = COLOUR_RGB ( '',0.7921568627450980005, 0.8196078431372548767, 0.9333333333333333481 ) ;
#3835 = CARTESIAN_POINT ( 'NONE',  ( -0.2999999999999999334, 0.2999999999999999889, -0.1499999999999999944 ) ) ;
#3836 = DIRECTION ( 'NONE',  ( 0.000000000000000000, 0.000000000000000000, 1.000000000000000000 ) ) ;
#3837 = DIRECTION ( 'NONE',  ( 0.000000000000000000, 1.156482317317891801E-14, -1.000000000000000000 ) ) ;
#3838 = AXIS2_PLACEMENT_3D ( 'NONE', #369, #3942, #3401 ) ;
#3839 = AXIS2_PLACEMENT_3D ( 'NONE', #1369, #132, #1831 ) ;
#3840 = EDGE_LOOP ( 'NONE', ( #1405, #2931, #311, #533 ) ) ;
#3841 = VERTEX_POINT ( 'NONE', #3073 ) ;
#3842 = CARTESIAN_POINT ( 'NONE',  ( 0.3750000000000142109, 1.940000000000000391, 4.440000000000019931 ) ) ;
#3843 = ORIENTED_EDGE ( 'NONE', *, *, #278, .F. ) ;
#3844 = CARTESIAN_POINT ( 'NONE',  ( 4.549999999999998934, 1.940000000000000391, 4.440000000000019931 ) ) ;
#3845 = AXIS2_PLACEMENT_3D ( 'NONE', #2975, #778, #2530 ) ;
#3846 = DIRECTION ( 'NONE',  ( -4.673285226230869781E-17, 1.000000000000000000, 0.000000000000000000 ) ) ;
#3847 = DIRECTION ( 'NONE',  ( -1.000000000000000000, 0.000000000000000000, 0.000000000000000000 ) ) ;
#3848 = AXIS2_PLACEMENT_3D ( 'NONE', #4511, #2635, #4050 ) ;
#3849 = CARTESIAN_POINT ( 'NONE',  ( 0.000000000000000000, 0.3400000000000000244, 0.000000000000000000 ) ) ;
#3850 = DIRECTION ( 'NONE',  ( 1.000000000000000000, 0.000000000000000000, 0.000000000000000000 ) ) ;
#3851 = PRESENTATION_LAYER_ASSIGNMENT (  '', '', ( #3478 ) ) ;
#3852 = CARTESIAN_POINT ( 'NONE',  ( 4.849999999999965894, 0.6700000000000325695, 0.1500001760186178146 ) ) ;
#3853 = EDGE_CURVE ( 'NONE', #1731, #3111, #5466, .T. ) ;
#3854 = ADVANCED_FACE ( 'NONE', ( #4992 ), #1444, .T. ) ;
#3855 = CARTESIAN_POINT ( 'NONE',  ( -11.27290224021418652, 0.9399996200762077425, -3.550000095150265267 ) ) ;
#3856 = CARTESIAN_POINT ( 'NONE',  ( -4.549999999999999822, 0.5999999999999998668, -4.059999999999996945 ) ) ;
#3857 = CARTESIAN_POINT ( 'NONE',  ( 2.325000000000077005, 0.7399999999999993250, 4.600000000000020961 ) ) ;
#3858 = VECTOR ( 'NONE', #2503, 1000.000000000000000 ) ;
#3859 = ORIENTED_EDGE ( 'NONE', *, *, #809, .F. ) ;
#3860 = ORIENTED_EDGE ( 'NONE', *, *, #3030, .T. ) ;
#3861 = PLANE ( 'NONE',  #732 ) ;
#3862 = EDGE_CURVE ( 'NONE', #4033, #673, #4299, .T. ) ;
#3863 = EDGE_CURVE ( 'NONE', #5401, #4483, #1555, .T. ) ;
#3864 = DIRECTION ( 'NONE',  ( -0.7071110813121778138, 0.7071024810347666945, 0.000000000000000000 ) ) ;
#3865 = CARTESIAN_POINT ( 'NONE',  ( -4.549999999999998934, 2.100000000000000089, -3.699999999999997513 ) ) ;
#3866 = VECTOR ( 'NONE', #248, 1000.000000000000000 ) ;
#3867 = DIRECTION ( 'NONE',  ( 3.423796334164928027E-16, -1.000000000000000000, 7.395570986446986770E-32 ) ) ;
#3868 = CONTEXT_DEPENDENT_SHAPE_REPRESENTATION ( #3934, #1140 ) ;
#3869 = ORIENTED_EDGE ( 'NONE', *, *, #972, .F. ) ;
#3870 = ORIENTED_EDGE ( 'NONE', *, *, #379, .F. ) ;
#3871 = LINE ( 'NONE', #3917, #4471 ) ;
#3872 = DIRECTION ( 'NONE',  ( 0.000000000000000000, 1.000000000000000000, 0.000000000000000000 ) ) ;
#3873 = CARTESIAN_POINT ( 'NONE',  ( 4.699999999999964650, 0.7399996200763460097, -3.350000095150289958 ) ) ;
#3874 = ORIENTED_EDGE ( 'NONE', *, *, #5309, .F. ) ;
#3875 = FACE_OUTER_BOUND ( 'NONE', #2955, .T. ) ;
#3876 = DIRECTION ( 'NONE',  ( 1.000000000000000000, 0.000000000000000000, 0.000000000000000000 ) ) ;
#3877 = CARTESIAN_POINT ( 'NONE',  ( -4.350000000000020961, 0.4399999999999993916, -4.599999999999991651 ) ) ;
#3878 = CARTESIAN_POINT ( 'NONE',  ( 0.1282860000003660517, 0.7400003959984737811, 9.561909157685011706 ) ) ;
#3879 = CARTESIAN_POINT ( 'NONE',  ( 4.689999999999964864, 2.100000000000000089, 4.300000000000025580 ) ) ;
#3880 = DIRECTION ( 'NONE',  ( 0.000000000000000000, 1.000000000000000000, 7.477257951608915259E-16 ) ) ;
#3881 = CARTESIAN_POINT ( 'NONE',  ( 0.1499999999999999667, 0.2999999999999999889, -0.2999999999999999334 ) ) ;
#3882 = ADVANCED_FACE ( 'NONE', ( #5494 ), #3227, .F. ) ;
#3883 = AXIS2_PLACEMENT_3D ( 'NONE', #2556, #2074, #3480 ) ;
#3884 = VERTEX_POINT ( 'NONE', #3765 ) ;
#3885 = CARTESIAN_POINT ( 'NONE',  ( 0.7750000000000248912, 0.5899999999999994138, 3.900000000000014566 ) ) ;
#3886 = CARTESIAN_POINT ( 'NONE',  ( -0.2999999999999999334, 0.2999999999999999889, -0.1499999999999999944 ) ) ;
#3887 = PLANE ( 'NONE',  #4024 ) ;
#3888 = CIRCLE ( 'NONE', #3981, 0.2000000000000057288 ) ;
#3889 = DIRECTION ( 'NONE',  ( 0.000000000000000000, 1.000000000000000000, 0.000000000000000000 ) ) ;
#3890 = APPLICATION_PROTOCOL_DEFINITION ( 'draft international standard', 'automotive_design', 1998, #3035 ) ;
#3891 = EDGE_CURVE ( 'NONE', #1770, #558, #3704, .T. ) ;
#3892 = EDGE_CURVE ( 'NONE', #252, #928, #4669, .T. ) ;
#3893 = ORIENTED_EDGE ( 'NONE', *, *, #3892, .F. ) ;
#3894 = VECTOR ( 'NONE', #5735, 1000.000000000000000 ) ;
#3895 = ORIENTED_EDGE ( 'NONE', *, *, #1211, .F. ) ;
#3896 = CARTESIAN_POINT ( 'NONE',  ( 0.2999999999999999334, 0.000000000000000000, -0.1500000000000000777 ) ) ;
#3897 = CARTESIAN_POINT ( 'NONE',  ( 4.549999999999998934, 0.9400000000000614531, 4.450000000000019718 ) ) ;
#3898 = STYLED_ITEM ( 'NONE', ( #960 ), #1299 ) ;
#3899 = EDGE_CURVE ( 'NONE', #1383, #2481, #3813, .T. ) ;
#3900 = DIRECTION ( 'NONE',  ( 0.000000000000000000, 0.000000000000000000, -1.000000000000000000 ) ) ;
#3901 = DIRECTION ( 'NONE',  ( 1.000000000000000000, 0.000000000000000000, 0.000000000000000000 ) ) ;
#3902 = ORIENTED_EDGE ( 'NONE', *, *, #799, .F. ) ;
#3903 = CARTESIAN_POINT ( 'NONE',  ( 11.27290200957160238, 0.6050006264990258620, 3.014142979199657901 ) ) ;
#3904 = DIRECTION ( 'NONE',  ( 0.000000000000000000, 1.000000000000000000, 0.000000000000000000 ) ) ;
#3905 = LINE ( 'NONE', #4397, #3527 ) ;
#3906 = DIRECTION ( 'NONE',  ( 0.000000000000000000, -0.000000000000000000, 1.000000000000000000 ) ) ;
#3907 = CARTESIAN_POINT ( 'NONE',  ( 3.307843000000032507, 0.7399999999999984368, -4.599999999999992539 ) ) ;
#3908 = DIRECTION ( 'NONE',  ( -1.000000000000000000, 0.000000000000000000, 0.000000000000000000 ) ) ;
#3909 = DIRECTION ( 'NONE',  ( 1.000000000000000000, 0.000000000000000000, 0.000000000000000000 ) ) ;
#3910 = ORIENTED_EDGE ( 'NONE', *, *, #4635, .F. ) ;
#3911 = DIRECTION ( 'NONE',  ( 0.000000000000000000, 0.000000000000000000, 1.000000000000000000 ) ) ;
#3912 = CARTESIAN_POINT ( 'NONE',  ( 3.424999999999955858, 0.9400000000000310330, 9.561909157685011706 ) ) ;
#3913 = CARTESIAN_POINT ( 'NONE',  ( 4.549999999999998934, 2.100000000000000977, 4.440000000000019931 ) ) ;
#3914 = CARTESIAN_POINT ( 'NONE',  ( 4.849999999999965894, 1.939999999999999947, 4.300000000000019362 ) ) ;
#3915 = VERTEX_POINT ( 'NONE', #5052 ) ;
#3916 = ORIENTED_EDGE ( 'NONE', *, *, #2683, .F. ) ;
#3917 = CARTESIAN_POINT ( 'NONE',  ( -3.425000000000011369, 1.939999999999999947, 9.561909157685011706 ) ) ;
#3918 = CARTESIAN_POINT ( 'NONE',  ( 4.549999999999998934, 1.949999999999999512, 4.600000000000020961 ) ) ;
#3919 = ADVANCED_FACE ( 'NONE', ( #1529 ), #5548, .T. ) ;
#3920 = PRODUCT_RELATED_PRODUCT_CATEGORY ( 'part', '', ( #1965 ) ) ;
#3921 = VECTOR ( 'NONE', #2922, 1000.000000000000000 ) ;
#3922 = VECTOR ( 'NONE', #4553, 1000.000000000000000 ) ;
#3923 = ORIENTED_EDGE ( 'NONE', *, *, #2630, .T. ) ;
#3924 = FACE_OUTER_BOUND ( 'NONE', #4619, .T. ) ;
#3925 = CARTESIAN_POINT ( 'NONE',  ( -4.700000000000019718, 0.7400008731479412738, 3.203285999999902600 ) ) ;
#3926 = ORIENTED_EDGE ( 'NONE', *, *, #532, .F. ) ;
#3927 = EDGE_CURVE ( 'NONE', #3632, #3812, #3103, .T. ) ;
#3928 = ADVANCED_FACE ( 'NONE', ( #5110 ), #3788, .T. ) ;
#3929 = FACE_OUTER_BOUND ( 'NONE', #1544, .T. ) ;
#3930 = PLANE ( 'NONE',  #2533 ) ;
#3931 = EDGE_LOOP ( 'NONE', ( #1388, #419, #313, #382 ) ) ;
#3932 = CARTESIAN_POINT ( 'NONE',  ( 1.625000221597069805, 0.8399999004920813972, -4.599999999999992539 ) ) ;
#3933 = VECTOR ( 'NONE', #571, 1000.000000000000000 ) ;
#3934 =( REPRESENTATION_RELATIONSHIP ('NONE','NONE', #5303, #4122 ) REPRESENTATION_RELATIONSHIP_WITH_TRANSFORMATION ( #1611 )SHAPE_REPRESENTATION_RELATIONSHIP( ) );
#3935 = DIRECTION ( 'NONE',  ( 1.000000000000000000, 0.000000000000000000, 0.000000000000000000 ) ) ;
#3936 = DIRECTION ( 'NONE',  ( -1.000000000000000000, 0.000000000000000000, 0.000000000000000000 ) ) ;
#3937 = CYLINDRICAL_SURFACE ( 'NONE', #117, 0.2000000000000334843 ) ;
#3938 = CARTESIAN_POINT ( 'NONE',  ( -11.27290224021418652, 0.4699999999999678324, 0.7500001760186051358 ) ) ;
#3939 = ORIENTED_EDGE ( 'NONE', *, *, #4177, .T. ) ;
#3940 = PLANE ( 'NONE',  #3330 ) ;
#3941 = DIRECTION ( 'NONE',  ( 1.000000000000000000, 0.000000000000000000, 0.000000000000000000 ) ) ;
#3942 = DIRECTION ( 'NONE',  ( 3.423796334164928027E-16, -1.000000000000000000, 7.395570986446987865E-32 ) ) ;
#3943 = CARTESIAN_POINT ( 'NONE',  ( -6.449999999999993960, 0.000000000000000000, 4.800000000000002487 ) ) ;
#3944 = VECTOR ( 'NONE', #3850, 1000.000000000000000 ) ;
#3945 = APPLICATION_PROTOCOL_DEFINITION ( 'draft international standard', 'automotive_design', 1998, #1730 ) ;
#3946 = VERTEX_POINT ( 'NONE', #1022 ) ;
#3947 = EDGE_LOOP ( 'NONE', ( #1470, #3706, #3679, #676 ) ) ;
#3948 = DIRECTION ( 'NONE',  ( 0.000000000000000000, -7.477257951608915259E-16, 1.000000000000000000 ) ) ;
#3949 = FACE_OUTER_BOUND ( 'NONE', #5542, .T. ) ;
#3950 = AXIS2_PLACEMENT_3D ( 'NONE', #780, #5162, #2953 ) ;
#3951 = EDGE_CURVE ( 'NONE', #2099, #4890, #1501, .T. ) ;
#3952 = ORIENTED_EDGE ( 'NONE', *, *, #1485, .T. ) ;
#3953 = VECTOR ( 'NONE', #5535, 1000.000000000000000 ) ;
#3954 = CARTESIAN_POINT ( 'NONE',  ( 0.1499999999999999667, 0.2999999999999999889, -0.2999999999999999334 ) ) ;
#3955 = DIRECTION ( 'NONE',  ( 1.000000000000000000, 0.000000000000000000, 0.000000000000000000 ) ) ;
#3956 = ORIENTED_EDGE ( 'NONE', *, *, #3032, .T. ) ;
#3957 = DIRECTION ( 'NONE',  ( -1.169321574067468273E-13, 0.000000000000000000, 1.000000000000000000 ) ) ;
#3958 = CARTESIAN_POINT ( 'NONE',  ( 4.025000000000000355, 0.4399999999999993916, -4.599999999999993427 ) ) ;
#3959 = ORIENTED_EDGE ( 'NONE', *, *, #1635, .T. ) ;
#3960 = DIRECTION ( 'NONE',  ( -1.000000000000000000, 0.000000000000000000, -1.355252715606881036E-16 ) ) ;
#3961 = ADVANCED_FACE ( 'NONE', ( #1970 ), #674, .T. ) ;
#3962 = ADVANCED_FACE ( 'NONE', ( #4247 ), #2022, .F. ) ;
#3963 = ORIENTED_EDGE ( 'NONE', *, *, #3892, .T. ) ;
#3964 = DIRECTION ( 'NONE',  ( 1.000000000000000000, 0.000000000000000000, 0.000000000000000000 ) ) ;
#3965 = CARTESIAN_POINT ( 'NONE',  ( 0.000000000000000000, 0.2999999999999999889, 0.1499999999999999389 ) ) ;
#3966 = CARTESIAN_POINT ( 'NONE',  ( 4.689999999999964864, 2.100000000000000089, -3.550333704529049061 ) ) ;
#3967 = DIRECTION ( 'NONE',  ( 3.423796334164928027E-16, -1.000000000000000000, 7.395570986446987865E-32 ) ) ;
#3968 = EDGE_CURVE ( 'NONE', #2871, #1674, #4618, .T. ) ;
#3969 = EDGE_LOOP ( 'NONE', ( #1486, #4874, #3319, #4290 ) ) ;
#3970 = DIRECTION ( 'NONE',  ( 0.000000000000000000, 0.000000000000000000, 1.000000000000000000 ) ) ;
#3971 = DIRECTION ( 'NONE',  ( 0.000000000000000000, -1.000000000000000000, -1.034815797196514095E-14 ) ) ;
#3972 = FACE_OUTER_BOUND ( 'NONE', #478, .T. ) ;
#3973 = PLANE ( 'NONE',  #5580 ) ;
#3974 = AXIS2_PLACEMENT_3D ( 'NONE', #3097, #4476, #1727 ) ;
#3975 = ORIENTED_EDGE ( 'NONE', *, *, #1145, .F. ) ;
#3976 = EDGE_LOOP ( 'NONE', ( #4218, #5194, #699, #4260 ) ) ;
#3977 = DIRECTION ( 'NONE',  ( 0.000000000000000000, 0.000000000000000000, -1.000000000000000000 ) ) ;
#3978 = AXIS2_PLACEMENT_3D ( 'NONE', #1575, #2947, #3399 ) ;
#3979 = CARTESIAN_POINT ( 'NONE',  ( 4.700000000000030376, 1.950000000000000400, -3.699999999999997513 ) ) ;
#3980 =( LENGTH_UNIT ( ) NAMED_UNIT ( * ) SI_UNIT ( .MILLI., .METRE. ) );
#3981 = AXIS2_PLACEMENT_3D ( 'NONE', #3495, #441, #353 ) ;
#3982 = VERTEX_POINT ( 'NONE', #155 ) ;
#3983 = LINE ( 'NONE', #4451, #5330 ) ;
#3984 = DIRECTION ( 'NONE',  ( -6.123233995736766036E-17, 1.000000000000000000, 0.000000000000000000 ) ) ;
#3985 = ORIENTED_EDGE ( 'NONE', *, *, #4800, .F. ) ;
#3986 = AXIS2_PLACEMENT_3D ( 'NONE', #2523, #387, #1654 ) ;
#3987 = DIRECTION ( 'NONE',  ( 0.000000000000000000, -0.000000000000000000, 1.000000000000000000 ) ) ;
#3988 = DIRECTION ( 'NONE',  ( 1.000000000000000000, 0.000000000000000000, 0.000000000000000000 ) ) ;
#3989 = ORIENTED_EDGE ( 'NONE', *, *, #5235, .T. ) ;
#3990 = EDGE_CURVE ( 'NONE', #1352, #3553, #1910, .T. ) ;
#3991 = CARTESIAN_POINT ( 'NONE',  ( -0.8499998239810844236, 0.6700001493862459689, -4.449999999999992184 ) ) ;
#3992 = VECTOR ( 'NONE', #2281, 1000.000000000000000 ) ;
#3993 = PRESENTATION_LAYER_ASSIGNMENT (  '', '', ( #3246 ) ) ;
#3994 = EDGE_LOOP ( 'NONE', ( #4542, #2509, #838, #2695 ) ) ;
#3995 = DIRECTION ( 'NONE',  ( 1.000000000000000000, -0.000000000000000000, -0.000000000000000000 ) ) ;
#3996 = DIRECTION ( 'NONE',  ( -1.381324727921684874E-15, -1.000000000000000000, 1.602373713730180230E-30 ) ) ;
#3997 = DIRECTION ( 'NONE',  ( 0.000000000000000000, -1.000000000000000000, 1.232595164407830946E-32 ) ) ;
#3998 = ADVANCED_FACE ( 'NONE', ( #2111 ), #402, .T. ) ;
#3999 = CARTESIAN_POINT ( 'NONE',  ( 1.724999999999995648, 1.940000000000000169, 3.889999999999997460 ) ) ;
#4000 = ADVANCED_FACE ( 'NONE', ( #349 ), #3431, .T. ) ;
#4001 = EDGE_LOOP ( 'NONE', ( #4381, #5039, #953, #320 ) ) ;
#4002 = LINE ( 'NONE', #5475, #81 ) ;
#4003 = LINE ( 'NONE', #20, #3202 ) ;
#4004 = CIRCLE ( 'NONE', #4648, 0.2000000000000057288 ) ;
#4005 = DIRECTION ( 'NONE',  ( 0.000000000000000000, 0.000000000000000000, 1.000000000000000000 ) ) ;
#4006 = FACE_OUTER_BOUND ( 'NONE', #4041, .T. ) ;
#4007 = EDGE_CURVE ( 'NONE', #3589, #1867, #4734, .T. ) ;
#4008 = VERTEX_POINT ( 'NONE', #1667 ) ;
#4009 = EDGE_LOOP ( 'NONE', ( #3430, #2021, #3562, #4569 ) ) ;
#4010 = DIRECTION ( 'NONE',  ( 0.000000000000000000, 0.000000000000000000, -1.000000000000000000 ) ) ;
#4011 = CARTESIAN_POINT ( 'NONE',  ( 0.1499999999999999667, 0.000000000000000000, 0.2999999999999999334 ) ) ;
#4012 = EDGE_LOOP ( 'NONE', ( #3083, #2289, #2285, #1353 ) ) ;
#4013 = ORIENTED_EDGE ( 'NONE', *, *, #4082, .F. ) ;
#4014 = CARTESIAN_POINT ( 'NONE',  ( -4.549999999999998934, 1.940000000000000169, -3.889999999999997460 ) ) ;
#4015 = FACE_OUTER_BOUND ( 'NONE', #3947, .T. ) ;
#4016 = ORIENTED_EDGE ( 'NONE', *, *, #1323, .F. ) ;
#4017 = AXIS2_PLACEMENT_3D ( 'NONE', #2976, #5717, #3836 ) ;
#4018 = VECTOR ( 'NONE', #1773, 1000.000000000000000 ) ;
#4019 = CIRCLE ( 'NONE', #1404, 0.2000000000000889955 ) ;
#4020 = DIRECTION ( 'NONE',  ( 0.000000000000000000, -1.000000000000000000, 0.000000000000000000 ) ) ;
#4021 = ORIENTED_EDGE ( 'NONE', *, *, #5444, .T. ) ;
#4022 = CARTESIAN_POINT ( 'NONE',  ( -4.700000000000019718, 0.7400002466120764177, -3.350000095150233559 ) ) ;
#4023 = VECTOR ( 'NONE', #4182, 1000.000000000000000 ) ;
#4024 = AXIS2_PLACEMENT_3D ( 'NONE', #51, #2743, #1402 ) ;
#4025 = STYLED_ITEM ( 'NONE', ( #3504 ), #957 ) ;
#4026 = ORIENTED_EDGE ( 'NONE', *, *, #1711, .T. ) ;
#4027 = DIRECTION ( 'NONE',  ( 1.000000000000000000, 0.000000000000000000, -0.000000000000000000 ) ) ;
#4028 = B_SPLINE_CURVE_WITH_KNOTS ( 'NONE', 1,
 ( #1576, #1039 ),
 .UNSPECIFIED., .F., .F.,
 ( 2, 2 ),
 ( 0.000000000000000000, 1.000000000000000000 ),
 .UNSPECIFIED. ) ;
#4029 = DIRECTION ( 'NONE',  ( -1.000000000000000000, 0.000000000000000000, 1.850371707708455984E-13 ) ) ;
#4030 = CARTESIAN_POINT ( 'NONE',  ( 1.724999999999976774, 0.5999999999999989786, 0.6148211616413268299 ) ) ;
#4031 = DIRECTION ( 'NONE',  ( 0.000000000000000000, 1.000000000000000000, 0.000000000000000000 ) ) ;
#4032 = ADVANCED_FACE ( 'NONE', ( #1161 ), #1694, .T. ) ;
#4033 = VERTEX_POINT ( 'NONE', #2956 ) ;
#4034 = DIRECTION ( 'NONE',  ( -0.000000000000000000, -0.000000000000000000, -1.000000000000000000 ) ) ;
#4035 = FACE_OUTER_BOUND ( 'NONE', #187, .T. ) ;
#4036 = DIRECTION ( 'NONE',  ( 1.000000000000000000, 8.131516293641261167E-15, 0.000000000000000000 ) ) ;
#4037 = LINE ( 'NONE', #4526, #1044 ) ;
#4038 = VECTOR ( 'NONE', #5092, 1000.000000000000000 ) ;
#4039 = ORIENTED_EDGE ( 'NONE', *, *, #26, .F. ) ;
#4040 = ADVANCED_FACE ( 'NONE', ( #4382 ), #755, .T. ) ;
#4041 = EDGE_LOOP ( 'NONE', ( #4915, #529, #4963, #5748 ) ) ;
#4042 = EDGE_CURVE ( 'NONE', #3814, #1383, #3374, .T. ) ;
#4043 = LINE ( 'NONE', #2227, #1490 ) ;
#4044 = CARTESIAN_POINT ( 'NONE',  ( -0.1499999999999999667, 0.2999999999999999889, -0.2999999999999999334 ) ) ;
#4045 = AXIS2_PLACEMENT_3D ( 'NONE', #3822, #3876, #5174 ) ;
#4046 = DIRECTION ( 'NONE',  ( 0.000000000000000000, 0.000000000000000000, 1.000000000000000000 ) ) ;
#4047 = AXIS2_PLACEMENT_3D ( 'NONE', #2029, #2907, #2853 ) ;
#4048 = EDGE_LOOP ( 'NONE', ( #1749, #2754, #131, #2941, #4475, #5 ) ) ;
#4049 = ORIENTED_EDGE ( 'NONE', *, *, #2614, .F. ) ;
#4050 = DIRECTION ( 'NONE',  ( -5.528289814231654152E-14, -1.267107829011250212E-29, -1.000000000000000000 ) ) ;
#4051 = LINE ( 'NONE', #4540, #2672 ) ;
#4052 = VECTOR ( 'NONE', #2524, 1000.000000000000000 ) ;
#4053 = ORIENTED_EDGE ( 'NONE', *, *, #1453, .T. ) ;
#4054 = ORIENTED_EDGE ( 'NONE', *, *, #4283, .T. ) ;
#4055 = CIRCLE ( 'NONE', #4784, 0.1599999999999995592 ) ;
#4056 = FACE_OUTER_BOUND ( 'NONE', #5157, .T. ) ;
#4057 = ORIENTED_EDGE ( 'NONE', *, *, #1427, .F. ) ;
#4058 = DIRECTION ( 'NONE',  ( 0.000000000000000000, 0.000000000000000000, -1.000000000000000000 ) ) ;
#4059 = AXIS2_PLACEMENT_3D ( 'NONE', #2909, #3440, #3797 ) ;
#4060 = DIRECTION ( 'NONE',  ( 0.000000000000000000, 0.000000000000000000, -1.000000000000000000 ) ) ;
#4061 = LINE ( 'NONE', #1834, #3770 ) ;
#4062 = FACE_OUTER_BOUND ( 'NONE', #5127, .T. ) ;
#4063 = CARTESIAN_POINT ( 'NONE',  ( 4.689999999999964864, 1.950000000000000400, -3.550333704529049061 ) ) ;
#4064 = CARTESIAN_POINT ( 'NONE',  ( -4.850000000000020961, 1.950000000000000400, 4.300000000000025580 ) ) ;
#4065 = VERTEX_POINT ( 'NONE', #2507 ) ;
#4066 = CARTESIAN_POINT ( 'NONE',  ( 3.424999999999966072, 1.949999999999999956, -4.439999999999992397 ) ) ;
#4067 = EDGE_CURVE ( 'NONE', #4903, #1876, #2050, .T. ) ;
#4068 = ORIENTED_EDGE ( 'NONE', *, *, #1541, .F. ) ;
#4069 = VERTEX_POINT ( 'NONE', #4298 ) ;
#4070 = LINE ( 'NONE', #1759, #3599 ) ;
#4071 = CARTESIAN_POINT ( 'NONE',  ( 3.424999999999955858, 1.939999999999999947, -4.599999999999992539 ) ) ;
#4072 = EDGE_CURVE ( 'NONE', #615, #4765, #5481, .T. ) ;
#4073 = EDGE_CURVE ( 'NONE', #1128, #1728, #4273, .T. ) ;
#4074 = ORIENTED_EDGE ( 'NONE', *, *, #5197, .F. ) ;
#4075 = CIRCLE ( 'NONE', #3709, 0.1499999999999999667 ) ;
#4076 = ORIENTED_EDGE ( 'NONE', *, *, #3136, .F. ) ;
#4077 = CARTESIAN_POINT ( 'NONE',  ( -1.039142627162199517, 0.6050001493495071880, -4.449999999999988631 ) ) ;
#4078 = DIRECTION ( 'NONE',  ( 1.000000000000000000, 1.141265444721642676E-16, -5.551115123125777653E-14 ) ) ;
#4079 = VERTEX_POINT ( 'NONE', #5167 ) ;
#4080 = VERTEX_POINT ( 'NONE', #1582 ) ;
#4081 = MECHANICAL_DESIGN_GEOMETRIC_PRESENTATION_REPRESENTATION (  '', ( #1644 ), #461 ) ;
#4082 = EDGE_CURVE ( 'NONE', #829, #2905, #3871, .T. ) ;
#4083 = DIRECTION ( 'NONE',  ( 0.000000000000000000, 1.000000000000000000, 0.000000000000000000 ) ) ;
#4084 = ORIENTED_EDGE ( 'NONE', *, *, #167, .F. ) ;
#4085 = FACE_OUTER_BOUND ( 'NONE', #870, .T. ) ;
#4086 = CIRCLE ( 'NONE', #464, 0.1999999999999779732 ) ;
#4087 = DIRECTION ( 'NONE',  ( 0.000000000000000000, 0.000000000000000000, -1.000000000000000000 ) ) ;
#4088 = CARTESIAN_POINT ( 'NONE',  ( 4.849999999999965894, 1.940000000000000391, -3.550000095150287915 ) ) ;
#4089 = CARTESIAN_POINT ( 'NONE',  ( 4.550000000000028244, -23.88321892447783412, -3.699999999999990852 ) ) ;
#4090 = PLANE ( 'NONE',  #4230 ) ;
#4091 = DIRECTION ( 'NONE',  ( 0.000000000000000000, 1.000000000000000000, 0.000000000000000000 ) ) ;
#4092 = CARTESIAN_POINT ( 'NONE',  ( 3.825000000000022826, 0.5999999999999998668, -4.059999999999998721 ) ) ;
#4093 = ORIENTED_EDGE ( 'NONE', *, *, #4250, .T. ) ;
#4094 = VERTEX_POINT ( 'NONE', #2982 ) ;
#4095 = CARTESIAN_POINT ( 'NONE',  ( -4.025000000000001243, 0.4399999999999993916, -4.599999999999992539 ) ) ;
#4096 = DIRECTION ( 'NONE',  ( 0.000000000000000000, 0.000000000000000000, 1.000000000000000000 ) ) ;
#4097 = VERTEX_POINT ( 'NONE', #2538 ) ;
#4098 = CARTESIAN_POINT ( 'NONE',  ( 11.27290200957160238, 0.6050006264990103189, 2.035857372837413859 ) ) ;
#4099 = ORIENTED_EDGE ( 'NONE', *, *, #4073, .F. ) ;
#4100 = ORIENTED_EDGE ( 'NONE', *, *, #850, .F. ) ;
#4101 = DIRECTION ( 'NONE',  ( 3.423796334164927534E-16, -1.000000000000000000, 7.395570986446985676E-32 ) ) ;
#4102 = EDGE_CURVE ( 'NONE', #2099, #3533, #4004, .T. ) ;
#4103 = EDGE_CURVE ( 'NONE', #1499, #3318, #1259, .T. ) ;
#4104 = DIRECTION ( 'NONE',  ( 1.381324727921684874E-15, 1.000000000000000000, -1.602373713730180230E-30 ) ) ;
#4105 = VERTEX_POINT ( 'NONE', #3487 ) ;
#4106 = ORIENTED_EDGE ( 'NONE', *, *, #519, .F. ) ;
#4107 = CARTESIAN_POINT ( 'NONE',  ( -0.2999999999999999334, 0.000000000000000000, -0.1499999999999999944 ) ) ;
#4108 = VERTEX_POINT ( 'NONE', #3896 ) ;
#4109 = DIRECTION ( 'NONE',  ( 0.000000000000000000, 0.000000000000000000, 1.000000000000000000 ) ) ;
#4110 = EDGE_CURVE ( 'NONE', #2784, #2039, #5664, .T. ) ;
#4111 = VECTOR ( 'NONE', #4330, 1000.000000000000000 ) ;
#4112 = CIRCLE ( 'NONE', #3652, 0.1999999999999853562 ) ;
#4113 = EDGE_CURVE ( 'NONE', #230, #2416, #4357, .T. ) ;
#4114 = AXIS2_PLACEMENT_3D ( 'NONE', #744, #2126, #363 ) ;
#4115 = CARTESIAN_POINT ( 'NONE',  ( 0.3750000000000143219, 1.939999999999999059, 4.450000000000019718 ) ) ;
#4116 = CARTESIAN_POINT ( 'NONE',  ( 0.9750000000000018652, 2.625497654997603014, 4.399999999999987033 ) ) ;
#4117 = CARTESIAN_POINT ( 'NONE',  ( -0.2999999999999999334, 0.2999999999999999889, 0.1499999999999999944 ) ) ;
#4118 = CARTESIAN_POINT ( 'NONE',  ( 4.349999999999965006, 2.248009955724776798, -4.400000000000015454 ) ) ;
#4119 = DIRECTION ( 'NONE',  ( 7.145854063745640008E-14, 1.000000000000000000, 0.000000000000000000 ) ) ;
#4120 = DIRECTION ( 'NONE',  ( -2.392722035830090785E-14, -1.000000000000000000, 6.123233995736766036E-17 ) ) ;
#4121 = ORIENTED_EDGE ( 'NONE', *, *, #2674, .T. ) ;
#4122 = SHAPE_REPRESENTATION ( 'C1(MK063)', ( #831 ), #99 ) ;
#4123 = ORIENTED_EDGE ( 'NONE', *, *, #44, .T. ) ;
#4124 = DIRECTION ( 'NONE',  ( -1.000000000000000000, 0.000000000000000000, 9.251858538542279918E-14 ) ) ;
#4125 = AXIS2_PLACEMENT_3D ( 'NONE', #4014, #92, #2666 ) ;
#4126 = DIRECTION ( 'NONE',  ( 0.000000000000000000, 0.000000000000000000, -1.000000000000000000 ) ) ;
#4127 = EDGE_LOOP ( 'NONE', ( #2643, #2565, #2691, #3779 ) ) ;
#4128 = DIRECTION ( 'NONE',  ( 0.000000000000000000, 1.000000000000000000, 0.000000000000000000 ) ) ;
#4129 = CARTESIAN_POINT ( 'NONE',  ( -3.424999999999997602, 2.100000000000000977, -4.439999999999992397 ) ) ;
#4130 =( LENGTH_UNIT ( ) NAMED_UNIT ( * ) SI_UNIT ( .MILLI., .METRE. ) );
#4131 = EDGE_LOOP ( 'NONE', ( #5721, #675, #2555, #5211 ) ) ;
#4132 = VERTEX_POINT ( 'NONE', #5691 ) ;
#4133 = DIRECTION ( 'NONE',  ( 0.000000000000000000, 0.000000000000000000, -1.000000000000000000 ) ) ;
#4134 = DIRECTION ( 'NONE',  ( 0.000000000000000000, 0.000000000000000000, 1.000000000000000000 ) ) ;
#4135 = EDGE_LOOP ( 'NONE', ( #1638, #2455, #4530, #1325, #3567, #2839 ) ) ;
#4136 = ORIENTED_EDGE ( 'NONE', *, *, #2317, .F. ) ;
#4137 = DIRECTION ( 'NONE',  ( 0.000000000000000000, 0.000000000000000000, -1.000000000000000000 ) ) ;
#4138 = EDGE_CURVE ( 'NONE', #997, #4426, #745, .T. ) ;
#4139 = VECTOR ( 'NONE', #983, 1000.000000000000000 ) ;
#4140 = VERTEX_POINT ( 'NONE', #4930 ) ;
#4141 = AXIS2_PLACEMENT_3D ( 'NONE', #1281, #3304, #4976 ) ;
#4142 = DIRECTION ( 'NONE',  ( 0.000000000000000000, -1.232595164407831220E-32, -1.000000000000000000 ) ) ;
#4143 = DIRECTION ( 'NONE',  ( 0.000000000000000000, 1.000000000000000000, 0.000000000000000000 ) ) ;
#4144 = VECTOR ( 'NONE', #4560, 1000.000000000000000 ) ;
#4145 = CARTESIAN_POINT ( 'NONE',  ( 4.549999999999998934, 2.099999999999999645, 4.450000000000019718 ) ) ;
#4146 = FACE_OUTER_BOUND ( 'NONE', #3201, .T. ) ;
#4147 = VECTOR ( 'NONE', #2552, 1000.000000000000000 ) ;
#4148 = EDGE_CURVE ( 'NONE', #846, #266, #3233, .T. ) ;
#4149 = EDGE_CURVE ( 'NONE', #4903, #505, #2946, .T. ) ;
#4150 = AXIS2_PLACEMENT_3D ( 'NONE', #1002, #3773, #1861 ) ;
#4151 = EDGE_CURVE ( 'NONE', #4845, #5322, #2668, .T. ) ;
#4152 = DIRECTION ( 'NONE',  ( -1.000000000000000000, 0.000000000000000000, 0.000000000000000000 ) ) ;
#4153 = CARTESIAN_POINT ( 'NONE',  ( -3.425000000000011369, 1.939999999999999947, -4.599999999999992539 ) ) ;
#4154 = EDGE_CURVE ( 'NONE', #3553, #1383, #899, .T. ) ;
#4155 = VERTEX_POINT ( 'NONE', #5282 ) ;
#4156 = ORIENTED_EDGE ( 'NONE', *, *, #3220, .F. ) ;
#4157 = DIRECTION ( 'NONE',  ( -1.000000000000000000, 0.000000000000000000, 0.000000000000000000 ) ) ;
#4158 = CARTESIAN_POINT ( 'NONE',  ( 1.724999999999976552, 1.939999999999999947, 4.049999999999998046 ) ) ;
#4159 = ORIENTED_EDGE ( 'NONE', *, *, #4186, .T. ) ;
#4160 = DIRECTION ( 'NONE',  ( 0.000000000000000000, 1.000000000000000000, 0.000000000000000000 ) ) ;
#4161 = CARTESIAN_POINT ( 'NONE',  ( -4.700000000000019718, 1.942625343829426310, -3.550055852813364332 ) ) ;
#4162 = ORIENTED_EDGE ( 'NONE', *, *, #4879, .F. ) ;
#4163 = EDGE_LOOP ( 'NONE', ( #502, #3608, #5384, #2471 ) ) ;
#4164 = DIRECTION ( 'NONE',  ( -1.000000000000000000, 0.000000000000000000, 0.000000000000000000 ) ) ;
#4165 = ORIENTED_EDGE ( 'NONE', *, *, #301, .F. ) ;
#4166 = ORIENTED_EDGE ( 'NONE', *, *, #3899, .T. ) ;
#4167 = DIRECTION ( 'NONE',  ( -0.000000000000000000, -1.000000000000000000, -0.000000000000000000 ) ) ;
#4168 = VECTOR ( 'NONE', #4652, 1000.000000000000000 ) ;
#4169 = EDGE_CURVE ( 'NONE', #1584, #4080, #2318, .T. ) ;
#4170 = EDGE_LOOP ( 'NONE', ( #4188, #934, #3786, #1885 ) ) ;
#4171 = CARTESIAN_POINT ( 'NONE',  ( -3.825000000000022382, 0.5999999999999998668, -4.049999999999998046 ) ) ;
#4172 = FILL_AREA_STYLE ('',( #2382 ) ) ;
#4173 = ADVANCED_FACE ( 'NONE', ( #2255 ), #5313, .T. ) ;
#4174 = DIRECTION ( 'NONE',  ( 0.000000000000000000, 1.000000000000000000, 0.000000000000000000 ) ) ;
#4175 = CYLINDRICAL_SURFACE ( 'NONE', #1515, 0.2000000000000057288 ) ;
#4176 = CIRCLE ( 'NONE', #4629, 0.2000000000000406453 ) ;
#4177 = EDGE_CURVE ( 'NONE', #4610, #1728, #1290, .T. ) ;
#4178 = EDGE_CURVE ( 'NONE', #2453, #4426, #4493, .T. ) ;
#4179 = CARTESIAN_POINT ( 'NONE',  ( -3.425000000000011369, 1.940000000000000391, -4.439999999999992397 ) ) ;
#4180 = DIRECTION ( 'NONE',  ( -1.000000000000000000, 0.000000000000000000, 1.196361017915079471E-15 ) ) ;
#4181 = AXIS2_PLACEMENT_3D ( 'NONE', #4418, #1671, #437 ) ;
#4182 = DIRECTION ( 'NONE',  ( 1.850371707708455731E-13, 0.000000000000000000, 1.000000000000000000 ) ) ;
#4183 = ORIENTED_EDGE ( 'NONE', *, *, #3385, .F. ) ;
#4184 = ORIENTED_EDGE ( 'NONE', *, *, #665, .T. ) ;
#4185 = CARTESIAN_POINT ( 'NONE',  ( 4.025000000000000355, 0.4399999999999993916, -4.400000000000015454 ) ) ;
#4186 = EDGE_CURVE ( 'NONE', #2843, #986, #1381, .T. ) ;
#4187 = CARTESIAN_POINT ( 'NONE',  ( -3.825000000000022382, 0.5999999999999998668, -3.899999999999998135 ) ) ;
#4188 = ORIENTED_EDGE ( 'NONE', *, *, #519, .T. ) ;
#4189 = CYLINDRICAL_SURFACE ( 'NONE', #3491, 0.01000000000000002623 ) ;
#4190 = CARTESIAN_POINT ( 'NONE',  ( 0.000000000000000000, 0.000000000000000000, 0.000000000000000000 ) ) ;
#4191 = AXIS2_PLACEMENT_3D ( 'NONE', #321, #2482, #2085 ) ;
#4192 = VERTEX_POINT ( 'NONE', #3157 ) ;
#4193 = ORIENTED_EDGE ( 'NONE', *, *, #4321, .T. ) ;
#4194 = CARTESIAN_POINT ( 'NONE',  ( -3.825000000000022382, 0.5999999999999998668, -4.049999999999998046 ) ) ;
#4195 = ORIENTED_EDGE ( 'NONE', *, *, #2247, .T. ) ;
#4196 = ORIENTED_EDGE ( 'NONE', *, *, #2683, .T. ) ;
#4197 = FACE_OUTER_BOUND ( 'NONE', #4219, .T. ) ;
#4198 = CYLINDRICAL_SURFACE ( 'NONE', #1991, 0.2000000000000334843 ) ;
#4199 = DIRECTION ( 'NONE',  ( -0.000000000000000000, 0.000000000000000000, 1.000000000000000000 ) ) ;
#4200 = LINE ( 'NONE', #5445, #5067 ) ;
#4201 = FACE_OUTER_BOUND ( 'NONE', #1491, .T. ) ;
#4202 = CARTESIAN_POINT ( 'NONE',  ( -4.025000000000000355, 0.5900000000000003020, -4.400000000000014566 ) ) ;
#4203 = DIRECTION ( 'NONE',  ( -1.000000000000000000, 0.000000000000000000, 0.000000000000000000 ) ) ;
#4204 = ORIENTED_EDGE ( 'NONE', *, *, #623, .F. ) ;
#4205 = VECTOR ( 'NONE', #1760, 1000.000000000000000 ) ;
#4206 = DIRECTION ( 'NONE',  ( 0.000000000000000000, 0.000000000000000000, -1.000000000000000000 ) ) ;
#4207 = EDGE_CURVE ( 'NONE', #2039, #747, #4043, .T. ) ;
#4208 = VERTEX_POINT ( 'NONE', #1319 ) ;
#4209 = CIRCLE ( 'NONE', #2338, 0.2999997026963802660 ) ;
#4210 = ORIENTED_EDGE ( 'NONE', *, *, #916, .T. ) ;
#4211 = CYLINDRICAL_SURFACE ( 'NONE', #4622, 0.1999997132654535992 ) ;
#4212 = CYLINDRICAL_SURFACE ( 'NONE', #4939, 0.1999997132654074139 ) ;
#4213 = ORIENTED_EDGE ( 'NONE', *, *, #3112, .F. ) ;
#4214 = DIRECTION ( 'NONE',  ( 1.000000000000000000, 0.000000000000000000, 0.000000000000000000 ) ) ;
#4215 = VECTOR ( 'NONE', #1983, 1000.000000000000000 ) ;
#4216 = EDGE_CURVE ( 'NONE', #3133, #5083, #1844, .T. ) ;
#4217 = EDGE_CURVE ( 'NONE', #2905, #526, #3166, .T. ) ;
#4218 = ORIENTED_EDGE ( 'NONE', *, *, #1219, .F. ) ;
#4219 = EDGE_LOOP ( 'NONE', ( #5018, #2225, #3729, #4274 ) ) ;
#4220 = CARTESIAN_POINT ( 'NONE',  ( 4.699999999999964650, 1.939999999999999947, -3.550000095150265267 ) ) ;
#4221 = ORIENTED_EDGE ( 'NONE', *, *, #2390, .F. ) ;
#4222 = ORIENTED_EDGE ( 'NONE', *, *, #1357, .F. ) ;
#4223 = CARTESIAN_POINT ( 'NONE',  ( -4.850000000000020961, 0.9400002466121099021, -3.350000095150231783 ) ) ;
#4224 = MECHANICAL_DESIGN_GEOMETRIC_PRESENTATION_REPRESENTATION (  '', ( #3478 ), #4500 ) ;
#4225 = DIRECTION ( 'NONE',  ( 0.000000000000000000, -1.000000000000000000, 0.000000000000000000 ) ) ;
#4226 =( LENGTH_UNIT ( ) NAMED_UNIT ( * ) SI_UNIT ( .MILLI., .METRE. ) );
#4227 = LINE ( 'NONE', #4685, #803 ) ;
#4228 = LINE ( 'NONE', #166, #4038 ) ;
#4229 = VECTOR ( 'NONE', #4325, 1000.000000000000000 ) ;
#4230 = AXIS2_PLACEMENT_3D ( 'NONE', #3182, #4407, #538 ) ;
#4231 = AXIS2_PLACEMENT_3D ( 'NONE', #5703, #3957, #3669 ) ;
#4232 = VECTOR ( 'NONE', #4339, 1000.000000000000000 ) ;
#4233 = CARTESIAN_POINT ( 'NONE',  ( 6.449999999999997513, 0.3400000000000000244, -4.800000000000000711 ) ) ;
#4234 = LINE ( 'NONE', #251, #2999 ) ;
#4235 = VECTOR ( 'NONE', #4461, 1000.000000000000000 ) ;
#4236 = ORIENTED_EDGE ( 'NONE', *, *, #1566, .T. ) ;
#4237 = CARTESIAN_POINT ( 'NONE',  ( 2.125000000000043521, 2.100000000000000089, -0.9613307051038245676 ) ) ;
#4238 = AXIS2_PLACEMENT_3D ( 'NONE', #233, #5545, #1551 ) ;
#4239 = ORIENTED_EDGE ( 'NONE', *, *, #5197, .T. ) ;
#4240 = ORIENTED_EDGE ( 'NONE', *, *, #2386, .F. ) ;
#4241 = LINE ( 'NONE', #2500, #1104 ) ;
#4242 = LINE ( 'NONE', #257, #2985 ) ;
#4243 = EDGE_CURVE ( 'NONE', #3168, #3102, #4070, .T. ) ;
#4244 = PLANE ( 'NONE',  #1350 ) ;
#4245 = ORIENTED_EDGE ( 'NONE', *, *, #56, .F. ) ;
#4246 = ORIENTED_EDGE ( 'NONE', *, *, #730, .T. ) ;
#4247 = FACE_OUTER_BOUND ( 'NONE', #5351, .T. ) ;
#4248 = EDGE_LOOP ( 'NONE', ( #4415, #3895, #5607, #2237 ) ) ;
#4249 = EDGE_CURVE ( 'NONE', #1407, #5081, #3550, .T. ) ;
#4250 = EDGE_CURVE ( 'NONE', #4155, #1827, #4786, .T. ) ;
#4251 = EDGE_LOOP ( 'NONE', ( #5671, #1630, #1703, #3045 ) ) ;
#4252 = DIRECTION ( 'NONE',  ( 1.000000000000000000, 0.000000000000000000, -1.850371707708455984E-13 ) ) ;
#4253 = DIRECTION ( 'NONE',  ( 0.000000000000000000, -0.000000000000000000, -1.000000000000000000 ) ) ;
#4254 = CARTESIAN_POINT ( 'NONE',  ( 3.825000000000050804, 1.950000000000000400, -3.889999999999997460 ) ) ;
#4255 = EDGE_CURVE ( 'NONE', #784, #4345, #1354, .T. ) ;
#4256 = DIRECTION ( 'NONE',  ( 0.000000000000000000, -1.232595164407830946E-32, -1.000000000000000000 ) ) ;
#4257 = LINE ( 'NONE', #1593, #4404 ) ;
#4258 = CARTESIAN_POINT ( 'NONE',  ( 11.27290200957160238, 0.9400008731480415936, 4.299999999999958078 ) ) ;
#4259 = CARTESIAN_POINT ( 'NONE',  ( 11.27290200957160238, 1.939999999999999947, 4.300000000000010481 ) ) ;
#4260 = ORIENTED_EDGE ( 'NONE', *, *, #5591, .F. ) ;
#4261 = DIRECTION ( 'NONE',  ( 0.000000000000000000, -1.000000000000000000, -6.123233995736766036E-17 ) ) ;
#4262 = VECTOR ( 'NONE', #1538, 1000.000000000000000 ) ;
#4263 = UNCERTAINTY_MEASURE_WITH_UNIT (LENGTH_MEASURE( 1.000000000000000082E-05 ), #2542, 'distance_accuracy_value', 'NONE');
#4264 = ORIENTED_EDGE ( 'NONE', *, *, #5226, .T. ) ;
#4265 = ORIENTED_EDGE ( 'NONE', *, *, #2278, .F. ) ;
#4266 = DIRECTION ( 'NONE',  ( 1.000000000000000000, 0.000000000000000000, 0.000000000000000000 ) ) ;
#4267 = CIRCLE ( 'NONE', #926, 0.2000000000000333178 ) ;
#4268 = LINE ( 'NONE', #4323, #1428 ) ;
#4269 = LINE ( 'NONE', #4838, #3370 ) ;
#4270 = CARTESIAN_POINT ( 'NONE',  ( 4.549999999999970512, 0.4399999999999993916, -4.400000000000015454 ) ) ;
#4271 = ORIENTED_EDGE ( 'NONE', *, *, #1820, .T. ) ;
#4272 = ORIENTED_EDGE ( 'NONE', *, *, #906, .T. ) ;
#4273 = LINE ( 'NONE', #1206, #2130 ) ;
#4274 = ORIENTED_EDGE ( 'NONE', *, *, #2172, .T. ) ;
#4275 = AXIS2_PLACEMENT_3D ( 'NONE', #1496, #4643, #1074 ) ;
#4276 = DIRECTION ( 'NONE',  ( -1.000000000000000000, 0.000000000000000000, -0.000000000000000000 ) ) ;
#4277 = EDGE_CURVE ( 'NONE', #2052, #67, #4905, .T. ) ;
#4278 = PRODUCT_DEFINITION ( 'UNKNOWN', '', #2967, #2297 ) ;
#4279 = CYLINDRICAL_SURFACE ( 'NONE', #783, 0.1999999999999850231 ) ;
#4280 = LINE ( 'NONE', #222, #823 ) ;
#4281 = DIRECTION ( 'NONE',  ( 1.000000000000000000, 0.000000000000000000, 0.000000000000000000 ) ) ;
#4282 = PLANE ( 'NONE',  #2080 ) ;
#4283 = EDGE_CURVE ( 'NONE', #928, #2905, #5402, .T. ) ;
#4284 = EDGE_CURVE ( 'NONE', #229, #109, #987, .T. ) ;
#4285 = DIRECTION ( 'NONE',  ( -0.000000000000000000, -0.000000000000000000, -1.000000000000000000 ) ) ;
#4286 = LINE ( 'NONE', #3029, #5587 ) ;
#4287 = VERTEX_POINT ( 'NONE', #1101 ) ;
#4288 = DIRECTION ( 'NONE',  ( 0.000000000000000000, 0.000000000000000000, 1.000000000000000000 ) ) ;
#4289 = ORIENTED_EDGE ( 'NONE', *, *, #2317, .T. ) ;
#4290 = ORIENTED_EDGE ( 'NONE', *, *, #4284, .F. ) ;
#4291 = DIRECTION ( 'NONE',  ( 0.000000000000000000, 0.000000000000000000, 1.000000000000000000 ) ) ;
#4292 = DIRECTION ( 'NONE',  ( 1.000000000000000000, 0.000000000000000000, 0.000000000000000000 ) ) ;
#4293 = DIRECTION ( 'NONE',  ( 2.990902544787698678E-16, -1.000000000000000000, -6.123233995736766036E-17 ) ) ;
#4294 = PLANE ( 'NONE',  #239 ) ;
#4295 = VECTOR ( 'NONE', #693, 1000.000000000000000 ) ;
#4296 = ORIENTED_EDGE ( 'NONE', *, *, #3762, .F. ) ;
#4297 = EDGE_LOOP ( 'NONE', ( #83, #3869, #94, #3125, #700, #2715, #1466, #3859, #782, #525, #5398, #3140, #1175, #432, #319, #4751, #3757, #639, #491, #2229, #3310, #4805, #2395, #646, #4100, #1214, #2699, #4460, #2305, #1087 ) ) ;
#4298 = CARTESIAN_POINT ( 'NONE',  ( 3.825000000000022826, 2.100000000000000089, -3.889999999999997460 ) ) ;
#4299 = CIRCLE ( 'NONE', #5035, 0.01000000000000045991 ) ;
#4300 = EDGE_LOOP ( 'NONE', ( #5495, #2602, #2671, #1525 ) ) ;
#4301 = VECTOR ( 'NONE', #1517, 1000.000000000000000 ) ;
#4302 = CARTESIAN_POINT ( 'NONE',  ( 4.699999999999964650, 2.099999999999999645, -3.550000095150265267 ) ) ;
#4303 = CARTESIAN_POINT ( 'NONE',  ( 20.13181286259027658, 1.940000000000000391, 4.440000000000019931 ) ) ;
#4304 = DIRECTION ( 'NONE',  ( -1.000000000000000000, -0.000000000000000000, 1.355252715606881036E-16 ) ) ;
#4305 = VERTEX_POINT ( 'NONE', #4095 ) ;
#4306 = ADVANCED_FACE ( 'NONE', ( #1129 ), #1463, .T. ) ;
#4307 = PLANE ( 'NONE',  #4059 ) ;
#4308 = CARTESIAN_POINT ( 'NONE',  ( 0.1499999999999999389, 0.000000000000000000, 0.000000000000000000 ) ) ;
#4309 = EDGE_CURVE ( 'NONE', #1604, #544, #917, .T. ) ;
#4310 = PLANE ( 'NONE',  #1469 ) ;
#4311 = AXIS2_PLACEMENT_3D ( 'NONE', #4654, #1513, #5066 ) ;
#4312 = DIRECTION ( 'NONE',  ( 1.000000000000000000, -1.495451272393849339E-16, 0.000000000000000000 ) ) ;
#4313 = AXIS2_PLACEMENT_3D ( 'NONE', #249, #2008, #5618 ) ;
#4314 = LINE ( 'NONE', #3825, #4416 ) ;
#4315 = DIRECTION ( 'NONE',  ( 0.000000000000000000, 0.000000000000000000, -1.000000000000000000 ) ) ;
#4316 = EDGE_CURVE ( 'NONE', #4934, #1477, #2952, .T. ) ;
#4317 = CARTESIAN_POINT ( 'NONE',  ( 0.1282860000003660517, 0.7400003959984737811, -4.449999999999988631 ) ) ;
#4318 = ADVANCED_FACE ( 'NONE', ( #3727 ), #4211, .F. ) ;
#4319 = AXIS2_PLACEMENT_3D ( 'NONE', #487, #3511, #4899 ) ;
#4320 = ORIENTED_EDGE ( 'NONE', *, *, #2963, .T. ) ;
#4321 = EDGE_CURVE ( 'NONE', #4444, #2815, #664, .T. ) ;
#4322 = FACE_OUTER_BOUND ( 'NONE', #4474, .T. ) ;
#4323 = CARTESIAN_POINT ( 'NONE',  ( 4.550000000000028244, 2.100000000000000089, -3.699999999999990852 ) ) ;
#4324 = CARTESIAN_POINT ( 'NONE',  ( 0.7750000000000107914, 0.5899999999999994138, 4.059999999999997833 ) ) ;
#4325 = DIRECTION ( 'NONE',  ( 0.000000000000000000, 0.000000000000000000, 1.000000000000000000 ) ) ;
#4326 = EDGE_CURVE ( 'NONE', #956, #643, #3132, .T. ) ;
#4327 = ORIENTED_EDGE ( 'NONE', *, *, #1431, .F. ) ;
#4328 = ORIENTED_EDGE ( 'NONE', *, *, #2598, .F. ) ;
#4329 = DIRECTION ( 'NONE',  ( 1.000000000000000000, 0.000000000000000000, 0.000000000000000000 ) ) ;
#4330 = DIRECTION ( 'NONE',  ( -0.000000000000000000, -1.000000000000000000, -0.000000000000000000 ) ) ;
#4331 = CYLINDRICAL_SURFACE ( 'NONE', #1981, 0.1999999999999653999 ) ;
#4332 = DIRECTION ( 'NONE',  ( 0.000000000000000000, 0.000000000000000000, 1.000000000000000000 ) ) ;
#4333 = VERTEX_POINT ( 'NONE', #1488 ) ;
#4334 = FACE_OUTER_BOUND ( 'NONE', #2725, .T. ) ;
#4335 = DIRECTION ( 'NONE',  ( 0.000000000000000000, 1.000000000000000000, 0.000000000000000000 ) ) ;
#4336 = LINE ( 'NONE', #3563, #89 ) ;
#4337 = EDGE_CURVE ( 'NONE', #485, #997, #4075, .T. ) ;
#4338 = PLANE ( 'NONE',  #5181 ) ;
#4339 = DIRECTION ( 'NONE',  ( 0.000000000000000000, -1.232595164407831220E-32, -1.000000000000000000 ) ) ;
#4340 = DIRECTION ( 'NONE',  ( 0.000000000000000000, 0.000000000000000000, 1.000000000000000000 ) ) ;
#4341 = FACE_OUTER_BOUND ( 'NONE', #1380, .T. ) ;
#4342 = PRODUCT_DEFINITION_SHAPE ( 'NONE', 'NONE',  #3059 ) ;
#4343 = AXIS2_PLACEMENT_3D ( 'NONE', #1523, #4124, #2775 ) ;
#4344 = ADVANCED_FACE ( 'NONE', ( #3755 ), #176, .T. ) ;
#4345 = VERTEX_POINT ( 'NONE', #2420 ) ;
#4346 = EDGE_CURVE ( 'NONE', #2254, #2401, #3218, .T. ) ;
#4347 = DIRECTION ( 'NONE',  ( 0.000000000000000000, 0.000000000000000000, -1.000000000000000000 ) ) ;
#4348 = CARTESIAN_POINT ( 'NONE',  ( -1.228285095149869832, 0.5400000561974335200, -4.599999999999992539 ) ) ;
#4349 = DIRECTION ( 'NONE',  ( -1.000000000000000000, -0.000000000000000000, -0.000000000000000000 ) ) ;
#4350 = AXIS2_PLACEMENT_3D ( 'NONE', #5353, #472, #4104 ) ;
#4351 = DIRECTION ( 'NONE',  ( -1.000000000000000000, 0.000000000000000000, 0.000000000000000000 ) ) ;
#4352 = PRODUCT_CONTEXT ( 'NONE', #3342, 'mechanical' ) ;
#4353 = VERTEX_POINT ( 'NONE', #1012 ) ;
#4354 = AXIS2_PLACEMENT_3D ( 'NONE', #40, #477, #1027 ) ;
#4355 = ORIENTED_EDGE ( 'NONE', *, *, #2027, .T. ) ;
#4356 = ADVANCED_FACE ( 'NONE', ( #2892 ), #1038, .T. ) ;
#4357 = LINE ( 'NONE', #376, #5739 ) ;
#4358 = CARTESIAN_POINT ( 'NONE',  ( 0.3750000000000142109, 2.100000000000000089, 4.440000000000019931 ) ) ;
#4359 = AXIS2_PLACEMENT_3D ( 'NONE', #5225, #1617, #3521 ) ;
#4360 = SURFACE_STYLE_USAGE ( .BOTH. , #814 ) ;
#4361 = CARTESIAN_POINT ( 'NONE',  ( 3.625000000000044853, 2.100000000000000089, -3.749999999999975575 ) ) ;
#4362 =( GEOMETRIC_REPRESENTATION_CONTEXT ( 3 ) GLOBAL_UNCERTAINTY_ASSIGNED_CONTEXT ( ( #2356 ) ) GLOBAL_UNIT_ASSIGNED_CONTEXT ( ( #642, #210, #670 ) ) REPRESENTATION_CONTEXT ( 'NONE', 'WORKASPACE' ) );
#4363 = CARTESIAN_POINT ( 'NONE',  ( 4.349999999999965006, 0.4399999999999993916, -4.600000000000021849 ) ) ;
#4364 = ORIENTED_EDGE ( 'NONE', *, *, #3179, .F. ) ;
#4365 = LINE ( 'NONE', #5324, #1242 ) ;
#4366 = CARTESIAN_POINT ( 'NONE',  ( -11.27290224021418652, 0.6049999999630465419, 0.9391429791998600063 ) ) ;
#4367 = CYLINDRICAL_SURFACE ( 'NONE', #2118, 0.2999997026963835411 ) ;
#4368 = LINE ( 'NONE', #3878, #3429 ) ;
#4369 = CARTESIAN_POINT ( 'NONE',  ( -4.700000000000019718, 1.939999999999999947, 4.299999999999984723 ) ) ;
#4370 = CARTESIAN_POINT ( 'NONE',  ( -4.700000000000019718, 0.9400008731480302693, 4.099999999999869083 ) ) ;
#4371 = PLANE ( 'NONE',  #5031 ) ;
#4372 = ORIENTED_EDGE ( 'NONE', *, *, #4917, .T. ) ;
#4373 = DIRECTION ( 'NONE',  ( 0.000000000000000000, -1.232595164407831220E-32, -1.000000000000000000 ) ) ;
#4374 = CARTESIAN_POINT ( 'NONE',  ( 4.699999999999964650, 0.9399996200762077425, -3.550000095150265267 ) ) ;
#4375 = CARTESIAN_POINT ( 'NONE',  ( -3.825000000000023714, 2.099999999999999201, -0.8528866118898896787 ) ) ;
#4376 = DIRECTION ( 'NONE',  ( 1.000000000000000000, 0.000000000000000000, 0.000000000000000000 ) ) ;
#4377 = ADVANCED_FACE ( 'NONE', ( #2868 ), #1870, .T. ) ;
#4378 = APPLICATION_PROTOCOL_DEFINITION ( 'draft international standard', 'automotive_design', 1998, #671 ) ;
#4379 = VERTEX_POINT ( 'NONE', #146 ) ;
#4380 = VECTOR ( 'NONE', #304, 1000.000000000000000 ) ;
#4381 = ORIENTED_EDGE ( 'NONE', *, *, #3733, .F. ) ;
#4382 = FACE_OUTER_BOUND ( 'NONE', #1913, .T. ) ;
#4383 = DIRECTION ( 'NONE',  ( 0.000000000000000000, 0.000000000000000000, -1.000000000000000000 ) ) ;
#4384 = EDGE_CURVE ( 'NONE', #643, #3111, #1900, .T. ) ;
#4385 = AXIS2_PLACEMENT_3D ( 'NONE', #1935, #5011, #2808 ) ;
#4386 = AXIS2_PLACEMENT_3D ( 'NONE', #4896, #920, #2738 ) ;
#4387 = EDGE_CURVE ( 'NONE', #5487, #5728, #2367, .T. ) ;
#4388 =( NAMED_UNIT ( * ) SI_UNIT ( $, .STERADIAN. ) SOLID_ANGLE_UNIT ( ) );
#4389 = ORIENTED_EDGE ( 'NONE', *, *, #3794, .T. ) ;
#4390 = LINE ( 'NONE', #3873, #407 ) ;
#4391 = AXIS2_PLACEMENT_3D ( 'NONE', #3606, #3631, #5397 ) ;
#4392 = DIRECTION ( 'NONE',  ( 2.282530889443285351E-16, 1.000000000000000000, -6.123233995736766036E-17 ) ) ;
#4393 = ORIENTED_EDGE ( 'NONE', *, *, #2417, .F. ) ;
#4394 = DIRECTION ( 'NONE',  ( 0.000000000000000000, -1.232595164407831220E-32, -1.000000000000000000 ) ) ;
#4395 = LINE ( 'NONE', #3139, #3012 ) ;
#4396 = ORIENTED_EDGE ( 'NONE', *, *, #3204, .F. ) ;
#4397 = CARTESIAN_POINT ( 'NONE',  ( 1.724999999999921041, -23.88321892447783412, 3.749999999999975575 ) ) ;
#4398 = VERTEX_POINT ( 'NONE', #2396 ) ;
#4399 = LINE ( 'NONE', #2182, #276 ) ;
#4400 = VECTOR ( 'NONE', #3674, 1000.000000000000000 ) ;
#4401 = CARTESIAN_POINT ( 'NONE',  ( 0.000000000000000000, 0.2999999999999999889, 0.000000000000000000 ) ) ;
#4402 = CARTESIAN_POINT ( 'NONE',  ( 4.832756304577536355, 2.023517865402125970, -3.550111298276532157 ) ) ;
#4403 = DIRECTION ( 'NONE',  ( 1.000000000000000000, -0.000000000000000000, -0.000000000000000000 ) ) ;
#4404 = VECTOR ( 'NONE', #4335, 1000.000000000000000 ) ;
#4405 = VERTEX_POINT ( 'NONE', #1932 ) ;
#4406 = CARTESIAN_POINT ( 'NONE',  ( 1.724999999999921041, 2.100000000000000089, 3.749999999999975575 ) ) ;
#4407 = DIRECTION ( 'NONE',  ( 0.000000000000000000, 0.000000000000000000, -1.000000000000000000 ) ) ;
#4408 = PLANE ( 'NONE',  #2154 ) ;
#4409 = LINE ( 'NONE', #3038, #2452 ) ;
#4410 = EDGE_CURVE ( 'NONE', #3164, #160, #5485, .T. ) ;
#4411 = VERTEX_POINT ( 'NONE', #2840 ) ;
#4412 = EDGE_LOOP ( 'NONE', ( #1132, #4789, #5725, #943 ) ) ;
#4413 = DIRECTION ( 'NONE',  ( 0.000000000000000000, 1.000000000000000000, 0.000000000000000000 ) ) ;
#4414 = EDGE_CURVE ( 'NONE', #1050, #1285, #4717, .T. ) ;
#4415 = ORIENTED_EDGE ( 'NONE', *, *, #4321, .F. ) ;
#4416 = VECTOR ( 'NONE', #5563, 1000.000000000000000 ) ;
#4417 = VECTOR ( 'NONE', #2323, 1000.000000000000000 ) ;
#4418 = CARTESIAN_POINT ( 'NONE',  ( -3.624999999999989342, 2.100000000000000089, -3.749999999999975575 ) ) ;
#4419 =( REPRESENTATION_RELATIONSHIP ('NONE','NONE', #5303, #5267 ) REPRESENTATION_RELATIONSHIP_WITH_TRANSFORMATION ( #2105 )SHAPE_REPRESENTATION_RELATIONSHIP( ) );
#4420 = ORIENTED_EDGE ( 'NONE', *, *, #5341, .F. ) ;
#4421 = CIRCLE ( 'NONE', #1080, 0.2999997026963835411 ) ;
#4422 = DIRECTION ( 'NONE',  ( 0.000000000000000000, 0.000000000000000000, -1.000000000000000000 ) ) ;
#4423 = EDGE_CURVE ( 'NONE', #3333, #615, #3807, .T. ) ;
#4424 = ADVANCED_FACE ( 'NONE', ( #5600 ), #2920, .F. ) ;
#4425 = DIRECTION ( 'NONE',  ( 0.000000000000000000, 0.000000000000000000, 1.000000000000000000 ) ) ;
#4426 = VERTEX_POINT ( 'NONE', #1252 ) ;
#4427 = CARTESIAN_POINT ( 'NONE',  ( -4.700000000000019718, 0.9400002466121116784, -3.550000095150265267 ) ) ;
#4428 = CARTESIAN_POINT ( 'NONE',  ( -4.690000000000020819, 1.950000000000000400, -3.550333704529024637 ) ) ;
#4429 = ORIENTED_EDGE ( 'NONE', *, *, #197, .F. ) ;
#4430 = DIRECTION ( 'NONE',  ( 0.000000000000000000, 1.000000000000000000, 5.234083393145252706E-14 ) ) ;
#4431 = AXIS2_PLACEMENT_3D ( 'NONE', #5581, #4683, #1510 ) ;
#4432 = ORIENTED_EDGE ( 'NONE', *, *, #5660, .F. ) ;
#4433 = DIRECTION ( 'NONE',  ( 3.423796334164927534E-16, -1.000000000000000000, 7.395570986446985676E-32 ) ) ;
#4434 = ADVANCED_FACE ( 'NONE', ( #5185 ), #3861, .F. ) ;
#4435 = FACE_OUTER_BOUND ( 'NONE', #2467, .T. ) ;
#4436 = DIRECTION ( 'NONE',  ( -2.282530889443284858E-16, 4.930380657631323784E-32, 1.000000000000000000 ) ) ;
#4437 = LINE ( 'NONE', #4866, #4018 ) ;
#4438 = EDGE_LOOP ( 'NONE', ( #2646, #5292, #5009, #4708 ) ) ;
#4439 = CYLINDRICAL_SURFACE ( 'NONE', #1008, 0.2000000000000265454 ) ;
#4440 = CARTESIAN_POINT ( 'NONE',  ( 4.699999999999964650, 1.942625343829425422, -3.550055852813381652 ) ) ;
#4441 = DIRECTION ( 'NONE',  ( 0.000000000000000000, -0.000000000000000000, 1.000000000000000000 ) ) ;
#4442 = CARTESIAN_POINT ( 'NONE',  ( 0.3750000000000176525, 1.940000000000000391, 4.600000000000020073 ) ) ;
#4443 = ORIENTED_EDGE ( 'NONE', *, *, #2857, .F. ) ;
#4444 = VERTEX_POINT ( 'NONE', #2446 ) ;
#4445 = CARTESIAN_POINT ( 'NONE',  ( -4.850000000000020961, 1.939999999999999947, -3.550000095150265267 ) ) ;
#4446 = VECTOR ( 'NONE', #1825, 1000.000000000000000 ) ;
#4447 = CYLINDRICAL_SURFACE ( 'NONE', #5411, 0.1600000000000004197 ) ;
#4448 = AXIS2_PLACEMENT_3D ( 'NONE', #1302, #420, #3027 ) ;
#4449 = ORIENTED_EDGE ( 'NONE', *, *, #3506, .T. ) ;
#4450 = ORIENTED_EDGE ( 'NONE', *, *, #874, .F. ) ;
#4451 = CARTESIAN_POINT ( 'NONE',  ( -4.549999999999998934, -23.88321892447783412, -3.889999999999997460 ) ) ;
#4452 = DIRECTION ( 'NONE',  ( 1.000000000000000000, 0.000000000000000000, 0.000000000000000000 ) ) ;
#4453 = ORIENTED_EDGE ( 'NONE', *, *, #1472, .T. ) ;
#4454 = VECTOR ( 'NONE', #1243, 1000.000000000000000 ) ;
#4455 = CARTESIAN_POINT ( 'NONE',  ( 0.7750000000000256684, 1.939999999999999947, 4.049999999999998046 ) ) ;
#4456 = ORIENTED_EDGE ( 'NONE', *, *, #3990, .T. ) ;
#4457 = DIRECTION ( 'NONE',  ( -1.000000000000000000, 0.000000000000000000, 0.000000000000000000 ) ) ;
#4458 = ADVANCED_FACE ( 'NONE', ( #1200 ), #256, .F. ) ;
#4459 = COLOUR_RGB ( '',0.7921568627450980005, 0.8196078431372548767, 0.9333333333333333481 ) ;
#4460 = ORIENTED_EDGE ( 'NONE', *, *, #4808, .F. ) ;
#4461 = DIRECTION ( 'NONE',  ( 0.000000000000000000, 1.000000000000000000, 0.000000000000000000 ) ) ;
#4462 = LINE ( 'NONE', #2213, #4518 ) ;
#4463 = CARTESIAN_POINT ( 'NONE',  ( 4.549999999999998934, 1.940000000000000391, 4.440000000000019931 ) ) ;
#4464 = MECHANICAL_DESIGN_GEOMETRIC_PRESENTATION_REPRESENTATION (  '', ( #2781 ), #5388 ) ;
#4465 = LINE ( 'NONE', #3056, #1680 ) ;
#4466 = ADVANCED_FACE ( 'NONE', ( #314 ), #1605, .T. ) ;
#4467 = ADVANCED_FACE ( 'NONE', ( #3034 ), #4697, .F. ) ;
#4468 = ORIENTED_EDGE ( 'NONE', *, *, #56, .T. ) ;
#4469 = CYLINDRICAL_SURFACE ( 'NONE', #2567, 0.01000000000000045991 ) ;
#4470 = DIRECTION ( 'NONE',  ( -6.336419268719137790E-31, -1.034815797196514095E-14, 1.000000000000000000 ) ) ;
#4471 = VECTOR ( 'NONE', #5638, 1000.000000000000000 ) ;
#4472 = PLANE ( 'NONE',  #4391 ) ;
#4473 = CARTESIAN_POINT ( 'NONE',  ( -4.549999999999998934, 1.949999999999993516, 4.300000000000025580 ) ) ;
#4474 = EDGE_LOOP ( 'NONE', ( #2623, #5243, #1940, #548 ) ) ;
#4475 = ORIENTED_EDGE ( 'NONE', *, *, #5627, .F. ) ;
#4476 = DIRECTION ( 'NONE',  ( -0.000000000000000000, -0.000000000000000000, -1.000000000000000000 ) ) ;
#4477 = DIRECTION ( 'NONE',  ( -0.000000000000000000, -1.000000000000000000, -0.000000000000000000 ) ) ;
#4478 = ORIENTED_EDGE ( 'NONE', *, *, #4953, .T. ) ;
#4479 = ORIENTED_EDGE ( 'NONE', *, *, #2598, .T. ) ;
#4480 = CARTESIAN_POINT ( 'NONE',  ( 4.849999999999965894, 0.7399996200763460097, -0.2282850951502649606 ) ) ;
#4481 = CARTESIAN_POINT ( 'NONE',  ( 4.549999999999998934, 2.248009955724776798, -3.900000000000015898 ) ) ;
#4482 = ORIENTED_EDGE ( 'NONE', *, *, #809, .T. ) ;
#4483 = VERTEX_POINT ( 'NONE', #5130 ) ;
#4484 = LINE ( 'NONE', #3708, #4727 ) ;
#4485 = CIRCLE ( 'NONE', #5507, 0.2000000000000334843 ) ;
#4486 = ORIENTED_EDGE ( 'NONE', *, *, #4103, .F. ) ;
#4487 = CARTESIAN_POINT ( 'NONE',  ( 11.27290200957160238, 2.099999999999999645, -3.550000095150265267 ) ) ;
#4488 = EDGE_CURVE ( 'NONE', #614, #2049, #5212, .T. ) ;
#4489 = CARTESIAN_POINT ( 'NONE',  ( -4.549999999999998934, 1.950000000000000400, -3.699999999999997513 ) ) ;
#4490 =( LENGTH_UNIT ( ) NAMED_UNIT ( * ) SI_UNIT ( .MILLI., .METRE. ) );
#4491 = VECTOR ( 'NONE', #3826, 1000.000000000000000 ) ;
#4492 = DIRECTION ( 'NONE',  ( -1.000000000000000000, 0.000000000000000000, 0.000000000000000000 ) ) ;
#4493 = B_SPLINE_CURVE_WITH_KNOTS ( 'NONE', 1,
 ( #1287, #4445 ),
 .UNSPECIFIED., .F., .F.,
 ( 2, 2 ),
 ( 0.000000000000000000, 1.000000000000000000 ),
 .UNSPECIFIED. ) ;
#4494 = EDGE_CURVE ( 'NONE', #3754, #4411, #4752, .T. ) ;
#4495 = ADVANCED_FACE ( 'NONE', ( #4322 ), #286, .T. ) ;
#4496 = CARTESIAN_POINT ( 'NONE',  ( 4.832756304577534578, 2.023517865402125526, -3.550111298276532157 ) ) ;
#4497 = DIRECTION ( 'NONE',  ( 1.000000000000000000, 0.000000000000000000, 0.000000000000000000 ) ) ;
#4498 = ORIENTED_EDGE ( 'NONE', *, *, #5234, .T. ) ;
#4499 = CARTESIAN_POINT ( 'NONE',  ( -0.2999999999999999334, 0.000000000000000000, -0.1499999999999999944 ) ) ;
#4500 =( GEOMETRIC_REPRESENTATION_CONTEXT ( 3 ) GLOBAL_UNCERTAINTY_ASSIGNED_CONTEXT ( ( #1572 ) ) GLOBAL_UNIT_ASSIGNED_CONTEXT ( ( #2883, #2856, #682 ) ) REPRESENTATION_CONTEXT ( 'NONE', 'WORKASPACE' ) );
#4501 = ORIENTED_EDGE ( 'NONE', *, *, #373, .F. ) ;
#4502 = ORIENTED_EDGE ( 'NONE', *, *, #4384, .T. ) ;
#4503 = DIRECTION ( 'NONE',  ( -1.000000000000000000, -0.000000000000000000, -0.000000000000000000 ) ) ;
#4504 = EDGE_CURVE ( 'NONE', #1366, #4353, #5370, .T. ) ;
#4505 = EDGE_CURVE ( 'NONE', #1286, #1128, #367, .T. ) ;
#4506 = DIRECTION ( 'NONE',  ( -0.000000000000000000, -1.000000000000000000, -0.000000000000000000 ) ) ;
#4507 = CIRCLE ( 'NONE', #2443, 0.2000001861224270372 ) ;
#4508 = ORIENTED_EDGE ( 'NONE', *, *, #1710, .T. ) ;
#4509 = AXIS2_PLACEMENT_3D ( 'NONE', #2175, #1330, #3987 ) ;
#4510 = VERTEX_POINT ( 'NONE', #5655 ) ;
#4511 = CARTESIAN_POINT ( 'NONE',  ( 1.724999999999974998, 2.625497654997603014, 3.900000000000015010 ) ) ;
#4512 = CARTESIAN_POINT ( 'NONE',  ( 6.449999999999997513, 0.000000000000000000, -4.800000000000000711 ) ) ;
#4513 = ORIENTED_EDGE ( 'NONE', *, *, #4249, .T. ) ;
#4514 = AXIS2_PLACEMENT_3D ( 'NONE', #2143, #1293, #3494 ) ;
#4515 = ORIENTED_EDGE ( 'NONE', *, *, #573, .F. ) ;
#4516 = CIRCLE ( 'NONE', #988, 0.1600000000000004197 ) ;
#4517 = LINE ( 'NONE', #2791, #5095 ) ;
#4518 = VECTOR ( 'NONE', #3600, 1000.000000000000000 ) ;
#4519 = ORIENTED_EDGE ( 'NONE', *, *, #5516, .F. ) ;
#4520 = CARTESIAN_POINT ( 'NONE',  ( -4.549999999999998934, 1.939999999999999059, -5.688170446387289303 ) ) ;
#4521 = CARTESIAN_POINT ( 'NONE',  ( 0.1499999999999999667, 0.2999999999999999889, 0.2999999999999999334 ) ) ;
#4522 = DIRECTION ( 'NONE',  ( -0.000000000000000000, -1.000000000000000000, -0.000000000000000000 ) ) ;
#4523 = PRODUCT_DEFINITION_CONTEXT ( 'detailed design', #1730, 'design' ) ;
#4524 = CYLINDRICAL_SURFACE ( 'NONE', #4141, 0.2000000000000334843 ) ;
#4525 = DIRECTION ( 'NONE',  ( -1.000000000000000000, -3.268169228066479985E-16, -2.282530889443284858E-16 ) ) ;
#4526 = CARTESIAN_POINT ( 'NONE',  ( -0.2999999999999999334, 0.000000000000000000, -0.1499999999999999944 ) ) ;
#4527 = EDGE_CURVE ( 'NONE', #2127, #153, #1660, .T. ) ;
#4528 = PRODUCT_RELATED_PRODUCT_CATEGORY ( 'part', '', ( #2426 ) ) ;
#4529 = ORIENTED_EDGE ( 'NONE', *, *, #5415, .F. ) ;
#4530 = ORIENTED_EDGE ( 'NONE', *, *, #4414, .T. ) ;
#4531 = DIRECTION ( 'NONE',  ( -1.381324727921684874E-15, -1.000000000000000000, 1.602373713730180230E-30 ) ) ;
#4532 = CARTESIAN_POINT ( 'NONE',  ( 1.724999999999976108, 0.4399999999999993916, 4.049999999999998046 ) ) ;
#4533 = VERTEX_POINT ( 'NONE', #1631 ) ;
#4534 = CARTESIAN_POINT ( 'NONE',  ( -4.549999999999998934, 1.949999999999993516, -3.699999999999997513 ) ) ;
#4535 = EDGE_CURVE ( 'NONE', #1827, #5080, #1154, .T. ) ;
#4536 = EDGE_CURVE ( 'NONE', #1615, #2537, #268, .T. ) ;
#4537 = ORIENTED_EDGE ( 'NONE', *, *, #2110, .F. ) ;
#4538 = EDGE_LOOP ( 'NONE', ( #1158, #1987, #457, #1849 ) ) ;
#4539 = CARTESIAN_POINT ( 'NONE',  ( 4.549999999999998934, -23.88321892447783412, 4.440000000000019931 ) ) ;
#4540 = CARTESIAN_POINT ( 'NONE',  ( -4.549999999999998934, 2.100000000000000089, -3.699999999999997513 ) ) ;
#4541 = ORIENTED_EDGE ( 'NONE', *, *, #18, .T. ) ;
#4542 = ORIENTED_EDGE ( 'NONE', *, *, #5261, .T. ) ;
#4543 = VECTOR ( 'NONE', #3955, 1000.000000000000000 ) ;
#4544 = DIRECTION ( 'NONE',  ( 0.000000000000000000, 1.000000000000000000, 0.000000000000000000 ) ) ;
#4545 = ORIENTED_EDGE ( 'NONE', *, *, #4813, .F. ) ;
#4546 = PLANE ( 'NONE',  #3839 ) ;
#4547 = VECTOR ( 'NONE', #5707, 1000.000000000000000 ) ;
#4548 = DIRECTION ( 'NONE',  ( 0.000000000000000000, 0.000000000000000000, 1.000000000000000000 ) ) ;
#4549 = CARTESIAN_POINT ( 'NONE',  ( 0.7750000000000157874, 0.5900000000000003020, 4.059999999999997833 ) ) ;
#4550 = CARTESIAN_POINT ( 'NONE',  ( -4.549999999999998934, 1.939999999999999947, 4.600000000000020961 ) ) ;
#4551 = FACE_OUTER_BOUND ( 'NONE', #5547, .T. ) ;
#4552 = CARTESIAN_POINT ( 'NONE',  ( 1.724999999999984546, 0.5899999999999994138, 4.059999999999997833 ) ) ;
#4553 = DIRECTION ( 'NONE',  ( 0.000000000000000000, -1.000000000000000000, 0.000000000000000000 ) ) ;
#4554 = ORIENTED_EDGE ( 'NONE', *, *, #5423, .T. ) ;
#4555 = ORIENTED_EDGE ( 'NONE', *, *, #4284, .T. ) ;
#4556 = DIRECTION ( 'NONE',  ( 1.000000000000000000, 0.000000000000000000, 0.000000000000000000 ) ) ;
#4557 = CARTESIAN_POINT ( 'NONE',  ( -4.700000000000019718, 1.940000000000000391, -3.550000095150256829 ) ) ;
#4558 = EDGE_CURVE ( 'NONE', #3946, #4816, #4241, .T. ) ;
#4559 = ORIENTED_EDGE ( 'NONE', *, *, #1324, .T. ) ;
#4560 = DIRECTION ( 'NONE',  ( 0.000000000000000000, 1.000000000000000000, 0.000000000000000000 ) ) ;
#4561 = DIRECTION ( 'NONE',  ( 0.000000000000000000, -1.232595164407831220E-32, -1.000000000000000000 ) ) ;
#4562 = ORIENTED_EDGE ( 'NONE', *, *, #4217, .F. ) ;
#4563 = VERTEX_POINT ( 'NONE', #5743 ) ;
#4564 = DIRECTION ( 'NONE',  ( -1.000000000000000000, 0.000000000000000000, 1.196361017915079471E-15 ) ) ;
#4565 = DIRECTION ( 'NONE',  ( -1.000000000000000000, -2.990902544787698678E-16, -2.990902544787698678E-16 ) ) ;
#4566 = VERTEX_POINT ( 'NONE', #393 ) ;
#4567 = ADVANCED_FACE ( 'NONE', ( #1030 ), #4469, .F. ) ;
#4568 = ADVANCED_FACE ( 'NONE', ( #3151 ), #3575, .T. ) ;
#4569 = ORIENTED_EDGE ( 'NONE', *, *, #205, .T. ) ;
#4570 = FACE_OUTER_BOUND ( 'NONE', #4131, .T. ) ;
#4571 = ORIENTED_EDGE ( 'NONE', *, *, #4042, .T. ) ;
#4572 = CARTESIAN_POINT ( 'NONE',  ( -4.549999999999998046, 0.5899999999999994138, -4.059999999999996945 ) ) ;
#4573 = CARTESIAN_POINT ( 'NONE',  ( 0.2999999999999999334, 0.000000000000000000, -0.1500000000000000777 ) ) ;
#4574 = ADVANCED_FACE ( 'NONE', ( #4836 ), #1750, .F. ) ;
#4575 = FACE_OUTER_BOUND ( 'NONE', #2369, .T. ) ;
#4576 = VECTOR ( 'NONE', #5658, 1000.000000000000000 ) ;
#4577 = CIRCLE ( 'NONE', #3371, 0.009999999999999592548 ) ;
#4578 = UNCERTAINTY_MEASURE_WITH_UNIT (LENGTH_MEASURE( 1.000000000000000082E-05 ), #4130, 'distance_accuracy_value', 'NONE');
#4579 = CARTESIAN_POINT ( 'NONE',  ( -3.307842095149522432, 0.7400001654612742286, -4.599999999999992539 ) ) ;
#4580 = LINE ( 'NONE', #603, #4947 ) ;
#4581 = FILL_AREA_STYLE_COLOUR ( '', #4750 ) ;
#4582 = VERTEX_POINT ( 'NONE', #4406 ) ;
#4583 = ORIENTED_EDGE ( 'NONE', *, *, #4558, .T. ) ;
#4584 = CARTESIAN_POINT ( 'NONE',  ( -4.850000000000020961, 0.4700006265358621649, 2.225000176018558484 ) ) ;
#4585 = PLANE ( 'NONE',  #2425 ) ;
#4586 = VERTEX_POINT ( 'NONE', #2654 ) ;
#4587 = CARTESIAN_POINT ( 'NONE',  ( 0.7750000000000256684, 0.5999999999999998668, 4.059999999999997833 ) ) ;
#4588 = CARTESIAN_POINT ( 'NONE',  ( 3.425000000000011369, -23.88321892447783412, -3.749999999999975575 ) ) ;
#4589 = SURFACE_STYLE_FILL_AREA ( #581 ) ;
#4590 = ORIENTED_EDGE ( 'NONE', *, *, #5266, .F. ) ;
#4591 = EDGE_CURVE ( 'NONE', #1286, #4065, #2685, .T. ) ;
#4592 = ORIENTED_EDGE ( 'NONE', *, *, #3927, .T. ) ;
#4593 = CARTESIAN_POINT ( 'NONE',  ( -11.27290224021418652, 0.6699999999999363132, 0.7500001760187681166 ) ) ;
#4594 = AXIS2_PLACEMENT_3D ( 'NONE', #580, #3988, #3252 ) ;
#4595 = CARTESIAN_POINT ( 'NONE',  ( -4.700000000000019718, 0.6700006265358471325, 2.825000176018549691 ) ) ;
#4596 = ORIENTED_EDGE ( 'NONE', *, *, #3863, .T. ) ;
#4597 = ORIENTED_EDGE ( 'NONE', *, *, #203, .F. ) ;
#4598 = DIRECTION ( 'NONE',  ( -2.282530889443285351E-16, -1.000000000000000000, 0.000000000000000000 ) ) ;
#4599 = ADVANCED_FACE ( 'NONE', ( #2158 ), #4439, .T. ) ;
#4600 = EDGE_CURVE ( 'NONE', #912, #4108, #5272, .T. ) ;
#4601 = EDGE_LOOP ( 'NONE', ( #4013, #1880, #2730, #4562 ) ) ;
#4602 = LINE ( 'NONE', #245, #436 ) ;
#4603 = CYLINDRICAL_SURFACE ( 'NONE', #3335, 0.1599999999999995592 ) ;
#4604 = CARTESIAN_POINT ( 'NONE',  ( 17.30681286259025242, 1.939999999999996616, 3.889999999999997460 ) ) ;
#4605 = EDGE_CURVE ( 'NONE', #229, #2335, #3518, .T. ) ;
#4606 = AXIS2_PLACEMENT_3D ( 'NONE', #2763, #3236, #4548 ) ;
#4607 = CARTESIAN_POINT ( 'NONE',  ( -3.824999999999994849, 1.949999999999993516, -3.749999999999975575 ) ) ;
#4608 = DIRECTION ( 'NONE',  ( -1.000000000000000000, 0.000000000000000000, 0.000000000000000000 ) ) ;
#4609 = DIRECTION ( 'NONE',  ( 1.000000000000000000, 0.000000000000000000, 0.000000000000000000 ) ) ;
#4610 = VERTEX_POINT ( 'NONE', #3510 ) ;
#4611 = ORIENTED_EDGE ( 'NONE', *, *, #5094, .F. ) ;
#4612 = DIRECTION ( 'NONE',  ( -0.000000000000000000, -1.000000000000000000, 0.000000000000000000 ) ) ;
#4613 = CYLINDRICAL_SURFACE ( 'NONE', #5593, 0.1599999999999995592 ) ;
#4614 = ORIENTED_EDGE ( 'NONE', *, *, #2216, .F. ) ;
#4615 = CARTESIAN_POINT ( 'NONE',  ( 4.699999999999964650, 1.939999999999999947, -3.550000095150265267 ) ) ;
#4616 = ORIENTED_EDGE ( 'NONE', *, *, #1606, .T. ) ;
#4617 = ORIENTED_EDGE ( 'NONE', *, *, #5692, .F. ) ;
#4618 = LINE ( 'NONE', #586, #5323 ) ;
#4619 = EDGE_LOOP ( 'NONE', ( #2913, #354, #1100, #5742, #82, #3554, #4016, #4049, #2584, #5406, #4084, #620 ) ) ;
#4620 = EDGE_LOOP ( 'NONE', ( #3530, #2981, #2013, #3830 ) ) ;
#4621 = PLANE ( 'NONE',  #193 ) ;
#4622 = AXIS2_PLACEMENT_3D ( 'NONE', #3311, #4556, #111 ) ;
#4623 = LINE ( 'NONE', #5146, #3391 ) ;
#4624 = DIRECTION ( 'NONE',  ( 1.000000000000000000, 0.000000000000000000, 0.000000000000000000 ) ) ;
#4625 = AXIS2_PLACEMENT_3D ( 'NONE', #2828, #3796, #272 ) ;
#4626 = FACE_OUTER_BOUND ( 'NONE', #3447, .T. ) ;
#4627 = DIRECTION ( 'NONE',  ( 0.000000000000000000, -1.000000000000000000, 0.000000000000000000 ) ) ;
#4628 = ADVANCED_FACE ( 'NONE', ( #5366 ), #4898, .F. ) ;
#4629 = AXIS2_PLACEMENT_3D ( 'NONE', #5263, #3054, #2647 ) ;
#4630 = CARTESIAN_POINT ( 'NONE',  ( 0.7750000000000204503, 0.4400000000000001688, 4.059999999999997833 ) ) ;
#4631 = DIRECTION ( 'NONE',  ( 0.000000000000000000, 1.000000000000000000, 0.000000000000000000 ) ) ;
#4632 = EDGE_CURVE ( 'NONE', #2745, #2867, #3713, .T. ) ;
#4633 = EDGE_LOOP ( 'NONE', ( #2564, #3406, #211, #5643 ) ) ;
#4634 = CIRCLE ( 'NONE', #5186, 0.009999999999999592548 ) ;
#4635 = EDGE_CURVE ( 'NONE', #3519, #1770, #4002, .T. ) ;
#4636 = VERTEX_POINT ( 'NONE', #17 ) ;
#4637 =( GEOMETRIC_REPRESENTATION_CONTEXT ( 3 ) GLOBAL_UNCERTAINTY_ASSIGNED_CONTEXT ( ( #1033 ) ) GLOBAL_UNIT_ASSIGNED_CONTEXT ( ( #2311, #3670, #2723 ) ) REPRESENTATION_CONTEXT ( 'NONE', 'WORKASPACE' ) );
#4638 = VERTEX_POINT ( 'NONE', #1309 ) ;
#4639 = DIRECTION ( 'NONE',  ( 0.000000000000000000, 1.000000000000000000, 0.000000000000000000 ) ) ;
#4640 = PLANE ( 'NONE',  #29 ) ;
#4641 = ORIENTED_EDGE ( 'NONE', *, *, #3292, .F. ) ;
#4642 = CARTESIAN_POINT ( 'NONE',  ( 4.550000000000012257, 1.940000000000000391, -3.889999999999997460 ) ) ;
#4643 = DIRECTION ( 'NONE',  ( 0.000000000000000000, 0.000000000000000000, 1.000000000000000000 ) ) ;
#4644 = ORIENTED_EDGE ( 'NONE', *, *, #2790, .T. ) ;
#4645 = ORIENTED_EDGE ( 'NONE', *, *, #978, .F. ) ;
#4646 = CARTESIAN_POINT ( 'NONE',  ( 4.849999999999965894, 1.940000000000000391, -3.550000095150287915 ) ) ;
#4647 = ORIENTED_EDGE ( 'NONE', *, *, #3508, .T. ) ;
#4648 = AXIS2_PLACEMENT_3D ( 'NONE', #4760, #785, #4329 ) ;
#4649 = ORIENTED_EDGE ( 'NONE', *, *, #1924, .T. ) ;
#4650 = FACE_OUTER_BOUND ( 'NONE', #2516, .T. ) ;
#4651 = DIRECTION ( 'NONE',  ( 0.000000000000000000, 0.000000000000000000, 1.000000000000000000 ) ) ;
#4652 = DIRECTION ( 'NONE',  ( 0.000000000000000000, 0.000000000000000000, 1.000000000000000000 ) ) ;
#4653 = DIRECTION ( 'NONE',  ( 0.000000000000000000, -1.000000000000000000, 0.000000000000000000 ) ) ;
#4654 = CARTESIAN_POINT ( 'NONE',  ( 4.699999999999964650, 0.9400002466121030187, 4.099999999999984546 ) ) ;
#4655 = ADVANCED_FACE ( 'NONE', ( #1778 ), #3089, .T. ) ;
#4656 = LINE ( 'NONE', #685, #3680 ) ;
#4657 = DIRECTION ( 'NONE',  ( 0.000000000000000000, 1.000000000000000000, 0.000000000000000000 ) ) ;
#4658 = ORIENTED_EDGE ( 'NONE', *, *, #650, .T. ) ;
#4659 = CIRCLE ( 'NONE', #862, 0.2000000000000334843 ) ;
#4660 = DIRECTION ( 'NONE',  ( 0.000000000000000000, 0.000000000000000000, 1.000000000000000000 ) ) ;
#4661 = ORIENTED_EDGE ( 'NONE', *, *, #3508, .F. ) ;
#4662 = ADVANCED_FACE ( 'NONE', ( #892 ), #861, .T. ) ;
#4663 = VECTOR ( 'NONE', #4497, 1000.000000000000000 ) ;
#4664 = ORIENTED_EDGE ( 'NONE', *, *, #5007, .F. ) ;
#4665 = ADVANCED_FACE ( 'NONE', ( #49 ), #3940, .T. ) ;
#4666 = DIRECTION ( 'NONE',  ( -1.000000000000000000, 0.000000000000000000, 0.000000000000000000 ) ) ;
#4667 = PLANE ( 'NONE',  #4385 ) ;
#4668 = CARTESIAN_POINT ( 'NONE',  ( -4.350000000000020961, 0.9400000000000050537, 4.450000000000019718 ) ) ;
#4669 = CIRCLE ( 'NONE', #5693, 0.2000000000000105027 ) ;
#4670 = DIRECTION ( 'NONE',  ( 1.000000000000000000, 0.000000000000000000, 0.000000000000000000 ) ) ;
#4671 = VECTOR ( 'NONE', #5133, 1000.000000000000000 ) ;
#4672 = VERTEX_POINT ( 'NONE', #3121 ) ;
#4673 = EDGE_CURVE ( 'NONE', #229, #668, #5000, .T. ) ;
#4674 = CIRCLE ( 'NONE', #1882, 0.2000000000000057288 ) ;
#4675 = ORIENTED_EDGE ( 'NONE', *, *, #1212, .F. ) ;
#4676 = EDGE_CURVE ( 'NONE', #3782, #1471, #4684, .T. ) ;
#4677 = DIRECTION ( 'NONE',  ( -1.000000000000000000, 0.000000000000000000, 0.000000000000000000 ) ) ;
#4678 = ORIENTED_EDGE ( 'NONE', *, *, #3427, .T. ) ;
#4679 = VECTOR ( 'NONE', #2385, 1000.000000000000000 ) ;
#4680 = EDGE_LOOP ( 'NONE', ( #1071, #3459, #4432, #1417 ) ) ;
#4681 = DIRECTION ( 'NONE',  ( 0.000000000000000000, 1.000000000000000000, -6.123233995736766036E-17 ) ) ;
#4682 = VECTOR ( 'NONE', #2642, 1000.000000000000000 ) ;
#4683 = DIRECTION ( 'NONE',  ( 1.355252715606881036E-16, -0.000000000000000000, 1.000000000000000000 ) ) ;
#4684 = LINE ( 'NONE', #4714, #4168 ) ;
#4685 = CARTESIAN_POINT ( 'NONE',  ( 6.449999999999997513, 0.000000000000000000, -4.800000000000000711 ) ) ;
#4686 = LINE ( 'NONE', #1651, #977 ) ;
#4687 = AXIS2_PLACEMENT_3D ( 'NONE', #3036, #4698, #5657 ) ;
#4688 = VECTOR ( 'NONE', #2768, 1000.000000000000000 ) ;
#4689 = EDGE_CURVE ( 'NONE', #5734, #4398, #4902, .T. ) ;
#4690 = LINE ( 'NONE', #279, #5244 ) ;
#4691 = DIRECTION ( 'NONE',  ( 0.000000000000000000, 0.000000000000000000, 1.000000000000000000 ) ) ;
#4692 = ORIENTED_EDGE ( 'NONE', *, *, #5560, .T. ) ;
#4693 = FACE_OUTER_BOUND ( 'NONE', #2142, .T. ) ;
#4694 = AXIS2_PLACEMENT_3D ( 'NONE', #4401, #3503, #4894 ) ;
#4695 = ORIENTED_EDGE ( 'NONE', *, *, #900, .F. ) ;
#4696 = ORIENTED_EDGE ( 'NONE', *, *, #1212, .T. ) ;
#4697 = PLANE ( 'NONE',  #3978 ) ;
#4698 = DIRECTION ( 'NONE',  ( -1.000000000000000000, -2.990902544787698678E-16, 0.000000000000000000 ) ) ;
#4699 = LINE ( 'NONE', #207, #679 ) ;
#4700 = CARTESIAN_POINT ( 'NONE',  ( -4.690000000000020819, 1.950000000000000400, 4.300000000000019362 ) ) ;
#4701 = EDGE_CURVE ( 'NONE', #997, #2606, #2908, .T. ) ;
#4702 = AXIS2_PLACEMENT_3D ( 'NONE', #5027, #2460, #4225 ) ;
#4703 = EDGE_CURVE ( 'NONE', #67, #1028, #734, .T. ) ;
#4704 = SHAPE_DEFINITION_REPRESENTATION ( #4342, #4122 ) ;
#4705 = VERTEX_POINT ( 'NONE', #2031 ) ;
#4706 = ORIENTED_EDGE ( 'NONE', *, *, #404, .T. ) ;
#4707 = DIRECTION ( 'NONE',  ( 2.990902544787698185E-16, 8.628166150854816622E-32, -1.000000000000000000 ) ) ;
#4708 = ORIENTED_EDGE ( 'NONE', *, *, #1093, .T. ) ;
#4709 = EDGE_CURVE ( 'NONE', #2401, #3615, #5615, .T. ) ;
#4710 = EDGE_CURVE ( 'NONE', #4132, #592, #3238, .T. ) ;
#4711 = EDGE_CURVE ( 'NONE', #3710, #868, #85, .T. ) ;
#4712 = LINE ( 'NONE', #1559, #3629 ) ;
#4713 = LINE ( 'NONE', #1619, #3593 ) ;
#4714 = CARTESIAN_POINT ( 'NONE',  ( 2.125000000000015987, 0.9400000000000059419, -0.9613307051038245676 ) ) ;
#4715 = FACE_OUTER_BOUND ( 'NONE', #3811, .T. ) ;
#4716 = CARTESIAN_POINT ( 'NONE',  ( 2.125000000000039524, 1.939999999999999947, 4.600000000000020961 ) ) ;
#4717 = CIRCLE ( 'NONE', #5464, 0.1999999999999779732 ) ;
#4718 = CARTESIAN_POINT ( 'NONE',  ( 3.825000000000022826, 0.5999999999999998668, -4.059999999999998721 ) ) ;
#4719 = LINE ( 'NONE', #4774, #1498 ) ;
#4720 = ORIENTED_EDGE ( 'NONE', *, *, #448, .F. ) ;
#4721 = DIRECTION ( 'NONE',  ( 0.000000000000000000, 0.000000000000000000, -1.000000000000000000 ) ) ;
#4722 = AXIS2_PLACEMENT_3D ( 'NONE', #3266, #3298, #3820 ) ;
#4723 = UNCERTAINTY_MEASURE_WITH_UNIT (LENGTH_MEASURE( 1.000000000000000082E-05 ), #4226, 'distance_accuracy_value', 'NONE');
#4724 = ORIENTED_EDGE ( 'NONE', *, *, #3862, .T. ) ;
#4725 = EDGE_LOOP ( 'NONE', ( #5365, #4068, #705, #2918 ) ) ;
#4726 = CARTESIAN_POINT ( 'NONE',  ( 0.1499999999999999667, 0.2999999999999999889, 0.2999999999999999334 ) ) ;
#4727 = VECTOR ( 'NONE', #5387, 1000.000000000000000 ) ;
#4728 = DIRECTION ( 'NONE',  ( 1.355252715606881036E-16, -0.000000000000000000, 1.000000000000000000 ) ) ;
#4729 = DIRECTION ( 'NONE',  ( -6.530723674265493066E-14, -0.000000000000000000, -1.000000000000000000 ) ) ;
#4730 = CARTESIAN_POINT ( 'NONE',  ( 1.724999999999948797, 1.950000000000000400, 3.889999999999997460 ) ) ;
#4731 = AXIS2_PLACEMENT_3D ( 'NONE', #219, #5085, #267 ) ;
#4732 = ORIENTED_EDGE ( 'NONE', *, *, #5448, .F. ) ;
#4733 = ORIENTED_EDGE ( 'NONE', *, *, #5234, .F. ) ;
#4734 = LINE ( 'NONE', #5141, #2252 ) ;
#4735 = ADVANCED_FACE ( 'NONE', ( #2854 ), #246, .T. ) ;
#4736 = ORIENTED_EDGE ( 'NONE', *, *, #1009, .F. ) ;
#4737 = FILL_AREA_STYLE_COLOUR ( '', #3341 ) ;
#4738 = DIRECTION ( 'NONE',  ( 0.000000000000000000, 1.000000000000000000, 0.000000000000000000 ) ) ;
#4739 = EDGE_CURVE ( 'NONE', #4444, #2499, #4280, .T. ) ;
#4740 = ADVANCED_FACE ( 'NONE', ( #5582 ), #4603, .T. ) ;
#4741 = FACE_OUTER_BOUND ( 'NONE', #32, .T. ) ;
#4742 = CARTESIAN_POINT ( 'NONE',  ( -4.549999999999998934, 1.949999999999999956, -3.889999999999997460 ) ) ;
#4743 = PLANE ( 'NONE',  #3099 ) ;
#4744 = DIRECTION ( 'NONE',  ( 0.000000000000000000, 0.000000000000000000, 1.000000000000000000 ) ) ;
#4745 = LINE ( 'NONE', #4830, #1649 ) ;
#4746 = ADVANCED_FACE ( 'NONE', ( #3350 ), #5147, .T. ) ;
#4747 = DIRECTION ( 'NONE',  ( 0.000000000000000000, 0.000000000000000000, 1.000000000000000000 ) ) ;
#4748 = DIRECTION ( 'NONE',  ( 3.265361837132746533E-14, 0.000000000000000000, 1.000000000000000000 ) ) ;
#4749 = PLANE ( 'NONE',  #4386 ) ;
#4750 = COLOUR_RGB ( '',0.8588235294117646523, 1.000000000000000000, 0.02745098039215686236 ) ;
#4751 = ORIENTED_EDGE ( 'NONE', *, *, #837, .F. ) ;
#4752 = LINE ( 'NONE', #720, #1923 ) ;
#4753 = CIRCLE ( 'NONE', #3656, 0.1999999999999683142 ) ;
#4754 = AXIS2_PLACEMENT_3D ( 'NONE', #104, #4403, #3087 ) ;
#4755 = DIRECTION ( 'NONE',  ( 1.000000000000000000, -0.000000000000000000, -0.000000000000000000 ) ) ;
#4756 = LINE ( 'NONE', #2560, #1310 ) ;
#4757 = LINE ( 'NONE', #2532, #4229 ) ;
#4758 = ORIENTED_EDGE ( 'NONE', *, *, #19, .F. ) ;
#4759 = ORIENTED_EDGE ( 'NONE', *, *, #1934, .F. ) ;
#4760 = CARTESIAN_POINT ( 'NONE',  ( 4.349999999999965006, 0.5899999999999994138, -4.400000000000015454 ) ) ;
#4761 = DIRECTION ( 'NONE',  ( -8.540177112502145062E-14, -9.749827750465942783E-30, -1.000000000000000000 ) ) ;
#4762 = VECTOR ( 'NONE', #1895, 1000.000000000000000 ) ;
#4763 = SURFACE_STYLE_FILL_AREA ( #842 ) ;
#4764 = FACE_OUTER_BOUND ( 'NONE', #3159, .T. ) ;
#4765 = VERTEX_POINT ( 'NONE', #709 ) ;
#4766 = CARTESIAN_POINT ( 'NONE',  ( -1.848606095149547324, 0.7400001654612742286, -4.449999999999988631 ) ) ;
#4767 = CARTESIAN_POINT ( 'NONE',  ( -6.449999999999997513, 0.000000000000000000, -4.799999999999998934 ) ) ;
#4768 = CARTESIAN_POINT ( 'NONE',  ( 4.849999999999965894, 0.9400002466121012423, 4.300000000000018474 ) ) ;
#4769 = ADVANCED_FACE ( 'NONE', ( #653 ), #2461, .T. ) ;
#4770 = EDGE_CURVE ( 'NONE', #4638, #912, #3772, .T. ) ;
#4771 = DIRECTION ( 'NONE',  ( 0.000000000000000000, -1.232595164407831220E-32, -1.000000000000000000 ) ) ;
#4772 = VECTOR ( 'NONE', #384, 1000.000000000000000 ) ;
#4773 = CARTESIAN_POINT ( 'NONE',  ( -4.350000000000020961, 0.5900000000000003020, -4.599999999999991651 ) ) ;
#4774 = CARTESIAN_POINT ( 'NONE',  ( -4.549999999999998934, 1.950000000000000400, 4.300000000000025580 ) ) ;
#4775 = CARTESIAN_POINT ( 'NONE',  ( -4.690000000000020819, 1.940000000000000391, 20.81784338868889250 ) ) ;
#4776 = VECTOR ( 'NONE', #602, 1000.000000000000000 ) ;
#4777 = EDGE_CURVE ( 'NONE', #1855, #5322, #3326, .T. ) ;
#4778 = AXIS2_PLACEMENT_3D ( 'NONE', #2462, #2007, #4653 ) ;
#4779 = ORIENTED_EDGE ( 'NONE', *, *, #2551, .F. ) ;
#4780 = CARTESIAN_POINT ( 'NONE',  ( 4.549999999999998934, 0.5999999999999998668, -3.899999999999998135 ) ) ;
#4781 = MANIFOLD_SOLID_BREP ( 'ﾎﾞｽ - 押し出し1', #2703 ) ;
#4782 = CYLINDRICAL_SURFACE ( 'NONE', #5434, 0.2000000000000334843 ) ;
#4783 = LINE ( 'NONE', #2160, #3273 ) ;
#4784 = AXIS2_PLACEMENT_3D ( 'NONE', #5518, #1526, #2896 ) ;
#4785 = DIRECTION ( 'NONE',  ( 0.000000000000000000, 0.000000000000000000, 1.000000000000000000 ) ) ;
#4786 = CIRCLE ( 'NONE', #2633, 0.2000000000000057288 ) ;
#4787 = VECTOR ( 'NONE', #762, 1000.000000000000000 ) ;
#4788 = ORIENTED_EDGE ( 'NONE', *, *, #1384, .F. ) ;
#4789 = ORIENTED_EDGE ( 'NONE', *, *, #623, .T. ) ;
#4790 = DIRECTION ( 'NONE',  ( -0.000000000000000000, -0.000000000000000000, -1.000000000000000000 ) ) ;
#4791 = LINE ( 'NONE', #435, #4111 ) ;
#4792 = CYLINDRICAL_SURFACE ( 'NONE', #3150, 0.1599999999999997813 ) ;
#4793 = DIRECTION ( 'NONE',  ( 0.000000000000000000, -1.000000000000000000, 0.000000000000000000 ) ) ;
#4794 = PLANE ( 'NONE',  #2767 ) ;
#4795 = ORIENTED_EDGE ( 'NONE', *, *, #521, .F. ) ;
#4796 = CARTESIAN_POINT ( 'NONE',  ( -3.825000000000023714, 0.4399999999999990030, -4.400000000000014566 ) ) ;
#4797 = DIRECTION ( 'NONE',  ( 0.000000000000000000, 0.000000000000000000, -1.000000000000000000 ) ) ;
#4798 = CARTESIAN_POINT ( 'NONE',  ( -3.825000000000022826, 0.5999999999999998668, -3.899999999999998135 ) ) ;
#4799 = CARTESIAN_POINT ( 'NONE',  ( 4.549999999999984723, 0.4399999999999976708, -4.059999999999998721 ) ) ;
#4800 = EDGE_CURVE ( 'NONE', #2690, #2205, #2936, .T. ) ;
#4801 = CARTESIAN_POINT ( 'NONE',  ( -4.024999999999999467, 2.248009955724755926, -4.400000000000014566 ) ) ;
#4802 = LINE ( 'NONE', #5209, #1223 ) ;
#4803 = LINE ( 'NONE', #3477, #5588 ) ;
#4804 = VECTOR ( 'NONE', #4957, 1000.000000000000000 ) ;
#4805 = ORIENTED_EDGE ( 'NONE', *, *, #4535, .F. ) ;
#4806 = DIRECTION ( 'NONE',  ( 0.000000000000000000, -1.000000000000000000, 0.000000000000000000 ) ) ;
#4807 = ADVANCED_FACE ( 'NONE', ( #5727 ), #1237, .F. ) ;
#4808 = EDGE_CURVE ( 'NONE', #1499, #2973, #5177, .T. ) ;
#4809 = FACE_OUTER_BOUND ( 'NONE', #1943, .T. ) ;
#4810 = DIRECTION ( 'NONE',  ( -3.614007241618347785E-16, 0.000000000000000000, -1.000000000000000000 ) ) ;
#4811 = AXIS2_PLACEMENT_3D ( 'NONE', #2667, #4452, #1795 ) ;
#4812 = LINE ( 'NONE', #2047, #3858 ) ;
#4813 = EDGE_CURVE ( 'NONE', #1133, #4065, #3888, .T. ) ;
#4814 = ORIENTED_EDGE ( 'NONE', *, *, #1966, .T. ) ;
#4815 = AXIS2_PLACEMENT_3D ( 'NONE', #1533, #1137, #2822 ) ;
#4816 = VERTEX_POINT ( 'NONE', #3047 ) ;
#4817 = DIRECTION ( 'NONE',  ( 0.000000000000000000, 1.000000000000000000, 0.000000000000000000 ) ) ;
#4818 = CARTESIAN_POINT ( 'NONE',  ( -4.850000000000020961, 1.940000000000000391, -3.550000095150256829 ) ) ;
#4819 = MECHANICAL_DESIGN_GEOMETRIC_PRESENTATION_REPRESENTATION (  '', ( #3898 ), #1379 ) ;
#4820 =( NAMED_UNIT ( * ) PLANE_ANGLE_UNIT ( ) SI_UNIT ( $, .RADIAN. ) );
#4821 = EDGE_LOOP ( 'NONE', ( #1603, #4759, #408, #3802, #2929, #4994 ) ) ;
#4822 = FACE_OUTER_BOUND ( 'NONE', #5184, .T. ) ;
#4823 = DIRECTION ( 'NONE',  ( 1.000000000000000000, -1.626303258728435722E-15, 0.000000000000000000 ) ) ;
#4824 = EDGE_LOOP ( 'NONE', ( #886, #1026, #5541, #998 ) ) ;
#4825 = CARTESIAN_POINT ( 'NONE',  ( -4.549999999999998934, 0.5900000000000003020, -4.400000000000013678 ) ) ;
#4826 = CARTESIAN_POINT ( 'NONE',  ( -0.1499999999999999667, 0.2999999999999999889, 0.2999999999999999334 ) ) ;
#4827 = EDGE_LOOP ( 'NONE', ( #1066, #23, #5112, #1972 ) ) ;
#4828 = DIRECTION ( 'NONE',  ( 0.000000000000000000, 0.000000000000000000, -1.000000000000000000 ) ) ;
#4829 = ORIENTED_EDGE ( 'NONE', *, *, #3501, .F. ) ;
#4830 = CARTESIAN_POINT ( 'NONE',  ( -3.825000000000022826, 2.100000000000000089, -4.049999999999998046 ) ) ;
#4831 = DIRECTION ( 'NONE',  ( -1.000000000000000000, 0.000000000000000000, 0.000000000000000000 ) ) ;
#4832 = DIRECTION ( 'NONE',  ( 0.000000000000000000, 1.156482317317891801E-14, -1.000000000000000000 ) ) ;
#4833 = DIRECTION ( 'NONE',  ( 1.000000000000000000, 0.000000000000000000, -8.425799740458609626E-14 ) ) ;
#4834 = ADVANCED_FACE ( 'NONE', ( #2545 ), #5172, .T. ) ;
#4835 = ORIENTED_EDGE ( 'NONE', *, *, #456, .T. ) ;
#4836 = FACE_OUTER_BOUND ( 'NONE', #5680, .T. ) ;
#4837 = DIRECTION ( 'NONE',  ( 0.000000000000000000, 1.000000000000000000, 0.000000000000000000 ) ) ;
#4838 = CARTESIAN_POINT ( 'NONE',  ( -6.449999999999997513, 0.3400000000000000244, -4.799999999999998934 ) ) ;
#4839 = CARTESIAN_POINT ( 'NONE',  ( -4.690000000000020819, 2.100000000000000089, 4.300000000000015810 ) ) ;
#4840 = AXIS2_PLACEMENT_3D ( 'NONE', #1754, #4927, #1866 ) ;
#4841 = EDGE_CURVE ( 'NONE', #2043, #1389, #3525, .T. ) ;
#4842 = EDGE_CURVE ( 'NONE', #439, #230, #2864, .T. ) ;
#4843 = ORIENTED_EDGE ( 'NONE', *, *, #2000, .T. ) ;
#4844 = AXIS2_PLACEMENT_3D ( 'NONE', #5253, #4761, #2957 ) ;
#4845 = VERTEX_POINT ( 'NONE', #845 ) ;
#4846 = CARTESIAN_POINT ( 'NONE',  ( 1.724999999999977218, 1.939999999999998170, 0.6148211616413266078 ) ) ;
#4847 = VECTOR ( 'NONE', #775, 1000.000000000000000 ) ;
#4848 = ORIENTED_EDGE ( 'NONE', *, *, #5354, .F. ) ;
#4849 = CIRCLE ( 'NONE', #767, 0.2000000000000334843 ) ;
#4850 = B_SPLINE_CURVE_WITH_KNOTS ( 'NONE', 3,
 ( #4615, #1131, #2924, #3810, #641, #3698 ),
 .UNSPECIFIED., .F., .F.,
 ( 4, 2, 4 ),
 ( 0.000000000000000000, 0.5000000000000000000, 1.000000000000000000 ),
 .UNSPECIFIED. ) ;
#4851 = DIRECTION ( 'NONE',  ( 0.000000000000000000, 0.000000000000000000, 1.000000000000000000 ) ) ;
#4852 = ADVANCED_FACE ( 'NONE', ( #4741 ), #2601, .T. ) ;
#4853 = ORIENTED_EDGE ( 'NONE', *, *, #309, .F. ) ;
#4854 = CARTESIAN_POINT ( 'NONE',  ( -1.401393297763660284, 0.7399997694628405176, 9.561909157685011706 ) ) ;
#4855 = FACE_OUTER_BOUND ( 'NONE', #4821, .T. ) ;
#4856 = EDGE_LOOP ( 'NONE', ( #4289, #3893, #4914, #4678 ) ) ;
#4857 = CARTESIAN_POINT ( 'NONE',  ( -4.850000000000020961, 0.6050006264990258620, 3.014142979199657901 ) ) ;
#4858 = CARTESIAN_POINT ( 'NONE',  ( -0.1499999999999999667, 0.2999999999999999889, -0.1499999999999999389 ) ) ;
#4859 = VERTEX_POINT ( 'NONE', #411 ) ;
#4860 = CARTESIAN_POINT ( 'NONE',  ( 0.7749999999999979128, 2.100000000000000089, 3.749999999999975575 ) ) ;
#4861 = ORIENTED_EDGE ( 'NONE', *, *, #5449, .F. ) ;
#4862 = LINE ( 'NONE', #385, #5653 ) ;
#4863 = VECTOR ( 'NONE', #5319, 1000.000000000000000 ) ;
#4864 = CARTESIAN_POINT ( 'NONE',  ( -3.825000000000009059, 1.940000000000000391, -3.889999999999997460 ) ) ;
#4865 = LINE ( 'NONE', #103, #582 ) ;
#4866 = CARTESIAN_POINT ( 'NONE',  ( -3.825000000000023714, 0.5899999999999994138, -4.400000000000014566 ) ) ;
#4867 = AXIS2_PLACEMENT_3D ( 'NONE', #2938, #763, #4797 ) ;
#4868 = ORIENTED_EDGE ( 'NONE', *, *, #2640, .T. ) ;
#4869 = CARTESIAN_POINT ( 'NONE',  ( -4.349999999999965006, 0.7399999999999984368, -5.688170446387289303 ) ) ;
#4870 = CARTESIAN_POINT ( 'NONE',  ( 4.695219866587597934, 1.948922269036098553, -3.550222501402790609 ) ) ;
#4871 = PLANE ( 'NONE',  #3465 ) ;
#4872 = DIRECTION ( 'NONE',  ( 0.000000000000000000, 0.000000000000000000, 1.000000000000000000 ) ) ;
#4873 = AXIS2_PLACEMENT_3D ( 'NONE', #1982, #1005, #1094 ) ;
#4874 = ORIENTED_EDGE ( 'NONE', *, *, #2951, .T. ) ;
#4875 = ORIENTED_EDGE ( 'NONE', *, *, #2051, .T. ) ;
#4876 = DIRECTION ( 'NONE',  ( 1.000000000000000000, -1.355252715607029834E-15, 0.000000000000000000 ) ) ;
#4877 = VECTOR ( 'NONE', #383, 1000.000000000000000 ) ;
#4878 = DIRECTION ( 'NONE',  ( -1.000000000000000000, 0.000000000000000000, 0.000000000000000000 ) ) ;
#4879 = EDGE_CURVE ( 'NONE', #4097, #5083, #2173, .T. ) ;
#4880 = AXIS2_PLACEMENT_3D ( 'NONE', #1492, #3368, #3251 ) ;
#4881 = ORIENTED_EDGE ( 'NONE', *, *, #3823, .F. ) ;
#4882 = ORIENTED_EDGE ( 'NONE', *, *, #2464, .T. ) ;
#4883 = LINE ( 'NONE', #470, #4863 ) ;
#4884 = DIRECTION ( 'NONE',  ( -1.344746880602176952E-16, 0.000000000000000000, -1.000000000000000000 ) ) ;
#4885 = EDGE_LOOP ( 'NONE', ( #4590, #663, #5400, #5193, #3193, #3526, #2928, #5577, #401, #5705, #3694, #2809 ) ) ;
#4886 = ADVANCED_FACE ( 'NONE', ( #326 ), #4794, .T. ) ;
#4887 = EDGE_CURVE ( 'NONE', #1163, #5472, #1733, .T. ) ;
#4888 = LINE ( 'NONE', #2146, #244 ) ;
#4889 = CARTESIAN_POINT ( 'NONE',  ( -3.825000000000022826, 1.939999999999999947, -4.049999999999998046 ) ) ;
#4890 = VERTEX_POINT ( 'NONE', #4363 ) ;
#4891 = CARTESIAN_POINT ( 'NONE',  ( -3.307842095149522432, 0.7400001654612742286, -4.449999999999992184 ) ) ;
#4892 = ORIENTED_EDGE ( 'NONE', *, *, #1785, .T. ) ;
#4893 = DIRECTION ( 'NONE',  ( 0.000000000000000000, 1.000000000000000000, 0.000000000000000000 ) ) ;
#4894 = DIRECTION ( 'NONE',  ( 0.000000000000000000, -0.000000000000000000, 1.000000000000000000 ) ) ;
#4895 = CARTESIAN_POINT ( 'NONE',  ( 4.550000000000028244, 1.950000000000000400, -3.699999999999990852 ) ) ;
#4896 = CARTESIAN_POINT ( 'NONE',  ( 0.000000000000000000, 0.000000000000000000, 0.000000000000000000 ) ) ;
#4897 = ORIENTED_EDGE ( 'NONE', *, *, #300, .F. ) ;
#4898 = CYLINDRICAL_SURFACE ( 'NONE', #5175, 0.1500000000000008271 ) ;
#4899 = DIRECTION ( 'NONE',  ( 0.000000000000000000, -0.000000000000000000, 1.000000000000000000 ) ) ;
#4900 = CARTESIAN_POINT ( 'NONE',  ( 4.699999999999964650, 0.6049999999630465419, 0.9391429791998600063 ) ) ;
#4901 = DIRECTION ( 'NONE',  ( 0.000000000000000000, 1.000000000000000000, 0.000000000000000000 ) ) ;
#4902 = CIRCLE ( 'NONE', #1271, 0.1999999999999771128 ) ;
#4903 = VERTEX_POINT ( 'NONE', #5288 ) ;
#4904 = ORIENTED_EDGE ( 'NONE', *, *, #1507, .F. ) ;
#4905 = LINE ( 'NONE', #931, #2476 ) ;
#4906 = AXIS2_PLACEMENT_3D ( 'NONE', #3643, #3591, #936 ) ;
#4907 = CARTESIAN_POINT ( 'NONE',  ( 3.224999999999978773, 0.9400000000000328093, -4.599999999999992539 ) ) ;
#4908 = AXIS2_PLACEMENT_3D ( 'NONE', #3442, #1300, #4744 ) ;
#4909 = ORIENTED_EDGE ( 'NONE', *, *, #4410, .T. ) ;
#4910 = EDGE_CURVE ( 'NONE', #5081, #4094, #5201, .T. ) ;
#4911 = EDGE_LOOP ( 'NONE', ( #1916, #3337, #746, #843 ) ) ;
#4912 = CARTESIAN_POINT ( 'NONE',  ( -4.549999999999998934, 1.939999999999999947, 4.450000000000019718 ) ) ;
#4913 = CARTESIAN_POINT ( 'NONE',  ( -1.624999873552803287, 0.8399996699548917256, -4.599999999999992539 ) ) ;
#4914 = ORIENTED_EDGE ( 'NONE', *, *, #1424, .F. ) ;
#4915 = ORIENTED_EDGE ( 'NONE', *, *, #5448, .T. ) ;
#4916 = LINE ( 'NONE', #2236, #1839 ) ;
#4917 = EDGE_CURVE ( 'NONE', #5469, #4155, #1107, .T. ) ;
#4918 = ADVANCED_FACE ( 'NONE', ( #4855 ), #879, .T. ) ;
#4919 = EDGE_LOOP ( 'NONE', ( #1930, #2804, #254, #5440 ) ) ;
#4920 = CYLINDRICAL_SURFACE ( 'NONE', #3278, 0.1999999999999779732 ) ;
#4921 = LINE ( 'NONE', #4489, #3409 ) ;
#4922 = DIRECTION ( 'NONE',  ( 3.614007241618347785E-16, 0.000000000000000000, 1.000000000000000000 ) ) ;
#4923 = LINE ( 'NONE', #3119, #1868 ) ;
#4924 = EDGE_CURVE ( 'NONE', #1765, #2416, #2315, .T. ) ;
#4925 = LINE ( 'NONE', #863, #1893 ) ;
#4926 = CARTESIAN_POINT ( 'NONE',  ( 3.825000000000021938, 2.248009955724776798, -4.400000000000015454 ) ) ;
#4927 = DIRECTION ( 'NONE',  ( 0.000000000000000000, 1.000000000000000000, 0.000000000000000000 ) ) ;
#4928 = VERTEX_POINT ( 'NONE', #1361 ) ;
#4929 = EDGE_LOOP ( 'NONE', ( #4272, #2284, #852, #3989 ) ) ;
#4930 = CARTESIAN_POINT ( 'NONE',  ( -4.850000000000020961, 0.9400002466121116784, -3.550000095150265267 ) ) ;
#4931 = LINE ( 'NONE', #86, #4205 ) ;
#4932 = AXIS2_PLACEMENT_3D ( 'NONE', #403, #5283, #3017 ) ;
#4933 = AXIS2_PLACEMENT_3D ( 'NONE', #1196, #773, #825 ) ;
#4934 = VERTEX_POINT ( 'NONE', #4913 ) ;
#4935 = ORIENTED_EDGE ( 'NONE', *, *, #689, .F. ) ;
#4936 = CARTESIAN_POINT ( 'NONE',  ( 4.849999999999965894, 1.940000000000000391, -3.550000095150287915 ) ) ;
#4937 = DIRECTION ( 'NONE',  ( 1.000000000000000000, -1.644996399633234273E-15, -8.972707634363094063E-16 ) ) ;
#4938 = ORIENTED_EDGE ( 'NONE', *, *, #598, .F. ) ;
#4939 = AXIS2_PLACEMENT_3D ( 'NONE', #3809, #5456, #1102 ) ;
#4940 = EDGE_LOOP ( 'NONE', ( #2156, #5578, #2014, #5696 ) ) ;
#4941 = CARTESIAN_POINT ( 'NONE',  ( 0.1749999999999808931, 0.9400000000000319211, -5.688170446387289303 ) ) ;
#4942 = ORIENTED_EDGE ( 'NONE', *, *, #3204, .T. ) ;
#4943 = CARTESIAN_POINT ( 'NONE',  ( -4.549999999999998934, 1.939999999999998170, -0.8528866118898899007 ) ) ;
#4944 = CARTESIAN_POINT ( 'NONE',  ( 4.549999999999970512, 2.248009955724776798, -4.400000000000015454 ) ) ;
#4945 = FILL_AREA_STYLE_COLOUR ( '', #3834 ) ;
#4946 = EDGE_CURVE ( 'NONE', #3226, #4566, #2212, .T. ) ;
#4947 = VECTOR ( 'NONE', #5097, 1000.000000000000000 ) ;
#4948 = DIRECTION ( 'NONE',  ( 1.000000000000000000, 0.000000000000000000, 0.000000000000000000 ) ) ;
#4949 = CARTESIAN_POINT ( 'NONE',  ( 11.27290200957160238, 0.7400002466120764177, -3.350000095150233559 ) ) ;
#4950 = FACE_OUTER_BOUND ( 'NONE', #5138, .T. ) ;
#4951 = ADVANCED_FACE ( 'NONE', ( #1415 ), #1023, .T. ) ;
#4952 = CARTESIAN_POINT ( 'NONE',  ( 1.524999999999997025, 2.625497654997603014, 4.599999999999992539 ) ) ;
#4953 = EDGE_CURVE ( 'NONE', #2233, #3454, #93, .T. ) ;
#4954 = VECTOR ( 'NONE', #3601, 1000.000000000000000 ) ;
#4955 = ORIENTED_EDGE ( 'NONE', *, *, #2358, .F. ) ;
#4956 = ORIENTED_EDGE ( 'NONE', *, *, #4777, .F. ) ;
#4957 = DIRECTION ( 'NONE',  ( 0.000000000000000000, 1.000000000000000000, 0.000000000000000000 ) ) ;
#4958 = LINE ( 'NONE', #4532, #3921 ) ;
#4959 = ORIENTED_EDGE ( 'NONE', *, *, #1391, .F. ) ;
#4960 = FILL_AREA_STYLE ('',( #3191 ) ) ;
#4961 = ORIENTED_EDGE ( 'NONE', *, *, #5516, .T. ) ;
#4962 = VECTOR ( 'NONE', #1577, 1000.000000000000000 ) ;
#4963 = ORIENTED_EDGE ( 'NONE', *, *, #3690, .F. ) ;
#4964 = CARTESIAN_POINT ( 'NONE',  ( 3.424999999999955858, 2.099999999999999645, -4.449999999999992184 ) ) ;
#4965 = CYLINDRICAL_SURFACE ( 'NONE', #1929, 0.1999999999999771128 ) ;
#4966 = ORIENTED_EDGE ( 'NONE', *, *, #2027, .F. ) ;
#4967 = ORIENTED_EDGE ( 'NONE', *, *, #2108, .T. ) ;
#4968 = LINE ( 'NONE', #1829, #5561 ) ;
#4969 = ORIENTED_EDGE ( 'NONE', *, *, #850, .T. ) ;
#4970 = FACE_OUTER_BOUND ( 'NONE', #725, .T. ) ;
#4971 = DIRECTION ( 'NONE',  ( 0.000000000000000000, 0.000000000000000000, -1.000000000000000000 ) ) ;
#4972 = DIRECTION ( 'NONE',  ( 1.000000000000000000, 0.000000000000000000, 0.000000000000000000 ) ) ;
#4973 = DIRECTION ( 'NONE',  ( 1.000000000000000000, 0.000000000000000000, -7.795477160449789329E-14 ) ) ;
#4974 = PRODUCT_DEFINITION_CONTEXT ( 'detailed design', #671, 'design' ) ;
#4975 = ADVANCED_FACE ( 'NONE', ( #1764 ), #3617, .T. ) ;
#4976 = DIRECTION ( 'NONE',  ( 0.000000000000000000, 0.000000000000000000, 1.000000000000000000 ) ) ;
#4977 = DIRECTION ( 'NONE',  ( -0.000000000000000000, -0.000000000000000000, -1.000000000000000000 ) ) ;
#4978 = PLANE ( 'NONE',  #4840 ) ;
#4979 = ORIENTED_EDGE ( 'NONE', *, *, #2069, .T. ) ;
#4980 = ADVANCED_FACE ( 'NONE', ( #4 ), #2262, .T. ) ;
#4981 = ORIENTED_EDGE ( 'NONE', *, *, #2926, .F. ) ;
#4982 = ADVANCED_FACE ( 'NONE', ( #4015 ), #4965, .T. ) ;
#4983 = DIRECTION ( 'NONE',  ( -1.000000000000000000, 2.282530889443285351E-16, -2.282530889443285351E-16 ) ) ;
#4984 = FACE_OUTER_BOUND ( 'NONE', #4725, .T. ) ;
#4985 = EDGE_LOOP ( 'NONE', ( #3975, #202, #1385, #596 ) ) ;
#4986 = CARTESIAN_POINT ( 'NONE',  ( -1.401393297763660284, 0.7399997694628405176, -4.599999999999992539 ) ) ;
#4987 = DIRECTION ( 'NONE',  ( 0.000000000000000000, -1.232595164407831220E-32, -1.000000000000000000 ) ) ;
#4988 = ORIENTED_EDGE ( 'NONE', *, *, #3025, .F. ) ;
#4989 = AXIS2_PLACEMENT_3D ( 'NONE', #3665, #2807, #3695 ) ;
#4990 = ORIENTED_EDGE ( 'NONE', *, *, #5740, .T. ) ;
#4991 = EDGE_CURVE ( 'NONE', #2774, #188, #1853, .T. ) ;
#4992 = FACE_OUTER_BOUND ( 'NONE', #2431, .T. ) ;
#4993 = DIRECTION ( 'NONE',  ( -1.000000000000000000, 0.000000000000000000, 1.344746880602176952E-16 ) ) ;
#4994 = ORIENTED_EDGE ( 'NONE', *, *, #4924, .F. ) ;
#4995 = EDGE_LOOP ( 'NONE', ( #1199, #3548, #5665, #2313, #909, #4328 ) ) ;
#4996 = VECTOR ( 'NONE', #2697, 1000.000000000000000 ) ;
#4997 = CARTESIAN_POINT ( 'NONE',  ( -3.624999999999989342, -23.88321892447783412, -3.749999999999975575 ) ) ;
#4998 = EDGE_LOOP ( 'NONE', ( #575, #662, #1224, #1096 ) ) ;
#4999 = DIRECTION ( 'NONE',  ( 0.000000000000000000, 0.000000000000000000, -1.000000000000000000 ) ) ;
#5000 = LINE ( 'NONE', #4254, #820 ) ;
#5001 = DIRECTION ( 'NONE',  ( 0.000000000000000000, -1.000000000000000000, 0.000000000000000000 ) ) ;
#5002 = PLANE ( 'NONE',  #5699 ) ;
#5003 = CIRCLE ( 'NONE', #4181, 0.2000000000000057288 ) ;
#5004 = PRESENTATION_LAYER_ASSIGNMENT (  '', '', ( #2781 ) ) ;
#5005 = LINE ( 'NONE', #2412, #1336 ) ;
#5006 = CARTESIAN_POINT ( 'NONE',  ( 0.1750000000000362377, 0.7399999999999984368, -5.688170446387289303 ) ) ;
#5007 = EDGE_CURVE ( 'NONE', #673, #2606, #2756, .T. ) ;
#5008 = ORIENTED_EDGE ( 'NONE', *, *, #2171, .T. ) ;
#5009 = ORIENTED_EDGE ( 'NONE', *, *, #2638, .F. ) ;
#5010 = CARTESIAN_POINT ( 'NONE',  ( 0.000000000000000000, 0.000000000000000000, -0.1499999999999999389 ) ) ;
#5011 = DIRECTION ( 'NONE',  ( 0.000000000000000000, 1.000000000000000000, 0.000000000000000000 ) ) ;
#5012 = ORIENTED_EDGE ( 'NONE', *, *, #3395, .F. ) ;
#5013 = DIRECTION ( 'NONE',  ( 0.000000000000000000, -1.000000000000000000, 0.000000000000000000 ) ) ;
#5014 = CARTESIAN_POINT ( 'NONE',  ( 4.549999999999998934, 1.940000000000000835, -0.9613307051038245676 ) ) ;
#5015 = EDGE_CURVE ( 'NONE', #1301, #485, #4051, .T. ) ;
#5016 = EDGE_CURVE ( 'NONE', #5080, #3814, #1836, .T. ) ;
#5017 = DIRECTION ( 'NONE',  ( 1.000000000000000000, 0.000000000000000000, 0.000000000000000000 ) ) ;
#5018 = ORIENTED_EDGE ( 'NONE', *, *, #1364, .T. ) ;
#5019 = ORIENTED_EDGE ( 'NONE', *, *, #405, .F. ) ;
#5020 = DIRECTION ( 'NONE',  ( -1.000000000000000000, 0.000000000000000000, -0.000000000000000000 ) ) ;
#5021 = CARTESIAN_POINT ( 'NONE',  ( -4.700000000000019718, 0.7400002466120226829, 1.846714904849784400 ) ) ;
#5022 = ORIENTED_EDGE ( 'NONE', *, *, #4709, .F. ) ;
#5023 = VERTEX_POINT ( 'NONE', #4512 ) ;
#5024 = ADVANCED_FACE ( 'NONE', ( #557 ), #69, .F. ) ;
#5025 = DIRECTION ( 'NONE',  ( 0.000000000000000000, 0.000000000000000000, 1.000000000000000000 ) ) ;
#5026 = ORIENTED_EDGE ( 'NONE', *, *, #4138, .F. ) ;
#5027 = CARTESIAN_POINT ( 'NONE',  ( 11.27290200957160238, 0.6700006265358471325, 2.825000176018549691 ) ) ;
#5028 = CIRCLE ( 'NONE', #4932, 0.1999999999999779732 ) ;
#5029 = AXIS2_PLACEMENT_3D ( 'NONE', #537, #4948, #5298 ) ;
#5030 = DIRECTION ( 'NONE',  ( -1.000000000000000000, 0.000000000000000000, 0.000000000000000000 ) ) ;
#5031 = AXIS2_PLACEMENT_3D ( 'NONE', #3881, #5268, #1627 ) ;
#5032 = LINE ( 'NONE', #1060, #2185 ) ;
#5033 = DIRECTION ( 'NONE',  ( -1.000000000000000000, 0.000000000000000000, 6.530723674265279758E-14 ) ) ;
#5034 = CIRCLE ( 'NONE', #3177, 0.1999999999999771128 ) ;
#5035 = AXIS2_PLACEMENT_3D ( 'NONE', #5521, #2375, #4677 ) ;
#5036 = CARTESIAN_POINT ( 'NONE',  ( 0.1282860000003660794, 0.7400003959984737811, -4.599999999999992539 ) ) ;
#5037 = CARTESIAN_POINT ( 'NONE',  ( 0.7750000000000256684, 0.5999999999999998668, 4.059999999999997833 ) ) ;
#5038 = LINE ( 'NONE', #5511, #3922 ) ;
#5039 = ORIENTED_EDGE ( 'NONE', *, *, #3256, .F. ) ;
#5040 = VERTEX_POINT ( 'NONE', #3162 ) ;
#5041 = CARTESIAN_POINT ( 'NONE',  ( 1.724999999999948797, 2.100000000000000977, 3.889999999999997460 ) ) ;
#5042 = AXIS2_PLACEMENT_3D ( 'NONE', #3194, #1763, #3105 ) ;
#5043 = DIRECTION ( 'NONE',  ( 0.000000000000000000, 1.000000000000000000, 0.000000000000000000 ) ) ;
#5044 = ORIENTED_EDGE ( 'NONE', *, *, #4423, .F. ) ;
#5045 = DIRECTION ( 'NONE',  ( 0.000000000000000000, 1.000000000000000000, 6.123233995736766036E-17 ) ) ;
#5046 = CARTESIAN_POINT ( 'NONE',  ( -4.698922269036118315, 1.945219866587633017, -3.550111298276514837 ) ) ;
#5047 = VECTOR ( 'NONE', #4832, 1000.000000000000000 ) ;
#5048 = SHAPE_REPRESENTATION ( '2022.04.04_シールドケース', ( #831 ), #652 ) ;
#5049 = CARTESIAN_POINT ( 'NONE',  ( 1.400000000000040101, -0.1000000000000002554, -8.508906764654248814E-17 ) ) ;
#5050 = EDGE_LOOP ( 'NONE', ( #1289, #1659, #5512, #4969 ) ) ;
#5051 = ORIENTED_EDGE ( 'NONE', *, *, #2324, .T. ) ;
#5052 = CARTESIAN_POINT ( 'NONE',  ( -4.850000000000020961, 0.7400002466120226829, 1.846714904849784400 ) ) ;
#5053 = ADVANCED_FACE ( 'NONE', ( #5438 ), #2232, .F. ) ;
#5054 = AXIS2_PLACEMENT_3D ( 'NONE', #398, #1283, #4376 ) ;
#5055 = ORIENTED_EDGE ( 'NONE', *, *, #167, .T. ) ;
#5056 = AXIS2_PLACEMENT_3D ( 'NONE', #106, #50, #5273 ) ;
#5057 = ORIENTED_EDGE ( 'NONE', *, *, #2817, .F. ) ;
#5058 = DIRECTION ( 'NONE',  ( 0.000000000000000000, 1.000000000000000000, 0.000000000000000000 ) ) ;
#5059 = ORIENTED_EDGE ( 'NONE', *, *, #3572, .T. ) ;
#5060 = AXIS2_PLACEMENT_3D ( 'NONE', #1220, #4747, #2465 ) ;
#5061 = CARTESIAN_POINT ( 'NONE',  ( 4.349999999999965006, 0.9400000000000336975, -0.9613307051038245676 ) ) ;
#5062 = ADVANCED_FACE ( 'NONE', ( #36 ), #589, .F. ) ;
#5063 = EDGE_CURVE ( 'NONE', #4483, #4069, #3804, .T. ) ;
#5064 = DIRECTION ( 'NONE',  ( 0.000000000000000000, 0.000000000000000000, 1.000000000000000000 ) ) ;
#5065 = DIRECTION ( 'NONE',  ( -1.000000000000000000, 0.000000000000000000, 0.000000000000000000 ) ) ;
#5066 = DIRECTION ( 'NONE',  ( 0.000000000000000000, 0.000000000000000000, -1.000000000000000000 ) ) ;
#5067 = VECTOR ( 'NONE', #2384, 1000.000000000000000 ) ;
#5068 = CARTESIAN_POINT ( 'NONE',  ( -4.549999999999998934, -23.88321892447783412, -3.699999999999997513 ) ) ;
#5069 = FACE_OUTER_BOUND ( 'NONE', #366, .T. ) ;
#5070 = CARTESIAN_POINT ( 'NONE',  ( 3.425000000000011369, 1.949999999999993516, -3.749999999999975575 ) ) ;
#5071 = EDGE_CURVE ( 'NONE', #1731, #5251, #546, .T. ) ;
#5072 = ORIENTED_EDGE ( 'NONE', *, *, #4243, .T. ) ;
#5073 = ORIENTED_EDGE ( 'NONE', *, *, #3587, .T. ) ;
#5074 = CARTESIAN_POINT ( 'NONE',  ( 11.27290200957160238, 0.7400002466120764177, -3.350000095150233559 ) ) ;
#5075 = DIRECTION ( 'NONE',  ( 0.000000000000000000, 1.000000000000000000, 0.000000000000000000 ) ) ;
#5076 = EDGE_LOOP ( 'NONE', ( #993, #3671, #4443, #3041 ) ) ;
#5077 = DIRECTION ( 'NONE',  ( 1.000000000000000000, 0.000000000000000000, 0.000000000000000000 ) ) ;
#5078 = DIRECTION ( 'NONE',  ( 0.000000000000000000, 0.000000000000000000, 1.000000000000000000 ) ) ;
#5079 = PRODUCT_DEFINITION_SHAPE ( 'NONE', 'NONE',  #5752 ) ;
#5080 = VERTEX_POINT ( 'NONE', #1049 ) ;
#5081 = VERTEX_POINT ( 'NONE', #5467 ) ;
#5082 = CARTESIAN_POINT ( 'NONE',  ( 11.27290200957160238, 0.4700006265358613322, 2.825000176018547915 ) ) ;
#5083 = VERTEX_POINT ( 'NONE', #3260 ) ;
#5084 = VERTEX_POINT ( 'NONE', #5021 ) ;
#5085 = DIRECTION ( 'NONE',  ( -1.381324727921684874E-15, -1.000000000000000000, 1.602373713730180230E-30 ) ) ;
#5086 = ADVANCED_FACE ( 'NONE', ( #2818 ), #617, .T. ) ;
#5087 = AXIS2_PLACEMENT_3D ( 'NONE', #3448, #2529, #4347 ) ;
#5088 = DIRECTION ( 'NONE',  ( 0.000000000000000000, 0.000000000000000000, 1.000000000000000000 ) ) ;
#5089 = SURFACE_STYLE_FILL_AREA ( #4172 ) ;
#5090 = VECTOR ( 'NONE', #123, 1000.000000000000000 ) ;
#5091 = CYLINDRICAL_SURFACE ( 'NONE', #4150, 0.009999999999999592548 ) ;
#5092 = DIRECTION ( 'NONE',  ( 0.000000000000000000, 1.000000000000000000, 0.000000000000000000 ) ) ;
#5093 = EDGE_CURVE ( 'NONE', #3232, #1286, #5280, .T. ) ;
#5094 = EDGE_CURVE ( 'NONE', #3078, #4586, #4368, .T. ) ;
#5095 = VECTOR ( 'NONE', #4083, 1000.000000000000000 ) ;
#5096 = CARTESIAN_POINT ( 'NONE',  ( -3.825000000000024603, 0.4400000000000001688, -4.059999999999997833 ) ) ;
#5097 = DIRECTION ( 'NONE',  ( 1.141265444721642676E-16, -1.000000000000000000, 0.000000000000000000 ) ) ;
#5098 = ORIENTED_EDGE ( 'NONE', *, *, #5700, .F. ) ;
#5099 = AXIS2_PLACEMENT_3D ( 'NONE', #3263, #190, #677 ) ;
#5100 = DIRECTION ( 'NONE',  ( 2.990902544787698678E-16, -1.000000000000000000, 0.000000000000000000 ) ) ;
#5101 = EDGE_CURVE ( 'NONE', #1941, #3739, #553, .T. ) ;
#5102 = ORIENTED_EDGE ( 'NONE', *, *, #270, .T. ) ;
#5103 = PRODUCT_DEFINITION_FORMATION_WITH_SPECIFIED_SOURCE ( 'ANY', '', #680, .NOT_KNOWN. ) ;
#5104 = ORIENTED_EDGE ( 'NONE', *, *, #3829, .T. ) ;
#5105 = CARTESIAN_POINT ( 'NONE',  ( 4.550000000000012257, -23.88321892447783412, -3.889999999999997460 ) ) ;
#5106 = DIRECTION ( 'NONE',  ( -1.000000000000000000, 2.282530889443285351E-16, 1.112479553105855334E-13 ) ) ;
#5107 = DIRECTION ( 'NONE',  ( -1.000000000000000000, -0.000000000000000000, 2.208718528794106935E-13 ) ) ;
#5108 = ORIENTED_EDGE ( 'NONE', *, *, #598, .T. ) ;
#5109 = ORIENTED_EDGE ( 'NONE', *, *, #1925, .F. ) ;
#5110 = FACE_OUTER_BOUND ( 'NONE', #4170, .T. ) ;
#5111 = ORIENTED_EDGE ( 'NONE', *, *, #4186, .F. ) ;
#5112 = ORIENTED_EDGE ( 'NONE', *, *, #4042, .F. ) ;
#5113 = LINE ( 'NONE', #1478, #2301 ) ;
#5114 = DIRECTION ( 'NONE',  ( -1.000000000000000000, 0.000000000000000000, 0.000000000000000000 ) ) ;
#5115 = DIRECTION ( 'NONE',  ( 1.000000000000000000, 0.000000000000000000, 0.000000000000000000 ) ) ;
#5116 = DIRECTION ( 'NONE',  ( 1.000000000000000000, 0.000000000000000000, 0.000000000000000000 ) ) ;
#5117 = DIRECTION ( 'NONE',  ( 0.000000000000000000, -1.034815797196514095E-14, 1.000000000000000000 ) ) ;
#5118 = VECTOR ( 'NONE', #2155, 1000.000000000000000 ) ;
#5119 = EDGE_CURVE ( 'NONE', #4426, #3197, #5648, .T. ) ;
#5120 = DIRECTION ( 'NONE',  ( 0.000000000000000000, 0.000000000000000000, 1.000000000000000000 ) ) ;
#5121 = CARTESIAN_POINT ( 'NONE',  ( 3.307843000000032507, 0.7399999999999984368, 9.561909157685011706 ) ) ;
#5122 = VERTEX_POINT ( 'NONE', #3002 ) ;
#5123 = VECTOR ( 'NONE', #1722, 1000.000000000000000 ) ;
#5124 = VECTOR ( 'NONE', #1371, 1000.000000000000000 ) ;
#5125 = CARTESIAN_POINT ( 'NONE',  ( -4.690000000000020819, 2.049999999999977618, -3.550333704529037959 ) ) ;
#5126 = UNCERTAINTY_MEASURE_WITH_UNIT (LENGTH_MEASURE( 1.000000000000000082E-05 ), #3411, 'distance_accuracy_value', 'NONE');
#5127 = EDGE_LOOP ( 'NONE', ( #4508, #3860, #3870, #2258 ) ) ;
#5128 = VECTOR ( 'NONE', #5479, 1000.000000000000000 ) ;
#5129 = ORIENTED_EDGE ( 'NONE', *, *, #391, .F. ) ;
#5130 = CARTESIAN_POINT ( 'NONE',  ( 3.825000000000003730, 1.940000000000000391, -4.049999999999998046 ) ) ;
#5131 = EDGE_CURVE ( 'NONE', #1728, #4065, #2123, .T. ) ;
#5132 = EDGE_CURVE ( 'NONE', #903, #1615, #2094, .T. ) ;
#5133 = DIRECTION ( 'NONE',  ( 0.000000000000000000, -1.232595164407831220E-32, -1.000000000000000000 ) ) ;
#5134 = DIRECTION ( 'NONE',  ( 0.000000000000000000, 0.000000000000000000, 1.000000000000000000 ) ) ;
#5135 = FACE_OUTER_BOUND ( 'NONE', #2573, .T. ) ;
#5136 = SHAPE_REPRESENTATION_RELATIONSHIP ( 'NONE' , 'NONE' ,  #4122, #2613 ) ;
#5137 = VECTOR ( 'NONE', #3481, 1000.000000000000000 ) ;
#5138 = EDGE_LOOP ( 'NONE', ( #1505, #3874, #3663, #3336 ) ) ;
#5139 = VECTOR ( 'NONE', #2286, 1000.000000000000000 ) ;
#5140 = ORIENTED_EDGE ( 'NONE', *, *, #95, .T. ) ;
#5141 = CARTESIAN_POINT ( 'NONE',  ( 3.366421356237270679, 0.7985786437627379053, -4.599999999999992539 ) ) ;
#5142 = ORIENTED_EDGE ( 'NONE', *, *, #3951, .F. ) ;
#5143 = ORIENTED_EDGE ( 'NONE', *, *, #766, .F. ) ;
#5144 = CARTESIAN_POINT ( 'NONE',  ( -3.425000000000014921, 1.940000000000000391, -4.439999999999992397 ) ) ;
#5145 = VECTOR ( 'NONE', #1168, 1000.000000000000000 ) ;
#5146 = CARTESIAN_POINT ( 'NONE',  ( 0.1499999999999999667, 0.2999999999999999889, -0.2999999999999999334 ) ) ;
#5147 = PLANE ( 'NONE',  #5375 ) ;
#5148 = CARTESIAN_POINT ( 'NONE',  ( 4.549999999999998934, 1.939999999999999947, -3.899999999999997691 ) ) ;
#5149 = CARTESIAN_POINT ( 'NONE',  ( -4.850000000000020961, 0.5400006870255142921, 3.203285999999911926 ) ) ;
#5150 = VECTOR ( 'NONE', #3497, 1000.000000000000000 ) ;
#5151 = AXIS2_PLACEMENT_3D ( 'NONE', #1598, #3387, #797 ) ;
#5152 = DIRECTION ( 'NONE',  ( -1.381324727921684874E-15, -1.000000000000000000, 1.602373713730180230E-30 ) ) ;
#5153 = CARTESIAN_POINT ( 'NONE',  ( -3.425000000000011369, 1.939999999999999947, -4.449999999999988631 ) ) ;
#5154 = ORIENTED_EDGE ( 'NONE', *, *, #1596, .T. ) ;
#5155 = FACE_OUTER_BOUND ( 'NONE', #5611, .T. ) ;
#5156 = EDGE_CURVE ( 'NONE', #747, #1876, #2550, .T. ) ;
#5157 = EDGE_LOOP ( 'NONE', ( #4372, #2484, #4597, #1239 ) ) ;
#5158 = ORIENTED_EDGE ( 'NONE', *, *, #5199, .F. ) ;
#5159 = DIRECTION ( 'NONE',  ( 1.000000000000000000, 0.000000000000000000, 0.000000000000000000 ) ) ;
#5160 = CARTESIAN_POINT ( 'NONE',  ( 0.3749999999999864553, 1.949999999999993516, 3.749999999999975575 ) ) ;
#5161 = DIRECTION ( 'NONE',  ( 1.000000000000000000, 2.990902544787698678E-16, 2.990902544787698678E-16 ) ) ;
#5162 = DIRECTION ( 'NONE',  ( -1.000000000000000000, 0.000000000000000000, 0.000000000000000000 ) ) ;
#5163 = ADVANCED_FACE ( 'NONE', ( #1194 ), #1742, .T. ) ;
#5164 = ADVANCED_FACE ( 'NONE', ( #5675 ), #4338, .T. ) ;
#5165 = VERTEX_POINT ( 'NONE', #3502 ) ;
#5166 = EDGE_LOOP ( 'NONE', ( #2624, #4296, #1461, #661 ) ) ;
#5167 = CARTESIAN_POINT ( 'NONE',  ( 4.849999999999965894, 0.9399996200762077425, -3.550000095150265267 ) ) ;
#5168 = DIRECTION ( 'NONE',  ( 0.000000000000000000, -1.000000000000000000, 0.000000000000000000 ) ) ;
#5169 = DIRECTION ( 'NONE',  ( -1.000000000000000000, 2.282530889443285351E-16, 0.000000000000000000 ) ) ;
#5170 = ADVANCED_FACE ( 'NONE', ( #1270 ), #1245, .T. ) ;
#5171 = CARTESIAN_POINT ( 'NONE',  ( 3.366421356237270679, 0.7985786437627379053, -4.599999999999992539 ) ) ;
#5172 = PLANE ( 'NONE',  #3044 ) ;
#5173 = CARTESIAN_POINT ( 'NONE',  ( -4.549999999999998046, 0.4399999999999993916, -3.899999999999998135 ) ) ;
#5174 = DIRECTION ( 'NONE',  ( 0.000000000000000000, 1.000000000000000000, 0.000000000000000000 ) ) ;
#5175 = AXIS2_PLACEMENT_3D ( 'NONE', #923, #4143, #458 ) ;
#5176 = CARTESIAN_POINT ( 'NONE',  ( -4.850000000000020961, 1.939999999999999947, 4.299999999999984723 ) ) ;
#5177 = CIRCLE ( 'NONE', #5557, 0.2000000000000334843 ) ;
#5178 = CARTESIAN_POINT ( 'NONE',  ( -0.2999999999999999334, 0.000000000000000000, 0.1499999999999999944 ) ) ;
#5179 = CARTESIAN_POINT ( 'NONE',  ( 3.625000000000044853, -23.88321892447783412, -3.749999999999975575 ) ) ;
#5180 = CARTESIAN_POINT ( 'NONE',  ( -6.449999999999997513, 0.3400000000000000244, -4.799999999999998934 ) ) ;
#5181 = AXIS2_PLACEMENT_3D ( 'NONE', #822, #450, #3906 ) ;
#5182 = EDGE_CURVE ( 'NONE', #1416, #4765, #2151, .T. ) ;
#5183 = ORIENTED_EDGE ( 'NONE', *, *, #4842, .F. ) ;
#5184 = EDGE_LOOP ( 'NONE', ( #3673, #3257, #2528, #1111 ) ) ;
#5185 = FACE_OUTER_BOUND ( 'NONE', #2806, .T. ) ;
#5186 = AXIS2_PLACEMENT_3D ( 'NONE', #5144, #1946, #3792 ) ;
#5187 = PLANE ( 'NONE',  #3845 ) ;
#5188 = CARTESIAN_POINT ( 'NONE',  ( 3.424999999999966072, 1.940000000000000391, -4.439999999999992397 ) ) ;
#5189 = EDGE_CURVE ( 'NONE', #1056, #1941, #4267, .T. ) ;
#5190 = CARTESIAN_POINT ( 'NONE',  ( -4.549999999999998934, 1.950000000000000400, 4.440000000000019931 ) ) ;
#5191 = B_SPLINE_CURVE_WITH_KNOTS ( 'NONE', 3,
 ( #4088, #3173, #4402, #536, #2242, #3966 ),
 .UNSPECIFIED., .F., .F.,
 ( 4, 2, 4 ),
 ( 0.000000000000000000, 0.5000000000000000000, 1.000000000000000000 ),
 .UNSPECIFIED. ) ;
#5192 = STYLED_ITEM ( 'NONE', ( #2511 ), #150 ) ;
#5193 = ORIENTED_EDGE ( 'NONE', *, *, #5371, .T. ) ;
#5194 = ORIENTED_EDGE ( 'NONE', *, *, #573, .T. ) ;
#5195 = CARTESIAN_POINT ( 'NONE',  ( -3.825000000000023714, 1.939999999999999947, -0.8528866118898896787 ) ) ;
#5196 = CARTESIAN_POINT ( 'NONE',  ( -3.307842095149522432, 0.7400001654612742286, -4.449999999999988631 ) ) ;
#5197 = EDGE_CURVE ( 'NONE', #2606, #2498, #1624, .T. ) ;
#5198 = AXIS2_PLACEMENT_3D ( 'NONE', #5049, #3316, #5017 ) ;
#5199 = EDGE_CURVE ( 'NONE', #3814, #5355, #3534, .T. ) ;
#5200 = CYLINDRICAL_SURFACE ( 'NONE', #3381, 0.1599999999999995592 ) ;
#5201 = LINE ( 'NONE', #3438, #3621 ) ;
#5202 = ORIENTED_EDGE ( 'NONE', *, *, #4007, .T. ) ;
#5203 = EDGE_CURVE ( 'NONE', #2432, #1583, #4176, .T. ) ;
#5204 = DIRECTION ( 'NONE',  ( -1.000000000000000000, 0.000000000000000000, 0.000000000000000000 ) ) ;
#5205 = DIRECTION ( 'NONE',  ( 1.000000000000000000, 0.000000000000000000, 0.000000000000000000 ) ) ;
#5206 = DIRECTION ( 'NONE',  ( -1.000000000000000000, 0.000000000000000000, 0.000000000000000000 ) ) ;
#5207 = DIRECTION ( 'NONE',  ( 1.000000000000000000, 0.000000000000000000, 0.000000000000000000 ) ) ;
#5208 = DIRECTION ( 'NONE',  ( 1.000000000000000000, -2.168404344971247498E-15, 0.000000000000000000 ) ) ;
#5209 = CARTESIAN_POINT ( 'NONE',  ( 0.000000000000000000, 0.2999999999999999889, -0.1499999999999999389 ) ) ;
#5210 = DIRECTION ( 'NONE',  ( 0.000000000000000000, -1.000000000000000000, 0.000000000000000000 ) ) ;
#5211 = ORIENTED_EDGE ( 'NONE', *, *, #5299, .F. ) ;
#5212 = LINE ( 'NONE', #3363, #2206 ) ;
#5213 = CARTESIAN_POINT ( 'NONE',  ( 4.549999999999998934, 1.950000000000000400, 4.300000000000025580 ) ) ;
#5214 = CARTESIAN_POINT ( 'NONE',  ( 0.3750000000000003331, 2.100000000000000977, 4.440000000000019931 ) ) ;
#5215 = CARTESIAN_POINT ( 'NONE',  ( 3.825000000000022826, 0.5999999999999998668, -4.059999999999998721 ) ) ;
#5216 = CIRCLE ( 'NONE', #3462, 0.009999999999999592548 ) ;
#5217 = VECTOR ( 'NONE', #3183, 1000.000000000000000 ) ;
#5218 = ORIENTED_EDGE ( 'NONE', *, *, #1635, .F. ) ;
#5219 = AXIS2_PLACEMENT_3D ( 'NONE', #1639, #3408, #3457 ) ;
#5220 = VERTEX_POINT ( 'NONE', #887 ) ;
#5221 = DIRECTION ( 'NONE',  ( -3.978941467312886824E-14, 0.000000000000000000, -1.000000000000000000 ) ) ;
#5222 = VECTOR ( 'NONE', #3320, 1000.000000000000000 ) ;
#5223 = DIRECTION ( 'NONE',  ( 0.000000000000000000, 0.000000000000000000, 1.000000000000000000 ) ) ;
#5224 = CIRCLE ( 'NONE', #964, 0.1599999999999995592 ) ;
#5225 = CARTESIAN_POINT ( 'NONE',  ( 0.000000000000000000, 0.000000000000000000, 0.000000000000000000 ) ) ;
#5226 = EDGE_CURVE ( 'NONE', #4333, #3072, #4745, .T. ) ;
#5227 = DIRECTION ( 'NONE',  ( 0.000000000000000000, -0.000000000000000000, -1.000000000000000000 ) ) ;
#5228 = CARTESIAN_POINT ( 'NONE',  ( -0.2999999999999999334, 0.2999999999999999889, -0.1499999999999999944 ) ) ;
#5229 = ORIENTED_EDGE ( 'NONE', *, *, #5119, .F. ) ;
#5230 = DIRECTION ( 'NONE',  ( 1.000000000000000000, 0.000000000000000000, 0.000000000000000000 ) ) ;
#5231 = DIRECTION ( 'NONE',  ( -1.000000000000000000, -6.333825192865453357E-14, -2.342112691479136509E-45 ) ) ;
#5232 = LINE ( 'NONE', #1217, #364 ) ;
#5233 = EDGE_CURVE ( 'NONE', #505, #2676, #5295, .T. ) ;
#5234 = EDGE_CURVE ( 'NONE', #498, #1056, #4399, .T. ) ;
#5235 = EDGE_CURVE ( 'NONE', #417, #4033, #4862, .T. ) ;
#5236 = DIRECTION ( 'NONE',  ( -0.7071110813121778138, 0.7071024810347666945, 4.329753950341895179E-17 ) ) ;
#5237 = VECTOR ( 'NONE', #2204, 1000.000000000000000 ) ;
#5238 = VECTOR ( 'NONE', #4351, 1000.000000000000000 ) ;
#5239 = FACE_OUTER_BOUND ( 'NONE', #2890, .T. ) ;
#5240 = FACE_OUTER_BOUND ( 'NONE', #3396, .T. ) ;
#5241 = DIRECTION ( 'NONE',  ( 0.000000000000000000, 0.000000000000000000, -1.000000000000000000 ) ) ;
#5242 = AXIS2_PLACEMENT_3D ( 'NONE', #5644, #3469, #5116 ) ;
#5243 = ORIENTED_EDGE ( 'NONE', *, *, #5131, .T. ) ;
#5244 = VECTOR ( 'NONE', #4285, 1000.000000000000000 ) ;
#5245 = DIRECTION ( 'NONE',  ( 1.000000000000000000, 0.000000000000000000, 0.000000000000000000 ) ) ;
#5246 = CARTESIAN_POINT ( 'NONE',  ( -1.848606095149547324, 0.7400001654612742286, -4.599999999999992539 ) ) ;
#5247 = CARTESIAN_POINT ( 'NONE',  ( 3.366421356237270679, 0.7985786437627379053, 9.561909157685011706 ) ) ;
#5248 = CARTESIAN_POINT ( 'NONE',  ( 11.27290200957160238, 0.4700006265358621649, 2.225000176018558484 ) ) ;
#5249 = AXIS2_PLACEMENT_3D ( 'NONE', #3682, #627, #3267 ) ;
#5250 = EDGE_LOOP ( 'NONE', ( #4555, #1569, #5417, #5523 ) ) ;
#5251 = VERTEX_POINT ( 'NONE', #418 ) ;
#5252 = DIRECTION ( 'NONE',  ( -1.000000000000000000, 0.000000000000000000, 0.000000000000000000 ) ) ;
#5253 = CARTESIAN_POINT ( 'NONE',  ( 4.025000000000000355, 2.248009955724776798, -4.599999999999993427 ) ) ;
#5254 = CARTESIAN_POINT ( 'NONE',  ( 17.30681286259025242, 1.939999999999996616, 3.889999999999997460 ) ) ;
#5255 = ORIENTED_EDGE ( 'NONE', *, *, #1506, .T. ) ;
#5256 = DIRECTION ( 'NONE',  ( -0.000000000000000000, -1.000000000000000000, -0.000000000000000000 ) ) ;
#5257 = ORIENTED_EDGE ( 'NONE', *, *, #4739, .T. ) ;
#5258 = LINE ( 'NONE', #2641, #2644 ) ;
#5259 = DIRECTION ( 'NONE',  ( 0.000000000000000000, 0.000000000000000000, 1.000000000000000000 ) ) ;
#5260 = ORIENTED_EDGE ( 'NONE', *, *, #4701, .T. ) ;
#5261 = EDGE_CURVE ( 'NONE', #1584, #4582, #3905, .T. ) ;
#5262 = PLANE ( 'NONE',  #827 ) ;
#5263 = CARTESIAN_POINT ( 'NONE',  ( -0.2499998239810417022, 0.6700001493863214641, -4.449999999999992184 ) ) ;
#5264 = CARTESIAN_POINT ( 'NONE',  ( 1.848606797386242784, 0.7399999999999984368, -4.599999999999992539 ) ) ;
#5265 =( NAMED_UNIT ( * ) SI_UNIT ( $, .STERADIAN. ) SOLID_ANGLE_UNIT ( ) );
#5266 = EDGE_CURVE ( 'NONE', #2676, #3812, #4336, .T. ) ;
#5267 = SHAPE_REPRESENTATION ( '2022.04.01_基板', ( #831 ), #1939 ) ;
#5268 = DIRECTION ( 'NONE',  ( -1.000000000000000000, 0.000000000000000000, 0.000000000000000000 ) ) ;
#5269 = ADVANCED_FACE ( 'NONE', ( #821 ), #5262, .F. ) ;
#5270 = VECTOR ( 'NONE', #2473, 1000.000000000000000 ) ;
#5271 = ORIENTED_EDGE ( 'NONE', *, *, #5119, .T. ) ;
#5272 = LINE ( 'NONE', #4573, #1832 ) ;
#5273 = DIRECTION ( 'NONE',  ( 0.000000000000000000, -1.000000000000000000, -6.123233995736766036E-17 ) ) ;
#5274 = CARTESIAN_POINT ( 'NONE',  ( 3.825000000000022826, 1.939999999999999947, -3.899999999999997691 ) ) ;
#5275 = AXIS2_PLACEMENT_3D ( 'NONE', #5701, #1701, #4332 ) ;
#5276 = DIRECTION ( 'NONE',  ( -1.000000000000000000, 2.282530889443284858E-16, -2.282530889443285351E-16 ) ) ;
#5277 = ADVANCED_FACE ( 'NONE', ( #2577 ), #4367, .F. ) ;
#5278 = APPLICATION_PROTOCOL_DEFINITION ( 'draft international standard', 'automotive_design', 1998, #5532 ) ;
#5279 = ORIENTED_EDGE ( 'NONE', *, *, #5071, .F. ) ;
#5280 = CIRCLE ( 'NONE', #2217, 0.2000000000000057288 ) ;
#5281 = ORIENTED_EDGE ( 'NONE', *, *, #2780, .F. ) ;
#5282 = CARTESIAN_POINT ( 'NONE',  ( -3.624999999999989342, 1.950000000000000400, -3.549999999999969624 ) ) ;
#5283 = DIRECTION ( 'NONE',  ( 1.141265444721642676E-16, -1.000000000000000000, 0.000000000000000000 ) ) ;
#5284 = CIRCLE ( 'NONE', #3434, 0.1999997132655078336 ) ;
#5285 = DIRECTION ( 'NONE',  ( 0.000000000000000000, 0.000000000000000000, 1.000000000000000000 ) ) ;
#5286 = ORIENTED_EDGE ( 'NONE', *, *, #2558, .F. ) ;
#5287 = DIRECTION ( 'NONE',  ( 0.000000000000000000, 1.000000000000000000, 0.000000000000000000 ) ) ;
#5288 = CARTESIAN_POINT ( 'NONE',  ( 4.689999999999964864, 1.950000000000000400, 4.300000000000019362 ) ) ;
#5289 = VERTEX_POINT ( 'NONE', #3932 ) ;
#5290 = DIRECTION ( 'NONE',  ( -0.000000000000000000, -1.000000000000000000, -0.000000000000000000 ) ) ;
#5291 = CARTESIAN_POINT ( 'NONE',  ( 0.7750000000000107914, -23.88321892447783412, 3.889999999999997460 ) ) ;
#5292 = ORIENTED_EDGE ( 'NONE', *, *, #4384, .F. ) ;
#5293 = DIRECTION ( 'NONE',  ( 0.000000000000000000, -0.000000000000000000, -1.000000000000000000 ) ) ;
#5294 = ORIENTED_EDGE ( 'NONE', *, *, #2989, .F. ) ;
#5295 = LINE ( 'NONE', #3084, #2770 ) ;
#5296 = CARTESIAN_POINT ( 'NONE',  ( 0.3750000000000142109, 1.950000000000000400, 4.440000000000019931 ) ) ;
#5297 = DIRECTION ( 'NONE',  ( 0.000000000000000000, 1.000000000000000000, 0.000000000000000000 ) ) ;
#5298 = DIRECTION ( 'NONE',  ( 0.000000000000000000, 0.000000000000000000, -1.000000000000000000 ) ) ;
#5299 = EDGE_CURVE ( 'NONE', #5436, #4345, #2997, .T. ) ;
#5300 = ORIENTED_EDGE ( 'NONE', *, *, #19, .T. ) ;
#5301 = PRODUCT_RELATED_PRODUCT_CATEGORY ( 'part', '', ( #680 ) ) ;
#5302 = DIRECTION ( 'NONE',  ( -0.000000000000000000, -0.000000000000000000, -1.000000000000000000 ) ) ;
#5303 = SHAPE_REPRESENTATION ( '2022.04.01_MODULE', ( #198, #3538, #5198, #1847, #4275 ), #4362 ) ;
#5304 = CARTESIAN_POINT ( 'NONE',  ( 0.1499999999999999667, 0.2999999999999999889, -0.2999999999999999334 ) ) ;
#5305 = LINE ( 'NONE', #2250, #5687 ) ;
#5306 = FACE_OUTER_BOUND ( 'NONE', #4248, .T. ) ;
#5307 = VERTEX_POINT ( 'NONE', #4768 ) ;
#5308 = ADVANCED_FACE ( 'NONE', ( #851 ), #5706, .F. ) ;
#5309 = EDGE_CURVE ( 'NONE', #3479, #2052, #5377, .T. ) ;
#5310 = AXIS2_PLACEMENT_3D ( 'NONE', #2708, #4492, #509 ) ;
#5311 = VERTEX_POINT ( 'NONE', #330 ) ;
#5312 = ADVANCED_FACE ( 'NONE', ( #9 ), #4310, .T. ) ;
#5313 = PLANE ( 'NONE',  #3061 ) ;
#5314 = CIRCLE ( 'NONE', #2803, 0.1999999999999683142 ) ;
#5315 = CARTESIAN_POINT ( 'NONE',  ( 4.550000000000012257, 2.100000000000000089, -3.889999999999997460 ) ) ;
#5316 = CIRCLE ( 'NONE', #2710, 0.2000000000000334843 ) ;
#5317 = VERTEX_POINT ( 'NONE', #1740 ) ;
#5318 = ORIENTED_EDGE ( 'NONE', *, *, #3580, .T. ) ;
#5319 = DIRECTION ( 'NONE',  ( 0.000000000000000000, -1.000000000000000000, 0.000000000000000000 ) ) ;
#5320 = AXIS2_PLACEMENT_3D ( 'NONE', #1865, #4977, #4036 ) ;
#5321 = DIRECTION ( 'NONE',  ( -0.000000000000000000, -0.000000000000000000, 1.000000000000000000 ) ) ;
#5322 = VERTEX_POINT ( 'NONE', #3877 ) ;
#5323 = VECTOR ( 'NONE', #2343, 1000.000000000000000 ) ;
#5324 = CARTESIAN_POINT ( 'NONE',  ( 4.549999999999998934, 0.5999999999999998668, -4.049999999999998046 ) ) ;
#5325 = LINE ( 'NONE', #4129, #324 ) ;
#5326 = ORIENTED_EDGE ( 'NONE', *, *, #1755, .F. ) ;
#5327 = CARTESIAN_POINT ( 'NONE',  ( 11.27290200957160238, 0.7400008731479412738, 3.203285999999902600 ) ) ;
#5328 = ORIENTED_EDGE ( 'NONE', *, *, #2140, .T. ) ;
#5329 = PLANE ( 'NONE',  #619 ) ;
#5330 = VECTOR ( 'NONE', #3616, 1000.000000000000000 ) ;
#5331 = CARTESIAN_POINT ( 'NONE',  ( 0.7750000000000253353, 0.5999999999999998668, 4.049999999999998046 ) ) ;
#5332 = LINE ( 'NONE', #3118, #4954 ) ;
#5333 = CARTESIAN_POINT ( 'NONE',  ( -4.690000000000020819, 1.940000000000000391, 4.300000000000005151 ) ) ;
#5334 = AXIS2_PLACEMENT_3D ( 'NONE', #2696, #1878, #963 ) ;
#5335 = CIRCLE ( 'NONE', #2832, 0.1999997132655078336 ) ;
#5336 = ORIENTED_EDGE ( 'NONE', *, *, #2483, .F. ) ;
#5337 = CARTESIAN_POINT ( 'NONE',  ( 11.27290200957160238, 0.9400008731480302693, 4.099999999999869083 ) ) ;
#5338 = FACE_OUTER_BOUND ( 'NONE', #1909, .T. ) ;
#5339 = CARTESIAN_POINT ( 'NONE',  ( -1.624999873552803287, 0.5399999672585112931, -4.449999999999992184 ) ) ;
#5340 = CARTESIAN_POINT ( 'NONE',  ( 3.424999999999955858, 0.9400000000000310330, -4.599999999999992539 ) ) ;
#5341 = EDGE_CURVE ( 'NONE', #2690, #2581, #5674, .T. ) ;
#5342 = VECTOR ( 'NONE', #1180, 1000.000000000000000 ) ;
#5343 = ORIENTED_EDGE ( 'NONE', *, *, #3817, .T. ) ;
#5344 = ORIENTED_EDGE ( 'NONE', *, *, #1785, .F. ) ;
#5345 = CARTESIAN_POINT ( 'NONE',  ( 4.700000000000030376, 2.100000000000000089, -3.699999999999997513 ) ) ;
#5346 = DIRECTION ( 'NONE',  ( -1.000000000000000000, 6.496230967041490687E-14, -8.007222876851748829E-46 ) ) ;
#5347 = ADVANCED_FACE ( 'NONE', ( #2549 ), #3500, .F. ) ;
#5348 = EDGE_CURVE ( 'NONE', #4192, #3164, #3471, .T. ) ;
#5349 = CIRCLE ( 'NONE', #5533, 0.009999999999999592548 ) ;
#5350 = ORIENTED_EDGE ( 'NONE', *, *, #129, .T. ) ;
#5351 = EDGE_LOOP ( 'NONE', ( #262, #4456, #5343, #2162 ) ) ;
#5352 = PLANE ( 'NONE',  #5042 ) ;
#5353 = CARTESIAN_POINT ( 'NONE',  ( -3.825000000000021050, 2.248009955724755038, -4.400000000000014566 ) ) ;
#5354 = EDGE_CURVE ( 'NONE', #2166, #1366, #5232, .T. ) ;
#5355 = VERTEX_POINT ( 'NONE', #4798 ) ;
#5356 = DIRECTION ( 'NONE',  ( -0.000000000000000000, -1.000000000000000000, -0.000000000000000000 ) ) ;
#5357 = ORIENTED_EDGE ( 'NONE', *, *, #4777, .T. ) ;
#5358 = ADVANCED_FACE ( 'NONE', ( #1708 ), #1269, .F. ) ;
#5359 = LINE ( 'NONE', #940, #739 ) ;
#5360 = ORIENTED_EDGE ( 'NONE', *, *, #1207, .T. ) ;
#5361 = FACE_OUTER_BOUND ( 'NONE', #1999, .T. ) ;
#5362 = DIRECTION ( 'NONE',  ( -9.744346450562236662E-15, -1.000000000000000000, 0.000000000000000000 ) ) ;
#5363 = DIRECTION ( 'NONE',  ( 8.972707634363096035E-16, 3.574525976782709743E-31, 1.000000000000000000 ) ) ;
#5364 = CARTESIAN_POINT ( 'NONE',  ( 4.699999999999964650, 1.939999999999999947, -3.550000095150265267 ) ) ;
#5365 = ORIENTED_EDGE ( 'NONE', *, *, #270, .F. ) ;
#5366 = FACE_OUTER_BOUND ( 'NONE', #4633, .T. ) ;
#5367 = CARTESIAN_POINT ( 'NONE',  ( 4.699999999999964650, 0.6049999999630804037, -0.03914262716249588409 ) ) ;
#5368 = CARTESIAN_POINT ( 'NONE',  ( 4.699999999999964650, 0.7399996200763460097, -0.2282850951502649606 ) ) ;
#5369 = CARTESIAN_POINT ( 'NONE',  ( -4.549999999999998934, -23.88321892447783412, 4.300000000000025580 ) ) ;
#5370 = CIRCLE ( 'NONE', #2859, 0.1999999999999918510 ) ;
#5371 = EDGE_CURVE ( 'NONE', #1362, #5317, #5732, .T. ) ;
#5372 = ORIENTED_EDGE ( 'NONE', *, *, #2392, .T. ) ;
#5373 = EDGE_LOOP ( 'NONE', ( #1706, #5019, #1077, #3956 ) ) ;
#5374 = DIRECTION ( 'NONE',  ( -2.990902544787698678E-16, 1.000000000000000000, 0.000000000000000000 ) ) ;
#5375 = AXIS2_PLACEMENT_3D ( 'NONE', #3380, #5504, #5115 ) ;
#5376 = DIRECTION ( 'NONE',  ( 1.000000000000000000, 0.000000000000000000, 0.000000000000000000 ) ) ;
#5377 = CIRCLE ( 'NONE', #4908, 0.009999999999999592548 ) ;
#5378 = ORIENTED_EDGE ( 'NONE', *, *, #1828, .T. ) ;
#5379 = EDGE_LOOP ( 'NONE', ( #4583, #1359, #726, #1443 ) ) ;
#5380 = CARTESIAN_POINT ( 'NONE',  ( 1.524999999999997691, 0.4399999999999998357, 4.399999999999987033 ) ) ;
#5381 = EDGE_CURVE ( 'NONE', #3247, #3609, #3625, .T. ) ;
#5382 = ADVANCED_FACE ( 'NONE', ( #4056 ), #1799, .F. ) ;
#5383 = CARTESIAN_POINT ( 'NONE',  ( -4.690000000000020819, -23.88321892447783412, 4.300000000000025580 ) ) ;
#5384 = ORIENTED_EDGE ( 'NONE', *, *, #2772, .F. ) ;
#5385 = VECTOR ( 'NONE', #4167, 1000.000000000000000 ) ;
#5386 = ORIENTED_EDGE ( 'NONE', *, *, #2457, .T. ) ;
#5387 = DIRECTION ( 'NONE',  ( 0.000000000000000000, 1.000000000000000000, 0.000000000000000000 ) ) ;
#5388 =( GEOMETRIC_REPRESENTATION_CONTEXT ( 3 ) GLOBAL_UNCERTAINTY_ASSIGNED_CONTEXT ( ( #3178 ) ) GLOBAL_UNIT_ASSIGNED_CONTEXT ( ( #2450, #3700, #259 ) ) REPRESENTATION_CONTEXT ( 'NONE', 'WORKASPACE' ) );
#5389 = ORIENTED_EDGE ( 'NONE', *, *, #4711, .T. ) ;
#5390 = DIRECTION ( 'NONE',  ( 1.000000000000000000, 0.000000000000000000, 0.000000000000000000 ) ) ;
#5391 = EDGE_CURVE ( 'NONE', #3609, #5289, #161, .T. ) ;
#5392 = EDGE_CURVE ( 'NONE', #2253, #66, #3647, .T. ) ;
#5393 = DIRECTION ( 'NONE',  ( -1.000000000000000000, 9.744346450562236662E-15, 1.196361017915079471E-15 ) ) ;
#5394 = DIRECTION ( 'NONE',  ( 5.551115123125777653E-14, 0.000000000000000000, 1.000000000000000000 ) ) ;
#5395 = LINE ( 'NONE', #889, #3657 ) ;
#5396 = LINE ( 'NONE', #5304, #704 ) ;
#5397 = DIRECTION ( 'NONE',  ( 4.872173225281118015E-14, 0.000000000000000000, 1.000000000000000000 ) ) ;
#5398 = ORIENTED_EDGE ( 'NONE', *, *, #2716, .F. ) ;
#5399 = CARTESIAN_POINT ( 'NONE',  ( 4.549999999999998934, 1.950000000000000400, 4.440000000000019931 ) ) ;
#5400 = ORIENTED_EDGE ( 'NONE', *, *, #3385, .T. ) ;
#5401 = VERTEX_POINT ( 'NONE', #2732 ) ;
#5402 = LINE ( 'NONE', #1408, #4804 ) ;
#5403 = DIRECTION ( 'NONE',  ( 0.000000000000000000, 0.000000000000000000, 1.000000000000000000 ) ) ;
#5404 = EDGE_LOOP ( 'NONE', ( #776, #4692, #5281, #5336 ) ) ;
#5405 = SURFACE_STYLE_USAGE ( .BOTH. , #1848 ) ;
#5406 = ORIENTED_EDGE ( 'NONE', *, *, #4710, .F. ) ;
#5407 = ORIENTED_EDGE ( 'NONE', *, *, #3927, .F. ) ;
#5408 = DIRECTION ( 'NONE',  ( -1.000000000000000000, 0.000000000000000000, -0.000000000000000000 ) ) ;
#5409 = CARTESIAN_POINT ( 'NONE',  ( -3.825000000000009059, 1.940000000000000391, -3.889999999999997460 ) ) ;
#5410 = VERTEX_POINT ( 'NONE', #2321 ) ;
#5411 = AXIS2_PLACEMENT_3D ( 'NONE', #1355, #3667, #4126 ) ;
#5412 = AXIS2_PLACEMENT_3D ( 'NONE', #3999, #47, #1274 ) ;
#5413 = EDGE_LOOP ( 'NONE', ( #3321, #4571, #2107, #2189 ) ) ;
#5414 = DIRECTION ( 'NONE',  ( 1.000000000000000000, 0.000000000000000000, 0.000000000000000000 ) ) ;
#5415 = EDGE_CURVE ( 'NONE', #5084, #3915, #2265, .T. ) ;
#5416 = VECTOR ( 'NONE', #1349, 1000.000000000000000 ) ;
#5417 = ORIENTED_EDGE ( 'NONE', *, *, #1017, .F. ) ;
#5418 = CARTESIAN_POINT ( 'NONE',  ( -3.424999999999983835, -23.88321892447783412, -3.749999999999975575 ) ) ;
#5419 = PLANE ( 'NONE',  #2093 ) ;
#5420 = DIRECTION ( 'NONE',  ( 1.000000000000000000, 0.000000000000000000, 0.000000000000000000 ) ) ;
#5421 = CARTESIAN_POINT ( 'NONE',  ( -6.449999999999993960, 0.3400000000000000244, 4.800000000000002487 ) ) ;
#5422 = ADVANCED_FACE ( 'NONE', ( #5441 ), #128, .F. ) ;
#5423 = EDGE_CURVE ( 'NONE', #4903, #5609, #4916, .T. ) ;
#5424 = PLANE ( 'NONE',  #3018 ) ;
#5425 = CARTESIAN_POINT ( 'NONE',  ( -11.27290224021418652, 0.7399996200763460097, -0.2282850951502649606 ) ) ;
#5426 = DIRECTION ( 'NONE',  ( 0.000000000000000000, 0.000000000000000000, 1.000000000000000000 ) ) ;
#5427 = ORIENTED_EDGE ( 'NONE', *, *, #4337, .F. ) ;
#5428 = ORIENTED_EDGE ( 'NONE', *, *, #2066, .F. ) ;
#5429 = DIRECTION ( 'NONE',  ( -1.000000000000000000, 0.000000000000000000, 0.000000000000000000 ) ) ;
#5430 = CARTESIAN_POINT ( 'NONE',  ( -4.850000000000020961, 1.949999999999999512, 4.300000000000025580 ) ) ;
#5431 = AXIS2_PLACEMENT_3D ( 'NONE', #344, #2921, #1201 ) ;
#5432 = ORIENTED_EDGE ( 'NONE', *, *, #3458, .T. ) ;
#5433 = CARTESIAN_POINT ( 'NONE',  ( 3.825000000000078337, -23.88321892447783412, -3.749999999999975575 ) ) ;
#5434 = AXIS2_PLACEMENT_3D ( 'NONE', #950, #4837, #3090 ) ;
#5435 = VERTEX_POINT ( 'NONE', #4107 ) ;
#5436 = VERTEX_POINT ( 'NONE', #1367 ) ;
#5437 = DIRECTION ( 'NONE',  ( 0.000000000000000000, 1.000000000000000000, 0.000000000000000000 ) ) ;
#5438 = FACE_OUTER_BOUND ( 'NONE', #897, .T. ) ;
#5439 = ORIENTED_EDGE ( 'NONE', *, *, #4770, .F. ) ;
#5440 = ORIENTED_EDGE ( 'NONE', *, *, #907, .F. ) ;
#5441 = FACE_OUTER_BOUND ( 'NONE', #2042, .T. ) ;
#5442 = ORIENTED_EDGE ( 'NONE', *, *, #2709, .F. ) ;
#5443 = DIRECTION ( 'NONE',  ( 1.000000000000000000, -2.168404344971247498E-15, 0.000000000000000000 ) ) ;
#5444 = EDGE_CURVE ( 'NONE', #2432, #2719, #5359, .T. ) ;
#5445 = CARTESIAN_POINT ( 'NONE',  ( 4.549999999999998934, 1.949999999999999512, -4.049999999999998046 ) ) ;
#5446 = FACE_OUTER_BOUND ( 'NONE', #4885, .T. ) ;
#5447 = VECTOR ( 'NONE', #5114, 1000.000000000000000 ) ;
#5448 = EDGE_CURVE ( 'NONE', #2720, #1230, #4517, .T. ) ;
#5449 = EDGE_CURVE ( 'NONE', #4411, #4079, #4086, .T. ) ;
#5450 = LINE ( 'NONE', #1454, #157 ) ;
#5451 = LINE ( 'NONE', #660, #3761 ) ;
#5452 = ORIENTED_EDGE ( 'NONE', *, *, #1925, .T. ) ;
#5453 = ORIENTED_EDGE ( 'NONE', *, *, #5585, .F. ) ;
#5454 = DIRECTION ( 'NONE',  ( 3.423796334164928027E-16, -1.000000000000000000, 7.395570986446987865E-32 ) ) ;
#5455 = ADVANCED_FACE ( 'NONE', ( #4570 ), #2700, .F. ) ;
#5456 = DIRECTION ( 'NONE',  ( 0.000000000000000000, -1.232595164407831220E-32, -1.000000000000000000 ) ) ;
#5457 = EDGE_LOOP ( 'NONE', ( #2405, #4183, #3702, #2701 ) ) ;
#5458 = VECTOR ( 'NONE', #748, 1000.000000000000000 ) ;
#5459 = CARTESIAN_POINT ( 'NONE',  ( -0.1499999999999999667, 0.000000000000000000, 0.2999999999999999334 ) ) ;
#5460 = LINE ( 'NONE', #5291, #5522 ) ;
#5461 = SHAPE_REPRESENTATION_RELATIONSHIP ( 'NONE' , 'NONE' ,  #159, #277 ) ;
#5462 = AXIS2_PLACEMENT_3D ( 'NONE', #5345, #1817, #493 ) ;
#5463 = ORIENTED_EDGE ( 'NONE', *, *, #4632, .T. ) ;
#5464 = AXIS2_PLACEMENT_3D ( 'NONE', #4185, #2015, #2044 ) ;
#5465 = ORIENTED_EDGE ( 'NONE', *, *, #4216, .F. ) ;
#5466 = LINE ( 'NONE', #5082, #2829 ) ;
#5467 = CARTESIAN_POINT ( 'NONE',  ( -0.1499999999999999389, 0.2999999999999999889, 0.1500000000000000222 ) ) ;
#5468 = ORIENTED_EDGE ( 'NONE', *, *, #3473, .T. ) ;
#5469 = VERTEX_POINT ( 'NONE', #593 ) ;
#5470 = VECTOR ( 'NONE', #4199, 1000.000000000000000 ) ;
#5471 = LINE ( 'NONE', #2379, #5656 ) ;
#5472 = VERTEX_POINT ( 'NONE', #2348 ) ;
#5473 = LINE ( 'NONE', #5529, #5447 ) ;
#5474 = AXIS2_PLACEMENT_3D ( 'NONE', #156, #1912, #3705 ) ;
#5475 = CARTESIAN_POINT ( 'NONE',  ( 6.449999999999997513, 0.3400000000000000244, -4.800000000000000711 ) ) ;
#5476 = CARTESIAN_POINT ( 'NONE',  ( 1.625000221597069805, 0.5400001977956978561, -4.599999999999992539 ) ) ;
#5477 = VECTOR ( 'NONE', #1587, 1000.000000000000000 ) ;
#5478 = DIRECTION ( 'NONE',  ( 0.000000000000000000, 1.000000000000000000, 0.000000000000000000 ) ) ;
#5479 = DIRECTION ( 'NONE',  ( -1.000000000000000000, 0.000000000000000000, -0.000000000000000000 ) ) ;
#5480 = SURFACE_SIDE_STYLE ('',( #3691 ) ) ;
#5481 = CIRCLE ( 'NONE', #4191, 0.1599999999999995592 ) ;
#5482 = EDGE_CURVE ( 'NONE', #615, #2546, #4968, .T. ) ;
#5483 = EDGE_LOOP ( 'NONE', ( #283, #2084, #1152, #2846 ) ) ;
#5484 = ORIENTED_EDGE ( 'NONE', *, *, #5156, .F. ) ;
#5485 = LINE ( 'NONE', #5041, #2762 ) ;
#5486 = DIRECTION ( 'NONE',  ( -1.000000000000000000, 0.000000000000000000, 0.000000000000000000 ) ) ;
#5487 = VERTEX_POINT ( 'NONE', #4022 ) ;
#5488 = CARTESIAN_POINT ( 'NONE',  ( 11.27290200957160238, 0.4700006265358621649, 2.225000176018558484 ) ) ;
#5489 = DIRECTION ( 'NONE',  ( 1.000000000000000000, -2.282530889443285351E-16, -0.000000000000000000 ) ) ;
#5490 = EDGE_CURVE ( 'NONE', #1366, #3287, #1883, .T. ) ;
#5491 = EDGE_CURVE ( 'NONE', #5307, #2676, #4484, .T. ) ;
#5492 = ORIENTED_EDGE ( 'NONE', *, *, #242, .F. ) ;
#5493 = EDGE_LOOP ( 'NONE', ( #2199, #2202, #4389, #2195 ) ) ;
#5494 = FACE_OUTER_BOUND ( 'NONE', #4998, .T. ) ;
#5495 = ORIENTED_EDGE ( 'NONE', *, *, #979, .F. ) ;
#5496 = EDGE_LOOP ( 'NONE', ( #158, #4468, #3549, #2279 ) ) ;
#5497 = DIRECTION ( 'NONE',  ( -1.000000000000000000, 0.000000000000000000, 0.000000000000000000 ) ) ;
#5498 = AXIS2_PLACEMENT_3D ( 'NONE', #632, #5540, #201 ) ;
#5499 = ORIENTED_EDGE ( 'NONE', *, *, #4536, .T. ) ;
#5500 = FACE_OUTER_BOUND ( 'NONE', #687, .T. ) ;
#5501 = VECTOR ( 'NONE', #722, 1000.000000000000000 ) ;
#5502 = VECTOR ( 'NONE', #2765, 1000.000000000000000 ) ;
#5503 = PRODUCT ( '2022.04.01_基板', '2022.04.01_基板', '', ( #2535 ) ) ;
#5504 = DIRECTION ( 'NONE',  ( 0.000000000000000000, -1.000000000000000000, 0.000000000000000000 ) ) ;
#5505 = FACE_OUTER_BOUND ( 'NONE', #3360, .T. ) ;
#5506 = DIRECTION ( 'NONE',  ( 0.000000000000000000, 0.000000000000000000, 1.000000000000000000 ) ) ;
#5507 = AXIS2_PLACEMENT_3D ( 'NONE', #833, #288, #345 ) ;
#5508 = VECTOR ( 'NONE', #3748, 1000.000000000000000 ) ;
#5509 = DIRECTION ( 'NONE',  ( 1.000000000000000000, -1.381324727921685072E-15, -8.972707634363094063E-16 ) ) ;
#5510 = DIRECTION ( 'NONE',  ( 0.000000000000000000, -1.232595164407831220E-32, -1.000000000000000000 ) ) ;
#5511 = CARTESIAN_POINT ( 'NONE',  ( 3.825000000000022826, 0.4399999999999985589, -3.899999999999998135 ) ) ;
#5512 = ORIENTED_EDGE ( 'NONE', *, *, #1244, .F. ) ;
#5513 = ORIENTED_EDGE ( 'NONE', *, *, #3220, .T. ) ;
#5514 = CARTESIAN_POINT ( 'NONE',  ( 1.848606797386242784, 0.7399999999999984368, 9.561909157685011706 ) ) ;
#5515 = DIRECTION ( 'NONE',  ( -1.000000000000000000, 0.000000000000000000, -1.355252715606881036E-16 ) ) ;
#5516 = EDGE_CURVE ( 'NONE', #3247, #2072, #3231, .T. ) ;
#5517 = ORIENTED_EDGE ( 'NONE', *, *, #3025, .T. ) ;
#5518 = CARTESIAN_POINT ( 'NONE',  ( 0.3750000000000176525, 1.940000000000000391, 4.440000000000019931 ) ) ;
#5519 = ORIENTED_EDGE ( 'NONE', *, *, #2740, .F. ) ;
#5520 = EDGE_LOOP ( 'NONE', ( #2364, #208, #4614, #4519 ) ) ;
#5521 = CARTESIAN_POINT ( 'NONE',  ( -4.690000000000020819, 1.940000000000000391, 4.300000000000005151 ) ) ;
#5522 = VECTOR ( 'NONE', #3561, 1000.000000000000000 ) ;
#5523 = ORIENTED_EDGE ( 'NONE', *, *, #972, .T. ) ;
#5524 = ADVANCED_FACE ( 'NONE', ( #98 ), #3165, .T. ) ;
#5525 = ADVANCED_FACE ( 'NONE', ( #1856 ), #3678, .T. ) ;
#5526 = ORIENTED_EDGE ( 'NONE', *, *, #2963, .F. ) ;
#5527 = CARTESIAN_POINT ( 'NONE',  ( -0.1499999999999999667, 0.2999999999999999889, 0.2999999999999999334 ) ) ;
#5528 = AXIS2_PLACEMENT_3D ( 'NONE', #415, #3023, #4128 ) ;
#5529 = CARTESIAN_POINT ( 'NONE',  ( -4.549999999999998934, 2.100000000000000977, -3.889999999999997460 ) ) ;
#5530 = AXIS2_PLACEMENT_3D ( 'NONE', #4361, #3463, #3046 ) ;
#5531 = CARTESIAN_POINT ( 'NONE',  ( -0.2999999999999999334, 0.000000000000000000, 0.1499999999999999944 ) ) ;
#5532 = APPLICATION_CONTEXT ( 'automotive_design' ) ;
#5533 = AXIS2_PLACEMENT_3D ( 'NONE', #4587, #1105, #2872 ) ;
#5534 = EDGE_CURVE ( 'NONE', #4079, #3812, #5113, .T. ) ;
#5535 = DIRECTION ( 'NONE',  ( -0.000000000000000000, -0.000000000000000000, -1.000000000000000000 ) ) ;
#5536 = LINE ( 'NONE', #1032, #4679 ) ;
#5537 = LINE ( 'NONE', #4579, #4776 ) ;
#5538 = CARTESIAN_POINT ( 'NONE',  ( 1.524999999999997691, 0.5899999999999994138, 4.399999999999987033 ) ) ;
#5539 = ORIENTED_EDGE ( 'NONE', *, *, #1323, .T. ) ;
#5540 = DIRECTION ( 'NONE',  ( 0.000000000000000000, -1.232595164407831220E-32, -1.000000000000000000 ) ) ;
#5541 = ORIENTED_EDGE ( 'NONE', *, *, #3612, .F. ) ;
#5542 = EDGE_LOOP ( 'NONE', ( #3581, #1580, #1000, #4355 ) ) ;
#5543 = DIRECTION ( 'NONE',  ( -1.000000000000000000, 0.000000000000000000, 0.000000000000000000 ) ) ;
#5544 = FACE_OUTER_BOUND ( 'NONE', #1110, .T. ) ;
#5545 = DIRECTION ( 'NONE',  ( -1.381324727921684874E-15, -1.000000000000000000, 1.602373713730180230E-30 ) ) ;
#5546 = ORIENTED_EDGE ( 'NONE', *, *, #4113, .F. ) ;
#5547 = EDGE_LOOP ( 'NONE', ( #933, #3361, #4364, #5183, #610, #3013 ) ) ;
#5548 = PLANE ( 'NONE',  #1877 ) ;
#5549 = ORIENTED_EDGE ( 'NONE', *, *, #3219, .F. ) ;
#5550 = ORIENTED_EDGE ( 'NONE', *, *, #138, .F. ) ;
#5551 = DIRECTION ( 'NONE',  ( 0.000000000000000000, 0.000000000000000000, 1.000000000000000000 ) ) ;
#5552 = VECTOR ( 'NONE', #1919, 1000.000000000000000 ) ;
#5553 = EDGE_CURVE ( 'NONE', #37, #433, #2906, .T. ) ;
#5554 = EDGE_CURVE ( 'NONE', #3814, #1106, #731, .T. ) ;
#5555 = LINE ( 'NONE', #1975, #1338 ) ;
#5556 = DIRECTION ( 'NONE',  ( 0.000000000000000000, 0.000000000000000000, 1.000000000000000000 ) ) ;
#5557 = AXIS2_PLACEMENT_3D ( 'NONE', #3021, #1620, #3413 ) ;
#5558 = DIRECTION ( 'NONE',  ( 0.000000000000000000, -0.000000000000000000, 1.000000000000000000 ) ) ;
#5559 = LINE ( 'NONE', #1622, #1519 ) ;
#5560 = EDGE_CURVE ( 'NONE', #4566, #4934, #5471, .T. ) ;
#5561 = VECTOR ( 'NONE', #4137, 1000.000000000000000 ) ;
#5562 = ADVANCED_FACE ( 'NONE', ( #4197 ), #3294, .T. ) ;
#5563 = DIRECTION ( 'NONE',  ( 0.000000000000000000, 0.000000000000000000, 1.000000000000000000 ) ) ;
#5564 = FACE_OUTER_BOUND ( 'NONE', #883, .T. ) ;
#5565 = ORIENTED_EDGE ( 'NONE', *, *, #4709, .T. ) ;
#5566 = DIRECTION ( 'NONE',  ( 0.000000000000000000, 0.000000000000000000, -1.000000000000000000 ) ) ;
#5567 = ORIENTED_EDGE ( 'NONE', *, *, #234, .T. ) ;
#5568 = ORIENTED_EDGE ( 'NONE', *, *, #3145, .F. ) ;
#5569 = CARTESIAN_POINT ( 'NONE',  ( -0.1499999999999999667, 0.2999999999999999889, -0.2999999999999999334 ) ) ;
#5570 = CARTESIAN_POINT ( 'NONE',  ( -4.700000000000019718, 0.9400002466121099021, -3.350000095150231783 ) ) ;
#5571 = LINE ( 'NONE', #2844, #621 ) ;
#5572 = CARTESIAN_POINT ( 'NONE',  ( -4.500000000000000888, 0.3400000000000000244, -4.049999999999996270 ) ) ;
#5573 = AXIS2_PLACEMENT_3D ( 'NONE', #2660, #958, #871 ) ;
#5574 = ORIENTED_EDGE ( 'NONE', *, *, #2638, .T. ) ;
#5575 = ORIENTED_EDGE ( 'NONE', *, *, #1053, .T. ) ;
#5576 = CARTESIAN_POINT ( 'NONE',  ( 4.689999999999964864, -23.88321892447783412, 4.300000000000025580 ) ) ;
#5577 = ORIENTED_EDGE ( 'NONE', *, *, #5189, .T. ) ;
#5578 = ORIENTED_EDGE ( 'NONE', *, *, #1485, .F. ) ;
#5579 = CARTESIAN_POINT ( 'NONE',  ( -3.366421451386827357, 0.7985788092239373137, -4.449999999999988631 ) ) ;
#5580 = AXIS2_PLACEMENT_3D ( 'NONE', #1840, #3633, #1812 ) ;
#5581 = CARTESIAN_POINT ( 'NONE',  ( -0.2999999999999999334, 0.2999999999999999889, -0.1499999999999999944 ) ) ;
#5582 = FACE_OUTER_BOUND ( 'NONE', #644, .T. ) ;
#5583 = CARTESIAN_POINT ( 'NONE',  ( 3.825000000000078337, 1.950000000000000400, -3.749999999999975575 ) ) ;
#5584 = CARTESIAN_POINT ( 'NONE',  ( -4.850000000000020961, 0.7400002466120764177, -3.350000095150233559 ) ) ;
#5585 = EDGE_CURVE ( 'NONE', #849, #4610, #1055, .T. ) ;
#5586 = VECTOR ( 'NONE', #3872, 1000.000000000000000 ) ;
#5587 = VECTOR ( 'NONE', #1147, 1000.000000000000000 ) ;
#5588 = VECTOR ( 'NONE', #2040, 1000.000000000000000 ) ;
#5589 = FACE_OUTER_BOUND ( 'NONE', #4135, .T. ) ;
#5590 = CARTESIAN_POINT ( 'NONE',  ( 2.124999999999988010, 1.950000000000000400, 3.749999999999975575 ) ) ;
#5591 = EDGE_CURVE ( 'NONE', #4105, #4610, #3323, .T. ) ;
#5592 = ORIENTED_EDGE ( 'NONE', *, *, #698, .T. ) ;
#5593 = AXIS2_PLACEMENT_3D ( 'NONE', #3784, #638, #2398 ) ;
#5594 = CARTESIAN_POINT ( 'NONE',  ( -0.1499999999999999389, 0.2999999999999999889, 0.1500000000000000222 ) ) ;
#5595 = ADVANCED_FACE ( 'NONE', ( #3740 ), #4621, .T. ) ;
#5596 = UNCERTAINTY_MEASURE_WITH_UNIT (LENGTH_MEASURE( 1.000000000000000082E-05 ), #1322, 'distance_accuracy_value', 'NONE');
#5597 = ORIENTED_EDGE ( 'NONE', *, *, #2098, .T. ) ;
#5598 = CIRCLE ( 'NONE', #35, 0.1999997132654074139 ) ;
#5599 = ORIENTED_EDGE ( 'NONE', *, *, #5101, .F. ) ;
#5600 = FACE_OUTER_BOUND ( 'NONE', #465, .T. ) ;
#5601 = AXIS2_PLACEMENT_3D ( 'NONE', #263, #4564, #1998 ) ;
#5602 = LINE ( 'NONE', #1608, #2617 ) ;
#5603 = CARTESIAN_POINT ( 'NONE',  ( -4.025000000000000355, 0.5900000000000003020, -4.599999999999992539 ) ) ;
#5604 = CARTESIAN_POINT ( 'NONE',  ( 0.7750000000000253353, 0.5999999999999998668, 4.049999999999998046 ) ) ;
#5605 = EDGE_CURVE ( 'NONE', #2394, #1855, #2030, .T. ) ;
#5606 = VECTOR ( 'NONE', #3864, 1000.000000000000000 ) ;
#5607 = ORIENTED_EDGE ( 'NONE', *, *, #1530, .F. ) ;
#5608 = CIRCLE ( 'NONE', #3092, 0.009999999999999592548 ) ;
#5609 = VERTEX_POINT ( 'NONE', #2851 ) ;
#5610 = DIRECTION ( 'NONE',  ( -0.7071050458102475789, -0.7071085165585885290, 0.000000000000000000 ) ) ;
#5611 = EDGE_LOOP ( 'NONE', ( #2226, #791, #5271, #3033 ) ) ;
#5612 = CIRCLE ( 'NONE', #1419, 0.009999999999999809389 ) ;
#5613 = CARTESIAN_POINT ( 'NONE',  ( -11.27290224021418652, 0.7400002466120764177, 4.100000000000191491 ) ) ;
#5614 = DIRECTION ( 'NONE',  ( 0.000000000000000000, -0.000000000000000000, 1.000000000000000000 ) ) ;
#5615 = LINE ( 'NONE', #1591, #3425 ) ;
#5616 = VECTOR ( 'NONE', #597, 1000.000000000000000 ) ;
#5617 = LINE ( 'NONE', #3903, #4787 ) ;
#5618 = DIRECTION ( 'NONE',  ( -1.000000000000000000, 0.000000000000000000, 0.000000000000000000 ) ) ;
#5619 = EDGE_CURVE ( 'NONE', #1583, #5410, #3816, .T. ) ;
#5620 = DIRECTION ( 'NONE',  ( 0.000000000000000000, 0.000000000000000000, -1.000000000000000000 ) ) ;
#5621 = AXIS2_PLACEMENT_3D ( 'NONE', #4718, #3028, #3354 ) ;
#5622 = CARTESIAN_POINT ( 'NONE',  ( -0.8499998239810853118, 0.4700001493862810409, 9.561909157685011706 ) ) ;
#5623 = CARTESIAN_POINT ( 'NONE',  ( 0.7750000000000256684, 1.939999999999999947, 3.899999999999997691 ) ) ;
#5624 = CARTESIAN_POINT ( 'NONE',  ( -4.850000000000020961, 0.4700006265358613322, 2.825000176018547915 ) ) ;
#5625 = AXIS2_PLACEMENT_3D ( 'NONE', #4864, #888, #2650 ) ;
#5626 = EDGE_LOOP ( 'NONE', ( #2726, #5662, #728, #1988 ) ) ;
#5627 = EDGE_CURVE ( 'NONE', #3982, #3232, #2026, .T. ) ;
#5628 = ORIENTED_EDGE ( 'NONE', *, *, #4504, .T. ) ;
#5629 = EDGE_CURVE ( 'NONE', #5084, #4510, #5284, .T. ) ;
#5630 = CARTESIAN_POINT ( 'NONE',  ( -4.350000000000020961, 0.9400000000000050537, 4.600000000000020961 ) ) ;
#5631 = FACE_OUTER_BOUND ( 'NONE', #2658, .T. ) ;
#5632 = CARTESIAN_POINT ( 'NONE',  ( -4.700000000000019718, 0.9400008731480415936, 4.299999999999958078 ) ) ;
#5633 = LINE ( 'NONE', #5248, #5238 ) ;
#5634 = APPLICATION_PROTOCOL_DEFINITION ( 'draft international standard', 'automotive_design', 1998, #3449 ) ;
#5635 = EDGE_LOOP ( 'NONE', ( #3290, #880, #5158, #426 ) ) ;
#5636 = EDGE_LOOP ( 'NONE', ( #1298, #4736, #322, #1037 ) ) ;
#5637 = ADVANCED_FACE ( 'NONE', ( #4650 ), #2003, .T. ) ;
#5638 = DIRECTION ( 'NONE',  ( 0.000000000000000000, -1.232595164407831220E-32, -1.000000000000000000 ) ) ;
#5639 = CARTESIAN_POINT ( 'NONE',  ( 4.689999999999964864, 2.100000000000000977, -3.550333704529043288 ) ) ;
#5640 = FACE_OUTER_BOUND ( 'NONE', #3722, .T. ) ;
#5641 = LINE ( 'NONE', #2571, #1231 ) ;
#5642 = CARTESIAN_POINT ( 'NONE',  ( 2.125000000000043521, 1.949999999999999512, 4.600000000000020961 ) ) ;
#5643 = ORIENTED_EDGE ( 'NONE', *, *, #55, .T. ) ;
#5644 = CARTESIAN_POINT ( 'NONE',  ( -4.549999999999998934, 1.949999999999999512, 4.600000000000020961 ) ) ;
#5645 = DIRECTION ( 'NONE',  ( 1.000000000000000000, 4.673285226230870397E-17, -3.421138828918010427E-49 ) ) ;
#5646 = VECTOR ( 'NONE', #4639, 1000.000000000000000 ) ;
#5647 = DIRECTION ( 'NONE',  ( 0.000000000000000000, -1.232595164407831220E-32, -1.000000000000000000 ) ) ;
#5648 = LINE ( 'NONE', #5176, #189 ) ;
#5649 = AXIS2_PLACEMENT_3D ( 'NONE', #3228, #4884, #4993 ) ;
#5650 = FACE_OUTER_BOUND ( 'NONE', #4163, .T. ) ;
#5651 = DIRECTION ( 'NONE',  ( -1.000000000000000000, 0.000000000000000000, 0.000000000000000000 ) ) ;
#5652 = DIRECTION ( 'NONE',  ( 1.000000000000000000, 0.000000000000000000, 0.000000000000000000 ) ) ;
#5653 = VECTOR ( 'NONE', #4430, 1000.000000000000000 ) ;
#5654 = VERTEX_POINT ( 'NONE', #5579 ) ;
#5655 = CARTESIAN_POINT ( 'NONE',  ( -4.700000000000019718, 0.6050006264990103189, 2.035857372837413859 ) ) ;
#5656 = VECTOR ( 'NONE', #3378, 1000.000000000000000 ) ;
#5657 = DIRECTION ( 'NONE',  ( 2.990902544787698678E-16, -1.000000000000000000, 0.000000000000000000 ) ) ;
#5658 = DIRECTION ( 'NONE',  ( -1.000000000000000000, 0.000000000000000000, 0.000000000000000000 ) ) ;
#5659 = LINE ( 'NONE', #5604, #1162 ) ;
#5660 = EDGE_CURVE ( 'NONE', #1344, #2536, #649, .T. ) ;
#5661 = EDGE_CURVE ( 'NONE', #829, #24, #4634, .T. ) ;
#5662 = ORIENTED_EDGE ( 'NONE', *, *, #511, .F. ) ;
#5663 = VERTEX_POINT ( 'NONE', #2433 ) ;
#5664 = LINE ( 'NONE', #3015, #2472 ) ;
#5665 = ORIENTED_EDGE ( 'NONE', *, *, #3649, .F. ) ;
#5666 = EDGE_CURVE ( 'NONE', #4140, #5728, #929, .T. ) ;
#5667 = EDGE_CURVE ( 'NONE', #753, #3247, #4712, .T. ) ;
#5668 = CARTESIAN_POINT ( 'NONE',  ( 3.424999999999955858, 0.9400000000000310330, -4.449999999999988631 ) ) ;
#5669 = CARTESIAN_POINT ( 'NONE',  ( -0.8499998239810844236, 0.6700001493862459689, 9.561909157685011706 ) ) ;
#5670 = CARTESIAN_POINT ( 'NONE',  ( -4.025000000000000355, 0.5900000000000003020, -4.400000000000014566 ) ) ;
#5671 = ORIENTED_EDGE ( 'NONE', *, *, #5415, .T. ) ;
#5672 = PLANE ( 'NONE',  #1084 ) ;
#5673 = CARTESIAN_POINT ( 'NONE',  ( -3.425000000000006040, -23.88321892447783412, -4.439999999999992397 ) ) ;
#5674 = LINE ( 'NONE', #5327, #648 ) ;
#5675 = FACE_OUTER_BOUND ( 'NONE', #5379, .T. ) ;
#5676 = CARTESIAN_POINT ( 'NONE',  ( -3.825000000000022826, 0.5999999999999998668, -4.059999999999997833 ) ) ;
#5677 = LINE ( 'NONE', #2580, #4491 ) ;
#5678 = CARTESIAN_POINT ( 'NONE',  ( -0.2999999999999999334, 0.2999999999999999889, 0.1499999999999999944 ) ) ;
#5679 = VECTOR ( 'NONE', #872, 1000.000000000000000 ) ;
#5680 = EDGE_LOOP ( 'NONE', ( #3190, #719, #5468, #2445 ) ) ;
#5681 = DIRECTION ( 'NONE',  ( -1.000000000000000000, -3.423796334164928027E-16, -5.573940432020519622E-14 ) ) ;
#5682 = VECTOR ( 'NONE', #1960, 1000.000000000000000 ) ;
#5683 = LINE ( 'NONE', #1155, #2168 ) ;
#5684 = FACE_OUTER_BOUND ( 'NONE', #5166, .T. ) ;
#5685 = DIRECTION ( 'NONE',  ( 0.000000000000000000, 1.000000000000000000, 0.000000000000000000 ) ) ;
#5686 = APPLICATION_PROTOCOL_DEFINITION ( 'draft international standard', 'automotive_design', 1998, #3645 ) ;
#5687 = VECTOR ( 'NONE', #4525, 1000.000000000000000 ) ;
#5688 = PRODUCT_DEFINITION_SHAPE ( 'NONE', 'NONE',  #2209 ) ;
#5689 = EDGE_LOOP ( 'NONE', ( #3486, #1081, #5051, #1796, #1099, #4123 ) ) ;
#5690 = ORIENTED_EDGE ( 'NONE', *, *, #3179, .T. ) ;
#5691 = CARTESIAN_POINT ( 'NONE',  ( 4.699999999999964650, 0.7400002466120834121, 1.128286000000177314 ) ) ;
#5692 = EDGE_CURVE ( 'NONE', #1326, #2984, #3348, .T. ) ;
#5693 = AXIS2_PLACEMENT_3D ( 'NONE', #2903, #4133, #2403 ) ;
#5694 = LINE ( 'NONE', #2197, #2421 ) ;
#5695 = VECTOR ( 'NONE', #612, 1000.000000000000000 ) ;
#5696 = ORIENTED_EDGE ( 'NONE', *, *, #634, .T. ) ;
#5697 = CARTESIAN_POINT ( 'NONE',  ( -1.228285095149868278, 0.7399997694628405176, -4.449999999999988631 ) ) ;
#5698 = EDGE_CURVE ( 'NONE', #5663, #4333, #5003, .T. ) ;
#5699 = AXIS2_PLACEMENT_3D ( 'NONE', #1061, #3774, #2410 ) ;
#5700 = EDGE_CURVE ( 'NONE', #4636, #2784, #559, .T. ) ;
#5701 = CARTESIAN_POINT ( 'NONE',  ( 19.11734783244957114, 0.5999999999999998668, -4.059999999999998721 ) ) ;
#5702 = ORIENTED_EDGE ( 'NONE', *, *, #2216, .T. ) ;
#5703 = CARTESIAN_POINT ( 'NONE',  ( -4.690000000000020819, 1.940000000000000391, 4.300000000000008704 ) ) ;
#5704 = CARTESIAN_POINT ( 'NONE',  ( 4.549999999999998934, -23.88321892447783412, 4.300000000000025580 ) ) ;
#5705 = ORIENTED_EDGE ( 'NONE', *, *, #3466, .T. ) ;
#5706 = PLANE ( 'NONE',  #1748 ) ;
#5707 = DIRECTION ( 'NONE',  ( 2.990902544787698678E-16, -1.000000000000000000, 0.000000000000000000 ) ) ;
#5708 = EDGE_CURVE ( 'NONE', #5040, #1362, #1643, .T. ) ;
#5709 = VECTOR ( 'NONE', #2622, 1000.000000000000000 ) ;
#5710 = PLANE ( 'NONE',  #4694 ) ;
#5711 = LINE ( 'NONE', #5590, #3275 ) ;
#5712 = DIRECTION ( 'NONE',  ( 1.000000000000000000, 0.000000000000000000, 1.355252715606881036E-16 ) ) ;
#5713 = VECTOR ( 'NONE', #724, 1000.000000000000000 ) ;
#5714 = ORIENTED_EDGE ( 'NONE', *, *, #1963, .T. ) ;
#5715 = CARTESIAN_POINT ( 'NONE',  ( -4.549999999999998934, 1.940000000000000391, 4.440000000000019931 ) ) ;
#5716 = DIRECTION ( 'NONE',  ( -1.850371707708455731E-13, -0.000000000000000000, -1.000000000000000000 ) ) ;
#5717 = DIRECTION ( 'NONE',  ( -0.000000000000000000, -1.000000000000000000, -0.000000000000000000 ) ) ;
#5718 = CIRCLE ( 'NONE', #4238, 0.1999999999999779732 ) ;
#5719 = CARTESIAN_POINT ( 'NONE',  ( -3.425000000000011369, 1.939999999999999947, -4.449999999999992184 ) ) ;
#5720 = ORIENTED_EDGE ( 'NONE', *, *, #53, .T. ) ;
#5721 = ORIENTED_EDGE ( 'NONE', *, *, #1207, .F. ) ;
#5722 = CARTESIAN_POINT ( 'NONE',  ( -4.850000000000020961, 1.939999999999999947, -3.550000095150265267 ) ) ;
#5723 = ADVANCED_FACE ( 'NONE', ( #875 ), #4792, .T. ) ;
#5724 = FACE_OUTER_BOUND ( 'NONE', #2380, .T. ) ;
#5725 = ORIENTED_EDGE ( 'NONE', *, *, #2626, .T. ) ;
#5726 = CARTESIAN_POINT ( 'NONE',  ( 1.625000221597069805, 0.8399999004920813972, -4.449999999999992184 ) ) ;
#5727 = FACE_OUTER_BOUND ( 'NONE', #3186, .T. ) ;
#5728 = VERTEX_POINT ( 'NONE', #2631 ) ;
#5729 = DIRECTION ( 'NONE',  ( 2.990902544787698185E-16, 8.628166150854816622E-32, -1.000000000000000000 ) ) ;
#5730 = CARTESIAN_POINT ( 'NONE',  ( -0.2999999999999999334, 0.2999999999999999889, 0.1499999999999999944 ) ) ;
#5731 = EDGE_LOOP ( 'NONE', ( #561, #4617, #4106, #3155 ) ) ;
#5732 = LINE ( 'NONE', #3531, #2397 ) ;
#5733 = ADVANCED_FACE ( 'NONE', ( #5640 ), #2141, .F. ) ;
#5734 = VERTEX_POINT ( 'NONE', #5668 ) ;
#5735 = DIRECTION ( 'NONE',  ( 1.000000000000000000, 0.000000000000000000, 0.000000000000000000 ) ) ;
#5736 = FACE_OUTER_BOUND ( 'NONE', #1554, .T. ) ;
#5737 = CARTESIAN_POINT ( 'NONE',  ( 1.724999999999995648, 1.939999999999999947, 4.049999999999997158 ) ) ;
#5738 = PLANE ( 'NONE',  #3751 ) ;
#5739 = VECTOR ( 'NONE', #2136, 1000.000000000000000 ) ;
#5740 = EDGE_CURVE ( 'NONE', #1487, #3632, #3436, .T. ) ;
#5741 = VECTOR ( 'NONE', #1437, 1000.000000000000000 ) ;
#5742 = ORIENTED_EDGE ( 'NONE', *, *, #1966, .F. ) ;
#5743 = CARTESIAN_POINT ( 'NONE',  ( 0.1499999999999999667, 0.000000000000000000, -0.2999999999999999334 ) ) ;
#5744 = FACE_OUTER_BOUND ( 'NONE', #58, .T. ) ;
#5745 = LINE ( 'NONE', #4064, #4663 ) ;
#5746 = PRESENTATION_LAYER_ASSIGNMENT (  '', '', ( #1644 ) ) ;
#5747 = CARTESIAN_POINT ( 'NONE',  ( -11.27290224021418652, 0.6700000000000325695, 0.1500001760186178146 ) ) ;
#5748 = ORIENTED_EDGE ( 'NONE', *, *, #837, .T. ) ;
#5749 = AXIS2_PLACEMENT_3D ( 'NONE', #3053, #2607, #3960 ) ;
#5750 = FILL_AREA_STYLE_COLOUR ( '', #3532 ) ;
#5751 = NEXT_ASSEMBLY_USAGE_OCCURRENCE ( 'NAUO1', ' ', ' ', #2028, #2990, $ ) ;
#5752 = NEXT_ASSEMBLY_USAGE_OCCURRENCE ( 'NAUO2', ' ', ' ', #2028, #2209, $ ) ;
#5753 = NEXT_ASSEMBLY_USAGE_OCCURRENCE ( 'NAUO3', ' ', ' ', #2028, #3059, $ ) ;
#5754 = NEXT_ASSEMBLY_USAGE_OCCURRENCE ( 'NAUO4', ' ', ' ', #2028, #4278, $ ) ;
ENDSEC;
END-ISO-10303-21;
