ISO-10303-21;
HEADER;
FILE_DESCRIPTION (( 'STEP AP214' ),
    '1' );
FILE_NAME ('8_88MW300_MODULE.STEP',
    '2020-03-30T06:28:48',
    ( '' ),
    ( '' ),
    'SwSTEP 2.0',
    'SolidWorks 2015',
    '' );
FILE_SCHEMA (( 'AUTOMOTIVE_DESIGN' ));
ENDSEC;

DATA;
#1 = VECTOR ( 'NONE', #4454, 1000.000000000000000 ) ;
#2 = CARTESIAN_POINT ( 'NONE',  ( -1.899840000000027700, 0.9499999999999998400, 0.0000000000000000000 ) ) ;
#3 = LINE ( 'NONE', #1817, #303 ) ;
#4 =( GEOMETRIC_REPRESENTATION_CONTEXT ( 3 ) GLOBAL_UNCERTAINTY_ASSIGNED_CONTEXT ( ( #3704 ) ) GLOBAL_UNIT_ASSIGNED_CONTEXT ( ( #4878, #5323, #2777 ) ) REPRESENTATION_CONTEXT ( 'NONE', 'WORKASPACE' ) );
#5 = VECTOR ( 'NONE', #3796, 1000.000000000000000 ) ;
#6 = FACE_OUTER_BOUND ( 'NONE', #325, .T. ) ;
#7 = CARTESIAN_POINT ( 'NONE',  ( -8.249999999999978700, 0.8500000200199266900, 6.199999910120135700 ) ) ;
#8 = FACE_OUTER_BOUND ( 'NONE', #5153, .T. ) ;
#9 = LINE ( 'NONE', #111, #18 ) ;
#10 = CARTESIAN_POINT ( 'NONE',  ( 7.850000000000023600, 1.450000000000000000, 6.049999999999999800 ) ) ;
#11 = EDGE_CURVE ( 'NONE', #4306, #5370, #1945, .T. ) ;
#12 =( NAMED_UNIT ( * ) SI_UNIT ( $, .STERADIAN. ) SOLID_ANGLE_UNIT ( ) );
#13 = ORIENTED_EDGE ( 'NONE', *, *, #954, .F. ) ;
#14 = DIRECTION ( 'NONE',  ( 1.000000000000000000, 0.0000000000000000000, 0.0000000000000000000 ) ) ;
#15 = CARTESIAN_POINT ( 'NONE',  ( 7.850000000000023600, 1.249999999999999800, -1.850000000000018300 ) ) ;
#16 =( NAMED_UNIT ( * ) PLANE_ANGLE_UNIT ( ) SI_UNIT ( $, .RADIAN. ) );
#17 = EDGE_CURVE ( 'NONE', #3869, #4104, #4948, .T. ) ;
#18 = VECTOR ( 'NONE', #3963, 1000.000000000000000 ) ;
#19 =( LENGTH_UNIT ( ) NAMED_UNIT ( * ) SI_UNIT ( .MILLI., .METRE. ) );
#20 = AXIS2_PLACEMENT_3D ( 'NONE', #3971, #3146, #3120 ) ;
#21 = VERTEX_POINT ( 'NONE', #4479 ) ;
#22 = ADVANCED_FACE ( 'NONE', ( #4766 ), #398, .F. ) ;
#23 = DIRECTION ( 'NONE',  ( 1.000000000000000000, 0.0000000000000000000, 0.0000000000000000000 ) ) ;
#24 = LINE ( 'NONE', #3359, #1 ) ;
#25 = VECTOR ( 'NONE', #716, 1000.000000000000000 ) ;
#26 = ORIENTED_EDGE ( 'NONE', *, *, #1717, .T. ) ;
#27 = ORIENTED_EDGE ( 'NONE', *, *, #3781, .F. ) ;
#28 =( LENGTH_UNIT ( ) NAMED_UNIT ( * ) SI_UNIT ( .MILLI., .METRE. ) );
#29 = ORIENTED_EDGE ( 'NONE', *, *, #2365, .T. ) ;
#30 = DIRECTION ( 'NONE',  ( 0.0000000000000000000, 0.0000000000000000000, 1.000000000000000000 ) ) ;
#31 = LINE ( 'NONE', #817, #1105 ) ;
#32 = VERTEX_POINT ( 'NONE', #5078 ) ;
#33 = ORIENTED_EDGE ( 'NONE', *, *, #55, .F. ) ;
#34 = PRODUCT_DEFINITION_SHAPE ( 'NONE', 'NONE',  #5417 ) ;
#35 = ORIENTED_EDGE ( 'NONE', *, *, #2978, .T. ) ;
#36 =( GEOMETRIC_REPRESENTATION_CONTEXT ( 3 ) GLOBAL_UNCERTAINTY_ASSIGNED_CONTEXT ( ( #5413 ) ) GLOBAL_UNIT_ASSIGNED_CONTEXT ( ( #911, #906, #886 ) ) REPRESENTATION_CONTEXT ( 'NONE', 'WORKASPACE' ) );
#37 = CARTESIAN_POINT ( 'NONE',  ( -0.2499999999999999400, 0.0000000000000000000, 0.2500000000000000000 ) ) ;
#38 = ADVANCED_FACE ( 'NONE', ( #3688 ), #576, .T. ) ;
#39 = SHAPE_REPRESENTATION_RELATIONSHIP ( 'NONE' , 'NONE' ,  #2665, #2797 ) ;
#40 = PLANE ( 'NONE',  #5111 ) ;
#41 = CARTESIAN_POINT ( 'NONE',  ( 0.2500000000000000600, 0.0000000000000000000, -0.2500000000000000600 ) ) ;
#42 = EDGE_LOOP ( 'NONE', ( #4630, #4863, #3493, #339 ) ) ;
#43 = CARTESIAN_POINT ( 'NONE',  ( -10.70000400000000000, 0.8000000000000000400, 7.000112999999995400 ) ) ;
#44 = ADVANCED_FACE ( 'NONE', ( #3635 ), #3460, .T. ) ;
#45 = CARTESIAN_POINT ( 'NONE',  ( 0.0000000000000000000, 0.0000000000000000000, 0.0000000000000000000 ) ) ;
#46 = ORIENTED_EDGE ( 'NONE', *, *, #394, .F. ) ;
#47 = DIRECTION ( 'NONE',  ( 0.0000000000000000000, 0.0000000000000000000, -1.000000000000000000 ) ) ;
#48 = EDGE_LOOP ( 'NONE', ( #1417, #621, #3882, #1409 ) ) ;
#49 = ORIENTED_EDGE ( 'NONE', *, *, #4928, .T. ) ;
#50 = DIRECTION ( 'NONE',  ( 1.000000000000000000, 0.0000000000000000000, 0.0000000000000000000 ) ) ;
#51 = CARTESIAN_POINT ( 'NONE',  ( 2.350000000000018700, 0.2999999999999877800, 6.450000000000011700 ) ) ;
#52 = EDGE_CURVE ( 'NONE', #3299, #4306, #3810, .T. ) ;
#53 = CARTESIAN_POINT ( 'NONE',  ( 0.5000000000000000000, 0.2999999999999999900, -0.2500000000000000600 ) ) ;
#54 = ORIENTED_EDGE ( 'NONE', *, *, #1717, .F. ) ;
#55 = EDGE_CURVE ( 'NONE', #1787, #1257, #3514, .T. ) ;
#56 = PLANE ( 'NONE',  #3908 ) ;
#57 = DIRECTION ( 'NONE',  ( 0.0000000000000000000, 0.0000000000000000000, 1.000000000000000000 ) ) ;
#58 = ORIENTED_EDGE ( 'NONE', *, *, #4664, .T. ) ;
#59 = DIRECTION ( 'NONE',  ( 6.123233995736766000E-017, 1.000000000000000000, -3.652049423109043600E-015 ) ) ;
#60 = DIRECTION ( 'NONE',  ( -1.000000000000000000, 0.0000000000000000000, 0.0000000000000000000 ) ) ;
#61 = DIRECTION ( 'NONE',  ( -1.000000000000000000, 0.0000000000000000000, 0.0000000000000000000 ) ) ;
#62 = VECTOR ( 'NONE', #4747, 1000.000000000000000 ) ;
#63 = ORIENTED_EDGE ( 'NONE', *, *, #4916, .T. ) ;
#64 = CARTESIAN_POINT ( 'NONE',  ( 16.96596284229220300, 1.450000020019872800, -6.050000033366455200 ) ) ;
#65 = FACE_OUTER_BOUND ( 'NONE', #3754, .T. ) ;
#66 = ORIENTED_EDGE ( 'NONE', *, *, #4562, .T. ) ;
#67 = VECTOR ( 'NONE', #5229, 1000.000000000000000 ) ;
#68 = CARTESIAN_POINT ( 'NONE',  ( -10.70000400000000000, 0.8000000000000000400, -7.000112999999995400 ) ) ;
#69 = ORIENTED_EDGE ( 'NONE', *, *, #5321, .T. ) ;
#70 = STYLED_ITEM ( 'NONE', ( #379 ), #2250 ) ;
#71 = CARTESIAN_POINT ( 'NONE',  ( -0.2500000000000000600, 0.2999999999999999900, -0.2500000000000000000 ) ) ;
#72 = VERTEX_POINT ( 'NONE', #5272 ) ;
#73 = FACE_OUTER_BOUND ( 'NONE', #3368, .T. ) ;
#74 = LINE ( 'NONE', #3358, #67 ) ;
#75 = ORIENTED_EDGE ( 'NONE', *, *, #4955, .F. ) ;
#76 = DIRECTION ( 'NONE',  ( -0.0000000000000000000, -1.000000000000000000, -0.0000000000000000000 ) ) ;
#77 = EDGE_CURVE ( 'NONE', #2839, #2184, #3273, .T. ) ;
#78 = SURFACE_STYLE_USAGE ( .BOTH. , #84 ) ;
#79 = ORIENTED_EDGE ( 'NONE', *, *, #3296, .F. ) ;
#80 = PLANE ( 'NONE',  #3758 ) ;
#81 = LINE ( 'NONE', #2982, #1392 ) ;
#82 = COLOUR_RGB ( '',0.0000000000000000000, 1.000000000000000000, 0.0000000000000000000 ) ;
#83 = ORIENTED_EDGE ( 'NONE', *, *, #1551, .T. ) ;
#84 = SURFACE_SIDE_STYLE ('',( #4073 ) ) ;
#85 = EDGE_CURVE ( 'NONE', #1742, #4714, #5249, .T. ) ;
#86 = CARTESIAN_POINT ( 'NONE',  ( 0.2500000000000000600, 0.0000000000000000000, 0.2500000000000000600 ) ) ;
#87 = VECTOR ( 'NONE', #1381, 1000.000000000000000 ) ;
#88 = VECTOR ( 'NONE', #1427, 1000.000000000000000 ) ;
#89 = AXIS2_PLACEMENT_3D ( 'NONE', #1768, #4153, #3055 ) ;
#90 = CARTESIAN_POINT ( 'NONE',  ( -0.2500000000000000600, 0.0000000000000000000, -0.2500000000000000000 ) ) ;
#91 = ORIENTED_EDGE ( 'NONE', *, *, #4391, .F. ) ;
#92 = VERTEX_POINT ( 'NONE', #5035 ) ;
#93 = FILL_AREA_STYLE ('',( #450 ) ) ;
#94 = DIRECTION ( 'NONE',  ( -1.000000000000000000, -0.0000000000000000000, 1.084202172485504400E-016 ) ) ;
#95 = CARTESIAN_POINT ( 'NONE',  ( -8.380715139640129200, 1.239999999999998000, 6.049999999999960700 ) ) ;
#96 = SURFACE_STYLE_FILL_AREA ( #4409 ) ;
#97 = LINE ( 'NONE', #659, #129 ) ;
#98 = ORIENTED_EDGE ( 'NONE', *, *, #4005, .T. ) ;
#99 = PLANE ( 'NONE',  #5358 ) ;
#100 = VECTOR ( 'NONE', #4267, 1000.000000000000000 ) ;
#101 = B_SPLINE_CURVE_WITH_KNOTS ( 'NONE', 3,
 ( #4026, #4978, #5157, #4912 ),
 .UNSPECIFIED., .F., .F.,
 ( 4, 4 ),
 ( 0.0000000000000000000, 1.000000000000000000 ),
 .UNSPECIFIED. ) ;
#102 = VERTEX_POINT ( 'NONE', #5371 ) ;
#103 = VERTEX_POINT ( 'NONE', #4491 ) ;
#104 =( NAMED_UNIT ( * ) SI_UNIT ( $, .STERADIAN. ) SOLID_ANGLE_UNIT ( ) );
#105 =( NAMED_UNIT ( * ) PLANE_ANGLE_UNIT ( ) SI_UNIT ( $, .RADIAN. ) );
#106 = EDGE_LOOP ( 'NONE', ( #1643, #3364, #3136, #2495 ) ) ;
#107 = CARTESIAN_POINT ( 'NONE',  ( -7.850000000000023600, 1.450000000000000000, 6.049999999999999800 ) ) ;
#108 = PRESENTATION_STYLE_ASSIGNMENT (( #4573 ) ) ;
#109 = DIRECTION ( 'NONE',  ( -1.000000000000000000, 0.0000000000000000000, -0.0000000000000000000 ) ) ;
#110 = PLANE ( 'NONE',  #1365 ) ;
#111 = CARTESIAN_POINT ( 'NONE',  ( -8.249999999999978700, 1.249999999999999800, 6.049999999999999800 ) ) ;
#112 = DIRECTION ( 'NONE',  ( -0.0000000000000000000, -1.000000000000000000, -0.0000000000000000000 ) ) ;
#113 = LINE ( 'NONE', #3619, #138 ) ;
#114 = EDGE_CURVE ( 'NONE', #3566, #5384, #2209, .T. ) ;
#115 = ORIENTED_EDGE ( 'NONE', *, *, #5327, .T. ) ;
#116 = FACE_OUTER_BOUND ( 'NONE', #4815, .T. ) ;
#117 = EDGE_LOOP ( 'NONE', ( #2660, #2685, #2454, #66 ) ) ;
#118 = DIRECTION ( 'NONE',  ( 0.0000000000000000000, 0.0000000000000000000, 1.000000000000000000 ) ) ;
#119 = VECTOR ( 'NONE', #3950, 1000.000000000000000 ) ;
#120 = EDGE_CURVE ( 'NONE', #3163, #3439, #891, .T. ) ;
#121 = ORIENTED_EDGE ( 'NONE', *, *, #2632, .T. ) ;
#122 = AXIS2_PLACEMENT_3D ( 'NONE', #64, #3668, #745 ) ;
#123 = LINE ( 'NONE', #3562, #88 ) ;
#124 = VERTEX_POINT ( 'NONE', #4682 ) ;
#125 = DIRECTION ( 'NONE',  ( -1.000000000000000000, 0.0000000000000000000, -0.0000000000000000000 ) ) ;
#126 = LINE ( 'NONE', #2866, #100 ) ;
#127 = ORIENTED_EDGE ( 'NONE', *, *, #2708, .T. ) ;
#128 =( NAMED_UNIT ( * ) SI_UNIT ( $, .STERADIAN. ) SOLID_ANGLE_UNIT ( ) );
#129 = VECTOR ( 'NONE', #2710, 1000.000000000000000 ) ;
#130 = VECTOR ( 'NONE', #3291, 1000.000000000000000 ) ;
#131 = AXIS2_PLACEMENT_3D ( 'NONE', #3669, #2908, #5338 ) ;
#132 = DIRECTION ( 'NONE',  ( 1.000000000000000000, 0.0000000000000000000, 0.0000000000000000000 ) ) ;
#133 = AXIS2_PLACEMENT_3D ( 'NONE', #3275, #4961, #2741 ) ;
#134 = DIRECTION ( 'NONE',  ( 0.0000000000000000000, -1.000000000000000000, -7.228014483236155200E-016 ) ) ;
#135 = CARTESIAN_POINT ( 'NONE',  ( -5.850000000000021800, 0.2999999999999886600, -25.84595613157522500 ) ) ;
#136 = LINE ( 'NONE', #2957, #130 ) ;
#137 = CARTESIAN_POINT ( 'NONE',  ( -0.2499999999999999400, 0.5000000000000000000, -0.2500000000000000000 ) ) ;
#138 = VECTOR ( 'NONE', #2863, 1000.000000000000000 ) ;
#139 = EDGE_CURVE ( 'NONE', #4980, #812, #2984, .T. ) ;
#140 = DIRECTION ( 'NONE',  ( -1.000000000000000000, -0.0000000000000000000, -0.0000000000000000000 ) ) ;
#141 = DIRECTION ( 'NONE',  ( -0.0000000000000000000, 0.0000000000000000000, 1.000000000000000000 ) ) ;
#142 = ADVANCED_FACE ( 'NONE', ( #2912 ), #1569, .T. ) ;
#143 = LINE ( 'NONE', #4213, #119 ) ;
#144 =( NAMED_UNIT ( * ) SI_UNIT ( $, .STERADIAN. ) SOLID_ANGLE_UNIT ( ) );
#145 = ORIENTED_EDGE ( 'NONE', *, *, #2255, .T. ) ;
#146 =( NAMED_UNIT ( * ) PLANE_ANGLE_UNIT ( ) SI_UNIT ( $, .RADIAN. ) );
#147 = CARTESIAN_POINT ( 'NONE',  ( -0.2500000000000000600, 1.059016994374947200, -0.2500000000000000000 ) ) ;
#148 = COLOUR_RGB ( '',0.7921568627450980000, 0.8196078431372548800, 0.9333333333333333500 ) ;
#149 = VECTOR ( 'NONE', #3834, 1000.000000000000000 ) ;
#150 =( LENGTH_UNIT ( ) NAMED_UNIT ( * ) SI_UNIT ( .MILLI., .METRE. ) );
#151 = VERTEX_POINT ( 'NONE', #1662 ) ;
#152 = ORIENTED_EDGE ( 'NONE', *, *, #2985, .F. ) ;
#153 = ORIENTED_EDGE ( 'NONE', *, *, #2253, .T. ) ;
#154 = VERTEX_POINT ( 'NONE', #3180 ) ;
#155 = CARTESIAN_POINT ( 'NONE',  ( 8.250000000000035500, 0.8500000000000087500, 6.049999999999960700 ) ) ;
#156 = EDGE_CURVE ( 'NONE', #3344, #3727, #2516, .T. ) ;
#157 = VECTOR ( 'NONE', #4309, 1000.000000000000000 ) ;
#158 = SURFACE_STYLE_USAGE ( .BOTH. , #169 ) ;
#159 = DIRECTION ( 'NONE',  ( 0.0000000000000000000, -1.000000000000000000, 0.0000000000000000000 ) ) ;
#160 = EDGE_LOOP ( 'NONE', ( #1124, #1340, #2089, #1766 ) ) ;
#161 = ORIENTED_EDGE ( 'NONE', *, *, #5059, .F. ) ;
#162 = DIRECTION ( 'NONE',  ( -1.000000000000000000, 0.0000000000000000000, 0.0000000000000000000 ) ) ;
#163 = CARTESIAN_POINT ( 'NONE',  ( 0.5000000000000000000, 0.3499999999999999200, -0.2500000000000000000 ) ) ;
#164 = LINE ( 'NONE', #7, #157 ) ;
#165 = CYLINDRICAL_SURFACE ( 'NONE', #1443, 0.009999999999999592500 ) ;
#166 = ORIENTED_EDGE ( 'NONE', *, *, #4244, .F. ) ;
#167 = ORIENTED_EDGE ( 'NONE', *, *, #2130, .F. ) ;
#168 = AXIS2_PLACEMENT_3D ( 'NONE', #1401, #1369, #1360 ) ;
#169 = SURFACE_SIDE_STYLE ('',( #4171 ) ) ;
#170 = MECHANICAL_DESIGN_GEOMETRIC_PRESENTATION_REPRESENTATION (  '', ( #816 ), #5296 ) ;
#171 = CARTESIAN_POINT ( 'NONE',  ( -0.5000000000000000000, 0.3499999999999999200, -0.2500000000000000000 ) ) ;
#172 = VECTOR ( 'NONE', #3324, 1000.000000000000000 ) ;
#173 = SHAPE_DEFINITION_REPRESENTATION ( #2441, #3847 ) ;
#174 = CARTESIAN_POINT ( 'NONE',  ( 8.050000000000036200, 0.3000000000000675500, 2.424999999999970500 ) ) ;
#175 = DIRECTION ( 'NONE',  ( -0.0000000000000000000, 1.000000000000000000, -0.0000000000000000000 ) ) ;
#176 = EDGE_CURVE ( 'NONE', #5263, #3049, #1741, .T. ) ;
#177 = EDGE_CURVE ( 'NONE', #766, #1641, #1492, .T. ) ;
#178 = ORIENTED_EDGE ( 'NONE', *, *, #2555, .F. ) ;
#179 = LINE ( 'NONE', #4668, #149 ) ;
#180 = ORIENTED_EDGE ( 'NONE', *, *, #3211, .T. ) ;
#181 =( NAMED_UNIT ( * ) SI_UNIT ( $, .STERADIAN. ) SOLID_ANGLE_UNIT ( ) );
#182 = CARTESIAN_POINT ( 'NONE',  ( -5.850000000000021800, 0.2999999999999877800, 6.250000000000010700 ) ) ;
#183 = DIRECTION ( 'NONE',  ( -6.123233995736766000E-017, -1.000000000000000000, 3.652049423109043600E-015 ) ) ;
#184 = ORIENTED_EDGE ( 'NONE', *, *, #2098, .T. ) ;
#185 = VERTEX_POINT ( 'NONE', #4743 ) ;
#186 = FACE_OUTER_BOUND ( 'NONE', #3011, .T. ) ;
#187 = ORIENTED_EDGE ( 'NONE', *, *, #1782, .F. ) ;
#188 = CARTESIAN_POINT ( 'NONE',  ( -8.149617198340267900, 1.427367649758059400, 6.049999970040051500 ) ) ;
#189 = FILL_AREA_STYLE ('',( #213 ) ) ;
#190 = AXIS2_PLACEMENT_3D ( 'NONE', #1568, #132, #2284 ) ;
#191 = SURFACE_STYLE_USAGE ( .BOTH. , #194 ) ;
#192 = CARTESIAN_POINT ( 'NONE',  ( 2.350000000000018700, 0.2999999999999886600, -25.84595613157522500 ) ) ;
#193 = VECTOR ( 'NONE', #1965, 1000.000000000000000 ) ;
#194 = SURFACE_SIDE_STYLE ('',( #3892 ) ) ;
#195 = DIRECTION ( 'NONE',  ( -0.0000000000000000000, -0.0000000000000000000, -1.000000000000000000 ) ) ;
#196 = EDGE_CURVE ( 'NONE', #3840, #312, #1396, .T. ) ;
#197 = VECTOR ( 'NONE', #3718, 1000.000000000000000 ) ;
#198 = LINE ( 'NONE', #3797, #172 ) ;
#199 = APPLICATION_CONTEXT ( 'automotive_design' ) ;
#200 = ORIENTED_EDGE ( 'NONE', *, *, #4256, .F. ) ;
#201 = ADVANCED_FACE ( 'NONE', ( #1730 ), #1325, .T. ) ;
#202 = FILL_AREA_STYLE ('',( #831 ) ) ;
#203 = ORIENTED_EDGE ( 'NONE', *, *, #5038, .T. ) ;
#204 = CARTESIAN_POINT ( 'NONE',  ( 0.5000000000000000000, 0.2999999999999999900, -0.2500000000000000600 ) ) ;
#205 = VECTOR ( 'NONE', #3612, 1000.000000000000000 ) ;
#206 = DIRECTION ( 'NONE',  ( 0.0000000000000000000, -3.652049423109043600E-015, -1.000000000000000000 ) ) ;
#207 = CONTEXT_DEPENDENT_SHAPE_REPRESENTATION ( #2757, #4155 ) ;
#208 = EDGE_CURVE ( 'NONE', #1414, #4312, #1341, .T. ) ;
#209 = CARTESIAN_POINT ( 'NONE',  ( -8.249999999999978700, -1.976897152922152400E-007, -3.850000033366470600 ) ) ;
#210 = PRODUCT_DEFINITION_CONTEXT ( 'detailed design', #2194, 'design' ) ;
#211 = CARTESIAN_POINT ( 'NONE',  ( -8.249999999999978700, 1.239999999999999800, -6.050000033366454300 ) ) ;
#212 = LINE ( 'NONE', #4193, #193 ) ;
#213 = FILL_AREA_STYLE_COLOUR ( '', #1081 ) ;
#214 = DIRECTION ( 'NONE',  ( 1.000000000000000000, -3.512786770612546000E-016, -0.0000000000000000000 ) ) ;
#215 = ORIENTED_EDGE ( 'NONE', *, *, #2679, .F. ) ;
#216 = ITEM_DEFINED_TRANSFORMATION ( 'NONE', 'NONE', #4635,  #2338 ) ;
#217 = FACE_OUTER_BOUND ( 'NONE', #4524, .T. ) ;
#218 =( LENGTH_UNIT ( ) NAMED_UNIT ( * ) SI_UNIT ( .MILLI., .METRE. ) );
#219 = EDGE_CURVE ( 'NONE', #4340, #4174, #1435, .T. ) ;
#220 = CARTESIAN_POINT ( 'NONE',  ( -8.094977871437800200, 1.449999999999998800, -6.050000005561075900 ) ) ;
#221 = CARTESIAN_POINT ( 'NONE',  ( -0.2500000000000000000, 0.2999999999999999900, 0.2500000000000000000 ) ) ;
#222 = STYLED_ITEM ( 'NONE', ( #347 ), #3312 ) ;
#223 = DIRECTION ( 'NONE',  ( 2.168404344971009600E-016, 0.0000000000000000000, -1.000000000000000000 ) ) ;
#224 = CARTESIAN_POINT ( 'NONE',  ( 0.2500000000000000600, 0.5000000000000000000, -0.2500000000000000600 ) ) ;
#225 = ORIENTED_EDGE ( 'NONE', *, *, #2780, .T. ) ;
#226 = VECTOR ( 'NONE', #1487, 1000.000000000000000 ) ;
#227 = FACE_OUTER_BOUND ( 'NONE', #2809, .T. ) ;
#228 = ORIENTED_EDGE ( 'NONE', *, *, #4145, .T. ) ;
#229 = CARTESIAN_POINT ( 'NONE',  ( -0.5000000000000000000, 0.0000000000000000000, -0.2499999999999999400 ) ) ;
#230 = PLANE ( 'NONE',  #3636 ) ;
#231 = EDGE_CURVE ( 'NONE', #652, #2768, #1280, .T. ) ;
#232 = CIRCLE ( 'NONE', #3141, 0.2100000000000001300 ) ;
#233 = ORIENTED_EDGE ( 'NONE', *, *, #4963, .T. ) ;
#234 = CARTESIAN_POINT ( 'NONE',  ( 8.000000000000007100, 0.2999999999999886600, 25.84595613157528100 ) ) ;
#235 =( NAMED_UNIT ( * ) SI_UNIT ( $, .STERADIAN. ) SOLID_ANGLE_UNIT ( ) );
#236 =( NAMED_UNIT ( * ) PLANE_ANGLE_UNIT ( ) SI_UNIT ( $, .RADIAN. ) );
#237 = LINE ( 'NONE', #3789, #197 ) ;
#238 = CARTESIAN_POINT ( 'NONE',  ( -0.2500000000000000600, 0.5000000000000000000, -0.2500000000000000000 ) ) ;
#239 = ORIENTED_EDGE ( 'NONE', *, *, #5199, .T. ) ;
#240 = EDGE_CURVE ( 'NONE', #92, #4362, #1129, .T. ) ;
#241 = VERTEX_POINT ( 'NONE', #311 ) ;
#242 = ORIENTED_EDGE ( 'NONE', *, *, #5187, .F. ) ;
#243 =( LENGTH_UNIT ( ) NAMED_UNIT ( * ) SI_UNIT ( .MILLI., .METRE. ) );
#244 = DIRECTION ( 'NONE',  ( 0.0000000000000000000, -1.000000000000000000, 3.469446951953611000E-015 ) ) ;
#245 = PLANE ( 'NONE',  #4973 ) ;
#246 = LINE ( 'NONE', #3979, #205 ) ;
#247 = LINE ( 'NONE', #275, #226 ) ;
#248 = ORIENTED_EDGE ( 'NONE', *, *, #2716, .F. ) ;
#249 = UNCERTAINTY_MEASURE_WITH_UNIT (LENGTH_MEASURE( 1.000000000000000100E-005 ), #4809, 'distance_accuracy_value', 'NONE');
#250 = EDGE_CURVE ( 'NONE', #3904, #558, #1359, .T. ) ;
#251 = DIRECTION ( 'NONE',  ( -1.000000000000000000, 0.0000000000000000000, 2.359312973939148500E-013 ) ) ;
#252 =( NAMED_UNIT ( * ) SI_UNIT ( $, .STERADIAN. ) SOLID_ANGLE_UNIT ( ) );
#253 = PRESENTATION_LAYER_ASSIGNMENT (  '', '', ( #3326 ) ) ;
#254 = ORIENTED_EDGE ( 'NONE', *, *, #2860, .F. ) ;
#255 = VECTOR ( 'NONE', #2674, 1000.000000000000000 ) ;
#256 = DIRECTION ( 'NONE',  ( -1.000000000000000000, 0.0000000000000000000, 0.0000000000000000000 ) ) ;
#257 = ORIENTED_EDGE ( 'NONE', *, *, #3667, .F. ) ;
#258 = DIRECTION ( 'NONE',  ( 1.000000000000000000, 0.0000000000000000000, -0.0000000000000000000 ) ) ;
#259 = FACE_OUTER_BOUND ( 'NONE', #4497, .T. ) ;
#260 = DIRECTION ( 'NONE',  ( 0.0000000000000000000, 0.0000000000000000000, 1.000000000000000000 ) ) ;
#261 =( NAMED_UNIT ( * ) PLANE_ANGLE_UNIT ( ) SI_UNIT ( $, .RADIAN. ) );
#262 = SURFACE_SIDE_STYLE ('',( #5033 ) ) ;
#263 = ORIENTED_EDGE ( 'NONE', *, *, #2708, .F. ) ;
#264 = DIRECTION ( 'NONE',  ( 0.0000000000000000000, 1.239088197126308800E-016, -1.000000000000000000 ) ) ;
#265 =( LENGTH_UNIT ( ) NAMED_UNIT ( * ) SI_UNIT ( .MILLI., .METRE. ) );
#266 = CARTESIAN_POINT ( 'NONE',  ( -10.70000400000000000, 0.8000000000000000400, 7.000112999999995400 ) ) ;
#267 = CARTESIAN_POINT ( 'NONE',  ( -7.850000000000023600, 1.249999999999999300, 6.450000000000011700 ) ) ;
#268 =( LENGTH_UNIT ( ) NAMED_UNIT ( * ) SI_UNIT ( .MILLI., .METRE. ) );
#269 = VECTOR ( 'NONE', #3760, 1000.000000000000000 ) ;
#270 = ORIENTED_EDGE ( 'NONE', *, *, #1019, .T. ) ;
#271 = ORIENTED_EDGE ( 'NONE', *, *, #2743, .T. ) ;
#272 = MECHANICAL_DESIGN_GEOMETRIC_PRESENTATION_REPRESENTATION (  '', ( #4696 ), #5382 ) ;
#273 = ADVANCED_FACE ( 'NONE', ( #6 ), #2218, .T. ) ;
#274 =( LENGTH_UNIT ( ) NAMED_UNIT ( * ) SI_UNIT ( .MILLI., .METRE. ) );
#275 = CARTESIAN_POINT ( 'NONE',  ( 0.2500000000000000600, 0.5000000000000000000, -0.2500000000000000600 ) ) ;
#276 = LINE ( 'NONE', #3559, #269 ) ;
#277 = CARTESIAN_POINT ( 'NONE',  ( 16.96596284229220300, 0.03000002925982944700, 1.749999910120184400 ) ) ;
#278 = DIRECTION ( 'NONE',  ( -1.000000000000000000, 0.0000000000000000000, 2.168404344971009400E-016 ) ) ;
#279 = FACE_OUTER_BOUND ( 'NONE', #2693, .T. ) ;
#280 = LINE ( 'NONE', #4443, #255 ) ;
#281 = EDGE_LOOP ( 'NONE', ( #1940, #3584, #4122, #2531 ) ) ;
#282 = SURFACE_STYLE_USAGE ( .BOTH. , #286 ) ;
#283 = DIRECTION ( 'NONE',  ( -1.000000000000000000, 0.0000000000000000000, 0.0000000000000000000 ) ) ;
#284 = CARTESIAN_POINT ( 'NONE',  ( 10.70000400000000000, 0.8000000000000000400, 7.000112999999995400 ) ) ;
#285 = VERTEX_POINT ( 'NONE', #2805 ) ;
#286 = SURFACE_SIDE_STYLE ('',( #4748 ) ) ;
#287 = DIRECTION ( 'NONE',  ( 0.0000000000000000000, 0.0000000000000000000, -1.000000000000000000 ) ) ;
#288 = ORIENTED_EDGE ( 'NONE', *, *, #2415, .T. ) ;
#289 = EDGE_CURVE ( 'NONE', #2234, #2168, #1503, .T. ) ;
#290 = FACE_OUTER_BOUND ( 'NONE', #2174, .T. ) ;
#291 = FILL_AREA_STYLE ('',( #298 ) ) ;
#292 = DIRECTION ( 'NONE',  ( -0.0000000000000000000, -0.0000000000000000000, -1.000000000000000000 ) ) ;
#293 = DIRECTION ( 'NONE',  ( -6.322689143633097200E-033, 1.032573497605219700E-016, -1.000000000000000000 ) ) ;
#294 = EDGE_CURVE ( 'NONE', #2585, #626, #5368, .T. ) ;
#295 = EDGE_LOOP ( 'NONE', ( #1746, #49, #4188, #4972 ) ) ;
#296 = ORIENTED_EDGE ( 'NONE', *, *, #1846, .F. ) ;
#297 = CIRCLE ( 'NONE', #4965, 0.2099999999999992400 ) ;
#298 = FILL_AREA_STYLE_COLOUR ( '', #2403 ) ;
#299 = ORIENTED_EDGE ( 'NONE', *, *, #2501, .T. ) ;
#300 = ORIENTED_EDGE ( 'NONE', *, *, #289, .F. ) ;
#301 = VERTEX_POINT ( 'NONE', #3078 ) ;
#302 = ORIENTED_EDGE ( 'NONE', *, *, #3185, .T. ) ;
#303 = VECTOR ( 'NONE', #4542, 1000.000000000000000 ) ;
#304 = PRESENTATION_STYLE_ASSIGNMENT (( #2629 ) ) ;
#305 = CARTESIAN_POINT ( 'NONE',  ( 0.2500000000000001100, 1.059016994374947200, 0.2499999999999999400 ) ) ;
#306 = FILL_AREA_STYLE ('',( #3080 ) ) ;
#307 =( NAMED_UNIT ( * ) PLANE_ANGLE_UNIT ( ) SI_UNIT ( $, .RADIAN. ) );
#308 = DIRECTION ( 'NONE',  ( 0.0000000000000000000, -0.0000000000000000000, 1.000000000000000000 ) ) ;
#309 = ORIENTED_EDGE ( 'NONE', *, *, #2904, .T. ) ;
#310 = CARTESIAN_POINT ( 'NONE',  ( 0.4700000000000000300, 0.3200000000000000100, 0.2500000000000000000 ) ) ;
#311 = CARTESIAN_POINT ( 'NONE',  ( 0.5000000000000000000, 0.5000000000000000000, 0.2500000000000000000 ) ) ;
#312 = VERTEX_POINT ( 'NONE', #4414 ) ;
#313 = ORIENTED_EDGE ( 'NONE', *, *, #2054, .T. ) ;
#314 = EDGE_LOOP ( 'NONE', ( #58, #4818, #257, #5049 ) ) ;
#315 = PLANE ( 'NONE',  #2597 ) ;
#316 = VERTEX_POINT ( 'NONE', #4057 ) ;
#317 = FACE_OUTER_BOUND ( 'NONE', #729, .T. ) ;
#318 =( NAMED_UNIT ( * ) PLANE_ANGLE_UNIT ( ) SI_UNIT ( $, .RADIAN. ) );
#319 = DIRECTION ( 'NONE',  ( -0.0000000000000000000, -1.000000000000000000, -0.0000000000000000000 ) ) ;
#320 = EDGE_CURVE ( 'NONE', #3049, #4523, #5348, .T. ) ;
#321 = DIRECTION ( 'NONE',  ( 0.0000000000000000000, -1.000000000000000000, 6.123233995736766000E-017 ) ) ;
#322 = ORIENTED_EDGE ( 'NONE', *, *, #1378, .T. ) ;
#323 = CARTESIAN_POINT ( 'NONE',  ( 8.040000000000034700, 1.249999999999999300, -1.850000000000060000 ) ) ;
#324 = DIRECTION ( 'NONE',  ( -1.000000000000000000, 0.0000000000000000000, -2.168404344971009600E-016 ) ) ;
#325 = EDGE_LOOP ( 'NONE', ( #1399, #591, #1331, #779 ) ) ;
#326 = EDGE_CURVE ( 'NONE', #1692, #2724, #5278, .T. ) ;
#327 = DIRECTION ( 'NONE',  ( 6.123233995736766000E-017, 1.000000000000000000, -4.731064025391336600E-015 ) ) ;
#328 = AXIS2_PLACEMENT_3D ( 'NONE', #3300, #4833, #2224 ) ;
#329 = DIRECTION ( 'NONE',  ( 0.0000000000000000000, 0.0000000000000000000, 1.000000000000000000 ) ) ;
#330 = FACE_OUTER_BOUND ( 'NONE', #3632, .T. ) ;
#331 = DIRECTION ( 'NONE',  ( 1.000000000000000000, 0.0000000000000000000, 0.0000000000000000000 ) ) ;
#332 = DIRECTION ( 'NONE',  ( 0.0000000000000000000, 0.0000000000000000000, 1.000000000000000000 ) ) ;
#333 = DIRECTION ( 'NONE',  ( 0.0000000000000000000, 0.0000000000000000000, 1.000000000000000000 ) ) ;
#334 = LINE ( 'NONE', #2122, #25 ) ;
#335 = AXIS2_PLACEMENT_3D ( 'NONE', #2504, #695, #699 ) ;
#336 = SURFACE_STYLE_FILL_AREA ( #483 ) ;
#337 = CARTESIAN_POINT ( 'NONE',  ( -0.2500000000000000600, 0.2999999999999999900, -0.2500000000000000000 ) ) ;
#338 = DIRECTION ( 'NONE',  ( -0.0000000000000000000, 1.000000000000000000, -0.0000000000000000000 ) ) ;
#339 = ORIENTED_EDGE ( 'NONE', *, *, #1608, .T. ) ;
#340 = ORIENTED_EDGE ( 'NONE', *, *, #4664, .F. ) ;
#341 = COLOUR_RGB ( '',0.6588235294117647000, 0.6196078431372549200, 0.5607843137254902000 ) ;
#342 = CARTESIAN_POINT ( 'NONE',  ( 8.050000000000034500, 0.3000000000000693200, 4.449999999999970000 ) ) ;
#343 = CARTESIAN_POINT ( 'NONE',  ( 7.850000000000023600, 1.249999999999999800, 6.049999999999999800 ) ) ;
#344 = VECTOR ( 'NONE', #4667, 1000.000000000000000 ) ;
#345 = CARTESIAN_POINT ( 'NONE',  ( 0.0000000000000000000, 0.0000000000000000000, 0.0000000000000000000 ) ) ;
#346 = VERTEX_POINT ( 'NONE', #1231 ) ;
#347 = PRESENTATION_STYLE_ASSIGNMENT (( #3184 ) ) ;
#348 = CARTESIAN_POINT ( 'NONE',  ( -0.2500000000000000600, 1.059016994374947200, -0.2500000000000000000 ) ) ;
#349 = LINE ( 'NONE', #3987, #356 ) ;
#350 = PLANE ( 'NONE',  #1612 ) ;
#351 = CARTESIAN_POINT ( 'NONE',  ( 2.350000000000018700, -6.938893903907228400E-015, -6.449999999999955800 ) ) ;
#352 = VECTOR ( 'NONE', #4846, 1000.000000000000000 ) ;
#353 = DIRECTION ( 'NONE',  ( 0.0000000000000000000, 1.000000000000000000, 0.0000000000000000000 ) ) ;
#354 = DIRECTION ( 'NONE',  ( 1.000000000000000000, -3.512786770612546000E-016, -0.0000000000000000000 ) ) ;
#355 = CLOSED_SHELL ( 'NONE', ( #3640, #4260, #1033, #1128, #4231, #2073, #1338, #4938, #4041, #3069, #3290, #142, #3675, #5073, #1821, #2770, #3989, #5350, #5409, #4139, #3604, #4657, #4580, #2890, #1601, #2613, #2101, #595, #3620, #3226, #948, #4373, #4559, #396, #3553, #201, #2386, #5386, #1773, #3793, #3193, #4133, #2844, #365, #2575, #5387, #2740, #1735, #3848, #2889, #5305, #1242, #5032, #1718, #4823, #2857, #3261, #1351, #883, #5046, #44, #3084, #4528, #1482, #3361, #2661, #273, #2331, #2282, #4436, #4958, #2636, #1847, #4027, #1220, #1881, #2935, #3267, #1655, #4665, #4190, #3593, #4094, #684, #1199, #535, #2735, #3649, #740, #2292, #829, #3801, #2619, #4760, #874, #5125, #1047, #1003, #3722, #38, #2782, #922, #1013, #5301, #2554, #4641, #2535, #5204, #5280, #1413 ) ) ;
#356 = VECTOR ( 'NONE', #2879, 1000.000000000000000 ) ;
#357 = EDGE_CURVE ( 'NONE', #808, #1566, #1892, .T. ) ;
#358 = VECTOR ( 'NONE', #1808, 1000.000000000000000 ) ;
#359 = EDGE_CURVE ( 'NONE', #2583, #4774, #1676, .T. ) ;
#360 = SHAPE_DEFINITION_REPRESENTATION ( #4246, #2654 ) ;
#361 = LINE ( 'NONE', #51, #352 ) ;
#362 = ORIENTED_EDGE ( 'NONE', *, *, #2751, .T. ) ;
#363 = CARTESIAN_POINT ( 'NONE',  ( -8.049999999999979400, -0.1750001930697180100, -4.850000033366442600 ) ) ;
#364 = FACE_OUTER_BOUND ( 'NONE', #2249, .T. ) ;
#365 = ADVANCED_FACE ( 'NONE', ( #1802 ), #3447, .T. ) ;
#366 = LINE ( 'NONE', #2662, #427 ) ;
#367 = EDGE_LOOP ( 'NONE', ( #5057, #1473, #2834, #1631 ) ) ;
#368 = AXIS2_PLACEMENT_3D ( 'NONE', #1889, #1861, #1042 ) ;
#369 = PRESENTATION_STYLE_ASSIGNMENT (( #3035 ) ) ;
#370 = ORIENTED_EDGE ( 'NONE', *, *, #2076, .F. ) ;
#371 =( NAMED_UNIT ( * ) SI_UNIT ( $, .STERADIAN. ) SOLID_ANGLE_UNIT ( ) );
#372 = DIRECTION ( 'NONE',  ( 0.0000000000000000000, 1.000000000000000000, 0.0000000000000000000 ) ) ;
#373 = VERTEX_POINT ( 'NONE', #4600 ) ;
#374 = FACE_OUTER_BOUND ( 'NONE', #4399, .T. ) ;
#375 = CARTESIAN_POINT ( 'NONE',  ( -3.749999999999975600, 0.2999999999999877800, 6.450000000000011700 ) ) ;
#376 = PLANE ( 'NONE',  #1240 ) ;
#377 = DIRECTION ( 'NONE',  ( -1.000000000000000000, 0.0000000000000000000, 0.0000000000000000000 ) ) ;
#378 = DIRECTION ( 'NONE',  ( 2.168404344971009100E-016, -0.0000000000000000000, 1.000000000000000000 ) ) ;
#379 = PRESENTATION_STYLE_ASSIGNMENT (( #927 ) ) ;
#380 = FACE_OUTER_BOUND ( 'NONE', #4750, .T. ) ;
#381 = ORIENTED_EDGE ( 'NONE', *, *, #1509, .F. ) ;
#382 = ORIENTED_EDGE ( 'NONE', *, *, #3929, .F. ) ;
#383 = SURFACE_STYLE_FILL_AREA ( #858 ) ;
#384 =( NAMED_UNIT ( * ) PLANE_ANGLE_UNIT ( ) SI_UNIT ( $, .RADIAN. ) );
#385 = COLOUR_RGB ( '',0.9686274509803921600, 0.8784313725490196000, 0.5999999999999999800 ) ;
#386 = LINE ( 'NONE', #4440, #405 ) ;
#387 = DIRECTION ( 'NONE',  ( 1.000000000000000000, 0.0000000000000000000, -2.168404344971009100E-016 ) ) ;
#388 = CARTESIAN_POINT ( 'NONE',  ( 7.850000000000023600, 1.249999999999999800, -1.850000000000018300 ) ) ;
#389 = EDGE_LOOP ( 'NONE', ( #4617, #2896, #3875, #2476, #3491, #5177, #3363, #907, #340, #4688, #5010, #4061, #2539, #3565, #4265, #956, #2973, #2506, #4345, #2949, #2164, #2041, #643, #4509, #4563, #2648, #3305, #1536 ) ) ;
#390 = ORIENTED_EDGE ( 'NONE', *, *, #1823, .F. ) ;
#391 = FACE_OUTER_BOUND ( 'NONE', #4287, .T. ) ;
#392 = DIRECTION ( 'NONE',  ( 1.000000000000000000, 0.0000000000000000000, 0.0000000000000000000 ) ) ;
#393 = EDGE_LOOP ( 'NONE', ( #3489, #3476, #2487, #3988 ) ) ;
#394 = EDGE_CURVE ( 'NONE', #3677, #21, #4621, .T. ) ;
#395 = FACE_OUTER_BOUND ( 'NONE', #3492, .T. ) ;
#396 = ADVANCED_FACE ( 'NONE', ( #4614 ), #3613, .T. ) ;
#397 = CARTESIAN_POINT ( 'NONE',  ( 0.5000000000000000000, -4.286263797015737200E-017, -0.2500000000000000000 ) ) ;
#398 = PLANE ( 'NONE',  #1863 ) ;
#399 = SURFACE_STYLE_FILL_AREA ( #3190 ) ;
#400 = ORIENTED_EDGE ( 'NONE', *, *, #404, .T. ) ;
#401 =( LENGTH_UNIT ( ) NAMED_UNIT ( * ) SI_UNIT ( .MILLI., .METRE. ) );
#402 = PRODUCT_DEFINITION_SHAPE ( 'NONE', 'NONE',  #5419 ) ;
#403 = PRODUCT_DEFINITION_SHAPE ( 'NONE', 'NONE',  #5415 ) ;
#404 = EDGE_CURVE ( 'NONE', #3439, #3550, #4548, .T. ) ;
#405 = VECTOR ( 'NONE', #5282, 1000.000000000000000 ) ;
#406 = AXIS2_PLACEMENT_3D ( 'NONE', #3164, #5166, #4275 ) ;
#407 = CARTESIAN_POINT ( 'NONE',  ( 0.4700000000000000300, 0.3200000000000000100, 0.2500000000000000000 ) ) ;
#408 = DIRECTION ( 'NONE',  ( 0.0000000000000000000, 3.469446951953653600E-015, 1.000000000000000000 ) ) ;
#409 = ORIENTED_EDGE ( 'NONE', *, *, #4323, .T. ) ;
#410 = DIRECTION ( 'NONE',  ( -1.000000000000000000, 0.0000000000000000000, 0.0000000000000000000 ) ) ;
#411 =( LENGTH_UNIT ( ) NAMED_UNIT ( * ) SI_UNIT ( .MILLI., .METRE. ) );
#412 = VECTOR ( 'NONE', #3682, 1000.000000000000000 ) ;
#413 = ORIENTED_EDGE ( 'NONE', *, *, #600, .T. ) ;
#414 = DIRECTION ( 'NONE',  ( 1.000000000000000000, 0.0000000000000000000, -0.0000000000000000000 ) ) ;
#415 = ORIENTED_EDGE ( 'NONE', *, *, #4783, .F. ) ;
#416 = AXIS2_PLACEMENT_3D ( 'NONE', #4350, #206, #183 ) ;
#417 = VECTOR ( 'NONE', #2998, 1000.000000000000000 ) ;
#418 = ORIENTED_EDGE ( 'NONE', *, *, #4578, .T. ) ;
#419 = ORIENTED_EDGE ( 'NONE', *, *, #1431, .T. ) ;
#420 = LINE ( 'NONE', #824, #417 ) ;
#421 = PLANE ( 'NONE',  #3752 ) ;
#422 = CARTESIAN_POINT ( 'NONE',  ( 8.050000000000034500, 4.683753385137379200E-014, -1.850000000000059200 ) ) ;
#423 = CARTESIAN_POINT ( 'NONE',  ( 8.250000000000035500, 1.239999999999999500, -1.850000000000084200 ) ) ;
#424 = DIRECTION ( 'NONE',  ( 2.124423552260791400E-031, 3.469446951953653600E-015, 1.000000000000000000 ) ) ;
#425 =( GEOMETRIC_REPRESENTATION_CONTEXT ( 3 ) GLOBAL_UNCERTAINTY_ASSIGNED_CONTEXT ( ( #1174 ) ) GLOBAL_UNIT_ASSIGNED_CONTEXT ( ( #265, #261, #252 ) ) REPRESENTATION_CONTEXT ( 'NONE', 'WORKASPACE' ) );
#426 = CYLINDRICAL_SURFACE ( 'NONE', #3997, 0.2999997026963719900 ) ;
#427 = VECTOR ( 'NONE', #5060, 1000.000000000000000 ) ;
#428 = ORIENTED_EDGE ( 'NONE', *, *, #4256, .T. ) ;
#429 = ORIENTED_EDGE ( 'NONE', *, *, #2751, .F. ) ;
#430 = LINE ( 'NONE', #3919, #412 ) ;
#431 = LINE ( 'NONE', #1391, #5374 ) ;
#432 = DIRECTION ( 'NONE',  ( 1.000000000000000000, 0.0000000000000000000, 0.0000000000000000000 ) ) ;
#433 = VERTEX_POINT ( 'NONE', #3013 ) ;
#434 = EDGE_CURVE ( 'NONE', #3181, #4120, #5158, .T. ) ;
#435 = LINE ( 'NONE', #1352, #490 ) ;
#436 = EDGE_LOOP ( 'NONE', ( #3433, #2921, #381, #26 ) ) ;
#437 = ORIENTED_EDGE ( 'NONE', *, *, #2686, .T. ) ;
#438 = CYLINDRICAL_SURFACE ( 'NONE', #2042, 0.2250000000000030300 ) ;
#439 = EDGE_LOOP ( 'NONE', ( #4167, #3255, #4298, #409 ) ) ;
#440 = ORIENTED_EDGE ( 'NONE', *, *, #3412, .T. ) ;
#441 = LINE ( 'NONE', #4875, #344 ) ;
#442 = DIRECTION ( 'NONE',  ( 0.0000000000000000000, 0.0000000000000000000, -1.000000000000000000 ) ) ;
#443 = DIRECTION ( 'NONE',  ( 0.0000000000000000000, 0.0000000000000000000, -1.000000000000000000 ) ) ;
#444 = EDGE_LOOP ( 'NONE', ( #4861, #2279, #4030, #3360 ) ) ;
#445 = VECTOR ( 'NONE', #2542, 1000.000000000000000 ) ;
#446 = DIRECTION ( 'NONE',  ( -0.0000000000000000000, -1.000000000000000000, -0.0000000000000000000 ) ) ;
#447 = DIRECTION ( 'NONE',  ( 0.0000000000000000000, 1.000000000000000000, -2.168404344971247900E-015 ) ) ;
#448 = EDGE_CURVE ( 'NONE', #373, #556, #5165, .T. ) ;
#449 = VERTEX_POINT ( 'NONE', #2943 ) ;
#450 = FILL_AREA_STYLE_COLOUR ( '', #148 ) ;
#451 = LINE ( 'NONE', #1877, #358 ) ;
#452 = FACE_OUTER_BOUND ( 'NONE', #5254, .T. ) ;
#453 = ORIENTED_EDGE ( 'NONE', *, *, #3429, .F. ) ;
#454 = LINE ( 'NONE', #4896, #445 ) ;
#455 = AXIS2_PLACEMENT_3D ( 'NONE', #3339, #1345, #4979 ) ;
#456 = EDGE_LOOP ( 'NONE', ( #4718, #2048, #4989, #98 ) ) ;
#457 = DIRECTION ( 'NONE',  ( 0.0000000000000000000, 1.000000000000000000, 6.123233995736766000E-017 ) ) ;
#458 = ORIENTED_EDGE ( 'NONE', *, *, #3079, .T. ) ;
#459 = DIRECTION ( 'NONE',  ( -1.000000000000000000, 3.512786770612546000E-016, 0.0000000000000000000 ) ) ;
#460 = ORIENTED_EDGE ( 'NONE', *, *, #5152, .F. ) ;
#461 = DIRECTION ( 'NONE',  ( 1.000000000000000000, 0.0000000000000000000, 1.084202172485504200E-016 ) ) ;
#462 = DIRECTION ( 'NONE',  ( 1.000000000000000000, 0.0000000000000000000, 0.0000000000000000000 ) ) ;
#463 = VECTOR ( 'NONE', #3870, 1000.000000000000000 ) ;
#464 = PLANE ( 'NONE',  #2620 ) ;
#465 = VERTEX_POINT ( 'NONE', #739 ) ;
#466 = LINE ( 'NONE', #3703, #517 ) ;
#467 = DIRECTION ( 'NONE',  ( 1.000000000000000000, -0.0000000000000000000, -0.0000000000000000000 ) ) ;
#468 = VECTOR ( 'NONE', #3405, 1000.000000000000000 ) ;
#469 = VERTEX_POINT ( 'NONE', #2536 ) ;
#470 = ORIENTED_EDGE ( 'NONE', *, *, #177, .F. ) ;
#471 = ORIENTED_EDGE ( 'NONE', *, *, #2743, .F. ) ;
#472 = DIRECTION ( 'NONE',  ( 0.0000000000000000000, 0.0000000000000000000, -1.000000000000000000 ) ) ;
#473 = CARTESIAN_POINT ( 'NONE',  ( 8.250000000000035500, 0.3000000000000693200, 1.974999999999909100 ) ) ;
#474 = VECTOR ( 'NONE', #3920, 1000.000000000000000 ) ;
#475 = ORIENTED_EDGE ( 'NONE', *, *, #4269, .T. ) ;
#476 = ORIENTED_EDGE ( 'NONE', *, *, #4302, .F. ) ;
#477 = CARTESIAN_POINT ( 'NONE',  ( -8.039999999999979600, 1.249999999999999100, 6.049999999999999800 ) ) ;
#478 = DIRECTION ( 'NONE',  ( 0.0000000000000000000, 0.0000000000000000000, 1.000000000000000000 ) ) ;
#479 = COLOUR_RGB ( '',0.7921568627450980000, 0.8196078431372548800, 0.9333333333333333500 ) ;
#480 = LINE ( 'NONE', #5309, #474 ) ;
#481 = EDGE_CURVE ( 'NONE', #124, #4120, #4493, .T. ) ;
#482 = EDGE_CURVE ( 'NONE', #4150, #3904, #4703, .T. ) ;
#483 = FILL_AREA_STYLE ('',( #4585 ) ) ;
#484 = DIRECTION ( 'NONE',  ( 0.0000000000000000000, 1.000000000000000000, 0.0000000000000000000 ) ) ;
#485 = DIRECTION ( 'NONE',  ( -1.000000000000000000, 0.0000000000000000000, 0.0000000000000000000 ) ) ;
#486 = LINE ( 'NONE', #4064, #463 ) ;
#487 = ORIENTED_EDGE ( 'NONE', *, *, #2280, .T. ) ;
#488 = ORIENTED_EDGE ( 'NONE', *, *, #1580, .T. ) ;
#489 = CARTESIAN_POINT ( 'NONE',  ( -0.2500000000000000600, 0.0000000000000000000, -0.2500000000000000000 ) ) ;
#490 = VECTOR ( 'NONE', #94, 1000.000000000000000 ) ;
#491 = VERTEX_POINT ( 'NONE', #4891 ) ;
#492 = PRESENTATION_LAYER_ASSIGNMENT (  '', '', ( #816 ) ) ;
#493 = DIRECTION ( 'NONE',  ( -1.000000000000000000, 0.0000000000000000000, -0.0000000000000000000 ) ) ;
#494 = ORIENTED_EDGE ( 'NONE', *, *, #5217, .T. ) ;
#495 = VECTOR ( 'NONE', #4283, 1000.000000000000000 ) ;
#496 = PLANE ( 'NONE',  #764 ) ;
#497 = LINE ( 'NONE', #1048, #468 ) ;
#498 = FACE_OUTER_BOUND ( 'NONE', #989, .T. ) ;
#499 = VECTOR ( 'NONE', #4864, 1000.000000000000000 ) ;
#500 = CARTESIAN_POINT ( 'NONE',  ( -5.850000000000021800, -6.071532165918824800E-015, 25.84595613157528100 ) ) ;
#501 = CARTESIAN_POINT ( 'NONE',  ( -0.4700000000000000300, 0.02999999999999997100, 0.2500000000000000000 ) ) ;
#502 = AXIS2_PLACEMENT_3D ( 'NONE', #1941, #1675, #1656 ) ;
#503 = LINE ( 'NONE', #3121, #495 ) ;
#504 = CARTESIAN_POINT ( 'NONE',  ( -5.749999999999976900, 1.249999999999999800, 3.950000000000009100 ) ) ;
#505 = CARTESIAN_POINT ( 'NONE',  ( -7.850000000000023600, 1.449999999999999500, 6.240000000000010900 ) ) ;
#506 = PLANE ( 'NONE',  #5128 ) ;
#507 = VECTOR ( 'NONE', #3270, 1000.000000000000000 ) ;
#508 = EDGE_CURVE ( 'NONE', #3533, #3778, #3228, .T. ) ;
#509 = DIRECTION ( 'NONE',  ( 0.0000000000000000000, 0.0000000000000000000, -1.000000000000000000 ) ) ;
#510 = CARTESIAN_POINT ( 'NONE',  ( -8.049999999999981200, 0.8499998115502563900, -6.200000033366436900 ) ) ;
#511 = VERTEX_POINT ( 'NONE', #4242 ) ;
#512 = DIRECTION ( 'NONE',  ( 0.0000000000000000000, 1.000000000000000000, 0.0000000000000000000 ) ) ;
#513 = DIRECTION ( 'NONE',  ( 0.0000000000000000000, 0.0000000000000000000, -1.000000000000000000 ) ) ;
#514 = FACE_OUTER_BOUND ( 'NONE', #1363, .T. ) ;
#515 = AXIS2_PLACEMENT_3D ( 'NONE', #1136, #1059, #1045 ) ;
#516 = EDGE_CURVE ( 'NONE', #4306, #285, #4434, .T. ) ;
#517 = VECTOR ( 'NONE', #3749, 1000.000000000000000 ) ;
#518 = DIRECTION ( 'NONE',  ( 0.0000000000000000000, 1.032573497605219500E-016, -1.000000000000000000 ) ) ;
#519 = CARTESIAN_POINT ( 'NONE',  ( 16.96596284229220300, 0.3000000200199283200, 5.074999910120151700 ) ) ;
#520 = VECTOR ( 'NONE', #3638, 1000.000000000000000 ) ;
#521 = CARTESIAN_POINT ( 'NONE',  ( -7.850000000000023600, 1.240000000000000700, 25.84595613157528100 ) ) ;
#522 = CARTESIAN_POINT ( 'NONE',  ( 0.2500000000000000600, 1.059016994374947200, -0.2500000000000000600 ) ) ;
#523 = DIRECTION ( 'NONE',  ( 0.0000000000000000000, 0.0000000000000000000, -1.000000000000000000 ) ) ;
#524 = EDGE_CURVE ( 'NONE', #3958, #1446, #3400, .T. ) ;
#525 = LINE ( 'NONE', #3893, #499 ) ;
#526 = DIRECTION ( 'NONE',  ( 1.000000000000000000, 0.0000000000000000000, 0.0000000000000000000 ) ) ;
#527 = EDGE_LOOP ( 'NONE', ( #4191, #2527, #3583, #625 ) ) ;
#528 = AXIS2_PLACEMENT_3D ( 'NONE', #540, #5130, #2072 ) ;
#529 = CARTESIAN_POINT ( 'NONE',  ( -0.4700000000000000300, 0.3200000000000000100, -0.2500000000000000000 ) ) ;
#530 = ORIENTED_EDGE ( 'NONE', *, *, #2299, .F. ) ;
#531 = EDGE_LOOP ( 'NONE', ( #2701, #2376, #4952, #5015 ) ) ;
#532 = CARTESIAN_POINT ( 'NONE',  ( -8.249999999999978700, 0.2999998115502614500, -6.200000033366434200 ) ) ;
#533 = LINE ( 'NONE', #2133, #520 ) ;
#534 = CARTESIAN_POINT ( 'NONE',  ( 7.850000000000023600, 1.450000000000000000, 6.240000000000010900 ) ) ;
#535 = ADVANCED_FACE ( 'NONE', ( #4207 ), #4805, .T. ) ;
#536 = ORIENTED_EDGE ( 'NONE', *, *, #3322, .T. ) ;
#537 = ORIENTED_EDGE ( 'NONE', *, *, #3745, .F. ) ;
#538 = EDGE_CURVE ( 'NONE', #766, #1442, #4486, .T. ) ;
#539 = AXIS2_PLACEMENT_3D ( 'NONE', #2503, #5013, #2749 ) ;
#540 = CARTESIAN_POINT ( 'NONE',  ( -10.70000400000000000, 0.8000000000000000400, -7.000112999999995400 ) ) ;
#541 = CARTESIAN_POINT ( 'NONE',  ( -7.850000000000023600, 1.450000000000000000, -6.049999999999999800 ) ) ;
#542 = PLANE ( 'NONE',  #4700 ) ;
#543 = EDGE_LOOP ( 'NONE', ( #3357, #3576, #962, #2384 ) ) ;
#544 = ORIENTED_EDGE ( 'NONE', *, *, #3896, .T. ) ;
#545 = LINE ( 'NONE', #3393, #557 ) ;
#546 = DIRECTION ( 'NONE',  ( 0.0000000000000000000, 0.0000000000000000000, 1.000000000000000000 ) ) ;
#547 = ORIENTED_EDGE ( 'NONE', *, *, #2191, .F. ) ;
#548 = ORIENTED_EDGE ( 'NONE', *, *, #1823, .T. ) ;
#549 = LINE ( 'NONE', #5190, #507 ) ;
#550 = PLANE ( 'NONE',  #1152 ) ;
#551 = ORIENTED_EDGE ( 'NONE', *, *, #2664, .F. ) ;
#552 = VECTOR ( 'NONE', #3605, 1000.000000000000000 ) ;
#553 = ORIENTED_EDGE ( 'NONE', *, *, #2183, .T. ) ;
#554 = PLANE ( 'NONE',  #1063 ) ;
#555 = EDGE_CURVE ( 'NONE', #3894, #4658, #4141, .T. ) ;
#556 = VERTEX_POINT ( 'NONE', #1010 ) ;
#557 = VECTOR ( 'NONE', #4112, 1000.000000000000000 ) ;
#558 = VERTEX_POINT ( 'NONE', #2460 ) ;
#559 = DIRECTION ( 'NONE',  ( -1.000000000000000000, 0.0000000000000000000, 0.0000000000000000000 ) ) ;
#560 = DIRECTION ( 'NONE',  ( -1.000000000000000000, 0.0000000000000000000, 0.0000000000000000000 ) ) ;
#561 = MANIFOLD_SOLID_BREP ( 'ﾎﾞｽ - 押し出し1', #2231 ) ;
#562 = ORIENTED_EDGE ( 'NONE', *, *, #3772, .T. ) ;
#563 = EDGE_CURVE ( 'NONE', #5051, #1920, #4086, .T. ) ;
#564 = ORIENTED_EDGE ( 'NONE', *, *, #2339, .T. ) ;
#565 = MECHANICAL_DESIGN_GEOMETRIC_PRESENTATION_REPRESENTATION (  '', ( #3326 ), #881 ) ;
#566 = VERTEX_POINT ( 'NONE', #3555 ) ;
#567 = VECTOR ( 'NONE', #3915, 1000.000000000000000 ) ;
#568 = CARTESIAN_POINT ( 'NONE',  ( -7.850000000000023600, 0.8500000000000096400, 6.450000000000011700 ) ) ;
#569 = VERTEX_POINT ( 'NONE', #4419 ) ;
#570 = AXIS2_PLACEMENT_3D ( 'NONE', #1097, #3710, #1270 ) ;
#571 = PLANE ( 'NONE',  #2315 ) ;
#572 = CARTESIAN_POINT ( 'NONE',  ( 16.96596284229220300, -0.3999999753600981300, 4.849999910120177800 ) ) ;
#573 = PLANE ( 'NONE',  #515 ) ;
#574 = FACE_OUTER_BOUND ( 'NONE', #2564, .T. ) ;
#575 = LINE ( 'NONE', #3215, #552 ) ;
#576 = PLANE ( 'NONE',  #2405 ) ;
#577 = AXIS2_PLACEMENT_3D ( 'NONE', #504, #512, #1347 ) ;
#578 = DIRECTION ( 'NONE',  ( 1.000000000000000000, 0.0000000000000000000, -1.084202172485504400E-016 ) ) ;
#579 = CARTESIAN_POINT ( 'NONE',  ( -8.049999999999979400, 0.03000002925982944700, 1.749999910120184400 ) ) ;
#580 = LINE ( 'NONE', #4756, #567 ) ;
#581 = FACE_OUTER_BOUND ( 'NONE', #3529, .T. ) ;
#582 = PLANE ( 'NONE',  #4179 ) ;
#583 = AXIS2_PLACEMENT_3D ( 'NONE', #1810, #2265, #2243 ) ;
#584 = VECTOR ( 'NONE', #2644, 1000.000000000000000 ) ;
#585 = CARTESIAN_POINT ( 'NONE',  ( -8.000000000000007100, 0.2999999999999886600, -25.84595613157522500 ) ) ;
#586 = LINE ( 'NONE', #1517, #598 ) ;
#587 = CARTESIAN_POINT ( 'NONE',  ( -0.2500000000000000000, 4.495703129515628400E-017, -0.2500000000000000000 ) ) ;
#588 =( NAMED_UNIT ( * ) SI_UNIT ( $, .STERADIAN. ) SOLID_ANGLE_UNIT ( ) );
#589 = CARTESIAN_POINT ( 'NONE',  ( -8.249999999999978700, 0.2999998115502649500, -5.075000033366447600 ) ) ;
#590 = FACE_OUTER_BOUND ( 'NONE', #3098, .T. ) ;
#591 = ORIENTED_EDGE ( 'NONE', *, *, #3303, .F. ) ;
#592 = FACE_OUTER_BOUND ( 'NONE', #4369, .T. ) ;
#593 = DIRECTION ( 'NONE',  ( -0.0000000000000000000, -1.000000000000000000, -0.0000000000000000000 ) ) ;
#594 = PLANE ( 'NONE',  #1233 ) ;
#595 = ADVANCED_FACE ( 'NONE', ( #2964 ), #4957, .F. ) ;
#596 = VECTOR ( 'NONE', #3244, 1000.000000000000000 ) ;
#597 = FACE_OUTER_BOUND ( 'NONE', #4466, .T. ) ;
#598 = VECTOR ( 'NONE', #1512, 1000.000000000000000 ) ;
#599 = CARTESIAN_POINT ( 'NONE',  ( -7.850000000000023600, 1.249999999999999800, 6.049999999999999800 ) ) ;
#600 = EDGE_CURVE ( 'NONE', #4352, #1080, #3472, .T. ) ;
#601 = DIRECTION ( 'NONE',  ( -1.000000000000000000, 0.0000000000000000000, 0.0000000000000000000 ) ) ;
#602 = EDGE_CURVE ( 'NONE', #2414, #2423, #2871, .T. ) ;
#603 = ORIENTED_EDGE ( 'NONE', *, *, #2236, .T. ) ;
#604 = CARTESIAN_POINT ( 'NONE',  ( -8.049999999999981200, 0.2999999897618094200, -1.226394104966750400 ) ) ;
#605 = PLANE ( 'NONE',  #2455 ) ;
#606 = VECTOR ( 'NONE', #3154, 1000.000000000000000 ) ;
#607 = VECTOR ( 'NONE', #3217, 1000.000000000000000 ) ;
#608 = DIRECTION ( 'NONE',  ( 0.0000000000000000000, -1.000000000000000000, 0.0000000000000000000 ) ) ;
#609 = PRODUCT_DEFINITION_SHAPE ( 'NONE', 'NONE',  #4388 ) ;
#610 = ORIENTED_EDGE ( 'NONE', *, *, #3573, .T. ) ;
#611 = DIRECTION ( 'NONE',  ( 1.000000000000000000, 0.0000000000000000000, 0.0000000000000000000 ) ) ;
#612 = ORIENTED_EDGE ( 'NONE', *, *, #3626, .F. ) ;
#613 = CARTESIAN_POINT ( 'NONE',  ( 0.4700000000000000300, 0.02999999999999997100, -0.2500000000000000000 ) ) ;
#614 = EDGE_CURVE ( 'NONE', #4774, #3163, #2733, .T. ) ;
#615 = CARTESIAN_POINT ( 'NONE',  ( 16.96596284229220300, -1.976897066185978600E-007, -1.750000033366425000 ) ) ;
#616 = SHAPE_REPRESENTATION_RELATIONSHIP ( 'NONE' , 'NONE' ,  #3847, #2250 ) ;
#617 = CIRCLE ( 'NONE', #1661, 0.2250000000000029800 ) ;
#618 = AXIS2_PLACEMENT_3D ( 'NONE', #2786, #14, #969 ) ;
#619 = ORIENTED_EDGE ( 'NONE', *, *, #4067, .T. ) ;
#620 = CARTESIAN_POINT ( 'NONE',  ( 0.0000000000000000000, 0.0000000000000000000, -0.2500000000000000000 ) ) ;
#621 = ORIENTED_EDGE ( 'NONE', *, *, #3747, .F. ) ;
#622 = DIRECTION ( 'NONE',  ( -1.000000000000000000, 0.0000000000000000000, -1.084202172485504100E-016 ) ) ;
#623 = CARTESIAN_POINT ( 'NONE',  ( 0.2500000000000001100, 0.5000000000000000000, 0.2499999999999999400 ) ) ;
#624 = VECTOR ( 'NONE', #1653, 1000.000000000000000 ) ;
#625 = ORIENTED_EDGE ( 'NONE', *, *, #3325, .T. ) ;
#626 = VERTEX_POINT ( 'NONE', #3161 ) ;
#627 = CARTESIAN_POINT ( 'NONE',  ( 16.96596284229220300, 0.2999998023103054300, -4.625000033366441200 ) ) ;
#628 = PRODUCT_DEFINITION_CONTEXT ( 'detailed design', #2211, 'design' ) ;
#629 = AXIS2_PLACEMENT_3D ( 'NONE', #4456, #3570, #1337 ) ;
#630 = DIRECTION ( 'NONE',  ( 0.0000000000000000000, -0.0000000000000000000, 1.000000000000000000 ) ) ;
#631 = ORIENTED_EDGE ( 'NONE', *, *, #4676, .T. ) ;
#632 = VECTOR ( 'NONE', #4149, 1000.000000000000000 ) ;
#633 = FACE_OUTER_BOUND ( 'NONE', #872, .T. ) ;
#634 = ORIENTED_EDGE ( 'NONE', *, *, #1228, .F. ) ;
#635 = DIRECTION ( 'NONE',  ( 0.0000000000000000000, 1.000000000000000000, 0.0000000000000000000 ) ) ;
#636 = ORIENTED_EDGE ( 'NONE', *, *, #2681, .F. ) ;
#637 = DIRECTION ( 'NONE',  ( -1.000000000000000000, 0.0000000000000000000, 0.0000000000000000000 ) ) ;
#638 = EDGE_LOOP ( 'NONE', ( #3133, #2013, #1334, #1137 ) ) ;
#639 = EDGE_CURVE ( 'NONE', #2559, #3064, #2672, .T. ) ;
#640 = DIRECTION ( 'NONE',  ( -0.0000000000000000000, 0.0000000000000000000, -1.000000000000000000 ) ) ;
#641 = DIRECTION ( 'NONE',  ( -2.359312973939148500E-013, 0.0000000000000000000, -1.000000000000000000 ) ) ;
#642 = CARTESIAN_POINT ( 'NONE',  ( 8.250000000000035500, -39.79214906653888300, -6.049999999999999800 ) ) ;
#643 = ORIENTED_EDGE ( 'NONE', *, *, #2645, .F. ) ;
#644 = DIRECTION ( 'NONE',  ( 0.0000000000000000000, 0.0000000000000000000, 1.000000000000000000 ) ) ;
#645 = EDGE_CURVE ( 'NONE', #491, #2909, #5019, .T. ) ;
#646 = LINE ( 'NONE', #4516, #584 ) ;
#647 = LINE ( 'NONE', #3498, #3509 ) ;
#648 = CARTESIAN_POINT ( 'NONE',  ( 16.96596284229220300, -0.1750001976896977700, -4.625000033366439400 ) ) ;
#649 = VECTOR ( 'NONE', #1016, 1000.000000000000000 ) ;
#650 = CARTESIAN_POINT ( 'NONE',  ( -5.850000000000021800, -6.938893903907228400E-015, 6.450000000000011700 ) ) ;
#651 = CARTESIAN_POINT ( 'NONE',  ( 0.0000000000000000000, 0.0000000000000000000, 0.0000000000000000000 ) ) ;
#652 = VERTEX_POINT ( 'NONE', #5191 ) ;
#653 = LINE ( 'NONE', #1777, #649 ) ;
#654 = DIRECTION ( 'NONE',  ( 0.0000000000000000000, 0.0000000000000000000, 1.000000000000000000 ) ) ;
#655 = DIRECTION ( 'NONE',  ( 1.000000000000000000, 0.0000000000000000000, 0.0000000000000000000 ) ) ;
#656 = DIRECTION ( 'NONE',  ( 0.0000000000000000000, 0.0000000000000000000, -1.000000000000000000 ) ) ;
#657 = DIRECTION ( 'NONE',  ( 1.000000000000000000, 0.0000000000000000000, 0.0000000000000000000 ) ) ;
#658 = DIRECTION ( 'NONE',  ( -1.000000000000000000, 0.0000000000000000000, 2.168404344971008900E-016 ) ) ;
#659 = CARTESIAN_POINT ( 'NONE',  ( 16.96596284229220300, -0.1749999799800748500, 5.074999910120152600 ) ) ;
#660 = ORIENTED_EDGE ( 'NONE', *, *, #2899, .T. ) ;
#661 = LINE ( 'NONE', #613, #607 ) ;
#662 = VERTEX_POINT ( 'NONE', #3794 ) ;
#663 = ORIENTED_EDGE ( 'NONE', *, *, #2789, .F. ) ;
#664 = PLANE ( 'NONE',  #1179 ) ;
#665 = LINE ( 'NONE', #2029, #1449 ) ;
#666 = CIRCLE ( 'NONE', #2237, 0.2100000000000001300 ) ;
#667 = CARTESIAN_POINT ( 'NONE',  ( -8.039999999999979600, 1.249999999999999100, -6.049999999999999800 ) ) ;
#668 = ORIENTED_EDGE ( 'NONE', *, *, #1835, .F. ) ;
#669 = ORIENTED_EDGE ( 'NONE', *, *, #954, .T. ) ;
#670 = ITEM_DEFINED_TRANSFORMATION ( 'NONE', 'NONE', #4572,  #2338 ) ;
#671 = CARTESIAN_POINT ( 'NONE',  ( -8.000000000000007100, 0.8500000000000096400, -6.449999999999955800 ) ) ;
#672 = VECTOR ( 'NONE', #1738, 1000.000000000000000 ) ;
#673 = CARTESIAN_POINT ( 'NONE',  ( 7.850000000000023600, 1.240000000000000000, 6.240000000000010900 ) ) ;
#674 = CARTESIAN_POINT ( 'NONE',  ( 2.350000000000018700, -6.938893903907228400E-015, -6.449999999999955800 ) ) ;
#675 = EDGE_LOOP ( 'NONE', ( #2223, #4259, #3853, #2609 ) ) ;
#676 = DIRECTION ( 'NONE',  ( -2.189528850507526700E-047, 2.168404344971247900E-015, 1.000000000000000000 ) ) ;
#677 = ORIENTED_EDGE ( 'NONE', *, *, #2789, .T. ) ;
#678 = EDGE_CURVE ( 'NONE', #5139, #2795, #2608, .T. ) ;
#679 = DIRECTION ( 'NONE',  ( -0.0000000000000000000, 0.0000000000000000000, 1.000000000000000000 ) ) ;
#680 = DIRECTION ( 'NONE',  ( 1.000000000000000000, 0.0000000000000000000, 0.0000000000000000000 ) ) ;
#681 = EDGE_CURVE ( 'NONE', #2790, #749, #2452, .T. ) ;
#682 = CARTESIAN_POINT ( 'NONE',  ( -0.4700000000000000300, 0.02999999999999997100, -0.2500000000000000000 ) ) ;
#683 = EDGE_LOOP ( 'NONE', ( #3399, #917, #2992, #4629, #5036, #3639, #3615, #4901, #302, #3798, #63, #1205, #2938, #1575, #2337, #2933 ) ) ;
#684 = ADVANCED_FACE ( 'NONE', ( #2560 ), #99, .T. ) ;
#685 = CARTESIAN_POINT ( 'NONE',  ( -3.749999999999975600, -6.938893903907228400E-015, 6.450000000000011700 ) ) ;
#686 = PLANE ( 'NONE',  #335 ) ;
#687 = SURFACE_STYLE_USAGE ( .BOTH. , #4152 ) ;
#688 = ORIENTED_EDGE ( 'NONE', *, *, #5327, .F. ) ;
#689 = DIRECTION ( 'NONE',  ( 0.0000000000000000000, 0.0000000000000000000, 1.000000000000000000 ) ) ;
#690 = ORIENTED_EDGE ( 'NONE', *, *, #1039, .F. ) ;
#691 = ORIENTED_EDGE ( 'NONE', *, *, #3721, .T. ) ;
#692 = AXIS2_PLACEMENT_3D ( 'NONE', #2485, #2543, #1840 ) ;
#693 = FACE_OUTER_BOUND ( 'NONE', #4620, .T. ) ;
#694 = VECTOR ( 'NONE', #446, 1000.000000000000000 ) ;
#695 = DIRECTION ( 'NONE',  ( 0.0000000000000000000, 0.0000000000000000000, -1.000000000000000000 ) ) ;
#696 = VERTEX_POINT ( 'NONE', #988 ) ;
#697 = CARTESIAN_POINT ( 'NONE',  ( -0.2500000000000000600, 0.0000000000000000000, -0.2500000000000000000 ) ) ;
#698 = ORIENTED_EDGE ( 'NONE', *, *, #4361, .F. ) ;
#699 = DIRECTION ( 'NONE',  ( -1.000000000000000000, 0.0000000000000000000, 0.0000000000000000000 ) ) ;
#700 = LINE ( 'NONE', #5192, #632 ) ;
#701 = CIRCLE ( 'NONE', #2842, 0.2100000000000001300 ) ;
#702 = ORIENTED_EDGE ( 'NONE', *, *, #1490, .T. ) ;
#703 = CARTESIAN_POINT ( 'NONE',  ( 8.250000000000035500, 1.249999999999999800, 6.049999999999999800 ) ) ;
#704 = CARTESIAN_POINT ( 'NONE',  ( 4.450000000000009900, -6.938893903907228400E-015, 6.450000000000011700 ) ) ;
#705 = DIRECTION ( 'NONE',  ( -1.000000000000000000, -0.0000000000000000000, -0.0000000000000000000 ) ) ;
#706 = VECTOR ( 'NONE', #1605, 1000.000000000000000 ) ;
#707 = CARTESIAN_POINT ( 'NONE',  ( 16.96596284229220300, -0.1750001976896977700, -4.625000033366439400 ) ) ;
#708 = CARTESIAN_POINT ( 'NONE',  ( 0.2500000000000000600, 0.0000000000000000000, -0.2500000000000000600 ) ) ;
#709 = CARTESIAN_POINT ( 'NONE',  ( -0.2500000000000000000, 4.495703129515628400E-017, 0.2500000000000000000 ) ) ;
#710 = CARTESIAN_POINT ( 'NONE',  ( 0.2500000000000000600, 0.0000000000000000000, -0.2500000000000000600 ) ) ;
#711 = EDGE_CURVE ( 'NONE', #285, #556, #4755, .T. ) ;
#712 = LINE ( 'NONE', #1069, #672 ) ;
#713 = PLANE ( 'NONE',  #4518 ) ;
#714 = VECTOR ( 'NONE', #756, 1000.000000000000000 ) ;
#715 = EDGE_LOOP ( 'NONE', ( #4203, #4649, #2979, #1239 ) ) ;
#716 = DIRECTION ( 'NONE',  ( -0.0000000000000000000, -0.0000000000000000000, -1.000000000000000000 ) ) ;
#717 = LINE ( 'NONE', #1078, #706 ) ;
#718 = AXIS2_PLACEMENT_3D ( 'NONE', #1144, #526, #509 ) ;
#719 = DIRECTION ( 'NONE',  ( -0.0000000000000000000, -0.0000000000000000000, -1.000000000000000000 ) ) ;
#720 = EDGE_CURVE ( 'NONE', #1316, #3220, #2266, .T. ) ;
#721 = CARTESIAN_POINT ( 'NONE',  ( -8.249999999999978700, 0.8500000200199266900, 6.199999910120135700 ) ) ;
#722 = VECTOR ( 'NONE', #1591, 1000.000000000000000 ) ;
#723 = DIRECTION ( 'NONE',  ( 0.0000000000000000000, 0.0000000000000000000, -1.000000000000000000 ) ) ;
#724 = FACE_OUTER_BOUND ( 'NONE', #1319, .T. ) ;
#725 = PLANE ( 'NONE',  #1485 ) ;
#726 = LINE ( 'NONE', #1590, #714 ) ;
#727 = DIRECTION ( 'NONE',  ( 0.0000000000000000000, 0.0000000000000000000, -1.000000000000000000 ) ) ;
#728 = EDGE_LOOP ( 'NONE', ( #1453, #838, #1113, #3643 ) ) ;
#729 = EDGE_LOOP ( 'NONE', ( #3463, #4186, #2526, #322 ) ) ;
#730 = DIRECTION ( 'NONE',  ( 0.0000000000000000000, -1.000000000000000000, 0.0000000000000000000 ) ) ;
#731 = LINE ( 'NONE', #522, #694 ) ;
#732 = VERTEX_POINT ( 'NONE', #3143 ) ;
#733 = LINE ( 'NONE', #192, #4561 ) ;
#734 = VECTOR ( 'NONE', #783, 1000.000000000000000 ) ;
#735 = VERTEX_POINT ( 'NONE', #3200 ) ;
#736 = DIRECTION ( 'NONE',  ( -0.0000000000000000000, -0.0000000000000000000, -1.000000000000000000 ) ) ;
#737 = DIRECTION ( 'NONE',  ( 0.0000000000000000000, -1.000000000000000000, 4.336808689941692700E-015 ) ) ;
#738 = ORIENTED_EDGE ( 'NONE', *, *, #1051, .F. ) ;
#739 = CARTESIAN_POINT ( 'NONE',  ( -8.249999999999978700, 0.3000000292598843400, 3.749999910120185300 ) ) ;
#740 = ADVANCED_FACE ( 'NONE', ( #4942 ), #4950, .T. ) ;
#741 = EDGE_LOOP ( 'NONE', ( #115, #698, #4055, #4344 ) ) ;
#742 = LINE ( 'NONE', #1548, #722 ) ;
#743 = CARTESIAN_POINT ( 'NONE',  ( -0.2500000000000000600, 0.2999999999999999900, 0.2500000000000000000 ) ) ;
#744 = VERTEX_POINT ( 'NONE', #4681 ) ;
#745 = DIRECTION ( 'NONE',  ( -6.123233995736766000E-017, -1.000000000000000000, 2.891204788747424200E-015 ) ) ;
#746 = LINE ( 'NONE', #4877, #772 ) ;
#747 = EDGE_LOOP ( 'NONE', ( #4035, #3422, #1526, #5063 ) ) ;
#748 = VECTOR ( 'NONE', #1000, 1000.000000000000000 ) ;
#749 = VERTEX_POINT ( 'NONE', #2953 ) ;
#750 = VECTOR ( 'NONE', #775, 1000.000000000000000 ) ;
#751 = SHAPE_REPRESENTATION ( 'C6(MK105)', ( #2338 ), #5092 ) ;
#752 = CARTESIAN_POINT ( 'NONE',  ( -8.249999999999978700, 0.3000000200199318100, 6.199999910120138400 ) ) ;
#753 = ORIENTED_EDGE ( 'NONE', *, *, #602, .F. ) ;
#754 = EDGE_CURVE ( 'NONE', #2559, #1531, #2274, .T. ) ;
#755 =( NAMED_UNIT ( * ) SI_UNIT ( $, .STERADIAN. ) SOLID_ANGLE_UNIT ( ) );
#756 = DIRECTION ( 'NONE',  ( -0.0000000000000000000, 1.000000000000000000, -0.0000000000000000000 ) ) ;
#757 = LINE ( 'NONE', #806, #734 ) ;
#758 = ORIENTED_EDGE ( 'NONE', *, *, #4821, .T. ) ;
#759 = EDGE_CURVE ( 'NONE', #2559, #4370, #2146, .T. ) ;
#760 = AXIS2_PLACEMENT_3D ( 'NONE', #627, #4206, #3854 ) ;
#761 = EDGE_LOOP ( 'NONE', ( #3609, #3073, #2981, #2335 ) ) ;
#762 = CARTESIAN_POINT ( 'NONE',  ( 16.96596284229220300, 0.1000000354198192500, 1.449999834746017500 ) ) ;
#763 = VECTOR ( 'NONE', #1615, 1000.000000000000000 ) ;
#764 = AXIS2_PLACEMENT_3D ( 'NONE', #3861, #377, #4258 ) ;
#765 = DIRECTION ( 'NONE',  ( -1.000000000000000000, 0.0000000000000000000, 0.0000000000000000000 ) ) ;
#766 = VERTEX_POINT ( 'NONE', #4631 ) ;
#767 = DIRECTION ( 'NONE',  ( 0.0000000000000000000, -0.0000000000000000000, 1.000000000000000000 ) ) ;
#768 = ADVANCED_FACE ( 'NONE', ( #3101 ), #594, .F. ) ;
#769 = CARTESIAN_POINT ( 'NONE',  ( 0.2500000000000000600, 0.0000000000000000000, 0.2500000000000000600 ) ) ;
#770 = LINE ( 'NONE', #798, #750 ) ;
#771 =( NAMED_UNIT ( * ) PLANE_ANGLE_UNIT ( ) SI_UNIT ( $, .RADIAN. ) );
#772 = VECTOR ( 'NONE', #2086, 1000.000000000000000 ) ;
#773 = ORIENTED_EDGE ( 'NONE', *, *, #4195, .T. ) ;
#774 = CARTESIAN_POINT ( 'NONE',  ( -5.850000000000021800, -6.938893903907228400E-015, -6.249999999999955600 ) ) ;
#775 = DIRECTION ( 'NONE',  ( -1.000000000000000000, -0.0000000000000000000, 0.0000000000000000000 ) ) ;
#776 = CARTESIAN_POINT ( 'NONE',  ( -0.2500000000000000600, 0.0000000000000000000, -0.2500000000000000000 ) ) ;
#777 = FACE_OUTER_BOUND ( 'NONE', #4046, .T. ) ;
#778 = VECTOR ( 'NONE', #3543, 1000.000000000000000 ) ;
#779 = ORIENTED_EDGE ( 'NONE', *, *, #2681, .T. ) ;
#780 = DIRECTION ( 'NONE',  ( 0.0000000000000000000, -3.614007241618746000E-015, -1.000000000000000000 ) ) ;
#781 = ORIENTED_EDGE ( 'NONE', *, *, #3878, .T. ) ;
#782 = LINE ( 'NONE', #926, #624 ) ;
#783 = DIRECTION ( 'NONE',  ( 0.0000000000000000000, -1.000000000000000000, 3.652049423109043600E-015 ) ) ;
#784 = MANIFOLD_SOLID_BREP ( 'ﾎﾞｽ - 押し出し2[2]', #3417 ) ;
#785 = ADVANCED_FACE ( 'NONE', ( #894 ), #3065, .F. ) ;
#786 = DIRECTION ( 'NONE',  ( 0.0000000000000000000, 0.0000000000000000000, -1.000000000000000000 ) ) ;
#787 = ORIENTED_EDGE ( 'NONE', *, *, #5085, .T. ) ;
#788 = LINE ( 'NONE', #999, #763 ) ;
#789 = DIRECTION ( 'NONE',  ( 0.0000000000000000000, 0.0000000000000000000, -1.000000000000000000 ) ) ;
#790 = LINE ( 'NONE', #853, #778 ) ;
#791 = VERTEX_POINT ( 'NONE', #4865 ) ;
#792 = CARTESIAN_POINT ( 'NONE',  ( -3.749999999999975600, 0.2999999999999877800, 6.250000000000010700 ) ) ;
#793 = ORIENTED_EDGE ( 'NONE', *, *, #4363, .T. ) ;
#794 = VERTEX_POINT ( 'NONE', #769 ) ;
#795 = FACE_OUTER_BOUND ( 'NONE', #1261, .T. ) ;
#796 = VECTOR ( 'NONE', #656, 1000.000000000000000 ) ;
#797 = ORIENTED_EDGE ( 'NONE', *, *, #2124, .F. ) ;
#798 = CARTESIAN_POINT ( 'NONE',  ( -8.000000000000007100, 0.8500000000000096400, 6.250000000000010700 ) ) ;
#799 = DIRECTION ( 'NONE',  ( -0.0000000000000000000, -0.0000000000000000000, -1.000000000000000000 ) ) ;
#800 = ORIENTED_EDGE ( 'NONE', *, *, #481, .T. ) ;
#801 = EDGE_CURVE ( 'NONE', #1107, #2168, #665, .T. ) ;
#802 = EDGE_CURVE ( 'NONE', #3992, #3951, #1454, .T. ) ;
#803 =( NAMED_UNIT ( * ) SI_UNIT ( $, .STERADIAN. ) SOLID_ANGLE_UNIT ( ) );
#804 = ORIENTED_EDGE ( 'NONE', *, *, #3464, .F. ) ;
#805 = PRODUCT_DEFINITION_CONTEXT ( 'detailed design', #3287, 'design' ) ;
#806 = CARTESIAN_POINT ( 'NONE',  ( -8.249999999999978700, -0.1750001884497382500, -5.075000033366445800 ) ) ;
#807 = CARTESIAN_POINT ( 'NONE',  ( -8.249999999999978700, 0.2999999897618180800, 1.226392895033261200 ) ) ;
#808 = VERTEX_POINT ( 'NONE', #2425 ) ;
#809 = LINE ( 'NONE', #845, #796 ) ;
#810 = CARTESIAN_POINT ( 'NONE',  ( 0.4700000000000000300, 0.3200000000000000100, 0.2500000000000000000 ) ) ;
#811 = ORIENTED_EDGE ( 'NONE', *, *, #802, .F. ) ;
#812 = VERTEX_POINT ( 'NONE', #4293 ) ;
#813 = AXIS2_PLACEMENT_3D ( 'NONE', #2709, #3135, #4884 ) ;
#814 = ORIENTED_EDGE ( 'NONE', *, *, #801, .F. ) ;
#815 =( LENGTH_UNIT ( ) NAMED_UNIT ( * ) SI_UNIT ( .MILLI., .METRE. ) );
#816 = STYLED_ITEM ( 'NONE', ( #4473 ), #2028 ) ;
#817 = CARTESIAN_POINT ( 'NONE',  ( 0.4700000000000000300, 0.02999999999999997100, 0.2500000000000000000 ) ) ;
#818 = CIRCLE ( 'NONE', #3341, 0.009999999999999592500 ) ;
#819 = DIRECTION ( 'NONE',  ( 2.165315977560176500E-031, 3.536229350483345700E-015, 1.000000000000000000 ) ) ;
#820 = LINE ( 'NONE', #2956, #596 ) ;
#821 = DIRECTION ( 'NONE',  ( -6.123233995736766000E-017, 1.000000000000000000, 0.0000000000000000000 ) ) ;
#822 = FACE_OUTER_BOUND ( 'NONE', #444, .T. ) ;
#823 = VECTOR ( 'NONE', #1437, 1000.000000000000000 ) ;
#824 = CARTESIAN_POINT ( 'NONE',  ( 16.96596284229220300, 0.3000000292598878300, 4.624999910120145300 ) ) ;
#825 = ORIENTED_EDGE ( 'NONE', *, *, #4719, .F. ) ;
#826 = EDGE_LOOP ( 'NONE', ( #2469, #3787, #4311, #4068 ) ) ;
#827 = ADVANCED_FACE ( 'NONE', ( #724 ), #4109, .F. ) ;
#828 = VECTOR ( 'NONE', #942, 1000.000000000000000 ) ;
#829 = ADVANCED_FACE ( 'NONE', ( #597 ), #3183, .T. ) ;
#830 = LINE ( 'NONE', #1038, #823 ) ;
#831 = FILL_AREA_STYLE_COLOUR ( '', #2864 ) ;
#832 = CARTESIAN_POINT ( 'NONE',  ( -3.749999999999975600, -6.938893903907228400E-015, 6.250000000000010700 ) ) ;
#833 = DIRECTION ( 'NONE',  ( 0.0000000000000000000, -1.000000000000000000, 3.652049423109043600E-015 ) ) ;
#834 = VERTEX_POINT ( 'NONE', #3690 ) ;
#835 = LINE ( 'NONE', #932, #748 ) ;
#836 = VECTOR ( 'NONE', #3564, 1000.000000000000000 ) ;
#837 = ORIENTED_EDGE ( 'NONE', *, *, #4072, .T. ) ;
#838 = ORIENTED_EDGE ( 'NONE', *, *, #1677, .F. ) ;
#839 =( LENGTH_UNIT ( ) NAMED_UNIT ( * ) SI_UNIT ( .MILLI., .METRE. ) );
#840 = ORIENTED_EDGE ( 'NONE', *, *, #3700, .F. ) ;
#841 = CARTESIAN_POINT ( 'NONE',  ( 0.0000000000000000000, 0.0000000000000000000, 0.0000000000000000000 ) ) ;
#842 = EDGE_CURVE ( 'NONE', #2075, #3181, #646, .T. ) ;
#843 = LINE ( 'NONE', #3913, #836 ) ;
#844 = DIRECTION ( 'NONE',  ( -1.000000000000000000, 0.0000000000000000000, 0.0000000000000000000 ) ) ;
#845 = CARTESIAN_POINT ( 'NONE',  ( 8.000000000000007100, 0.8500000000000105200, 25.84595613157528100 ) ) ;
#846 = VERTEX_POINT ( 'NONE', #2673 ) ;
#847 = DIRECTION ( 'NONE',  ( -1.000000000000000000, 0.0000000000000000000, 0.0000000000000000000 ) ) ;
#848 = ORIENTED_EDGE ( 'NONE', *, *, #875, .F. ) ;
#849 = CARTESIAN_POINT ( 'NONE',  ( 16.96596284229220300, -0.1749999799800748500, 5.074999910120152600 ) ) ;
#850 = ORIENTED_EDGE ( 'NONE', *, *, #842, .T. ) ;
#851 = EDGE_CURVE ( 'NONE', #3299, #449, #451, .T. ) ;
#852 = EDGE_LOOP ( 'NONE', ( #187, #362, #382, #460, #975, #3480, #3496, #3351, #2989, #3313, #2915, #2633, #2340, #2511, #453, #3279 ) ) ;
#853 = CARTESIAN_POINT ( 'NONE',  ( -0.5000000000000000000, 0.2999999999999999900, -0.2499999999999999400 ) ) ;
#854 = DIRECTION ( 'NONE',  ( 1.000000000000000000, 0.0000000000000000000, 0.0000000000000000000 ) ) ;
#855 = LINE ( 'NONE', #2881, #953 ) ;
#856 = CARTESIAN_POINT ( 'NONE',  ( 8.250000000000035500, 0.03000000000002132900, 6.199999999999944200 ) ) ;
#857 = CARTESIAN_POINT ( 'NONE',  ( -3.749999999999975600, 0.2999999999999877800, 6.450000000000011700 ) ) ;
#858 = FILL_AREA_STYLE ('',( #866 ) ) ;
#859 = DIRECTION ( 'NONE',  ( 1.000000000000000000, 0.0000000000000000000, 0.0000000000000000000 ) ) ;
#860 = ADVANCED_FACE ( 'NONE', ( #364 ), #1029, .F. ) ;
#861 = EDGE_LOOP ( 'NONE', ( #863, #1386, #1022, #4348 ) ) ;
#862 = FACE_OUTER_BOUND ( 'NONE', #1898, .T. ) ;
#863 = ORIENTED_EDGE ( 'NONE', *, *, #4423, .T. ) ;
#864 = CARTESIAN_POINT ( 'NONE',  ( -7.850000000000023600, 1.240000000000000700, 6.450000000000011700 ) ) ;
#865 = ORIENTED_EDGE ( 'NONE', *, *, #4607, .T. ) ;
#866 = FILL_AREA_STYLE_COLOUR ( '', #385 ) ;
#867 = VECTOR ( 'NONE', #3024, 1000.000000000000000 ) ;
#868 = EDGE_CURVE ( 'NONE', #2008, #4714, #441, .T. ) ;
#869 = CARTESIAN_POINT ( 'NONE',  ( 0.5000000000000000000, -4.286263797015737200E-017, 0.2500000000000000000 ) ) ;
#870 = CARTESIAN_POINT ( 'NONE',  ( -3.749999999999975600, 0.2999999999999886600, -6.249999999999957400 ) ) ;
#871 = EDGE_LOOP ( 'NONE', ( #2242, #758, #2995, #2954 ) ) ;
#872 = EDGE_LOOP ( 'NONE', ( #4836, #885, #1775, #787 ) ) ;
#873 = FACE_OUTER_BOUND ( 'NONE', #940, .T. ) ;
#874 = ADVANCED_FACE ( 'NONE', ( #330 ), #3557, .T. ) ;
#875 = EDGE_CURVE ( 'NONE', #5370, #1465, #297, .T. ) ;
#876 = DIRECTION ( 'NONE',  ( 1.000000000000000000, 0.0000000000000000000, 0.0000000000000000000 ) ) ;
#877 = CLOSED_SHELL ( 'NONE', ( #4589, #2238, #4541, #3327, #5140, #2447 ) ) ;
#878 = VERTEX_POINT ( 'NONE', #893 ) ;
#879 = DIRECTION ( 'NONE',  ( -0.0000000000000000000, 1.000000000000000000, -0.0000000000000000000 ) ) ;
#880 = EDGE_CURVE ( 'NONE', #1750, #102, #247, .T. ) ;
#881 =( GEOMETRIC_REPRESENTATION_CONTEXT ( 3 ) GLOBAL_UNCERTAINTY_ASSIGNED_CONTEXT ( ( #3149 ) ) GLOBAL_UNIT_ASSIGNED_CONTEXT ( ( #1710, #5361, #5397 ) ) REPRESENTATION_CONTEXT ( 'NONE', 'WORKASPACE' ) );
#882 = STYLED_ITEM ( 'NONE', ( #2011 ), #784 ) ;
#883 = ADVANCED_FACE ( 'NONE', ( #290 ), #496, .T. ) ;
#884 = DIRECTION ( 'NONE',  ( -0.0000000000000000000, -1.000000000000000000, -0.0000000000000000000 ) ) ;
#885 = ORIENTED_EDGE ( 'NONE', *, *, #1862, .F. ) ;
#886 =( NAMED_UNIT ( * ) SI_UNIT ( $, .STERADIAN. ) SOLID_ANGLE_UNIT ( ) );
#887 = VECTOR ( 'NONE', #1983, 1000.000000000000000 ) ;
#888 = CARTESIAN_POINT ( 'NONE',  ( -8.000000000000007100, 0.8500000000000096400, 6.250000000000010700 ) ) ;
#889 = LINE ( 'NONE', #489, #828 ) ;
#890 = VECTOR ( 'NONE', #3308, 1000.000000000000000 ) ;
#891 = B_SPLINE_CURVE_WITH_KNOTS ( 'NONE', 3,
 ( #2520, #220, #2831, #5021, #3624, #1162 ),
 .UNSPECIFIED., .F., .F.,
 ( 4, 2, 4 ),
 ( 0.0000000000000000000, 0.5000000000000000000, 1.000000000000000000 ),
 .UNSPECIFIED. ) ;
#892 = CARTESIAN_POINT ( 'NONE',  ( 0.4700000000000000300, 0.3200000000000000100, 0.2500000000000000000 ) ) ;
#893 = CARTESIAN_POINT ( 'NONE',  ( -5.850000000000021800, -6.071532165918824800E-015, -6.249999999999957400 ) ) ;
#894 = FACE_OUTER_BOUND ( 'NONE', #4053, .T. ) ;
#895 = FACE_OUTER_BOUND ( 'NONE', #2618, .T. ) ;
#896 = FACE_OUTER_BOUND ( 'NONE', #1807, .T. ) ;
#897 = VERTEX_POINT ( 'NONE', #229 ) ;
#898 = VERTEX_POINT ( 'NONE', #832 ) ;
#899 = VERTEX_POINT ( 'NONE', #3827 ) ;
#900 = CARTESIAN_POINT ( 'NONE',  ( -10.70000400000000000, 0.0000000000000000000, -7.000112999999995400 ) ) ;
#901 = DIRECTION ( 'NONE',  ( 0.0000000000000000000, 0.0000000000000000000, 1.000000000000000000 ) ) ;
#902 = EDGE_CURVE ( 'NONE', #3214, #3894, #74, .T. ) ;
#903 = MECHANICAL_DESIGN_GEOMETRIC_PRESENTATION_REPRESENTATION (  '', ( #4280 ), #3116 ) ;
#904 = LINE ( 'NONE', #1985, #1545 ) ;
#905 = LINE ( 'NONE', #4216, #867 ) ;
#906 =( NAMED_UNIT ( * ) PLANE_ANGLE_UNIT ( ) SI_UNIT ( $, .RADIAN. ) );
#907 = ORIENTED_EDGE ( 'NONE', *, *, #2342, .F. ) ;
#908 = ORIENTED_EDGE ( 'NONE', *, *, #2472, .F. ) ;
#909 = DIRECTION ( 'NONE',  ( 1.000000000000000000, 0.0000000000000000000, 1.084202172485504400E-016 ) ) ;
#910 = FACE_OUTER_BOUND ( 'NONE', #2572, .T. ) ;
#911 =( LENGTH_UNIT ( ) NAMED_UNIT ( * ) SI_UNIT ( .MILLI., .METRE. ) );
#912 = CARTESIAN_POINT ( 'NONE',  ( -8.249999999999978700, 0.2999999897618094200, -1.226394104966750400 ) ) ;
#913 = LINE ( 'NONE', #572, #1060 ) ;
#914 = CARTESIAN_POINT ( 'NONE',  ( -0.2500000000000000000, 4.495703129515628400E-017, 0.2500000000000000000 ) ) ;
#915 = VECTOR ( 'NONE', #2637, 1000.000000000000000 ) ;
#916 = DIRECTION ( 'NONE',  ( 1.000000000000000000, 0.0000000000000000000, 0.0000000000000000000 ) ) ;
#917 = ORIENTED_EDGE ( 'NONE', *, *, #3106, .F. ) ;
#918 = ORIENTED_EDGE ( 'NONE', *, *, #2529, .T. ) ;
#919 = DIRECTION ( 'NONE',  ( 1.000000000000000000, 0.0000000000000000000, 0.0000000000000000000 ) ) ;
#920 = ORIENTED_EDGE ( 'NONE', *, *, #1310, .T. ) ;
#921 = CARTESIAN_POINT ( 'NONE',  ( -5.749999999999976900, 1.450000000000000000, 3.649999999999986600 ) ) ;
#922 = ADVANCED_FACE ( 'NONE', ( #65 ), #165, .F. ) ;
#923 = VERTEX_POINT ( 'NONE', #4054 ) ;
#924 = EDGE_CURVE ( 'NONE', #1202, #3677, #334, .T. ) ;
#925 = DIRECTION ( 'NONE',  ( -0.0000000000000000000, -1.000000000000000000, -0.0000000000000000000 ) ) ;
#926 = CARTESIAN_POINT ( 'NONE',  ( -8.049999999999979400, 0.2999999897618094200, -1.226394104966750400 ) ) ;
#927 = SURFACE_STYLE_USAGE ( .BOTH. , #929 ) ;
#928 = EDGE_LOOP ( 'NONE', ( #248, #5285, #5136, #2841 ) ) ;
#929 = SURFACE_SIDE_STYLE ('',( #383 ) ) ;
#930 = EDGE_CURVE ( 'NONE', #4837, #2726, #97, .T. ) ;
#931 = VECTOR ( 'NONE', #4960, 1000.000000000000000 ) ;
#932 = CARTESIAN_POINT ( 'NONE',  ( -7.850000000000023600, 1.449999999999999100, -6.249999999999955600 ) ) ;
#933 = CARTESIAN_POINT ( 'NONE',  ( -0.5000000000000000000, 0.0000000000000000000, 0.2500000000000000600 ) ) ;
#934 = VECTOR ( 'NONE', #2367, 1000.000000000000000 ) ;
#935 = CARTESIAN_POINT ( 'NONE',  ( -8.380715139640129200, 0.3000000000000675500, 4.449999999999970000 ) ) ;
#936 = DIRECTION ( 'NONE',  ( -0.0000000000000000000, -0.0000000000000000000, -1.000000000000000000 ) ) ;
#937 = ORIENTED_EDGE ( 'NONE', *, *, #902, .F. ) ;
#938 = LINE ( 'NONE', #4222, #5 ) ;
#939 = CARTESIAN_POINT ( 'NONE',  ( 4.450000000000009900, 0.2999999999999877800, 6.250000000000010700 ) ) ;
#940 = EDGE_LOOP ( 'NONE', ( #1217, #4215, #3708, #4257 ) ) ;
#941 = LINE ( 'NONE', #2301, #5071 ) ;
#942 = DIRECTION ( 'NONE',  ( -1.000000000000000000, 0.0000000000000000000, 2.168404344971009400E-016 ) ) ;
#943 = DIRECTION ( 'NONE',  ( 0.0000000000000000000, 1.000000000000000000, 0.0000000000000000000 ) ) ;
#944 = AXIS2_PLACEMENT_3D ( 'NONE', #4371, #4356, #4758 ) ;
#945 = VECTOR ( 'NONE', #3060, 1000.000000000000000 ) ;
#946 = FACE_OUTER_BOUND ( 'NONE', #2876, .T. ) ;
#947 = CYLINDRICAL_SURFACE ( 'NONE', #3602, 0.2099999999999992400 ) ;
#948 = ADVANCED_FACE ( 'NONE', ( #8 ), #2762, .T. ) ;
#949 = PLANE ( 'NONE',  #1196 ) ;
#950 = DIRECTION ( 'NONE',  ( 0.0000000000000000000, 0.0000000000000000000, -1.000000000000000000 ) ) ;
#951 = CARTESIAN_POINT ( 'NONE',  ( -8.249999999999978700, 0.2999998115502614500, -6.200000033366434200 ) ) ;
#952 = EDGE_CURVE ( 'NONE', #2024, #5061, #31, .T. ) ;
#953 = VECTOR ( 'NONE', #4314, 1000.000000000000000 ) ;
#954 = EDGE_CURVE ( 'NONE', #2286, #1843, #3, .T. ) ;
#955 = ORIENTED_EDGE ( 'NONE', *, *, #2725, .T. ) ;
#956 = ORIENTED_EDGE ( 'NONE', *, *, #3051, .F. ) ;
#957 = DIRECTION ( 'NONE',  ( 0.0000000000000000000, 4.731064025391336600E-015, 1.000000000000000000 ) ) ;
#958 = CARTESIAN_POINT ( 'NONE',  ( -8.000000000000007100, 0.2999999999999877800, 6.250000000000010700 ) ) ;
#959 = CARTESIAN_POINT ( 'NONE',  ( -8.249999999999978700, 0.8499998115502563900, -6.200000033366436900 ) ) ;
#960 = CARTESIAN_POINT ( 'NONE',  ( 0.2500000000000000600, 0.2999999999999999900, -0.2500000000000000600 ) ) ;
#961 = VECTOR ( 'NONE', #1961, 1000.000000000000000 ) ;
#962 = ORIENTED_EDGE ( 'NONE', *, *, #3707, .F. ) ;
#963 = EDGE_CURVE ( 'NONE', #3194, #4362, #5011, .T. ) ;
#964 = CARTESIAN_POINT ( 'NONE',  ( -0.5000000000000000000, -4.286263797015737200E-017, -0.2500000000000000000 ) ) ;
#965 = FACE_OUTER_BOUND ( 'NONE', #543, .T. ) ;
#966 = DIRECTION ( 'NONE',  ( 1.000000000000000000, 0.0000000000000000000, 0.0000000000000000000 ) ) ;
#967 = VERTEX_POINT ( 'NONE', #1719 ) ;
#968 = ORIENTED_EDGE ( 'NONE', *, *, #4134, .F. ) ;
#969 = DIRECTION ( 'NONE',  ( 0.0000000000000000000, 1.000000000000000000, -6.123233995736766000E-017 ) ) ;
#970 = CARTESIAN_POINT ( 'NONE',  ( 0.2500000000000000000, 4.495703129515628400E-017, -0.2500000000000000000 ) ) ;
#971 = VECTOR ( 'NONE', #5381, 1000.000000000000000 ) ;
#972 = CARTESIAN_POINT ( 'NONE',  ( 8.040000000000034700, 1.239999999999999500, -1.850000000000084200 ) ) ;
#973 = EDGE_CURVE ( 'NONE', #923, #2414, #3210, .T. ) ;
#974 = VECTOR ( 'NONE', #2402, 1000.000000000000000 ) ;
#975 = ORIENTED_EDGE ( 'NONE', *, *, #851, .T. ) ;
#976 = AXIS2_PLACEMENT_3D ( 'NONE', #5256, #5314, #5148 ) ;
#977 = FACE_OUTER_BOUND ( 'NONE', #4925, .T. ) ;
#978 = CARTESIAN_POINT ( 'NONE',  ( 0.2500000000000000000, 0.02999999999999995400, 0.2500000000000000000 ) ) ;
#979 = FACE_OUTER_BOUND ( 'NONE', #728, .T. ) ;
#980 = PLANE ( 'NONE',  #2787 ) ;
#981 = CARTESIAN_POINT ( 'NONE',  ( 0.2500000000000000000, 4.495703129515628400E-017, 0.2500000000000000000 ) ) ;
#982 = ORIENTED_EDGE ( 'NONE', *, *, #5085, .F. ) ;
#983 = SURFACE_SIDE_STYLE ('',( #3458 ) ) ;
#984 = LINE ( 'NONE', #3881, #887 ) ;
#985 = FACE_OUTER_BOUND ( 'NONE', #3968, .T. ) ;
#986 = VECTOR ( 'NONE', #3430, 1000.000000000000000 ) ;
#987 = AXIS2_PLACEMENT_3D ( 'NONE', #1519, #1759, #4874 ) ;
#988 = CARTESIAN_POINT ( 'NONE',  ( 8.250000000000035500, 1.450000000000000000, -2.249999999999974200 ) ) ;
#989 = EDGE_LOOP ( 'NONE', ( #3773, #3019, #1752, #1806 ) ) ;
#990 = CARTESIAN_POINT ( 'NONE',  ( 16.96596284229220300, 0.3000000200199318100, 6.199999910120138400 ) ) ;
#991 = ORIENTED_EDGE ( 'NONE', *, *, #1907, .F. ) ;
#992 = LINE ( 'NONE', #710, #974 ) ;
#993 = LINE ( 'NONE', #4274, #915 ) ;
#994 = CARTESIAN_POINT ( 'NONE',  ( 4.450000000000009900, 0.2999999999999877800, 6.450000000000011700 ) ) ;
#995 = ORIENTED_EDGE ( 'NONE', *, *, #4644, .T. ) ;
#996 = CARTESIAN_POINT ( 'NONE',  ( -8.249999999999978700, 1.294977871437820400, 6.049999925100125100 ) ) ;
#997 = EDGE_LOOP ( 'NONE', ( #4581, #814, #3945, #1634 ) ) ;
#998 = LINE ( 'NONE', #2063, #1104 ) ;
#999 = CARTESIAN_POINT ( 'NONE',  ( 8.250000000000035500, 0.8500000000000087500, 6.199999999999944200 ) ) ;
#1000 = DIRECTION ( 'NONE',  ( 0.0000000000000000000, 1.000000000000000000, 0.0000000000000000000 ) ) ;
#1001 = LINE ( 'NONE', #4757, #1082 ) ;
#1002 = CARTESIAN_POINT ( 'NONE',  ( -0.2500000000000000000, 0.5000000000000000000, 0.2500000000000000000 ) ) ;
#1003 = ADVANCED_FACE ( 'NONE', ( #4652 ), #2891, .F. ) ;
#1004 = ORIENTED_EDGE ( 'NONE', *, *, #5253, .T. ) ;
#1005 = VERTEX_POINT ( 'NONE', #2920 ) ;
#1006 = CARTESIAN_POINT ( 'NONE',  ( 7.850000000000023600, -39.79214906653888300, -6.049999999999999800 ) ) ;
#1007 = UNCERTAINTY_MEASURE_WITH_UNIT (LENGTH_MEASURE( 1.000000000000000100E-005 ), #1476, 'distance_accuracy_value', 'NONE');
#1008 = ORIENTED_EDGE ( 'NONE', *, *, #4013, .F. ) ;
#1009 = CARTESIAN_POINT ( 'NONE',  ( -8.249999999999978700, 0.8499998115502563900, -6.050000033366453400 ) ) ;
#1010 = CARTESIAN_POINT ( 'NONE',  ( 8.040000000000034700, 1.450000000000000000, 6.049999999999999800 ) ) ;
#1011 = EDGE_CURVE ( 'NONE', #449, #3490, #4633, .T. ) ;
#1012 = LINE ( 'NONE', #5030, #971 ) ;
#1013 = ADVANCED_FACE ( 'NONE', ( #4408 ), #2902, .F. ) ;
#1014 =( LENGTH_UNIT ( ) NAMED_UNIT ( * ) SI_UNIT ( .MILLI., .METRE. ) );
#1015 = ORIENTED_EDGE ( 'NONE', *, *, #3023, .T. ) ;
#1016 = DIRECTION ( 'NONE',  ( 0.0000000000000000000, 0.0000000000000000000, 1.000000000000000000 ) ) ;
#1017 = ORIENTED_EDGE ( 'NONE', *, *, #3994, .F. ) ;
#1018 = FACE_OUTER_BOUND ( 'NONE', #1372, .T. ) ;
#1019 = EDGE_CURVE ( 'NONE', #791, #3432, #4415, .T. ) ;
#1020 = CARTESIAN_POINT ( 'NONE',  ( -0.5000000000000000000, 1.059016994374947200, -0.2499999999999999400 ) ) ;
#1021 = EDGE_CURVE ( 'NONE', #1909, #1414, #4357, .T. ) ;
#1022 = ORIENTED_EDGE ( 'NONE', *, *, #1905, .F. ) ;
#1023 = DIRECTION ( 'NONE',  ( 0.0000000000000000000, 0.0000000000000000000, 1.000000000000000000 ) ) ;
#1024 = PLANE ( 'NONE',  #1247 ) ;
#1025 = VECTOR ( 'NONE', #4336, 1000.000000000000000 ) ;
#1026 = CARTESIAN_POINT ( 'NONE',  ( -3.749999999999975600, 0.2999999999999886600, 25.84595613157528100 ) ) ;
#1027 = CARTESIAN_POINT ( 'NONE',  ( -8.380715139640129200, 4.510281037539698400E-014, -1.850000000000059200 ) ) ;
#1028 = CARTESIAN_POINT ( 'NONE',  ( -0.2500000000000000000, 1.059016994374947200, 0.2500000000000000000 ) ) ;
#1029 = PLANE ( 'NONE',  #4689 ) ;
#1030 = CARTESIAN_POINT ( 'NONE',  ( -8.249999999999978700, -0.1750001930697180100, -4.850000033366442600 ) ) ;
#1031 = LINE ( 'NONE', #4006, #1025 ) ;
#1032 = ORIENTED_EDGE ( 'NONE', *, *, #4385, .F. ) ;
#1033 = ADVANCED_FACE ( 'NONE', ( #3504 ), #3374, .T. ) ;
#1034 = ORIENTED_EDGE ( 'NONE', *, *, #3812, .T. ) ;
#1035 = CARTESIAN_POINT ( 'NONE',  ( 0.0000000000000000000, 0.0000000000000000000, 0.2500000000000000000 ) ) ;
#1036 = FACE_OUTER_BOUND ( 'NONE', #1056, .T. ) ;
#1037 = LINE ( 'NONE', #1910, #1068 ) ;
#1038 = CARTESIAN_POINT ( 'NONE',  ( 8.250000000000035500, 1.450000000000000000, -6.049999999999999800 ) ) ;
#1039 = EDGE_CURVE ( 'NONE', #652, #3533, #2775, .T. ) ;
#1040 = ORIENTED_EDGE ( 'NONE', *, *, #3817, .T. ) ;
#1041 = LINE ( 'NONE', #1119, #986 ) ;
#1042 = DIRECTION ( 'NONE',  ( 1.000000000000000000, 0.0000000000000000000, -2.258916677175803400E-013 ) ) ;
#1043 = CARTESIAN_POINT ( 'NONE',  ( -8.380715139640129200, 0.03000000000001959400, 4.449999999999970000 ) ) ;
#1044 = CARTESIAN_POINT ( 'NONE',  ( -3.749999999999975600, 0.2999999999999877800, -6.249999999999955600 ) ) ;
#1045 = DIRECTION ( 'NONE',  ( -1.084202172485504400E-016, 0.0000000000000000000, -1.000000000000000000 ) ) ;
#1046 = CYLINDRICAL_SURFACE ( 'NONE', #455, 0.2100000000000001300 ) ;
#1047 = ADVANCED_FACE ( 'NONE', ( #4420 ), #947, .T. ) ;
#1048 = CARTESIAN_POINT ( 'NONE',  ( 7.850000000000023600, 1.249999999999999800, -6.049999999999999800 ) ) ;
#1049 = DIRECTION ( 'NONE',  ( 0.0000000000000000000, 1.070816960479511100E-016, -1.000000000000000000 ) ) ;
#1050 = CARTESIAN_POINT ( 'NONE',  ( -3.749999999999975600, -6.938893903907228400E-015, -6.449999999999955800 ) ) ;
#1051 = EDGE_CURVE ( 'NONE', #1440, #124, #4596, .T. ) ;
#1052 = VECTOR ( 'NONE', #2014, 1000.000000000000000 ) ;
#1053 = LINE ( 'NONE', #1543, #4511 ) ;
#1054 = ORIENTED_EDGE ( 'NONE', *, *, #2899, .F. ) ;
#1055 = VERTEX_POINT ( 'NONE', #2622 ) ;
#1056 = EDGE_LOOP ( 'NONE', ( #3880, #804, #2873, #3962 ) ) ;
#1057 = CARTESIAN_POINT ( 'NONE',  ( 0.5000000000000000000, -4.286263797015737200E-017, 0.2500000000000000000 ) ) ;
#1058 = EDGE_LOOP ( 'NONE', ( #1671, #2766, #3784, #2136 ) ) ;
#1059 = DIRECTION ( 'NONE',  ( 1.000000000000000000, 0.0000000000000000000, -1.084202172485504400E-016 ) ) ;
#1060 = VECTOR ( 'NONE', #559, 1000.000000000000000 ) ;
#1061 = EDGE_CURVE ( 'NONE', #4858, #4609, #4531, .T. ) ;
#1062 = DIRECTION ( 'NONE',  ( 0.0000000000000000000, -1.000000000000000000, 3.469446951953653600E-015 ) ) ;
#1063 = AXIS2_PLACEMENT_3D ( 'NONE', #3627, #1180, #2558 ) ;
#1064 = FACE_OUTER_BOUND ( 'NONE', #852, .T. ) ;
#1065 = CLOSED_SHELL ( 'NONE', ( #5160, #2926, #1908, #3451, #1948, #3118 ) ) ;
#1066 = CARTESIAN_POINT ( 'NONE',  ( 16.96596284229220300, 0.2999998115502649500, -5.075000033366447600 ) ) ;
#1067 = LINE ( 'NONE', #1183, #1148 ) ;
#1068 = VECTOR ( 'NONE', #3998, 1000.000000000000000 ) ;
#1069 = CARTESIAN_POINT ( 'NONE',  ( -8.380715139640129200, 4.510281037539698400E-014, 0.2499999999999874300 ) ) ;
#1070 = CARTESIAN_POINT ( 'NONE',  ( 8.050000000000034500, 0.8500000000000087500, 6.199999999999944200 ) ) ;
#1071 = ORIENTED_EDGE ( 'NONE', *, *, #2236, .F. ) ;
#1072 = VECTOR ( 'NONE', #329, 1000.000000000000000 ) ;
#1073 = AXIS2_PLACEMENT_3D ( 'NONE', #4583, #1844, #2570 ) ;
#1074 = FACE_OUTER_BOUND ( 'NONE', #3698, .T. ) ;
#1075 = LINE ( 'NONE', #3233, #1088 ) ;
#1076 = ORIENTED_EDGE ( 'NONE', *, *, #1770, .T. ) ;
#1077 = CARTESIAN_POINT ( 'NONE',  ( 7.850000000000023600, 1.249999999999999800, -6.049999999999999800 ) ) ;
#1078 = CARTESIAN_POINT ( 'NONE',  ( -0.2500000000000000000, 0.2999999999999999900, 0.2500000000000000000 ) ) ;
#1079 = ORIENTED_EDGE ( 'NONE', *, *, #4243, .T. ) ;
#1080 = VERTEX_POINT ( 'NONE', #807 ) ;
#1081 = COLOUR_RGB ( '',0.7921568627450980000, 0.8196078431372548800, 0.9333333333333333500 ) ;
#1082 = VECTOR ( 'NONE', #4902, 1000.000000000000000 ) ;
#1083 =( GEOMETRIC_REPRESENTATION_CONTEXT ( 3 ) GLOBAL_UNCERTAINTY_ASSIGNED_CONTEXT ( ( #1713 ) ) GLOBAL_UNIT_ASSIGNED_CONTEXT ( ( #274, #771, #755 ) ) REPRESENTATION_CONTEXT ( 'NONE', 'WORKASPACE' ) );
#1084 = ORIENTED_EDGE ( 'NONE', *, *, #4928, .F. ) ;
#1085 = PLANE ( 'NONE',  #3092 ) ;
#1086 = CARTESIAN_POINT ( 'NONE',  ( -8.000000000000007100, 0.2999999999999877800, -6.449999999999955800 ) ) ;
#1087 = DIRECTION ( 'NONE',  ( 0.0000000000000000000, 0.0000000000000000000, 1.000000000000000000 ) ) ;
#1088 = VECTOR ( 'NONE', #3507, 1000.000000000000000 ) ;
#1089 = DIRECTION ( 'NONE',  ( -1.000000000000000000, 0.0000000000000000000, 0.0000000000000000000 ) ) ;
#1090 = PLANE ( 'NONE',  #2776 ) ;
#1091 = PLANE ( 'NONE',  #3109 ) ;
#1092 = EDGE_LOOP ( 'NONE', ( #3779, #5090, #2960, #5298 ) ) ;
#1093 = DIRECTION ( 'NONE',  ( -0.0000000000000000000, 0.0000000000000000000, 1.000000000000000000 ) ) ;
#1094 = DIRECTION ( 'NONE',  ( 0.0000000000000000000, 0.0000000000000000000, -1.000000000000000000 ) ) ;
#1095 = EDGE_CURVE ( 'NONE', #92, #2753, #941, .T. ) ;
#1096 = FACE_BOUND ( 'NONE', #4663, .T. ) ;
#1097 = CARTESIAN_POINT ( 'NONE',  ( -7.850000000000023600, -39.79214906653888300, -6.049999999999999800 ) ) ;
#1098 = FACE_OUTER_BOUND ( 'NONE', #2605, .T. ) ;
#1099 = ORIENTED_EDGE ( 'NONE', *, *, #1310, .F. ) ;
#1100 = DIRECTION ( 'NONE',  ( 0.0000000000000000000, 3.536229350483345700E-015, 1.000000000000000000 ) ) ;
#1101 = DIRECTION ( 'NONE',  ( -0.0000000000000000000, -1.000000000000000000, -0.0000000000000000000 ) ) ;
#1102 = EDGE_CURVE ( 'NONE', #4120, #3395, #3444, .T. ) ;
#1103 = EDGE_LOOP ( 'NONE', ( #612, #530, #5183, #2677, #54, #3026, #2683, #636, #5164, #3128, #4828, #4071, #3112, #2418, #1317, #4787 ) ) ;
#1104 = VECTOR ( 'NONE', #5138, 1000.000000000000000 ) ;
#1106 = STYLED_ITEM ( 'NONE', ( #3522 ), #561 ) ;
#1105 = VECTOR ( 'NONE', #799, 1000.000000000000000 ) ;
#1107 = VERTEX_POINT ( 'NONE', #3684 ) ;
#1108 = VECTOR ( 'NONE', #3178, 1000.000000000000000 ) ;
#1109 = ADVANCED_FACE ( 'NONE', ( #3385 ), #4034, .F. ) ;
#1110 = DIRECTION ( 'NONE',  ( 1.000000000000000000, 0.0000000000000000000, 0.0000000000000000000 ) ) ;
#1111 = CARTESIAN_POINT ( 'NONE',  ( -8.000000000000007100, 0.2999999999999886600, 25.84595613157528100 ) ) ;
#1112 = DIRECTION ( 'NONE',  ( 1.000000000000000000, -7.700299520493638400E-017, 0.0000000000000000000 ) ) ;
#1113 = ORIENTED_EDGE ( 'NONE', *, *, #4900, .F. ) ;
#1114 = LINE ( 'NONE', #41, #1108 ) ;
#1115 = AXIS2_PLACEMENT_3D ( 'NONE', #5196, #2232, #2278 ) ;
#1116 = DIRECTION ( 'NONE',  ( 2.124423552260765200E-031, 3.469446951953611000E-015, 1.000000000000000000 ) ) ;
#1117 = CARTESIAN_POINT ( 'NONE',  ( 8.250000000000035500, 0.03000000000002132900, 6.199999999999944200 ) ) ;
#1118 = AXIS2_PLACEMENT_3D ( 'NONE', #4320, #3538, #2068 ) ;
#1119 = CARTESIAN_POINT ( 'NONE',  ( -0.2500000000000000000, 0.02999999999999995400, -0.2500000000000000000 ) ) ;
#1120 = DIRECTION ( 'NONE',  ( 0.0000000000000000000, -1.000000000000000000, 0.0000000000000000000 ) ) ;
#1121 = VECTOR ( 'NONE', #4245, 1000.000000000000000 ) ;
#1122 = ORIENTED_EDGE ( 'NONE', *, *, #1460, .T. ) ;
#1123 = VECTOR ( 'NONE', #3768, 1000.000000000000000 ) ;
#1124 = ORIENTED_EDGE ( 'NONE', *, *, #1228, .T. ) ;
#1125 = CONTEXT_DEPENDENT_SHAPE_REPRESENTATION ( #2087, #403 ) ;
#1126 = VECTOR ( 'NONE', #4012, 1000.000000000000000 ) ;
#1127 = CARTESIAN_POINT ( 'NONE',  ( 7.850000000000023600, -39.79214906653888300, -2.249999999999974200 ) ) ;
#1128 = ADVANCED_FACE ( 'NONE', ( #4940 ), #3803, .T. ) ;
#1129 = LINE ( 'NONE', #4640, #1072 ) ;
#1130 = CARTESIAN_POINT ( 'NONE',  ( 16.96596284229220300, 0.8500000200199266900, 6.049999910120152300 ) ) ;
#1131 = DIRECTION ( 'NONE',  ( -7.700299520493638400E-017, -1.000000000000000000, 0.0000000000000000000 ) ) ;
#1132 = ORIENTED_EDGE ( 'NONE', *, *, #1559, .F. ) ;
#1133 = LINE ( 'NONE', #1130, #1052 ) ;
#1134 = ORIENTED_EDGE ( 'NONE', *, *, #2365, .F. ) ;
#1135 = LINE ( 'NONE', #3160, #5289 ) ;
#1136 = CARTESIAN_POINT ( 'NONE',  ( 0.2500000000000000600, 0.2999999999999999900, -0.2500000000000000600 ) ) ;
#1137 = ORIENTED_EDGE ( 'NONE', *, *, #3001, .T. ) ;
#1138 = PLANE ( 'NONE',  #1188 ) ;
#1139 = PLANE ( 'NONE',  #1827 ) ;
#1140 = VECTOR ( 'NONE', #655, 1000.000000000000000 ) ;
#1141 = PRODUCT ( '8_88MW300_MODULE基板（なし）', '8_88MW300_MODULE基板（なし）', '', ( #3016 ) ) ;
#1142 = LINE ( 'NONE', #3678, #1121 ) ;
#1143 = EDGE_CURVE ( 'NONE', #2184, #3034, #4677, .T. ) ;
#1144 = CARTESIAN_POINT ( 'NONE',  ( 8.050000000000034500, -0.1749999999999893900, 2.199999999999939800 ) ) ;
#1145 = ORIENTED_EDGE ( 'NONE', *, *, #4416, .T. ) ;
#1146 = CARTESIAN_POINT ( 'NONE',  ( 0.2500000000000000000, 0.02999999999999995400, 0.2500000000000000000 ) ) ;
#1147 = CARTESIAN_POINT ( 'NONE',  ( -0.4700000000000000300, 0.3200000000000000100, 0.2500000000000000000 ) ) ;
#1148 = VECTOR ( 'NONE', #1181, 1000.000000000000000 ) ;
#1149 = FACE_OUTER_BOUND ( 'NONE', #4154, .T. ) ;
#1150 = ORIENTED_EDGE ( 'NONE', *, *, #1650, .T. ) ;
#1151 = DIRECTION ( 'NONE',  ( -0.0000000000000000000, -0.0000000000000000000, -1.000000000000000000 ) ) ;
#1152 = AXIS2_PLACEMENT_3D ( 'NONE', #147, #1434, #4069 ) ;
#1153 = CARTESIAN_POINT ( 'NONE',  ( -8.049999999999981200, -0.1750001884497382500, -5.075000033366445800 ) ) ;
#1154 = SHAPE_REPRESENTATION_RELATIONSHIP ( 'NONE' , 'NONE' ,  #2654, #1158 ) ;
#1155 = VECTOR ( 'NONE', #3260, 1000.000000000000000 ) ;
#1156 = AXIS2_PLACEMENT_3D ( 'NONE', #2635, #1779, #4591 ) ;
#1157 = DIRECTION ( 'NONE',  ( -1.000000000000000000, -0.0000000000000000000, 1.084202172485504400E-016 ) ) ;
#1158 = ADVANCED_BREP_SHAPE_REPRESENTATION ( '', ( #3312, #2338 ), #425 ) ;
#1159 = ORIENTED_EDGE ( 'NONE', *, *, #720, .T. ) ;
#1160 = CARTESIAN_POINT ( 'NONE',  ( -3.749999999999975600, 0.2999999999999877800, 6.250000000000010700 ) ) ;
#1161 = ORIENTED_EDGE ( 'NONE', *, *, #2678, .T. ) ;
#1162 = CARTESIAN_POINT ( 'NONE',  ( -8.249999999999978700, 1.239999999999999800, -6.050000033366454300 ) ) ;
#1163 = FACE_OUTER_BOUND ( 'NONE', #2320, .T. ) ;
#1164 = EDGE_CURVE ( 'NONE', #4679, #4340, #3391, .T. ) ;
#1165 = ORIENTED_EDGE ( 'NONE', *, *, #2182, .F. ) ;
#1166 = AXIS2_PLACEMENT_3D ( 'NONE', #71, #4637, #4610 ) ;
#1167 = PLANE ( 'NONE',  #718 ) ;
#1168 = CARTESIAN_POINT ( 'NONE',  ( 0.0000000000000000000, 0.2999999999999999900, 0.0000000000000000000 ) ) ;
#1169 = LINE ( 'NONE', #3506, #1126 ) ;
#1170 = PLANE ( 'NONE',  #5334 ) ;
#1171 = CARTESIAN_POINT ( 'NONE',  ( -7.850000000000023600, 0.8500000000000105200, 25.84595613157528100 ) ) ;
#1172 = VECTOR ( 'NONE', #2379, 1000.000000000000000 ) ;
#1173 = VERTEX_POINT ( 'NONE', #2285 ) ;
#1174 = UNCERTAINTY_MEASURE_WITH_UNIT (LENGTH_MEASURE( 1.000000000000000100E-005 ), #265, 'distance_accuracy_value', 'NONE');
#1175 = CARTESIAN_POINT ( 'NONE',  ( -8.000000000000007100, 0.2999999999999877800, -6.249999999999955600 ) ) ;
#1176 = EDGE_LOOP ( 'NONE', ( #5241, #1032, #3679, #5113 ) ) ;
#1177 = FACE_OUTER_BOUND ( 'NONE', #861, .T. ) ;
#1178 = CARTESIAN_POINT ( 'NONE',  ( 7.850000000000023600, 1.240000000000000700, 6.450000000000011700 ) ) ;
#1179 = AXIS2_PLACEMENT_3D ( 'NONE', #651, #635, #630 ) ;
#1180 = DIRECTION ( 'NONE',  ( 0.0000000000000000000, -4.731064025391334200E-015, -1.000000000000000000 ) ) ;
#1181 = DIRECTION ( 'NONE',  ( 0.0000000000000000000, 1.000000000000000000, -3.652049423109043600E-015 ) ) ;
#1182 = EDGE_CURVE ( 'NONE', #3064, #3258, #4612, .T. ) ;
#1183 = CARTESIAN_POINT ( 'NONE',  ( -8.049999999999979400, -0.1749999799800748500, 5.074999910120152600 ) ) ;
#1184 = LINE ( 'NONE', #4825, #1222 ) ;
#1185 = EDGE_CURVE ( 'NONE', #3976, #5310, #4606, .T. ) ;
#1186 = VECTOR ( 'NONE', #4498, 1000.000000000000000 ) ;
#1187 = FACE_OUTER_BOUND ( 'NONE', #2427, .T. ) ;
#1188 = AXIS2_PLACEMENT_3D ( 'NONE', #1421, #1120, #1094 ) ;
#1189 = CARTESIAN_POINT ( 'NONE',  ( -8.000000000000007100, 0.2999999999999886600, -25.84595613157522500 ) ) ;
#1190 = FACE_OUTER_BOUND ( 'NONE', #3468, .T. ) ;
#1191 = PLANE ( 'NONE',  #2067 ) ;
#1192 = CARTESIAN_POINT ( 'NONE',  ( 0.0000000000000000000, 0.5000000000000000000, 0.0000000000000000000 ) ) ;
#1193 = CARTESIAN_POINT ( 'NONE',  ( 4.450000000000009900, -6.071532165918824800E-015, -6.249999999999957400 ) ) ;
#1194 = EDGE_CURVE ( 'NONE', #2573, #5248, #4380, .T. ) ;
#1195 = DIRECTION ( 'NONE',  ( 0.0000000000000000000, 0.0000000000000000000, -1.000000000000000000 ) ) ;
#1196 = AXIS2_PLACEMENT_3D ( 'NONE', #2700, #4137, #321 ) ;
#1197 = CARTESIAN_POINT ( 'NONE',  ( -0.2500000000000000600, 1.059016994374947200, -0.2500000000000000000 ) ) ;
#1198 = ORIENTED_EDGE ( 'NONE', *, *, #516, .F. ) ;
#1199 = ADVANCED_FACE ( 'NONE', ( #4487 ), #4992, .T. ) ;
#1200 = VERTEX_POINT ( 'NONE', #3114 ) ;
#1201 = FACE_OUTER_BOUND ( 'NONE', #1058, .T. ) ;
#1202 = VERTEX_POINT ( 'NONE', #4997 ) ;
#1203 = B_SPLINE_CURVE_WITH_KNOTS ( 'NONE', 3,
 ( #3030, #996, #1410, #188, #3179, #3802 ),
 .UNSPECIFIED., .F., .F.,
 ( 4, 2, 4 ),
 ( 0.0000000000000000000, 0.5000000000000000000, 1.000000000000000000 ),
 .UNSPECIFIED. ) ;
#1204 = PLANE ( 'NONE',  #5369 ) ;
#1205 = ORIENTED_EDGE ( 'NONE', *, *, #2404, .T. ) ;
#1206 = PLANE ( 'NONE',  #2444 ) ;
#1207 = DIRECTION ( 'NONE',  ( -1.000000000000000000, 0.0000000000000000000, 0.0000000000000000000 ) ) ;
#1208 = VECTOR ( 'NONE', #1380, 1000.000000000000000 ) ;
#1209 = EDGE_CURVE ( 'NONE', #1880, #4669, #4328, .T. ) ;
#1210 = VERTEX_POINT ( 'NONE', #2030 ) ;
#1211 = CARTESIAN_POINT ( 'NONE',  ( -0.2500000000000000000, 0.2999999999999999900, 0.2500000000000000000 ) ) ;
#1212 = LINE ( 'NONE', #1245, #931 ) ;
#1213 = ORIENTED_EDGE ( 'NONE', *, *, #3573, .F. ) ;
#1214 = ORIENTED_EDGE ( 'NONE', *, *, #1143, .T. ) ;
#1215 = CARTESIAN_POINT ( 'NONE',  ( 2.350000000000018700, -6.071532165918824800E-015, -25.84595613157522500 ) ) ;
#1216 = LINE ( 'NONE', #501, #1208 ) ;
#1217 = ORIENTED_EDGE ( 'NONE', *, *, #4996, .T. ) ;
#1218 = CARTESIAN_POINT ( 'NONE',  ( 7.850000000000023600, 1.249999999999999800, -1.850000000000018300 ) ) ;
#1219 = EDGE_CURVE ( 'NONE', #1771, #3974, #4951, .T. ) ;
#1220 = ADVANCED_FACE ( 'NONE', ( #896 ), #3165, .T. ) ;
#1221 = DIRECTION ( 'NONE',  ( 0.0000000000000000000, -1.000000000000000000, 0.0000000000000000000 ) ) ;
#1222 = VECTOR ( 'NONE', #3115, 1000.000000000000000 ) ;
#1223 = DIRECTION ( 'NONE',  ( -1.000000000000000000, 0.0000000000000000000, 0.0000000000000000000 ) ) ;
#1224 = DIRECTION ( 'NONE',  ( 0.0000000000000000000, 1.000000000000000000, 0.0000000000000000000 ) ) ;
#1225 = DIRECTION ( 'NONE',  ( -1.000000000000000000, 0.0000000000000000000, 0.0000000000000000000 ) ) ;
#1226 = ORIENTED_EDGE ( 'NONE', *, *, #2563, .T. ) ;
#1227 = VECTOR ( 'NONE', #736, 1000.000000000000000 ) ;
#1228 = EDGE_CURVE ( 'NONE', #1285, #2577, #2746, .T. ) ;
#1229 = VECTOR ( 'NONE', #1278, 1000.000000000000000 ) ;
#1230 = ORIENTED_EDGE ( 'NONE', *, *, #1262, .T. ) ;
#1231 = CARTESIAN_POINT ( 'NONE',  ( -7.850000000000023600, 1.450000000000000000, 6.049999999999999800 ) ) ;
#1232 = ORIENTED_EDGE ( 'NONE', *, *, #4451, .T. ) ;
#1233 = AXIS2_PLACEMENT_3D ( 'NONE', #4977, #1253, #3858 ) ;
#1234 = DIRECTION ( 'NONE',  ( 0.0000000000000000000, 0.0000000000000000000, 1.000000000000000000 ) ) ;
#1235 = FACE_OUTER_BOUND ( 'NONE', #5005, .T. ) ;
#1236 = VECTOR ( 'NONE', #601, 1000.000000000000000 ) ;
#1237 = SURFACE_SIDE_STYLE ('',( #1786 ) ) ;
#1238 = DIRECTION ( 'NONE',  ( 0.0000000000000000000, 3.469446951953653600E-015, 1.000000000000000000 ) ) ;
#1239 = ORIENTED_EDGE ( 'NONE', *, *, #2534, .T. ) ;
#1240 = AXIS2_PLACEMENT_3D ( 'NONE', #1197, #378, #387 ) ;
#1241 = PLANE ( 'NONE',  #502 ) ;
#1242 = ADVANCED_FACE ( 'NONE', ( #3482 ), #5081, .T. ) ;
#1243 = DIRECTION ( 'NONE',  ( 0.0000000000000000000, -0.0000000000000000000, 1.000000000000000000 ) ) ;
#1244 = DIRECTION ( 'NONE',  ( 0.0000000000000000000, 0.0000000000000000000, 1.000000000000000000 ) ) ;
#1245 = CARTESIAN_POINT ( 'NONE',  ( 16.96596284229220300, 0.2999998023103072100, -3.850000033366471900 ) ) ;
#1246 = DIRECTION ( 'NONE',  ( 0.0000000000000000000, 1.000000000000000000, 0.0000000000000000000 ) ) ;
#1247 = AXIS2_PLACEMENT_3D ( 'NONE', #1066, #1062, #424 ) ;
#1248 = EDGE_CURVE ( 'NONE', #2005, #2800, #4709, .T. ) ;
#1249 = EDGE_LOOP ( 'NONE', ( #2023, #4224, #3549, #850 ) ) ;
#1250 = CARTESIAN_POINT ( 'NONE',  ( -8.380715139640129200, 1.239999999999998000, -1.850000000000059200 ) ) ;
#1251 = DIRECTION ( 'NONE',  ( -0.0000000000000000000, 1.000000000000000000, -0.0000000000000000000 ) ) ;
#1252 = PLANE ( 'NONE',  #1875 ) ;
#1253 = DIRECTION ( 'NONE',  ( -1.000000000000000000, 0.0000000000000000000, 0.0000000000000000000 ) ) ;
#1254 = PLANE ( 'NONE',  #3389 ) ;
#1255 = CARTESIAN_POINT ( 'NONE',  ( 7.850000000000023600, 1.450000000000000000, -6.049999999999999800 ) ) ;
#1256 = VECTOR ( 'NONE', #4335, 1000.000000000000000 ) ;
#1257 = VERTEX_POINT ( 'NONE', #4278 ) ;
#1258 = ORIENTED_EDGE ( 'NONE', *, *, #3394, .T. ) ;
#1259 = CARTESIAN_POINT ( 'NONE',  ( -3.749999999999975600, 0.2999999999999886600, 25.84595613157528100 ) ) ;
#1260 = CARTESIAN_POINT ( 'NONE',  ( -3.749999999999975600, -6.071532165918824800E-015, 25.84595613157528100 ) ) ;
#1261 = EDGE_LOOP ( 'NONE', ( #3815, #4169, #2659, #3873, #270, #995, #1507, #5106, #299, #2343, #5200, #3723, #1589, #3301, #3767, #83 ) ) ;
#1262 = EDGE_CURVE ( 'NONE', #967, #5263, #4449, .T. ) ;
#1263 = CARTESIAN_POINT ( 'NONE',  ( 8.000000000000007100, 0.2999999999999886600, -25.84595613157522500 ) ) ;
#1264 = AXIS2_PLACEMENT_3D ( 'NONE', #4052, #4111, #4124 ) ;
#1265 = LINE ( 'NONE', #1502, #3369 ) ;
#1266 = ORIENTED_EDGE ( 'NONE', *, *, #3598, .T. ) ;
#1267 = PLANE ( 'NONE',  #4266 ) ;
#1268 = LINE ( 'NONE', #521, #1229 ) ;
#1269 = CARTESIAN_POINT ( 'NONE',  ( 8.250000000000035500, 1.239999999999998000, -1.850000000000059200 ) ) ;
#1270 = DIRECTION ( 'NONE',  ( -0.0000000000000000000, 0.0000000000000000000, 1.000000000000000000 ) ) ;
#1271 = MECHANICAL_DESIGN_GEOMETRIC_PRESENTATION_REPRESENTATION (  '', ( #1459 ), #1083 ) ;
#1272 = VECTOR ( 'NONE', #523, 1000.000000000000000 ) ;
#1273 = EDGE_CURVE ( 'NONE', #3034, #3503, #4768, .T. ) ;
#1274 = DIRECTION ( 'NONE',  ( -1.000000000000000000, 0.0000000000000000000, 0.0000000000000000000 ) ) ;
#1275 = AXIS2_PLACEMENT_3D ( 'NONE', #673, #2595, #4539 ) ;
#1276 = CARTESIAN_POINT ( 'NONE',  ( 8.250000000000035500, 1.450000000000000000, -6.049999999999999800 ) ) ;
#1277 = LINE ( 'NONE', #4445, #1155 ) ;
#1278 = DIRECTION ( 'NONE',  ( 0.0000000000000000000, 0.0000000000000000000, -1.000000000000000000 ) ) ;
#1279 = CARTESIAN_POINT ( 'NONE',  ( -8.380715139640129200, -0.1749999999999911300, 2.424999999999970500 ) ) ;
#1280 = LINE ( 'NONE', #4970, #1123 ) ;
#1281 = CONTEXT_DEPENDENT_SHAPE_REPRESENTATION ( #5392, #402 ) ;
#1282 = ADVANCED_FACE ( 'NONE', ( #5110 ), #2247, .F. ) ;
#1283 = ORIENTED_EDGE ( 'NONE', *, *, #973, .T. ) ;
#1284 = CIRCLE ( 'NONE', #577, 0.3000000000000224700 ) ;
#1285 = VERTEX_POINT ( 'NONE', #4384 ) ;
#1286 = CARTESIAN_POINT ( 'NONE',  ( -8.249999999999978700, 0.2999999897618094200, -1.226394104966750400 ) ) ;
#1287 = AXIS2_PLACEMENT_3D ( 'NONE', #3207, #2102, #2017 ) ;
#1288 = VERTEX_POINT ( 'NONE', #5003 ) ;
#1289 = ORIENTED_EDGE ( 'NONE', *, *, #196, .T. ) ;
#1290 = VECTOR ( 'NONE', #4286, 1000.000000000000000 ) ;
#1291 = EDGE_LOOP ( 'NONE', ( #476, #2360, #4691, #3448 ) ) ;
#1292 = ORIENTED_EDGE ( 'NONE', *, *, #2435, .T. ) ;
#1293 = ORIENTED_EDGE ( 'NONE', *, *, #3781, .T. ) ;
#1294 = DIRECTION ( 'NONE',  ( 0.0000000000000000000, -0.0000000000000000000, 1.000000000000000000 ) ) ;
#1295 = VECTOR ( 'NONE', #4724, 1000.000000000000000 ) ;
#1296 = DIRECTION ( 'NONE',  ( 0.0000000000000000000, 1.032573497605219500E-016, -1.000000000000000000 ) ) ;
#1297 = CARTESIAN_POINT ( 'NONE',  ( 8.050000000000034500, 0.3000000000000693200, 2.424999999999970500 ) ) ;
#1298 = AXIS2_PLACEMENT_3D ( 'NONE', #4638, #462, #2830 ) ;
#1299 = CARTESIAN_POINT ( 'NONE',  ( 4.450000000000009900, 0.2999999999999877800, -6.449999999999955800 ) ) ;
#1300 = ADVANCED_FACE ( 'NONE', ( #3425 ), #1992, .T. ) ;
#1301 = FACE_OUTER_BOUND ( 'NONE', #3306, .T. ) ;
#1302 = DIRECTION ( 'NONE',  ( 0.0000000000000000000, -1.000000000000000000, 0.0000000000000000000 ) ) ;
#1303 = CARTESIAN_POINT ( 'NONE',  ( 2.350000000000018700, 0.2999999999999877800, 6.250000000000010700 ) ) ;
#1304 = PLANE ( 'NONE',  #1322 ) ;
#1305 = CARTESIAN_POINT ( 'NONE',  ( -8.039999999999979600, 1.239999999999999500, 6.049999910120153100 ) ) ;
#1306 = SURFACE_STYLE_FILL_AREA ( #3898 ) ;
#1307 = ORIENTED_EDGE ( 'NONE', *, *, #2959, .T. ) ;
#1308 = VECTOR ( 'NONE', #4175, 1000.000000000000000 ) ;
#1309 = STYLED_ITEM ( 'NONE', ( #4060 ), #3695 ) ;
#1310 = EDGE_CURVE ( 'NONE', #3864, #4512, #5174, .T. ) ;
#1311 = VERTEX_POINT ( 'NONE', #1947 ) ;
#1312 = ORIENTED_EDGE ( 'NONE', *, *, #2225, .T. ) ;
#1313 = CARTESIAN_POINT ( 'NONE',  ( -8.249999999999978700, -1.976897066185978600E-007, -1.750000033366425000 ) ) ;
#1314 = DIRECTION ( 'NONE',  ( 0.0000000000000000000, 1.000000000000000000, 0.0000000000000000000 ) ) ;
#1315 = DIRECTION ( 'NONE',  ( 0.0000000000000000000, -1.000000000000000000, 0.0000000000000000000 ) ) ;
#1316 = VERTEX_POINT ( 'NONE', #4189 ) ;
#1317 = ORIENTED_EDGE ( 'NONE', *, *, #2978, .F. ) ;
#1318 = EDGE_CURVE ( 'NONE', #1173, #5286, #1646, .T. ) ;
#1319 = EDGE_LOOP ( 'NONE', ( #1927, #4106, #4232, #428 ) ) ;
#1320 = DIRECTION ( 'NONE',  ( 0.0000000000000000000, 0.0000000000000000000, 1.000000000000000000 ) ) ;
#1321 = LINE ( 'NONE', #4831, #5405 ) ;
#1322 = AXIS2_PLACEMENT_3D ( 'NONE', #1259, #730, #727 ) ;
#1323 = CARTESIAN_POINT ( 'NONE',  ( -0.5000000000000000000, 0.5000000000000000000, -0.2499999999999999400 ) ) ;
#1324 = ORIENTED_EDGE ( 'NONE', *, *, #508, .T. ) ;
#1325 = CYLINDRICAL_SURFACE ( 'NONE', #4424, 0.2250000000000030300 ) ;
#1326 = ORIENTED_EDGE ( 'NONE', *, *, #3720, .T. ) ;
#1327 = LINE ( 'NONE', #4372, #4678 ) ;
#1328 = CARTESIAN_POINT ( 'NONE',  ( -8.249999999999978700, -39.79214906653888300, 6.049999999999999800 ) ) ;
#1329 = CARTESIAN_POINT ( 'NONE',  ( -0.2499999999999999400, 0.5000000000000000000, -0.2500000000000000000 ) ) ;
#1330 = LINE ( 'NONE', #3657, #1848 ) ;
#1331 = ORIENTED_EDGE ( 'NONE', *, *, #4451, .F. ) ;
#1332 = DIRECTION ( 'NONE',  ( 1.084202172485504400E-016, -0.0000000000000000000, 1.000000000000000000 ) ) ;
#1333 = CARTESIAN_POINT ( 'NONE',  ( -8.000000000000007100, 0.8500000000000105200, -6.249999999999957400 ) ) ;
#1334 = ORIENTED_EDGE ( 'NONE', *, *, #3590, .T. ) ;
#1335 = ORIENTED_EDGE ( 'NONE', *, *, #4899, .F. ) ;
#1336 = FACE_OUTER_BOUND ( 'NONE', #436, .T. ) ;
#1337 = DIRECTION ( 'NONE',  ( 0.0000000000000000000, 0.0000000000000000000, 1.000000000000000000 ) ) ;
#1338 = ADVANCED_FACE ( 'NONE', ( #1163 ), #3912, .T. ) ;
#1339 = CARTESIAN_POINT ( 'NONE',  ( 8.050000000000036200, 4.510281037539698400E-014, -1.850000000000059200 ) ) ;
#1340 = ORIENTED_EDGE ( 'NONE', *, *, #2306, .F. ) ;
#1341 = LINE ( 'NONE', #5292, #1466 ) ;
#1342 = VECTOR ( 'NONE', #447, 1000.000000000000000 ) ;
#1343 = EDGE_CURVE ( 'NONE', #3924, #2032, #4458, .T. ) ;
#1344 = CARTESIAN_POINT ( 'NONE',  ( 8.250000000000035500, 0.3000000000000693200, 0.2499999999999876500 ) ) ;
#1345 = DIRECTION ( 'NONE',  ( 1.000000000000000000, 0.0000000000000000000, 0.0000000000000000000 ) ) ;
#1346 = CARTESIAN_POINT ( 'NONE',  ( -8.039999999999979600, 1.249999999999999100, 6.049999999999999800 ) ) ;
#1347 = DIRECTION ( 'NONE',  ( 0.0000000000000000000, 0.0000000000000000000, 1.000000000000000000 ) ) ;
#1348 = LINE ( 'NONE', #1260, #1272 ) ;
#1349 = VECTOR ( 'NONE', #1315, 1000.000000000000000 ) ;
#1350 = CARTESIAN_POINT ( 'NONE',  ( -0.2500000000000000600, 0.2999999999999999900, -0.2500000000000000000 ) ) ;
#1351 = ADVANCED_FACE ( 'NONE', ( #4913 ), #421, .T. ) ;
#1352 = CARTESIAN_POINT ( 'NONE',  ( -0.2499999999999999400, 0.5000000000000000000, -0.2500000000000000000 ) ) ;
#1353 = CARTESIAN_POINT ( 'NONE',  ( -7.850000000000023600, -39.79214906653888300, 6.049999999999999800 ) ) ;
#1354 = CARTESIAN_POINT ( 'NONE',  ( 2.350000000000018700, -6.938893903907228400E-015, 6.450000000000011700 ) ) ;
#1355 = ORIENTED_EDGE ( 'NONE', *, *, #5349, .T. ) ;
#1356 = EDGE_CURVE ( 'NONE', #897, #3220, #5401, .T. ) ;
#1357 = FACE_OUTER_BOUND ( 'NONE', #2445, .T. ) ;
#1358 = EDGE_CURVE ( 'NONE', #1446, #3934, #1321, .T. ) ;
#1359 = LINE ( 'NONE', #3735, #62 ) ;
#1360 = DIRECTION ( 'NONE',  ( 1.000000000000000000, 0.0000000000000000000, 0.0000000000000000000 ) ) ;
#1361 = CARTESIAN_POINT ( 'NONE',  ( 7.850000000000023600, 1.249999999999999300, 6.450000000000011700 ) ) ;
#1362 = VECTOR ( 'NONE', #1296, 1000.000000000000000 ) ;
#1363 = EDGE_LOOP ( 'NONE', ( #1355, #2290, #254, #1076 ) ) ;
#1364 = DIRECTION ( 'NONE',  ( 0.0000000000000000000, -3.652049423109043600E-015, -1.000000000000000000 ) ) ;
#1366 = VECTOR ( 'NONE', #3886, 1000.000000000000000 ) ;
#1365 = AXIS2_PLACEMENT_3D ( 'NONE', #620, #141, #432 ) ;
#1367 = COLOUR_RGB ( '',0.7921568627450980000, 0.8196078431372548800, 0.9333333333333333500 ) ;
#1368 = LINE ( 'NONE', #1303, #1349 ) ;
#1369 = DIRECTION ( 'NONE',  ( 0.0000000000000000000, 0.0000000000000000000, 1.000000000000000000 ) ) ;
#1370 = CARTESIAN_POINT ( 'NONE',  ( -8.249999999999978700, -0.1749999799800748500, 5.074999910120152600 ) ) ;
#1371 = VERTEX_POINT ( 'NONE', #224 ) ;
#1372 = EDGE_LOOP ( 'NONE', ( #2589, #3599, #4520, #564, #773, #3169, #1515, #458, #1969, #4307, #4776, #3050, #437, #5211, #413, #3856, #2438, #494, #1873, #2728, #488, #2744, #3239, #1572, #419, #1292, #440, #3354 ) ) ;
#1373 = FACE_OUTER_BOUND ( 'NONE', #2081, .T. ) ;
#1374 = ORIENTED_EDGE ( 'NONE', *, *, #4500, .F. ) ;
#1375 = CARTESIAN_POINT ( 'NONE',  ( -8.049999999999979400, -0.3999999753600981300, 4.849999910120177800 ) ) ;
#1376 = CARTESIAN_POINT ( 'NONE',  ( -8.049999999999979400, 0.3000000200199318100, 6.199999910120138400 ) ) ;
#1377 = VECTOR ( 'NONE', #467, 1000.000000000000000 ) ;
#1378 = EDGE_CURVE ( 'NONE', #5122, #4340, #5004, .T. ) ;
#1379 = ORIENTED_EDGE ( 'NONE', *, *, #2306, .T. ) ;
#1380 = DIRECTION ( 'NONE',  ( -0.0000000000000000000, -0.0000000000000000000, -1.000000000000000000 ) ) ;
#1381 = DIRECTION ( 'NONE',  ( 1.000000000000000000, 0.0000000000000000000, 0.0000000000000000000 ) ) ;
#1382 = LINE ( 'NONE', #1313, #1342 ) ;
#1383 =( NAMED_UNIT ( * ) PLANE_ANGLE_UNIT ( ) SI_UNIT ( $, .RADIAN. ) );
#1384 = DIRECTION ( 'NONE',  ( 1.084202172485504100E-016, 0.0000000000000000000, -1.000000000000000000 ) ) ;
#1385 = DIRECTION ( 'NONE',  ( -0.0000000000000000000, 1.000000000000000000, -0.0000000000000000000 ) ) ;
#1386 = ORIENTED_EDGE ( 'NONE', *, *, #2339, .F. ) ;
#1387 = LINE ( 'NONE', #473, #1419 ) ;
#1388 = CARTESIAN_POINT ( 'NONE',  ( -0.2500000000000000000, 0.0000000000000000000, 0.2500000000000000000 ) ) ;
#1389 = VERTEX_POINT ( 'NONE', #1050 ) ;
#1390 = ORIENTED_EDGE ( 'NONE', *, *, #5050, .T. ) ;
#1391 = CARTESIAN_POINT ( 'NONE',  ( 7.850000000000023600, 1.450000000000000000, -2.249999999999974200 ) ) ;
#1392 = VECTOR ( 'NONE', #3814, 1000.000000000000000 ) ;
#1393 = EDGE_CURVE ( 'NONE', #1531, #151, #3383, .T. ) ;
#1394 = LINE ( 'NONE', #422, #1362 ) ;
#1395 = CARTESIAN_POINT ( 'NONE',  ( 7.850000000000023600, 1.450000000000000000, -6.249999999999957400 ) ) ;
#1396 = LINE ( 'NONE', #3205, #1366 ) ;
#1397 = PLANE ( 'NONE',  #3611 ) ;
#1398 = DIRECTION ( 'NONE',  ( -0.0000000000000000000, -1.000000000000000000, -0.0000000000000000000 ) ) ;
#1399 = ORIENTED_EDGE ( 'NONE', *, *, #326, .T. ) ;
#1400 = CARTESIAN_POINT ( 'NONE',  ( -0.2500000000000000000, 0.0000000000000000000, 0.2500000000000000000 ) ) ;
#1401 = CARTESIAN_POINT ( 'NONE',  ( 8.040000000000034700, 1.239999999999999500, -24.15568132692542500 ) ) ;
#1402 = DIRECTION ( 'NONE',  ( 0.0000000000000000000, 0.0000000000000000000, 1.000000000000000000 ) ) ;
#1403 = FACE_OUTER_BOUND ( 'NONE', #5088, .T. ) ;
#1404 = CARTESIAN_POINT ( 'NONE',  ( -7.850000000000023600, 1.249999999999999300, -6.449999999999955800 ) ) ;
#1405 = LINE ( 'NONE', #1344, #1256 ) ;
#1406 = ORIENTED_EDGE ( 'NONE', *, *, #3366, .T. ) ;
#1407 = EDGE_CURVE ( 'NONE', #72, #4352, #5408, .T. ) ;
#1408 = DIRECTION ( 'NONE',  ( 0.0000000000000000000, 0.0000000000000000000, 1.000000000000000000 ) ) ;
#1409 = ORIENTED_EDGE ( 'NONE', *, *, #4128, .T. ) ;
#1410 = CARTESIAN_POINT ( 'NONE',  ( -8.227367649758042100, 1.349617198340288700, 6.049999940080101400 ) ) ;
#1411 = DIRECTION ( 'NONE',  ( -1.000000000000000000, 0.0000000000000000000, 0.0000000000000000000 ) ) ;
#1412 = VECTOR ( 'NONE', #354, 1000.000000000000000 ) ;
#1413 = ADVANCED_FACE ( 'NONE', ( #693 ), #5008, .F. ) ;
#1414 = VERTEX_POINT ( 'NONE', #1921 ) ;
#1415 = CLOSED_SHELL ( 'NONE', ( #5364, #785, #1700, #3822, #1486, #3349 ) ) ;
#1416 =( NAMED_UNIT ( * ) SI_UNIT ( $, .STERADIAN. ) SOLID_ANGLE_UNIT ( ) );
#1417 = ORIENTED_EDGE ( 'NONE', *, *, #1650, .F. ) ;
#1418 = LINE ( 'NONE', #5180, #1795 ) ;
#1419 = VECTOR ( 'NONE', #484, 1000.000000000000000 ) ;
#1420 = CARTESIAN_POINT ( 'NONE',  ( -8.249999999999978700, 0.3000000200199318100, 6.199999910120138400 ) ) ;
#1421 = CARTESIAN_POINT ( 'NONE',  ( 4.450000000000009900, 0.2999999999999886600, -25.84595613157522500 ) ) ;
#1422 = LINE ( 'NONE', #4593, #1295 ) ;
#1423 = VECTOR ( 'NONE', #593, 1000.000000000000000 ) ;
#1424 = ADVANCED_FACE ( 'NONE', ( #5210 ), #2260, .F. ) ;
#1425 = DIRECTION ( 'NONE',  ( -1.000000000000000000, -0.0000000000000000000, 1.084202172485504200E-016 ) ) ;
#1426 = LINE ( 'NONE', #407, #1377 ) ;
#1427 = DIRECTION ( 'NONE',  ( -0.0000000000000000000, -1.000000000000000000, 0.0000000000000000000 ) ) ;
#1428 = CARTESIAN_POINT ( 'NONE',  ( -8.380715139640129200, 0.3000000000000675500, 0.2499999999999876500 ) ) ;
#1429 = CIRCLE ( 'NONE', #1790, 0.2250000000000029800 ) ;
#1430 = DIRECTION ( 'NONE',  ( 0.0000000000000000000, 0.0000000000000000000, 1.000000000000000000 ) ) ;
#1431 = EDGE_CURVE ( 'NONE', #3836, #4944, #3396, .T. ) ;
#1432 = LINE ( 'NONE', #348, #1423 ) ;
#1433 = LINE ( 'NONE', #1175, #1451 ) ;
#1434 = DIRECTION ( 'NONE',  ( -1.000000000000000000, 0.0000000000000000000, 1.084202172485504300E-016 ) ) ;
#1435 = LINE ( 'NONE', #1667, #1172 ) ;
#1436 = FACE_OUTER_BOUND ( 'NONE', #826, .T. ) ;
#1437 = DIRECTION ( 'NONE',  ( -0.0000000000000000000, -0.0000000000000000000, -1.000000000000000000 ) ) ;
#1438 = CARTESIAN_POINT ( 'NONE',  ( 7.850000000000023600, 1.450000000000000000, -1.850000000000018300 ) ) ;
#1439 = EDGE_CURVE ( 'NONE', #3904, #5207, #4845, .T. ) ;
#1440 = VERTEX_POINT ( 'NONE', #1860 ) ;
#1441 = AXIS2_PLACEMENT_3D ( 'NONE', #1956, #3075, #2906 ) ;
#1442 = VERTEX_POINT ( 'NONE', #1077 ) ;
#1443 = AXIS2_PLACEMENT_3D ( 'NONE', #2313, #3378, #513 ) ;
#1444 = DIRECTION ( 'NONE',  ( 0.0000000000000000000, 0.0000000000000000000, 1.000000000000000000 ) ) ;
#1445 = VECTOR ( 'NONE', #319, 1000.000000000000000 ) ;
#1446 = VERTEX_POINT ( 'NONE', #2015 ) ;
#1447 = ORIENTED_EDGE ( 'NONE', *, *, #1095, .T. ) ;
#1448 = VECTOR ( 'NONE', #1385, 1000.000000000000000 ) ;
#1449 = VECTOR ( 'NONE', #4426, 1000.000000000000000 ) ;
#1450 = COLOUR_RGB ( '',0.0000000000000000000, 1.000000000000000000, 0.0000000000000000000 ) ;
#1451 = VECTOR ( 'NONE', #372, 1000.000000000000000 ) ;
#1452 = VECTOR ( 'NONE', #338, 1000.000000000000000 ) ;
#1453 = ORIENTED_EDGE ( 'NONE', *, *, #2703, .T. ) ;
#1454 = CIRCLE ( 'NONE', #2652, 0.009999999999999592500 ) ;
#1455 = VECTOR ( 'NONE', #5080, 1000.000000000000000 ) ;
#1456 = LINE ( 'NONE', #397, #1412 ) ;
#1457 = VERTEX_POINT ( 'NONE', #2670 ) ;
#1458 = ORIENTED_EDGE ( 'NONE', *, *, #5199, .F. ) ;
#1459 = STYLED_ITEM ( 'NONE', ( #2293 ), #1158 ) ;
#1460 = EDGE_CURVE ( 'NONE', #3934, #4679, #5099, .T. ) ;
#1461 = LINE ( 'NONE', #708, #1227 ) ;
#1462 = LINE ( 'NONE', #337, #1445 ) ;
#1463 = ORIENTED_EDGE ( 'NONE', *, *, #2479, .F. ) ;
#1464 = ORIENTED_EDGE ( 'NONE', *, *, #2817, .T. ) ;
#1465 = VERTEX_POINT ( 'NONE', #864 ) ;
#1466 = VECTOR ( 'NONE', #2771, 1000.000000000000000 ) ;
#1467 = ORIENTED_EDGE ( 'NONE', *, *, #2248, .T. ) ;
#1468 = LINE ( 'NONE', #4304, #1455 ) ;
#1469 = FACE_OUTER_BOUND ( 'NONE', #871, .T. ) ;
#1470 = CARTESIAN_POINT ( 'NONE',  ( 10.70000400000000000, 0.8000000000000000400, -7.000112999999995400 ) ) ;
#1471 = ORIENTED_EDGE ( 'NONE', *, *, #2396, .T. ) ;
#1472 = LINE ( 'NONE', #1146, #1489 ) ;
#1473 = ORIENTED_EDGE ( 'NONE', *, *, #1182, .F. ) ;
#1474 = DIRECTION ( 'NONE',  ( 1.000000000000000000, 0.0000000000000000000, 0.0000000000000000000 ) ) ;
#1475 = VERTEX_POINT ( 'NONE', #155 ) ;
#1476 =( LENGTH_UNIT ( ) NAMED_UNIT ( * ) SI_UNIT ( .MILLI., .METRE. ) );
#1477 = EDGE_CURVE ( 'NONE', #21, #4980, #4917, .T. ) ;
#1478 = ORIENTED_EDGE ( 'NONE', *, *, #3137, .T. ) ;
#1479 = CARTESIAN_POINT ( 'NONE',  ( 8.250000000000035500, 1.249999999999999300, 6.049999999999999800 ) ) ;
#1480 = FACE_OUTER_BOUND ( 'NONE', #527, .T. ) ;
#1481 = CARTESIAN_POINT ( 'NONE',  ( -5.850000000000021800, -6.938893903907228400E-015, -6.449999999999955800 ) ) ;
#1482 = ADVANCED_FACE ( 'NONE', ( #1336 ), #1138, .T. ) ;
#1483 = ORIENTED_EDGE ( 'NONE', *, *, #508, .F. ) ;
#1484 = FACE_OUTER_BOUND ( 'NONE', #1291, .T. ) ;
#1485 = AXIS2_PLACEMENT_3D ( 'NONE', #4540, #4919, #2488 ) ;
#1486 = ADVANCED_FACE ( 'NONE', ( #5389 ), #1139, .T. ) ;
#1487 = DIRECTION ( 'NONE',  ( -0.0000000000000000000, -1.000000000000000000, -0.0000000000000000000 ) ) ;
#1488 = ORIENTED_EDGE ( 'NONE', *, *, #4243, .F. ) ;
#1489 = VECTOR ( 'NONE', #1151, 1000.000000000000000 ) ;
#1490 = EDGE_CURVE ( 'NONE', #652, #2583, #4927, .T. ) ;
#1491 = STYLED_ITEM ( 'NONE', ( #304 ), #5279 ) ;
#1492 = LINE ( 'NONE', #642, #1448 ) ;
#1493 = VERTEX_POINT ( 'NONE', #4618 ) ;
#1494 = LINE ( 'NONE', #267, #1497 ) ;
#1495 = ADVANCED_FACE ( 'NONE', ( #5066 ), #1869, .F. ) ;
#1496 = DIRECTION ( 'NONE',  ( -1.000000000000000000, 0.0000000000000000000, 0.0000000000000000000 ) ) ;
#1497 = VECTOR ( 'NONE', #2449, 1000.000000000000000 ) ;
#1498 = FACE_OUTER_BOUND ( 'NONE', #4140, .T. ) ;
#1499 = EDGE_CURVE ( 'NONE', #1626, #3373, #5064, .T. ) ;
#1500 = CARTESIAN_POINT ( 'NONE',  ( -3.749999999999975600, 0.2999999999999877800, 6.450000000000011700 ) ) ;
#1501 = VECTOR ( 'NONE', #3218, 1000.000000000000000 ) ;
#1502 = CARTESIAN_POINT ( 'NONE',  ( -7.850000000000023600, 1.450000000000000000, -6.049999999999999800 ) ) ;
#1503 = LINE ( 'NONE', #964, #1524 ) ;
#1504 = UNCERTAINTY_MEASURE_WITH_UNIT (LENGTH_MEASURE( 1.000000000000000100E-005 ), #19, 'distance_accuracy_value', 'NONE');
#1505 = VECTOR ( 'NONE', #2459, 1000.000000000000000 ) ;
#1506 = PRODUCT ( '8_88MW300_MODULE', '8_88MW300_MODULE', '', ( #4799 ) ) ;
#1507 = ORIENTED_EDGE ( 'NONE', *, *, #3922, .T. ) ;
#1508 = CARTESIAN_POINT ( 'NONE',  ( 0.4700000000000000300, 0.3200000000000000100, 0.2500000000000000000 ) ) ;
#1509 = EDGE_CURVE ( 'NONE', #2461, #3194, #5258, .T. ) ;
#1510 = CARTESIAN_POINT ( 'NONE',  ( -3.749999999999975600, 0.2999999999999877800, -6.449999999999955800 ) ) ;
#1511 = LINE ( 'NONE', #2406, #1546 ) ;
#1512 = DIRECTION ( 'NONE',  ( 0.0000000000000000000, -1.000000000000000000, 3.097720492815086500E-015 ) ) ;
#1513 = LINE ( 'NONE', #1729, #1452 ) ;
#1514 = VECTOR ( 'NONE', #3387, 1000.000000000000000 ) ;
#1515 = ORIENTED_EDGE ( 'NONE', *, *, #4099, .T. ) ;
#1516 = DIRECTION ( 'NONE',  ( -1.000000000000000000, 0.0000000000000000000, -0.0000000000000000000 ) ) ;
#1517 = CARTESIAN_POINT ( 'NONE',  ( -8.249999999999978700, 0.03000002925982944700, 1.749999910120184400 ) ) ;
#1518 = FACE_OUTER_BOUND ( 'NONE', #3903, .T. ) ;
#1519 = CARTESIAN_POINT ( 'NONE',  ( -0.2500000000000000000, 1.059016994374947200, 0.2500000000000000000 ) ) ;
#1520 = EDGE_CURVE ( 'NONE', #3869, #4114, #5056, .T. ) ;
#1521 = SURFACE_STYLE_USAGE ( .BOTH. , #4377 ) ;
#1522 = FACE_OUTER_BOUND ( 'NONE', #3298, .T. ) ;
#1523 = ORIENTED_EDGE ( 'NONE', *, *, #2679, .T. ) ;
#1524 = VECTOR ( 'NONE', #3851, 1000.000000000000000 ) ;
#1525 = CIRCLE ( 'NONE', #692, 0.2250000000000029800 ) ;
#1526 = ORIENTED_EDGE ( 'NONE', *, *, #3907, .F. ) ;
#1527 = VERTEX_POINT ( 'NONE', #697 ) ;
#1528 = PLANE ( 'NONE',  #2088 ) ;
#1529 = PLANE ( 'NONE',  #987 ) ;
#1530 = DIRECTION ( 'NONE',  ( 1.000000000000000000, 0.0000000000000000000, 0.0000000000000000000 ) ) ;
#1531 = VERTEX_POINT ( 'NONE', #510 ) ;
#1532 = EDGE_CURVE ( 'NONE', #4794, #3791, #5276, .T. ) ;
#1533 = FACE_OUTER_BOUND ( 'NONE', #3916, .T. ) ;
#1534 = VECTOR ( 'NONE', #2492, 1000.000000000000000 ) ;
#1535 = AXIS2_PLACEMENT_3D ( 'NONE', #3337, #2658, #4931 ) ;
#1536 = ORIENTED_EDGE ( 'NONE', *, *, #754, .F. ) ;
#1537 = CARTESIAN_POINT ( 'NONE',  ( 0.0000000000000000000, 0.0000000000000000000, 6.250000000000010700 ) ) ;
#1538 = CARTESIAN_POINT ( 'NONE',  ( -8.049999999999981200, 0.3000000200199283200, 5.074999910120151700 ) ) ;
#1539 = ORIENTED_EDGE ( 'NONE', *, *, #2767, .T. ) ;
#1540 = LINE ( 'NONE', #107, #1607 ) ;
#1541 = LINE ( 'NONE', #1767, #1534 ) ;
#1542 = DIRECTION ( 'NONE',  ( 0.0000000000000000000, -1.000000000000000000, 4.731064025391335000E-015 ) ) ;
#1543 = CARTESIAN_POINT ( 'NONE',  ( -8.000000000000007100, 0.8500000000000096400, -6.249999999999955600 ) ) ;
#1544 = EDGE_CURVE ( 'NONE', #5044, #3976, #5270, .T. ) ;
#1545 = VECTOR ( 'NONE', #3174, 1000.000000000000000 ) ;
#1546 = VECTOR ( 'NONE', #2557, 1000.000000000000000 ) ;
#1547 = ORIENTED_EDGE ( 'NONE', *, *, #1580, .F. ) ;
#1548 = CARTESIAN_POINT ( 'NONE',  ( 0.5000000000000000000, 1.059016994374947200, 0.2500000000000000000 ) ) ;
#1549 =( NAMED_UNIT ( * ) SI_UNIT ( $, .STERADIAN. ) SOLID_ANGLE_UNIT ( ) );
#1550 = CARTESIAN_POINT ( 'NONE',  ( 0.2500000000000000600, 1.059016994374947200, -0.2500000000000000600 ) ) ;
#1551 = EDGE_CURVE ( 'NONE', #4367, #2032, #5134, .T. ) ;
#1552 = CYLINDRICAL_SURFACE ( 'NONE', #5193, 0.2099999999999983800 ) ;
#1553 = ORIENTED_EDGE ( 'NONE', *, *, #4323, .F. ) ;
#1554 = DIRECTION ( 'NONE',  ( 1.000000000000000000, 0.0000000000000000000, 0.0000000000000000000 ) ) ;
#1555 = DIRECTION ( 'NONE',  ( 0.0000000000000000000, -1.000000000000000000, 0.0000000000000000000 ) ) ;
#1556 = LINE ( 'NONE', #2448, #1505 ) ;
#1557 = DIRECTION ( 'NONE',  ( 1.000000000000000000, -0.0000000000000000000, -0.0000000000000000000 ) ) ;
#1558 = ORIENTED_EDGE ( 'NONE', *, *, #448, .T. ) ;
#1559 = EDGE_CURVE ( 'NONE', #1763, #346, #3356, .T. ) ;
#1560 = ORIENTED_EDGE ( 'NONE', *, *, #1356, .F. ) ;
#1561 = PRESENTATION_LAYER_ASSIGNMENT (  '', '', ( #882 ) ) ;
#1562 = PLANE ( 'NONE',  #4740 ) ;
#1563 = ORIENTED_EDGE ( 'NONE', *, *, #4814, .F. ) ;
#1564 = LINE ( 'NONE', #2470, #1583 ) ;
#1565 = ORIENTED_EDGE ( 'NONE', *, *, #294, .F. ) ;
#1566 = VERTEX_POINT ( 'NONE', #3956 ) ;
#1567 = ORIENTED_EDGE ( 'NONE', *, *, #2862, .F. ) ;
#1568 = CARTESIAN_POINT ( 'NONE',  ( 0.4700000000000000300, 0.02999999999999997100, 0.2500000000000000000 ) ) ;
#1569 = PLANE ( 'NONE',  #3930 ) ;
#1570 = ORIENTED_EDGE ( 'NONE', *, *, #851, .F. ) ;
#1571 = AXIS2_PLACEMENT_3D ( 'NONE', #2643, #410, #1402 ) ;
#1572 = ORIENTED_EDGE ( 'NONE', *, *, #2165, .T. ) ;
#1573 = PLANE ( 'NONE',  #190 ) ;
#1574 = FACE_OUTER_BOUND ( 'NONE', #3484, .T. ) ;
#1575 = ORIENTED_EDGE ( 'NONE', *, *, #3651, .T. ) ;
#1576 = FACE_OUTER_BOUND ( 'NONE', #389, .T. ) ;
#1577 = VECTOR ( 'NONE', #4775, 1000.000000000000000 ) ;
#1578 = ORIENTED_EDGE ( 'NONE', *, *, #924, .F. ) ;
#1579 = CARTESIAN_POINT ( 'NONE',  ( 16.96596284229220300, 0.8500000200199266900, 6.199999910120135700 ) ) ;
#1580 = EDGE_CURVE ( 'NONE', #2113, #4680, #3461, .T. ) ;
#1581 = DIRECTION ( 'NONE',  ( -0.0000000000000000000, 0.0000000000000000000, -1.000000000000000000 ) ) ;
#1582 = CARTESIAN_POINT ( 'NONE',  ( 0.4700000000000000300, 0.3200000000000000100, -0.2500000000000000000 ) ) ;
#1583 = VECTOR ( 'NONE', #1796, 1000.000000000000000 ) ;
#1584 = EDGE_LOOP ( 'NONE', ( #3714, #1760, #4577, #1214 ) ) ;
#1585 = CARTESIAN_POINT ( 'NONE',  ( -7.850000000000023600, 0.8500000000000105200, -6.249999999999957400 ) ) ;
#1586 = LINE ( 'NONE', #3973, #1577 ) ;
#1587 = CARTESIAN_POINT ( 'NONE',  ( -7.850000000000023600, 1.249999999999999300, 6.450000000000011700 ) ) ;
#1588 = VECTOR ( 'NONE', #4270, 1000.000000000000000 ) ;
#1589 = ORIENTED_EDGE ( 'NONE', *, *, #963, .T. ) ;
#1590 = CARTESIAN_POINT ( 'NONE',  ( 7.850000000000023600, -39.79214906653888300, -2.249999999999974200 ) ) ;
#1591 = DIRECTION ( 'NONE',  ( -0.0000000000000000000, -1.000000000000000000, -0.0000000000000000000 ) ) ;
#1592 = ORIENTED_EDGE ( 'NONE', *, *, #563, .F. ) ;
#1593 = ORIENTED_EDGE ( 'NONE', *, *, #3079, .F. ) ;
#1594 = CIRCLE ( 'NONE', #1698, 0.2100000000000001300 ) ;
#1595 = EDGE_CURVE ( 'NONE', #834, #2075, #4670, .T. ) ;
#1596 = VERTEX_POINT ( 'NONE', #1706 ) ;
#1597 = AXIS2_PLACEMENT_3D ( 'NONE', #4296, #4510, #4000 ) ;
#1598 = LINE ( 'NONE', #3852, #2882 ) ;
#1599 = CARTESIAN_POINT ( 'NONE',  ( 8.050000000000036200, 4.510281037539698400E-014, 0.2499999999999874300 ) ) ;
#1600 = VECTOR ( 'NONE', #4163, 1000.000000000000000 ) ;
#1601 = ADVANCED_FACE ( 'NONE', ( #3237 ), #1649, .T. ) ;
#1602 = VECTOR ( 'NONE', #3953, 1000.000000000000000 ) ;
#1603 = EDGE_LOOP ( 'NONE', ( #2410, #5269, #4582, #3711 ) ) ;
#1604 = VECTOR ( 'NONE', #3091, 1000.000000000000000 ) ;
#1605 = DIRECTION ( 'NONE',  ( 1.000000000000000000, -0.0000000000000000000, -2.168404344971008900E-016 ) ) ;
#1606 = DIRECTION ( 'NONE',  ( 1.000000000000000000, 0.0000000000000000000, 0.0000000000000000000 ) ) ;
#1607 = VECTOR ( 'NONE', #1087, 1000.000000000000000 ) ;
#1608 = EDGE_CURVE ( 'NONE', #1742, #4461, #3231, .T. ) ;
#1609 = FACE_OUTER_BOUND ( 'NONE', #2398, .T. ) ;
#1610 = ORIENTED_EDGE ( 'NONE', *, *, #2886, .F. ) ;
#1611 = ORIENTED_EDGE ( 'NONE', *, *, #1194, .T. ) ;
#1612 = AXIS2_PLACEMENT_3D ( 'NONE', #5101, #2062, #3766 ) ;
#1613 = CARTESIAN_POINT ( 'NONE',  ( -5.850000000000021800, 0.2999999999999886600, -25.84595613157522500 ) ) ;
#1614 = PLANE ( 'NONE',  #2689 ) ;
#1615 = DIRECTION ( 'NONE',  ( 0.0000000000000000000, 0.0000000000000000000, 1.000000000000000000 ) ) ;
#1616 = VECTOR ( 'NONE', #3600, 1000.000000000000000 ) ;
#1617 = DIRECTION ( 'NONE',  ( 6.123233995736766000E-017, -1.000000000000000000, 0.0000000000000000000 ) ) ;
#1618 = CARTESIAN_POINT ( 'NONE',  ( -8.049999999999979400, 0.8500000200199266900, 6.199999910120135700 ) ) ;
#1619 = ORIENTED_EDGE ( 'NONE', *, *, #5402, .T. ) ;
#1620 = ORIENTED_EDGE ( 'NONE', *, *, #2371, .F. ) ;
#1621 = FACE_OUTER_BOUND ( 'NONE', #3521, .T. ) ;
#1622 = AXIS2_PLACEMENT_3D ( 'NONE', #3587, #3524, #3511 ) ;
#1623 = VECTOR ( 'NONE', #4019, 1000.000000000000000 ) ;
#1624 = LINE ( 'NONE', #375, #1600 ) ;
#1625 = ADVANCED_FACE ( 'NONE', ( #3517 ), #4803, .F. ) ;
#1626 = VERTEX_POINT ( 'NONE', #914 ) ;
#1627 = ORIENTED_EDGE ( 'NONE', *, *, #3628, .F. ) ;
#1628 = CARTESIAN_POINT ( 'NONE',  ( -8.049999999999979400, -0.1749999753600950900, 4.849999910120177800 ) ) ;
#1629 = CARTESIAN_POINT ( 'NONE',  ( -8.249999999999978700, -0.1749999799800748500, 5.074999910120152600 ) ) ;
#1630 = LINE ( 'NONE', #900, #1588 ) ;
#1631 = ORIENTED_EDGE ( 'NONE', *, *, #754, .T. ) ;
#1632 = ORIENTED_EDGE ( 'NONE', *, *, #3242, .T. ) ;
#1633 = AXIS2_PLACEMENT_3D ( 'NONE', #5271, #4417, #4594 ) ;
#1634 = ORIENTED_EDGE ( 'NONE', *, *, #5026, .T. ) ;
#1635 = LINE ( 'NONE', #3996, #1602 ) ;
#1636 = CARTESIAN_POINT ( 'NONE',  ( 0.2500000000000000600, 0.2999999999999999900, 0.2500000000000000600 ) ) ;
#1637 = LINE ( 'NONE', #1350, #1616 ) ;
#1638 = CARTESIAN_POINT ( 'NONE',  ( 16.96596284229220300, 1.239999999999999800, -6.050000033366454300 ) ) ;
#1639 = CIRCLE ( 'NONE', #1597, 0.2250000000000029800 ) ;
#1640 = CARTESIAN_POINT ( 'NONE',  ( -7.850000000000023600, 1.240000000000000000, -6.239999999999955800 ) ) ;
#1641 = VERTEX_POINT ( 'NONE', #1276 ) ;
#1642 = CARTESIAN_POINT ( 'NONE',  ( 8.000000000000007100, 0.2999999999999886600, -6.249999999999957400 ) ) ;
#1643 = ORIENTED_EDGE ( 'NONE', *, *, #4467, .T. ) ;
#1644 = EDGE_CURVE ( 'NONE', #2032, #4306, #4082, .T. ) ;
#1645 = PRODUCT_DEFINITION_CONTEXT ( 'detailed design', #3124, 'design' ) ;
#1646 = B_SPLINE_CURVE_WITH_KNOTS ( 'NONE', 3,
 ( #4936, #3426, #2354, #477 ),
 .UNSPECIFIED., .F., .F.,
 ( 4, 4 ),
 ( 0.0000000000000000000, 1.000000000000000000 ),
 .UNSPECIFIED. ) ;
#1647 = VECTOR ( 'NONE', #5178, 1000.000000000000000 ) ;
#1648 = CARTESIAN_POINT ( 'NONE',  ( 8.040000000000034700, 1.239999999999999500, -1.850000000000060000 ) ) ;
#1649 = PLANE ( 'NONE',  #4392 ) ;
#1650 = EDGE_CURVE ( 'NONE', #373, #3618, #5131, .T. ) ;
#1651 = LINE ( 'NONE', #4926, #1664 ) ;
#1652 = DIRECTION ( 'NONE',  ( 1.000000000000000000, 0.0000000000000000000, 0.0000000000000000000 ) ) ;
#1653 = DIRECTION ( 'NONE',  ( 0.0000000000000000000, 3.536229350483345700E-015, 1.000000000000000000 ) ) ;
#1654 = VERTEX_POINT ( 'NONE', #4143 ) ;
#1655 = ADVANCED_FACE ( 'NONE', ( #5267 ), #3390, .T. ) ;
#1656 = DIRECTION ( 'NONE',  ( 6.123233995736766000E-017, -1.000000000000000000, 0.0000000000000000000 ) ) ;
#1657 = LINE ( 'NONE', #2540, #1647 ) ;
#1658 = EDGE_CURVE ( 'NONE', #5385, #3163, #1265, .T. ) ;
#1659 = CARTESIAN_POINT ( 'NONE',  ( -0.4700000000000000300, 0.3200000000000000100, -0.2500000000000000000 ) ) ;
#1660 = DIRECTION ( 'NONE',  ( 0.0000000000000000000, 0.0000000000000000000, 1.000000000000000000 ) ) ;
#1661 = AXIS2_PLACEMENT_3D ( 'NONE', #1030, #1496, #689 ) ;
#1662 = CARTESIAN_POINT ( 'NONE',  ( -8.049999999999981200, 0.2999998115502614500, -6.200000033366434200 ) ) ;
#1663 = VECTOR ( 'NONE', #472, 1000.000000000000000 ) ;
#1664 = VECTOR ( 'NONE', #1874, 1000.000000000000000 ) ;
#1665 = ORIENTED_EDGE ( 'NONE', *, *, #482, .T. ) ;
#1666 = EDGE_LOOP ( 'NONE', ( #3041, #4230, #2074, #4291 ) ) ;
#1667 = CARTESIAN_POINT ( 'NONE',  ( -0.2500000000000000000, 0.0000000000000000000, 0.2500000000000000000 ) ) ;
#1668 = FACE_OUTER_BOUND ( 'NONE', #4736, .T. ) ;
#1669 = DIRECTION ( 'NONE',  ( 0.0000000000000000000, 0.0000000000000000000, -1.000000000000000000 ) ) ;
#1670 = ORIENTED_EDGE ( 'NONE', *, *, #1747, .T. ) ;
#1671 = ORIENTED_EDGE ( 'NONE', *, *, #4899, .T. ) ;
#1672 = DIRECTION ( 'NONE',  ( -0.0000000000000000000, -0.0000000000000000000, -1.000000000000000000 ) ) ;
#1673 = VECTOR ( 'NONE', #1866, 1000.000000000000000 ) ;
#1674 = DIRECTION ( 'NONE',  ( 1.000000000000000000, -1.032573497605241600E-015, 0.0000000000000000000 ) ) ;
#1675 = DIRECTION ( 'NONE',  ( 0.0000000000000000000, 0.0000000000000000000, 1.000000000000000000 ) ) ;
#1676 = LINE ( 'NONE', #4675, #1748 ) ;
#1677 = EDGE_CURVE ( 'NONE', #469, #1389, #4924, .T. ) ;
#1678 = VECTOR ( 'NONE', #2734, 1000.000000000000000 ) ;
#1679 = DIRECTION ( 'NONE',  ( 0.0000000000000000000, 1.000000000000000000, 0.0000000000000000000 ) ) ;
#1680 = CARTESIAN_POINT ( 'NONE',  ( 0.2500000000000000000, 0.02999999999999995400, 0.2500000000000000000 ) ) ;
#1681 = FACE_OUTER_BOUND ( 'NONE', #48, .T. ) ;
#1682 = ORIENTED_EDGE ( 'NONE', *, *, #2664, .T. ) ;
#1683 = CARTESIAN_POINT ( 'NONE',  ( -0.2500000000000000600, 0.0000000000000000000, 0.2500000000000000000 ) ) ;
#1684 = LINE ( 'NONE', #1250, #1140 ) ;
#1685 = LINE ( 'NONE', #209, #1673 ) ;
#1686 = ORIENTED_EDGE ( 'NONE', *, *, #2934, .F. ) ;
#1687 = EDGE_CURVE ( 'NONE', #1493, #1107, #4646, .T. ) ;
#1688 = EDGE_LOOP ( 'NONE', ( #4181, #3477, #702, #3558 ) ) ;
#1689 = EDGE_CURVE ( 'NONE', #4609, #5061, #647, .T. ) ;
#1690 = PLANE ( 'NONE',  #4872 ) ;
#1691 = LINE ( 'NONE', #2815, #1711 ) ;
#1692 = VERTEX_POINT ( 'NONE', #2796 ) ;
#1693 = CARTESIAN_POINT ( 'NONE',  ( 2.350000000000018700, -6.938893903907228400E-015, 6.250000000000010700 ) ) ;
#1694 = ORIENTED_EDGE ( 'NONE', *, *, #5284, .F. ) ;
#1695 = CARTESIAN_POINT ( 'NONE',  ( 8.040000000000034700, 1.239999999999999500, 6.049999999999999800 ) ) ;
#1696 = VECTOR ( 'NONE', #3642, 1000.000000000000000 ) ;
#1697 = LINE ( 'NONE', #3825, #1678 ) ;
#1698 = AXIS2_PLACEMENT_3D ( 'NONE', #4430, #3683, #3954 ) ;
#1699 = ORIENTED_EDGE ( 'NONE', *, *, #1658, .F. ) ;
#1700 = ADVANCED_FACE ( 'NONE', ( #4240 ), #464, .F. ) ;
#1701 = LINE ( 'NONE', #4412, #5168 ) ;
#1702 = VECTOR ( 'NONE', #2524, 1000.000000000000000 ) ;
#1703 = ORIENTED_EDGE ( 'NONE', *, *, #1011, .F. ) ;
#1704 = EDGE_LOOP ( 'NONE', ( #4437, #1592, #166, #2134 ) ) ;
#1705 = EDGE_CURVE ( 'NONE', #3236, #1843, #4727, .T. ) ;
#1706 = CARTESIAN_POINT ( 'NONE',  ( -0.2500000000000000600, 0.5000000000000000000, -0.2500000000000000000 ) ) ;
#1707 = LINE ( 'NONE', #3755, #1663 ) ;
#1708 = CARTESIAN_POINT ( 'NONE',  ( -8.049999999999979400, -0.1750001930697180100, -4.850000033366442600 ) ) ;
#1709 = PLANE ( 'NONE',  #416 ) ;
#1710 =( LENGTH_UNIT ( ) NAMED_UNIT ( * ) SI_UNIT ( .MILLI., .METRE. ) );
#1711 = VECTOR ( 'NONE', #1761, 1000.000000000000000 ) ;
#1712 = DIRECTION ( 'NONE',  ( 0.0000000000000000000, 0.0000000000000000000, 1.000000000000000000 ) ) ;
#1713 = UNCERTAINTY_MEASURE_WITH_UNIT (LENGTH_MEASURE( 1.000000000000000100E-005 ), #274, 'distance_accuracy_value', 'NONE');
#1714 = ORIENTED_EDGE ( 'NONE', *, *, #3964, .T. ) ;
#1715 = DIRECTION ( 'NONE',  ( 0.0000000000000000000, -1.000000000000000000, 0.0000000000000000000 ) ) ;
#1716 = LINE ( 'NONE', #1420, #1702 ) ;
#1717 = EDGE_CURVE ( 'NONE', #2461, #92, #4115, .T. ) ;
#1718 = ADVANCED_FACE ( 'NONE', ( #3833 ), #2544, .T. ) ;
#1719 = CARTESIAN_POINT ( 'NONE',  ( -5.749999999999976900, 1.249999999999999800, 4.250000000000032000 ) ) ;
#1720 = FACE_OUTER_BOUND ( 'NONE', #3828, .T. ) ;
#1721 = CARTESIAN_POINT ( 'NONE',  ( 8.050000000000036200, 0.03000000000001959400, 6.199999999999944200 ) ) ;
#1722 =( GEOMETRIC_REPRESENTATION_CONTEXT ( 3 ) GLOBAL_UNCERTAINTY_ASSIGNED_CONTEXT ( ( #5251 ) ) GLOBAL_UNIT_ASSIGNED_CONTEXT ( ( #401, #384, #371 ) ) REPRESENTATION_CONTEXT ( 'NONE', 'WORKASPACE' ) );
#1723 = EDGE_CURVE ( 'NONE', #1414, #3045, #2907, .T. ) ;
#1724 = VECTOR ( 'NONE', #3319, 1000.000000000000000 ) ;
#1725 = LINE ( 'NONE', #5259, #1727 ) ;
#1726 = ORIENTED_EDGE ( 'NONE', *, *, #357, .T. ) ;
#1727 = VECTOR ( 'NONE', #3717, 1000.000000000000000 ) ;
#1728 = VECTOR ( 'NONE', #3052, 1000.000000000000000 ) ;
#1729 = CARTESIAN_POINT ( 'NONE',  ( 7.850000000000023600, -39.79214906653888300, -1.850000000000018300 ) ) ;
#1731 = EDGE_CURVE ( 'NONE', #4911, #3778, #4603, .T. ) ;
#1730 = FACE_OUTER_BOUND ( 'NONE', #4642, .T. ) ;
#1732 = ORIENTED_EDGE ( 'NONE', *, *, #250, .T. ) ;
#1733 = VECTOR ( 'NONE', #2272, 1000.000000000000000 ) ;
#1734 = LINE ( 'NONE', #5154, #1728 ) ;
#1735 = ADVANCED_FACE ( 'NONE', ( #3020 ), #3807, .T. ) ;
#1736 = ORIENTED_EDGE ( 'NONE', *, *, #2638, .T. ) ;
#1737 = CARTESIAN_POINT ( 'NONE',  ( 8.050000000000034500, 0.03000000000002132900, 6.199999999999944200 ) ) ;
#1738 = DIRECTION ( 'NONE',  ( 1.000000000000000000, 0.0000000000000000000, 0.0000000000000000000 ) ) ;
#1739 = DIRECTION ( 'NONE',  ( 0.0000000000000000000, 0.0000000000000000000, 1.000000000000000000 ) ) ;
#1740 = ORIENTED_EDGE ( 'NONE', *, *, #1687, .T. ) ;
#1741 = LINE ( 'NONE', #4587, #1514 ) ;
#1742 = VERTEX_POINT ( 'NONE', #888 ) ;
#1743 = CARTESIAN_POINT ( 'NONE',  ( 4.450000000000009900, -6.938893903907228400E-015, -6.449999999999955800 ) ) ;
#1744 = CARTESIAN_POINT ( 'NONE',  ( 8.040000000000034700, -39.79214906653888300, -1.850000000000018300 ) ) ;
#1745 = VECTOR ( 'NONE', #1157, 1000.000000000000000 ) ;
#1746 = ORIENTED_EDGE ( 'NONE', *, *, #4752, .T. ) ;
#1747 = EDGE_CURVE ( 'NONE', #4512, #4658, #4176, .T. ) ;
#1748 = VECTOR ( 'NONE', #3384, 1000.000000000000000 ) ;
#1749 = LINE ( 'NONE', #3256, #1623 ) ;
#1750 = VERTEX_POINT ( 'NONE', #3790 ) ;
#1751 = CARTESIAN_POINT ( 'NONE',  ( -0.2500000000000000000, 4.495703129515628400E-017, 0.2500000000000000000 ) ) ;
#1752 = ORIENTED_EDGE ( 'NONE', *, *, #4099, .F. ) ;
#1753 = ORIENTED_EDGE ( 'NONE', *, *, #4676, .F. ) ;
#1754 = LINE ( 'NONE', #343, #1696 ) ;
#1755 = EDGE_CURVE ( 'NONE', #3993, #3921, #1053, .T. ) ;
#1756 = PRESENTATION_LAYER_ASSIGNMENT (  '', '', ( #1106 ) ) ;
#1757 = DIRECTION ( 'NONE',  ( 1.000000000000000000, 0.0000000000000000000, 0.0000000000000000000 ) ) ;
#1758 = AXIS2_PLACEMENT_3D ( 'NONE', #3197, #676, #5328 ) ;
#1759 = DIRECTION ( 'NONE',  ( -2.168404344971008600E-016, 0.0000000000000000000, -1.000000000000000000 ) ) ;
#1760 = ORIENTED_EDGE ( 'NONE', *, *, #3086, .F. ) ;
#1761 = DIRECTION ( 'NONE',  ( 0.0000000000000000000, 1.000000000000000000, -3.652049423109043600E-015 ) ) ;
#1762 = ORIENTED_EDGE ( 'NONE', *, *, #2491, .T. ) ;
#1763 = VERTEX_POINT ( 'NONE', #599 ) ;
#1764 = ORIENTED_EDGE ( 'NONE', *, *, #3689, .T. ) ;
#1765 = AXIS2_PLACEMENT_3D ( 'NONE', #5378, #3646, #4734 ) ;
#1766 = ORIENTED_EDGE ( 'NONE', *, *, #4719, .T. ) ;
#1767 = CARTESIAN_POINT ( 'NONE',  ( -7.850000000000023600, -39.79214906653888300, 6.240000000000010900 ) ) ;
#1768 = CARTESIAN_POINT ( 'NONE',  ( -5.850000000000021800, 0.2999999999999886600, 25.84595613157528100 ) ) ;
#1769 = ORIENTED_EDGE ( 'NONE', *, *, #196, .F. ) ;
#1770 = EDGE_CURVE ( 'NONE', #2300, #4843, #3563, .T. ) ;
#1771 = VERTEX_POINT ( 'NONE', #3094 ) ;
#1772 = DIRECTION ( 'NONE',  ( -1.000000000000000000, 0.0000000000000000000, 0.0000000000000000000 ) ) ;
#1773 = ADVANCED_FACE ( 'NONE', ( #1177 ), #554, .T. ) ;
#1774 = VECTOR ( 'NONE', #2832, 1000.000000000000000 ) ;
#1775 = ORIENTED_EDGE ( 'NONE', *, *, #357, .F. ) ;
#1776 = PLANE ( 'NONE',  #3213 ) ;
#1777 = CARTESIAN_POINT ( 'NONE',  ( -7.850000000000023600, 1.240000000000000700, -25.84595613157522500 ) ) ;
#1778 = CARTESIAN_POINT ( 'NONE',  ( -8.049999999999981200, 0.03000002925982944700, 1.749999910120184400 ) ) ;
#1779 = DIRECTION ( 'NONE',  ( 1.000000000000000000, 0.0000000000000000000, 0.0000000000000000000 ) ) ;
#1780 = PLANE ( 'NONE',  #4908 ) ;
#1781 = ORIENTED_EDGE ( 'NONE', *, *, #2756, .F. ) ;
#1782 = EDGE_CURVE ( 'NONE', #3951, #4876, #4156, .T. ) ;
#1783 = ORIENTED_EDGE ( 'NONE', *, *, #3051, .T. ) ;
#1784 = ORIENTED_EDGE ( 'NONE', *, *, #2419, .T. ) ;
#1785 = PRESENTATION_STYLE_ASSIGNMENT (( #4788 ) ) ;
#1786 = SURFACE_STYLE_FILL_AREA ( #3158 ) ;
#1787 = VERTEX_POINT ( 'NONE', #1680 ) ;
#1788 = ORIENTED_EDGE ( 'NONE', *, *, #1477, .F. ) ;
#1789 = DIRECTION ( 'NONE',  ( -1.000000000000000000, 0.0000000000000000000, 0.0000000000000000000 ) ) ;
#1790 = AXIS2_PLACEMENT_3D ( 'NONE', #363, #1223, #1234 ) ;
#1791 = LINE ( 'NONE', #743, #1724 ) ;
#1792 = PLANE ( 'NONE',  #539 ) ;
#1793 = CARTESIAN_POINT ( 'NONE',  ( -8.049999999999979400, -0.1750001930697180100, -4.850000033366442600 ) ) ;
#1794 = VECTOR ( 'NONE', #4627, 1000.000000000000000 ) ;
#1795 = VECTOR ( 'NONE', #5208, 1000.000000000000000 ) ;
#1796 = DIRECTION ( 'NONE',  ( -1.000000000000000000, 0.0000000000000000000, -0.0000000000000000000 ) ) ;
#1797 = EDGE_CURVE ( 'NONE', #1626, #5363, #4969, .T. ) ;
#1798 = VERTEX_POINT ( 'NONE', #870 ) ;
#1799 = COLOUR_RGB ( '',0.7921568627450980000, 0.8196078431372548800, 0.9333333333333333500 ) ;
#1800 = ORIENTED_EDGE ( 'NONE', *, *, #4821, .F. ) ;
#1801 = LINE ( 'NONE', #2052, #3182 ) ;
#1802 = FACE_OUTER_BOUND ( 'NONE', #3246, .T. ) ;
#1803 = CARTESIAN_POINT ( 'NONE',  ( -0.2499999999999999400, 0.5000000000000000000, -0.2500000000000000000 ) ) ;
#1804 = LINE ( 'NONE', #342, #2065 ) ;
#1805 = LINE ( 'NONE', #3263, #1831 ) ;
#1806 = ORIENTED_EDGE ( 'NONE', *, *, #3568, .F. ) ;
#1807 = EDGE_LOOP ( 'NONE', ( #239, #3826, #1463, #2344 ) ) ;
#1808 = DIRECTION ( 'NONE',  ( -1.000000000000000000, 0.0000000000000000000, 0.0000000000000000000 ) ) ;
#1809 = CARTESIAN_POINT ( 'NONE',  ( 0.0000000000000000000, 1.249999999999999800, 0.0000000000000000000 ) ) ;
#1810 = CARTESIAN_POINT ( 'NONE',  ( 0.4700000000000000300, 0.3200000000000000100, 0.2500000000000000000 ) ) ;
#1811 = CARTESIAN_POINT ( 'NONE',  ( 0.2500000000000000600, 0.2999999999999999900, -0.2500000000000000600 ) ) ;
#1812 = FACE_OUTER_BOUND ( 'NONE', #4038, .T. ) ;
#1813 = ORIENTED_EDGE ( 'NONE', *, *, #3907, .T. ) ;
#1814 = ORIENTED_EDGE ( 'NONE', *, *, #1797, .F. ) ;
#1815 = EDGE_CURVE ( 'NONE', #2795, #2300, #3119, .T. ) ;
#1816 = ORIENTED_EDGE ( 'NONE', *, *, #524, .F. ) ;
#1817 = CARTESIAN_POINT ( 'NONE',  ( -8.380715139640129200, 4.510281037539698400E-014, -1.850000000000059200 ) ) ;
#1818 = CARTESIAN_POINT ( 'NONE',  ( -8.039999999999979600, 1.239999999999999500, 29.64708026453101300 ) ) ;
#1819 = VECTOR ( 'NONE', #2592, 1000.000000000000000 ) ;
#1820 = FACE_OUTER_BOUND ( 'NONE', #3039, .T. ) ;
#1821 = ADVANCED_FACE ( 'NONE', ( #5213 ), #4975, .T. ) ;
#1822 = EDGE_LOOP ( 'NONE', ( #2824, #2359, #1816, #2593 ) ) ;
#1823 = EDGE_CURVE ( 'NONE', #3082, #4352, #5273, .T. ) ;
#1824 = DIRECTION ( 'NONE',  ( 0.0000000000000000000, 1.000000000000000000, 0.0000000000000000000 ) ) ;
#1825 = ORIENTED_EDGE ( 'NONE', *, *, #5143, .F. ) ;
#1826 = VECTOR ( 'NONE', #879, 1000.000000000000000 ) ;
#1827 = AXIS2_PLACEMENT_3D ( 'NONE', #1168, #1224, #5053 ) ;
#1828 = ORIENTED_EDGE ( 'NONE', *, *, #842, .F. ) ;
#1829 = ORIENTED_EDGE ( 'NONE', *, *, #434, .T. ) ;
#1830 = DIRECTION ( 'NONE',  ( -0.0000000000000000000, -1.000000000000000000, -0.0000000000000000000 ) ) ;
#1831 = VECTOR ( 'NONE', #4459, 1000.000000000000000 ) ;
#1832 = DIRECTION ( 'NONE',  ( -0.0000000000000000000, 1.000000000000000000, -0.0000000000000000000 ) ) ;
#1833 = SURFACE_SIDE_STYLE ('',( #4065 ) ) ;
#1834 = VECTOR ( 'NONE', #4262, 1000.000000000000000 ) ;
#1835 = EDGE_CURVE ( 'NONE', #898, #4659, #5161, .T. ) ;
#1836 = STYLED_ITEM ( 'NONE', ( #108 ), #3471 ) ;
#1837 = CARTESIAN_POINT ( 'NONE',  ( -8.249999999999978700, -0.1750001884497382500, -5.075000033366445800 ) ) ;
#1838 = VECTOR ( 'NONE', #2502, 1000.000000000000000 ) ;
#1839 = CARTESIAN_POINT ( 'NONE',  ( 7.850000000000023600, -39.79214906653888300, 6.049999999999999800 ) ) ;
#1840 = DIRECTION ( 'NONE',  ( 0.0000000000000000000, 0.0000000000000000000, 1.000000000000000000 ) ) ;
#1841 = ORIENTED_EDGE ( 'NONE', *, *, #4446, .F. ) ;
#1842 = LINE ( 'NONE', #4882, #1794 ) ;
#1843 = VERTEX_POINT ( 'NONE', #3025 ) ;
#1844 = DIRECTION ( 'NONE',  ( 4.379057701015053300E-047, -4.336808689941692700E-015, -1.000000000000000000 ) ) ;
#1845 = ORIENTED_EDGE ( 'NONE', *, *, #3376, .F. ) ;
#1846 = EDGE_CURVE ( 'NONE', #5286, #4774, #1135, .T. ) ;
#1847 = ADVANCED_FACE ( 'NONE', ( #5205 ), #2297, .T. ) ;
#1848 = VECTOR ( 'NONE', #4654, 1000.000000000000000 ) ;
#1849 = LINE ( 'NONE', #163, #1826 ) ;
#1850 = CARTESIAN_POINT ( 'NONE',  ( 8.000000000000007100, 0.8500000000000105200, 25.84595613157528100 ) ) ;
#1851 = DIRECTION ( 'NONE',  ( -1.000000000000000000, 0.0000000000000000000, 0.0000000000000000000 ) ) ;
#1852 = CARTESIAN_POINT ( 'NONE',  ( -8.049999999999981200, 0.2999998115502649500, -5.075000033366447600 ) ) ;
#1853 = CIRCLE ( 'NONE', #4792, 0.009999999999999592500 ) ;
#1854 = EDGE_CURVE ( 'NONE', #32, #878, #2752, .T. ) ;
#1855 = DIRECTION ( 'NONE',  ( 1.000000000000000000, 0.0000000000000000000, 0.0000000000000000000 ) ) ;
#1856 = CARTESIAN_POINT ( 'NONE',  ( 16.96596284229220300, 0.3000000292598843400, 3.749999910120185300 ) ) ;
#1857 = LINE ( 'NONE', #1479, #1838 ) ;
#1858 = ORIENTED_EDGE ( 'NONE', *, *, #4201, .F. ) ;
#1859 = CIRCLE ( 'NONE', #5119, 0.2250000000000029800 ) ;
#1860 = CARTESIAN_POINT ( 'NONE',  ( -10.70000400000000000, 0.0000000000000000000, 7.000112999999995400 ) ) ;
#1861 = DIRECTION ( 'NONE',  ( 2.258916677175803400E-013, 0.0000000000000000000, 1.000000000000000000 ) ) ;
#1862 = EDGE_CURVE ( 'NONE', #1566, #3663, #5082, .T. ) ;
#1863 = AXIS2_PLACEMENT_3D ( 'NONE', #266, #789, #3398 ) ;
#1864 = CIRCLE ( 'NONE', #1156, 0.2250000000000307300 ) ;
#1865 = MECHANICAL_DESIGN_GEOMETRIC_PRESENTATION_REPRESENTATION (  '', ( #882 ), #2144 ) ;
#1866 = DIRECTION ( 'NONE',  ( 0.0000000000000000000, -1.000000000000000000, 4.336808689941692700E-015 ) ) ;
#1867 = ADVANCED_FACE ( 'NONE', ( #5169 ), #4077, .F. ) ;
#1868 = DIRECTION ( 'NONE',  ( 0.0000000000000000000, 0.0000000000000000000, -1.000000000000000000 ) ) ;
#1869 = PLANE ( 'NONE',  #4935 ) ;
#1870 = VERTEX_POINT ( 'NONE', #721 ) ;
#1871 = DIRECTION ( 'NONE',  ( 6.123233995736766000E-017, 1.000000000000000000, -3.212450881437960300E-015 ) ) ;
#1872 = VECTOR ( 'NONE', #1542, 1000.000000000000000 ) ;
#1873 = ORIENTED_EDGE ( 'NONE', *, *, #3745, .T. ) ;
#1874 = DIRECTION ( 'NONE',  ( 0.0000000000000000000, 1.000000000000000000, -3.652049423109043600E-015 ) ) ;
#1875 = AXIS2_PLACEMENT_3D ( 'NONE', #1215, #1221, #443 ) ;
#1876 = ORIENTED_EDGE ( 'NONE', *, *, #139, .F. ) ;
#1877 = CARTESIAN_POINT ( 'NONE',  ( 7.850000000000023600, 1.250000000000001100, 6.240000000000010900 ) ) ;
#1878 = VECTOR ( 'NONE', #919, 1000.000000000000000 ) ;
#1879 = CARTESIAN_POINT ( 'NONE',  ( 7.850000000000030700, 1.449999999999999500, 6.240000000000010900 ) ) ;
#1880 = VERTEX_POINT ( 'NONE', #2939 ) ;
#1881 = ADVANCED_FACE ( 'NONE', ( #2806 ), #2968, .T. ) ;
#1882 = FACE_OUTER_BOUND ( 'NONE', #1092, .T. ) ;
#1883 = ORIENTED_EDGE ( 'NONE', *, *, #320, .T. ) ;
#1884 = CARTESIAN_POINT ( 'NONE',  ( 7.850000000000023600, 0.8500000000000105200, -6.249999999999957400 ) ) ;
#1885 = LINE ( 'NONE', #1981, #1819 ) ;
#1886 = ORIENTED_EDGE ( 'NONE', *, *, #4644, .F. ) ;
#1887 = FACE_OUTER_BOUND ( 'NONE', #2298, .T. ) ;
#1888 = EDGE_CURVE ( 'NONE', #744, #696, #1327, .T. ) ;
#1889 = CARTESIAN_POINT ( 'NONE',  ( 8.040000000000034700, 1.239999999999999500, 6.049999999999999800 ) ) ;
#1890 = PLANE ( 'NONE',  #5380 ) ;
#1891 = VECTOR ( 'NONE', #4375, 1000.000000000000000 ) ;
#1892 = LINE ( 'NONE', #1043, #2001 ) ;
#1893 = PLANE ( 'NONE',  #1275 ) ;
#1894 = CYLINDRICAL_SURFACE ( 'NONE', #168, 0.2100000000000001300 ) ;
#1895 = LINE ( 'NONE', #532, #1872 ) ;
#1896 = ORIENTED_EDGE ( 'NONE', *, *, #4263, .F. ) ;
#1897 = DIRECTION ( 'NONE',  ( 0.0000000000000000000, 0.0000000000000000000, -1.000000000000000000 ) ) ;
#1898 = EDGE_LOOP ( 'NONE', ( #3047, #75, #1825, #288 ) ) ;
#1899 = CARTESIAN_POINT ( 'NONE',  ( -0.4700000000000000300, 0.3200000000000000100, 0.2500000000000000000 ) ) ;
#1900 = CARTESIAN_POINT ( 'NONE',  ( 32.80216089254140100, 1.240000000000000000, 6.240000000000010900 ) ) ;
#1901 = ORIENTED_EDGE ( 'NONE', *, *, #1544, .F. ) ;
#1902 = ORIENTED_EDGE ( 'NONE', *, *, #1689, .F. ) ;
#1903 = VECTOR ( 'NONE', #2097, 1000.000000000000000 ) ;
#1904 = VECTOR ( 'NONE', #1972, 1000.000000000000000 ) ;
#1905 = EDGE_CURVE ( 'NONE', #1531, #3258, #2821, .T. ) ;
#1906 = LINE ( 'NONE', #1989, #1878 ) ;
#1907 = EDGE_CURVE ( 'NONE', #2897, #834, #4739, .T. ) ;
#1908 = ADVANCED_FACE ( 'NONE', ( #5034 ), #3208, .F. ) ;
#1909 = VERTEX_POINT ( 'NONE', #3072 ) ;
#1910 = CARTESIAN_POINT ( 'NONE',  ( -0.4700000000000000300, 0.3200000000000000100, 0.2500000000000000000 ) ) ;
#1911 = ORIENTED_EDGE ( 'NONE', *, *, #4294, .F. ) ;
#1912 = ORIENTED_EDGE ( 'NONE', *, *, #614, .F. ) ;
#1913 = EDGE_CURVE ( 'NONE', #2820, #5384, #5041, .T. ) ;
#1914 = CARTESIAN_POINT ( 'NONE',  ( 8.250000000000035500, 0.3000000000000693200, 4.449999999999970000 ) ) ;
#1915 = AXIS2_PLACEMENT_3D ( 'NONE', #2079, #4705, #4645 ) ;
#1916 = DIRECTION ( 'NONE',  ( 0.0000000000000000000, 1.000000000000000000, 0.0000000000000000000 ) ) ;
#1917 = AXIS2_PLACEMENT_3D ( 'NONE', #1027, #3249, #293 ) ;
#1918 = LINE ( 'NONE', #2207, #2045 ) ;
#1919 = VERTEX_POINT ( 'NONE', #4508 ) ;
#1920 = VERTEX_POINT ( 'NONE', #5218 ) ;
#1921 = CARTESIAN_POINT ( 'NONE',  ( 8.050000000000036200, 0.8500000000000069700, 6.199999999999944200 ) ) ;
#1922 = ORIENTED_EDGE ( 'NONE', *, *, #2381, .T. ) ;
#1923 = CARTESIAN_POINT ( 'NONE',  ( -0.2500000000000000000, 0.2999999999999999900, 0.2500000000000000000 ) ) ;
#1924 = LINE ( 'NONE', #4183, #1834 ) ;
#1925 = CARTESIAN_POINT ( 'NONE',  ( -0.5000000000000000000, 1.059016994374947200, -0.2499999999999999400 ) ) ;
#1926 = SHAPE_REPRESENTATION_RELATIONSHIP ( 'NONE' , 'NONE' ,  #4299, #3103 ) ;
#1927 = ORIENTED_EDGE ( 'NONE', *, *, #4854, .T. ) ;
#1928 = FACE_OUTER_BOUND ( 'NONE', #2580, .T. ) ;
#1929 = EDGE_LOOP ( 'NONE', ( #669, #4353, #2408, #1523 ) ) ;
#1930 = AXIS2_PLACEMENT_3D ( 'NONE', #4047, #3437, #4813 ) ;
#1931 = AXIS2_PLACEMENT_3D ( 'NONE', #3085, #2970, #5332 ) ;
#1932 = LINE ( 'NONE', #53, #1999 ) ;
#1933 = CARTESIAN_POINT ( 'NONE',  ( -0.2499999999999999400, 0.5000000000000000000, -0.2500000000000000000 ) ) ;
#1934 = ORIENTED_EDGE ( 'NONE', *, *, #5253, .F. ) ;
#1935 = EDGE_CURVE ( 'NONE', #1371, #899, #2851, .T. ) ;
#1936 = ORIENTED_EDGE ( 'NONE', *, *, #3844, .T. ) ;
#1937 = CARTESIAN_POINT ( 'NONE',  ( -8.000000000000007100, 0.2999999999999886600, 25.84595613157528100 ) ) ;
#1938 = CARTESIAN_POINT ( 'NONE',  ( -10.70000400000000000, 0.8000000000000000400, 7.000112999999995400 ) ) ;
#1939 = EDGE_CURVE ( 'NONE', #4370, #3439, #5315, .T. ) ;
#1940 = ORIENTED_EDGE ( 'NONE', *, *, #3021, .T. ) ;
#1941 = CARTESIAN_POINT ( 'NONE',  ( -8.380715139640129200, 0.3000000000000675500, 2.424999999999970500 ) ) ;
#1942 = DIRECTION ( 'NONE',  ( -1.000000000000000000, 0.0000000000000000000, -0.0000000000000000000 ) ) ;
#1943 = PLANE ( 'NONE',  #1979 ) ;
#1944 = ORIENTED_EDGE ( 'NONE', *, *, #2212, .T. ) ;
#1945 = LINE ( 'NONE', #534, #1186 ) ;
#1946 = DIRECTION ( 'NONE',  ( 0.0000000000000000000, -1.000000000000000000, 0.0000000000000000000 ) ) ;
#1947 = CARTESIAN_POINT ( 'NONE',  ( 4.450000000000009900, 0.2999999999999886600, -6.249999999999957400 ) ) ;
#1948 = ADVANCED_FACE ( 'NONE', ( #873 ), #4151, .T. ) ;
#1949 = FACE_OUTER_BOUND ( 'NONE', #5028, .T. ) ;
#1950 = ORIENTED_EDGE ( 'NONE', *, *, #930, .T. ) ;
#1951 = CARTESIAN_POINT ( 'NONE',  ( 0.0000000000000000000, 0.2999999999999999900, 0.0000000000000000000 ) ) ;
#1952 = ORIENTED_EDGE ( 'NONE', *, *, #3750, .F. ) ;
#1953 = CARTESIAN_POINT ( 'NONE',  ( 16.96596284229220300, 0.1000000292598439400, 1.749999910120184200 ) ) ;
#1954 = DIRECTION ( 'NONE',  ( -1.000000000000000000, 0.0000000000000000000, 0.0000000000000000000 ) ) ;
#1955 = FACE_OUTER_BOUND ( 'NONE', #5007, .T. ) ;
#1956 = CARTESIAN_POINT ( 'NONE',  ( -7.850000000000023600, -39.79214906653888300, 6.049999999999999800 ) ) ;
#1957 = EDGE_CURVE ( 'NONE', #2897, #3395, #2836, .T. ) ;
#1958 = ORIENTED_EDGE ( 'NONE', *, *, #2276, .F. ) ;
#1959 = ORIENTED_EDGE ( 'NONE', *, *, #1939, .F. ) ;
#1960 = CARTESIAN_POINT ( 'NONE',  ( 8.250000000000035500, 4.683753385137379200E-014, -1.850000000000059200 ) ) ;
#1961 = DIRECTION ( 'NONE',  ( 1.000000000000000000, 0.0000000000000000000, 0.0000000000000000000 ) ) ;
#1962 = CARTESIAN_POINT ( 'NONE',  ( -5.749999999999976900, 1.450000000000000000, 4.250000000000032000 ) ) ;
#1963 = EDGE_CURVE ( 'NONE', #4843, #1173, #2736, .T. ) ;
#1964 = EDGE_CURVE ( 'NONE', #1654, #72, #4932, .T. ) ;
#1965 = DIRECTION ( 'NONE',  ( 0.0000000000000000000, 0.0000000000000000000, -1.000000000000000000 ) ) ;
#1966 = CARTESIAN_POINT ( 'NONE',  ( -8.249999999999978700, -0.1749999707401153600, 4.624999910120147100 ) ) ;
#1967 = PLANE ( 'NONE',  #5083 ) ;
#1968 = CIRCLE ( 'NONE', #5009, 0.009999999999999592500 ) ;
#1969 = ORIENTED_EDGE ( 'NONE', *, *, #2437, .T. ) ;
#1970 = PLANE ( 'NONE',  #1571 ) ;
#1971 = DIRECTION ( 'NONE',  ( 0.0000000000000000000, -1.000000000000000000, 6.123233995736766000E-017 ) ) ;
#1972 = DIRECTION ( 'NONE',  ( -1.000000000000000000, 0.0000000000000000000, 0.0000000000000000000 ) ) ;
#1973 = ORIENTED_EDGE ( 'NONE', *, *, #2026, .F. ) ;
#1974 = CARTESIAN_POINT ( 'NONE',  ( 4.450000000000009900, 0.2999999999999877800, 6.250000000000010700 ) ) ;
#1975 = ORIENTED_EDGE ( 'NONE', *, *, #3403, .F. ) ;
#1976 = CARTESIAN_POINT ( 'NONE',  ( 0.5000000000000000000, 0.5000000000000000000, -0.2500000000000000600 ) ) ;
#1977 = VERTEX_POINT ( 'NONE', #1852 ) ;
#1978 = ORIENTED_EDGE ( 'NONE', *, *, #4532, .F. ) ;
#1979 = AXIS2_PLACEMENT_3D ( 'NONE', #1020, #5045, #442 ) ;
#1980 = CARTESIAN_POINT ( 'NONE',  ( 4.450000000000009900, 0.2999999999999877800, 6.450000000000011700 ) ) ;
#1981 = CARTESIAN_POINT ( 'NONE',  ( -0.2500000000000000600, 0.2999999999999999900, 0.2500000000000000000 ) ) ;
#1982 = DIRECTION ( 'NONE',  ( 0.0000000000000000000, 1.000000000000000000, 0.0000000000000000000 ) ) ;
#1983 = DIRECTION ( 'NONE',  ( 1.000000000000000000, 0.0000000000000000000, 0.0000000000000000000 ) ) ;
#1984 = UNCERTAINTY_MEASURE_WITH_UNIT (LENGTH_MEASURE( 1.000000000000000100E-005 ), #28, 'distance_accuracy_value', 'NONE');
#1985 = CARTESIAN_POINT ( 'NONE',  ( -8.249999999999978700, 0.03000002925982944700, 1.749999910120184400 ) ) ;
#1986 = DIRECTION ( 'NONE',  ( -0.0000000000000000000, 1.000000000000000000, -0.0000000000000000000 ) ) ;
#1987 = ORIENTED_EDGE ( 'NONE', *, *, #2415, .F. ) ;
#1988 = VERTEX_POINT ( 'NONE', #1899 ) ;
#1989 = CARTESIAN_POINT ( 'NONE',  ( -8.380715139640129200, 0.8500000000000069700, 6.049999999999960700 ) ) ;
#1990 = CARTESIAN_POINT ( 'NONE',  ( -0.4700000000000000300, 0.02999999999999997100, 0.2500000000000000000 ) ) ;
#1991 = DIRECTION ( 'NONE',  ( -1.000000000000000000, 0.0000000000000000000, 0.0000000000000000000 ) ) ;
#1992 = PLANE ( 'NONE',  #2994 ) ;
#1993 = ORIENTED_EDGE ( 'NONE', *, *, #538, .T. ) ;
#1994 = VERTEX_POINT ( 'NONE', #2229 ) ;
#1995 = SURFACE_STYLE_USAGE ( .BOTH. , #2244 ) ;
#1996 = EDGE_CURVE ( 'NONE', #2795, #4944, #4990, .T. ) ;
#1997 = ORIENTED_EDGE ( 'NONE', *, *, #3053, .T. ) ;
#1998 = DIRECTION ( 'NONE',  ( -1.000000000000000000, -0.0000000000000000000, -0.0000000000000000000 ) ) ;
#1999 = VECTOR ( 'NONE', #1830, 1000.000000000000000 ) ;
#2000 = PLANE ( 'NONE',  #1115 ) ;
#2001 = VECTOR ( 'NONE', #1757, 1000.000000000000000 ) ;
#2002 = VECTOR ( 'NONE', #5377, 1000.000000000000000 ) ;
#2003 = DIRECTION ( 'NONE',  ( 0.0000000000000000000, 1.000000000000000000, 0.0000000000000000000 ) ) ;
#2004 = EDGE_CURVE ( 'NONE', #3958, #4174, #4976, .T. ) ;
#2005 = VERTEX_POINT ( 'NONE', #3151 ) ;
#2006 = SURFACE_SIDE_STYLE ('',( #2931 ) ) ;
#2007 = AXIS2_PLACEMENT_3D ( 'NONE', #2205, #2663, #4400 ) ;
#2008 = VERTEX_POINT ( 'NONE', #568 ) ;
#2009 = DIRECTION ( 'NONE',  ( 1.000000000000000000, 0.0000000000000000000, 0.0000000000000000000 ) ) ;
#2010 = CARTESIAN_POINT ( 'NONE',  ( -8.049999999999979400, -0.1750001884497382500, -5.075000033366445800 ) ) ;
#2011 = PRESENTATION_STYLE_ASSIGNMENT (( #3100 ) ) ;
#2012 = CARTESIAN_POINT ( 'NONE',  ( -8.049999999999979400, 0.2999998115502614500, -6.200000033366434200 ) ) ;
#2013 = ORIENTED_EDGE ( 'NONE', *, *, #4128, .F. ) ;
#2014 = DIRECTION ( 'NONE',  ( -1.000000000000000000, 0.0000000000000000000, 0.0000000000000000000 ) ) ;
#2015 = CARTESIAN_POINT ( 'NONE',  ( -0.2500000000000000600, 0.2999999999999999900, -0.2500000000000000000 ) ) ;
#2016 = LINE ( 'NONE', #3216, #1774 ) ;
#2017 = DIRECTION ( 'NONE',  ( 0.0000000000000000000, 0.0000000000000000000, -1.000000000000000000 ) ) ;
#2018 = VECTOR ( 'NONE', #2046, 1000.000000000000000 ) ;
#2019 = CARTESIAN_POINT ( 'NONE',  ( -0.2500000000000000000, 0.02999999999999995400, 0.2500000000000000000 ) ) ;
#2020 = EDGE_LOOP ( 'NONE', ( #1686, #5379, #4158, #3901 ) ) ;
#2021 = LINE ( 'NONE', #2446, #1904 ) ;
#2022 = FACE_OUTER_BOUND ( 'NONE', #4127, .T. ) ;
#2023 = ORIENTED_EDGE ( 'NONE', *, *, #5187, .T. ) ;
#2024 = VERTEX_POINT ( 'NONE', #3170 ) ;
#2025 = MECHANICAL_DESIGN_GEOMETRIC_PRESENTATION_REPRESENTATION (  '', ( #70 ), #36 ) ;
#2026 = EDGE_CURVE ( 'NONE', #3924, #3299, #4483, .T. ) ;
#2027 = LINE ( 'NONE', #4759, #2002 ) ;
#2028 = MANIFOLD_SOLID_BREP ( 'ﾎﾞｽ - 押し出し2[1]', #4519 ) ;
#2029 = CARTESIAN_POINT ( 'NONE',  ( -0.5000000000000000000, -4.286263797015737200E-017, 0.2500000000000000000 ) ) ;
#2030 = CARTESIAN_POINT ( 'NONE',  ( -8.249999999999978700, 0.1000000292598439400, 1.749999910120184200 ) ) ;
#2031 = CARTESIAN_POINT ( 'NONE',  ( 2.350000000000018700, 0.2999999999999886600, -6.249999999999957400 ) ) ;
#2032 = VERTEX_POINT ( 'NONE', #2439 ) ;
#2033 = VECTOR ( 'NONE', #4289, 1000.000000000000000 ) ;
#2034 = EDGE_LOOP ( 'NONE', ( #2214, #3757, #2586, #4425 ) ) ;
#2035 = EDGE_CURVE ( 'NONE', #4312, #3937, #3743, .T. ) ;
#2036 = ORIENTED_EDGE ( 'NONE', *, *, #2934, .T. ) ;
#2037 = ORIENTED_EDGE ( 'NONE', *, *, #4005, .F. ) ;
#2038 = MECHANICAL_DESIGN_GEOMETRIC_PRESENTATION_REPRESENTATION (  '', ( #1106 ), #2565 ) ;
#2039 = AXIS2_PLACEMENT_3D ( 'NONE', #2647, #4838, #1320 ) ;
#2040 = VECTOR ( 'NONE', #5281, 1000.000000000000000 ) ;
#2041 = ORIENTED_EDGE ( 'NONE', *, *, #2491, .F. ) ;
#2042 = AXIS2_PLACEMENT_3D ( 'NONE', #3545, #3581, #3067 ) ;
#2043 = PLANE ( 'NONE',  #1930 ) ;
#2044 = ORIENTED_EDGE ( 'NONE', *, *, #3440, .F. ) ;
#2045 = VECTOR ( 'NONE', #4598, 1000.000000000000000 ) ;
#2046 = DIRECTION ( 'NONE',  ( 0.0000000000000000000, 0.0000000000000000000, 1.000000000000000000 ) ) ;
#2047 = DIRECTION ( 'NONE',  ( -0.0000000000000000000, -0.0000000000000000000, -1.000000000000000000 ) ) ;
#2048 = ORIENTED_EDGE ( 'NONE', *, *, #880, .F. ) ;
#2049 = DIRECTION ( 'NONE',  ( 6.123233995736766000E-017, -1.000000000000000000, -7.228014483236155200E-016 ) ) ;
#2050 = VECTOR ( 'NONE', #3931, 1000.000000000000000 ) ;
#2051 = LINE ( 'NONE', #2430, #2050 ) ;
#2052 = CARTESIAN_POINT ( 'NONE',  ( 8.250000000000035500, 1.450000000000000000, -6.049999999999999800 ) ) ;
#2053 = DIRECTION ( 'NONE',  ( 0.0000000000000000000, -0.0000000000000000000, -1.000000000000000000 ) ) ;
#2054 = EDGE_CURVE ( 'NONE', #1654, #3082, #4746, .T. ) ;
#2055 = CARTESIAN_POINT ( 'NONE',  ( -0.4700000000000000300, 0.02999999999999997100, -0.2500000000000000000 ) ) ;
#2056 = DIRECTION ( 'NONE',  ( 0.0000000000000000000, -1.000000000000000000, 0.0000000000000000000 ) ) ;
#2057 = DIRECTION ( 'NONE',  ( 1.000000000000000000, 0.0000000000000000000, 0.0000000000000000000 ) ) ;
#2058 = CARTESIAN_POINT ( 'NONE',  ( -5.850000000000021800, 0.2999999999999877800, 6.250000000000010700 ) ) ;
#2059 = EDGE_CURVE ( 'NONE', #3974, #4680, #3746, .T. ) ;
#2060 = VECTOR ( 'NONE', #2971, 1000.000000000000000 ) ;
#2061 = CARTESIAN_POINT ( 'NONE',  ( -8.000000000000007100, 0.8500000000000105200, -25.84595613157522500 ) ) ;
#2062 = DIRECTION ( 'NONE',  ( 0.0000000000000000000, -1.000000000000000000, 0.0000000000000000000 ) ) ;
#2063 = CARTESIAN_POINT ( 'NONE',  ( -8.249999999999978700, 0.2999998115502649500, -5.075000033366447600 ) ) ;
#2064 = CARTESIAN_POINT ( 'NONE',  ( 2.350000000000018700, 0.2999999999999877800, -6.449999999999955800 ) ) ;
#2065 = VECTOR ( 'NONE', #4050, 1000.000000000000000 ) ;
#2066 = ORIENTED_EDGE ( 'NONE', *, *, #1378, .F. ) ;
#2067 = AXIS2_PLACEMENT_3D ( 'NONE', #1189, #5047, #1195 ) ;
#2068 = DIRECTION ( 'NONE',  ( 0.0000000000000000000, 0.0000000000000000000, -1.000000000000000000 ) ) ;
#2069 = FACE_OUTER_BOUND ( 'NONE', #4452, .T. ) ;
#2070 = ORIENTED_EDGE ( 'NONE', *, *, #1644, .T. ) ;
#2071 = VECTOR ( 'NONE', #264, 1000.000000000000000 ) ;
#2072 = DIRECTION ( 'NONE',  ( 0.0000000000000000000, 0.0000000000000000000, -1.000000000000000000 ) ) ;
#2073 = ADVANCED_FACE ( 'NONE', ( #4480 ), #2131, .T. ) ;
#2074 = ORIENTED_EDGE ( 'NONE', *, *, #930, .F. ) ;
#2075 = VERTEX_POINT ( 'NONE', #284 ) ;
#2076 = EDGE_CURVE ( 'NONE', #4177, #1311, #3706, .T. ) ;
#2077 = EDGE_CURVE ( 'NONE', #2573, #2005, #3687, .T. ) ;
#2078 = LINE ( 'NONE', #4187, #2138 ) ;
#2079 = CARTESIAN_POINT ( 'NONE',  ( -0.2500000000000000600, 0.2999999999999999900, -0.2500000000000000000 ) ) ;
#2080 = FACE_OUTER_BOUND ( 'NONE', #4089, .T. ) ;
#2081 = EDGE_LOOP ( 'NONE', ( #3654, #5023, #91, #2246 ) ) ;
#2082 = FACE_OUTER_BOUND ( 'NONE', #4025, .T. ) ;
#2083 = DIRECTION ( 'NONE',  ( 0.0000000000000000000, 0.0000000000000000000, 1.000000000000000000 ) ) ;
#2084 = LINE ( 'NONE', #135, #2018 ) ;
#2085 = VECTOR ( 'NONE', #4514, 1000.000000000000000 ) ;
#2086 = DIRECTION ( 'NONE',  ( 0.0000000000000000000, -1.000000000000000000, 0.0000000000000000000 ) ) ;
#2087 =( REPRESENTATION_RELATIONSHIP ('NONE','NONE', #4308, #2654 ) REPRESENTATION_RELATIONSHIP_WITH_TRANSFORMATION ( #3885 )SHAPE_REPRESENTATION_RELATIONSHIP( ) );
#2088 = AXIS2_PLACEMENT_3D ( 'NONE', #2537, #1660, #1617 ) ;
#2089 = ORIENTED_EDGE ( 'NONE', *, *, #3242, .F. ) ;
#2090 = ORIENTED_EDGE ( 'NONE', *, *, #3014, .T. ) ;
#2091 = ORIENTED_EDGE ( 'NONE', *, *, #4995, .T. ) ;
#2092 = LINE ( 'NONE', #2584, #2100 ) ;
#2093 = ORIENTED_EDGE ( 'NONE', *, *, #77, .T. ) ;
#2094 = DIRECTION ( 'NONE',  ( 1.000000000000000000, 0.0000000000000000000, 0.0000000000000000000 ) ) ;
#2095 = DIRECTION ( 'NONE',  ( 1.000000000000000000, 0.0000000000000000000, 0.0000000000000000000 ) ) ;
#2096 = EDGE_LOOP ( 'NONE', ( #4985, #537, #4251, #793 ) ) ;
#2097 = DIRECTION ( 'NONE',  ( 0.0000000000000000000, 0.0000000000000000000, -1.000000000000000000 ) ) ;
#2098 = EDGE_CURVE ( 'NONE', #4658, #1288, #3589, .T. ) ;
#2099 = ORIENTED_EDGE ( 'NONE', *, *, #4933, .F. ) ;
#2100 = VECTOR ( 'NONE', #4463, 1000.000000000000000 ) ;
#2101 = ADVANCED_FACE ( 'NONE', ( #3206 ), #3285, .T. ) ;
#2102 = DIRECTION ( 'NONE',  ( 1.000000000000000000, 0.0000000000000000000, 0.0000000000000000000 ) ) ;
#2103 = EDGE_CURVE ( 'NONE', #1692, #2581, #2816, .T. ) ;
#2104 = ORIENTED_EDGE ( 'NONE', *, *, #1358, .T. ) ;
#2105 = VECTOR ( 'NONE', #909, 1000.000000000000000 ) ;
#2106 = AXIS2_PLACEMENT_3D ( 'NONE', #1537, #2382, #5069 ) ;
#2107 = DIRECTION ( 'NONE',  ( 0.0000000000000000000, -1.000000000000000000, 0.0000000000000000000 ) ) ;
#2108 = CARTESIAN_POINT ( 'NONE',  ( -0.2499999999999999400, 0.0000000000000000000, 0.2500000000000000000 ) ) ;
#2109 = ORIENTED_EDGE ( 'NONE', *, *, #208, .F. ) ;
#2110 = DIRECTION ( 'NONE',  ( 1.000000000000000000, 0.0000000000000000000, -1.084202172485504100E-016 ) ) ;
#2111 = DIRECTION ( 'NONE',  ( 1.000000000000000000, 0.0000000000000000000, 0.0000000000000000000 ) ) ;
#2112 = LINE ( 'NONE', #37, #2105 ) ;
#2113 = VERTEX_POINT ( 'NONE', #4374 ) ;
#2114 = VERTEX_POINT ( 'NONE', #4571 ) ;
#2115 = DIRECTION ( 'NONE',  ( 0.0000000000000000000, 1.000000000000000000, 0.0000000000000000000 ) ) ;
#2116 = EDGE_CURVE ( 'NONE', #2407, #5176, #2793, .T. ) ;
#2117 = AXIS2_PLACEMENT_3D ( 'NONE', #709, #2868, #3965 ) ;
#2118 = FACE_OUTER_BOUND ( 'NONE', #4844, .T. ) ;
#2119 = VECTOR ( 'NONE', #4721, 1000.000000000000000 ) ;
#2120 = ORIENTED_EDGE ( 'NONE', *, *, #1705, .T. ) ;
#2121 = VECTOR ( 'NONE', #5366, 1000.000000000000000 ) ;
#2122 = CARTESIAN_POINT ( 'NONE',  ( 0.2500000000000000600, 0.2999999999999999900, -0.2500000000000000600 ) ) ;
#2123 = LINE ( 'NONE', #4533, #2071 ) ;
#2124 = EDGE_CURVE ( 'NONE', #3373, #3214, #3028, .T. ) ;
#2125 = PLANE ( 'NONE',  #4733 ) ;
#2126 = CARTESIAN_POINT ( 'NONE',  ( -0.2499999999999999400, 0.5000000000000000000, 0.2500000000000000000 ) ) ;
#2127 = CARTESIAN_POINT ( 'NONE',  ( -0.5000000000000000000, 1.059016994374947200, 0.2500000000000000600 ) ) ;
#2128 = VECTOR ( 'NONE', #3917, 1000.000000000000000 ) ;
#2129 = CARTESIAN_POINT ( 'NONE',  ( 0.2500000000000000600, 0.2999999999999999900, -0.2500000000000000600 ) ) ;
#2130 = EDGE_CURVE ( 'NONE', #5223, #4403, #2798, .T. ) ;
#2131 = PLANE ( 'NONE',  #4205 ) ;
#2132 = ADVANCED_FACE ( 'NONE', ( #2599 ), #1776, .F. ) ;
#2133 = CARTESIAN_POINT ( 'NONE',  ( 7.850000000000023600, 1.450000000000000000, -1.850000000000018300 ) ) ;
#2134 = ORIENTED_EDGE ( 'NONE', *, *, #1755, .T. ) ;
#2135 = PLANE ( 'NONE',  #4974 ) ;
#2136 = ORIENTED_EDGE ( 'NONE', *, *, #880, .T. ) ;
#2137 = PLANE ( 'NONE',  #1073 ) ;
#2138 = VECTOR ( 'NONE', #1942, 1000.000000000000000 ) ;
#2139 = LINE ( 'NONE', #2952, #2121 ) ;
#2140 = EDGE_CURVE ( 'NONE', #4461, #791, #2812, .T. ) ;
#2141 = ORIENTED_EDGE ( 'NONE', *, *, #2116, .T. ) ;
#2142 = DIRECTION ( 'NONE',  ( 1.000000000000000000, -0.0000000000000000000, -0.0000000000000000000 ) ) ;
#2143 = LINE ( 'NONE', #2155, #3227 ) ;
#2144 =( GEOMETRIC_REPRESENTATION_CONTEXT ( 3 ) GLOBAL_UNCERTAINTY_ASSIGNED_CONTEXT ( ( #1984 ) ) GLOBAL_UNIT_ASSIGNED_CONTEXT ( ( #28, #2707, #181 ) ) REPRESENTATION_CONTEXT ( 'NONE', 'WORKASPACE' ) );
#2145 = CARTESIAN_POINT ( 'NONE',  ( 8.050000000000034500, 0.3000000000000693200, 2.424999999999970500 ) ) ;
#2146 = LINE ( 'NONE', #2578, #2060 ) ;
#2147 = PLANE ( 'NONE',  #4214 ) ;
#2148 = LINE ( 'NONE', #623, #2996 ) ;
#2149 = LINE ( 'NONE', #43, #2128 ) ;
#2150 = ORIENTED_EDGE ( 'NONE', *, *, #3204, .T. ) ;
#2151 = DIRECTION ( 'NONE',  ( 0.0000000000000000000, 0.0000000000000000000, 1.000000000000000000 ) ) ;
#2152 = CARTESIAN_POINT ( 'NONE',  ( 8.250000000000035500, 1.450000000000000000, 6.049999999999999800 ) ) ;
#2153 = ORIENTED_EDGE ( 'NONE', *, *, #5321, .F. ) ;
#2154 = ORIENTED_EDGE ( 'NONE', *, *, #139, .T. ) ;
#2155 = CARTESIAN_POINT ( 'NONE',  ( 0.2500000000000000000, 4.495703129515628400E-017, 0.2500000000000000000 ) ) ;
#2156 = DIRECTION ( 'NONE',  ( 0.0000000000000000000, 0.0000000000000000000, 1.000000000000000000 ) ) ;
#2157 = LINE ( 'NONE', #4119, #2163 ) ;
#2158 = PRESENTATION_LAYER_ASSIGNMENT (  '', '', ( #1491 ) ) ;
#2159 = ORIENTED_EDGE ( 'NONE', *, *, #3729, .F. ) ;
#2160 = PRODUCT_CONTEXT ( 'NONE', #3641, 'mechanical' ) ;
#2161 = UNCERTAINTY_MEASURE_WITH_UNIT (LENGTH_MEASURE( 1.000000000000000100E-005 ), #2983, 'distance_accuracy_value', 'NONE');
#2162 = FILL_AREA_STYLE_COLOUR ( '', #4890 ) ;
#2163 = VECTOR ( 'NONE', #1444, 1000.000000000000000 ) ;
#2164 = ORIENTED_EDGE ( 'NONE', *, *, #3380, .F. ) ;
#2165 = EDGE_CURVE ( 'NONE', #2726, #3836, #2545, .T. ) ;
#2166 = SURFACE_SIDE_STYLE ('',( #2203 ) ) ;
#2167 = DIRECTION ( 'NONE',  ( -1.000000000000000000, 0.0000000000000000000, 0.0000000000000000000 ) ) ;
#2168 = VERTEX_POINT ( 'NONE', #5331 ) ;
#2169 = VERTEX_POINT ( 'NONE', #2856 ) ;
#2170 = ORIENTED_EDGE ( 'NONE', *, *, #952, .F. ) ;
#2171 = CARTESIAN_POINT ( 'NONE',  ( 16.96596284229220300, -0.1750001884497382500, -5.075000033366445800 ) ) ;
#2172 = VECTOR ( 'NONE', #3304, 1000.000000000000000 ) ;
#2173 = CARTESIAN_POINT ( 'NONE',  ( -8.249999999999978700, 0.3000000200199283200, 5.074999910120151700 ) ) ;
#2174 = EDGE_LOOP ( 'NONE', ( #4804, #968, #2772, #1619 ) ) ;
#2175 = APPLICATION_PROTOCOL_DEFINITION ( 'draft international standard', 'automotive_design', 1998, #4789 ) ;
#2176 = CARTESIAN_POINT ( 'NONE',  ( -0.4700000000000000300, 0.3200000000000000100, -0.2500000000000000000 ) ) ;
#2177 = DIRECTION ( 'NONE',  ( -1.000000000000000000, 0.0000000000000000000, 0.0000000000000000000 ) ) ;
#2178 = LINE ( 'NONE', #4824, #2119 ) ;
#2179 = CARTESIAN_POINT ( 'NONE',  ( -7.850000000000023600, 1.240000000000000000, 6.240000000000010900 ) ) ;
#2180 = APPLICATION_PROTOCOL_DEFINITION ( 'draft international standard', 'automotive_design', 1998, #3641 ) ;
#2181 = LINE ( 'NONE', #1028, #2172 ) ;
#2182 = EDGE_CURVE ( 'NONE', #5319, #3194, #2198, .T. ) ;
#2183 = EDGE_CURVE ( 'NONE', #5061, #2169, #2546, .T. ) ;
#2184 = VERTEX_POINT ( 'NONE', #5135 ) ;
#2185 = CARTESIAN_POINT ( 'NONE',  ( 7.050213999999998600, 0.8000000000000001600, 3.350005000000003000 ) ) ;
#2186 = VERTEX_POINT ( 'NONE', #5120 ) ;
#2187 = LINE ( 'NONE', #1178, #2309 ) ;
#2188 = ORIENTED_EDGE ( 'NONE', *, *, #2342, .T. ) ;
#2189 = CARTESIAN_POINT ( 'NONE',  ( 8.050000000000034500, 0.3000000000000693200, 0.2499999999999876500 ) ) ;
#2190 = CARTESIAN_POINT ( 'NONE',  ( -7.850000000000023600, 0.8500000000000105200, -25.84595613157522500 ) ) ;
#2191 = EDGE_CURVE ( 'NONE', #4909, #3694, #2181, .T. ) ;
#2192 = LINE ( 'NONE', #892, #2085 ) ;
#2193 = VECTOR ( 'NONE', #2115, 1000.000000000000000 ) ;
#2194 = APPLICATION_CONTEXT ( 'automotive_design' ) ;
#2195 = APPLICATION_PROTOCOL_DEFINITION ( 'draft international standard', 'automotive_design', 1998, #4905 ) ;
#2196 = ORIENTED_EDGE ( 'NONE', *, *, #1964, .T. ) ;
#2197 = CARTESIAN_POINT ( 'NONE',  ( 0.4700000000000000300, 0.02999999999999997100, -0.2500000000000000000 ) ) ;
#2198 = LINE ( 'NONE', #994, #2193 ) ;
#2199 = VERTEX_POINT ( 'NONE', #1057 ) ;
#2200 = DIRECTION ( 'NONE',  ( 0.0000000000000000000, 1.000000000000000000, 0.0000000000000000000 ) ) ;
#2201 = ORIENTED_EDGE ( 'NONE', *, *, #4036, .T. ) ;
#2202 = PRODUCT_CONTEXT ( 'NONE', #4905, 'mechanical' ) ;
#2203 = SURFACE_STYLE_FILL_AREA ( #3264 ) ;
#2204 = CARTESIAN_POINT ( 'NONE',  ( 8.250000000000035500, -0.1749999999999893900, 2.424999999999970500 ) ) ;
#2205 = CARTESIAN_POINT ( 'NONE',  ( -8.380715139640129200, 1.449999999999996400, -1.850000000000059200 ) ) ;
#2206 = EDGE_LOOP ( 'NONE', ( #1699, #2099, #2269, #2929 ) ) ;
#2207 = CARTESIAN_POINT ( 'NONE',  ( 7.850000000000023600, 1.449999999999999100, 6.250000000000010700 ) ) ;
#2208 = ORIENTED_EDGE ( 'NONE', *, *, #2534, .F. ) ;
#2209 = LINE ( 'NONE', #2930, #1903 ) ;
#2210 = LINE ( 'NONE', #5194, #2217 ) ;
#2211 = APPLICATION_CONTEXT ( 'automotive_design' ) ;
#2212 = EDGE_CURVE ( 'NONE', #1465, #2032, #2187, .T. ) ;
#2213 = VECTOR ( 'NONE', #2356, 1000.000000000000000 ) ;
#2214 = ORIENTED_EDGE ( 'NONE', *, *, #4900, .T. ) ;
#2215 = DIRECTION ( 'NONE',  ( 0.0000000000000000000, 1.000000000000000000, -6.123233995736766000E-017 ) ) ;
#2216 = DIRECTION ( 'NONE',  ( 1.000000000000000000, 0.0000000000000000000, 0.0000000000000000000 ) ) ;
#2217 = VECTOR ( 'NONE', #2898, 1000.000000000000000 ) ;
#2218 = PLANE ( 'NONE',  #4687 ) ;
#2219 = APPLICATION_PROTOCOL_DEFINITION ( 'draft international standard', 'automotive_design', 1998, #2211 ) ;
#2220 = ORIENTED_EDGE ( 'NONE', *, *, #4995, .F. ) ;
#2221 = EDGE_CURVE ( 'NONE', #834, #1440, #2149, .T. ) ;
#2222 = APPLICATION_CONTEXT ( 'automotive_design' ) ;
#2223 = ORIENTED_EDGE ( 'NONE', *, *, #1051, .T. ) ;
#2224 = DIRECTION ( 'NONE',  ( 0.0000000000000000000, 0.0000000000000000000, 1.000000000000000000 ) ) ;
#2225 = EDGE_CURVE ( 'NONE', #2480, #2288, #2139, .T. ) ;
#2226 = CARTESIAN_POINT ( 'NONE',  ( 16.96596284229220300, 0.03000002925983638600, 3.749999910120186200 ) ) ;
#2227 = ORIENTED_EDGE ( 'NONE', *, *, #1061, .F. ) ;
#2228 = VECTOR ( 'NONE', #4237, 1000.000000000000000 ) ;
#2229 = CARTESIAN_POINT ( 'NONE',  ( 7.850000000000023600, 1.450000000000000000, -2.249999999999974200 ) ) ;
#2230 = EDGE_LOOP ( 'NONE', ( #2669, #5250, #2884, #2519 ) ) ;
#2231 = CLOSED_SHELL ( 'NONE', ( #3764, #2421, #768, #2730, #4212, #5336 ) ) ;
#2232 = DIRECTION ( 'NONE',  ( 0.0000000000000000000, 1.000000000000000000, 0.0000000000000000000 ) ) ;
#2233 = CARTESIAN_POINT ( 'NONE',  ( -8.049999999999981200, -1.976897152922152400E-007, -3.850000033366470600 ) ) ;
#2234 = VERTEX_POINT ( 'NONE', #4795 ) ;
#2235 = PLANE ( 'NONE',  #4221 ) ;
#2236 = EDGE_CURVE ( 'NONE', #3421, #794, #2112, .T. ) ;
#2237 = AXIS2_PLACEMENT_3D ( 'NONE', #1695, #1672, #1674 ) ;
#2238 = ADVANCED_FACE ( 'NONE', ( #2118 ), #1614, .F. ) ;
#2239 = VERTEX_POINT ( 'NONE', #2927 ) ;
#2240 = PLANE ( 'NONE',  #2900 ) ;
#2241 = ORIENTED_EDGE ( 'NONE', *, *, #4008, .T. ) ;
#2242 = ORIENTED_EDGE ( 'NONE', *, *, #5067, .F. ) ;
#2243 = DIRECTION ( 'NONE',  ( 0.0000000000000000000, 0.0000000000000000000, 1.000000000000000000 ) ) ;
#2244 = SURFACE_SIDE_STYLE ('',( #5227 ) ) ;
#2245 = VERTEX_POINT ( 'NONE', #1837 ) ;
#2246 = ORIENTED_EDGE ( 'NONE', *, *, #678, .T. ) ;
#2247 = PLANE ( 'NONE',  #2473 ) ;
#2248 = EDGE_CURVE ( 'NONE', #2024, #2434, #2192, .T. ) ;
#2249 = EDGE_LOOP ( 'NONE', ( #3734, #5283, #4816, #1034 ) ) ;
#2250 = ADVANCED_BREP_SHAPE_REPRESENTATION ( '', ( #5000, #2338 ), #1722 ) ;
#2251 = DIRECTION ( 'NONE',  ( -0.0000000000000000000, -0.0000000000000000000, -1.000000000000000000 ) ) ;
#2252 = VERTEX_POINT ( 'NONE', #2587 ) ;
#2253 = EDGE_CURVE ( 'NONE', #3045, #808, #2123, .T. ) ;
#2254 = EDGE_LOOP ( 'NONE', ( #1283, #2287, #4699, #2241 ) ) ;
#2255 = EDGE_CURVE ( 'NONE', #2075, #124, #2092, .T. ) ;
#2256 = CARTESIAN_POINT ( 'NONE',  ( -10.70000400000000000, 0.0000000000000000000, 7.000112999999995400 ) ) ;
#2257 = UNCERTAINTY_MEASURE_WITH_UNIT (LENGTH_MEASURE( 1.000000000000000100E-005 ), #2482, 'distance_accuracy_value', 'NONE');
#2258 = CARTESIAN_POINT ( 'NONE',  ( 0.0000000000000000000, 0.2999999999999999900, 0.0000000000000000000 ) ) ;
#2259 = ORIENTED_EDGE ( 'NONE', *, *, #5396, .F. ) ;
#2260 = PLANE ( 'NONE',  #528 ) ;
#2261 = CARTESIAN_POINT ( 'NONE',  ( 8.040000000000034700, 1.239999999999999500, 6.049999999999999800 ) ) ;
#2262 = APPLICATION_PROTOCOL_DEFINITION ( 'draft international standard', 'automotive_design', 1998, #2222 ) ;
#2263 = DIRECTION ( 'NONE',  ( -1.000000000000000000, 0.0000000000000000000, -1.084202172485504400E-016 ) ) ;
#2264 = AXIS2_PLACEMENT_3D ( 'NONE', #1613, #2428, #1971 ) ;
#2265 = DIRECTION ( 'NONE',  ( -1.000000000000000000, 0.0000000000000000000, 0.0000000000000000000 ) ) ;
#2266 = LINE ( 'NONE', #2127, #4894 ) ;
#2267 = ADVANCED_FACE ( 'NONE', ( #2080 ), #350, .T. ) ;
#2268 = SHAPE_DEFINITION_REPRESENTATION ( #3219, #751 ) ;
#2269 = ORIENTED_EDGE ( 'NONE', *, *, #359, .T. ) ;
#2270 = DIRECTION ( 'NONE',  ( 0.0000000000000000000, 0.0000000000000000000, 1.000000000000000000 ) ) ;
#2271 = LINE ( 'NONE', #2936, #2228 ) ;
#2272 = DIRECTION ( 'NONE',  ( 0.0000000000000000000, 0.0000000000000000000, 1.000000000000000000 ) ) ;
#2273 = PLANE ( 'NONE',  #1915 ) ;
#2274 = LINE ( 'NONE', #3265, #4945 ) ;
#2275 = ORIENTED_EDGE ( 'NONE', *, *, #52, .T. ) ;
#2276 = EDGE_CURVE ( 'NONE', #2630, #1288, #2051, .T. ) ;
#2277 = UNCERTAINTY_MEASURE_WITH_UNIT (LENGTH_MEASURE( 1.000000000000000100E-005 ), #218, 'distance_accuracy_value', 'NONE');
#2278 = DIRECTION ( 'NONE',  ( 0.0000000000000000000, -0.0000000000000000000, 1.000000000000000000 ) ) ;
#2279 = ORIENTED_EDGE ( 'NONE', *, *, #2435, .F. ) ;
#2280 = EDGE_CURVE ( 'NONE', #1763, #449, #2027, .T. ) ;
#2281 =( NAMED_UNIT ( * ) SI_UNIT ( $, .STERADIAN. ) SOLID_ANGLE_UNIT ( ) );
#2282 = ADVANCED_FACE ( 'NONE', ( #2022 ), #2478, .T. ) ;
#2283 = AXIS2_PLACEMENT_3D ( 'NONE', #3475, #2837, #2215 ) ;
#2284 = DIRECTION ( 'NONE',  ( 0.0000000000000000000, 0.0000000000000000000, -1.000000000000000000 ) ) ;
#2285 = CARTESIAN_POINT ( 'NONE',  ( -8.049999999999981200, 1.239999999999999800, 6.049999910120151400 ) ) ;
#2286 = VERTEX_POINT ( 'NONE', #1339 ) ;
#2287 = ORIENTED_EDGE ( 'NONE', *, *, #2615, .F. ) ;
#2288 = VERTEX_POINT ( 'NONE', #1500 ) ;
#2289 = CARTESIAN_POINT ( 'NONE',  ( 0.5000000000000000000, -4.286263797015737200E-017, 0.2500000000000000000 ) ) ;
#2290 = ORIENTED_EDGE ( 'NONE', *, *, #3412, .F. ) ;
#2291 = AXIS2_PLACEMENT_3D ( 'NONE', #4316, #4568, #3610 ) ;
#2292 = ADVANCED_FACE ( 'NONE', ( #1928 ), #3542, .T. ) ;
#2293 = PRESENTATION_STYLE_ASSIGNMENT (( #282 ) ) ;
#2294 = CARTESIAN_POINT ( 'NONE',  ( -8.049999999999979400, -1.976897066185978600E-007, -1.750000033366425000 ) ) ;
#2295 = EDGE_LOOP ( 'NONE', ( #4157, #5198, #3004, #1447 ) ) ;
#2296 = CARTESIAN_POINT ( 'NONE',  ( -0.5000000000000000000, 0.2999999999999999900, -0.2499999999999999400 ) ) ;
#2297 = PLANE ( 'NONE',  #3575 ) ;
#2298 = EDGE_LOOP ( 'NONE', ( #1232, #2353, #4713, #1784 ) ) ;
#2299 = EDGE_CURVE ( 'NONE', #566, #3924, #1918, .T. ) ;
#2300 = VERTEX_POINT ( 'NONE', #5238 ) ;
#2301 = CARTESIAN_POINT ( 'NONE',  ( 8.000000000000007100, 0.2999999999999877800, 6.250000000000010700 ) ) ;
#2302 = ORIENTED_EDGE ( 'NONE', *, *, #3929, .T. ) ;
#2303 = ORIENTED_EDGE ( 'NONE', *, *, #3838, .F. ) ;
#2304 = DIRECTION ( 'NONE',  ( -0.0000000000000000000, -1.000000000000000000, -0.0000000000000000000 ) ) ;
#2305 = DIRECTION ( 'NONE',  ( 0.0000000000000000000, 0.0000000000000000000, -1.000000000000000000 ) ) ;
#2306 = EDGE_CURVE ( 'NONE', #2585, #2577, #1932, .T. ) ;
#2307 = AXIS2_PLACEMENT_3D ( 'NONE', #1900, #1851, #2270 ) ;
#2308 = ORIENTED_EDGE ( 'NONE', *, *, #2894, .T. ) ;
#2309 = VECTOR ( 'NONE', #2865, 1000.000000000000000 ) ;
#2310 = DIRECTION ( 'NONE',  ( 1.000000000000000000, -3.512786770612546000E-016, 0.0000000000000000000 ) ) ;
#2311 = CARTESIAN_POINT ( 'NONE',  ( 8.000000000000007100, 0.2999999999999877800, 6.450000000000011700 ) ) ;
#2312 = DIRECTION ( 'NONE',  ( 0.0000000000000000000, 0.0000000000000000000, -1.000000000000000000 ) ) ;
#2313 = CARTESIAN_POINT ( 'NONE',  ( -32.12551892810807200, 1.240000000000000000, -6.239999999999955800 ) ) ;
#2314 = VECTOR ( 'NONE', #4301, 1000.000000000000000 ) ;
#2315 = AXIS2_PLACEMENT_3D ( 'NONE', #1937, #4432, #2305 ) ;
#2316 = SHAPE_REPRESENTATION_RELATIONSHIP ( 'NONE' , 'NONE' ,  #751, #5308 ) ;
#2317 = CARTESIAN_POINT ( 'NONE',  ( -0.2500000000000000600, 0.2999999999999999900, -0.2500000000000000000 ) ) ;
#2318 = VECTOR ( 'NONE', #4711, 1000.000000000000000 ) ;
#2319 = CARTESIAN_POINT ( 'NONE',  ( 16.96596284229220300, -1.976897152922152400E-007, -3.850000033366470600 ) ) ;
#2320 = EDGE_LOOP ( 'NONE', ( #228, #1134, #1694, #5170 ) ) ;
#2321 = VECTOR ( 'NONE', #2142, 1000.000000000000000 ) ;
#2322 = PRESENTATION_LAYER_ASSIGNMENT (  '', '', ( #70 ) ) ;
#2323 = CARTESIAN_POINT ( 'NONE',  ( -8.049999999999979400, -1.976897152922152400E-007, -3.850000033366470600 ) ) ;
#2324 = EDGE_CURVE ( 'NONE', #1909, #1475, #1906, .T. ) ;
#2325 = CARTESIAN_POINT ( 'NONE',  ( 7.375015999999997800, 0.8000000000000001600, 1.299908999999988000 ) ) ;
#2326 = DIRECTION ( 'NONE',  ( 1.000000000000000000, 0.0000000000000000000, 0.0000000000000000000 ) ) ;
#2327 = CARTESIAN_POINT ( 'NONE',  ( -5.850000000000021800, 0.2999999999999877800, -6.249999999999955600 ) ) ;
#2328 = LINE ( 'NONE', #1044, #2213 ) ;
#2329 = VECTOR ( 'NONE', #47, 1000.000000000000000 ) ;
#2330 = DIRECTION ( 'NONE',  ( 0.0000000000000000000, 1.000000000000000000, 0.0000000000000000000 ) ) ;
#2331 = ADVANCED_FACE ( 'NONE', ( #1887 ), #725, .T. ) ;
#2332 = ORIENTED_EDGE ( 'NONE', *, *, #2221, .F. ) ;
#2333 = DIRECTION ( 'NONE',  ( 0.0000000000000000000, 0.0000000000000000000, 1.000000000000000000 ) ) ;
#2334 = ORIENTED_EDGE ( 'NONE', *, *, #4955, .T. ) ;
#2335 = ORIENTED_EDGE ( 'NONE', *, *, #1021, .T. ) ;
#2336 = CARTESIAN_POINT ( 'NONE',  ( 7.850000000000023600, -39.79214906653888300, 6.240000000000010900 ) ) ;
#2337 = ORIENTED_EDGE ( 'NONE', *, *, #563, .T. ) ;
#2338 = AXIS2_PLACEMENT_3D ( 'NONE', #345, #333, #876 ) ;
#2339 = EDGE_CURVE ( 'NONE', #3258, #5400, #1895, .T. ) ;
#2340 = ORIENTED_EDGE ( 'NONE', *, *, #538, .F. ) ;
#2341 = VECTOR ( 'NONE', #2861, 1000.000000000000000 ) ;
#2342 = EDGE_CURVE ( 'NONE', #2732, #4837, #1859, .T. ) ;
#2343 = ORIENTED_EDGE ( 'NONE', *, *, #3303, .T. ) ;
#2344 = ORIENTED_EDGE ( 'NONE', *, *, #3756, .T. ) ;
#2345 = CARTESIAN_POINT ( 'NONE',  ( -0.4700000000000000300, 0.02999999999999997100, 0.2500000000000000000 ) ) ;
#2346 = DIRECTION ( 'NONE',  ( 0.0000000000000000000, 0.0000000000000000000, 1.000000000000000000 ) ) ;
#2347 = CARTESIAN_POINT ( 'NONE',  ( 4.450000000000009900, 0.2999999999999886600, 25.84595613157528100 ) ) ;
#2348 = ORIENTED_EDGE ( 'NONE', *, *, #1011, .T. ) ;
#2349 = ORIENTED_EDGE ( 'NONE', *, *, #3235, .T. ) ;
#2350 = FILL_AREA_STYLE ('',( #4182 ) ) ;
#2351 = CARTESIAN_POINT ( 'NONE',  ( -7.850000000000023600, 0.8500000000000105200, 6.250000000000012400 ) ) ;
#2352 = VECTOR ( 'NONE', #4812, 1000.000000000000000 ) ;
#2353 = ORIENTED_EDGE ( 'NONE', *, *, #2501, .F. ) ;
#2354 = CARTESIAN_POINT ( 'NONE',  ( -8.045235987755962300, 1.249999999999999100, 6.049999970040051500 ) ) ;
#2355 = CARTESIAN_POINT ( 'NONE',  ( 8.040000000000034700, 1.239999999999999500, -24.15568132692542500 ) ) ;
#2356 = DIRECTION ( 'NONE',  ( 0.0000000000000000000, -1.000000000000000000, 0.0000000000000000000 ) ) ;
#2357 = LINE ( 'NONE', #5297, #2352 ) ;
#2358 = DIRECTION ( 'NONE',  ( 0.0000000000000000000, 0.0000000000000000000, 1.000000000000000000 ) ) ;
#2359 = ORIENTED_EDGE ( 'NONE', *, *, #3689, .F. ) ;
#2360 = ORIENTED_EDGE ( 'NONE', *, *, #3001, .F. ) ;
#2361 = LINE ( 'NONE', #4033, #2040 ) ;
#2362 = CARTESIAN_POINT ( 'NONE',  ( 7.850000000000023600, 1.249999999999999800, 6.049999999999999800 ) ) ;
#2363 = ORIENTED_EDGE ( 'NONE', *, *, #4330, .T. ) ;
#2364 = FILL_AREA_STYLE_COLOUR ( '', #2458 ) ;
#2365 = EDGE_CURVE ( 'NONE', #3435, #3728, #1864, .T. ) ;
#2366 = CARTESIAN_POINT ( 'NONE',  ( -5.850000000000021800, -6.071532165918824800E-015, 25.84595613157528100 ) ) ;
#2367 = DIRECTION ( 'NONE',  ( 0.0000000000000000000, 0.0000000000000000000, 1.000000000000000000 ) ) ;
#2368 = VERTEX_POINT ( 'NONE', #2639 ) ;
#2369 = ITEM_DEFINED_TRANSFORMATION ( 'NONE', 'NONE', #4560,  #2338 ) ;
#2370 = DIRECTION ( 'NONE',  ( -0.0000000000000000000, -0.0000000000000000000, 1.000000000000000000 ) ) ;
#2371 = EDGE_CURVE ( 'NONE', #3533, #2005, #1853, .T. ) ;
#2372 = CARTESIAN_POINT ( 'NONE',  ( -5.850000000000021800, -6.938893903907228400E-015, 6.250000000000010700 ) ) ;
#2373 = DIRECTION ( 'NONE',  ( -1.000000000000000000, 0.0000000000000000000, 0.0000000000000000000 ) ) ;
#2374 = DIRECTION ( 'NONE',  ( -1.000000000000000000, 7.700299520493638400E-017, -0.0000000000000000000 ) ) ;
#2375 = EDGE_CURVE ( 'NONE', #1475, #2909, #1857, .T. ) ;
#2376 = ORIENTED_EDGE ( 'NONE', *, *, #1318, .T. ) ;
#2377 = CARTESIAN_POINT ( 'NONE',  ( 4.450000000000009900, 0.2999999999999877800, -6.449999999999955800 ) ) ;
#2378 = ORIENTED_EDGE ( 'NONE', *, *, #4854, .F. ) ;
#2379 = DIRECTION ( 'NONE',  ( 1.000000000000000000, -0.0000000000000000000, -2.168404344971008900E-016 ) ) ;
#2380 = EDGE_LOOP ( 'NONE', ( #4868, #1150, #1478, #3071, #2036, #2835, #3567, #840, #1539, #2802, #1054, #3991, #2951, #2869, #4481, #2497 ) ) ;
#2381 = EDGE_CURVE ( 'NONE', #3333, #3607, #1849, .T. ) ;
#2382 = DIRECTION ( 'NONE',  ( 0.0000000000000000000, 0.0000000000000000000, -1.000000000000000000 ) ) ;
#2383 = VECTOR ( 'NONE', #611, 1000.000000000000000 ) ;
#2384 = ORIENTED_EDGE ( 'NONE', *, *, #3117, .T. ) ;
#2385 = ORIENTED_EDGE ( 'NONE', *, *, #3878, .F. ) ;
#2386 = ADVANCED_FACE ( 'NONE', ( #1820 ), #2827, .T. ) ;
#2387 = DIRECTION ( 'NONE',  ( 0.0000000000000000000, 0.0000000000000000000, -1.000000000000000000 ) ) ;
#2388 = CARTESIAN_POINT ( 'NONE',  ( 0.2500000000000000600, 0.2999999999999999900, -0.2500000000000000600 ) ) ;
#2389 = EDGE_CURVE ( 'NONE', #2538, #3428, #1805, .T. ) ;
#2390 = ORIENTED_EDGE ( 'NONE', *, *, #3269, .T. ) ;
#2391 = DIRECTION ( 'NONE',  ( 0.0000000000000000000, -0.0000000000000000000, -1.000000000000000000 ) ) ;
#2392 = ORIENTED_EDGE ( 'NONE', *, *, #3403, .T. ) ;
#2393 = EDGE_LOOP ( 'NONE', ( #4779, #1627, #1896, #296 ) ) ;
#2394 = CARTESIAN_POINT ( 'NONE',  ( -7.850000000000023600, 1.249999999999999800, -6.049999999999999800 ) ) ;
#2395 = DIRECTION ( 'NONE',  ( 1.000000000000000000, 0.0000000000000000000, -1.084202172485504300E-016 ) ) ;
#2396 = EDGE_CURVE ( 'NONE', #2169, #4858, #1842, .T. ) ;
#2397 = MANIFOLD_SOLID_BREP ( 'ﾎﾞｽ - 押し出し2[2]', #1415 ) ;
#2398 = EDGE_LOOP ( 'NONE', ( #2308, #660, #3959, #400 ) ) ;
#2399 = LINE ( 'NONE', #1279, #87 ) ;
#2400 = CARTESIAN_POINT ( 'NONE',  ( 0.5000000000000000000, 0.2999999999999999900, -0.2500000000000000600 ) ) ;
#2401 = ORIENTED_EDGE ( 'NONE', *, *, #4101, .F. ) ;
#2402 = DIRECTION ( 'NONE',  ( -0.0000000000000000000, -0.0000000000000000000, -1.000000000000000000 ) ) ;
#2403 = COLOUR_RGB ( '',0.6588235294117647000, 0.6196078431372549200, 0.5607843137254902000 ) ;
#2404 = EDGE_CURVE ( 'NONE', #1055, #2820, #1734, .T. ) ;
#2405 = AXIS2_PLACEMENT_3D ( 'NONE', #2626, #3579, #2962 ) ;
#2406 = CARTESIAN_POINT ( 'NONE',  ( 4.450000000000009900, -6.071532165918824800E-015, -25.84595613157522500 ) ) ;
#2407 = VERTEX_POINT ( 'NONE', #4413 ) ;
#2408 = ORIENTED_EDGE ( 'NONE', *, *, #3021, .F. ) ;
#2409 = DIRECTION ( 'NONE',  ( -1.000000000000000000, 0.0000000000000000000, 0.0000000000000000000 ) ) ;
#2410 = ORIENTED_EDGE ( 'NONE', *, *, #2324, .T. ) ;
#2411 = CARTESIAN_POINT ( 'NONE',  ( -10.70000400000000000, 0.0000000000000000000, -7.000112999999995400 ) ) ;
#2412 = CARTESIAN_POINT ( 'NONE',  ( -8.249999999999978700, 0.3000000200199283200, 5.074999910120151700 ) ) ;
#2413 = ORIENTED_EDGE ( 'NONE', *, *, #434, .F. ) ;
#2414 = VERTEX_POINT ( 'NONE', #4202 ) ;
#2415 = EDGE_CURVE ( 'NONE', #1457, #812, #1791, .T. ) ;
#2416 = CARTESIAN_POINT ( 'NONE',  ( -0.5000000000000000000, 0.0000000000000000000, 0.2500000000000000600 ) ) ;
#2417 = CARTESIAN_POINT ( 'NONE',  ( -5.749999999999976900, 1.450000000000000000, 3.950000000000009100 ) ) ;
#2418 = ORIENTED_EDGE ( 'NONE', *, *, #1608, .F. ) ;
#2419 = EDGE_CURVE ( 'NONE', #2480, #569, #1725, .T. ) ;
#2420 = CARTESIAN_POINT ( 'NONE',  ( -0.2500000000000000000, 0.5000000000000000000, 0.2500000000000000000 ) ) ;
#2421 = ADVANCED_FACE ( 'NONE', ( #1720 ), #2754, .F. ) ;
#2422 = LINE ( 'NONE', #4079, #2383 ) ;
#2423 = VERTEX_POINT ( 'NONE', #3033 ) ;
#2424 = PRODUCT_DEFINITION_SHAPE ( 'NONE', 'NONE',  #5418 ) ;
#2425 = CARTESIAN_POINT ( 'NONE',  ( 8.050000000000036200, 0.03000000000001959400, 4.449999999999970000 ) ) ;
#2426 = PLANE ( 'NONE',  #583 ) ;
#2427 = EDGE_LOOP ( 'NONE', ( #4264, #1952, #4116, #4915 ) ) ;
#2428 = DIRECTION ( 'NONE',  ( -1.000000000000000000, 0.0000000000000000000, 0.0000000000000000000 ) ) ;
#2429 = ORIENTED_EDGE ( 'NONE', *, *, #4655, .T. ) ;
#2430 = CARTESIAN_POINT ( 'NONE',  ( 0.4700000000000000300, 0.3200000000000000100, 0.2500000000000000000 ) ) ;
#2431 = DIRECTION ( 'NONE',  ( 0.0000000000000000000, 0.0000000000000000000, 1.000000000000000000 ) ) ;
#2432 = PLANE ( 'NONE',  #4107 ) ;
#2433 = CARTESIAN_POINT ( 'NONE',  ( -0.5000000000000000000, 0.2999999999999999900, 0.2500000000000000600 ) ) ;
#2434 = VERTEX_POINT ( 'NONE', #4895 ) ;
#2435 = EDGE_CURVE ( 'NONE', #4944, #1870, #1716, .T. ) ;
#2436 = ADVANCED_FACE ( 'NONE', ( #1812 ), #1943, .F. ) ;
#2437 = EDGE_CURVE ( 'NONE', #511, #3280, #1691, .T. ) ;
#2438 = ORIENTED_EDGE ( 'NONE', *, *, #3086, .T. ) ;
#2439 = CARTESIAN_POINT ( 'NONE',  ( 7.850000000000030700, 1.240000000000004200, 6.450000000000010800 ) ) ;
#2440 = CARTESIAN_POINT ( 'NONE',  ( -8.000000000000007100, 0.8500000000000105200, 25.84595613157528100 ) ) ;
#2441 = PRODUCT_DEFINITION_SHAPE ( 'NONE', 'NONE',  #4165 ) ;
#2442 = ORIENTED_EDGE ( 'NONE', *, *, #2563, .F. ) ;
#2443 = EDGE_CURVE ( 'NONE', #1988, #3328, #1697, .T. ) ;
#2444 = AXIS2_PLACEMENT_3D ( 'NONE', #1192, #1246, #1243 ) ;
#2445 = EDGE_LOOP ( 'NONE', ( #4395, #5347, #3738, #1769 ) ) ;
#2446 = CARTESIAN_POINT ( 'NONE',  ( 16.96596284229220300, 1.239999999999999800, 6.049999910120151400 ) ) ;
#2447 = ADVANCED_FACE ( 'NONE', ( #1668 ), #110, .F. ) ;
#2448 = CARTESIAN_POINT ( 'NONE',  ( 7.850000000000023600, -39.79214906653888300, -6.049999999999999800 ) ) ;
#2449 = DIRECTION ( 'NONE',  ( 0.0000000000000000000, 1.000000000000000000, 0.0000000000000000000 ) ) ;
#2450 = CARTESIAN_POINT ( 'NONE',  ( 7.850000000000023600, 1.240000000000000700, -25.84595613157522500 ) ) ;
#2451 = VECTOR ( 'NONE', #2750, 1000.000000000000000 ) ;
#2452 = LINE ( 'NONE', #5022, #2329 ) ;
#2453 = PRESENTATION_STYLE_ASSIGNMENT (( #3673 ) ) ;
#2454 = ORIENTED_EDGE ( 'NONE', *, *, #3946, .F. ) ;
#2455 = AXIS2_PLACEMENT_3D ( 'NONE', #3928, #2977, #2965 ) ;
#2456 = FILL_AREA_STYLE ('',( #4453 ) ) ;
#2457 = FACE_OUTER_BOUND ( 'NONE', #1603, .T. ) ;
#2458 = COLOUR_RGB ( '',0.9686274509803921600, 0.8784313725490196000, 0.5999999999999999800 ) ;
#2459 = DIRECTION ( 'NONE',  ( -0.0000000000000000000, 1.000000000000000000, -0.0000000000000000000 ) ) ;
#2460 = CARTESIAN_POINT ( 'NONE',  ( -8.249999999999978700, -1.976897152922152400E-007, -3.850000033366470600 ) ) ;
#2461 = VERTEX_POINT ( 'NONE', #1974 ) ;
#2462 = AXIS2_PLACEMENT_3D ( 'NONE', #4839, #5162, #4105 ) ;
#2463 = FACE_OUTER_BOUND ( 'NONE', #2530, .T. ) ;
#2464 = DIRECTION ( 'NONE',  ( 0.0000000000000000000, -1.000000000000000000, 0.0000000000000000000 ) ) ;
#2465 = LINE ( 'NONE', #5037, #2451 ) ;
#2466 = CARTESIAN_POINT ( 'NONE',  ( -8.049999999999981200, 0.8499998115502563900, -6.050000033366453400 ) ) ;
#2467 = DIRECTION ( 'NONE',  ( -0.0000000000000000000, 1.000000000000000000, -0.0000000000000000000 ) ) ;
#2468 = EDGE_CURVE ( 'NONE', #4177, #3999, #1707, .T. ) ;
#2469 = ORIENTED_EDGE ( 'NONE', *, *, #3370, .F. ) ;
#2470 = CARTESIAN_POINT ( 'NONE',  ( 4.450000000000009900, 0.2999999999999877800, -6.449999999999955800 ) ) ;
#2471 = CARTESIAN_POINT ( 'NONE',  ( -8.249999999999978700, 1.450000000000000000, 6.049999999999999800 ) ) ;
#2472 = EDGE_CURVE ( 'NONE', #846, #558, #1685, .T. ) ;
#2473 = AXIS2_PLACEMENT_3D ( 'NONE', #1550, #2395, #5391 ) ;
#2474 = PLANE ( 'NONE',  #3819 ) ;
#2475 = CARTESIAN_POINT ( 'NONE',  ( 8.040000000000034700, 1.249999999999999300, 6.049999999999999800 ) ) ;
#2476 = ORIENTED_EDGE ( 'NONE', *, *, #1770, .F. ) ;
#2477 = DIRECTION ( 'NONE',  ( -0.0000000000000000000, -1.000000000000000000, -0.0000000000000000000 ) ) ;
#2478 = PLANE ( 'NONE',  #618 ) ;
#2479 = EDGE_CURVE ( 'NONE', #2753, #732, #1657, .T. ) ;
#2480 = VERTEX_POINT ( 'NONE', #1160 ) ;
#2481 = ITEM_DEFINED_TRANSFORMATION ( 'NONE', 'NONE', #4530,  #2338 ) ;
#2482 =( LENGTH_UNIT ( ) NAMED_UNIT ( * ) SI_UNIT ( .MILLI., .METRE. ) );
#2483 = CARTESIAN_POINT ( 'NONE',  ( -0.5000000000000000000, 0.2999999999999999900, -0.2499999999999999400 ) ) ;
#2484 = EDGE_LOOP ( 'NONE', ( #5146, #1079, #225, #1800 ) ) ;
#2485 = CARTESIAN_POINT ( 'NONE',  ( -8.249999999999978700, -0.1749999753600950900, 4.849999910120177800 ) ) ;
#2486 = ORIENTED_EDGE ( 'NONE', *, *, #1963, .T. ) ;
#2487 = ORIENTED_EDGE ( 'NONE', *, *, #3201, .F. ) ;
#2488 = DIRECTION ( 'NONE',  ( 0.0000000000000000000, 0.0000000000000000000, -1.000000000000000000 ) ) ;
#2489 = CARTESIAN_POINT ( 'NONE',  ( 0.5000000000000000000, 0.0000000000000000000, -0.2500000000000000600 ) ) ;
#2490 = PLANE ( 'NONE',  #4502 ) ;
#2491 = EDGE_CURVE ( 'NONE', #2819, #3845, #1651, .T. ) ;
#2492 = DIRECTION ( 'NONE',  ( -0.0000000000000000000, 1.000000000000000000, -0.0000000000000000000 ) ) ;
#2493 = DIRECTION ( 'NONE',  ( 0.0000000000000000000, -1.000000000000000000, 0.0000000000000000000 ) ) ;
#2494 = ORIENTED_EDGE ( 'NONE', *, *, #2389, .T. ) ;
#2495 = ORIENTED_EDGE ( 'NONE', *, *, #1854, .T. ) ;
#2496 = VECTOR ( 'NONE', #3527, 1000.000000000000000 ) ;
#2497 = ORIENTED_EDGE ( 'NONE', *, *, #711, .T. ) ;
#2498 = EDGE_CURVE ( 'NONE', #3677, #735, #1637, .T. ) ;
#2499 = ORIENTED_EDGE ( 'NONE', *, *, #4525, .T. ) ;
#2500 = VECTOR ( 'NONE', #1474, 1000.000000000000000 ) ;
#2501 = EDGE_CURVE ( 'NONE', #2288, #3122, #1624, .T. ) ;
#2502 = DIRECTION ( 'NONE',  ( 0.0000000000000000000, 1.000000000000000000, 0.0000000000000000000 ) ) ;
#2503 = CARTESIAN_POINT ( 'NONE',  ( -8.380715139640129200, 0.03000000000001959400, 4.449999999999970000 ) ) ;
#2504 = CARTESIAN_POINT ( 'NONE',  ( 0.0000000000000000000, 0.0000000000000000000, -6.249999999999955600 ) ) ;
#2505 = VECTOR ( 'NONE', #5245, 1000.000000000000000 ) ;
#2506 = ORIENTED_EDGE ( 'NONE', *, *, #3896, .F. ) ;
#2507 = ORIENTED_EDGE ( 'NONE', *, *, #4685, .F. ) ;
#2508 = AXIS2_PLACEMENT_3D ( 'NONE', #2126, #2552, #2263 ) ;
#2509 = DIRECTION ( 'NONE',  ( 0.0000000000000000000, -1.000000000000000000, 3.652049423109043600E-015 ) ) ;
#2510 = FACE_OUTER_BOUND ( 'NONE', #683, .T. ) ;
#2511 = ORIENTED_EDGE ( 'NONE', *, *, #3262, .F. ) ;
#2512 = UNCERTAINTY_MEASURE_WITH_UNIT (LENGTH_MEASURE( 1.000000000000000100E-005 ), #243, 'distance_accuracy_value', 'NONE');
#2513 = CARTESIAN_POINT ( 'NONE',  ( 8.050000000000036200, 1.239999999999998000, -1.850000000000059200 ) ) ;
#2514 = DIRECTION ( 'NONE',  ( -0.0000000000000000000, -0.0000000000000000000, -1.000000000000000000 ) ) ;
#2515 = ORIENTED_EDGE ( 'NONE', *, *, #1520, .F. ) ;
#2516 = LINE ( 'NONE', #2058, #1501 ) ;
#2517 = EDGE_CURVE ( 'NONE', #3395, #1440, #1630, .T. ) ;
#2518 = LINE ( 'NONE', #2814, #2574 ) ;
#2519 = ORIENTED_EDGE ( 'NONE', *, *, #4783, .T. ) ;
#2520 = CARTESIAN_POINT ( 'NONE',  ( -8.039999999999979600, 1.449999999999999500, -6.049999999999999800 ) ) ;
#2521 = ORIENTED_EDGE ( 'NONE', *, *, #1219, .T. ) ;
#2522 = DIRECTION ( 'NONE',  ( 0.0000000000000000000, 0.0000000000000000000, -1.000000000000000000 ) ) ;
#2523 = LINE ( 'NONE', #3155, #2505 ) ;
#2524 = DIRECTION ( 'NONE',  ( 0.0000000000000000000, 1.000000000000000000, -4.731064025391336600E-015 ) ) ;
#2525 = CLOSED_SHELL ( 'NONE', ( #3561, #4866, #2132, #3887, #4991, #2267 ) ) ;
#2526 = ORIENTED_EDGE ( 'NONE', *, *, #3014, .F. ) ;
#2527 = ORIENTED_EDGE ( 'NONE', *, *, #1019, .F. ) ;
#2528 = DIRECTION ( 'NONE',  ( -0.0000000000000000000, 1.000000000000000000, -0.0000000000000000000 ) ) ;
#2529 = EDGE_CURVE ( 'NONE', #3778, #2538, #1594, .T. ) ;
#2530 = EDGE_LOOP ( 'NONE', ( #309, #4859, #3808, #5055 ) ) ;
#2531 = ORIENTED_EDGE ( 'NONE', *, *, #1520, .T. ) ;
#2532 = ORIENTED_EDGE ( 'NONE', *, *, #156, .T. ) ;
#2533 = CARTESIAN_POINT ( 'NONE',  ( -8.000000000000007100, 0.2999999999999877800, 6.250000000000010700 ) ) ;
#2534 = EDGE_CURVE ( 'NONE', #2252, #2790, #1586, .T. ) ;
#2535 = ADVANCED_FACE ( 'NONE', ( #1574 ), #3293, .T. ) ;
#2536 = CARTESIAN_POINT ( 'NONE',  ( -3.749999999999975600, 0.2999999999999877800, -6.449999999999955800 ) ) ;
#2537 = CARTESIAN_POINT ( 'NONE',  ( -8.380715139640129200, 1.449999999999996400, 6.049999999999960700 ) ) ;
#2538 = VERTEX_POINT ( 'NONE', #3058 ) ;
#2539 = ORIENTED_EDGE ( 'NONE', *, *, #3985, .F. ) ;
#2540 = CARTESIAN_POINT ( 'NONE',  ( 8.000000000000007100, 0.8500000000000105200, -25.84595613157522500 ) ) ;
#2541 = APPLICATION_PROTOCOL_DEFINITION ( 'draft international standard', 'automotive_design', 1998, #199 ) ;
#2542 = DIRECTION ( 'NONE',  ( -1.000000000000000000, 0.0000000000000000000, 2.168404344971009400E-016 ) ) ;
#2543 = DIRECTION ( 'NONE',  ( -1.000000000000000000, 0.0000000000000000000, 0.0000000000000000000 ) ) ;
#2544 = PLANE ( 'NONE',  #406 ) ;
#2545 = LINE ( 'NONE', #1629, #2314 ) ;
#2546 = LINE ( 'NONE', #5353, #2318 ) ;
#2547 = EDGE_LOOP ( 'NONE', ( #415, #5127 ) ) ;
#2548 = DIRECTION ( 'NONE',  ( 0.0000000000000000000, 0.0000000000000000000, 1.000000000000000000 ) ) ;
#2549 = VECTOR ( 'NONE', #1408, 1000.000000000000000 ) ;
#2550 = CARTESIAN_POINT ( 'NONE',  ( -0.4700000000000000300, 0.3200000000000000100, 0.2500000000000000000 ) ) ;
#2551 = VECTOR ( 'NONE', #3352, 1000.000000000000000 ) ;
#2552 = DIRECTION ( 'NONE',  ( 1.084202172485504400E-016, 0.0000000000000000000, -1.000000000000000000 ) ) ;
#2553 = VECTOR ( 'NONE', #3980, 1000.000000000000000 ) ;
#2554 = ADVANCED_FACE ( 'NONE', ( #1609 ), #1552, .T. ) ;
#2555 = EDGE_CURVE ( 'NONE', #3999, #5044, #1564, .T. ) ;
#2556 = ORIENTED_EDGE ( 'NONE', *, *, #1343, .T. ) ;
#2557 = DIRECTION ( 'NONE',  ( 0.0000000000000000000, 0.0000000000000000000, 1.000000000000000000 ) ) ;
#2558 = DIRECTION ( 'NONE',  ( -6.123233995736766000E-017, -1.000000000000000000, 4.731064025391334200E-015 ) ) ;
#2559 = VERTEX_POINT ( 'NONE', #2466 ) ;
#2560 = FACE_OUTER_BOUND ( 'NONE', #4650, .T. ) ;
#2561 = SURFACE_STYLE_FILL_AREA ( #3867 ) ;
#2562 = ORIENTED_EDGE ( 'NONE', *, *, #1532, .F. ) ;
#2563 = EDGE_CURVE ( 'NONE', #449, #5370, #1541, .T. ) ;
#2564 = EDGE_LOOP ( 'NONE', ( #1876, #1788, #2153, #2813 ) ) ;
#2565 =( GEOMETRIC_REPRESENTATION_CONTEXT ( 3 ) GLOBAL_UNCERTAINTY_ASSIGNED_CONTEXT ( ( #4162 ) ) GLOBAL_UNIT_ASSIGNED_CONTEXT ( ( #268, #2914, #4701 ) ) REPRESENTATION_CONTEXT ( 'NONE', 'WORKASPACE' ) );
#2566 = LINE ( 'NONE', #857, #2496 ) ;
#2567 = ORIENTED_EDGE ( 'NONE', *, *, #973, .F. ) ;
#2568 = CARTESIAN_POINT ( 'NONE',  ( 4.450000000000009900, -6.938893903907228400E-015, 6.250000000000010700 ) ) ;
#2569 = VECTOR ( 'NONE', #1207, 1000.000000000000000 ) ;
#2570 = DIRECTION ( 'NONE',  ( -6.123233995736766000E-017, -1.000000000000000000, 4.336808689941692700E-015 ) ) ;
#2571 = LINE ( 'NONE', #3307, #5173 ) ;
#2572 = EDGE_LOOP ( 'NONE', ( #4771, #3699, #2747, #1736 ) ) ;
#2573 = VERTEX_POINT ( 'NONE', #1884 ) ;
#2574 = VECTOR ( 'NONE', #4396, 1000.000000000000000 ) ;
#2575 = ADVANCED_FACE ( 'NONE', ( #1576 ), #1780, .F. ) ;
#2576 = ORIENTED_EDGE ( 'NONE', *, *, #4860, .F. ) ;
#2577 = VERTEX_POINT ( 'NONE', #2489 ) ;
#2578 = CARTESIAN_POINT ( 'NONE',  ( -8.049999999999981200, 1.450000020019872800, -6.050000033366455200 ) ) ;
#2579 = VECTOR ( 'NONE', #2477, 1000.000000000000000 ) ;
#2580 = EDGE_LOOP ( 'NONE', ( #3088, #4648, #2150, #1324 ) ) ;
#2581 = VERTEX_POINT ( 'NONE', #2568 ) ;
#2582 = DIRECTION ( 'NONE',  ( 0.0000000000000000000, -1.000000000000000000, 0.0000000000000000000 ) ) ;
#2583 = VERTEX_POINT ( 'NONE', #2394 ) ;
#2584 = CARTESIAN_POINT ( 'NONE',  ( 10.70000400000000000, 0.8000000000000000400, 7.000112999999995400 ) ) ;
#2585 = VERTEX_POINT ( 'NONE', #2400 ) ;
#2586 = ORIENTED_EDGE ( 'NONE', *, *, #681, .F. ) ;
#2587 = CARTESIAN_POINT ( 'NONE',  ( 2.350000000000018700, -6.071532165918824800E-015, -6.249999999999957400 ) ) ;
#2588 = EDGE_LOOP ( 'NONE', ( #1912, #3630, #4085, #4602 ) ) ;
#2589 = ORIENTED_EDGE ( 'NONE', *, *, #404, .F. ) ;
#2590 = EDGE_CURVE ( 'NONE', #2581, #5319, #1511, .T. ) ;
#2591 = EDGE_CURVE ( 'NONE', #1442, #4911, #1556, .T. ) ;
#2592 = DIRECTION ( 'NONE',  ( 1.000000000000000000, 0.0000000000000000000, 1.084202172485504200E-016 ) ) ;
#2593 = ORIENTED_EDGE ( 'NONE', *, *, #2004, .T. ) ;
#2594 = PLANE ( 'NONE',  #5287 ) ;
#2595 = DIRECTION ( 'NONE',  ( 1.000000000000000000, 0.0000000000000000000, 0.0000000000000000000 ) ) ;
#2596 = ORIENTED_EDGE ( 'NONE', *, *, #3960, .F. ) ;
#2597 = AXIS2_PLACEMENT_3D ( 'NONE', #305, #223, #324 ) ;
#2598 = LINE ( 'NONE', #4070, #2671 ) ;
#2599 = FACE_OUTER_BOUND ( 'NONE', #5236, .T. ) ;
#2600 = UNCERTAINTY_MEASURE_WITH_UNIT (LENGTH_MEASURE( 1.000000000000000100E-005 ), #839, 'distance_accuracy_value', 'NONE');
#2601 =( NAMED_UNIT ( * ) SI_UNIT ( $, .STERADIAN. ) SOLID_ANGLE_UNIT ( ) );
#2602 = CARTESIAN_POINT ( 'NONE',  ( -7.850000000000023600, 1.240000000000000000, -6.239999999999955800 ) ) ;
#2603 = EDGE_CURVE ( 'NONE', #3177, #2726, #1525, .T. ) ;
#2604 = DIRECTION ( 'NONE',  ( 0.0000000000000000000, 1.000000000000000000, 0.0000000000000000000 ) ) ;
#2605 = EDGE_LOOP ( 'NONE', ( #1406, #3334, #918, #2494 ) ) ;
#2606 = CARTESIAN_POINT ( 'NONE',  ( -5.850000000000021800, 0.2999999999999877800, 6.450000000000011700 ) ) ;
#2607 = ADVANCED_FACE ( 'NONE', ( #1498 ), #2432, .F. ) ;
#2608 = LINE ( 'NONE', #5206, #4820 ) ;
#2609 = ORIENTED_EDGE ( 'NONE', *, *, #2221, .T. ) ;
#2610 = EDGE_CURVE ( 'NONE', #2008, #1465, #1494, .T. ) ;
#2611 = VECTOR ( 'NONE', #3528, 1000.000000000000000 ) ;
#2612 = FACE_OUTER_BOUND ( 'NONE', #2692, .T. ) ;
#2613 = ADVANCED_FACE ( 'NONE', ( #1518 ), #230, .T. ) ;
#2614 = VECTOR ( 'NONE', #1986, 1000.000000000000000 ) ;
#2615 = EDGE_CURVE ( 'NONE', #1787, #2414, #1472, .T. ) ;
#2616 = DIRECTION ( 'NONE',  ( -1.000000000000000000, 0.0000000000000000000, -0.0000000000000000000 ) ) ;
#2617 = ORIENTED_EDGE ( 'NONE', *, *, #294, .T. ) ;
#2618 = EDGE_LOOP ( 'NONE', ( #1258, #3309, #3938, #2390 ) ) ;
#2619 = ADVANCED_FACE ( 'NONE', ( #1484 ), #1091, .T. ) ;
#2620 = AXIS2_PLACEMENT_3D ( 'NONE', #204, #4326, #3905 ) ;
#2621 = DIRECTION ( 'NONE',  ( 0.0000000000000000000, -1.000000000000000000, 0.0000000000000000000 ) ) ;
#2622 = CARTESIAN_POINT ( 'NONE',  ( -5.850000000000021800, -6.938893903907228400E-015, -6.449999999999955800 ) ) ;
#2623 = LINE ( 'NONE', #1636, #2579 ) ;
#2624 = VECTOR ( 'NONE', #5222, 1000.000000000000000 ) ;
#2625 = ORIENTED_EDGE ( 'NONE', *, *, #2059, .T. ) ;
#2626 = CARTESIAN_POINT ( 'NONE',  ( -7.850000000000023600, 1.240000000000000000, -6.239999999999955800 ) ) ;
#2627 = ADVANCED_FACE ( 'NONE', ( #1469 ), #315, .F. ) ;
#2628 = ORIENTED_EDGE ( 'NONE', *, *, #2191, .T. ) ;
#2629 = SURFACE_STYLE_USAGE ( .BOTH. , #2006 ) ;
#2630 = VERTEX_POINT ( 'NONE', #310 ) ;
#2631 = FILL_AREA_STYLE_COLOUR ( '', #4102 ) ;
#2632 = EDGE_CURVE ( 'NONE', #735, #4980, #1462, .T. ) ;
#2633 = ORIENTED_EDGE ( 'NONE', *, *, #3204, .F. ) ;
#2634 = VECTOR ( 'NONE', #4429, 1000.000000000000000 ) ;
#2635 = CARTESIAN_POINT ( 'NONE',  ( 8.250000000000035500, -0.1749999999999893900, 2.199999999999939800 ) ) ;
#2636 = ADVANCED_FACE ( 'NONE', ( #1480 ), #1191, .T. ) ;
#2637 = DIRECTION ( 'NONE',  ( 0.0000000000000000000, 0.0000000000000000000, -1.000000000000000000 ) ) ;
#2638 = EDGE_CURVE ( 'NONE', #3566, #3993, #1433, .T. ) ;
#2639 = CARTESIAN_POINT ( 'NONE',  ( 8.250000000000035500, 0.3000000000000693200, 1.974999999999909100 ) ) ;
#2640 = ADVANCED_FACE ( 'NONE', ( #1436 ), #376, .F. ) ;
#2641 = CARTESIAN_POINT ( 'NONE',  ( 0.2500000000000000600, 0.0000000000000000000, -0.2500000000000000600 ) ) ;
#2642 = CARTESIAN_POINT ( 'NONE',  ( -0.5000000000000000000, -4.286263797015737200E-017, 0.2500000000000000000 ) ) ;
#2643 = CARTESIAN_POINT ( 'NONE',  ( 10.70000400000000000, 0.8000000000000000400, 7.000112999999995400 ) ) ;
#2644 = DIRECTION ( 'NONE',  ( 0.0000000000000000000, 0.0000000000000000000, -1.000000000000000000 ) ) ;
#2645 = EDGE_CURVE ( 'NONE', #5223, #2819, #1429, .T. ) ;
#2646 = CARTESIAN_POINT ( 'NONE',  ( -5.850000000000021800, 0.2999999999999877800, 6.450000000000011700 ) ) ;
#2647 = CARTESIAN_POINT ( 'NONE',  ( -7.850000000000009400, 1.240000000000000000, 6.240000000000010900 ) ) ;
#2648 = ORIENTED_EDGE ( 'NONE', *, *, #3269, .F. ) ;
#2649 = EDGE_CURVE ( 'NONE', #1596, #1527, #1432, .T. ) ;
#2650 = AXIS2_PLACEMENT_3D ( 'NONE', #3970, #4087, #4800 ) ;
#2651 = ORIENTED_EDGE ( 'NONE', *, *, #3721, .F. ) ;
#2652 = AXIS2_PLACEMENT_3D ( 'NONE', #4290, #3909, #1554 ) ;
#2653 = DIRECTION ( 'NONE',  ( -1.000000000000000000, 0.0000000000000000000, 0.0000000000000000000 ) ) ;
#2654 = SHAPE_REPRESENTATION ( 'GTC100-KST(シールドケース）', ( #2338 ), #425 ) ;
#2655 = EDGE_CURVE ( 'NONE', #2423, #3333, #1456, .T. ) ;
#2656 = CARTESIAN_POINT ( 'NONE',  ( 7.850000000000023600, 1.450000000000000000, 25.84595613157528100 ) ) ;
#2657 = ORIENTED_EDGE ( 'NONE', *, *, #1164, .T. ) ;
#2658 = DIRECTION ( 'NONE',  ( 1.084202172485504100E-016, -0.0000000000000000000, 1.000000000000000000 ) ) ;
#2659 = ORIENTED_EDGE ( 'NONE', *, *, #868, .T. ) ;
#2660 = ORIENTED_EDGE ( 'NONE', *, *, #4744, .T. ) ;
#2661 = ADVANCED_FACE ( 'NONE', ( #1403 ), #1252, .T. ) ;
#2662 = CARTESIAN_POINT ( 'NONE',  ( -8.049999999999979400, 0.2999998115502649500, -5.075000033366447600 ) ) ;
#2663 = DIRECTION ( 'NONE',  ( 0.0000000000000000000, 0.0000000000000000000, -1.000000000000000000 ) ) ;
#2664 = EDGE_CURVE ( 'NONE', #3728, #2368, #1387, .T. ) ;
#2665 = SHAPE_REPRESENTATION ( 'R1(MCR01)', ( #2338 ), #4971 ) ;
#2666 = ORIENTED_EDGE ( 'NONE', *, *, #602, .T. ) ;
#2667 = ORIENTED_EDGE ( 'NONE', *, *, #4841, .T. ) ;
#2668 = LINE ( 'NONE', #5043, #2614 ) ;
#2669 = ORIENTED_EDGE ( 'NONE', *, *, #176, .F. ) ;
#2670 = CARTESIAN_POINT ( 'NONE',  ( -0.2500000000000000600, 0.2999999999999999900, 0.2500000000000000000 ) ) ;
#2671 = VECTOR ( 'NONE', #657, 1000.000000000000000 ) ;
#2672 = LINE ( 'NONE', #3888, #2569 ) ;
#2673 = CARTESIAN_POINT ( 'NONE',  ( -8.249999999999978700, 0.2999998023103072100, -3.850000033366471900 ) ) ;
#2674 = DIRECTION ( 'NONE',  ( 1.000000000000000000, 0.0000000000000000000, 0.0000000000000000000 ) ) ;
#2675 = VECTOR ( 'NONE', #4228, 1000.000000000000000 ) ;
#2676 = PRESENTATION_LAYER_ASSIGNMENT (  '', '', ( #1459 ) ) ;
#2677 = ORIENTED_EDGE ( 'NONE', *, *, #1095, .F. ) ;
#2678 = EDGE_CURVE ( 'NONE', #4512, #2630, #1426, .T. ) ;
#2679 = EDGE_CURVE ( 'NONE', #4114, #2286, #1394, .T. ) ;
#2680 = LINE ( 'NONE', #3240, #2033 ) ;
#2681 = EDGE_CURVE ( 'NONE', #569, #1692, #1368, .T. ) ;
#2682 = VECTOR ( 'NONE', #109, 1000.000000000000000 ) ;
#2683 = ORIENTED_EDGE ( 'NONE', *, *, #2103, .F. ) ;
#2684 = ORIENTED_EDGE ( 'NONE', *, *, #2035, .F. ) ;
#2685 = ORIENTED_EDGE ( 'NONE', *, *, #4416, .F. ) ;
#2686 = EDGE_CURVE ( 'NONE', #2186, #72, #1382, .T. ) ;
#2687 = FACE_OUTER_BOUND ( 'NONE', #3821, .T. ) ;
#2688 = VECTOR ( 'NONE', #723, 1000.000000000000000 ) ;
#2689 = AXIS2_PLACEMENT_3D ( 'NONE', #5313, #3935, #767 ) ;
#2690 = PLANE ( 'NONE',  #3253 ) ;
#2691 = CARTESIAN_POINT ( 'NONE',  ( -0.4700000000000000300, 0.3200000000000000100, 0.2500000000000000000 ) ) ;
#2692 = EDGE_LOOP ( 'NONE', ( #3952, #2104, #1307, #2090 ) ) ;
#2693 = EDGE_LOOP ( 'NONE', ( #1471, #3388, #3942, #3427 ) ) ;
#2694 = CARTESIAN_POINT ( 'NONE',  ( 16.96596284229220300, 0.2999999897618094200, -1.226394104966750400 ) ) ;
#2695 = CARTESIAN_POINT ( 'NONE',  ( 16.96596284229220300, -0.1750001884497382500, -5.075000033366445800 ) ) ;
#2696 = VERTEX_POINT ( 'NONE', #1323 ) ;
#2697 = VECTOR ( 'NONE', #1557, 1000.000000000000000 ) ;
#2698 = AXIS2_PLACEMENT_3D ( 'NONE', #4751, #4735, #4722 ) ;
#2699 = CARTESIAN_POINT ( 'NONE',  ( -8.039999999999979600, 1.239999999999999500, -6.049999999999999800 ) ) ;
#2700 = CARTESIAN_POINT ( 'NONE',  ( -7.850000000000023600, 1.450000000000000000, -25.84595613157522500 ) ) ;
#2701 = ORIENTED_EDGE ( 'NONE', *, *, #5118, .F. ) ;
#2702 = CARTESIAN_POINT ( 'NONE',  ( 7.150036000000012500, 0.7999999999999999300, 0.1998969999999905500 ) ) ;
#2703 = EDGE_CURVE ( 'NONE', #32, #1389, #1348, .T. ) ;
#2704 = CARTESIAN_POINT ( 'NONE',  ( 8.250000000000035500, 0.8500000000000087500, 6.199999999999944200 ) ) ;
#2705 = PLANE ( 'NONE',  #3783 ) ;
#2706 = EDGE_LOOP ( 'NONE', ( #2556, #5290, #1458, #4910 ) ) ;
#2707 =( NAMED_UNIT ( * ) PLANE_ANGLE_UNIT ( ) SI_UNIT ( $, .RADIAN. ) );
#2708 = EDGE_CURVE ( 'NONE', #5263, #967, #1284, .T. ) ;
#2709 = CARTESIAN_POINT ( 'NONE',  ( -7.850000000000023600, -39.79214906653888300, -6.049999999999999800 ) ) ;
#2710 = DIRECTION ( 'NONE',  ( -1.000000000000000000, 0.0000000000000000000, 0.0000000000000000000 ) ) ;
#2711 = CARTESIAN_POINT ( 'NONE',  ( -8.049999999999981200, -0.1750001976896977700, -4.625000033366439400 ) ) ;
#2712 = LINE ( 'NONE', #137, #2737 ) ;
#2713 = CARTESIAN_POINT ( 'NONE',  ( -10.70000400000000000, 0.8000000000000000400, -7.000112999999995400 ) ) ;
#2714 = DIRECTION ( 'NONE',  ( 0.0000000000000000000, 1.257045997084700100E-016, -1.000000000000000000 ) ) ;
#2715 = PLANE ( 'NONE',  #1931 ) ;
#2716 = EDGE_CURVE ( 'NONE', #2800, #3428, #1268, .T. ) ;
#2717 = APPLICATION_PROTOCOL_DEFINITION ( 'draft international standard', 'automotive_design', 1998, #3287 ) ;
#2718 = DIRECTION ( 'NONE',  ( 1.000000000000000000, 0.0000000000000000000, 0.0000000000000000000 ) ) ;
#2719 = AXIS2_PLACEMENT_3D ( 'NONE', #4939, #3820, #1739 ) ;
#2720 = DIRECTION ( 'NONE',  ( 0.0000000000000000000, 1.000000000000000000, 0.0000000000000000000 ) ) ;
#2721 = PRESENTATION_STYLE_ASSIGNMENT (( #1995 ) ) ;
#2722 = DIRECTION ( 'NONE',  ( 0.0000000000000000000, 0.0000000000000000000, -1.000000000000000000 ) ) ;
#2723 = VECTOR ( 'NONE', #5182, 1000.000000000000000 ) ;
#2724 = VERTEX_POINT ( 'NONE', #1354 ) ;
#2725 = EDGE_CURVE ( 'NONE', #3864, #3894, #1216, .T. ) ;
#2726 = VERTEX_POINT ( 'NONE', #1370 ) ;
#2727 = AXIS2_PLACEMENT_3D ( 'NONE', #1579, #4763, #2980 ) ;
#2728 = ORIENTED_EDGE ( 'NONE', *, *, #3515, .T. ) ;
#2729 = ORIENTED_EDGE ( 'NONE', *, *, #3922, .F. ) ;
#2730 = ADVANCED_FACE ( 'NONE', ( #1201 ), #542, .F. ) ;
#2731 = DIRECTION ( 'NONE',  ( 0.0000000000000000000, 0.0000000000000000000, 1.000000000000000000 ) ) ;
#2732 = VERTEX_POINT ( 'NONE', #1375 ) ;
#2733 = LINE ( 'NONE', #5087, #2611 ) ;
#2734 = DIRECTION ( 'NONE',  ( 0.0000000000000000000, -1.000000000000000000, 0.0000000000000000000 ) ) ;
#2735 = ADVANCED_FACE ( 'NONE', ( #1187 ), #582, .T. ) ;
#2736 = LINE ( 'NONE', #4032, #3015 ) ;
#2737 = VECTOR ( 'NONE', #332, 1000.000000000000000 ) ;
#2738 = LINE ( 'NONE', #238, #2624 ) ;
#2739 = CARTESIAN_POINT ( 'NONE',  ( 16.96596284229220300, -0.4000001930697210100, -4.850000033366442600 ) ) ;
#2740 = ADVANCED_FACE ( 'NONE', ( #1190 ), #571, .T. ) ;
#2741 = DIRECTION ( 'NONE',  ( 0.0000000000000000000, 0.0000000000000000000, 1.000000000000000000 ) ) ;
#2742 = DIRECTION ( 'NONE',  ( 6.123233995736766000E-017, -1.000000000000000000, 0.0000000000000000000 ) ) ;
#2743 = EDGE_CURVE ( 'NONE', #1843, #5393, #1184, .T. ) ;
#2744 = ORIENTED_EDGE ( 'NONE', *, *, #3667, .T. ) ;
#2745 = LINE ( 'NONE', #1026, #2688 ) ;
#2746 = LINE ( 'NONE', #3512, #3415 ) ;
#2747 = ORIENTED_EDGE ( 'NONE', *, *, #114, .F. ) ;
#2748 = VECTOR ( 'NONE', #4444, 1000.000000000000000 ) ;
#2749 = DIRECTION ( 'NONE',  ( -7.587226972359993600E-033, 1.239088197126308800E-016, -1.000000000000000000 ) ) ;
#2750 = DIRECTION ( 'NONE',  ( 0.0000000000000000000, 3.469446951953611000E-015, 1.000000000000000000 ) ) ;
#2751 = EDGE_CURVE ( 'NONE', #3951, #4342, #1277, .T. ) ;
#2752 = LINE ( 'NONE', #774, #5156 ) ;
#2753 = VERTEX_POINT ( 'NONE', #3159 ) ;
#2754 = PLANE ( 'NONE',  #2508 ) ;
#2755 = ORIENTED_EDGE ( 'NONE', *, *, #1747, .F. ) ;
#2756 = EDGE_CURVE ( 'NONE', #3280, #846, #1169, .T. ) ;
#2757 =( REPRESENTATION_RELATIONSHIP ('NONE','NONE', #4308, #4299 ) REPRESENTATION_RELATIONSHIP_WITH_TRANSFORMATION ( #670 )SHAPE_REPRESENTATION_RELATIONSHIP( ) );
#2758 = CARTESIAN_POINT ( 'NONE',  ( 7.850000000000023600, 0.8500000000000096400, 6.450000000000011700 ) ) ;
#2759 = UNCERTAINTY_MEASURE_WITH_UNIT (LENGTH_MEASURE( 1.000000000000000100E-005 ), #3519, 'distance_accuracy_value', 'NONE');
#2760 = ORIENTED_EDGE ( 'NONE', *, *, #1273, .F. ) ;
#2761 = ORIENTED_EDGE ( 'NONE', *, *, #875, .T. ) ;
#2762 = PLANE ( 'NONE',  #1758 ) ;
#2763 = ADVANCED_FACE ( 'NONE', ( #1357 ), #3054, .F. ) ;
#2764 = APPLICATION_PROTOCOL_DEFINITION ( 'draft international standard', 'automotive_design', 1998, #2194 ) ;
#2765 = CARTESIAN_POINT ( 'NONE',  ( 10.70000400000000000, 0.0000000000000000000, 7.000112999999995400 ) ) ;
#2766 = ORIENTED_EDGE ( 'NONE', *, *, #4562, .F. ) ;
#2767 = EDGE_CURVE ( 'NONE', #2768, #5385, #1142, .T. ) ;
#2768 = VERTEX_POINT ( 'NONE', #4661 ) ;
#2769 = EDGE_LOOP ( 'NONE', ( #1973, #4457, #1703, #1570 ) ) ;
#2770 = ADVANCED_FACE ( 'NONE', ( #1149 ), #5079, .T. ) ;
#2771 = DIRECTION ( 'NONE',  ( 1.000000000000000000, 0.0000000000000000000, 0.0000000000000000000 ) ) ;
#2772 = ORIENTED_EDGE ( 'NONE', *, *, #4605, .F. ) ;
#2773 = DIRECTION ( 'NONE',  ( 0.0000000000000000000, 0.0000000000000000000, 1.000000000000000000 ) ) ;
#2774 = CARTESIAN_POINT ( 'NONE',  ( -8.049999999999979400, 0.03000002925983638600, 3.749999910120186200 ) ) ;
#2775 = LINE ( 'NONE', #4584, #3436 ) ;
#2776 = AXIS2_PLACEMENT_3D ( 'NONE', #1111, #485, #457 ) ;
#2777 =( NAMED_UNIT ( * ) SI_UNIT ( $, .STERADIAN. ) SOLID_ANGLE_UNIT ( ) );
#2778 = CARTESIAN_POINT ( 'NONE',  ( 8.250000000000035500, -39.79214906653888300, 6.049999999999999800 ) ) ;
#2779 = CARTESIAN_POINT ( 'NONE',  ( 7.850000000000023600, 1.450000000000000000, -6.049999999999999800 ) ) ;
#2780 = EDGE_CURVE ( 'NONE', #103, #4728, #1114, .T. ) ;
#2781 = PRODUCT_CONTEXT ( 'NONE', #2222, 'mechanical' ) ;
#2782 = ADVANCED_FACE ( 'NONE', ( #1098 ), #1046, .T. ) ;
#2783 = VECTOR ( 'NONE', #4121, 1000.000000000000000 ) ;
#2784 = ORIENTED_EDGE ( 'NONE', *, *, #2918, .T. ) ;
#2785 = ORIENTED_EDGE ( 'NONE', *, *, #801, .T. ) ;
#2786 = CARTESIAN_POINT ( 'NONE',  ( -3.749999999999975600, 0.2999999999999886600, -25.84595613157522500 ) ) ;
#2787 = AXIS2_PLACEMENT_3D ( 'NONE', #990, #957, #327 ) ;
#2788 = CARTESIAN_POINT ( 'NONE',  ( -8.049999999999981200, 1.239999999999999800, 6.049999910120151400 ) ) ;
#2789 = EDGE_CURVE ( 'NONE', #2368, #4104, #1075, .T. ) ;
#2790 = VERTEX_POINT ( 'NONE', #2031 ) ;
#2791 = ORIENTED_EDGE ( 'NONE', *, *, #555, .F. ) ;
#2792 = AXIS2_PLACEMENT_3D ( 'NONE', #978, #5012, #4723 ) ;
#2793 = LINE ( 'NONE', #4197, #2634 ) ;
#2794 = DIRECTION ( 'NONE',  ( 0.0000000000000000000, 3.652049423109043600E-015, 1.000000000000000000 ) ) ;
#2795 = VERTEX_POINT ( 'NONE', #4692 ) ;
#2796 = CARTESIAN_POINT ( 'NONE',  ( 2.350000000000018700, -6.938893903907228400E-015, 6.250000000000010700 ) ) ;
#2797 = ADVANCED_BREP_SHAPE_REPRESENTATION ( '', ( #4422, #3695, #2338 ), #4971 ) ;
#2798 = LINE ( 'NONE', #2739, #2551 ) ;
#2799 = ORIENTED_EDGE ( 'NONE', *, *, #3462, .T. ) ;
#2800 = VERTEX_POINT ( 'NONE', #2903 ) ;
#2801 = CARTESIAN_POINT ( 'NONE',  ( 2.350000000000018700, -6.071532165918824800E-015, -25.84595613157522500 ) ) ;
#2802 = ORIENTED_EDGE ( 'NONE', *, *, #1658, .T. ) ;
#2803 = EDGE_LOOP ( 'NONE', ( #3910, #3751, #3842, #3947 ) ) ;
#2804 = VECTOR ( 'NONE', #1100, 1000.000000000000000 ) ;
#2805 = CARTESIAN_POINT ( 'NONE',  ( 7.850000000000023600, 1.450000000000000000, 6.049999999999999800 ) ) ;
#2806 = FACE_OUTER_BOUND ( 'NONE', #2706, .T. ) ;
#2807 = CARTESIAN_POINT ( 'NONE',  ( 16.96596284229220300, -0.1749999753600950900, 4.849999910120177800 ) ) ;
#2808 = VECTOR ( 'NONE', #2374, 1000.000000000000000 ) ;
#2809 = EDGE_LOOP ( 'NONE', ( #3381, #3741, #634, #1911 ) ) ;
#2810 = CARTESIAN_POINT ( 'NONE',  ( -5.850000000000021800, 0.2999999999999886600, -6.249999999999957400 ) ) ;
#2811 = LINE ( 'NONE', #4793, #1745 ) ;
#2812 = LINE ( 'NONE', #585, #2549 ) ;
#2813 = ORIENTED_EDGE ( 'NONE', *, *, #4495, .F. ) ;
#2814 = CARTESIAN_POINT ( 'NONE',  ( 8.040000000000034700, -39.79214906653888300, 6.049999999999999800 ) ) ;
#2815 = CARTESIAN_POINT ( 'NONE',  ( -8.249999999999978700, -0.1750001976896977700, -4.625000033366439400 ) ) ;
#2816 = LINE ( 'NONE', #1693, #3209 ) ;
#2817 = EDGE_CURVE ( 'NONE', #2434, #1988, #1037, .T. ) ;
#2818 = EDGE_LOOP ( 'NONE', ( #1714, #551, #2852, #4300 ) ) ;
#2819 = VERTEX_POINT ( 'NONE', #2711 ) ;
#2820 = VERTEX_POINT ( 'NONE', #3188 ) ;
#2821 = LINE ( 'NONE', #3505, #2853 ) ;
#2822 = DIRECTION ( 'NONE',  ( 0.0000000000000000000, 0.0000000000000000000, -1.000000000000000000 ) ) ;
#2823 = DIRECTION ( 'NONE',  ( 0.0000000000000000000, -1.000000000000000000, 0.0000000000000000000 ) ) ;
#2824 = ORIENTED_EDGE ( 'NONE', *, *, #4860, .T. ) ;
#2825 = DIRECTION ( 'NONE',  ( 0.0000000000000000000, 0.0000000000000000000, 1.000000000000000000 ) ) ;
#2826 = EDGE_CURVE ( 'NONE', #3045, #3937, #1031, .T. ) ;
#2827 = PLANE ( 'NONE',  #4014 ) ;
#2828 = VECTOR ( 'NONE', #1516, 1000.000000000000000 ) ;
#2829 = AXIS2_PLACEMENT_3D ( 'NONE', #2699, #308, #4410 ) ;
#2830 = DIRECTION ( 'NONE',  ( 0.0000000000000000000, 0.0000000000000000000, -1.000000000000000000 ) ) ;
#2831 = CARTESIAN_POINT ( 'NONE',  ( -8.149617198340271400, 1.427367649758059600, -6.050000011122150100 ) ) ;
#2832 = DIRECTION ( 'NONE',  ( 1.000000000000000000, 3.512786770612546000E-016, -0.0000000000000000000 ) ) ;
#2833 = APPLICATION_PROTOCOL_DEFINITION ( 'draft international standard', 'automotive_design', 1998, #3212 ) ;
#2834 = ORIENTED_EDGE ( 'NONE', *, *, #639, .F. ) ;
#2835 = ORIENTED_EDGE ( 'NONE', *, *, #3866, .T. ) ;
#2836 = LINE ( 'NONE', #2713, #2847 ) ;
#2837 = DIRECTION ( 'NONE',  ( 1.000000000000000000, 0.0000000000000000000, 0.0000000000000000000 ) ) ;
#2838 = PLANE ( 'NONE',  #2462 ) ;
#2839 = VERTEX_POINT ( 'NONE', #5155 ) ;
#2840 = CARTESIAN_POINT ( 'NONE',  ( 7.850000000000023600, 1.240000000000002400, 6.250000000000010700 ) ) ;
#2841 = ORIENTED_EDGE ( 'NONE', *, *, #3366, .F. ) ;
#2842 = AXIS2_PLACEMENT_3D ( 'NONE', #972, #1023, #966 ) ;
#2843 = ORIENTED_EDGE ( 'NONE', *, *, #3681, .T. ) ;
#2844 = ADVANCED_FACE ( 'NONE', ( #1018 ), #4360, .T. ) ;
#2845 = LINE ( 'NONE', #4922, #2808 ) ;
#2846 = CARTESIAN_POINT ( 'NONE',  ( -8.000000000000007100, 0.2999999999999877800, 6.450000000000011700 ) ) ;
#2847 = VECTOR ( 'NONE', #884, 1000.000000000000000 ) ;
#2848 = CARTESIAN_POINT ( 'NONE',  ( -0.5000000000000000000, 0.0000000000000000000, -0.2499999999999999400 ) ) ;
#2849 = CARTESIAN_POINT ( 'NONE',  ( -8.039999999999979600, 1.239999999999999500, 29.64708026453101300 ) ) ;
#2850 = ORIENTED_EDGE ( 'NONE', *, *, #1194, .F. ) ;
#2851 = LINE ( 'NONE', #5001, #5149 ) ;
#2852 = ORIENTED_EDGE ( 'NONE', *, *, #4145, .F. ) ;
#2853 = VECTOR ( 'NONE', #3332, 1000.000000000000000 ) ;
#2854 = DIRECTION ( 'NONE',  ( 0.0000000000000000000, -1.000000000000000000, 0.0000000000000000000 ) ) ;
#2855 = LINE ( 'NONE', #703, #2697 ) ;
#2856 = CARTESIAN_POINT ( 'NONE',  ( 0.4700000000000000300, 0.3200000000000000100, -0.2500000000000000000 ) ) ;
#2857 = ADVANCED_FACE ( 'NONE', ( #1036 ), #2135, .T. ) ;
#2858 = CARTESIAN_POINT ( 'NONE',  ( 0.0000000000000000000, 0.0000000000000000000, 0.0000000000000000000 ) ) ;
#2859 = CARTESIAN_POINT ( 'NONE',  ( -7.850000000000023600, 1.240000000000000700, -6.249999999999957400 ) ) ;
#2860 = EDGE_CURVE ( 'NONE', #2300, #1870, #1001, .T. ) ;
#2861 = DIRECTION ( 'NONE',  ( 1.000000000000000000, 0.0000000000000000000, 0.0000000000000000000 ) ) ;
#2862 = EDGE_CURVE ( 'NONE', #5363, #3214, #1041, .T. ) ;
#2863 = DIRECTION ( 'NONE',  ( -1.000000000000000000, 0.0000000000000000000, 0.0000000000000000000 ) ) ;
#2864 = COLOUR_RGB ( '',0.7921568627450980000, 0.8196078431372548800, 0.9333333333333333500 ) ;
#2865 = DIRECTION ( 'NONE',  ( 1.000000000000000000, 0.0000000000000000000, 0.0000000000000000000 ) ) ;
#2866 = CARTESIAN_POINT ( 'NONE',  ( -7.850000000000023600, 1.450000000000000000, 6.250000000000012400 ) ) ;
#2867 = PLANE ( 'NONE',  #131 ) ;
#2868 = DIRECTION ( 'NONE',  ( -3.512786770612546000E-016, 1.000000000000000000, 0.0000000000000000000 ) ) ;
#2869 = ORIENTED_EDGE ( 'NONE', *, *, #11, .F. ) ;
#2870 = PLANE ( 'NONE',  #4010 ) ;
#2871 = LINE ( 'NONE', #970, #5091 ) ;
#2872 = VECTOR ( 'NONE', #5188, 1000.000000000000000 ) ;
#2873 = ORIENTED_EDGE ( 'NONE', *, *, #2941, .F. ) ;
#2874 = LINE ( 'NONE', #1481, #2682 ) ;
#2875 = STYLED_ITEM ( 'NONE', ( #2453 ), #5000 ) ;
#2876 = EDGE_LOOP ( 'NONE', ( #4564, #2141, #2201, #2349 ) ) ;
#2877 = DIRECTION ( 'NONE',  ( -1.000000000000000000, 0.0000000000000000000, 0.0000000000000000000 ) ) ;
#2878 = VERTEX_POINT ( 'NONE', #2810 ) ;
#2879 = DIRECTION ( 'NONE',  ( -0.0000000000000000000, -1.000000000000000000, 0.0000000000000000000 ) ) ;
#2880 = ORIENTED_EDGE ( 'NONE', *, *, #5118, .T. ) ;
#2881 = CARTESIAN_POINT ( 'NONE',  ( -0.2500000000000000000, 4.495703129515628400E-017, -0.2500000000000000000 ) ) ;
#2882 = VECTOR ( 'NONE', #5070, 1000.000000000000000 ) ;
#2883 = CARTESIAN_POINT ( 'NONE',  ( -0.2500000000000000600, 0.0000000000000000000, -0.2500000000000000000 ) ) ;
#2884 = ORIENTED_EDGE ( 'NONE', *, *, #3131, .T. ) ;
#2885 = DIRECTION ( 'NONE',  ( -0.0000000000000000000, 0.0000000000000000000, 1.000000000000000000 ) ) ;
#2886 = EDGE_CURVE ( 'NONE', #5248, #301, #1012, .T. ) ;
#2887 = VECTOR ( 'NONE', #5121, 1000.000000000000000 ) ;
#2888 = ORIENTED_EDGE ( 'NONE', *, *, #4761, .F. ) ;
#2889 = ADVANCED_FACE ( 'NONE', ( #979 ), #3000, .T. ) ;
#2890 = ADVANCED_FACE ( 'NONE', ( #965 ), #4490, .T. ) ;
#2891 = CYLINDRICAL_SURFACE ( 'NONE', #2307, 0.009999999999999592500 ) ;
#2892 = DIRECTION ( 'NONE',  ( 1.000000000000000000, 0.0000000000000000000, 0.0000000000000000000 ) ) ;
#2893 = VECTOR ( 'NONE', #1430, 1000.000000000000000 ) ;
#2894 = EDGE_CURVE ( 'NONE', #3550, #4634, #1203, .T. ) ;
#2895 = ORIENTED_EDGE ( 'NONE', *, *, #2077, .T. ) ;
#2896 = ORIENTED_EDGE ( 'NONE', *, *, #3628, .T. ) ;
#2897 = VERTEX_POINT ( 'NONE', #68 ) ;
#2898 = DIRECTION ( 'NONE',  ( -0.0000000000000000000, -0.0000000000000000000, -1.000000000000000000 ) ) ;
#2899 = EDGE_CURVE ( 'NONE', #4634, #3163, #905, .T. ) ;
#2900 = AXIS2_PLACEMENT_3D ( 'NONE', #4199, #5054, #5086 ) ;
#2901 = CIRCLE ( 'NONE', #5020, 0.2250000000000029800 ) ;
#2902 = PLANE ( 'NONE',  #2829 ) ;
#2903 = CARTESIAN_POINT ( 'NONE',  ( -7.850000000000023600, 1.240000000000000700, -6.249999999999957400 ) ) ;
#2904 = EDGE_CURVE ( 'NONE', #2252, #5310, #993, .T. ) ;
#2905 = VECTOR ( 'NONE', #4827, 1000.000000000000000 ) ;
#2906 = DIRECTION ( 'NONE',  ( 0.0000000000000000000, 0.0000000000000000000, 1.000000000000000000 ) ) ;
#2907 = LINE ( 'NONE', #1737, #3259 ) ;
#2908 = DIRECTION ( 'NONE',  ( 0.0000000000000000000, -1.000000000000000000, -1.257045997084700100E-016 ) ) ;
#2909 = VERTEX_POINT ( 'NONE', #4599 ) ;
#2910 = EDGE_CURVE ( 'NONE', #241, #3840, #843, .T. ) ;
#2911 = CARTESIAN_POINT ( 'NONE',  ( -8.249999999999978700, 0.3000000292598843400, 3.749999910120185300 ) ) ;
#2912 = FACE_OUTER_BOUND ( 'NONE', #3713, .T. ) ;
#2913 = DIRECTION ( 'NONE',  ( 0.0000000000000000000, 1.000000000000000000, 0.0000000000000000000 ) ) ;
#2914 =( NAMED_UNIT ( * ) PLANE_ANGLE_UNIT ( ) SI_UNIT ( $, .RADIAN. ) );
#2915 = ORIENTED_EDGE ( 'NONE', *, *, #1039, .T. ) ;
#2916 = VECTOR ( 'NONE', #5186, 1000.000000000000000 ) ;
#2917 = DIRECTION ( 'NONE',  ( 0.0000000000000000000, 3.510749891857747400E-015, 1.000000000000000000 ) ) ;
#2918 = EDGE_CURVE ( 'NONE', #2168, #5363, #855, .T. ) ;
#2919 = AXIS2_PLACEMENT_3D ( 'NONE', #2656, #5142, #5201 ) ;
#2920 = CARTESIAN_POINT ( 'NONE',  ( -8.049999999999981200, 0.3000000292598843400, 3.749999910120185300 ) ) ;
#2921 = ORIENTED_EDGE ( 'NONE', *, *, #963, .F. ) ;
#2922 = AXIS2_PLACEMENT_3D ( 'NONE', #3294, #4341, #4321 ) ;
#2923 = DIRECTION ( 'NONE',  ( 0.0000000000000000000, 1.000000000000000000, -3.212450881437960700E-015 ) ) ;
#2924 = FILL_AREA_STYLE ('',( #4704 ) ) ;
#2925 = CARTESIAN_POINT ( 'NONE',  ( 0.5000000000000000000, 0.3499999999999999200, 0.2500000000000000000 ) ) ;
#2926 = ADVANCED_FACE ( 'NONE', ( #862 ), #1397, .F. ) ;
#2927 = CARTESIAN_POINT ( 'NONE',  ( 0.2500000000000000600, 0.0000000000000000000, -0.2500000000000000600 ) ) ;
#2928 = LINE ( 'NONE', #2010, #4009 ) ;
#2929 = ORIENTED_EDGE ( 'NONE', *, *, #614, .T. ) ;
#2930 = CARTESIAN_POINT ( 'NONE',  ( -8.000000000000007100, 0.2999999999999886600, 25.84595613157528100 ) ) ;
#2931 = SURFACE_STYLE_FILL_AREA ( #5040 ) ;
#2932 = UNCERTAINTY_MEASURE_WITH_UNIT (LENGTH_MEASURE( 1.000000000000000100E-005 ), #4504, 'distance_accuracy_value', 'NONE');
#2933 = ORIENTED_EDGE ( 'NONE', *, *, #4134, .T. ) ;
#2934 = EDGE_CURVE ( 'NONE', #696, #1641, #830, .T. ) ;
#2935 = ADVANCED_FACE ( 'NONE', ( #795 ), #1085, .T. ) ;
#2936 = CARTESIAN_POINT ( 'NONE',  ( -0.5000000000000000000, 0.3499999999999999200, 0.2500000000000000000 ) ) ;
#2937 = LINE ( 'NONE', #650, #2872 ) ;
#2938 = ORIENTED_EDGE ( 'NONE', *, *, #1913, .T. ) ;
#2939 = CARTESIAN_POINT ( 'NONE',  ( -8.049999999999981200, 0.03000002925983638600, 3.749999910120186200 ) ) ;
#2940 = LINE ( 'NONE', #1811, #1891 ) ;
#2941 = EDGE_CURVE ( 'NONE', #3343, #301, #809, .T. ) ;
#2942 = VECTOR ( 'NONE', #4636, 1000.000000000000000 ) ;
#2943 = CARTESIAN_POINT ( 'NONE',  ( -7.850000000000009400, 1.249999999999999800, 6.240000000000010900 ) ) ;
#2944 = CARTESIAN_POINT ( 'NONE',  ( -8.049999999999979400, -1.976897152922152400E-007, -3.850000033366470600 ) ) ;
#2945 = ORIENTED_EDGE ( 'NONE', *, *, #2026, .T. ) ;
#2946 = FACE_OUTER_BOUND ( 'NONE', #747, .T. ) ;
#2947 = LINE ( 'NONE', #90, #3107 ) ;
#2948 = CARTESIAN_POINT ( 'NONE',  ( 4.450000000000009900, 0.2999999999999877800, -6.249999999999955600 ) ) ;
#2949 = ORIENTED_EDGE ( 'NONE', *, *, #482, .F. ) ;
#2950 = DIRECTION ( 'NONE',  ( 0.0000000000000000000, -1.000000000000000000, 3.536229350483345700E-015 ) ) ;
#2951 = ORIENTED_EDGE ( 'NONE', *, *, #5246, .T. ) ;
#2952 = CARTESIAN_POINT ( 'NONE',  ( -3.749999999999975600, 0.2999999999999886600, -25.84595613157522500 ) ) ;
#2953 = CARTESIAN_POINT ( 'NONE',  ( 2.350000000000018700, 0.2999999999999877800, -6.449999999999955800 ) ) ;
#2954 = ORIENTED_EDGE ( 'NONE', *, *, #2991, .F. ) ;
#2955 = ORIENTED_EDGE ( 'NONE', *, *, #4525, .F. ) ;
#2956 = CARTESIAN_POINT ( 'NONE',  ( 0.5000000000000000000, 0.3499999999999999200, 0.2500000000000000000 ) ) ;
#2957 = CARTESIAN_POINT ( 'NONE',  ( 7.850000000000023600, 1.249999999999999800, -2.249999999999974200 ) ) ;
#2958 = EDGE_CURVE ( 'NONE', #2800, #652, #818, .T. ) ;
#2959 = EDGE_CURVE ( 'NONE', #3934, #5122, #790, .T. ) ;
#2960 = ORIENTED_EDGE ( 'NONE', *, *, #3530, .F. ) ;
#2961 = ORIENTED_EDGE ( 'NONE', *, *, #1509, .T. ) ;
#2962 = DIRECTION ( 'NONE',  ( 0.0000000000000000000, 0.0000000000000000000, 1.000000000000000000 ) ) ;
#2963 = CARTESIAN_POINT ( 'NONE',  ( -8.249999999999978700, 0.03000002925982944700, 1.749999910120184400 ) ) ;
#2964 = FACE_OUTER_BOUND ( 'NONE', #3445, .T. ) ;
#2965 = DIRECTION ( 'NONE',  ( 0.0000000000000000000, -0.0000000000000000000, -1.000000000000000000 ) ) ;
#2966 = EDGE_CURVE ( 'NONE', #1475, #4312, #788, .T. ) ;
#2967 = LINE ( 'NONE', #2294, #2887 ) ;
#2968 = PLANE ( 'NONE',  #2283 ) ;
#2969 = DIRECTION ( 'NONE',  ( -1.000000000000000000, 0.0000000000000000000, 0.0000000000000000000 ) ) ;
#2970 = DIRECTION ( 'NONE',  ( -1.555753819465285400E-061, 1.000000000000000000, -3.614007241618746000E-015 ) ) ;
#2971 = DIRECTION ( 'NONE',  ( 0.0000000000000000000, 1.000000000000000000, -2.891204788747424200E-015 ) ) ;
#2972 = AXIS2_PLACEMENT_3D ( 'NONE', #2807, #2877, #3744 ) ;
#2973 = ORIENTED_EDGE ( 'NONE', *, *, #2054, .F. ) ;
#2974 = ORIENTED_EDGE ( 'NONE', *, *, #4532, .T. ) ;
#2975 = DIRECTION ( 'NONE',  ( 0.0000000000000000000, 0.0000000000000000000, -1.000000000000000000 ) ) ;
#2976 = AXIS2_PLACEMENT_3D ( 'NONE', #3452, #3102, #1954 ) ;
#2977 = DIRECTION ( 'NONE',  ( 0.0000000000000000000, -1.000000000000000000, 0.0000000000000000000 ) ) ;
#2978 = EDGE_CURVE ( 'NONE', #3862, #1742, #770, .T. ) ;
#2979 = ORIENTED_EDGE ( 'NONE', *, *, #2904, .F. ) ;
#2980 = DIRECTION ( 'NONE',  ( -2.212941200271876000E-031, -3.614007241618746000E-015, -1.000000000000000000 ) ) ;
#2981 = ORIENTED_EDGE ( 'NONE', *, *, #2324, .F. ) ;
#2982 = CARTESIAN_POINT ( 'NONE',  ( 16.96596284229220300, 0.2999998115502614500, -6.200000033366434200 ) ) ;
#2983 =( LENGTH_UNIT ( ) NAMED_UNIT ( * ) SI_UNIT ( .MILLI., .METRE. ) );
#2984 = LINE ( 'NONE', #3871, #2748 ) ;
#2985 = EDGE_CURVE ( 'NONE', #5252, #2245, #757, .T. ) ;
#2986 = ORIENTED_EDGE ( 'NONE', *, *, #1835, .T. ) ;
#2987 = DIRECTION ( 'NONE',  ( 1.000000000000000000, 0.0000000000000000000, 0.0000000000000000000 ) ) ;
#2988 = ORIENTED_EDGE ( 'NONE', *, *, #5402, .F. ) ;
#2989 = ORIENTED_EDGE ( 'NONE', *, *, #359, .F. ) ;
#2990 = ORIENTED_EDGE ( 'NONE', *, *, #3812, .F. ) ;
#2991 = EDGE_CURVE ( 'NONE', #241, #3906, #742, .T. ) ;
#2992 = ORIENTED_EDGE ( 'NONE', *, *, #2886, .T. ) ;
#2993 = FACE_OUTER_BOUND ( 'NONE', #4506, .T. ) ;
#2994 = AXIS2_PLACEMENT_3D ( 'NONE', #5388, #1916, #4987 ) ;
#2995 = ORIENTED_EDGE ( 'NONE', *, *, #3140, .T. ) ;
#2996 = VECTOR ( 'NONE', #3010, 1000.000000000000000 ) ;
#2997 = ORIENTED_EDGE ( 'NONE', *, *, #2910, .T. ) ;
#2998 = DIRECTION ( 'NONE',  ( -1.000000000000000000, 0.0000000000000000000, 0.0000000000000000000 ) ) ;
#2999 = CARTESIAN_POINT ( 'NONE',  ( -8.249999999999978700, -1.976897152922152400E-007, -3.850000033366470600 ) ) ;
#3000 = PLANE ( 'NONE',  #4586 ) ;
#3001 = EDGE_CURVE ( 'NONE', #1919, #1994, #726, .T. ) ;
#3002 = VECTOR ( 'NONE', #283, 1000.000000000000000 ) ;
#3003 = UNCERTAINTY_MEASURE_WITH_UNIT (LENGTH_MEASURE( 1.000000000000000100E-005 ), #411, 'distance_accuracy_value', 'NONE');
#3004 = ORIENTED_EDGE ( 'NONE', *, *, #240, .F. ) ;
#3005 = DIRECTION ( 'NONE',  ( 0.0000000000000000000, 1.000000000000000000, 0.0000000000000000000 ) ) ;
#3006 = LINE ( 'NONE', #171, #3355 ) ;
#3007 = ORIENTED_EDGE ( 'NONE', *, *, #1356, .T. ) ;
#3008 = ORIENTED_EDGE ( 'NONE', *, *, #1021, .F. ) ;
#3009 = DIRECTION ( 'NONE',  ( 0.0000000000000000000, -0.0000000000000000000, 1.000000000000000000 ) ) ;
#3010 = DIRECTION ( 'NONE',  ( 1.000000000000000000, -0.0000000000000000000, 2.168404344971009600E-016 ) ) ;
#3011 = EDGE_LOOP ( 'NONE', ( #2784, #1814, #4198, #2785 ) ) ;
#3012 =( NAMED_UNIT ( * ) PLANE_ANGLE_UNIT ( ) SI_UNIT ( $, .RADIAN. ) );
#3013 = CARTESIAN_POINT ( 'NONE',  ( 0.2500000000000001100, 0.0000000000000000000, 0.2499999999999999400 ) ) ;
#3014 = EDGE_CURVE ( 'NONE', #5122, #3958, #717, .T. ) ;
#3015 = VECTOR ( 'NONE', #5224, 1000.000000000000000 ) ;
#3016 = PRODUCT_CONTEXT ( 'NONE', #4829, 'mechanical' ) ;
#3017 = CARTESIAN_POINT ( 'NONE',  ( 8.000000000000007100, 0.2999999999999877800, 6.450000000000011700 ) ) ;
#3018 = DIRECTION ( 'NONE',  ( 0.0000000000000000000, 0.0000000000000000000, -1.000000000000000000 ) ) ;
#3019 = ORIENTED_EDGE ( 'NONE', *, *, #2130, .T. ) ;
#3020 = FACE_OUTER_BOUND ( 'NONE', #439, .T. ) ;
#3021 = EDGE_CURVE ( 'NONE', #4114, #3236, #712, .T. ) ;
#3022 = DIRECTION ( 'NONE',  ( 0.0000000000000000000, 0.0000000000000000000, -1.000000000000000000 ) ) ;
#3023 = EDGE_CURVE ( 'NONE', #5393, #373, #701, .T. ) ;
#3024 = DIRECTION ( 'NONE',  ( 0.0000000000000000000, 0.0000000000000000000, -1.000000000000000000 ) ) ;
#3025 = CARTESIAN_POINT ( 'NONE',  ( 8.250000000000035500, 4.683753385137379200E-014, -1.850000000000059200 ) ) ;
#3026 = ORIENTED_EDGE ( 'NONE', *, *, #3536, .F. ) ;
#3027 = VECTOR ( 'NONE', #3837, 1000.000000000000000 ) ;
#3028 = LINE ( 'NONE', #2019, #2905 ) ;
#3029 = VECTOR ( 'NONE', #3725, 1000.000000000000000 ) ;
#3030 = CARTESIAN_POINT ( 'NONE',  ( -8.249999999999978700, 1.240000000000000000, 6.049999910120153100 ) ) ;
#3031 = DIRECTION ( 'NONE',  ( 0.0000000000000000000, 0.0000000000000000000, 1.000000000000000000 ) ) ;
#3032 = STYLED_ITEM ( 'NONE', ( #4555 ), #4484 ) ;
#3033 = CARTESIAN_POINT ( 'NONE',  ( 0.2500000000000000000, 4.495703129515628400E-017, -0.2500000000000000000 ) ) ;
#3034 = VERTEX_POINT ( 'NONE', #1778 ) ;
#3035 = SURFACE_STYLE_USAGE ( .BOTH. , #3485 ) ;
#3036 = DIRECTION ( 'NONE',  ( 2.276168091708069100E-031, 3.717264591379042400E-015, 1.000000000000000000 ) ) ;
#3037 = ORIENTED_EDGE ( 'NONE', *, *, #3040, .F. ) ;
#3038 = DIRECTION ( 'NONE',  ( -2.189528850507526700E-047, 3.212450881437960300E-015, 1.000000000000000000 ) ) ;
#3039 = EDGE_LOOP ( 'NONE', ( #4477, #152, #5068, #3494 ) ) ;
#3040 = EDGE_CURVE ( 'NONE', #3490, #1465, #653, .T. ) ;
#3041 = ORIENTED_EDGE ( 'NONE', *, *, #4391, .T. ) ;
#3042 = CARTESIAN_POINT ( 'NONE',  ( 4.450000000000009900, 0.2999999999999877800, 6.450000000000011700 ) ) ;
#3043 = FACE_OUTER_BOUND ( 'NONE', #4349, .T. ) ;
#3044 = DIRECTION ( 'NONE',  ( -1.000000000000000000, 0.0000000000000000000, 0.0000000000000000000 ) ) ;
#3045 = VERTEX_POINT ( 'NONE', #1721 ) ;
#3046 = DIRECTION ( 'NONE',  ( 0.0000000000000000000, -0.0000000000000000000, 1.000000000000000000 ) ) ;
#3047 = ORIENTED_EDGE ( 'NONE', *, *, #4495, .T. ) ;
#3048 = PLANE ( 'NONE',  #4018 ) ;
#3049 = VERTEX_POINT ( 'NONE', #921 ) ;
#3050 = ORIENTED_EDGE ( 'NONE', *, *, #4361, .T. ) ;
#3051 = EDGE_CURVE ( 'NONE', #3082, #2839, #782, .T. ) ;
#3052 = DIRECTION ( 'NONE',  ( 0.0000000000000000000, 1.000000000000000000, 0.0000000000000000000 ) ) ;
#3053 = EDGE_CURVE ( 'NONE', #556, #2909, #666, .T. ) ;
#3054 = PLANE ( 'NONE',  #1765 ) ;
#3055 = DIRECTION ( 'NONE',  ( 0.0000000000000000000, 1.000000000000000000, 6.123233995736766000E-017 ) ) ;
#3056 = VECTOR ( 'NONE', #2200, 1000.000000000000000 ) ;
#3057 = LINE ( 'NONE', #4317, #3002 ) ;
#3058 = CARTESIAN_POINT ( 'NONE',  ( 7.850000000000023600, 1.239999999999999800, -6.449999999999955800 ) ) ;
#3059 = ORIENTED_EDGE ( 'NONE', *, *, #4507, .T. ) ;
#3060 = DIRECTION ( 'NONE',  ( 0.0000000000000000000, -1.000000000000000000, 0.0000000000000000000 ) ) ;
#3061 = ORIENTED_EDGE ( 'NONE', *, *, #3106, .T. ) ;
#3062 = VECTOR ( 'NONE', #4407, 1000.000000000000000 ) ;
#3063 = VECTOR ( 'NONE', #4305, 1000.000000000000000 ) ;
#3064 = VERTEX_POINT ( 'NONE', #1009 ) ;
#3065 = PLANE ( 'NONE',  #2922 ) ;
#3066 = ORIENTED_EDGE ( 'NONE', *, *, #3211, .F. ) ;
#3067 = DIRECTION ( 'NONE',  ( 0.0000000000000000000, -1.000000000000000000, 0.0000000000000000000 ) ) ;
#3068 = CARTESIAN_POINT ( 'NONE',  ( 8.050000000000036200, 0.3000000000000675500, 1.974999999999909100 ) ) ;
#3069 = ADVANCED_FACE ( 'NONE', ( #633 ), #1690, .T. ) ;
#3070 = ORIENTED_EDGE ( 'NONE', *, *, #2468, .F. ) ;
#3071 = ORIENTED_EDGE ( 'NONE', *, *, #4302, .T. ) ;
#3072 = CARTESIAN_POINT ( 'NONE',  ( 8.050000000000036200, 0.8500000000000069700, 6.049999999999960700 ) ) ;
#3073 = ORIENTED_EDGE ( 'NONE', *, *, #2966, .F. ) ;
#3074 = DIRECTION ( 'NONE',  ( -0.0000000000000000000, -1.000000000000000000, -0.0000000000000000000 ) ) ;
#3075 = DIRECTION ( 'NONE',  ( -1.000000000000000000, 0.0000000000000000000, 0.0000000000000000000 ) ) ;
#3076 = DIRECTION ( 'NONE',  ( 1.000000000000000000, 0.0000000000000000000, 0.0000000000000000000 ) ) ;
#3077 = VECTOR ( 'NONE', #2304, 1000.000000000000000 ) ;
#3078 = CARTESIAN_POINT ( 'NONE',  ( 8.000000000000007100, 0.8500000000000096400, -6.449999999999955800 ) ) ;
#3079 = EDGE_CURVE ( 'NONE', #4403, #511, #617, .T. ) ;
#3080 = FILL_AREA_STYLE_COLOUR ( '', #4967 ) ;
#3081 = CARTESIAN_POINT ( 'NONE',  ( 8.050000000000036200, -0.1749999999999911300, 1.974999999999909100 ) ) ;
#3082 = VERTEX_POINT ( 'NONE', #604 ) ;
#3083 = FACE_OUTER_BOUND ( 'NONE', #106, .T. ) ;
#3084 = ADVANCED_FACE ( 'NONE', ( #592 ), #686, .F. ) ;
#3085 = CARTESIAN_POINT ( 'NONE',  ( 16.96596284229220300, 0.8499998115502563900, -6.200000033366436900 ) ) ;
#3086 = EDGE_CURVE ( 'NONE', #1210, #3503, #586, .T. ) ;
#3087 = VECTOR ( 'NONE', #1946, 1000.000000000000000 ) ;
#3088 = ORIENTED_EDGE ( 'NONE', *, *, #1731, .F. ) ;
#3089 = ORIENTED_EDGE ( 'NONE', *, *, #759, .F. ) ;
#3090 = ORIENTED_EDGE ( 'NONE', *, *, #645, .T. ) ;
#3091 = DIRECTION ( 'NONE',  ( -0.0000000000000000000, -1.000000000000000000, -0.0000000000000000000 ) ) ;
#3092 = AXIS2_PLACEMENT_3D ( 'NONE', #1587, #1712, #859 ) ;
#3093 = ADVANCED_FACE ( 'NONE', ( #581 ), #1529, .F. ) ;
#3094 = CARTESIAN_POINT ( 'NONE',  ( -8.049999999999981200, 0.3000000292598878300, 4.624999910120145300 ) ) ;
#3095 = ORIENTED_EDGE ( 'NONE', *, *, #4269, .F. ) ;
#3096 = DIRECTION ( 'NONE',  ( -1.000000000000000000, 0.0000000000000000000, 0.0000000000000000000 ) ) ;
#3097 = ORIENTED_EDGE ( 'NONE', *, *, #2686, .F. ) ;
#3098 = EDGE_LOOP ( 'NONE', ( #1567, #4324, #300, #2378, #4889, #3547, #753, #2567, #4867, #3824, #2791, #937 ) ) ;
#3099 = ORIENTED_EDGE ( 'NONE', *, *, #4841, .F. ) ;
#3100 = SURFACE_STYLE_USAGE ( .BOTH. , #2166 ) ;
#3101 = FACE_OUTER_BOUND ( 'NONE', #456, .T. ) ;
#3102 = DIRECTION ( 'NONE',  ( 0.0000000000000000000, 1.000000000000000000, 0.0000000000000000000 ) ) ;
#3103 = ADVANCED_BREP_SHAPE_REPRESENTATION ( '', ( #4484, #4277, #2397, #2338 ), #5376 ) ;
#3104 = EDGE_CURVE ( 'NONE', #1288, #923, #661, .T. ) ;
#3105 = DIRECTION ( 'NONE',  ( -1.000000000000000000, 0.0000000000000000000, 0.0000000000000000000 ) ) ;
#3106 = EDGE_CURVE ( 'NONE', #5248, #2538, #580, .T. ) ;
#3107 = VECTOR ( 'NONE', #4742, 1000.000000000000000 ) ;
#3108 = FACE_OUTER_BOUND ( 'NONE', #3470, .T. ) ;
#3109 = AXIS2_PLACEMENT_3D ( 'NONE', #1127, #1093, #1110 ) ;
#3110 = CARTESIAN_POINT ( 'NONE',  ( 8.250000000000035500, 1.249999999999999800, -6.049999999999999800 ) ) ;
#3111 = CARTESIAN_POINT ( 'NONE',  ( -0.5000000000000000000, 0.2999999999999999900, 0.2500000000000000600 ) ) ;
#3112 = ORIENTED_EDGE ( 'NONE', *, *, #3325, .F. ) ;
#3113 = DIRECTION ( 'NONE',  ( -1.000000000000000000, 0.0000000000000000000, 0.0000000000000000000 ) ) ;
#3114 = CARTESIAN_POINT ( 'NONE',  ( 8.250000000000035500, 0.3000000000000693200, 2.424999999999970500 ) ) ;
#3115 = DIRECTION ( 'NONE',  ( 0.0000000000000000000, 1.000000000000000000, 0.0000000000000000000 ) ) ;
#3116 =( GEOMETRIC_REPRESENTATION_CONTEXT ( 3 ) GLOBAL_UNCERTAINTY_ASSIGNED_CONTEXT ( ( #249 ) ) GLOBAL_UNIT_ASSIGNED_CONTEXT ( ( #4809, #4778, #4765 ) ) REPRESENTATION_CONTEXT ( 'NONE', 'WORKASPACE' ) );
#3117 = EDGE_CURVE ( 'NONE', #1005, #1771, #575, .T. ) ;
#3118 = ADVANCED_FACE ( 'NONE', ( #574 ), #2690, .F. ) ;
#3119 = LINE ( 'NONE', #1376, #3027 ) ;
#3120 = DIRECTION ( 'NONE',  ( 0.0000000000000000000, 0.0000000000000000000, 1.000000000000000000 ) ) ;
#3121 = CARTESIAN_POINT ( 'NONE',  ( -8.249999999999978700, 1.249999999999999300, 6.049999999999999800 ) ) ;
#3122 = VERTEX_POINT ( 'NONE', #4284 ) ;
#3123 = DIRECTION ( 'NONE',  ( 0.0000000000000000000, 0.0000000000000000000, -1.000000000000000000 ) ) ;
#3124 = APPLICATION_CONTEXT ( 'automotive_design' ) ;
#3125 = ORIENTED_EDGE ( 'NONE', *, *, #11, .T. ) ;
#3126 = ORIENTED_EDGE ( 'NONE', *, *, #3891, .F. ) ;
#3127 = CARTESIAN_POINT ( 'NONE',  ( -0.2500000000000000600, 0.2999999999999999900, 0.2500000000000000000 ) ) ;
#3128 = ORIENTED_EDGE ( 'NONE', *, *, #3772, .F. ) ;
#3129 = PRODUCT ( 'GTC100-KST(シールドケース）', 'GTC100-KST(シールドケース）', '', ( #2781 ) ) ;
#3130 = VECTOR ( 'NONE', #780, 1000.000000000000000 ) ;
#3131 = EDGE_CURVE ( 'NONE', #967, #4523, #545, .T. ) ;
#3132 = APPLICATION_PROTOCOL_DEFINITION ( 'draft international standard', 'automotive_design', 1998, #3124 ) ;
#3133 = ORIENTED_EDGE ( 'NONE', *, *, #3137, .F. ) ;
#3134 = DIRECTION ( 'NONE',  ( -0.0000000000000000000, -1.000000000000000000, -0.0000000000000000000 ) ) ;
#3135 = DIRECTION ( 'NONE',  ( -0.0000000000000000000, 0.0000000000000000000, -1.000000000000000000 ) ) ;
#3136 = ORIENTED_EDGE ( 'NONE', *, *, #2703, .F. ) ;
#3137 = EDGE_CURVE ( 'NONE', #3618, #1994, #533, .T. ) ;
#3138 = DIRECTION ( 'NONE',  ( 0.0000000000000000000, -1.000000000000000000, 0.0000000000000000000 ) ) ;
#3139 = DIRECTION ( 'NONE',  ( 0.0000000000000000000, -1.000000000000000000, 3.717264591379042400E-015 ) ) ;
#3140 = EDGE_CURVE ( 'NONE', #4728, #3906, #549, .T. ) ;
#3141 = AXIS2_PLACEMENT_3D ( 'NONE', #2602, #2892, #2722 ) ;
#3142 = ORIENTED_EDGE ( 'NONE', *, *, #3985, .T. ) ;
#3143 = CARTESIAN_POINT ( 'NONE',  ( 8.000000000000007100, 0.8500000000000096400, 6.450000000000011700 ) ) ;
#3144 = ORIENTED_EDGE ( 'NONE', *, *, #219, .F. ) ;
#3145 = ORIENTED_EDGE ( 'NONE', *, *, #2649, .F. ) ;
#3146 = DIRECTION ( 'NONE',  ( 0.0000000000000000000, 1.000000000000000000, 0.0000000000000000000 ) ) ;
#3147 = VECTOR ( 'NONE', #134, 1000.000000000000000 ) ;
#3148 = CARTESIAN_POINT ( 'NONE',  ( 0.0000000000000000000, 0.0000000000000000000, -0.2500000000000000000 ) ) ;
#3149 = UNCERTAINTY_MEASURE_WITH_UNIT (LENGTH_MEASURE( 1.000000000000000100E-005 ), #1710, 'distance_accuracy_value', 'NONE');
#3150 = EDGE_LOOP ( 'NONE', ( #4090, #1132, #487, #1226 ) ) ;
#3151 = CARTESIAN_POINT ( 'NONE',  ( 7.850000000000023600, 1.239999999999999800, -6.249999999999955600 ) ) ;
#3152 = DIRECTION ( 'NONE',  ( 0.0000000000000000000, 0.0000000000000000000, -1.000000000000000000 ) ) ;
#3153 = CARTESIAN_POINT ( 'NONE',  ( -8.000000000000007100, 0.2999999999999886600, -6.249999999999957400 ) ) ;
#3154 = DIRECTION ( 'NONE',  ( 1.000000000000000000, 0.0000000000000000000, 0.0000000000000000000 ) ) ;
#3155 = CARTESIAN_POINT ( 'NONE',  ( -0.2500000000000000600, 0.2999999999999999900, -0.2500000000000000000 ) ) ;
#3156 = ORIENTED_EDGE ( 'NONE', *, *, #1755, .F. ) ;
#3157 = LINE ( 'NONE', #3949, #3063 ) ;
#3158 = FILL_AREA_STYLE ('',( #3450 ) ) ;
#3159 = CARTESIAN_POINT ( 'NONE',  ( 8.000000000000007100, 0.8500000000000096400, 6.250000000000010700 ) ) ;
#3160 = CARTESIAN_POINT ( 'NONE',  ( -8.039999999999979600, 1.250000000000001100, 6.049999955060076000 ) ) ;
#3161 = CARTESIAN_POINT ( 'NONE',  ( 0.2500000000000000600, 0.2999999999999999900, -0.2500000000000000600 ) ) ;
#3162 = EDGE_CURVE ( 'NONE', #316, #433, #525, .T. ) ;
#3163 = VERTEX_POINT ( 'NONE', #4544 ) ;
#3164 = CARTESIAN_POINT ( 'NONE',  ( 4.450000000000009900, 0.2999999999999886600, 25.84595613157528100 ) ) ;
#3165 = PLANE ( 'NONE',  #20 ) ;
#3166 = DIRECTION ( 'NONE',  ( -0.0000000000000000000, 1.000000000000000000, -0.0000000000000000000 ) ) ;
#3167 = CIRCLE ( 'NONE', #944, 0.2250000000000307300 ) ;
#3168 = EDGE_CURVE ( 'NONE', #185, #3550, #503, .T. ) ;
#3169 = ORIENTED_EDGE ( 'NONE', *, *, #2985, .T. ) ;
#3170 = CARTESIAN_POINT ( 'NONE',  ( 0.4700000000000000300, 0.02999999999999997100, 0.2500000000000000000 ) ) ;
#3171 = ORIENTED_EDGE ( 'NONE', *, *, #1164, .F. ) ;
#3172 =( REPRESENTATION_RELATIONSHIP ('NONE','NONE', #4308, #3847 ) REPRESENTATION_RELATIONSHIP_WITH_TRANSFORMATION ( #216 )SHAPE_REPRESENTATION_RELATIONSHIP( ) );
#3173 = CARTESIAN_POINT ( 'NONE',  ( 16.96596284229220300, 0.3000000200199283200, 5.074999910120151700 ) ) ;
#3174 = DIRECTION ( 'NONE',  ( 0.0000000000000000000, 3.469446951953611000E-015, 1.000000000000000000 ) ) ;
#3175 = VECTOR ( 'NONE', #331, 1000.000000000000000 ) ;
#3176 = LINE ( 'NONE', #1925, #3077 ) ;
#3177 = VERTEX_POINT ( 'NONE', #3884 ) ;
#3178 = DIRECTION ( 'NONE',  ( 1.084202172485504400E-016, 0.0000000000000000000, 1.000000000000000000 ) ) ;
#3179 = CARTESIAN_POINT ( 'NONE',  ( -8.094977871437800200, 1.449999999999998800, 6.049999985020026100 ) ) ;
#3180 = CARTESIAN_POINT ( 'NONE',  ( 8.050000000000036200, -0.1749999999999911300, 2.424999999999970500 ) ) ;
#3181 = VERTEX_POINT ( 'NONE', #4897 ) ;
#3182 = VECTOR ( 'NONE', #2177, 1000.000000000000000 ) ;
#3183 = PLANE ( 'NONE',  #4173 ) ;
#3184 = SURFACE_STYLE_USAGE ( .BOTH. , #5102 ) ;
#3185 = EDGE_CURVE ( 'NONE', #749, #469, #480, .T. ) ;
#3186 = ORIENTED_EDGE ( 'NONE', *, *, #2443, .T. ) ;
#3187 = DIRECTION ( 'NONE',  ( 0.0000000000000000000, 0.0000000000000000000, -1.000000000000000000 ) ) ;
#3188 = CARTESIAN_POINT ( 'NONE',  ( -5.850000000000021800, 0.2999999999999877800, -6.449999999999955800 ) ) ;
#3189 = APPLICATION_PROTOCOL_DEFINITION ( 'draft international standard', 'automotive_design', 1998, #4829 ) ;
#3190 = FILL_AREA_STYLE ('',( #4261 ) ) ;
#3191 = LINE ( 'NONE', #2145, #3087 ) ;
#3192 = CARTESIAN_POINT ( 'NONE',  ( -8.049999999999979400, -0.4000001930697210100, -4.850000033366442600 ) ) ;
#3193 = ADVANCED_FACE ( 'NONE', ( #514 ), #4929, .T. ) ;
#3194 = VERTEX_POINT ( 'NONE', #3042 ) ;
#3195 = CARTESIAN_POINT ( 'NONE',  ( -3.749999999999975600, -6.071532165918824800E-015, -25.84595613157522500 ) ) ;
#3196 = VECTOR ( 'NONE', #4239, 1000.000000000000000 ) ;
#3197 = CARTESIAN_POINT ( 'NONE',  ( 16.96596284229220300, -1.976897066185978600E-007, -1.750000033366425000 ) ) ;
#3198 = ORIENTED_EDGE ( 'NONE', *, *, #3040, .T. ) ;
#3199 = PRODUCT ( 'R1(MCR01)', 'R1(MCR01)', '', ( #2160 ) ) ;
#3200 = CARTESIAN_POINT ( 'NONE',  ( -0.2500000000000000600, 0.2999999999999999900, -0.2500000000000000000 ) ) ;
#3201 = EDGE_CURVE ( 'NONE', #3906, #312, #486, .T. ) ;
#3202 = VECTOR ( 'NONE', #5306, 1000.000000000000000 ) ;
#3203 = FACE_OUTER_BOUND ( 'NONE', #4543, .T. ) ;
#3204 = EDGE_CURVE ( 'NONE', #1442, #3533, #497, .T. ) ;
#3205 = CARTESIAN_POINT ( 'NONE',  ( 0.5000000000000000000, 1.059016994374947200, -0.2500000000000000600 ) ) ;
#3206 = FACE_OUTER_BOUND ( 'NONE', #1584, .T. ) ;
#3207 = CARTESIAN_POINT ( 'NONE',  ( 7.850000000000023600, -39.79214906653888300, -1.850000000000018300 ) ) ;
#3208 = PLANE ( 'NONE',  #4044 ) ;
#3209 = VECTOR ( 'NONE', #2009, 1000.000000000000000 ) ;
#3210 = LINE ( 'NONE', #4255, #3456 ) ;
#3211 = EDGE_CURVE ( 'NONE', #662, #4679, #454, .T. ) ;
#3212 = APPLICATION_CONTEXT ( 'automotive_design' ) ;
#3213 = AXIS2_PLACEMENT_3D ( 'NONE', #2296, #4319, #3187 ) ;
#3214 = VERTEX_POINT ( 'NONE', #4080 ) ;
#3215 = CARTESIAN_POINT ( 'NONE',  ( -8.049999999999979400, 0.3000000292598843400, 3.749999910120185300 ) ) ;
#3216 = CARTESIAN_POINT ( 'NONE',  ( -0.2500000000000000000, 4.495703129515628400E-017, 0.2500000000000000000 ) ) ;
#3217 = DIRECTION ( 'NONE',  ( -0.0000000000000000000, -1.000000000000000000, -0.0000000000000000000 ) ) ;
#3218 = DIRECTION ( 'NONE',  ( 0.0000000000000000000, -1.000000000000000000, 0.0000000000000000000 ) ) ;
#3219 = PRODUCT_DEFINITION_SHAPE ( 'NONE', 'NONE',  #4355 ) ;
#3220 = VERTEX_POINT ( 'NONE', #2416 ) ;
#3221 = AXIS2_PLACEMENT_3D ( 'NONE', #2849, #786, #5114 ) ;
#3222 = CARTESIAN_POINT ( 'NONE',  ( 16.96596284229220300, -0.1750001930697180100, -4.850000033366442600 ) ) ;
#3223 = DIRECTION ( 'NONE',  ( 0.0000000000000000000, 1.000000000000000000, 0.0000000000000000000 ) ) ;
#3224 = CIRCLE ( 'NONE', #1622, 0.3000000000000224700 ) ;
#3225 = DIRECTION ( 'NONE',  ( 1.000000000000000000, 0.0000000000000000000, -2.168404344971008600E-016 ) ) ;
#3226 = ADVANCED_FACE ( 'NONE', ( #452 ), #426, .F. ) ;
#3227 = VECTOR ( 'NONE', #2251, 1000.000000000000000 ) ;
#3228 = LINE ( 'NONE', #4022, #3282 ) ;
#3229 = AXIS2_PLACEMENT_3D ( 'NONE', #2129, #3855, #414 ) ;
#3230 = VECTOR ( 'NONE', #4708, 1000.000000000000000 ) ;
#3231 = LINE ( 'NONE', #2533, #3266 ) ;
#3232 =( NAMED_UNIT ( * ) SI_UNIT ( $, .STERADIAN. ) SOLID_ANGLE_UNIT ( ) );
#3233 = CARTESIAN_POINT ( 'NONE',  ( 8.250000000000035500, 0.3000000000000693200, 0.2499999999999876500 ) ) ;
#3234 = LINE ( 'NONE', #2471, #3175 ) ;
#3235 = EDGE_CURVE ( 'NONE', #1750, #3818, #435, .T. ) ;
#3236 = VERTEX_POINT ( 'NONE', #5337 ) ;
#3237 = FACE_OUTER_BOUND ( 'NONE', #2096, .T. ) ;
#3238 = DIRECTION ( 'NONE',  ( -1.000000000000000000, 0.0000000000000000000, 0.0000000000000000000 ) ) ;
#3239 = ORIENTED_EDGE ( 'NONE', *, *, #2603, .T. ) ;
#3240 = CARTESIAN_POINT ( 'NONE',  ( 0.2500000000000000600, 0.5000000000000000000, -0.2500000000000000600 ) ) ;
#3241 = CARTESIAN_POINT ( 'NONE',  ( -0.5000000000000000000, 0.0000000000000000000, -0.2499999999999999400 ) ) ;
#3242 = EDGE_CURVE ( 'NONE', #3696, #2585, #430, .T. ) ;
#3243 = CARTESIAN_POINT ( 'NONE',  ( 8.250000000000035500, 0.3000000000000693200, 4.449999999999970000 ) ) ;
#3244 = DIRECTION ( 'NONE',  ( -0.0000000000000000000, -0.0000000000000000000, -1.000000000000000000 ) ) ;
#3245 = ORIENTED_EDGE ( 'NONE', *, *, #1723, .T. ) ;
#3246 = EDGE_LOOP ( 'NONE', ( #5103, #3816, #1959, #3089 ) ) ;
#3247 = ORIENTED_EDGE ( 'NONE', *, *, #1964, .F. ) ;
#3248 = DIRECTION ( 'NONE',  ( 0.0000000000000000000, 0.0000000000000000000, -1.000000000000000000 ) ) ;
#3249 = DIRECTION ( 'NONE',  ( 0.0000000000000000000, -1.000000000000000000, -1.032573497605219700E-016 ) ) ;
#3250 = VECTOR ( 'NONE', #5344, 1000.000000000000000 ) ;
#3251 = CARTESIAN_POINT ( 'NONE',  ( -8.049999999999979400, -0.1749999753600950900, 4.849999910120177800 ) ) ;
#3252 = EDGE_CURVE ( 'NONE', #1771, #2113, #420, .T. ) ;
#3253 = AXIS2_PLACEMENT_3D ( 'NONE', #2858, #1679, #3046 ) ;
#3254 = DIRECTION ( 'NONE',  ( -1.084202172485504100E-016, 0.0000000000000000000, -1.000000000000000000 ) ) ;
#3255 = ORIENTED_EDGE ( 'NONE', *, *, #2404, .F. ) ;
#3256 = CARTESIAN_POINT ( 'NONE',  ( 0.2500000000000001100, 0.2999999999999999900, 0.2499999999999999400 ) ) ;
#3257 = CARTESIAN_POINT ( 'NONE',  ( 2.350000000000018700, -6.938893903907228400E-015, 6.450000000000011700 ) ) ;
#3258 = VERTEX_POINT ( 'NONE', #3775 ) ;
#3259 = VECTOR ( 'NONE', #1715, 1000.000000000000000 ) ;
#3260 = DIRECTION ( 'NONE',  ( 0.0000000000000000000, 0.0000000000000000000, 1.000000000000000000 ) ) ;
#3261 = ADVANCED_FACE ( 'NONE', ( #391 ), #80, .T. ) ;
#3262 = EDGE_CURVE ( 'NONE', #744, #766, #386, .T. ) ;
#3263 = CARTESIAN_POINT ( 'NONE',  ( -7.850000000000023600, 1.240000000000000700, -6.449999999999955800 ) ) ;
#3264 = FILL_AREA_STYLE ('',( #4623 ) ) ;
#3265 = CARTESIAN_POINT ( 'NONE',  ( -8.049999999999979400, 0.8499998115502563900, -6.200000033366436900 ) ) ;
#3266 = VECTOR ( 'NONE', #5147, 1000.000000000000000 ) ;
#3267 = ADVANCED_FACE ( 'NONE', ( #374 ), #949, .T. ) ;
#3268 = CONTEXT_DEPENDENT_SHAPE_REPRESENTATION ( #5357, #34 ) ;
#3269 = EDGE_CURVE ( 'NONE', #151, #1977, #366, .T. ) ;
#3270 = DIRECTION ( 'NONE',  ( 1.000000000000000000, 0.0000000000000000000, 2.168404344971009900E-016 ) ) ;
#3271 = ORIENTED_EDGE ( 'NONE', *, *, #2591, .T. ) ;
#3273 = CIRCLE ( 'NONE', #2650, 0.3000000753741666700 ) ;
#3272 =( GEOMETRIC_REPRESENTATION_CONTEXT ( 3 ) GLOBAL_UNCERTAINTY_ASSIGNED_CONTEXT ( ( #3629 ) ) GLOBAL_UNIT_ASSIGNED_CONTEXT ( ( #4716, #3012, #2281 ) ) REPRESENTATION_CONTEXT ( 'NONE', 'WORKASPACE' ) );
#3274 = ORIENTED_EDGE ( 'NONE', *, *, #394, .T. ) ;
#3275 = CARTESIAN_POINT ( 'NONE',  ( -8.249999999999978700, 1.249999999999999300, -6.049999999999999800 ) ) ;
#3276 = EDGE_LOOP ( 'NONE', ( #2667, #5230, #5150, #1762 ) ) ;
#3277 = LINE ( 'NONE', #810, #3295 ) ;
#3278 = AXIS2_PLACEMENT_3D ( 'NONE', #3740, #3138, #3423 ) ;
#3279 = ORIENTED_EDGE ( 'NONE', *, *, #3590, .F. ) ;
#3280 = VERTEX_POINT ( 'NONE', #4126 ) ;
#3281 = CARTESIAN_POINT ( 'NONE',  ( -8.039999999999979600, -39.79214906653888300, 6.049999999999999800 ) ) ;
#3282 = VECTOR ( 'NONE', #2528, 1000.000000000000000 ) ;
#3283 = DIRECTION ( 'NONE',  ( 0.0000000000000000000, 0.0000000000000000000, 1.000000000000000000 ) ) ;
#3284 = FACE_OUTER_BOUND ( 'NONE', #638, .T. ) ;
#3285 = PLANE ( 'NONE',  #3731 ) ;
#3286 = CARTESIAN_POINT ( 'NONE',  ( -7.850000000000023600, 1.239999999999999800, 6.250000000000010700 ) ) ;
#3287 = APPLICATION_CONTEXT ( 'automotive_design' ) ;
#3288 = LINE ( 'NONE', #4011, #3230 ) ;
#3289 = DIRECTION ( 'NONE',  ( 0.0000000000000000000, 0.0000000000000000000, 1.000000000000000000 ) ) ;
#3290 = ADVANCED_FACE ( 'NONE', ( #395 ), #1792, .T. ) ;
#3291 = DIRECTION ( 'NONE',  ( 1.000000000000000000, 0.0000000000000000000, 0.0000000000000000000 ) ) ;
#3292 = ADVANCED_FACE ( 'NONE', ( #380 ), #1170, .F. ) ;
#3293 = PLANE ( 'NONE',  #368 ) ;
#3294 = CARTESIAN_POINT ( 'NONE',  ( 0.2500000000000001100, 0.2999999999999999900, 0.2499999999999999400 ) ) ;
#3295 = VECTOR ( 'NONE', #719, 1000.000000000000000 ) ;
#3296 = EDGE_CURVE ( 'NONE', #3343, #4177, #349, .T. ) ;
#3297 = AXIS2_PLACEMENT_3D ( 'NONE', #4364, #5209, #3377 ) ;
#3298 = EDGE_LOOP ( 'NONE', ( #2880, #3653, #4966, #2486 ) ) ;
#3299 = VERTEX_POINT ( 'NONE', #4450 ) ;
#3300 = CARTESIAN_POINT ( 'NONE',  ( -5.749999999999976900, 1.249999999999999800, 3.950000000000009100 ) ) ;
#3301 = ORIENTED_EDGE ( 'NONE', *, *, #3674, .T. ) ;
#3302 = ORIENTED_EDGE ( 'NONE', *, *, #2966, .T. ) ;
#3303 = EDGE_CURVE ( 'NONE', #3122, #2724, #361, .T. ) ;
#3304 = DIRECTION ( 'NONE',  ( -0.0000000000000000000, -1.000000000000000000, -0.0000000000000000000 ) ) ;
#3305 = ORIENTED_EDGE ( 'NONE', *, *, #1393, .F. ) ;
#3306 = EDGE_LOOP ( 'NONE', ( #3762, #5133, #738, #4015 ) ) ;
#3307 = CARTESIAN_POINT ( 'NONE',  ( 8.050000000000036200, 1.449999999999996400, 6.049999999999960700 ) ) ;
#3308 = DIRECTION ( 'NONE',  ( 0.0000000000000000000, 1.000000000000000000, 0.0000000000000000000 ) ) ;
#3309 = ORIENTED_EDGE ( 'NONE', *, *, #4195, .F. ) ;
#3310 =( GEOMETRIC_REPRESENTATION_CONTEXT ( 3 ) GLOBAL_UNCERTAINTY_ASSIGNED_CONTEXT ( ( #2161 ) ) GLOBAL_UNIT_ASSIGNED_CONTEXT ( ( #2983, #3831, #3966 ) ) REPRESENTATION_CONTEXT ( 'NONE', 'WORKASPACE' ) );
#3311 = LINE ( 'NONE', #2513, #4039 ) ;
#3312 = MANIFOLD_SOLID_BREP ( 'ﾌｫｰﾙﾄﾞ1', #355 ) ;
#3313 = ORIENTED_EDGE ( 'NONE', *, *, #1490, .F. ) ;
#3314 = LINE ( 'NONE', #4613, #3196 ) ;
#3315 = ORIENTED_EDGE ( 'NONE', *, *, #2517, .T. ) ;
#3316 = VECTOR ( 'NONE', #1998, 1000.000000000000000 ) ;
#3317 = DIRECTION ( 'NONE',  ( 0.0000000000000000000, 3.652049423109043600E-015, 1.000000000000000000 ) ) ;
#3318 = DIRECTION ( 'NONE',  ( 0.0000000000000000000, -1.000000000000000000, 6.123233995736766000E-017 ) ) ;
#3319 = DIRECTION ( 'NONE',  ( -0.0000000000000000000, -1.000000000000000000, -0.0000000000000000000 ) ) ;
#3320 = DIRECTION ( 'NONE',  ( -1.000000000000000000, 0.0000000000000000000, -0.0000000000000000000 ) ) ;
#3321 =( NAMED_UNIT ( * ) SI_UNIT ( $, .STERADIAN. ) SOLID_ANGLE_UNIT ( ) );
#3322 = EDGE_CURVE ( 'NONE', #2239, #433, #276, .T. ) ;
#3323 = FACE_OUTER_BOUND ( 'NONE', #5231, .T. ) ;
#3324 = DIRECTION ( 'NONE',  ( -1.000000000000000000, 0.0000000000000000000, 0.0000000000000000000 ) ) ;
#3325 = EDGE_CURVE ( 'NONE', #4461, #3344, #280, .T. ) ;
#3326 = STYLED_ITEM ( 'NONE', ( #4567 ), #22 ) ;
#3327 = ADVANCED_FACE ( 'NONE', ( #279 ), #3469, .F. ) ;
#3328 = VERTEX_POINT ( 'NONE', #4023 ) ;
#3329 = AXIS2_PLACEMENT_3D ( 'NONE', #3513, #60, #3914 ) ;
#3330 = VECTOR ( 'NONE', #2370, 1000.000000000000000 ) ;
#3331 = DIRECTION ( 'NONE',  ( 1.000000000000000000, 0.0000000000000000000, 0.0000000000000000000 ) ) ;
#3332 = DIRECTION ( 'NONE',  ( -1.000000000000000000, 0.0000000000000000000, 0.0000000000000000000 ) ) ;
#3333 = VERTEX_POINT ( 'NONE', #4624 ) ;
#3334 = ORIENTED_EDGE ( 'NONE', *, *, #3700, .T. ) ;
#3335 = CARTESIAN_POINT ( 'NONE',  ( 8.040000000000034700, 1.450000000000000000, -1.850000000000038300 ) ) ;
#3336 = DIRECTION ( 'NONE',  ( 0.0000000000000000000, 0.0000000000000000000, -1.000000000000000000 ) ) ;
#3337 = CARTESIAN_POINT ( 'NONE',  ( -0.2500000000000000600, 0.2999999999999999900, -0.2500000000000000000 ) ) ;
#3338 = VECTOR ( 'NONE', #2825, 1000.000000000000000 ) ;
#3339 = CARTESIAN_POINT ( 'NONE',  ( -32.12551892810807200, 1.240000000000000000, -6.239999999999955800 ) ) ;
#3340 = ORIENTED_EDGE ( 'NONE', *, *, #952, .T. ) ;
#3341 = AXIS2_PLACEMENT_3D ( 'NONE', #1640, #1606, #950 ) ;
#3342 = FACE_OUTER_BOUND ( 'NONE', #367, .T. ) ;
#3343 = VERTEX_POINT ( 'NONE', #3702 ) ;
#3344 = VERTEX_POINT ( 'NONE', #182 ) ;
#3345 = CARTESIAN_POINT ( 'NONE',  ( -8.049999999999979400, 0.09999979615031399900, -1.450000330670053100 ) ) ;
#3346 = ADVANCED_FACE ( 'NONE', ( #259 ), #56, .T. ) ;
#3347 = LINE ( 'NONE', #4786, #3338 ) ;
#3348 = ITEM_DEFINED_TRANSFORMATION ( 'NONE', 'NONE', #4513,  #2338 ) ;
#3349 = ADVANCED_FACE ( 'NONE', ( #227 ), #5373, .F. ) ;
#3350 = VECTOR ( 'NONE', #3967, 1000.000000000000000 ) ;
#3351 = ORIENTED_EDGE ( 'NONE', *, *, #1846, .T. ) ;
#3352 = DIRECTION ( 'NONE',  ( -1.000000000000000000, 0.0000000000000000000, 0.0000000000000000000 ) ) ;
#3353 = DIRECTION ( 'NONE',  ( -2.168404344971008900E-016, 0.0000000000000000000, -1.000000000000000000 ) ) ;
#3354 = ORIENTED_EDGE ( 'NONE', *, *, #3168, .T. ) ;
#3355 = VECTOR ( 'NONE', #705, 1000.000000000000000 ) ;
#3356 = LINE ( 'NONE', #1353, #5345 ) ;
#3357 = ORIENTED_EDGE ( 'NONE', *, *, #3252, .T. ) ;
#3358 = CARTESIAN_POINT ( 'NONE',  ( -0.4700000000000000300, 0.02999999999999997100, -0.2500000000000000000 ) ) ;
#3359 = CARTESIAN_POINT ( 'NONE',  ( 0.2500000000000000600, 0.2999999999999999900, -0.2500000000000000600 ) ) ;
#3360 = ORIENTED_EDGE ( 'NONE', *, *, #1815, .T. ) ;
#3361 = ADVANCED_FACE ( 'NONE', ( #217 ), #2240, .T. ) ;
#3362 = EDGE_LOOP ( 'NONE', ( #3835, #797, #5184, #4048 ) ) ;
#3363 = ORIENTED_EDGE ( 'NONE', *, *, #5343, .F. ) ;
#3364 = ORIENTED_EDGE ( 'NONE', *, *, #4916, .F. ) ;
#3365 = CARTESIAN_POINT ( 'NONE',  ( 0.5000000000000000000, 0.2999999999999999900, 0.2500000000000000000 ) ) ;
#3366 = EDGE_CURVE ( 'NONE', #3428, #2768, #232, .T. ) ;
#3367 = CARTESIAN_POINT ( 'NONE',  ( 8.000000000000007100, 0.8500000000000096400, -6.249999999999955600 ) ) ;
#3368 = EDGE_LOOP ( 'NONE', ( #5372, #4108, #242, #1829 ) ) ;
#3369 = VECTOR ( 'NONE', #560, 1000.000000000000000 ) ;
#3370 = EDGE_CURVE ( 'NONE', #1596, #2696, #246, .T. ) ;
#3371 = VERTEX_POINT ( 'NONE', #3068 ) ;
#3372 = CARTESIAN_POINT ( 'NONE',  ( 0.2500000000000000600, 0.2999999999999999900, -0.2500000000000000600 ) ) ;
#3373 = VERTEX_POINT ( 'NONE', #3748 ) ;
#3374 = CYLINDRICAL_SURFACE ( 'NONE', #3329, 0.2250000000000030300 ) ;
#3375 = ORIENTED_EDGE ( 'NONE', *, *, #4720, .F. ) ;
#3376 = EDGE_CURVE ( 'NONE', #2005, #2538, #212, .T. ) ;
#3377 = DIRECTION ( 'NONE',  ( 0.0000000000000000000, 0.0000000000000000000, 1.000000000000000000 ) ) ;
#3378 = DIRECTION ( 'NONE',  ( 1.000000000000000000, 0.0000000000000000000, 0.0000000000000000000 ) ) ;
#3379 = CARTESIAN_POINT ( 'NONE',  ( -0.5000000000000000000, 0.2999999999999999900, -0.2499999999999999400 ) ) ;
#3380 = EDGE_CURVE ( 'NONE', #3845, #4150, #237, .T. ) ;
#3381 = ORIENTED_EDGE ( 'NONE', *, *, #3322, .F. ) ;
#3382 = PRODUCT_CONTEXT ( 'NONE', #199, 'mechanical' ) ;
#3383 = LINE ( 'NONE', #2012, #2723 ) ;
#3384 = DIRECTION ( 'NONE',  ( -1.000000000000000000, 0.0000000000000000000, 0.0000000000000000000 ) ) ;
#3385 = FACE_OUTER_BOUND ( 'NONE', #5360, .T. ) ;
#3386 = PLANE ( 'NONE',  #1633 ) ;
#3387 = DIRECTION ( 'NONE',  ( 0.0000000000000000000, 1.000000000000000000, 0.0000000000000000000 ) ) ;
#3388 = ORIENTED_EDGE ( 'NONE', *, *, #4772, .F. ) ;
#3389 = AXIS2_PLACEMENT_3D ( 'NONE', #4930, #4496, #4383 ) ;
#3390 = PLANE ( 'NONE',  #2106 ) ;
#3391 = LINE ( 'NONE', #2848, #4881 ) ;
#3392 = CARTESIAN_POINT ( 'NONE',  ( -8.049999999999981200, -0.1749999707401153600, 4.624999910120174600 ) ) ;
#3393 = CARTESIAN_POINT ( 'NONE',  ( -5.749999999999976900, 1.249999999999999800, 4.250000000000032000 ) ) ;
#3394 = EDGE_CURVE ( 'NONE', #1977, #5252, #198, .T. ) ;
#3395 = VERTEX_POINT ( 'NONE', #2411 ) ;
#3396 = LINE ( 'NONE', #2412, #5145 ) ;
#3397 = FILL_AREA_STYLE_COLOUR ( '', #82 ) ;
#3398 = DIRECTION ( 'NONE',  ( -1.000000000000000000, 0.0000000000000000000, -0.0000000000000000000 ) ) ;
#3399 = ORIENTED_EDGE ( 'NONE', *, *, #2389, .F. ) ;
#3400 = LINE ( 'NONE', #2317, #4325 ) ;
#3401 = PRODUCT_DEFINITION_SHAPE ( 'NONE', 'NONE',  #5414 ) ;
#3402 = VECTOR ( 'NONE', #1530, 1000.000000000000000 ) ;
#3403 = EDGE_CURVE ( 'NONE', #1311, #4842, #179, .T. ) ;
#3404 = FACE_OUTER_BOUND ( 'NONE', #117, .T. ) ;
#3405 = DIRECTION ( 'NONE',  ( 0.0000000000000000000, 0.0000000000000000000, -1.000000000000000000 ) ) ;
#3406 = ORIENTED_EDGE ( 'NONE', *, *, #4067, .F. ) ;
#3407 = CIRCLE ( 'NONE', #2698, 0.3000000753741666700 ) ;
#3408 = ORIENTED_EDGE ( 'NONE', *, *, #2958, .F. ) ;
#3409 = ORIENTED_EDGE ( 'NONE', *, *, #5185, .T. ) ;
#3410 = VECTOR ( 'NONE', #2653, 1000.000000000000000 ) ;
#3411 = DIRECTION ( 'NONE',  ( -0.0000000000000000000, -1.000000000000000000, -0.0000000000000000000 ) ) ;
#3412 = EDGE_CURVE ( 'NONE', #1870, #185, #164, .T. ) ;
#3413 = VECTOR ( 'NONE', #3331, 1000.000000000000000 ) ;
#3414 = ORIENTED_EDGE ( 'NONE', *, *, #2248, .F. ) ;
#3415 = VECTOR ( 'NONE', #936, 1000.000000000000000 ) ;
#3416 = AXIS2_PLACEMENT_3D ( 'NONE', #3995, #3223, #3499 ) ;
#3417 = CLOSED_SHELL ( 'NONE', ( #1282, #2627, #2763, #1109, #4615, #5326 ) ) ;
#3418 = DIRECTION ( 'NONE',  ( -1.000000000000000000, 0.0000000000000000000, 0.0000000000000000000 ) ) ;
#3419 = LINE ( 'NONE', #3257, #3413 ) ;
#3420 = DIRECTION ( 'NONE',  ( 1.000000000000000000, 0.0000000000000000000, -1.084202172485504100E-016 ) ) ;
#3421 = VERTEX_POINT ( 'NONE', #2108 ) ;
#3422 = ORIENTED_EDGE ( 'NONE', *, *, #2725, .F. ) ;
#3423 = DIRECTION ( 'NONE',  ( 0.0000000000000000000, 0.0000000000000000000, -1.000000000000000000 ) ) ;
#3424 = VECTOR ( 'NONE', #3225, 1000.000000000000000 ) ;
#3425 = FACE_OUTER_BOUND ( 'NONE', #295, .T. ) ;
#3426 = CARTESIAN_POINT ( 'NONE',  ( -8.049999999999979400, 1.245235987755982400, 6.049999940080101400 ) ) ;
#3427 = ORIENTED_EDGE ( 'NONE', *, *, #4761, .T. ) ;
#3428 = VERTEX_POINT ( 'NONE', #3465 ) ;
#3429 = EDGE_CURVE ( 'NONE', #1919, #744, #136, .T. ) ;
#3430 = DIRECTION ( 'NONE',  ( -0.0000000000000000000, 1.000000000000000000, -0.0000000000000000000 ) ) ;
#3431 = VECTOR ( 'NONE', #2913, 1000.000000000000000 ) ;
#3432 = VERTEX_POINT ( 'NONE', #2646 ) ;
#3433 = ORIENTED_EDGE ( 'NONE', *, *, #240, .T. ) ;
#3434 = ADVANCED_FACE ( 'NONE', ( #186 ), #3634, .F. ) ;
#3435 = VERTEX_POINT ( 'NONE', #2204 ) ;
#3436 = VECTOR ( 'NONE', #3076, 1000.000000000000000 ) ;
#3437 = DIRECTION ( 'NONE',  ( 1.000000000000000000, 0.0000000000000000000, 0.0000000000000000000 ) ) ;
#3438 = DIRECTION ( 'NONE',  ( 0.0000000000000000000, 0.0000000000000000000, 1.000000000000000000 ) ) ;
#3439 = VERTEX_POINT ( 'NONE', #211 ) ;
#3440 = EDGE_CURVE ( 'NONE', #3840, #1371, #143, .T. ) ;
#3441 = ORIENTED_EDGE ( 'NONE', *, *, #2959, .F. ) ;
#3442 = AXIS2_PLACEMENT_3D ( 'NONE', #2417, #3005, #3577 ) ;
#3443 = VECTOR ( 'NONE', #3486, 1000.000000000000000 ) ;
#3444 = LINE ( 'NONE', #4123, #4934 ) ;
#3445 = EDGE_LOOP ( 'NONE', ( #2363, #3375, #1008, #2093 ) ) ;
#3446 = LINE ( 'NONE', #792, #3431 ) ;
#3447 = PLANE ( 'NONE',  #122 ) ;
#3448 = ORIENTED_EDGE ( 'NONE', *, *, #1888, .T. ) ;
#3449 = ORIENTED_EDGE ( 'NONE', *, *, #4042, .F. ) ;
#3450 = FILL_AREA_STYLE_COLOUR ( '', #1799 ) ;
#3451 = ADVANCED_FACE ( 'NONE', ( #116 ), #4537, .F. ) ;
#3452 = CARTESIAN_POINT ( 'NONE',  ( -8.380715139640129200, 0.8500000000000069700, 6.199999999999944200 ) ) ;
#3453 = DIRECTION ( 'NONE',  ( -1.000000000000000000, 0.0000000000000000000, 0.0000000000000000000 ) ) ;
#3454 = EDGE_CURVE ( 'NONE', #732, #4367, #113, .T. ) ;
#3455 = DIRECTION ( 'NONE',  ( 1.233967089579051900E-031, 3.512786770612546000E-016, -1.000000000000000000 ) ) ;
#3456 = VECTOR ( 'NONE', #4505, 1000.000000000000000 ) ;
#3457 = DIRECTION ( 'NONE',  ( 0.0000000000000000000, 0.0000000000000000000, 1.000000000000000000 ) ) ;
#3458 = SURFACE_STYLE_FILL_AREA ( #2456 ) ;
#3459 = DIRECTION ( 'NONE',  ( 0.0000000000000000000, 0.0000000000000000000, 1.000000000000000000 ) ) ;
#3460 = PLANE ( 'NONE',  #2919 ) ;
#3461 = LINE ( 'NONE', #1966, #4347 ) ;
#3462 = EDGE_CURVE ( 'NONE', #3490, #3862, #126, .T. ) ;
#3463 = ORIENTED_EDGE ( 'NONE', *, *, #219, .T. ) ;
#3464 = EDGE_CURVE ( 'NONE', #301, #3999, #123, .T. ) ;
#3465 = CARTESIAN_POINT ( 'NONE',  ( -7.850000000000023600, 1.240000000000001300, -6.449999999999955800 ) ) ;
#3466 = VECTOR ( 'NONE', #3166, 1000.000000000000000 ) ;
#3467 = CARTESIAN_POINT ( 'NONE',  ( 7.850000000000030700, 1.240000000000000000, 6.240000000000010900 ) ) ;
#3468 = EDGE_LOOP ( 'NONE', ( #4219, #4404, #4007, #1266 ) ) ;
#3469 = PLANE ( 'NONE',  #4941 ) ;
#3470 = EDGE_LOOP ( 'NONE', ( #180, #5112, #3776, #1764 ) ) ;
#3471 = ADVANCED_FACE ( 'NONE', ( #73 ), #5084, .F. ) ;
#3472 = LINE ( 'NONE', #1286, #2804 ) ;
#3473 = FACE_OUTER_BOUND ( 'NONE', #4737, .T. ) ;
#3474 = EDGE_CURVE ( 'NONE', #5286, #1763, #9, .T. ) ;
#3475 = CARTESIAN_POINT ( 'NONE',  ( 7.850000000000023600, 1.450000000000000000, -25.84595613157522500 ) ) ;
#3476 = ORIENTED_EDGE ( 'NONE', *, *, #4578, .F. ) ;
#3477 = ORIENTED_EDGE ( 'NONE', *, *, #231, .F. ) ;
#3478 = DIRECTION ( 'NONE',  ( -1.000000000000000000, 0.0000000000000000000, 0.0000000000000000000 ) ) ;
#3479 = VECTOR ( 'NONE', #3650, 1000.000000000000000 ) ;
#3480 = ORIENTED_EDGE ( 'NONE', *, *, #2280, .F. ) ;
#3481 = LINE ( 'NONE', #4684, #3487 ) ;
#3482 = FACE_OUTER_BOUND ( 'NONE', #715, .T. ) ;
#3483 = DIRECTION ( 'NONE',  ( 1.000000000000000000, 0.0000000000000000000, 0.0000000000000000000 ) ) ;
#3484 = EDGE_LOOP ( 'NONE', ( #2220, #4381, #3090, #4292 ) ) ;
#3485 = SURFACE_SIDE_STYLE ('',( #399 ) ) ;
#3486 = DIRECTION ( 'NONE',  ( -0.0000000000000000000, 1.000000000000000000, -0.0000000000000000000 ) ) ;
#3487 = VECTOR ( 'NONE', #4389, 1000.000000000000000 ) ;
#3488 = DIRECTION ( 'NONE',  ( 0.0000000000000000000, -1.000000000000000000, -6.123233995736766000E-017 ) ) ;
#3489 = ORIENTED_EDGE ( 'NONE', *, *, #2780, .F. ) ;
#3490 = VERTEX_POINT ( 'NONE', #3286 ) ;
#3491 = ORIENTED_EDGE ( 'NONE', *, *, #1815, .F. ) ;
#3492 = EDGE_LOOP ( 'NONE', ( #1726, #4002, #4547, #153 ) ) ;
#3493 = ORIENTED_EDGE ( 'NONE', *, *, #85, .F. ) ;
#3494 = ORIENTED_EDGE ( 'NONE', *, *, #3811, .T. ) ;
#3495 = DIRECTION ( 'NONE',  ( -1.000000000000000000, -0.0000000000000000000, -0.0000000000000000000 ) ) ;
#3496 = ORIENTED_EDGE ( 'NONE', *, *, #3474, .F. ) ;
#3497 = DIRECTION ( 'NONE',  ( 0.0000000000000000000, 1.000000000000000000, 0.0000000000000000000 ) ) ;
#3498 = CARTESIAN_POINT ( 'NONE',  ( -0.4700000000000000300, 0.02999999999999997100, -0.2500000000000000000 ) ) ;
#3499 = DIRECTION ( 'NONE',  ( 0.0000000000000000000, -0.0000000000000000000, 1.000000000000000000 ) ) ;
#3500 = SHAPE_DEFINITION_REPRESENTATION ( #4469, #4308 ) ;
#3501 = EDGE_CURVE ( 'NONE', #626, #316, #24, .T. ) ;
#3502 =( NAMED_UNIT ( * ) PLANE_ANGLE_UNIT ( ) SI_UNIT ( $, .RADIAN. ) );
#3503 = VERTEX_POINT ( 'NONE', #2963 ) ;
#3504 = FACE_OUTER_BOUND ( 'NONE', #314, .T. ) ;
#3505 = CARTESIAN_POINT ( 'NONE',  ( 16.96596284229220300, 0.8499998115502563900, -6.200000033366436900 ) ) ;
#3506 = CARTESIAN_POINT ( 'NONE',  ( -8.249999999999978700, 0.2999998023103054300, -4.625000033366441200 ) ) ;
#3507 = DIRECTION ( 'NONE',  ( 0.0000000000000000000, 1.257045997084700100E-016, -1.000000000000000000 ) ) ;
#3508 = EDGE_CURVE ( 'NONE', #3937, #1566, #5399, .T. ) ;
#3509 = VECTOR ( 'NONE', #854, 1000.000000000000000 ) ;
#3510 = AXIS2_PLACEMENT_3D ( 'NONE', #3516, #4653, #5362 ) ;
#3511 = DIRECTION ( 'NONE',  ( 0.0000000000000000000, 0.0000000000000000000, 1.000000000000000000 ) ) ;
#3512 = CARTESIAN_POINT ( 'NONE',  ( 0.5000000000000000000, 0.0000000000000000000, -0.2500000000000000600 ) ) ;
#3513 = CARTESIAN_POINT ( 'NONE',  ( 16.96596284229220300, -0.1749999753600950900, 4.849999910120177800 ) ) ;
#3514 = LINE ( 'NONE', #3788, #3062 ) ;
#3515 = EDGE_CURVE ( 'NONE', #465, #2113, #5324, .T. ) ;
#3516 = CARTESIAN_POINT ( 'NONE',  ( -8.380715139640129200, -0.1749999999999911300, 2.199999999999939800 ) ) ;
#3517 = FACE_OUTER_BOUND ( 'NONE', #3362, .T. ) ;
#3518 = ORIENTED_EDGE ( 'NONE', *, *, #1407, .F. ) ;
#3519 =( LENGTH_UNIT ( ) NAMED_UNIT ( * ) SI_UNIT ( .MILLI., .METRE. ) );
#3520 = CARTESIAN_POINT ( 'NONE',  ( 2.350000000000018700, -6.938893903907228400E-015, -6.249999999999955600 ) ) ;
#3521 = EDGE_LOOP ( 'NONE', ( #2154, #1987, #4428, #121 ) ) ;
#3522 = PRESENTATION_STYLE_ASSIGNMENT (( #4551 ) ) ;
#3523 = VECTOR ( 'NONE', #4730, 1000.000000000000000 ) ;
#3524 = DIRECTION ( 'NONE',  ( 0.0000000000000000000, 1.000000000000000000, 0.0000000000000000000 ) ) ;
#3525 = CARTESIAN_POINT ( 'NONE',  ( 16.96596284229220300, 0.3000000200199318100, 6.199999910120138400 ) ) ;
#3526 = DIRECTION ( 'NONE',  ( 3.512786770612546000E-016, 1.000000000000000000, -0.0000000000000000000 ) ) ;
#3527 = DIRECTION ( 'NONE',  ( 0.0000000000000000000, 1.000000000000000000, 0.0000000000000000000 ) ) ;
#3528 = DIRECTION ( 'NONE',  ( -0.0000000000000000000, 1.000000000000000000, -0.0000000000000000000 ) ) ;
#3529 = EDGE_LOOP ( 'NONE', ( #4693, #1159, #4433, #547 ) ) ;
#3530 = EDGE_CURVE ( 'NONE', #4794, #3663, #5264, .T. ) ;
#3531 = CARTESIAN_POINT ( 'NONE',  ( -7.850000000000023600, 1.249999999999999800, -6.049999999999999800 ) ) ;
#3532 = LINE ( 'NONE', #5171, #3410 ) ;
#3533 = VERTEX_POINT ( 'NONE', #4832 ) ;
#3534 = CARTESIAN_POINT ( 'NONE',  ( 7.150036000000012500, 0.8000000000000000400, -1.949958999999994200 ) ) ;
#3535 = PRESENTATION_STYLE_ASSIGNMENT (( #158 ) ) ;
#3536 = EDGE_CURVE ( 'NONE', #2581, #2461, #5179, .T. ) ;
#3537 = PRESENTATION_LAYER_ASSIGNMENT (  '', '', ( #2875 ) ) ;
#3538 = DIRECTION ( 'NONE',  ( 1.000000000000000000, 0.0000000000000000000, 0.0000000000000000000 ) ) ;
#3539 = DIRECTION ( 'NONE',  ( -1.000000000000000000, 0.0000000000000000000, -0.0000000000000000000 ) ) ;
#3540 = CIRCLE ( 'NONE', #3969, 0.2250000000000029800 ) ;
#3541 = VECTOR ( 'NONE', #5330, 1000.000000000000000 ) ;
#3542 = PLANE ( 'NONE',  #5406 ) ;
#3543 = DIRECTION ( 'NONE',  ( 0.0000000000000000000, 0.0000000000000000000, 1.000000000000000000 ) ) ;
#3544 = CYLINDRICAL_SURFACE ( 'NONE', #2972, 0.2250000000000030300 ) ;
#3545 = CARTESIAN_POINT ( 'NONE',  ( 16.96596284229220300, -0.1750001930697180100, -4.850000033366442600 ) ) ;
#3546 = MECHANICAL_DESIGN_GEOMETRIC_PRESENTATION_REPRESENTATION (  '', ( #4273 ), #3272 ) ;
#3547 = ORIENTED_EDGE ( 'NONE', *, *, #2655, .F. ) ;
#3548 = VECTOR ( 'NONE', #4310, 1000.000000000000000 ) ;
#3549 = ORIENTED_EDGE ( 'NONE', *, *, #1595, .T. ) ;
#3550 = VERTEX_POINT ( 'NONE', #4806 ) ;
#3551 = ORIENTED_EDGE ( 'NONE', *, *, #555, .T. ) ;
#3552 = LINE ( 'NONE', #2925, #3466 ) ;
#3553 = ADVANCED_FACE ( 'NONE', ( #5129 ), #2474, .T. ) ;
#3554 = FACE_OUTER_BOUND ( 'NONE', #4192, .T. ) ;
#3555 = CARTESIAN_POINT ( 'NONE',  ( 7.850000000000023600, 0.8500000000000096400, 6.250000000000010700 ) ) ;
#3556 = VECTOR ( 'NONE', #292, 1000.000000000000000 ) ;
#3557 = PLANE ( 'NONE',  #5255 ) ;
#3558 = ORIENTED_EDGE ( 'NONE', *, *, #4933, .T. ) ;
#3559 = CARTESIAN_POINT ( 'NONE',  ( 0.2500000000000000600, 0.0000000000000000000, -0.2500000000000000600 ) ) ;
#3560 = PRESENTATION_LAYER_ASSIGNMENT (  '', '', ( #3032 ) ) ;
#3561 = ADVANCED_FACE ( 'NONE', ( #5291 ), #3386, .F. ) ;
#3562 = CARTESIAN_POINT ( 'NONE',  ( 8.000000000000007100, 0.2999999999999877800, -6.449999999999955800 ) ) ;
#3563 = LINE ( 'NONE', #1618, #3130 ) ;
#3564 = DIRECTION ( 'NONE',  ( 0.0000000000000000000, 0.0000000000000000000, -1.000000000000000000 ) ) ;
#3565 = ORIENTED_EDGE ( 'NONE', *, *, #1143, .F. ) ;
#3566 = VERTEX_POINT ( 'NONE', #3153 ) ;
#3567 = ORIENTED_EDGE ( 'NONE', *, *, #1731, .T. ) ;
#3568 = EDGE_CURVE ( 'NONE', #4501, #2245, #5352, .T. ) ;
#3569 = AXIS2_PLACEMENT_3D ( 'NONE', #849, #3317, #4272 ) ;
#3570 = DIRECTION ( 'NONE',  ( -1.000000000000000000, 0.0000000000000000000, 0.0000000000000000000 ) ) ;
#3571 = CARTESIAN_POINT ( 'NONE',  ( -8.249999999999978700, -0.1749999707401153600, 4.624999910120174600 ) ) ;
#3572 = EDGE_LOOP ( 'NONE', ( #184, #1958, #4001, #1670 ) ) ;
#3573 = EDGE_CURVE ( 'NONE', #2909, #5393, #4984, .T. ) ;
#3574 = CARTESIAN_POINT ( 'NONE',  ( 7.850000000000023600, 0.8500000000000096400, -6.449999999999955800 ) ) ;
#3575 = AXIS2_PLACEMENT_3D ( 'NONE', #4903, #2373, #5403 ) ;
#3576 = ORIENTED_EDGE ( 'NONE', *, *, #3515, .F. ) ;
#3577 = DIRECTION ( 'NONE',  ( 0.0000000000000000000, 0.0000000000000000000, 1.000000000000000000 ) ) ;
#3578 = MECHANICAL_DESIGN_GEOMETRIC_PRESENTATION_REPRESENTATION (  '', ( #1836 ), #3310 ) ;
#3579 = DIRECTION ( 'NONE',  ( -1.000000000000000000, -0.0000000000000000000, 0.0000000000000000000 ) ) ;
#3580 = VECTOR ( 'NONE', #925, 1000.000000000000000 ) ;
#3581 = DIRECTION ( 'NONE',  ( -1.000000000000000000, 0.0000000000000000000, 0.0000000000000000000 ) ) ;
#3582 = CONTEXT_DEPENDENT_SHAPE_REPRESENTATION ( #4368, #2424 ) ;
#3583 = ORIENTED_EDGE ( 'NONE', *, *, #2140, .F. ) ;
#3584 = ORIENTED_EDGE ( 'NONE', *, *, #4172, .F. ) ;
#3585 = CARTESIAN_POINT ( 'NONE',  ( -0.4700000000000000300, 0.02999999999999997100, 0.2500000000000000000 ) ) ;
#3586 = ORIENTED_EDGE ( 'NONE', *, *, #176, .T. ) ;
#3587 = CARTESIAN_POINT ( 'NONE',  ( -5.749999999999976900, 1.450000000000000000, 3.950000000000009100 ) ) ;
#3588 = LINE ( 'NONE', #4285, #2942 ) ;
#3589 = LINE ( 'NONE', #1582, #3202 ) ;
#3590 = EDGE_CURVE ( 'NONE', #4876, #1919, #5232, .T. ) ;
#3591 = VECTOR ( 'NONE', #125, 1000.000000000000000 ) ;
#3592 = FACE_OUTER_BOUND ( 'NONE', #2380, .T. ) ;
#3593 = ADVANCED_FACE ( 'NONE', ( #4817 ), #4753, .F. ) ;
#3594 = LINE ( 'NONE', #3520, #3591 ) ;
#3595 = DIRECTION ( 'NONE',  ( 0.0000000000000000000, 0.0000000000000000000, -1.000000000000000000 ) ) ;
#3596 = CARTESIAN_POINT ( 'NONE',  ( -8.000000000000007100, 0.8500000000000096400, 6.450000000000011700 ) ) ;
#3597 = VECTOR ( 'NONE', #5274, 1000.000000000000000 ) ;
#3598 = EDGE_CURVE ( 'NONE', #2878, #3566, #4850, .T. ) ;
#3599 = ORIENTED_EDGE ( 'NONE', *, *, #4472, .F. ) ;
#3600 = DIRECTION ( 'NONE',  ( -1.000000000000000000, -0.0000000000000000000, 1.084202172485504200E-016 ) ) ;
#3601 = EDGE_LOOP ( 'NONE', ( #4332, #4056, #3665, #4986 ) ) ;
#3602 = AXIS2_PLACEMENT_3D ( 'NONE', #4051, #4538, #4574 ) ;
#3603 = ORIENTED_EDGE ( 'NONE', *, *, #3104, .T. ) ;
#3604 = ADVANCED_FACE ( 'NONE', ( #4802 ), #3780, .T. ) ;
#3605 = DIRECTION ( 'NONE',  ( 0.0000000000000000000, 3.717264591379042400E-015, 1.000000000000000000 ) ) ;
#3606 = FACE_BOUND ( 'NONE', #2547, .T. ) ;
#3607 = VERTEX_POINT ( 'NONE', #5339 ) ;
#3608 = VERTEX_POINT ( 'NONE', #3081 ) ;
#3609 = ORIENTED_EDGE ( 'NONE', *, *, #208, .T. ) ;
#3610 = DIRECTION ( 'NONE',  ( 1.000000000000000000, 0.0000000000000000000, -0.0000000000000000000 ) ) ;
#3611 = AXIS2_PLACEMENT_3D ( 'NONE', #3127, #1384, #622 ) ;
#3612 = DIRECTION ( 'NONE',  ( -1.000000000000000000, 0.0000000000000000000, 2.168404344971009100E-016 ) ) ;
#3613 = PLANE ( 'NONE',  #760 ) ;
#3614 = ADVANCED_FACE ( 'NONE', ( #4893 ), #2594, .F. ) ;
#3615 = ORIENTED_EDGE ( 'NONE', *, *, #1185, .T. ) ;
#3616 = EDGE_LOOP ( 'NONE', ( #4715, #471, #13, #475 ) ) ;
#3617 = DIRECTION ( 'NONE',  ( 0.0000000000000000000, 1.000000000000000000, -0.0000000000000000000 ) ) ;
#3618 = VERTEX_POINT ( 'NONE', #4588 ) ;
#3619 = CARTESIAN_POINT ( 'NONE',  ( 8.000000000000007100, 0.8500000000000096400, 6.450000000000011700 ) ) ;
#3620 = ADVANCED_FACE ( 'NONE', ( #4702 ), #4949, .T. ) ;
#3621 = VERTEX_POINT ( 'NONE', #4707 ) ;
#3622 = DIRECTION ( 'NONE',  ( 0.0000000000000000000, 0.0000000000000000000, -1.000000000000000000 ) ) ;
#3623 = DIRECTION ( 'NONE',  ( 0.0000000000000000000, 0.0000000000000000000, 1.000000000000000000 ) ) ;
#3624 = CARTESIAN_POINT ( 'NONE',  ( -8.249999999999978700, 1.294977871437821100, -6.050000027805379200 ) ) ;
#3625 = ORIENTED_EDGE ( 'NONE', *, *, #55, .T. ) ;
#3626 = EDGE_CURVE ( 'NONE', #3924, #3490, #4738, .T. ) ;
#3627 = CARTESIAN_POINT ( 'NONE',  ( 16.96596284229220300, 0.2999998115502614500, -6.200000033366434200 ) ) ;
#3628 = EDGE_CURVE ( 'NONE', #4370, #1173, #4706, .T. ) ;
#3629 = UNCERTAINTY_MEASURE_WITH_UNIT (LENGTH_MEASURE( 1.000000000000000100E-005 ), #4716, 'distance_accuracy_value', 'NONE');
#3630 = ORIENTED_EDGE ( 'NONE', *, *, #4263, .T. ) ;
#3631 = CARTESIAN_POINT ( 'NONE',  ( 0.0000000000000000000, 0.0000000000000000000, 0.0000000000000000000 ) ) ;
#3632 = EDGE_LOOP ( 'NONE', ( #2442, #2348, #3198, #848 ) ) ;
#3633 = LINE ( 'NONE', #3281, #3443 ) ;
#3634 = PLANE ( 'NONE',  #2117 ) ;
#3635 = FACE_OUTER_BOUND ( 'NONE', #4694, .T. ) ;
#3636 = AXIS2_PLACEMENT_3D ( 'NONE', #277, #244, #1116 ) ;
#3637 = DIRECTION ( 'NONE',  ( 0.0000000000000000000, 0.0000000000000000000, -1.000000000000000000 ) ) ;
#3638 = DIRECTION ( 'NONE',  ( 0.0000000000000000000, 0.0000000000000000000, -1.000000000000000000 ) ) ;
#3639 = ORIENTED_EDGE ( 'NONE', *, *, #1544, .T. ) ;
#3640 = ADVANCED_FACE ( 'NONE', ( #4619 ), #4489, .F. ) ;
#3641 = APPLICATION_CONTEXT ( 'automotive_design' ) ;
#3642 = DIRECTION ( 'NONE',  ( -0.0000000000000000000, -0.0000000000000000000, -1.000000000000000000 ) ) ;
#3643 = ORIENTED_EDGE ( 'NONE', *, *, #3994, .T. ) ;
#3644 = ORIENTED_EDGE ( 'NONE', *, *, #2632, .F. ) ;
#3645 = ADVANCED_FACE ( 'NONE', ( #4552 ), #4096, .F. ) ;
#3646 = DIRECTION ( 'NONE',  ( -1.000000000000000000, 0.0000000000000000000, 0.0000000000000000000 ) ) ;
#3647 = CARTESIAN_POINT ( 'NONE',  ( 0.0000000000000000000, 0.8000000000000000400, 0.0000000000000000000 ) ) ;
#3648 = SURFACE_SIDE_STYLE ('',( #4476 ) ) ;
#3649 = ADVANCED_FACE ( 'NONE', ( #4576 ), #4435, .T. ) ;
#3650 = DIRECTION ( 'NONE',  ( -0.0000000000000000000, 1.000000000000000000, -0.0000000000000000000 ) ) ;
#3651 = EDGE_CURVE ( 'NONE', #5384, #5051, #4441, .T. ) ;
#3652 = CYLINDRICAL_SURFACE ( 'NONE', #3221, 0.009999999999999592500 ) ;
#3653 = ORIENTED_EDGE ( 'NONE', *, *, #3168, .F. ) ;
#3654 = ORIENTED_EDGE ( 'NONE', *, *, #1996, .T. ) ;
#3655 = CARTESIAN_POINT ( 'NONE',  ( 7.850000000000023600, 1.240000000000000000, -6.239999999999955800 ) ) ;
#3656 = FACE_OUTER_BOUND ( 'NONE', #393, .T. ) ;
#3657 = CARTESIAN_POINT ( 'NONE',  ( -8.380715139640129200, -0.1749999999999911300, 1.974999999999909100 ) ) ;
#3658 = ORIENTED_EDGE ( 'NONE', *, *, #2638, .F. ) ;
#3659 = EDGE_CURVE ( 'NONE', #3694, #1527, #4448, .T. ) ;
#3660 = LINE ( 'NONE', #5189, #3597 ) ;
#3661 = CARTESIAN_POINT ( 'NONE',  ( 0.2500000000000000600, 0.5000000000000000000, 0.2500000000000000600 ) ) ;
#3662 = PRODUCT_RELATED_PRODUCT_CATEGORY ( 'part', '', ( #1141 ) ) ;
#3663 = VERTEX_POINT ( 'NONE', #3243 ) ;
#3664 = CARTESIAN_POINT ( 'NONE',  ( 8.250000000000035500, 0.3000000000000693200, 0.2499999999999876500 ) ) ;
#3665 = ORIENTED_EDGE ( 'NONE', *, *, #2443, .F. ) ;
#3666 = DIRECTION ( 'NONE',  ( 0.0000000000000000000, 0.0000000000000000000, 1.000000000000000000 ) ) ;
#3667 = EDGE_CURVE ( 'NONE', #4680, #3177, #4521, .T. ) ;
#3668 = DIRECTION ( 'NONE',  ( 0.0000000000000000000, -2.891204788747424200E-015, -1.000000000000000000 ) ) ;
#3669 = CARTESIAN_POINT ( 'NONE',  ( -8.380715139640129200, 0.3000000000000675500, 0.2499999999999876500 ) ) ;
#3670 = ORIENTED_EDGE ( 'NONE', *, *, #17, .T. ) ;
#3671 = FACE_OUTER_BOUND ( 'NONE', #4983, .T. ) ;
#3672 = ORIENTED_EDGE ( 'NONE', *, *, #2498, .F. ) ;
#3673 = SURFACE_STYLE_USAGE ( .BOTH. , #5175 ) ;
#3674 = EDGE_CURVE ( 'NONE', #4362, #732, #4358, .T. ) ;
#3675 = ADVANCED_FACE ( 'NONE', ( #4185 ), #5228, .T. ) ;
#3676 = PLANE ( 'NONE',  #3736 ) ;
#3677 = VERTEX_POINT ( 'NONE', #3372 ) ;
#3678 = CARTESIAN_POINT ( 'NONE',  ( -7.850000000000023600, 1.450000000000000000, -6.049999999999999800 ) ) ;
#3679 = ORIENTED_EDGE ( 'NONE', *, *, #3981, .F. ) ;
#3680 = LINE ( 'NONE', #1744, #3479 ) ;
#3681 = EDGE_CURVE ( 'NONE', #3663, #1200, #4331, .T. ) ;
#3682 = DIRECTION ( 'NONE',  ( -0.0000000000000000000, -0.0000000000000000000, -1.000000000000000000 ) ) ;
#3683 = DIRECTION ( 'NONE',  ( -1.000000000000000000, -0.0000000000000000000, -0.0000000000000000000 ) ) ;
#3684 = CARTESIAN_POINT ( 'NONE',  ( -0.5000000000000000000, -4.286263797015737200E-017, 0.2500000000000000000 ) ) ;
#3685 = ORIENTED_EDGE ( 'NONE', *, *, #3380, .T. ) ;
#3686 = ORIENTED_EDGE ( 'NONE', *, *, #2529, .F. ) ;
#3687 = LINE ( 'NONE', #1395, #3691 ) ;
#3688 = FACE_OUTER_BOUND ( 'NONE', #928, .T. ) ;
#3689 = EDGE_CURVE ( 'NONE', #1446, #662, #4418, .T. ) ;
#3690 = CARTESIAN_POINT ( 'NONE',  ( -10.70000400000000000, 0.8000000000000000400, 7.000112999999995400 ) ) ;
#3691 = VECTOR ( 'NONE', #2330, 1000.000000000000000 ) ;
#3692 = AXIS2_PLACEMENT_3D ( 'NONE', #4647, #4078, #3715 ) ;
#3693 = VECTOR ( 'NONE', #4855, 1000.000000000000000 ) ;
#3694 = VERTEX_POINT ( 'NONE', #1400 ) ;
#3695 = MANIFOLD_SOLID_BREP ( 'ﾎﾞｽ - 押し出し2', #877 ) ;
#3696 = VERTEX_POINT ( 'NONE', #3365 ) ;
#3697 = DIRECTION ( 'NONE',  ( 0.0000000000000000000, 0.0000000000000000000, -1.000000000000000000 ) ) ;
#3698 = EDGE_LOOP ( 'NONE', ( #4004, #1335, #4503, #1071 ) ) ;
#3699 = ORIENTED_EDGE ( 'NONE', *, *, #3651, .F. ) ;
#3700 = EDGE_CURVE ( 'NONE', #2768, #3778, #3777, .T. ) ;
#3701 =( LENGTH_UNIT ( ) NAMED_UNIT ( * ) SI_UNIT ( .MILLI., .METRE. ) );
#3702 = CARTESIAN_POINT ( 'NONE',  ( 8.000000000000007100, 0.8500000000000105200, -6.249999999999957400 ) ) ;
#3703 = CARTESIAN_POINT ( 'NONE',  ( 8.050000000000034500, 1.449999999999998200, -1.850000000000059200 ) ) ;
#3704 = UNCERTAINTY_MEASURE_WITH_UNIT (LENGTH_MEASURE( 1.000000000000000100E-005 ), #4878, 'distance_accuracy_value', 'NONE');
#3705 = VECTOR ( 'NONE', #2582, 1000.000000000000000 ) ;
#3706 = LINE ( 'NONE', #2948, #3523 ) ;
#3707 = EDGE_CURVE ( 'NONE', #1005, #465, #4088, .T. ) ;
#3708 = ORIENTED_EDGE ( 'NONE', *, *, #924, .T. ) ;
#3709 = VECTOR ( 'NONE', #2714, 1000.000000000000000 ) ;
#3710 = DIRECTION ( 'NONE',  ( -1.000000000000000000, 0.0000000000000000000, -0.0000000000000000000 ) ) ;
#3711 = ORIENTED_EDGE ( 'NONE', *, *, #4963, .F. ) ;
#3712 = FACE_OUTER_BOUND ( 'NONE', #1249, .T. ) ;
#3713 = EDGE_LOOP ( 'NONE', ( #4698, #2684, #2109, #3245 ) ) ;
#3714 = ORIENTED_EDGE ( 'NONE', *, *, #1273, .T. ) ;
#3715 = DIRECTION ( 'NONE',  ( 0.0000000000000000000, -0.0000000000000000000, -1.000000000000000000 ) ) ;
#3716 = LINE ( 'NONE', #2606, #3705 ) ;
#3717 = DIRECTION ( 'NONE',  ( 1.000000000000000000, 0.0000000000000000000, 0.0000000000000000000 ) ) ;
#3718 = DIRECTION ( 'NONE',  ( 0.0000000000000000000, 3.637323417370868500E-015, 1.000000000000000000 ) ) ;
#3719 = VECTOR ( 'NONE', #3666, 1000.000000000000000 ) ;
#3720 = EDGE_CURVE ( 'NONE', #4842, #3976, #4095, .T. ) ;
#3721 = EDGE_CURVE ( 'NONE', #3371, #3869, #3759, .T. ) ;
#3722 = ADVANCED_FACE ( 'NONE', ( #3671 ), #4229, .T. ) ;
#3723 = ORIENTED_EDGE ( 'NONE', *, *, #2182, .T. ) ;
#3724 = ORIENTED_EDGE ( 'NONE', *, *, #1957, .T. ) ;
#3725 = DIRECTION ( 'NONE',  ( 0.0000000000000000000, -1.000000000000000000, 3.097720492815086500E-015 ) ) ;
#3726 = ORIENTED_EDGE ( 'NONE', *, *, #5356, .F. ) ;
#3727 = VERTEX_POINT ( 'NONE', #2372 ) ;
#3728 = VERTEX_POINT ( 'NONE', #3911 ) ;
#3729 = EDGE_CURVE ( 'NONE', #4842, #2252, #3594, .T. ) ;
#3730 = LINE ( 'NONE', #4327, #3742 ) ;
#3731 = AXIS2_PLACEMENT_3D ( 'NONE', #4556, #5075, #4288 ) ;
#3732 = VECTOR ( 'NONE', #4515, 1000.000000000000000 ) ;
#3733 = ORIENTED_EDGE ( 'NONE', *, *, #5212, .T. ) ;
#3734 = ORIENTED_EDGE ( 'NONE', *, *, #2655, .T. ) ;
#3735 = CARTESIAN_POINT ( 'NONE',  ( 16.96596284229220300, -1.976897152922152400E-007, -3.850000033366470600 ) ) ;
#3736 = AXIS2_PLACEMENT_3D ( 'NONE', #3631, #5215, #5167 ) ;
#3737 = LINE ( 'NONE', #1990, #4209 ) ;
#3738 = ORIENTED_EDGE ( 'NONE', *, *, #3201, .T. ) ;
#3739 = VECTOR ( 'NONE', #608, 1000.000000000000000 ) ;
#3740 = CARTESIAN_POINT ( 'NONE',  ( -5.850000000000021800, -6.071532165918824800E-015, -25.84595613157522500 ) ) ;
#3741 = ORIENTED_EDGE ( 'NONE', *, *, #4655, .F. ) ;
#3742 = VECTOR ( 'NONE', #2923, 1000.000000000000000 ) ;
#3743 = LINE ( 'NONE', #856, #3739 ) ;
#3744 = DIRECTION ( 'NONE',  ( 0.0000000000000000000, -1.000000000000000000, 0.0000000000000000000 ) ) ;
#3745 = EDGE_CURVE ( 'NONE', #4669, #465, #3730, .T. ) ;
#3746 = LINE ( 'NONE', #4873, #3693 ) ;
#3747 = EDGE_CURVE ( 'NONE', #3951, #373, #3680, .T. ) ;
#3748 = CARTESIAN_POINT ( 'NONE',  ( -0.2500000000000000000, 0.02999999999999995400, 0.2500000000000000000 ) ) ;
#3749 = DIRECTION ( 'NONE',  ( 0.0000000000000000000, 1.000000000000000000, 0.0000000000000000000 ) ) ;
#3750 = EDGE_CURVE ( 'NONE', #5286, #4634, #3633, .T. ) ;
#3751 = ORIENTED_EDGE ( 'NONE', *, *, #802, .T. ) ;
#3752 = AXIS2_PLACEMENT_3D ( 'NONE', #2440, #943, #901 ) ;
#3753 = FILL_AREA_STYLE ('',( #2631 ) ) ;
#3754 = EDGE_LOOP ( 'NONE', ( #3408, #3850, #1620, #690 ) ) ;
#3755 = CARTESIAN_POINT ( 'NONE',  ( 8.000000000000007100, 0.2999999999999886600, 25.84595613157528100 ) ) ;
#3756 = EDGE_CURVE ( 'NONE', #2753, #566, #3532, .T. ) ;
#3757 = ORIENTED_EDGE ( 'NONE', *, *, #3185, .F. ) ;
#3758 = AXIS2_PLACEMENT_3D ( 'NONE', #1850, #1982, #2731 ) ;
#3759 = LINE ( 'NONE', #5225, #3709 ) ;
#3760 = DIRECTION ( 'NONE',  ( 1.084202172485504400E-016, 0.0000000000000000000, 1.000000000000000000 ) ) ;
#3761 = LINE ( 'NONE', #2420, #3424 ) ;
#3762 = ORIENTED_EDGE ( 'NONE', *, *, #1102, .F. ) ;
#3763 = VECTOR ( 'NONE', #4083, 1000.000000000000000 ) ;
#3764 = ADVANCED_FACE ( 'NONE', ( #3404 ), #2043, .F. ) ;
#3765 = FACE_OUTER_BOUND ( 'NONE', #2393, .T. ) ;
#3766 = DIRECTION ( 'NONE',  ( 0.0000000000000000000, -0.0000000000000000000, -1.000000000000000000 ) ) ;
#3767 = ORIENTED_EDGE ( 'NONE', *, *, #3454, .T. ) ;
#3768 = DIRECTION ( 'NONE',  ( -0.0000000000000000000, 1.000000000000000000, -0.0000000000000000000 ) ) ;
#3769 = VECTOR ( 'NONE', #2522, 1000.000000000000000 ) ;
#3770 = PRODUCT_DEFINITION_FORMATION_WITH_SPECIFIED_SOURCE ( 'ANY', '', #1141, .NOT_KNOWN. ) ;
#3771 = ORIENTED_EDGE ( 'NONE', *, *, #2035, .T. ) ;
#3772 = EDGE_CURVE ( 'NONE', #898, #2480, #3446, .T. ) ;
#3773 = ORIENTED_EDGE ( 'NONE', *, *, #3957, .T. ) ;
#3774 = ORIENTED_EDGE ( 'NONE', *, *, #1477, .T. ) ;
#3775 = CARTESIAN_POINT ( 'NONE',  ( -8.249999999999978700, 0.8499998115502563900, -6.200000033366436900 ) ) ;
#3776 = ORIENTED_EDGE ( 'NONE', *, *, #1358, .F. ) ;
#3777 = LINE ( 'NONE', #5096, #3763 ) ;
#3778 = VERTEX_POINT ( 'NONE', #5407 ) ;
#3779 = ORIENTED_EDGE ( 'NONE', *, *, #3981, .T. ) ;
#3780 = PLANE ( 'NONE',  #3569 ) ;
#3781 = EDGE_CURVE ( 'NONE', #491, #3992, #3311, .T. ) ;
#3782 = VECTOR ( 'NONE', #5108, 1000.000000000000000 ) ;
#3783 = AXIS2_PLACEMENT_3D ( 'NONE', #1404, #3622, #61 ) ;
#3784 = ORIENTED_EDGE ( 'NONE', *, *, #3235, .F. ) ;
#3785 = ADVANCED_FACE ( 'NONE', ( #3323 ), #550, .F. ) ;
#3786 = UNCERTAINTY_MEASURE_WITH_UNIT (LENGTH_MEASURE( 1.000000000000000100E-005 ), #3701, 'distance_accuracy_value', 'NONE');
#3787 = ORIENTED_EDGE ( 'NONE', *, *, #2649, .T. ) ;
#3788 = CARTESIAN_POINT ( 'NONE',  ( 0.2500000000000000000, 4.495703129515628400E-017, 0.2500000000000000000 ) ) ;
#3789 = CARTESIAN_POINT ( 'NONE',  ( -8.049999999999979400, 0.2999998023103054300, -4.625000033366441200 ) ) ;
#3790 = CARTESIAN_POINT ( 'NONE',  ( 0.2500000000000000600, 0.5000000000000000000, -0.2500000000000000600 ) ) ;
#3791 = VERTEX_POINT ( 'NONE', #174 ) ;
#3792 = PRESENTATION_LAYER_ASSIGNMENT (  '', '', ( #4273 ) ) ;
#3793 = ADVANCED_FACE ( 'NONE', ( #3342 ), #2715, .T. ) ;
#3794 = CARTESIAN_POINT ( 'NONE',  ( -0.2500000000000000600, 0.0000000000000000000, -0.2500000000000000000 ) ) ;
#3795 = DIRECTION ( 'NONE',  ( 0.0000000000000000000, 0.0000000000000000000, 1.000000000000000000 ) ) ;
#3796 = DIRECTION ( 'NONE',  ( 1.000000000000000000, 0.0000000000000000000, 2.168404344971009900E-016 ) ) ;
#3797 = CARTESIAN_POINT ( 'NONE',  ( 16.96596284229220300, 0.2999998115502649500, -5.075000033366447600 ) ) ;
#3798 = ORIENTED_EDGE ( 'NONE', *, *, #1677, .T. ) ;
#3799 = PRODUCT ( 'C6(MK105)', 'C6(MK105)', '', ( #3382 ) ) ;
#3800 = PRODUCT_RELATED_PRODUCT_CATEGORY ( 'part', '', ( #3129 ) ) ;
#3801 = ADVANCED_FACE ( 'NONE', ( #5062 ), #2838, .T. ) ;
#3802 = CARTESIAN_POINT ( 'NONE',  ( -8.039999999999979600, 1.449999999999998800, 6.049999999999999800 ) ) ;
#3803 = PLANE ( 'NONE',  #4333 ) ;
#3804 = MECHANICAL_DESIGN_GEOMETRIC_PRESENTATION_REPRESENTATION (  '', ( #3032 ), #4017 ) ;
#3805 = PRESENTATION_LAYER_ASSIGNMENT (  '', '', ( #4280 ) ) ;
#3806 = PRODUCT_DEFINITION_FORMATION_WITH_SPECIFIED_SOURCE ( 'ANY', '', #3129, .NOT_KNOWN. ) ;
#3807 = PLANE ( 'NONE',  #89 ) ;
#3808 = ORIENTED_EDGE ( 'NONE', *, *, #3720, .F. ) ;
#3809 = PRODUCT_RELATED_PRODUCT_CATEGORY ( 'part', '', ( #4147 ) ) ;
#3810 = LINE ( 'NONE', #2336, #3548 ) ;
#3811 = EDGE_CURVE ( 'NONE', #1977, #4501, #2928, .T. ) ;
#3812 = EDGE_CURVE ( 'NONE', #1257, #2423, #2143, .T. ) ;
#3813 = DIRECTION ( 'NONE',  ( 1.000000000000000000, 0.0000000000000000000, -0.0000000000000000000 ) ) ;
#3814 = DIRECTION ( 'NONE',  ( -1.000000000000000000, 0.0000000000000000000, 0.0000000000000000000 ) ) ;
#3815 = ORIENTED_EDGE ( 'NONE', *, *, #2212, .F. ) ;
#3816 = ORIENTED_EDGE ( 'NONE', *, *, #4472, .T. ) ;
#3817 = EDGE_CURVE ( 'NONE', #2114, #1787, #3314, .T. ) ;
#3818 = VERTEX_POINT ( 'NONE', #1933 ) ;
#3819 = AXIS2_PLACEMENT_3D ( 'NONE', #648, #2794, #59 ) ;
#3820 = DIRECTION ( 'NONE',  ( 1.000000000000000000, 0.0000000000000000000, 0.0000000000000000000 ) ) ;
#3821 = EDGE_LOOP ( 'NONE', ( #619, #1886, #4590, #2532 ) ) ;
#3822 = ADVANCED_FACE ( 'NONE', ( #3203 ), #4674, .F. ) ;
#3823 = FACE_OUTER_BOUND ( 'NONE', #4471, .T. ) ;
#3824 = ORIENTED_EDGE ( 'NONE', *, *, #2098, .F. ) ;
#3825 = CARTESIAN_POINT ( 'NONE',  ( -0.4700000000000000300, 0.3200000000000000100, 0.2500000000000000000 ) ) ;
#3826 = ORIENTED_EDGE ( 'NONE', *, *, #3454, .F. ) ;
#3827 = CARTESIAN_POINT ( 'NONE',  ( 0.2500000000000001100, 0.5000000000000000000, 0.2499999999999999400 ) ) ;
#3828 = EDGE_LOOP ( 'NONE', ( #603, #2037, #3925, #1145 ) ) ;
#3829 = LINE ( 'NONE', #2190, #3719 ) ;
#3830 = PRESENTATION_LAYER_ASSIGNMENT (  '', '', ( #1836 ) ) ;
#3831 =( NAMED_UNIT ( * ) PLANE_ANGLE_UNIT ( ) SI_UNIT ( $, .RADIAN. ) );
#3832 = VECTOR ( 'NONE', #140, 1000.000000000000000 ) ;
#3833 = FACE_OUTER_BOUND ( 'NONE', #5342, .T. ) ;
#3834 = DIRECTION ( 'NONE',  ( 0.0000000000000000000, -1.000000000000000000, 0.0000000000000000000 ) ) ;
#3835 = ORIENTED_EDGE ( 'NONE', *, *, #2862, .T. ) ;
#3836 = VERTEX_POINT ( 'NONE', #2173 ) ;
#3837 = DIRECTION ( 'NONE',  ( 0.0000000000000000000, 1.000000000000000000, -4.731064025391336600E-015 ) ) ;
#3838 = EDGE_CURVE ( 'NONE', #3791, #154, #3191, .T. ) ;
#3839 =( NAMED_UNIT ( * ) SI_UNIT ( $, .STERADIAN. ) SOLID_ANGLE_UNIT ( ) );
#3840 = VERTEX_POINT ( 'NONE', #1976 ) ;
#3841 = DIRECTION ( 'NONE',  ( 0.0000000000000000000, 0.0000000000000000000, 1.000000000000000000 ) ) ;
#3842 = ORIENTED_EDGE ( 'NONE', *, *, #3747, .T. ) ;
#3843 = CARTESIAN_POINT ( 'NONE',  ( -8.249999999999978700, 1.239999999999999800, 6.049999910120151400 ) ) ;
#3844 = EDGE_CURVE ( 'NONE', #2696, #897, #3176, .T. ) ;
#3845 = VERTEX_POINT ( 'NONE', #3943 ) ;
#3846 = AXIS2_PLACEMENT_3D ( 'NONE', #3961, #3841, #3813 ) ;
#3847 = SHAPE_REPRESENTATION ( '8_88MW300_MODULE基板（なし）', ( #2338 ), #1722 ) ;
#3848 = ADVANCED_FACE ( 'NONE', ( #3083 ), #2235, .T. ) ;
#3849 = PLANE ( 'NONE',  #3278 ) ;
#3850 = ORIENTED_EDGE ( 'NONE', *, *, #1248, .F. ) ;
#3851 = DIRECTION ( 'NONE',  ( -0.0000000000000000000, -1.000000000000000000, -0.0000000000000000000 ) ) ;
#3852 = CARTESIAN_POINT ( 'NONE',  ( 10.70000400000000000, 0.8000000000000000400, -7.000112999999995400 ) ) ;
#3853 = ORIENTED_EDGE ( 'NONE', *, *, #1595, .F. ) ;
#3854 = DIRECTION ( 'NONE',  ( 2.227218240273473000E-031, 3.637323417370868500E-015, 1.000000000000000000 ) ) ;
#3855 = DIRECTION ( 'NONE',  ( 0.0000000000000000000, 0.0000000000000000000, 1.000000000000000000 ) ) ;
#3856 = ORIENTED_EDGE ( 'NONE', *, *, #4720, .T. ) ;
#3857 = EDGE_LOOP ( 'NONE', ( #3923, #1813, #920, #1161, #1004, #1040, #3625, #4595, #631, #3733, #1740, #837 ) ) ;
#3858 = DIRECTION ( 'NONE',  ( 0.0000000000000000000, 0.0000000000000000000, 1.000000000000000000 ) ) ;
#3859 = CARTESIAN_POINT ( 'NONE',  ( 8.050000000000036200, 0.3000000000000675500, 4.449999999999970000 ) ) ;
#3860 = ORIENTED_EDGE ( 'NONE', *, *, #2590, .T. ) ;
#3861 = CARTESIAN_POINT ( 'NONE',  ( -7.850000000000023600, 1.450000000000000000, 25.84595613157528100 ) ) ;
#3862 = VERTEX_POINT ( 'NONE', #2351 ) ;
#3863 = PRODUCT_DEFINITION_FORMATION_WITH_SPECIFIED_SOURCE ( 'ANY', '', #4147, .NOT_KNOWN. ) ;
#3864 = VERTEX_POINT ( 'NONE', #2345 ) ;
#3865 = EDGE_CURVE ( 'NONE', #5310, #749, #4462, .T. ) ;
#3866 = EDGE_CURVE ( 'NONE', #1641, #4911, #1801, .T. ) ;
#3867 = FILL_AREA_STYLE ('',( #2364 ) ) ;
#3868 = LINE ( 'NONE', #1171, #3769 ) ;
#3869 = VERTEX_POINT ( 'NONE', #5195 ) ;
#3870 = DIRECTION ( 'NONE',  ( -0.0000000000000000000, -0.0000000000000000000, -1.000000000000000000 ) ) ;
#3871 = CARTESIAN_POINT ( 'NONE',  ( -0.2500000000000000600, 0.0000000000000000000, -0.2500000000000000000 ) ) ;
#3872 = LINE ( 'NONE', #1803, #4043 ) ;
#3873 = ORIENTED_EDGE ( 'NONE', *, *, #4234, .T. ) ;
#3874 = PRODUCT_RELATED_PRODUCT_CATEGORY ( 'part', '', ( #3799 ) ) ;
#3875 = ORIENTED_EDGE ( 'NONE', *, *, #1963, .F. ) ;
#3876 = CARTESIAN_POINT ( 'NONE',  ( 10.70000400000000000, 0.0000000000000000000, -7.000112999999995400 ) ) ;
#3877 = VECTOR ( 'NONE', #3074, 1000.000000000000000 ) ;
#3878 = EDGE_CURVE ( 'NONE', #3328, #2024, #3737, .T. ) ;
#3879 = FACE_OUTER_BOUND ( 'NONE', #5340, .T. ) ;
#3880 = ORIENTED_EDGE ( 'NONE', *, *, #2468, .T. ) ;
#3881 = CARTESIAN_POINT ( 'NONE',  ( -5.850000000000021800, -6.938893903907228400E-015, 6.250000000000010700 ) ) ;
#3882 = ORIENTED_EDGE ( 'NONE', *, *, #1782, .T. ) ;
#3883 = CARTESIAN_POINT ( 'NONE',  ( 2.350000000000018700, -6.071532165918824800E-015, 25.84595613157528100 ) ) ;
#3884 = CARTESIAN_POINT ( 'NONE',  ( -8.249999999999978700, -0.3999999753600981300, 4.849999910120177800 ) ) ;
#3885 = ITEM_DEFINED_TRANSFORMATION ( 'NONE', 'NONE', #4622,  #2338 ) ;
#3886 = DIRECTION ( 'NONE',  ( -0.0000000000000000000, -1.000000000000000000, -0.0000000000000000000 ) ) ;
#3887 = ADVANCED_FACE ( 'NONE', ( #317 ), #1562, .F. ) ;
#3888 = CARTESIAN_POINT ( 'NONE',  ( 16.96596284229220300, 0.8499998115502563900, -6.050000033366453400 ) ) ;
#3889 = PRODUCT_DEFINITION_FORMATION_WITH_SPECIFIED_SOURCE ( 'ANY', '', #3799, .NOT_KNOWN. ) ;
#3890 = DIRECTION ( 'NONE',  ( 1.000000000000000000, 0.0000000000000000000, 0.0000000000000000000 ) ) ;
#3891 = EDGE_CURVE ( 'NONE', #626, #2239, #2940, .T. ) ;
#3892 = SURFACE_STYLE_FILL_AREA ( #202 ) ;
#3893 = CARTESIAN_POINT ( 'NONE',  ( 0.2500000000000001100, 0.2999999999999999900, 0.2499999999999999400 ) ) ;
#3894 = VERTEX_POINT ( 'NONE', #682 ) ;
#3895 = PRODUCT_RELATED_PRODUCT_CATEGORY ( 'part', '', ( #3199 ) ) ;
#3896 = EDGE_CURVE ( 'NONE', #5207, #1654, #2967, .T. ) ;
#3897 = ORIENTED_EDGE ( 'NONE', *, *, #4607, .F. ) ;
#3898 = FILL_AREA_STYLE ('',( #3948 ) ) ;
#3899 = ADVANCED_FACE ( 'NONE', ( #2993 ), #1573, .F. ) ;
#3900 = AXIS2_PLACEMENT_3D ( 'NONE', #4558, #765, #1244 ) ;
#3901 = ORIENTED_EDGE ( 'NONE', *, *, #177, .T. ) ;
#3902 = CARTESIAN_POINT ( 'NONE',  ( 16.96596284229220300, 0.09999979615031399900, -1.450000330670053100 ) ) ;
#3903 = EDGE_LOOP ( 'NONE', ( #3933, #4464, #2760, #3142 ) ) ;
#3904 = VERTEX_POINT ( 'NONE', #2233 ) ;
#3905 = DIRECTION ( 'NONE',  ( 0.0000000000000000000, 0.0000000000000000000, 1.000000000000000000 ) ) ;
#3906 = VERTEX_POINT ( 'NONE', #4485 ) ;
#3907 = EDGE_CURVE ( 'NONE', #3373, #3864, #2845, .T. ) ;
#3908 = AXIS2_PLACEMENT_3D ( 'NONE', #5235, #2823, #5351 ) ;
#3909 = DIRECTION ( 'NONE',  ( 0.0000000000000000000, 0.0000000000000000000, 1.000000000000000000 ) ) ;
#3910 = ORIENTED_EDGE ( 'NONE', *, *, #5333, .F. ) ;
#3911 = CARTESIAN_POINT ( 'NONE',  ( 8.250000000000035500, -0.1749999999999893900, 1.974999999999909100 ) ) ;
#3912 = CYLINDRICAL_SURFACE ( 'NONE', #3510, 0.2250000000000307300 ) ;
#3913 = CARTESIAN_POINT ( 'NONE',  ( 0.5000000000000000000, 0.5000000000000000000, -0.2500000000000000600 ) ) ;
#3914 = DIRECTION ( 'NONE',  ( 0.0000000000000000000, -1.000000000000000000, 0.0000000000000000000 ) ) ;
#3915 = DIRECTION ( 'NONE',  ( 0.0000000000000000000, 1.000000000000000000, 0.0000000000000000000 ) ) ;
#3916 = EDGE_LOOP ( 'NONE', ( #800, #2413, #1828, #145 ) ) ;
#3917 = DIRECTION ( 'NONE',  ( -0.0000000000000000000, -1.000000000000000000, -0.0000000000000000000 ) ) ;
#3918 = PRODUCT_DEFINITION_FORMATION_WITH_SPECIFIED_SOURCE ( 'ANY', '', #3199, .NOT_KNOWN. ) ;
#3919 = CARTESIAN_POINT ( 'NONE',  ( 0.5000000000000000000, 0.2999999999999999900, -0.2500000000000000600 ) ) ;
#3920 = DIRECTION ( 'NONE',  ( -1.000000000000000000, 0.0000000000000000000, -0.0000000000000000000 ) ) ;
#3921 = VERTEX_POINT ( 'NONE', #1585 ) ;
#3922 = EDGE_CURVE ( 'NONE', #4611, #4659, #2937, .T. ) ;
#3923 = ORIENTED_EDGE ( 'NONE', *, *, #1499, .T. ) ;
#3924 = VERTEX_POINT ( 'NONE', #2840 ) ;
#3925 = ORIENTED_EDGE ( 'NONE', *, *, #2116, .F. ) ;
#3926 = FACE_OUTER_BOUND ( 'NONE', #2803, .T. ) ;
#3927 = CARTESIAN_POINT ( 'NONE',  ( 16.96596284229220300, 1.450000020019916100, 6.049999910120150500 ) ) ;
#3928 = CARTESIAN_POINT ( 'NONE',  ( 0.0000000000000000000, 1.450000000000000000, 0.0000000000000000000 ) ) ;
#3929 = EDGE_CURVE ( 'NONE', #5234, #4342, #2855, .T. ) ;
#3930 = AXIS2_PLACEMENT_3D ( 'NONE', #4248, #118, #2742 ) ;
#3931 = DIRECTION ( 'NONE',  ( -0.0000000000000000000, -0.0000000000000000000, -1.000000000000000000 ) ) ;
#3932 = FILL_AREA_STYLE_COLOUR ( '', #1450 ) ;
#3933 = ORIENTED_EDGE ( 'NONE', *, *, #1209, .T. ) ;
#3934 = VERTEX_POINT ( 'NONE', #3379 ) ;
#3935 = DIRECTION ( 'NONE',  ( 0.0000000000000000000, 1.000000000000000000, 0.0000000000000000000 ) ) ;
#3936 = FACE_OUTER_BOUND ( 'NONE', #4411, .T. ) ;
#3937 = VERTEX_POINT ( 'NONE', #1117 ) ;
#3938 = ORIENTED_EDGE ( 'NONE', *, *, #4423, .F. ) ;
#3939 = FACE_OUTER_BOUND ( 'NONE', #3601, .T. ) ;
#3940 = FACE_OUTER_BOUND ( 'NONE', #1176, .T. ) ;
#3941 = DIRECTION ( 'NONE',  ( 0.0000000000000000000, -7.228014483236155200E-016, 1.000000000000000000 ) ) ;
#3942 = ORIENTED_EDGE ( 'NONE', *, *, #2817, .F. ) ;
#3943 = CARTESIAN_POINT ( 'NONE',  ( -8.049999999999981200, 0.2999998023103054300, -4.625000033366441200 ) ) ;
#3944 = ORIENTED_EDGE ( 'NONE', *, *, #3598, .F. ) ;
#3945 = ORIENTED_EDGE ( 'NONE', *, *, #1687, .F. ) ;
#3946 = EDGE_CURVE ( 'NONE', #3818, #2407, #2712, .T. ) ;
#3947 = ORIENTED_EDGE ( 'NONE', *, *, #3023, .F. ) ;
#3948 = FILL_AREA_STYLE_COLOUR ( '', #4394 ) ;
#3949 = CARTESIAN_POINT ( 'NONE',  ( 0.2500000000000001100, 1.059016994374947200, 0.2499999999999999400 ) ) ;
#3950 = DIRECTION ( 'NONE',  ( -1.000000000000000000, 0.0000000000000000000, 0.0000000000000000000 ) ) ;
#3951 = VERTEX_POINT ( 'NONE', #323 ) ;
#3952 = ORIENTED_EDGE ( 'NONE', *, *, #524, .T. ) ;
#3953 = DIRECTION ( 'NONE',  ( 0.0000000000000000000, 1.000000000000000000, 0.0000000000000000000 ) ) ;
#3954 = DIRECTION ( 'NONE',  ( 0.0000000000000000000, 0.0000000000000000000, -1.000000000000000000 ) ) ;
#3955 = PRODUCT_RELATED_PRODUCT_CATEGORY ( 'part', '', ( #1506 ) ) ;
#3956 = CARTESIAN_POINT ( 'NONE',  ( 8.250000000000035500, 0.03000000000002132900, 4.449999999999970000 ) ) ;
#3957 = EDGE_CURVE ( 'NONE', #4501, #5223, #2901, .T. ) ;
#3958 = VERTEX_POINT ( 'NONE', #221 ) ;
#3959 = ORIENTED_EDGE ( 'NONE', *, *, #120, .T. ) ;
#3960 = EDGE_CURVE ( 'NONE', #4659, #2288, #2566, .T. ) ;
#3961 = CARTESIAN_POINT ( 'NONE',  ( 0.2500000000000000600, 1.059016994374947200, -0.2500000000000000600 ) ) ;
#3962 = ORIENTED_EDGE ( 'NONE', *, *, #3296, .T. ) ;
#3963 = DIRECTION ( 'NONE',  ( 1.000000000000000000, 0.0000000000000000000, 0.0000000000000000000 ) ) ;
#3964 = EDGE_CURVE ( 'NONE', #3371, #2368, #2598, .T. ) ;
#3965 = DIRECTION ( 'NONE',  ( -1.000000000000000000, -3.512786770612546000E-016, 0.0000000000000000000 ) ) ;
#3966 =( NAMED_UNIT ( * ) SI_UNIT ( $, .STERADIAN. ) SOLID_ANGLE_UNIT ( ) );
#3967 = DIRECTION ( 'NONE',  ( 0.0000000000000000000, -1.000000000000000000, 3.652049423109043600E-015 ) ) ;
#3968 = EDGE_LOOP ( 'NONE', ( #536, #4527, #4731, #4431 ) ) ;
#3969 = AXIS2_PLACEMENT_3D ( 'NONE', #1628, #162, #3283 ) ;
#3970 = CARTESIAN_POINT ( 'NONE',  ( -8.049999999999979400, 0.1000000354198192500, 1.449999834746017500 ) ) ;
#3971 = CARTESIAN_POINT ( 'NONE',  ( 8.000000000000007100, 0.8500000000000105200, -25.84595613157522500 ) ) ;
#3972 = PLANE ( 'NONE',  #1287 ) ;
#3973 = CARTESIAN_POINT ( 'NONE',  ( 2.350000000000018700, 0.2999999999999877800, -6.249999999999955600 ) ) ;
#3974 = VERTEX_POINT ( 'NONE', #3392 ) ;
#3975 = DIRECTION ( 'NONE',  ( 0.0000000000000000000, 0.0000000000000000000, -1.000000000000000000 ) ) ;
#3976 = VERTEX_POINT ( 'NONE', #1743 ) ;
#3977 = PRODUCT_DEFINITION_FORMATION_WITH_SPECIFIED_SOURCE ( 'ANY', '', #1506, .NOT_KNOWN. ) ;
#3978 = CARTESIAN_POINT ( 'NONE',  ( 8.250000000000035500, 0.3000000000000693200, 2.424999999999970500 ) ) ;
#3979 = CARTESIAN_POINT ( 'NONE',  ( -0.2500000000000000600, 0.5000000000000000000, -0.2500000000000000000 ) ) ;
#3980 = DIRECTION ( 'NONE',  ( -1.000000000000000000, 0.0000000000000000000, 0.0000000000000000000 ) ) ;
#3981 = EDGE_CURVE ( 'NONE', #3791, #1200, #2422, .T. ) ;
#3982 = LINE ( 'NONE', #2347, #4337 ) ;
#3983 = DIRECTION ( 'NONE',  ( 2.124423552260791400E-031, 3.469446951953653600E-015, 1.000000000000000000 ) ) ;
#3984 = LINE ( 'NONE', #2641, #3832 ) ;
#3985 = EDGE_CURVE ( 'NONE', #3034, #1880, #2465, .T. ) ;
#3986 = PRESENTATION_LAYER_ASSIGNMENT (  '', '', ( #4235 ) ) ;
#3987 = CARTESIAN_POINT ( 'NONE',  ( 8.000000000000007100, 0.2999999999999877800, -6.249999999999955600 ) ) ;
#3988 = ORIENTED_EDGE ( 'NONE', *, *, #3140, .F. ) ;
#3989 = ADVANCED_FACE ( 'NONE', ( #2457 ), #1528, .T. ) ;
#3990 = PLANE ( 'NONE',  #2264 ) ;
#3991 = ORIENTED_EDGE ( 'NONE', *, *, #4780, .T. ) ;
#3992 = VERTEX_POINT ( 'NONE', #4045 ) ;
#3993 = VERTEX_POINT ( 'NONE', #1333 ) ;
#3994 = EDGE_CURVE ( 'NONE', #1798, #32, #2328, .T. ) ;
#3995 = CARTESIAN_POINT ( 'NONE',  ( 0.0000000000000000000, 0.0000000000000000000, 0.0000000000000000000 ) ) ;
#3996 = CARTESIAN_POINT ( 'NONE',  ( 8.050000000000034500, 0.3000000000000693200, 1.974999999999909100 ) ) ;
#3997 = AXIS2_PLACEMENT_3D ( 'NONE', #3902, #4254, #4499 ) ;
#3998 = DIRECTION ( 'NONE',  ( -1.000000000000000000, -0.0000000000000000000, -0.0000000000000000000 ) ) ;
#3999 = VERTEX_POINT ( 'NONE', #4365 ) ;
#4000 = DIRECTION ( 'NONE',  ( 0.0000000000000000000, 0.0000000000000000000, 1.000000000000000000 ) ) ;
#4001 = ORIENTED_EDGE ( 'NONE', *, *, #2678, .F. ) ;
#4002 = ORIENTED_EDGE ( 'NONE', *, *, #3508, .F. ) ;
#4003 = DIRECTION ( 'NONE',  ( 0.0000000000000000000, 0.0000000000000000000, 1.000000000000000000 ) ) ;
#4004 = ORIENTED_EDGE ( 'NONE', *, *, #4744, .F. ) ;
#4005 = EDGE_CURVE ( 'NONE', #5176, #794, #2357, .T. ) ;
#4006 = CARTESIAN_POINT ( 'NONE',  ( -8.380715139640129200, 0.03000000000001959400, 6.199999999999944200 ) ) ;
#4007 = ORIENTED_EDGE ( 'NONE', *, *, #4160, .F. ) ;
#4008 = EDGE_CURVE ( 'NONE', #2114, #923, #2178, .T. ) ;
#4009 = VECTOR ( 'NONE', #2509, 1000.000000000000000 ) ;
#4010 = AXIS2_PLACEMENT_3D ( 'NONE', #3883, #2854, #3248 ) ;
#4011 = CARTESIAN_POINT ( 'NONE',  ( -0.4700000000000000300, 0.3200000000000000100, 0.2500000000000000000 ) ) ;
#4012 = DIRECTION ( 'NONE',  ( 0.0000000000000000000, 3.637323417370868500E-015, 1.000000000000000000 ) ) ;
#4013 = EDGE_CURVE ( 'NONE', #2839, #1080, #2361, .T. ) ;
#4014 = AXIS2_PLACEMENT_3D ( 'NONE', #2171, #1364, #4366 ) ;
#4015 = ORIENTED_EDGE ( 'NONE', *, *, #2517, .F. ) ;
#4016 = PRODUCT_DEFINITION ( 'UNKNOWN', '', #3977, #4236 ) ;
#4017 =( GEOMETRIC_REPRESENTATION_CONTEXT ( 3 ) GLOBAL_UNCERTAINTY_ASSIGNED_CONTEXT ( ( #1007 ) ) GLOBAL_UNIT_ASSIGNED_CONTEXT ( ( #1476, #1383, #588 ) ) REPRESENTATION_CONTEXT ( 'NONE', 'WORKASPACE' ) );
#4018 = AXIS2_PLACEMENT_3D ( 'NONE', #2319, #5243, #5221 ) ;
#4019 = DIRECTION ( 'NONE',  ( 1.000000000000000000, 0.0000000000000000000, 2.168404344971009900E-016 ) ) ;
#4020 = ORIENTED_EDGE ( 'NONE', *, *, #3162, .T. ) ;
#4021 = EDGE_LOOP ( 'NONE', ( #4129, #3409, #1632, #2617 ) ) ;
#4022 = CARTESIAN_POINT ( 'NONE',  ( 7.850000000000023600, -39.79214906653888300, -6.239999999999955800 ) ) ;
#4023 = CARTESIAN_POINT ( 'NONE',  ( -0.4700000000000000300, 0.02999999999999997100, 0.2500000000000000000 ) ) ;
#4024 = LINE ( 'NONE', #707, #1290 ) ;
#4025 = EDGE_LOOP ( 'NONE', ( #4343, #4282, #3897, #35 ) ) ;
#4026 = CARTESIAN_POINT ( 'NONE',  ( -8.039999999999979600, 1.249999999999999100, -6.049999999999999800 ) ) ;
#4027 = ADVANCED_FACE ( 'NONE', ( #2082 ), #1254, .T. ) ;
#4028 = ORIENTED_EDGE ( 'NONE', *, *, #3866, .F. ) ;
#4029 = DIRECTION ( 'NONE',  ( 0.0000000000000000000, -1.000000000000000000, 0.0000000000000000000 ) ) ;
#4030 = ORIENTED_EDGE ( 'NONE', *, *, #1996, .F. ) ;
#4031 = VECTOR ( 'NONE', #2467, 1000.000000000000000 ) ;
#4032 = CARTESIAN_POINT ( 'NONE',  ( -8.049999999999979400, 1.450000020019916100, 6.049999910120150500 ) ) ;
#4033 = CARTESIAN_POINT ( 'NONE',  ( 16.96596284229220300, 0.2999999897618180800, 1.226392895033261200 ) ) ;
#4034 = PLANE ( 'NONE',  #3846 ) ;
#4035 = ORIENTED_EDGE ( 'NONE', *, *, #902, .T. ) ;
#4036 = EDGE_CURVE ( 'NONE', #5176, #1750, #2680, .T. ) ;
#4037 = AXIS2_PLACEMENT_3D ( 'NONE', #4749, #4161, #3795 ) ;
#4038 = EDGE_LOOP ( 'NONE', ( #161, #1936, #3007, #4566 ) ) ;
#4039 = VECTOR ( 'NONE', #3152, 1000.000000000000000 ) ;
#4040 = VECTOR ( 'NONE', #1832, 1000.000000000000000 ) ;
#4041 = ADVANCED_FACE ( 'NONE', ( #1882 ), #4660, .T. ) ;
#4042 = EDGE_CURVE ( 'NONE', #4342, #491, #1968, .T. ) ;
#4043 = VECTOR ( 'NONE', #1101, 1000.000000000000000 ) ;
#4044 = AXIS2_PLACEMENT_3D ( 'NONE', #4438, #3105, #2151 ) ;
#4045 = CARTESIAN_POINT ( 'NONE',  ( 8.050000000000036200, 1.239999999999998000, -1.850000000000059200 ) ) ;
#4046 = EDGE_LOOP ( 'NONE', ( #3670, #663, #4914, #691 ) ) ;
#4047 = CARTESIAN_POINT ( 'NONE',  ( -0.2499999999999999400, 0.5000000000000000000, -0.2500000000000000000 ) ) ;
#4048 = ORIENTED_EDGE ( 'NONE', *, *, #1797, .T. ) ;
#4049 = CARTESIAN_POINT ( 'NONE',  ( -8.049999999999981200, -0.1749999799800748500, 5.074999910120152600 ) ) ;
#4050 = DIRECTION ( 'NONE',  ( 0.0000000000000000000, 1.000000000000000000, 0.0000000000000000000 ) ) ;
#4051 = CARTESIAN_POINT ( 'NONE',  ( 32.80216089254140100, 1.240000000000000000, 6.240000000000010900 ) ) ;
#4052 = CARTESIAN_POINT ( 'NONE',  ( 7.850000000000023600, -39.79214906653888300, -1.850000000000018300 ) ) ;
#4053 = EDGE_LOOP ( 'NONE', ( #4492, #825, #4103, #4020 ) ) ;
#4054 = CARTESIAN_POINT ( 'NONE',  ( 0.4700000000000000300, 0.02999999999999997100, -0.2500000000000000000 ) ) ;
#4055 = ORIENTED_EDGE ( 'NONE', *, *, #250, .F. ) ;
#4056 = ORIENTED_EDGE ( 'NONE', *, *, #5038, .F. ) ;
#4057 = CARTESIAN_POINT ( 'NONE',  ( 0.2500000000000001100, 0.2999999999999999900, 0.2499999999999999400 ) ) ;
#4058 = PLANE ( 'NONE',  #4146 ) ;
#4059 = ORIENTED_EDGE ( 'NONE', *, *, #2645, .T. ) ;
#4060 = PRESENTATION_STYLE_ASSIGNMENT (( #4097 ) ) ;
#4061 = ORIENTED_EDGE ( 'NONE', *, *, #4363, .F. ) ;
#4062 = DIRECTION ( 'NONE',  ( 0.0000000000000000000, -2.065146995210491900E-015, 1.000000000000000000 ) ) ;
#4063 = PLANE ( 'NONE',  #4295 ) ;
#4064 = CARTESIAN_POINT ( 'NONE',  ( 0.5000000000000000000, 0.0000000000000000000, -0.2500000000000000600 ) ) ;
#4065 = SURFACE_STYLE_FILL_AREA ( #3753 ) ;
#4066 = PLANE ( 'NONE',  #1917 ) ;
#4067 = EDGE_CURVE ( 'NONE', #3727, #4611, #1924, .T. ) ;
#4068 = ORIENTED_EDGE ( 'NONE', *, *, #3844, .F. ) ;
#4069 = DIRECTION ( 'NONE',  ( 1.084202172485504300E-016, 0.0000000000000000000, 1.000000000000000000 ) ) ;
#4070 = CARTESIAN_POINT ( 'NONE',  ( -8.380715139640129200, 0.3000000000000675500, 1.974999999999909100 ) ) ;
#4071 = ORIENTED_EDGE ( 'NONE', *, *, #156, .F. ) ;
#4072 = EDGE_CURVE ( 'NONE', #1107, #1626, #2016, .T. ) ;
#4073 = SURFACE_STYLE_FILL_AREA ( #93 ) ;
#4074 = VECTOR ( 'NONE', #3134, 1000.000000000000000 ) ;
#4075 = CARTESIAN_POINT ( 'NONE',  ( -8.249999999999978700, 0.03000002925983638600, 3.749999910120186200 ) ) ;
#4076 = ORIENTED_EDGE ( 'NONE', *, *, #5152, .T. ) ;
#4077 = PLANE ( 'NONE',  #2792 ) ;
#4078 = DIRECTION ( 'NONE',  ( 0.0000000000000000000, -1.000000000000000000, 0.0000000000000000000 ) ) ;
#4079 = CARTESIAN_POINT ( 'NONE',  ( -8.380715139640129200, 0.3000000000000675500, 2.424999999999970500 ) ) ;
#4080 = CARTESIAN_POINT ( 'NONE',  ( -0.2500000000000000000, 0.02999999999999995400, -0.2500000000000000000 ) ) ;
#4081 = AXIS2_PLACEMENT_3D ( 'NONE', #1856, #3139, #3036 ) ;
#4082 = CIRCLE ( 'NONE', #4136, 0.2099999999999992400 ) ;
#4083 = DIRECTION ( 'NONE',  ( 1.000000000000000000, 0.0000000000000000000, 0.0000000000000000000 ) ) ;
#4084 = CARTESIAN_POINT ( 'NONE',  ( -8.000000000000007100, 0.2999999999999877800, -6.449999999999955800 ) ) ;
#4085 = ORIENTED_EDGE ( 'NONE', *, *, #1939, .T. ) ;
#4086 = LINE ( 'NONE', #671, #2916 ) ;
#4087 = DIRECTION ( 'NONE',  ( 1.000000000000000000, 0.0000000000000000000, 0.0000000000000000000 ) ) ;
#4088 = LINE ( 'NONE', #5115, #4180 ) ;
#4089 = EDGE_LOOP ( 'NONE', ( #2576, #3144, #3171, #3066 ) ) ;
#4090 = ORIENTED_EDGE ( 'NONE', *, *, #5246, .F. ) ;
#4091 = DIRECTION ( 'NONE',  ( 0.0000000000000000000, 2.891205793294729500E-015, 1.000000000000000000 ) ) ;
#4092 = CARTESIAN_POINT ( 'NONE',  ( 7.850000000000023600, -39.79214906653888300, 6.049999999999999800 ) ) ;
#4093 = VECTOR ( 'NONE', #2047, 1000.000000000000000 ) ;
#4094 = ADVANCED_FACE ( 'NONE', ( #1681 ), #4132, .T. ) ;
#4095 = LINE ( 'NONE', #4796, #3732 ) ;
#4096 = PLANE ( 'NONE',  #5268 ) ;
#4097 = SURFACE_STYLE_USAGE ( .BOTH. , #1833 ) ;
#4098 = FACE_OUTER_BOUND ( 'NONE', #2295, .T. ) ;
#4099 = EDGE_CURVE ( 'NONE', #2245, #4403, #1639, .T. ) ;
#4100 = CARTESIAN_POINT ( 'NONE',  ( -0.2500000000000000000, 0.0000000000000000000, 0.2500000000000000000 ) ) ;
#4101 = EDGE_CURVE ( 'NONE', #3608, #3371, #1635, .T. ) ;
#4102 = COLOUR_RGB ( '',0.7921568627450980000, 0.8196078431372548800, 0.9333333333333333500 ) ;
#4103 = ORIENTED_EDGE ( 'NONE', *, *, #5185, .F. ) ;
#4104 = VERTEX_POINT ( 'NONE', #3664 ) ;
#4105 = DIRECTION ( 'NONE',  ( -0.0000000000000000000, 0.0000000000000000000, -1.000000000000000000 ) ) ;
#4106 = ORIENTED_EDGE ( 'NONE', *, *, #5026, .F. ) ;
#4107 = AXIS2_PLACEMENT_3D ( 'NONE', #2550, #256, #260 ) ;
#4108 = ORIENTED_EDGE ( 'NONE', *, *, #1957, .F. ) ;
#4109 = PLANE ( 'NONE',  #3692 ) ;
#4110 = CARTESIAN_POINT ( 'NONE',  ( 8.250000000000035500, -39.79214906653888300, -6.049999999999999800 ) ) ;
#4111 = DIRECTION ( 'NONE',  ( 0.0000000000000000000, 0.0000000000000000000, -1.000000000000000000 ) ) ;
#4112 = DIRECTION ( 'NONE',  ( 0.0000000000000000000, 1.000000000000000000, 0.0000000000000000000 ) ) ;
#4113 = VECTOR ( 'NONE', #4770, 1000.000000000000000 ) ;
#4114 = VERTEX_POINT ( 'NONE', #1599 ) ;
#4115 = LINE ( 'NONE', #939, #2341 ) ;
#4116 = ORIENTED_EDGE ( 'NONE', *, *, #3474, .T. ) ;
#4117 = ORIENTED_EDGE ( 'NONE', *, *, #326, .F. ) ;
#4118 =( NAMED_UNIT ( * ) PLANE_ANGLE_UNIT ( ) SI_UNIT ( $, .RADIAN. ) );
#4119 = CARTESIAN_POINT ( 'NONE',  ( -0.5000000000000000000, 0.5000000000000000000, -0.2499999999999999400 ) ) ;
#4120 = VERTEX_POINT ( 'NONE', #3876 ) ;
#4121 = DIRECTION ( 'NONE',  ( -1.000000000000000000, 0.0000000000000000000, 0.0000000000000000000 ) ) ;
#4122 = ORIENTED_EDGE ( 'NONE', *, *, #17, .F. ) ;
#4123 = CARTESIAN_POINT ( 'NONE',  ( 10.70000400000000000, 0.0000000000000000000, -7.000112999999995400 ) ) ;
#4124 = DIRECTION ( 'NONE',  ( -1.000000000000000000, 0.0000000000000000000, -0.0000000000000000000 ) ) ;
#4125 = CARTESIAN_POINT ( 'NONE',  ( -8.249999999999978700, 1.249999999999999300, -6.049999999999999800 ) ) ;
#4126 = CARTESIAN_POINT ( 'NONE',  ( -8.249999999999978700, 0.2999998023103054300, -4.625000033366441200 ) ) ;
#4127 = EDGE_LOOP ( 'NONE', ( #1312, #2596, #668, #562 ) ) ;
#4128 = EDGE_CURVE ( 'NONE', #4876, #3618, #1513, .T. ) ;
#4129 = ORIENTED_EDGE ( 'NONE', *, *, #3501, .T. ) ;
#4130 = CARTESIAN_POINT ( 'NONE',  ( -8.380715139640129200, 0.3000000000000675500, 1.974999999999909100 ) ) ;
#4131 = CARTESIAN_POINT ( 'NONE',  ( -0.5000000000000000000, 0.0000000000000000000, -0.2499999999999999400 ) ) ;
#4132 = PLANE ( 'NONE',  #1264 ) ;
#4133 = ADVANCED_FACE ( 'NONE', ( #1522 ), #40, .T. ) ;
#4134 = EDGE_CURVE ( 'NONE', #1920, #3428, #1418, .T. ) ;
#4135 = SURFACE_STYLE_USAGE ( .BOTH. , #3648 ) ;
#4136 = AXIS2_PLACEMENT_3D ( 'NONE', #3467, #3453, #3438 ) ;
#4137 = DIRECTION ( 'NONE',  ( -1.000000000000000000, 0.0000000000000000000, 0.0000000000000000000 ) ) ;
#4138 = DIRECTION ( 'NONE',  ( -1.000000000000000000, 0.0000000000000000000, 0.0000000000000000000 ) ) ;
#4139 = ADVANCED_FACE ( 'NONE', ( #1373 ), #4063, .T. ) ;
#4140 = EDGE_LOOP ( 'NONE', ( #3551, #2755, #1099, #955 ) ) ;
#4141 = LINE ( 'NONE', #1659, #4031 ) ;
#4142 = PRESENTATION_STYLE_ASSIGNMENT (( #78 ) ) ;
#4143 = CARTESIAN_POINT ( 'NONE',  ( -8.049999999999981200, 0.09999980231028236800, -1.750000033366425200 ) ) ;
#4144 = CARTESIAN_POINT ( 'NONE',  ( 4.450000000000009900, 0.2999999999999877800, 6.250000000000010700 ) ) ;
#4145 = EDGE_CURVE ( 'NONE', #3608, #3728, #1330, .T. ) ;
#4146 = AXIS2_PLACEMENT_3D ( 'NONE', #1035, #679, #1855 ) ;
#4147 = PRODUCT ( 'L1、L2(HK1005)', 'L1、L2(HK1005)', '', ( #2202 ) ) ;
#4148 = COLOUR_RGB ( '',0.7921568627450980000, 0.8196078431372548800, 0.9333333333333333500 ) ;
#4149 = DIRECTION ( 'NONE',  ( 0.0000000000000000000, 0.0000000000000000000, -1.000000000000000000 ) ) ;
#4150 = VERTEX_POINT ( 'NONE', #5031 ) ;
#4151 = PLANE ( 'NONE',  #4536 ) ;
#4152 = SURFACE_SIDE_STYLE ('',( #5116 ) ) ;
#4153 = DIRECTION ( 'NONE',  ( -1.000000000000000000, 0.0000000000000000000, 0.0000000000000000000 ) ) ;
#4154 = EDGE_LOOP ( 'NONE', ( #1213, #4427, #3302, #3771, #5398, #4852, #2843, #4220, #29, #1682, #677, #4318, #2120, #271 ) ) ;
#4155 = PRODUCT_DEFINITION_SHAPE ( 'NONE', 'NONE',  #5416 ) ;
#4156 = LINE ( 'NONE', #388, #3250 ) ;
#4157 = ORIENTED_EDGE ( 'NONE', *, *, #2479, .T. ) ;
#4158 = ORIENTED_EDGE ( 'NONE', *, *, #3262, .T. ) ;
#4159 = CARTESIAN_POINT ( 'NONE',  ( -7.850000000000009400, 1.240000000000000000, 6.240000000000010900 ) ) ;
#4160 = EDGE_CURVE ( 'NONE', #2878, #2820, #1422, .T. ) ;
#4161 = DIRECTION ( 'NONE',  ( 0.0000000000000000000, 1.000000000000000000, -0.0000000000000000000 ) ) ;
#4162 = UNCERTAINTY_MEASURE_WITH_UNIT (LENGTH_MEASURE( 1.000000000000000100E-005 ), #268, 'distance_accuracy_value', 'NONE');
#4163 = DIRECTION ( 'NONE',  ( 1.000000000000000000, 0.0000000000000000000, 0.0000000000000000000 ) ) ;
#4164 = ADVANCED_FACE ( 'NONE', ( #1301 ), #4998, .F. ) ;
#4165 = PRODUCT_DEFINITION ( 'UNKNOWN', '', #3770, #1645 ) ;
#4166 = CARTESIAN_POINT ( 'NONE',  ( -3.749999999999975600, 0.2999999999999886600, 25.84595613157528100 ) ) ;
#4167 = ORIENTED_EDGE ( 'NONE', *, *, #4160, .T. ) ;
#4168 = DIRECTION ( 'NONE',  ( -0.0000000000000000000, -0.0000000000000000000, -1.000000000000000000 ) ) ;
#4169 = ORIENTED_EDGE ( 'NONE', *, *, #2610, .F. ) ;
#4170 = CARTESIAN_POINT ( 'NONE',  ( 8.250000000000035500, 0.03000000000002132900, 4.449999999999970000 ) ) ;
#4171 = SURFACE_STYLE_FILL_AREA ( #189 ) ;
#4172 = EDGE_CURVE ( 'NONE', #4104, #3236, #1405, .T. ) ;
#4173 = AXIS2_PLACEMENT_3D ( 'NONE', #4110, #640, #2167 ) ;
#4174 = VERTEX_POINT ( 'NONE', #1388 ) ;
#4175 = DIRECTION ( 'NONE',  ( -0.0000000000000000000, 1.000000000000000000, -0.0000000000000000000 ) ) ;
#4176 = LINE ( 'NONE', #4217, #3556 ) ;
#4177 = VERTEX_POINT ( 'NONE', #1642 ) ;
#4178 = CARTESIAN_POINT ( 'NONE',  ( -8.000000000000007100, 0.2999999999999877800, -6.449999999999955800 ) ) ;
#4179 = AXIS2_PLACEMENT_3D ( 'NONE', #1328, #2885, #5299 ) ;
#4180 = VECTOR ( 'NONE', #3238, 1000.000000000000000 ) ;
#4181 = ORIENTED_EDGE ( 'NONE', *, *, #2767, .F. ) ;
#4182 = FILL_AREA_STYLE_COLOUR ( '', #4526 ) ;
#4183 = CARTESIAN_POINT ( 'NONE',  ( -5.850000000000021800, -6.071532165918824800E-015, -25.84595613157522500 ) ) ;
#4184 = AXIS2_PLACEMENT_3D ( 'NONE', #5316, #2950, #819 ) ;
#4185 = FACE_OUTER_BOUND ( 'NONE', #761, .T. ) ;
#4186 = ORIENTED_EDGE ( 'NONE', *, *, #2004, .F. ) ;
#4187 = CARTESIAN_POINT ( 'NONE',  ( -3.749999999999975600, 0.2999999999999877800, -6.249999999999955600 ) ) ;
#4188 = ORIENTED_EDGE ( 'NONE', *, *, #3370, .T. ) ;
#4189 = CARTESIAN_POINT ( 'NONE',  ( -0.5000000000000000000, 0.5000000000000000000, 0.2500000000000000600 ) ) ;
#4190 = ADVANCED_FACE ( 'NONE', ( #1096, #1064 ), #1967, .T. ) ;
#4191 = ORIENTED_EDGE ( 'NONE', *, *, #5109, .T. ) ;
#4192 = EDGE_LOOP ( 'NONE', ( #3726, #2188, #1950, #4626 ) ) ;
#4193 = CARTESIAN_POINT ( 'NONE',  ( 7.850000000000023600, 1.240000000000000700, 25.84595613157528100 ) ) ;
#4194 = PRODUCT_DEFINITION ( 'UNKNOWN', '', #3806, #4535 ) ;
#4195 = EDGE_CURVE ( 'NONE', #5400, #5252, #998, .T. ) ;
#4196 = EDGE_CURVE ( 'NONE', #794, #102, #992, .T. ) ;
#4197 = CARTESIAN_POINT ( 'NONE',  ( -0.2499999999999999400, 0.5000000000000000000, 0.2500000000000000000 ) ) ;
#4198 = ORIENTED_EDGE ( 'NONE', *, *, #4072, .F. ) ;
#4199 = CARTESIAN_POINT ( 'NONE',  ( 4.450000000000009900, 0.2999999999999886600, -25.84595613157522500 ) ) ;
#4200 = VECTOR ( 'NONE', #637, 1000.000000000000000 ) ;
#4201 = EDGE_CURVE ( 'NONE', #4150, #846, #1212, .T. ) ;
#4202 = CARTESIAN_POINT ( 'NONE',  ( 0.2500000000000000000, 0.02999999999999995400, -0.2500000000000000000 ) ) ;
#4203 = ORIENTED_EDGE ( 'NONE', *, *, #681, .T. ) ;
#4204 = DIRECTION ( 'NONE',  ( 0.0000000000000000000, 1.000000000000000000, -0.0000000000000000000 ) ) ;
#4205 = AXIS2_PLACEMENT_3D ( 'NONE', #4130, #3697, #4549 ) ;
#4206 = DIRECTION ( 'NONE',  ( 0.0000000000000000000, -1.000000000000000000, 3.637323417370868500E-015 ) ) ;
#4207 = FACE_OUTER_BOUND ( 'NONE', #3150, .T. ) ;
#4208 = LINE ( 'NONE', #4092, #4040 ) ;
#4209 = VECTOR ( 'NONE', #4781, 1000.000000000000000 ) ;
#4210 = ORIENTED_EDGE ( 'NONE', *, *, #3536, .T. ) ;
#4211 = VECTOR ( 'NONE', #195, 1000.000000000000000 ) ;
#4212 = ADVANCED_FACE ( 'NONE', ( #946 ), #2000, .T. ) ;
#4213 = CARTESIAN_POINT ( 'NONE',  ( 0.2500000000000000600, 0.5000000000000000000, -0.2500000000000000600 ) ) ;
#4214 = AXIS2_PLACEMENT_3D ( 'NONE', #3647, #3617, #2083 ) ;
#4215 = ORIENTED_EDGE ( 'NONE', *, *, #5143, .T. ) ;
#4216 = CARTESIAN_POINT ( 'NONE',  ( -8.039999999999979600, 1.450000000000000000, 6.049999955060076000 ) ) ;
#4217 = CARTESIAN_POINT ( 'NONE',  ( -0.4700000000000000300, 0.3200000000000000100, 0.2500000000000000000 ) ) ;
#4218 = DIRECTION ( 'NONE',  ( 0.0000000000000000000, -1.000000000000000000, -1.070816960479511100E-016 ) ) ;
#4219 = ORIENTED_EDGE ( 'NONE', *, *, #114, .T. ) ;
#4220 = ORIENTED_EDGE ( 'NONE', *, *, #4385, .T. ) ;
#4221 = AXIS2_PLACEMENT_3D ( 'NONE', #2366, #2621, #2387 ) ;
#4222 = CARTESIAN_POINT ( 'NONE',  ( 0.2500000000000001100, 0.0000000000000000000, 0.2499999999999999400 ) ) ;
#4223 = VECTOR ( 'NONE', #4579, 1000.000000000000000 ) ;
#4224 = ORIENTED_EDGE ( 'NONE', *, *, #1907, .T. ) ;
#4225 = PRODUCT_DEFINITION ( 'UNKNOWN', '', #3863, #628 ) ;
#4226 = EDGE_CURVE ( 'NONE', #3727, #898, #984, .T. ) ;
#4227 = CARTESIAN_POINT ( 'NONE',  ( -8.049999999999979400, -0.1749999707401153600, 4.624999910120147100 ) ) ;
#4228 = DIRECTION ( 'NONE',  ( 0.0000000000000000000, 0.0000000000000000000, -1.000000000000000000 ) ) ;
#4229 = PLANE ( 'NONE',  #1298 ) ;
#4230 = ORIENTED_EDGE ( 'NONE', *, *, #2165, .F. ) ;
#4231 = ADVANCED_FACE ( 'NONE', ( #777 ), #2867, .T. ) ;
#4232 = ORIENTED_EDGE ( 'NONE', *, *, #5212, .F. ) ;
#4233 = VECTOR ( 'NONE', #175, 1000.000000000000000 ) ;
#4234 = EDGE_CURVE ( 'NONE', #4714, #791, #746, .T. ) ;
#4235 = STYLED_ITEM ( 'NONE', ( #2721 ), #1424 ) ;
#4236 = PRODUCT_DEFINITION_CONTEXT ( 'detailed design', #4789, 'design' ) ;
#4237 = DIRECTION ( 'NONE',  ( -0.0000000000000000000, -0.0000000000000000000, -1.000000000000000000 ) ) ;
#4238 = VECTOR ( 'NONE', #3411, 1000.000000000000000 ) ;
#4239 = DIRECTION ( 'NONE',  ( -1.000000000000000000, -7.700299520493638400E-017, -0.0000000000000000000 ) ) ;
#4240 = FACE_OUTER_BOUND ( 'NONE', #160, .T. ) ;
#4241 = DIRECTION ( 'NONE',  ( -6.556862815619655000E-033, 1.070816960479511100E-016, -1.000000000000000000 ) ) ;
#4242 = CARTESIAN_POINT ( 'NONE',  ( -8.249999999999978700, -0.1750001976896977700, -4.625000033366439400 ) ) ;
#4243 = EDGE_CURVE ( 'NONE', #1371, #103, #731, .T. ) ;
#4244 = EDGE_CURVE ( 'NONE', #3993, #5051, #700, .T. ) ;
#4245 = DIRECTION ( 'NONE',  ( -0.0000000000000000000, -0.0000000000000000000, 1.000000000000000000 ) ) ;
#4246 = PRODUCT_DEFINITION_SHAPE ( 'NONE', 'NONE',  #4194 ) ;
#4247 = ADVANCED_FACE ( 'NONE', ( #590 ), #245, .T. ) ;
#4248 = CARTESIAN_POINT ( 'NONE',  ( -8.380715139640129200, 0.03000000000001959400, 6.199999999999944200 ) ) ;
#4249 = DIRECTION ( 'NONE',  ( 0.0000000000000000000, -0.0000000000000000000, -1.000000000000000000 ) ) ;
#4250 = CARTESIAN_POINT ( 'NONE',  ( 4.450000000000009900, 0.2999999999999886600, 25.84595613157528100 ) ) ;
#4251 = ORIENTED_EDGE ( 'NONE', *, *, #1209, .F. ) ;
#4252 = VECTOR ( 'NONE', #518, 1000.000000000000000 ) ;
#4253 =( NAMED_UNIT ( * ) PLANE_ANGLE_UNIT ( ) SI_UNIT ( $, .RADIAN. ) );
#4254 = DIRECTION ( 'NONE',  ( -1.000000000000000000, 0.0000000000000000000, 0.0000000000000000000 ) ) ;
#4255 = CARTESIAN_POINT ( 'NONE',  ( 0.2500000000000000000, 0.02999999999999995400, -0.2500000000000000000 ) ) ;
#4256 = EDGE_CURVE ( 'NONE', #4885, #3607, #820, .T. ) ;
#4257 = ORIENTED_EDGE ( 'NONE', *, *, #2498, .T. ) ;
#4258 = DIRECTION ( 'NONE',  ( 0.0000000000000000000, 1.000000000000000000, 6.123233995736766000E-017 ) ) ;
#4259 = ORIENTED_EDGE ( 'NONE', *, *, #2255, .F. ) ;
#4260 = ADVANCED_FACE ( 'NONE', ( #498 ), #438, .T. ) ;
#4261 = FILL_AREA_STYLE_COLOUR ( '', #479 ) ;
#4262 = DIRECTION ( 'NONE',  ( 0.0000000000000000000, 0.0000000000000000000, 1.000000000000000000 ) ) ;
#4263 = EDGE_CURVE ( 'NONE', #4774, #4370, #101, .T. ) ;
#4264 = ORIENTED_EDGE ( 'NONE', *, *, #4780, .F. ) ;
#4265 = ORIENTED_EDGE ( 'NONE', *, *, #77, .F. ) ;
#4266 = AXIS2_PLACEMENT_3D ( 'NONE', #1305, #1294, #680 ) ;
#4267 = DIRECTION ( 'NONE',  ( 0.0000000000000000000, -1.000000000000000000, 0.0000000000000000000 ) ) ;
#4268 = VECTOR ( 'NONE', #214, 1000.000000000000000 ) ;
#4269 = EDGE_CURVE ( 'NONE', #2286, #3992, #466, .T. ) ;
#4270 = DIRECTION ( 'NONE',  ( 0.0000000000000000000, 0.0000000000000000000, 1.000000000000000000 ) ) ;
#4271 = VECTOR ( 'NONE', #1411, 1000.000000000000000 ) ;
#4272 = DIRECTION ( 'NONE',  ( 6.123233995736766000E-017, 1.000000000000000000, -3.652049423109043600E-015 ) ) ;
#4273 = STYLED_ITEM ( 'NONE', ( #1785 ), #2397 ) ;
#4274 = CARTESIAN_POINT ( 'NONE',  ( 2.350000000000018700, -6.071532165918824800E-015, 25.84595613157528100 ) ) ;
#4275 = DIRECTION ( 'NONE',  ( 0.0000000000000000000, -1.000000000000000000, -6.123233995736766000E-017 ) ) ;
#4276 = FACE_OUTER_BOUND ( 'NONE', #2034, .T. ) ;
#4277 = MANIFOLD_SOLID_BREP ( 'ﾎﾞｽ - 押し出し2[1]', #2525 ) ;
#4278 = CARTESIAN_POINT ( 'NONE',  ( 0.2500000000000000000, 4.495703129515628400E-017, 0.2500000000000000000 ) ) ;
#4279 = PLANE ( 'NONE',  #4798 ) ;
#4280 = STYLED_ITEM ( 'NONE', ( #4962 ), #4422 ) ;
#4281 = FACE_OUTER_BOUND ( 'NONE', #531, .T. ) ;
#4282 = ORIENTED_EDGE ( 'NONE', *, *, #868, .F. ) ;
#4283 = DIRECTION ( 'NONE',  ( 0.0000000000000000000, 1.000000000000000000, 0.0000000000000000000 ) ) ;
#4284 = CARTESIAN_POINT ( 'NONE',  ( 2.350000000000018700, 0.2999999999999877800, 6.450000000000011700 ) ) ;
#4285 = CARTESIAN_POINT ( 'NONE',  ( -0.5000000000000000000, 0.3499999999999999200, 0.2500000000000000000 ) ) ;
#4286 = DIRECTION ( 'NONE',  ( -1.000000000000000000, 0.0000000000000000000, 0.0000000000000000000 ) ) ;
#4287 = EDGE_LOOP ( 'NONE', ( #4686, #1610, #2850, #5404 ) ) ;
#4288 = DIRECTION ( 'NONE',  ( -6.123233995736766000E-017, -1.000000000000000000, 3.097720492815085700E-015 ) ) ;
#4289 = DIRECTION ( 'NONE',  ( -0.0000000000000000000, -0.0000000000000000000, -1.000000000000000000 ) ) ;
#4290 = CARTESIAN_POINT ( 'NONE',  ( 8.040000000000034700, 1.239999999999999500, -1.850000000000084200 ) ) ;
#4291 = ORIENTED_EDGE ( 'NONE', *, *, #5343, .T. ) ;
#4292 = ORIENTED_EDGE ( 'NONE', *, *, #3053, .F. ) ;
#4293 = CARTESIAN_POINT ( 'NONE',  ( -0.2500000000000000600, 0.0000000000000000000, 0.2500000000000000000 ) ) ;
#4294 = EDGE_CURVE ( 'NONE', #433, #1285, #938, .T. ) ;
#4295 = AXIS2_PLACEMENT_3D ( 'NONE', #519, #5260, #3983 ) ;
#4296 = CARTESIAN_POINT ( 'NONE',  ( -8.249999999999978700, -0.1750001930697180100, -4.850000033366442600 ) ) ;
#4297 = ORIENTED_EDGE ( 'NONE', *, *, #1248, .T. ) ;
#4298 = ORIENTED_EDGE ( 'NONE', *, *, #4467, .F. ) ;
#4299 = SHAPE_REPRESENTATION ( 'L1、L2(HK1005)', ( #2338 ), #5376 ) ;
#4300 = ORIENTED_EDGE ( 'NONE', *, *, #4101, .T. ) ;
#4301 = DIRECTION ( 'NONE',  ( 0.0000000000000000000, 1.000000000000000000, -3.652049423109043600E-015 ) ) ;
#4302 = EDGE_CURVE ( 'NONE', #1994, #696, #431, .T. ) ;
#4303 = VECTOR ( 'NONE', #2003, 1000.000000000000000 ) ;
#4304 = CARTESIAN_POINT ( 'NONE',  ( 0.4700000000000000300, 0.02999999999999997100, 0.2500000000000000000 ) ) ;
#4305 = DIRECTION ( 'NONE',  ( -0.0000000000000000000, -1.000000000000000000, -0.0000000000000000000 ) ) ;
#4306 = VERTEX_POINT ( 'NONE', #1879 ) ;
#4307 = ORIENTED_EDGE ( 'NONE', *, *, #2756, .T. ) ;
#4308 = SHAPE_REPRESENTATION ( '8_88MW300_MODULE', ( #4421, #4635, #4622, #4572, #4560, #4530, #4513 ), #4465 ) ;
#4309 = DIRECTION ( 'NONE',  ( 0.0000000000000000000, -3.614007241618746000E-015, -1.000000000000000000 ) ) ;
#4310 = DIRECTION ( 'NONE',  ( -0.0000000000000000000, 1.000000000000000000, -0.0000000000000000000 ) ) ;
#4311 = ORIENTED_EDGE ( 'NONE', *, *, #5396, .T. ) ;
#4312 = VERTEX_POINT ( 'NONE', #2704 ) ;
#4313 = MECHANICAL_DESIGN_GEOMETRIC_PRESENTATION_REPRESENTATION (  '', ( #1491 ), #4625 ) ;
#4314 = DIRECTION ( 'NONE',  ( 1.000000000000000000, 3.512786770612546000E-016, -0.0000000000000000000 ) ) ;
#4315 = DIRECTION ( 'NONE',  ( 0.0000000000000000000, 0.0000000000000000000, 1.000000000000000000 ) ) ;
#4316 = CARTESIAN_POINT ( 'NONE',  ( 10.70000400000000000, 0.8000000000000000400, -7.000112999999995400 ) ) ;
#4317 = CARTESIAN_POINT ( 'NONE',  ( 16.96596284229220300, 0.2999998023103054300, -4.625000033366441200 ) ) ;
#4318 = ORIENTED_EDGE ( 'NONE', *, *, #4172, .T. ) ;
#4319 = DIRECTION ( 'NONE',  ( 1.000000000000000000, 0.0000000000000000000, 0.0000000000000000000 ) ) ;
#4320 = CARTESIAN_POINT ( 'NONE',  ( 8.250000000000035500, 1.249999999999999300, -1.850000000000018300 ) ) ;
#4321 = DIRECTION ( 'NONE',  ( -1.000000000000000000, 0.0000000000000000000, -2.168404344971009600E-016 ) ) ;
#4322 = ORIENTED_EDGE ( 'NONE', *, *, #4013, .T. ) ;
#4323 = EDGE_CURVE ( 'NONE', #878, #2878, #5354, .T. ) ;
#4324 = ORIENTED_EDGE ( 'NONE', *, *, #2918, .F. ) ;
#4325 = VECTOR ( 'NONE', #5093, 1000.000000000000000 ) ;
#4326 = DIRECTION ( 'NONE',  ( -1.000000000000000000, 0.0000000000000000000, 0.0000000000000000000 ) ) ;
#4327 = CARTESIAN_POINT ( 'NONE',  ( -8.249999999999978700, 0.03000002925983638600, 3.749999910120186200 ) ) ;
#4328 = LINE ( 'NONE', #5029, #2553 ) ;
#4329 = ORIENTED_EDGE ( 'NONE', *, *, #3252, .F. ) ;
#4330 = EDGE_CURVE ( 'NONE', #2184, #1210, #5359, .T. ) ;
#4331 = LINE ( 'NONE', #3978, #4113 ) ;
#4332 = ORIENTED_EDGE ( 'NONE', *, *, #1061, .T. ) ;
#4333 = AXIS2_PLACEMENT_3D ( 'NONE', #1428, #3941, #2049 ) ;
#4334 = DIRECTION ( 'NONE',  ( -1.000000000000000000, 0.0000000000000000000, 0.0000000000000000000 ) ) ;
#4335 = DIRECTION ( 'NONE',  ( 0.0000000000000000000, -1.000000000000000000, -7.228014483236155200E-016 ) ) ;
#4336 = DIRECTION ( 'NONE',  ( 1.000000000000000000, 0.0000000000000000000, 0.0000000000000000000 ) ) ;
#4337 = VECTOR ( 'NONE', #1868, 1000.000000000000000 ) ;
#4338 = ORIENTED_EDGE ( 'NONE', *, *, #2396, .F. ) ;
#4339 = ORIENTED_EDGE ( 'NONE', *, *, #600, .F. ) ;
#4340 = VERTEX_POINT ( 'NONE', #933 ) ;
#4341 = DIRECTION ( 'NONE',  ( 2.168404344971009600E-016, 0.0000000000000000000, -1.000000000000000000 ) ) ;
#4342 = VERTEX_POINT ( 'NONE', #2475 ) ;
#4343 = ORIENTED_EDGE ( 'NONE', *, *, #85, .T. ) ;
#4344 = ORIENTED_EDGE ( 'NONE', *, *, #1439, .T. ) ;
#4345 = ORIENTED_EDGE ( 'NONE', *, *, #1439, .F. ) ;
#4346 = LINE ( 'NONE', #4100, #4223 ) ;
#4347 = VECTOR ( 'NONE', #833, 1000.000000000000000 ) ;
#4348 = ORIENTED_EDGE ( 'NONE', *, *, #1393, .T. ) ;
#4349 = EDGE_LOOP ( 'NONE', ( #2974, #178, #3070, #4710 ) ) ;
#4350 = CARTESIAN_POINT ( 'NONE',  ( 16.96596284229220300, -0.1749999707401153600, 4.624999910120147100 ) ) ;
#4351 = ADVANCED_FACE ( 'NONE', ( #5237 ), #713, .F. ) ;
#4352 = VERTEX_POINT ( 'NONE', #912 ) ;
#4353 = ORIENTED_EDGE ( 'NONE', *, *, #1705, .F. ) ;
#4354 = ORIENTED_EDGE ( 'NONE', *, *, #1854, .F. ) ;
#4355 = PRODUCT_DEFINITION ( 'UNKNOWN', '', #3889, #210 ) ;
#4356 = DIRECTION ( 'NONE',  ( 1.000000000000000000, 0.0000000000000000000, 0.0000000000000000000 ) ) ;
#4357 = LINE ( 'NONE', #1070, #934 ) ;
#4358 = LINE ( 'NONE', #3017, #4303 ) ;
#4359 = CARTESIAN_POINT ( 'NONE',  ( -8.380715139640129200, 0.3000000000000675500, 2.424999999999970500 ) ) ;
#4360 = PLANE ( 'NONE',  #133 ) ;
#4361 = EDGE_CURVE ( 'NONE', #558, #2186, #5233, .T. ) ;
#4362 = VERTEX_POINT ( 'NONE', #2311 ) ;
#4363 = EDGE_CURVE ( 'NONE', #1880, #1005, #5365, .T. ) ;
#4364 = CARTESIAN_POINT ( 'NONE',  ( -5.749999999999976900, 1.249999999999999800, 3.950000000000009100 ) ) ;
#4365 = CARTESIAN_POINT ( 'NONE',  ( 8.000000000000007100, 0.2999999999999877800, -6.449999999999955800 ) ) ;
#4366 = DIRECTION ( 'NONE',  ( -6.123233995736766000E-017, -1.000000000000000000, 3.652049423109043600E-015 ) ) ;
#4367 = VERTEX_POINT ( 'NONE', #2758 ) ;
#4368 =( REPRESENTATION_RELATIONSHIP ('NONE','NONE', #4308, #751 ) REPRESENTATION_RELATIONSHIP_WITH_TRANSFORMATION ( #2481 )SHAPE_REPRESENTATION_RELATIONSHIP( ) );
#4369 = EDGE_LOOP ( 'NONE', ( #2895, #4297, #2988, #3156, #3658, #3944, #1553, #4354, #1017, #4888, #2208, #2159, #1975, #370, #79, #1841 ) ) ;
#4370 = VERTEX_POINT ( 'NONE', #4946 ) ;
#4371 = CARTESIAN_POINT ( 'NONE',  ( 8.050000000000034500, -0.1749999999999893900, 2.199999999999939800 ) ) ;
#4372 = CARTESIAN_POINT ( 'NONE',  ( 8.250000000000035500, -39.79214906653888300, -2.249999999999974200 ) ) ;
#4373 = ADVANCED_FACE ( 'NONE', ( #5226 ), #3048, .T. ) ;
#4374 = CARTESIAN_POINT ( 'NONE',  ( -8.249999999999978700, 0.3000000292598878300, 4.624999910120145300 ) ) ;
#4375 = DIRECTION ( 'NONE',  ( -0.0000000000000000000, -1.000000000000000000, -0.0000000000000000000 ) ) ;
#4376 = CARTESIAN_POINT ( 'NONE',  ( 4.450000000000009900, 0.2999999999999886600, -25.84595613157522500 ) ) ;
#4377 = SURFACE_SIDE_STYLE ('',( #1306 ) ) ;
#4378 = CARTESIAN_POINT ( 'NONE',  ( -8.049999999999981200, 0.8500000200199266900, 6.049999910120152300 ) ) ;
#4379 = VECTOR ( 'NONE', #737, 1000.000000000000000 ) ;
#4380 = LINE ( 'NONE', #5219, #4892 ) ;
#4381 = ORIENTED_EDGE ( 'NONE', *, *, #4042, .T. ) ;
#4382 = DIRECTION ( 'NONE',  ( -1.084202172485504400E-016, -0.0000000000000000000, -1.000000000000000000 ) ) ;
#4383 = DIRECTION ( 'NONE',  ( 0.0000000000000000000, 0.0000000000000000000, 1.000000000000000000 ) ) ;
#4384 = CARTESIAN_POINT ( 'NONE',  ( 0.5000000000000000000, 0.0000000000000000000, 0.2500000000000000000 ) ) ;
#4385 = EDGE_CURVE ( 'NONE', #1200, #3435, #5220, .T. ) ;
#4386 = VECTOR ( 'NONE', #4382, 1000.000000000000000 ) ;
#4387 = LINE ( 'NONE', #1683, #5295 ) ;
#4388 = PRODUCT_DEFINITION ( 'UNKNOWN', '', #3918, #805 ) ;
#4389 = DIRECTION ( 'NONE',  ( -0.0000000000000000000, -1.000000000000000000, -0.0000000000000000000 ) ) ;
#4390 = LINE ( 'NONE', #615, #1236 ) ;
#4391 = EDGE_CURVE ( 'NONE', #5139, #3836, #5094, .T. ) ;
#4392 = AXIS2_PLACEMENT_3D ( 'NONE', #2226, #3038, #1871 ) ;
#4393 = ORIENTED_EDGE ( 'NONE', *, *, #1723, .F. ) ;
#4394 = COLOUR_RGB ( '',0.7921568627450980000, 0.8196078431372548800, 0.9333333333333333500 ) ;
#4395 = ORIENTED_EDGE ( 'NONE', *, *, #2910, .F. ) ;
#4396 = DIRECTION ( 'NONE',  ( -0.0000000000000000000, 1.000000000000000000, -0.0000000000000000000 ) ) ;
#4397 = ORIENTED_EDGE ( 'NONE', *, *, #3376, .T. ) ;
#4398 = CARTESIAN_POINT ( 'NONE',  ( 16.96596284229220300, 0.09999980231028236800, -1.750000033366425200 ) ) ;
#4399 = EDGE_LOOP ( 'NONE', ( #865, #5410, #3037, #2799 ) ) ;
#4400 = DIRECTION ( 'NONE',  ( -6.123233995736766000E-017, 1.000000000000000000, 0.0000000000000000000 ) ) ;
#4401 = LINE ( 'NONE', #4725, #4093 ) ;
#4402 = VECTOR ( 'NONE', #1314, 1000.000000000000000 ) ;
#4403 = VERTEX_POINT ( 'NONE', #5144 ) ;
#4404 = ORIENTED_EDGE ( 'NONE', *, *, #1913, .F. ) ;
#4405 = ORIENTED_EDGE ( 'NONE', *, *, #711, .F. ) ;
#4406 = ORIENTED_EDGE ( 'NONE', *, *, #1343, .F. ) ;
#4407 = DIRECTION ( 'NONE',  ( -0.0000000000000000000, -1.000000000000000000, -0.0000000000000000000 ) ) ;
#4408 = FACE_OUTER_BOUND ( 'NONE', #2588, .T. ) ;
#4409 = FILL_AREA_STYLE ('',( #3397 ) ) ;
#4410 = DIRECTION ( 'NONE',  ( 1.000000000000000000, 0.0000000000000000000, 0.0000000000000000000 ) ) ;
#4411 = EDGE_LOOP ( 'NONE', ( #553, #2888, #3414, #3340 ) ) ;
#4412 = CARTESIAN_POINT ( 'NONE',  ( 7.850000000000023600, 0.8500000000000105200, -25.84595613157522500 ) ) ;
#4413 = CARTESIAN_POINT ( 'NONE',  ( -0.2499999999999999400, 0.5000000000000000000, 0.2500000000000000000 ) ) ;
#4414 = CARTESIAN_POINT ( 'NONE',  ( 0.5000000000000000000, 0.0000000000000000000, -0.2500000000000000600 ) ) ;
#4415 = LINE ( 'NONE', #2846, #3541 ) ;
#4416 = EDGE_CURVE ( 'NONE', #2407, #3421, #5159, .T. ) ;
#4417 = DIRECTION ( 'NONE',  ( -1.000000000000000000, 0.0000000000000000000, 1.084202172485504400E-016 ) ) ;
#4418 = LINE ( 'NONE', #4830, #4238 ) ;
#4419 = CARTESIAN_POINT ( 'NONE',  ( 2.350000000000018700, 0.2999999999999877800, 6.250000000000010700 ) ) ;
#4420 = FACE_OUTER_BOUND ( 'NONE', #5100, .T. ) ;
#4421 = AXIS2_PLACEMENT_3D ( 'NONE', #4848, #4847, #4834 ) ;
#4422 = MANIFOLD_SOLID_BREP ( 'ﾎﾞｽ - 押し出し1', #4853 ) ;
#4423 = EDGE_CURVE ( 'NONE', #151, #5400, #81, .T. ) ;
#4424 = AXIS2_PLACEMENT_3D ( 'NONE', #3222, #4138, #2056 ) ;
#4425 = ORIENTED_EDGE ( 'NONE', *, *, #5074, .T. ) ;
#4426 = DIRECTION ( 'NONE',  ( -0.0000000000000000000, -0.0000000000000000000, -1.000000000000000000 ) ) ;
#4427 = ORIENTED_EDGE ( 'NONE', *, *, #2375, .F. ) ;
#4428 = ORIENTED_EDGE ( 'NONE', *, *, #4996, .F. ) ;
#4429 = DIRECTION ( 'NONE',  ( 1.000000000000000000, 0.0000000000000000000, 1.084202172485504400E-016 ) ) ;
#4430 = CARTESIAN_POINT ( 'NONE',  ( 7.850000000000023600, 1.240000000000000000, -6.239999999999955800 ) ) ;
#4431 = ORIENTED_EDGE ( 'NONE', *, *, #3891, .T. ) ;
#4432 = DIRECTION ( 'NONE',  ( 0.0000000000000000000, -1.000000000000000000, 0.0000000000000000000 ) ) ;
#4433 = ORIENTED_EDGE ( 'NONE', *, *, #4500, .T. ) ;
#4434 = LINE ( 'NONE', #10, #4211 ) ;
#4435 = PLANE ( 'NONE',  #813 ) ;
#4436 = ADVANCED_FACE ( 'NONE', ( #3473 ), #3849, .T. ) ;
#4437 = ORIENTED_EDGE ( 'NONE', *, *, #4605, .T. ) ;
#4438 = CARTESIAN_POINT ( 'NONE',  ( 0.2500000000000000600, 0.2999999999999999900, -0.2500000000000000600 ) ) ;
#4439 = VECTOR ( 'NONE', #2822, 1000.000000000000000 ) ;
#4440 = CARTESIAN_POINT ( 'NONE',  ( 8.250000000000035500, 1.249999999999999800, -6.049999999999999800 ) ) ;
#4441 = LINE ( 'NONE', #4084, #4695 ) ;
#4442 =( NAMED_UNIT ( * ) PLANE_ANGLE_UNIT ( ) SI_UNIT ( $, .RADIAN. ) );
#4443 = CARTESIAN_POINT ( 'NONE',  ( -8.000000000000007100, 0.2999999999999877800, 6.250000000000010700 ) ) ;
#4444 = DIRECTION ( 'NONE',  ( 0.0000000000000000000, 0.0000000000000000000, 1.000000000000000000 ) ) ;
#4445 = CARTESIAN_POINT ( 'NONE',  ( 8.040000000000034700, 1.250000000000001100, -1.850000000000038300 ) ) ;
#4446 = EDGE_CURVE ( 'NONE', #2573, #3343, #4639, .T. ) ;
#4447 = EDGE_CURVE ( 'NONE', #1257, #2199, #4632, .T. ) ;
#4448 = LINE ( 'NONE', #5322, #4386 ) ;
#4449 = CIRCLE ( 'NONE', #328, 0.3000000000000224700 ) ;
#4450 = CARTESIAN_POINT ( 'NONE',  ( 7.850000000000030700, 1.249999999999999800, 6.240000000000010900 ) ) ;
#4451 = EDGE_CURVE ( 'NONE', #569, #3122, #733, .T. ) ;
#4452 = EDGE_LOOP ( 'NONE', ( #3186, #781, #1467, #1464 ) ) ;
#4453 = FILL_AREA_STYLE_COLOUR ( '', #4148 ) ;
#4454 = DIRECTION ( 'NONE',  ( 1.084202172485504400E-016, 0.0000000000000000000, 1.000000000000000000 ) ) ;
#4455 = EDGE_LOOP ( 'NONE', ( #2666, #2990, #33, #4883 ) ) ;
#4456 = CARTESIAN_POINT ( 'NONE',  ( -8.249999999999978700, -0.1749999753600950900, 4.849999910120177800 ) ) ;
#4457 = ORIENTED_EDGE ( 'NONE', *, *, #3626, .T. ) ;
#4458 = LINE ( 'NONE', #2450, #4835 ) ;
#4459 = DIRECTION ( 'NONE',  ( -1.000000000000000000, 0.0000000000000000000, 0.0000000000000000000 ) ) ;
#4460 = ORIENTED_EDGE ( 'NONE', *, *, #2253, .F. ) ;
#4461 = VERTEX_POINT ( 'NONE', #958 ) ;
#4462 = LINE ( 'NONE', #2064, #3056 ) ;
#4463 = DIRECTION ( 'NONE',  ( -0.0000000000000000000, -1.000000000000000000, -0.0000000000000000000 ) ) ;
#4464 = ORIENTED_EDGE ( 'NONE', *, *, #5217, .F. ) ;
#4465 =( GEOMETRIC_REPRESENTATION_CONTEXT ( 3 ) GLOBAL_UNCERTAINTY_ASSIGNED_CONTEXT ( ( #4745 ) ) GLOBAL_UNIT_ASSIGNED_CONTEXT ( ( #4921, #4898, #4879 ) ) REPRESENTATION_CONTEXT ( 'NONE', 'WORKASPACE' ) );
#4466 = EDGE_LOOP ( 'NONE', ( #4028, #470, #1993, #3271 ) ) ;
#4467 = EDGE_CURVE ( 'NONE', #878, #1055, #4550, .T. ) ;
#4468 = DIRECTION ( 'NONE',  ( 0.0000000000000000000, 3.717264591379042400E-015, 1.000000000000000000 ) ) ;
#4469 = PRODUCT_DEFINITION_SHAPE ( 'NONE', 'NONE',  #4016 ) ;
#4470 = DIRECTION ( 'NONE',  ( 1.000000000000000000, 0.0000000000000000000, 0.0000000000000000000 ) ) ;
#4471 = EDGE_LOOP ( 'NONE', ( #2625, #1547, #4329, #2521 ) ) ;
#4472 = EDGE_CURVE ( 'NONE', #3064, #3439, #4968, .T. ) ;
#4473 = PRESENTATION_STYLE_ASSIGNMENT (( #4135 ) ) ;
#4474 = AXIS2_PLACEMENT_3D ( 'NONE', #2355, #2358, #916 ) ;
#4475 = DIRECTION ( 'NONE',  ( 0.0000000000000000000, 1.239088197126308800E-016, -1.000000000000000000 ) ) ;
#4476 = SURFACE_STYLE_FILL_AREA ( #2350 ) ;
#4477 = ORIENTED_EDGE ( 'NONE', *, *, #3568, .T. ) ;
#4478 = DIRECTION ( 'NONE',  ( -0.0000000000000000000, 1.000000000000000000, -0.0000000000000000000 ) ) ;
#4479 = CARTESIAN_POINT ( 'NONE',  ( 0.2500000000000000600, 0.0000000000000000000, -0.2500000000000000600 ) ) ;
#4480 = FACE_OUTER_BOUND ( 'NONE', #2818, .T. ) ;
#4481 = ORIENTED_EDGE ( 'NONE', *, *, #516, .T. ) ;
#4482 =( GEOMETRIC_REPRESENTATION_CONTEXT ( 3 ) GLOBAL_UNCERTAINTY_ASSIGNED_CONTEXT ( ( #2932 ) ) GLOBAL_UNIT_ASSIGNED_CONTEXT ( ( #4504, #4253, #1549 ) ) REPRESENTATION_CONTEXT ( 'NONE', 'WORKASPACE' ) );
#4483 = CIRCLE ( 'NONE', #4822, 0.009999999999999592500 ) ;
#4484 = MANIFOLD_SOLID_BREP ( 'ﾎﾞｽ - 押し出し1', #1065 ) ;
#4485 = CARTESIAN_POINT ( 'NONE',  ( 0.5000000000000000000, 0.0000000000000000000, 0.2500000000000000000 ) ) ;
#4486 = LINE ( 'NONE', #3110, #4200 ) ;
#4487 = FACE_OUTER_BOUND ( 'NONE', #4575, .T. ) ;
#4488 = ADVANCED_FACE ( 'NONE', ( #2946 ), #4279, .F. ) ;
#4489 = CYLINDRICAL_SURFACE ( 'NONE', #4982, 0.3000000000000224700 ) ;
#4490 = PLANE ( 'NONE',  #4081 ) ;
#4491 = CARTESIAN_POINT ( 'NONE',  ( 0.2500000000000000600, 0.0000000000000000000, -0.2500000000000000600 ) ) ;
#4492 = ORIENTED_EDGE ( 'NONE', *, *, #4294, .T. ) ;
#4493 = LINE ( 'NONE', #2765, #4439 ) ;
#4494 = FACE_OUTER_BOUND ( 'NONE', #1929, .T. ) ;
#4495 = EDGE_CURVE ( 'NONE', #812, #5216, #4387, .T. ) ;
#4496 = DIRECTION ( 'NONE',  ( 0.0000000000000000000, 1.000000000000000000, 0.0000000000000000000 ) ) ;
#4497 = EDGE_LOOP ( 'NONE', ( #4849, #1374, #1560, #2259 ) ) ;
#4498 = DIRECTION ( 'NONE',  ( -1.000000000000000000, 0.0000000000000000000, 0.0000000000000000000 ) ) ;
#4499 = DIRECTION ( 'NONE',  ( 0.0000000000000000000, -1.000000000000000000, 0.0000000000000000000 ) ) ;
#4500 = EDGE_CURVE ( 'NONE', #3220, #3694, #4346, .T. ) ;
#4501 = VERTEX_POINT ( 'NONE', #1153 ) ;
#4502 = AXIS2_PLACEMENT_3D ( 'NONE', #1951, #2464, #2391 ) ;
#4503 = ORIENTED_EDGE ( 'NONE', *, *, #4196, .F. ) ;
#4504 =( LENGTH_UNIT ( ) NAMED_UNIT ( * ) SI_UNIT ( .MILLI., .METRE. ) );
#4505 = DIRECTION ( 'NONE',  ( -1.000000000000000000, -7.700299520493638400E-017, -0.0000000000000000000 ) ) ;
#4506 = EDGE_LOOP ( 'NONE', ( #3603, #4546, #1934, #5132 ) ) ;
#4507 = EDGE_CURVE ( 'NONE', #2199, #3333, #4401, .T. ) ;
#4508 = CARTESIAN_POINT ( 'NONE',  ( 7.850000000000023600, 1.250000000000001100, -2.249999999999974200 ) ) ;
#4509 = ORIENTED_EDGE ( 'NONE', *, *, #3957, .F. ) ;
#4510 = DIRECTION ( 'NONE',  ( -1.000000000000000000, 0.0000000000000000000, 0.0000000000000000000 ) ) ;
#4511 = VECTOR ( 'NONE', #3890, 1000.000000000000000 ) ;
#4512 = VERTEX_POINT ( 'NONE', #4741 ) ;
#4513 = AXIS2_PLACEMENT_3D ( 'NONE', #3534, #2310, #3455 ) ;
#4514 = DIRECTION ( 'NONE',  ( -0.0000000000000000000, 1.000000000000000000, -0.0000000000000000000 ) ) ;
#4515 = DIRECTION ( 'NONE',  ( 0.0000000000000000000, 0.0000000000000000000, -1.000000000000000000 ) ) ;
#4516 = CARTESIAN_POINT ( 'NONE',  ( 10.70000400000000000, 0.8000000000000000400, 7.000112999999995400 ) ) ;
#4517 = DIRECTION ( 'NONE',  ( 0.0000000000000000000, 0.0000000000000000000, -1.000000000000000000 ) ) ;
#4518 = AXIS2_PLACEMENT_3D ( 'NONE', #981, #392, #3022 ) ;
#4519 = CLOSED_SHELL ( 'NONE', ( #3785, #2640, #2436, #3093, #3346, #1300 ) ) ;
#4520 = ORIENTED_EDGE ( 'NONE', *, *, #1182, .T. ) ;
#4521 = CIRCLE ( 'NONE', #629, 0.2250000000000029800 ) ;
#4522 = EDGE_LOOP ( 'NONE', ( #69, #46, #1578, #2334 ) ) ;
#4523 = VERTEX_POINT ( 'NONE', #1962 ) ;
#4524 = EDGE_LOOP ( 'NONE', ( #2961, #1165, #4964, #4210 ) ) ;
#4525 = EDGE_CURVE ( 'NONE', #5234, #285, #4208, .T. ) ;
#4526 = COLOUR_RGB ( '',0.7921568627450980000, 0.8196078431372548800, 0.9333333333333333500 ) ;
#4527 = ORIENTED_EDGE ( 'NONE', *, *, #3162, .F. ) ;
#4528 = ADVANCED_FACE ( 'NONE', ( #4098 ), #1890, .T. ) ;
#4529 = VECTOR ( 'NONE', #76, 1000.000000000000000 ) ;
#4530 = AXIS2_PLACEMENT_3D ( 'NONE', #2325, #2346, #2326 ) ;
#4531 = LINE ( 'NONE', #2176, #945 ) ;
#4532 = EDGE_CURVE ( 'NONE', #1311, #5044, #3982, .T. ) ;
#4533 = CARTESIAN_POINT ( 'NONE',  ( 8.050000000000034500, 0.03000000000002132900, 4.449999999999970000 ) ) ;
#4534 = EDGE_LOOP ( 'NONE', ( #3315, #2332, #991, #3724 ) ) ;
#4535 = PRODUCT_DEFINITION_CONTEXT ( 'detailed design', #3212, 'design' ) ;
#4536 = AXIS2_PLACEMENT_3D ( 'NONE', #2258, #1824, #3009 ) ;
#4537 = PLANE ( 'NONE',  #1535 ) ;
#4538 = DIRECTION ( 'NONE',  ( -1.000000000000000000, 0.0000000000000000000, 0.0000000000000000000 ) ) ;
#4539 = DIRECTION ( 'NONE',  ( 0.0000000000000000000, 0.0000000000000000000, -1.000000000000000000 ) ) ;
#4540 = CARTESIAN_POINT ( 'NONE',  ( -3.749999999999975600, 0.2999999999999886600, -25.84595613157522500 ) ) ;
#4541 = ADVANCED_FACE ( 'NONE', ( #3936 ), #2426, .F. ) ;
#4542 = DIRECTION ( 'NONE',  ( 1.000000000000000000, 0.0000000000000000000, 0.0000000000000000000 ) ) ;
#4543 = EDGE_LOOP ( 'NONE', ( #2429, #3126, #1565, #1379 ) ) ;
#4544 = CARTESIAN_POINT ( 'NONE',  ( -8.039999999999979600, 1.449999999999999500, -6.049999999999999800 ) ) ;
#4545 =( GEOMETRIC_REPRESENTATION_CONTEXT ( 3 ) GLOBAL_UNCERTAINTY_ASSIGNED_CONTEXT ( ( #3786 ) ) GLOBAL_UNIT_ASSIGNED_CONTEXT ( ( #3701, #4597, #3232 ) ) REPRESENTATION_CONTEXT ( 'NONE', 'WORKASPACE' ) );
#4546 = ORIENTED_EDGE ( 'NONE', *, *, #4008, .F. ) ;
#4547 = ORIENTED_EDGE ( 'NONE', *, *, #2826, .F. ) ;
#4548 = LINE ( 'NONE', #3843, #4553 ) ;
#4549 = DIRECTION ( 'NONE',  ( -6.123233995736766000E-017, 1.000000000000000000, 0.0000000000000000000 ) ) ;
#4550 = LINE ( 'NONE', #500, #2675 ) ;
#4551 = SURFACE_STYLE_USAGE ( .BOTH. , #983 ) ;
#4552 = FACE_OUTER_BOUND ( 'NONE', #3857, .T. ) ;
#4553 = VECTOR ( 'NONE', #2333, 1000.000000000000000 ) ;
#4554 = PRESENTATION_LAYER_ASSIGNMENT (  '', '', ( #1309 ) ) ;
#4555 = PRESENTATION_STYLE_ASSIGNMENT (( #1521 ) ) ;
#4556 = CARTESIAN_POINT ( 'NONE',  ( 16.96596284229220300, 0.03000002925982944700, 1.749999910120184400 ) ) ;
#4557 = ORIENTED_EDGE ( 'NONE', *, *, #1644, .F. ) ;
#4558 = CARTESIAN_POINT ( 'NONE',  ( -0.2500000000000000000, 0.02999999999999995400, 0.2500000000000000000 ) ) ;
#4559 = ADVANCED_FACE ( 'NONE', ( #3879 ), #2137, .T. ) ;
#4560 = AXIS2_PLACEMENT_3D ( 'NONE', #2702, #2110, #4810 ) ;
#4561 = VECTOR ( 'NONE', #478, 1000.000000000000000 ) ;
#4562 = EDGE_CURVE ( 'NONE', #3818, #3621, #3872, .T. ) ;
#4563 = ORIENTED_EDGE ( 'NONE', *, *, #3811, .F. ) ;
#4564 = ORIENTED_EDGE ( 'NONE', *, *, #3946, .T. ) ;
#4565 = DIRECTION ( 'NONE',  ( 1.000000000000000000, 0.0000000000000000000, -0.0000000000000000000 ) ) ;
#4566 = ORIENTED_EDGE ( 'NONE', *, *, #720, .F. ) ;
#4567 = PRESENTATION_STYLE_ASSIGNMENT (( #687 ) ) ;
#4568 = DIRECTION ( 'NONE',  ( 0.0000000000000000000, -0.0000000000000000000, 1.000000000000000000 ) ) ;
#4569 = VECTOR ( 'NONE', #3497, 1000.000000000000000 ) ;
#4570 = VECTOR ( 'NONE', #3418, 1000.000000000000000 ) ;
#4571 = CARTESIAN_POINT ( 'NONE',  ( 0.4700000000000000300, 0.02999999999999997100, 0.2500000000000000000 ) ) ;
#4572 = AXIS2_PLACEMENT_3D ( 'NONE', #2185, #3420, #3254 ) ;
#4573 = SURFACE_STYLE_USAGE ( .BOTH. , #4673 ) ;
#4574 = DIRECTION ( 'NONE',  ( 0.0000000000000000000, 0.0000000000000000000, 1.000000000000000000 ) ) ;
#4575 = EDGE_LOOP ( 'NONE', ( #1198, #4671, #4076, #2499 ) ) ;
#4576 = FACE_OUTER_BOUND ( 'NONE', #2206, .T. ) ;
#4577 = ORIENTED_EDGE ( 'NONE', *, *, #4330, .F. ) ;
#4578 = EDGE_CURVE ( 'NONE', #312, #103, #3984, .T. ) ;
#4579 = DIRECTION ( 'NONE',  ( 1.000000000000000000, -0.0000000000000000000, -2.168404344971008900E-016 ) ) ;
#4580 = ADVANCED_FACE ( 'NONE', ( #3823 ), #1709, .T. ) ;
#4581 = ORIENTED_EDGE ( 'NONE', *, *, #289, .T. ) ;
#4582 = ORIENTED_EDGE ( 'NONE', *, *, #645, .F. ) ;
#4583 = CARTESIAN_POINT ( 'NONE',  ( 16.96596284229220300, -1.976897152922152400E-007, -3.850000033366470600 ) ) ;
#4584 = CARTESIAN_POINT ( 'NONE',  ( -7.850000000000023600, 1.250000000000001100, -6.239999999999955800 ) ) ;
#4585 = FILL_AREA_STYLE_COLOUR ( '', #341 ) ;
#4586 = AXIS2_PLACEMENT_3D ( 'NONE', #4166, #2216, #5097 ) ;
#4587 = CARTESIAN_POINT ( 'NONE',  ( -5.749999999999976900, 1.249999999999999800, 3.649999999999986600 ) ) ;
#4588 = CARTESIAN_POINT ( 'NONE',  ( 7.850000000000023600, 1.450000000000000000, -1.850000000000018300 ) ) ;
#4589 = ADVANCED_FACE ( 'NONE', ( #3939 ), #2125, .F. ) ;
#4590 = ORIENTED_EDGE ( 'NONE', *, *, #5109, .F. ) ;
#4591 = DIRECTION ( 'NONE',  ( 0.0000000000000000000, 0.0000000000000000000, -1.000000000000000000 ) ) ;
#4592 = CARTESIAN_POINT ( 'NONE',  ( 7.850000000000023600, 1.240000000000000700, 6.250000000000012400 ) ) ;
#4593 = CARTESIAN_POINT ( 'NONE',  ( -5.850000000000021800, 0.2999999999999886600, 25.84595613157528100 ) ) ;
#4594 = DIRECTION ( 'NONE',  ( 1.084202172485504400E-016, 0.0000000000000000000, 1.000000000000000000 ) ) ;
#4595 = ORIENTED_EDGE ( 'NONE', *, *, #4447, .T. ) ;
#4596 = LINE ( 'NONE', #2256, #4732 ) ;
#4597 =( NAMED_UNIT ( * ) PLANE_ANGLE_UNIT ( ) SI_UNIT ( $, .RADIAN. ) );
#4598 = DIRECTION ( 'NONE',  ( 0.0000000000000000000, 1.000000000000000000, 0.0000000000000000000 ) ) ;
#4599 = CARTESIAN_POINT ( 'NONE',  ( 8.250000000000033800, 1.239999999999999800, 6.049999999999960700 ) ) ;
#4600 = CARTESIAN_POINT ( 'NONE',  ( 8.040000000000034700, 1.449999999999999100, -1.850000000000060000 ) ) ;
#4601 = ORIENTED_EDGE ( 'NONE', *, *, #2183, .F. ) ;
#4602 = ORIENTED_EDGE ( 'NONE', *, *, #120, .F. ) ;
#4603 = LINE ( 'NONE', #2779, #4907 ) ;
#4604 = DIRECTION ( 'NONE',  ( 0.0000000000000000000, 1.000000000000000000, -6.123233995736766000E-017 ) ) ;
#4605 = EDGE_CURVE ( 'NONE', #3921, #1920, #3868, .T. ) ;
#4606 = LINE ( 'NONE', #351, #5412 ) ;
#4607 = EDGE_CURVE ( 'NONE', #3862, #2008, #3829, .T. ) ;
#4608 = ADVANCED_FACE ( 'NONE', ( #3712 ), #2147, .T. ) ;
#4609 = VERTEX_POINT ( 'NONE', #2055 ) ;
#4610 = DIRECTION ( 'NONE',  ( 1.000000000000000000, 0.0000000000000000000, -2.168404344971009400E-016 ) ) ;
#4611 = VERTEX_POINT ( 'NONE', #4904 ) ;
#4612 = LINE ( 'NONE', #959, #4690 ) ;
#4613 = CARTESIAN_POINT ( 'NONE',  ( 0.2500000000000000000, 0.02999999999999995400, 0.2500000000000000000 ) ) ;
#4614 = FACE_OUTER_BOUND ( 'NONE', #5311, .T. ) ;
#4615 = ADVANCED_FACE ( 'NONE', ( #3656 ), #3676, .F. ) ;
#4616 = CONTEXT_DEPENDENT_SHAPE_REPRESENTATION ( #3172, #3401 ) ;
#4617 = ORIENTED_EDGE ( 'NONE', *, *, #759, .T. ) ;
#4618 = CARTESIAN_POINT ( 'NONE',  ( -0.5000000000000000000, 0.3499999999999999200, 0.2500000000000000000 ) ) ;
#4619 = FACE_OUTER_BOUND ( 'NONE', #4790, .T. ) ;
#4620 = EDGE_LOOP ( 'NONE', ( #811, #27, #3449, #429 ) ) ;
#4621 = LINE ( 'NONE', #960, #1604 ) ;
#4622 = AXIS2_PLACEMENT_3D ( 'NONE', #2, #2156, #2094 ) ;
#4623 = FILL_AREA_STYLE_COLOUR ( '', #1367 ) ;
#4624 = CARTESIAN_POINT ( 'NONE',  ( 0.5000000000000000000, -4.286263797015737200E-017, -0.2500000000000000000 ) ) ;
#4625 =( GEOMETRIC_REPRESENTATION_CONTEXT ( 3 ) GLOBAL_UNCERTAINTY_ASSIGNED_CONTEXT ( ( #2257 ) ) GLOBAL_UNIT_ASSIGNED_CONTEXT ( ( #2482, #5261, #3839 ) ) REPRESENTATION_CONTEXT ( 'NONE', 'WORKASPACE' ) );
#4626 = ORIENTED_EDGE ( 'NONE', *, *, #2603, .F. ) ;
#4627 = DIRECTION ( 'NONE',  ( -1.000000000000000000, -0.0000000000000000000, -0.0000000000000000000 ) ) ;
#4628 = VECTOR ( 'NONE', #3096, 1000.000000000000000 ) ;
#4629 = ORIENTED_EDGE ( 'NONE', *, *, #3464, .T. ) ;
#4630 = ORIENTED_EDGE ( 'NONE', *, *, #2140, .T. ) ;
#4631 = CARTESIAN_POINT ( 'NONE',  ( 8.250000000000035500, 1.249999999999999800, -6.049999999999999800 ) ) ;
#4632 = LINE ( 'NONE', #869, #4268 ) ;
#4633 = CIRCLE ( 'NONE', #2039, 0.009999999999999592500 ) ;
#4634 = VERTEX_POINT ( 'NONE', #5151 ) ;
#4635 = AXIS2_PLACEMENT_3D ( 'NONE', #45, #30, #23 ) ;
#4636 = DIRECTION ( 'NONE',  ( -1.000000000000000000, -0.0000000000000000000, -0.0000000000000000000 ) ) ;
#4637 = DIRECTION ( 'NONE',  ( 2.168404344971009400E-016, -0.0000000000000000000, 1.000000000000000000 ) ) ;
#4638 = CARTESIAN_POINT ( 'NONE',  ( 7.850000000000023600, 1.240000000000000000, -6.239999999999955800 ) ) ;
#4639 = LINE ( 'NONE', #3367, #606 ) ;
#4640 = CARTESIAN_POINT ( 'NONE',  ( 8.000000000000007100, 0.2999999999999886600, -25.84595613157522500 ) ) ;
#4641 = ADVANCED_FACE ( 'NONE', ( #3765 ), #3652, .F. ) ;
#4642 = EDGE_LOOP ( 'NONE', ( #167, #4059, #1390, #1593 ) ) ;
#4643 = CARTESIAN_POINT ( 'NONE',  ( -0.5000000000000000000, -4.286263797015737200E-017, 0.2500000000000000000 ) ) ;
#4644 = EDGE_CURVE ( 'NONE', #3432, #4611, #3716, .T. ) ;
#4645 = DIRECTION ( 'NONE',  ( 0.0000000000000000000, 0.0000000000000000000, -1.000000000000000000 ) ) ;
#4646 = LINE ( 'NONE', #4643, #3580 ) ;
#4647 = CARTESIAN_POINT ( 'NONE',  ( -0.5000000000000000000, 0.3499999999999999200, 0.2500000000000000000 ) ) ;
#4648 = ORIENTED_EDGE ( 'NONE', *, *, #2591, .F. ) ;
#4649 = ORIENTED_EDGE ( 'NONE', *, *, #3865, .F. ) ;
#4650 = EDGE_LOOP ( 'NONE', ( #4405, #2955, #2302, #2091 ) ) ;
#4651 = PRESENTATION_STYLE_ASSIGNMENT (( #191 ) ) ;
#4652 = FACE_OUTER_BOUND ( 'NONE', #2769, .T. ) ;
#4653 = DIRECTION ( 'NONE',  ( 1.000000000000000000, 0.0000000000000000000, 0.0000000000000000000 ) ) ;
#4654 = DIRECTION ( 'NONE',  ( 1.000000000000000000, 0.0000000000000000000, 0.0000000000000000000 ) ) ;
#4655 = EDGE_CURVE ( 'NONE', #2577, #2239, #3660, .T. ) ;
#4656 = CARTESIAN_POINT ( 'NONE',  ( -5.749999999999976900, 1.249999999999999800, 3.649999999999986600 ) ) ;
#4657 = ADVANCED_FACE ( 'NONE', ( #3554 ), #3544, .T. ) ;
#4658 = VERTEX_POINT ( 'NONE', #5294 ) ;
#4659 = VERTEX_POINT ( 'NONE', #685 ) ;
#4660 = PLANE ( 'NONE',  #5302 ) ;
#4661 = CARTESIAN_POINT ( 'NONE',  ( -7.850000000000023600, 1.449999999999999700, -6.239999999999955800 ) ) ;
#4662 = DIRECTION ( 'NONE',  ( 1.000000000000000000, -0.0000000000000000000, -0.0000000000000000000 ) ) ;
#4663 = EDGE_LOOP ( 'NONE', ( #1230, #127 ) ) ;
#4664 = EDGE_CURVE ( 'NONE', #3974, #2732, #3540, .T. ) ;
#4665 = ADVANCED_FACE ( 'NONE', ( #3606, #3592 ), #605, .F. ) ;
#4666 = VECTOR ( 'NONE', #4769, 1000.000000000000000 ) ;
#4667 = DIRECTION ( 'NONE',  ( -1.000000000000000000, -0.0000000000000000000, 0.0000000000000000000 ) ) ;
#4668 = CARTESIAN_POINT ( 'NONE',  ( 4.450000000000009900, 0.2999999999999877800, -6.249999999999955600 ) ) ;
#4669 = VERTEX_POINT ( 'NONE', #4075 ) ;
#4670 = LINE ( 'NONE', #1938, #961 ) ;
#4671 = ORIENTED_EDGE ( 'NONE', *, *, #52, .F. ) ;
#4672 = AXIS2_PLACEMENT_3D ( 'NONE', #841, #57, #50 ) ;
#4673 = SURFACE_SIDE_STYLE ('',( #96 ) ) ;
#4674 = PLANE ( 'NONE',  #3229 ) ;
#4675 = CARTESIAN_POINT ( 'NONE',  ( -7.850000000000023600, 1.249999999999999800, -6.049999999999999800 ) ) ;
#4676 = EDGE_CURVE ( 'NONE', #2199, #4885, #3552, .T. ) ;
#4677 = LINE ( 'NONE', #579, #3029 ) ;
#4678 = VECTOR ( 'NONE', #4478, 1000.000000000000000 ) ;
#4679 = VERTEX_POINT ( 'NONE', #3241 ) ;
#4680 = VERTEX_POINT ( 'NONE', #3571 ) ;
#4681 = CARTESIAN_POINT ( 'NONE',  ( 8.250000000000035500, 1.249999999999999800, -2.249999999999974200 ) ) ;
#4682 = CARTESIAN_POINT ( 'NONE',  ( 10.70000400000000000, 0.0000000000000000000, 7.000112999999995400 ) ) ;
#4683 = CARTESIAN_POINT ( 'NONE',  ( 0.5000000000000000000, 0.3499999999999999200, 0.2500000000000000000 ) ) ;
#4684 = CARTESIAN_POINT ( 'NONE',  ( 0.5000000000000000000, 0.2999999999999999900, 0.2500000000000000000 ) ) ;
#4685 = EDGE_CURVE ( 'NONE', #2724, #5319, #3419, .T. ) ;
#4686 = ORIENTED_EDGE ( 'NONE', *, *, #2941, .T. ) ;
#4687 = AXIS2_PLACEMENT_3D ( 'NONE', #5240, #5006, #3318 ) ;
#4688 = ORIENTED_EDGE ( 'NONE', *, *, #1219, .F. ) ;
#4689 = AXIS2_PLACEMENT_3D ( 'NONE', #2289, #3526, #459 ) ;
#4690 = VECTOR ( 'NONE', #4856, 1000.000000000000000 ) ;
#4691 = ORIENTED_EDGE ( 'NONE', *, *, #3429, .T. ) ;
#4692 = CARTESIAN_POINT ( 'NONE',  ( -8.049999999999981200, 0.3000000200199318100, 6.199999910120138400 ) ) ;
#4693 = ORIENTED_EDGE ( 'NONE', *, *, #4752, .F. ) ;
#4694 = EDGE_LOOP ( 'NONE', ( #1611, #3061, #1845, #4826 ) ) ;
#4695 = VECTOR ( 'NONE', #5014, 1000.000000000000000 ) ;
#4696 = STYLED_ITEM ( 'NONE', ( #369 ), #4277 ) ;
#4697 = VECTOR ( 'NONE', #1789, 1000.000000000000000 ) ;
#4698 = ORIENTED_EDGE ( 'NONE', *, *, #2826, .T. ) ;
#4699 = ORIENTED_EDGE ( 'NONE', *, *, #3817, .F. ) ;
#4700 = AXIS2_PLACEMENT_3D ( 'NONE', #1329, #1332, #578 ) ;
#4701 =( NAMED_UNIT ( * ) SI_UNIT ( $, .STERADIAN. ) SOLID_ANGLE_UNIT ( ) );
#4702 = FACE_OUTER_BOUND ( 'NONE', #5275, .T. ) ;
#4703 = LINE ( 'NONE', #2944, #4379 ) ;
#4704 = FILL_AREA_STYLE_COLOUR ( '', #5239 ) ;
#4705 = DIRECTION ( 'NONE',  ( 1.000000000000000000, 0.0000000000000000000, 0.0000000000000000000 ) ) ;
#4706 = LINE ( 'NONE', #2788, #4726 ) ;
#4707 = CARTESIAN_POINT ( 'NONE',  ( -0.2499999999999999400, 0.0000000000000000000, -0.2500000000000000000 ) ) ;
#4708 = DIRECTION ( 'NONE',  ( -0.0000000000000000000, -0.0000000000000000000, -1.000000000000000000 ) ) ;
#4709 = LINE ( 'NONE', #2859, #5095 ) ;
#4710 = ORIENTED_EDGE ( 'NONE', *, *, #2076, .T. ) ;
#4711 = DIRECTION ( 'NONE',  ( -0.0000000000000000000, 1.000000000000000000, -0.0000000000000000000 ) ) ;
#4712 = ORIENTED_EDGE ( 'NONE', *, *, #3440, .T. ) ;
#4713 = ORIENTED_EDGE ( 'NONE', *, *, #2225, .F. ) ;
#4714 = VERTEX_POINT ( 'NONE', #3596 ) ;
#4715 = ORIENTED_EDGE ( 'NONE', *, *, #5333, .T. ) ;
#4716 =( LENGTH_UNIT ( ) NAMED_UNIT ( * ) SI_UNIT ( .MILLI., .METRE. ) );
#4717 =( GEOMETRIC_REPRESENTATION_CONTEXT ( 3 ) GLOBAL_UNCERTAINTY_ASSIGNED_CONTEXT ( ( #1504 ) ) GLOBAL_UNIT_ASSIGNED_CONTEXT ( ( #19, #16, #12 ) ) REPRESENTATION_CONTEXT ( 'NONE', 'WORKASPACE' ) );
#4718 = ORIENTED_EDGE ( 'NONE', *, *, #4196, .T. ) ;
#4719 = EDGE_CURVE ( 'NONE', #3696, #1285, #3481, .T. ) ;
#4720 = EDGE_CURVE ( 'NONE', #1080, #1210, #3407, .T. ) ;
#4721 = DIRECTION ( 'NONE',  ( -0.0000000000000000000, -0.0000000000000000000, -1.000000000000000000 ) ) ;
#4722 = DIRECTION ( 'NONE',  ( 0.0000000000000000000, 0.0000000000000000000, 1.000000000000000000 ) ) ;
#4723 = DIRECTION ( 'NONE',  ( 1.000000000000000000, 7.700299520493638400E-017, 0.0000000000000000000 ) ) ;
#4724 = DIRECTION ( 'NONE',  ( 0.0000000000000000000, 0.0000000000000000000, -1.000000000000000000 ) ) ;
#4725 = CARTESIAN_POINT ( 'NONE',  ( 0.5000000000000000000, -4.286263797015737200E-017, 0.2500000000000000000 ) ) ;
#4726 = VECTOR ( 'NONE', #3623, 1000.000000000000000 ) ;
#4727 = LINE ( 'NONE', #1960, #4252 ) ;
#4728 = VERTEX_POINT ( 'NONE', #4886 ) ;
#4729 = PLANE ( 'NONE',  #1166 ) ;
#4730 = DIRECTION ( 'NONE',  ( -1.000000000000000000, 0.0000000000000000000, -0.0000000000000000000 ) ) ;
#4731 = ORIENTED_EDGE ( 'NONE', *, *, #3501, .F. ) ;
#4732 = VECTOR ( 'NONE', #4923, 1000.000000000000000 ) ;
#4733 = AXIS2_PLACEMENT_3D ( 'NONE', #1147, #258, #1581 ) ;
#4734 = DIRECTION ( 'NONE',  ( 0.0000000000000000000, 0.0000000000000000000, 1.000000000000000000 ) ) ;
#4735 = DIRECTION ( 'NONE',  ( 1.000000000000000000, 0.0000000000000000000, 0.0000000000000000000 ) ) ;
#4736 = EDGE_LOOP ( 'NONE', ( #2227, #4338, #4601, #1902 ) ) ;
#4737 = EDGE_LOOP ( 'NONE', ( #2986, #2729, #3406, #5027 ) ) ;
#4738 = LINE ( 'NONE', #4592, #4628 ) ;
#4739 = LINE ( 'NONE', #4869, #5048 ) ;
#4740 = AXIS2_PLACEMENT_3D ( 'NONE', #1923, #3353, #658 ) ;
#4741 = CARTESIAN_POINT ( 'NONE',  ( -0.4700000000000000300, 0.3200000000000000100, 0.2500000000000000000 ) ) ;
#4742 = DIRECTION ( 'NONE',  ( -1.084202172485504400E-016, -0.0000000000000000000, -1.000000000000000000 ) ) ;
#4743 = CARTESIAN_POINT ( 'NONE',  ( -8.249999999999978700, 0.8500000200199266900, 6.049999910120152300 ) ) ;
#4744 = EDGE_CURVE ( 'NONE', #3621, #3421, #3347, .T. ) ;
#4745 = UNCERTAINTY_MEASURE_WITH_UNIT (LENGTH_MEASURE( 1.000000000000000100E-005 ), #4921, 'distance_accuracy_value', 'NONE');
#4746 = CIRCLE ( 'NONE', #5002, 0.2999997026963719900 ) ;
#4747 = DIRECTION ( 'NONE',  ( -1.000000000000000000, 0.0000000000000000000, 0.0000000000000000000 ) ) ;
#4748 = SURFACE_STYLE_FILL_AREA ( #291 ) ;
#4749 = CARTESIAN_POINT ( 'NONE',  ( 0.0000000000000000000, 0.0000000000000000000, 0.0000000000000000000 ) ) ;
#4750 = EDGE_LOOP ( 'NONE', ( #1922, #200, #1753, #3059 ) ) ;
#4751 = CARTESIAN_POINT ( 'NONE',  ( -8.249999999999978700, 0.1000000354198192500, 1.449999834746017500 ) ) ;
#4752 = EDGE_CURVE ( 'NONE', #1316, #4909, #3761, .T. ) ;
#4753 = CYLINDRICAL_SURFACE ( 'NONE', #3297, 0.3000000000000224700 ) ;
#4754 = MECHANICAL_DESIGN_GEOMETRIC_PRESENTATION_REPRESENTATION (  '', ( #4235 ), #5042 ) ;
#4755 = LINE ( 'NONE', #2152, #2321 ) ;
#4756 = CARTESIAN_POINT ( 'NONE',  ( 7.850000000000023600, 1.249999999999999300, -6.449999999999955800 ) ) ;
#4757 = CARTESIAN_POINT ( 'NONE',  ( 16.96596284229220300, 0.8500000200199266900, 6.199999910120135700 ) ) ;
#4758 = DIRECTION ( 'NONE',  ( 0.0000000000000000000, 0.0000000000000000000, -1.000000000000000000 ) ) ;
#4759 = CARTESIAN_POINT ( 'NONE',  ( -7.850000000000023600, 1.249999999999999800, 6.049999999999999800 ) ) ;
#4760 = ADVANCED_FACE ( 'NONE', ( #3284 ), #3972, .T. ) ;
#4761 = EDGE_CURVE ( 'NONE', #2434, #2169, #3277, .T. ) ;
#4762 = MECHANICAL_DESIGN_GEOMETRIC_PRESENTATION_REPRESENTATION (  '', ( #222 ), #4482 ) ;
#4763 = DIRECTION ( 'NONE',  ( -1.555753819465285400E-061, 1.000000000000000000, -3.614007241618746000E-015 ) ) ;
#4764 = CARTESIAN_POINT ( 'NONE',  ( -0.2500000000000000000, 0.02999999999999995400, 0.2500000000000000000 ) ) ;
#4765 =( NAMED_UNIT ( * ) SI_UNIT ( $, .STERADIAN. ) SOLID_ANGLE_UNIT ( ) );
#4766 = FACE_OUTER_BOUND ( 'NONE', #675, .T. ) ;
#4767 = ORIENTED_EDGE ( 'NONE', *, *, #2103, .T. ) ;
#4768 = LINE ( 'NONE', #4819, #4570 ) ;
#4769 = DIRECTION ( 'NONE',  ( 0.0000000000000000000, 3.510749891857747400E-015, 1.000000000000000000 ) ) ;
#4770 = DIRECTION ( 'NONE',  ( 0.0000000000000000000, 1.070816960479511100E-016, -1.000000000000000000 ) ) ;
#4771 = ORIENTED_EDGE ( 'NONE', *, *, #4244, .T. ) ;
#4772 = EDGE_CURVE ( 'NONE', #1988, #4858, #3288, .T. ) ;
#4773 = DIRECTION ( 'NONE',  ( 0.0000000000000000000, 0.0000000000000000000, 1.000000000000000000 ) ) ;
#4774 = VERTEX_POINT ( 'NONE', #667 ) ;
#4775 = DIRECTION ( 'NONE',  ( 0.0000000000000000000, 1.000000000000000000, 0.0000000000000000000 ) ) ;
#4776 = ORIENTED_EDGE ( 'NONE', *, *, #2472, .T. ) ;
#4777 = ORIENTED_EDGE ( 'NONE', *, *, #3659, .T. ) ;
#4778 =( NAMED_UNIT ( * ) PLANE_ANGLE_UNIT ( ) SI_UNIT ( $, .RADIAN. ) );
#4779 = ORIENTED_EDGE ( 'NONE', *, *, #1318, .F. ) ;
#4780 = EDGE_CURVE ( 'NONE', #4634, #346, #3234, .T. ) ;
#4781 = DIRECTION ( 'NONE',  ( 1.000000000000000000, 0.0000000000000000000, 0.0000000000000000000 ) ) ;
#4782 = ORIENTED_EDGE ( 'NONE', *, *, #1935, .T. ) ;
#4783 = EDGE_CURVE ( 'NONE', #4523, #3049, #3224, .T. ) ;
#4784 = CARTESIAN_POINT ( 'NONE',  ( -8.049999999999981200, -1.976897066185978600E-007, -1.750000033366425000 ) ) ;
#4785 = MECHANICAL_DESIGN_GEOMETRIC_PRESENTATION_REPRESENTATION (  '', ( #2875 ), #4545 ) ;
#4786 = CARTESIAN_POINT ( 'NONE',  ( -0.2499999999999999400, 0.0000000000000000000, -0.2500000000000000000 ) ) ;
#4787 = ORIENTED_EDGE ( 'NONE', *, *, #3462, .F. ) ;
#4788 = SURFACE_STYLE_USAGE ( .BOTH. , #1237 ) ;
#4789 = APPLICATION_CONTEXT ( 'automotive_design' ) ;
#4790 = EDGE_LOOP ( 'NONE', ( #263, #3586, #1883, #4920 ) ) ;
#4791 = UNCERTAINTY_MEASURE_WITH_UNIT (LENGTH_MEASURE( 1.000000000000000100E-005 ), #815, 'distance_accuracy_value', 'NONE');
#4792 = AXIS2_PLACEMENT_3D ( 'NONE', #3655, #3495, #3637 ) ;
#4793 = CARTESIAN_POINT ( 'NONE',  ( -0.2499999999999999400, 0.0000000000000000000, -0.2500000000000000000 ) ) ;
#4794 = VERTEX_POINT ( 'NONE', #3859 ) ;
#4795 = CARTESIAN_POINT ( 'NONE',  ( -0.5000000000000000000, 0.3499999999999999200, -0.2500000000000000000 ) ) ;
#4796 = CARTESIAN_POINT ( 'NONE',  ( 4.450000000000009900, -6.071532165918824800E-015, 25.84595613157528100 ) ) ;
#4797 = MECHANICAL_DESIGN_GEOMETRIC_PRESENTATION_REPRESENTATION (  '', ( #4870 ), #4717 ) ;
#4798 = AXIS2_PLACEMENT_3D ( 'NONE', #3585, #1131, #1112 ) ;
#4799 = PRODUCT_CONTEXT ( 'NONE', #4808, 'mechanical' ) ;
#4800 = DIRECTION ( 'NONE',  ( 0.0000000000000000000, 0.0000000000000000000, 1.000000000000000000 ) ) ;
#4801 = CARTESIAN_POINT ( 'NONE',  ( -5.749999999999976900, 1.249999999999999800, 3.950000000000009100 ) ) ;
#4802 = FACE_OUTER_BOUND ( 'NONE', #1666, .T. ) ;
#4803 = PLANE ( 'NONE',  #3900 ) ;
#4804 = ORIENTED_EDGE ( 'NONE', *, *, #2716, .T. ) ;
#4805 = PLANE ( 'NONE',  #1441 ) ;
#4806 = CARTESIAN_POINT ( 'NONE',  ( -8.249999999999978700, 1.240000000000000000, 6.049999910120153100 ) ) ;
#4807 = APPLICATION_PROTOCOL_DEFINITION ( 'draft international standard', 'automotive_design', 1998, #4808 ) ;
#4808 = APPLICATION_CONTEXT ( 'automotive_design' ) ;
#4809 =( LENGTH_UNIT ( ) NAMED_UNIT ( * ) SI_UNIT ( .MILLI., .METRE. ) );
#4810 = DIRECTION ( 'NONE',  ( -1.084202172485504100E-016, 0.0000000000000000000, -1.000000000000000000 ) ) ;
#4811 = CARTESIAN_POINT ( 'NONE',  ( -8.380715139640129200, 0.3000000000000675500, 4.449999999999970000 ) ) ;
#4812 = DIRECTION ( 'NONE',  ( -0.0000000000000000000, -1.000000000000000000, -0.0000000000000000000 ) ) ;
#4813 = DIRECTION ( 'NONE',  ( 0.0000000000000000000, 0.0000000000000000000, -1.000000000000000000 ) ) ;
#4814 = EDGE_CURVE ( 'NONE', #154, #3608, #3167, .T. ) ;
#4815 = EDGE_LOOP ( 'NONE', ( #3774, #3644, #3672, #3274 ) ) ;
#4816 = ORIENTED_EDGE ( 'NONE', *, *, #4447, .F. ) ;
#4817 = FACE_OUTER_BOUND ( 'NONE', #2230, .T. ) ;
#4818 = ORIENTED_EDGE ( 'NONE', *, *, #5356, .T. ) ;
#4819 = CARTESIAN_POINT ( 'NONE',  ( 16.96596284229220300, 0.03000002925982944700, 1.749999910120184400 ) ) ;
#4820 = VECTOR ( 'NONE', #408, 1000.000000000000000 ) ;
#4821 = EDGE_CURVE ( 'NONE', #899, #4728, #3157, .T. ) ;
#4822 = AXIS2_PLACEMENT_3D ( 'NONE', #4953, #1089, #3289 ) ;
#4823 = ADVANCED_FACE ( 'NONE', ( #3043 ), #506, .T. ) ;
#4824 = CARTESIAN_POINT ( 'NONE',  ( 0.4700000000000000300, 0.02999999999999997100, 0.2500000000000000000 ) ) ;
#4825 = CARTESIAN_POINT ( 'NONE',  ( 8.250000000000035500, 1.249999999999999300, -1.850000000000018300 ) ) ;
#4826 = ORIENTED_EDGE ( 'NONE', *, *, #2077, .F. ) ;
#4827 = DIRECTION ( 'NONE',  ( -0.0000000000000000000, -0.0000000000000000000, -1.000000000000000000 ) ) ;
#4828 = ORIENTED_EDGE ( 'NONE', *, *, #4226, .F. ) ;
#4829 = APPLICATION_CONTEXT ( 'automotive_design' ) ;
#4830 = CARTESIAN_POINT ( 'NONE',  ( -0.2500000000000000600, 0.2999999999999999900, -0.2500000000000000000 ) ) ;
#4831 = CARTESIAN_POINT ( 'NONE',  ( -0.2500000000000000600, 0.2999999999999999900, -0.2500000000000000000 ) ) ;
#4832 = CARTESIAN_POINT ( 'NONE',  ( 7.850000000000023600, 1.250000000000000000, -6.239999999999955800 ) ) ;
#4833 = DIRECTION ( 'NONE',  ( 0.0000000000000000000, 1.000000000000000000, 0.0000000000000000000 ) ) ;
#4834 = DIRECTION ( 'NONE',  ( 1.000000000000000000, 0.0000000000000000000, 0.0000000000000000000 ) ) ;
#4835 = VECTOR ( 'NONE', #4954, 1000.000000000000000 ) ;
#4836 = ORIENTED_EDGE ( 'NONE', *, *, #3530, .T. ) ;
#4837 = VERTEX_POINT ( 'NONE', #4049 ) ;
#4838 = DIRECTION ( 'NONE',  ( 1.000000000000000000, -0.0000000000000000000, -0.0000000000000000000 ) ) ;
#4839 = CARTESIAN_POINT ( 'NONE',  ( 8.250000000000035500, -39.79214906653888300, -6.049999999999999800 ) ) ;
#4840 = DIRECTION ( 'NONE',  ( 0.0000000000000000000, 0.0000000000000000000, -1.000000000000000000 ) ) ;
#4841 = EDGE_CURVE ( 'NONE', #3845, #3280, #3057, .T. ) ;
#4842 = VERTEX_POINT ( 'NONE', #1193 ) ;
#4843 = VERTEX_POINT ( 'NONE', #4378 ) ;
#4844 = EDGE_LOOP ( 'NONE', ( #5141, #2170, #2385, #203 ) ) ;
#4845 = LINE ( 'NONE', #2323, #4666 ) ;
#4846 = DIRECTION ( 'NONE',  ( 0.0000000000000000000, -1.000000000000000000, 0.0000000000000000000 ) ) ;
#4847 = DIRECTION ( 'NONE',  ( 0.0000000000000000000, 0.0000000000000000000, 1.000000000000000000 ) ) ;
#4848 = CARTESIAN_POINT ( 'NONE',  ( 0.0000000000000000000, 0.0000000000000000000, 0.0000000000000000000 ) ) ;
#4849 = ORIENTED_EDGE ( 'NONE', *, *, #3659, .F. ) ;
#4850 = LINE ( 'NONE', #5203, #4887 ) ;
#4851 = PRESENTATION_LAYER_ASSIGNMENT (  '', '', ( #4870 ) ) ;
#4852 = ORIENTED_EDGE ( 'NONE', *, *, #1862, .T. ) ;
#4853 = CLOSED_SHELL ( 'NONE', ( #1625, #4488, #2607, #1495, #3899, #1867, #4351, #860, #3292, #827, #3614, #3434, #3645, #4247 ) ) ;
#4854 = EDGE_CURVE ( 'NONE', #3607, #2234, #3006, .T. ) ;
#4855 = DIRECTION ( 'NONE',  ( -1.000000000000000000, 0.0000000000000000000, 0.0000000000000000000 ) ) ;
#4856 = DIRECTION ( 'NONE',  ( 0.0000000000000000000, -3.614007241618746000E-015, -1.000000000000000000 ) ) ;
#4857 = VECTOR ( 'NONE', #3595, 1000.000000000000000 ) ;
#4858 = VERTEX_POINT ( 'NONE', #529 ) ;
#4859 = ORIENTED_EDGE ( 'NONE', *, *, #1185, .F. ) ;
#4860 = EDGE_CURVE ( 'NONE', #4174, #662, #2947, .T. ) ;
#4861 = ORIENTED_EDGE ( 'NONE', *, *, #2860, .T. ) ;
#4862 = AXIS2_PLACEMENT_3D ( 'NONE', #1839, #4565, #5058 ) ;
#4863 = ORIENTED_EDGE ( 'NONE', *, *, #4234, .F. ) ;
#4864 = DIRECTION ( 'NONE',  ( -0.0000000000000000000, -1.000000000000000000, -0.0000000000000000000 ) ) ;
#4865 = CARTESIAN_POINT ( 'NONE',  ( -8.000000000000007100, 0.2999999999999877800, 6.450000000000011700 ) ) ;
#4866 = ADVANCED_FACE ( 'NONE', ( #3108 ), #4729, .F. ) ;
#4867 = ORIENTED_EDGE ( 'NONE', *, *, #3104, .F. ) ;
#4868 = ORIENTED_EDGE ( 'NONE', *, *, #448, .F. ) ;
#4869 = CARTESIAN_POINT ( 'NONE',  ( -10.70000400000000000, 0.8000000000000000400, -7.000112999999995400 ) ) ;
#4870 = STYLED_ITEM ( 'NONE', ( #4142 ), #2797 ) ;
#4871 = DIRECTION ( 'NONE',  ( 0.0000000000000000000, 0.0000000000000000000, 1.000000000000000000 ) ) ;
#4872 = AXIS2_PLACEMENT_3D ( 'NONE', #935, #1669, #821 ) ;
#4873 = CARTESIAN_POINT ( 'NONE',  ( 16.96596284229220300, -0.1749999707401153600, 4.624999910120174600 ) ) ;
#4874 = DIRECTION ( 'NONE',  ( -1.000000000000000000, 0.0000000000000000000, 2.168404344971008600E-016 ) ) ;
#4875 = CARTESIAN_POINT ( 'NONE',  ( -8.000000000000007100, 0.8500000000000096400, 6.450000000000011700 ) ) ;
#4876 = VERTEX_POINT ( 'NONE', #1218 ) ;
#4877 = CARTESIAN_POINT ( 'NONE',  ( -8.000000000000007100, 0.2999999999999877800, 6.450000000000011700 ) ) ;
#4878 =( LENGTH_UNIT ( ) NAMED_UNIT ( * ) SI_UNIT ( .MILLI., .METRE. ) );
#4879 =( NAMED_UNIT ( * ) SI_UNIT ( $, .STERADIAN. ) SOLID_ANGLE_UNIT ( ) );
#4880 = SURFACE_STYLE_USAGE ( .BOTH. , #262 ) ;
#4881 = VECTOR ( 'NONE', #3459, 1000.000000000000000 ) ;
#4882 = CARTESIAN_POINT ( 'NONE',  ( -0.4700000000000000300, 0.3200000000000000100, -0.2500000000000000000 ) ) ;
#4883 = ORIENTED_EDGE ( 'NONE', *, *, #2615, .T. ) ;
#4884 = DIRECTION ( 'NONE',  ( -1.000000000000000000, 0.0000000000000000000, 0.0000000000000000000 ) ) ;
#4885 = VERTEX_POINT ( 'NONE', #5018 ) ;
#4886 = CARTESIAN_POINT ( 'NONE',  ( 0.2500000000000001100, 0.0000000000000000000, 0.2499999999999999400 ) ) ;
#4887 = VECTOR ( 'NONE', #3320, 1000.000000000000000 ) ;
#4888 = ORIENTED_EDGE ( 'NONE', *, *, #5074, .F. ) ;
#4889 = ORIENTED_EDGE ( 'NONE', *, *, #2381, .F. ) ;
#4890 = COLOUR_RGB ( '',0.0000000000000000000, 1.000000000000000000, 0.0000000000000000000 ) ;
#4891 = CARTESIAN_POINT ( 'NONE',  ( 8.050000000000034500, 1.239999999999999800, 6.049999999999960700 ) ) ;
#4892 = VECTOR ( 'NONE', #3018, 1000.000000000000000 ) ;
#4893 = FACE_OUTER_BOUND ( 'NONE', #997, .T. ) ;
#4894 = VECTOR ( 'NONE', #112, 1000.000000000000000 ) ;
#4895 = CARTESIAN_POINT ( 'NONE',  ( 0.4700000000000000300, 0.3200000000000000100, 0.2500000000000000000 ) ) ;
#4896 = CARTESIAN_POINT ( 'NONE',  ( -0.2500000000000000600, 0.0000000000000000000, -0.2500000000000000000 ) ) ;
#4897 = CARTESIAN_POINT ( 'NONE',  ( 10.70000400000000000, 0.8000000000000000400, -7.000112999999995400 ) ) ;
#4898 =( NAMED_UNIT ( * ) PLANE_ANGLE_UNIT ( ) SI_UNIT ( $, .RADIAN. ) );
#4899 = EDGE_CURVE ( 'NONE', #102, #3621, #2811, .T. ) ;
#4900 = EDGE_CURVE ( 'NONE', #1798, #469, #2745, .T. ) ;
#4901 = ORIENTED_EDGE ( 'NONE', *, *, #3865, .T. ) ;
#4902 = DIRECTION ( 'NONE',  ( -1.000000000000000000, 0.0000000000000000000, 0.0000000000000000000 ) ) ;
#4903 = CARTESIAN_POINT ( 'NONE',  ( -8.000000000000007100, 0.2999999999999886600, -25.84595613157522500 ) ) ;
#4904 = CARTESIAN_POINT ( 'NONE',  ( -5.850000000000021800, -6.938893903907228400E-015, 6.450000000000011700 ) ) ;
#4905 = APPLICATION_CONTEXT ( 'automotive_design' ) ;
#4906 = DIRECTION ( 'NONE',  ( 1.084202172485504300E-016, -0.0000000000000000000, 1.000000000000000000 ) ) ;
#4907 = VECTOR ( 'NONE', #4840, 1000.000000000000000 ) ;
#4908 = AXIS2_PLACEMENT_3D ( 'NONE', #1793, #2409, #2431 ) ;
#4909 = VERTEX_POINT ( 'NONE', #1002 ) ;
#4910 = ORIENTED_EDGE ( 'NONE', *, *, #2299, .T. ) ;
#4911 = VERTEX_POINT ( 'NONE', #1255 ) ;
#4912 = CARTESIAN_POINT ( 'NONE',  ( -8.049999999999979400, 1.239999999999999800, -6.050000033366454300 ) ) ;
#4913 = FACE_OUTER_BOUND ( 'NONE', #1704, .T. ) ;
#4914 = ORIENTED_EDGE ( 'NONE', *, *, #3964, .F. ) ;
#4915 = ORIENTED_EDGE ( 'NONE', *, *, #1559, .T. ) ;
#4916 = EDGE_CURVE ( 'NONE', #1389, #1055, #2874, .T. ) ;
#4917 = LINE ( 'NONE', #776, #5375 ) ;
#4918 = VECTOR ( 'NONE', #3483, 1000.000000000000000 ) ;
#4919 = DIRECTION ( 'NONE',  ( 0.0000000000000000000, -1.000000000000000000, 0.0000000000000000000 ) ) ;
#4920 = ORIENTED_EDGE ( 'NONE', *, *, #3131, .F. ) ;
#4921 =( LENGTH_UNIT ( ) NAMED_UNIT ( * ) SI_UNIT ( .MILLI., .METRE. ) );
#4922 = CARTESIAN_POINT ( 'NONE',  ( -0.4700000000000000300, 0.02999999999999997100, 0.2500000000000000000 ) ) ;
#4923 = DIRECTION ( 'NONE',  ( 1.000000000000000000, 0.0000000000000000000, 0.0000000000000000000 ) ) ;
#4924 = LINE ( 'NONE', #1510, #5325 ) ;
#4925 = EDGE_LOOP ( 'NONE', ( #233, #1293, #3095, #215, #2515, #2651, #2401, #1563, #2303, #2562, #982, #4460, #4393, #3008 ) ) ;
#4926 = CARTESIAN_POINT ( 'NONE',  ( -8.049999999999979400, -0.1750001976896977700, -4.625000033366439400 ) ) ;
#4927 = LINE ( 'NONE', #3531, #3330 ) ;
#4928 = EDGE_CURVE ( 'NONE', #4909, #1596, #2738, .T. ) ;
#4929 = PLANE ( 'NONE',  #2727 ) ;
#4930 = CARTESIAN_POINT ( 'NONE',  ( -8.000000000000007100, 0.8500000000000105200, -25.84595613157522500 ) ) ;
#4931 = DIRECTION ( 'NONE',  ( 1.000000000000000000, 0.0000000000000000000, -1.084202172485504100E-016 ) ) ;
#4932 = LINE ( 'NONE', #4398, #2783 ) ;
#4933 = EDGE_CURVE ( 'NONE', #2583, #5385, #2668, .T. ) ;
#4934 = VECTOR ( 'NONE', #3478, 1000.000000000000000 ) ;
#4935 = AXIS2_PLACEMENT_3D ( 'NONE', #1508, #4204, #3457 ) ;
#4936 = CARTESIAN_POINT ( 'NONE',  ( -8.049999999999981200, 1.239999999999999800, 6.049999910120151400 ) ) ;
#4937 = DIRECTION ( 'NONE',  ( 1.000000000000000000, 0.0000000000000000000, 0.0000000000000000000 ) ) ;
#4938 = ADVANCED_FACE ( 'NONE', ( #3940 ), #1241, .T. ) ;
#4939 = CARTESIAN_POINT ( 'NONE',  ( -8.249999999999978700, 0.09999979615031399900, -1.450000330670053100 ) ) ;
#4940 = FACE_OUTER_BOUND ( 'NONE', #281, .T. ) ;
#4941 = AXIS2_PLACEMENT_3D ( 'NONE', #4999, #159, #4249 ) ;
#4942 = FACE_OUTER_BOUND ( 'NONE', #1688, .T. ) ;
#4943 = CARTESIAN_POINT ( 'NONE',  ( -8.380715139640129200, 0.3000000000000675500, 0.2499999999999876500 ) ) ;
#4944 = VERTEX_POINT ( 'NONE', #752 ) ;
#4945 = VECTOR ( 'NONE', #4959, 1000.000000000000000 ) ;
#4946 = CARTESIAN_POINT ( 'NONE',  ( -8.049999999999979400, 1.239999999999999800, -6.050000033366454300 ) ) ;
#4947 = VECTOR ( 'NONE', #4981, 1000.000000000000000 ) ;
#4948 = LINE ( 'NONE', #4943, #4918 ) ;
#4949 = PLANE ( 'NONE',  #4184 ) ;
#4950 = PLANE ( 'NONE',  #570 ) ;
#4951 = LINE ( 'NONE', #4227, #3350 ) ;
#4952 = ORIENTED_EDGE ( 'NONE', *, *, #3750, .T. ) ;
#4953 = CARTESIAN_POINT ( 'NONE',  ( 7.850000000000030700, 1.240000000000000000, 6.240000000000010900 ) ) ;
#4954 = DIRECTION ( 'NONE',  ( 0.0000000000000000000, 0.0000000000000000000, 1.000000000000000000 ) ) ;
#4955 = EDGE_CURVE ( 'NONE', #1202, #5216, #2623, .T. ) ;
#4956 = DIRECTION ( 'NONE',  ( 0.0000000000000000000, 0.0000000000000000000, 1.000000000000000000 ) ) ;
#4957 = CYLINDRICAL_SURFACE ( 'NONE', #5076, 0.3000000753741666700 ) ;
#4958 = ADVANCED_FACE ( 'NONE', ( #2687 ), #3990, .T. ) ;
#4959 = DIRECTION ( 'NONE',  ( 0.0000000000000000000, -3.614007241618746000E-015, -1.000000000000000000 ) ) ;
#4960 = DIRECTION ( 'NONE',  ( -1.000000000000000000, 0.0000000000000000000, 0.0000000000000000000 ) ) ;
#4961 = DIRECTION ( 'NONE',  ( -1.000000000000000000, 0.0000000000000000000, 0.0000000000000000000 ) ) ;
#4962 = PRESENTATION_STYLE_ASSIGNMENT (( #4880 ) ) ;
#4963 = EDGE_CURVE ( 'NONE', #1909, #491, #2571, .T. ) ;
#4964 = ORIENTED_EDGE ( 'NONE', *, *, #2590, .F. ) ;
#4965 = AXIS2_PLACEMENT_3D ( 'NONE', #4159, #4662, #4062 ) ;
#4966 = ORIENTED_EDGE ( 'NONE', *, *, #5349, .F. ) ;
#4967 = COLOUR_RGB ( '',0.7921568627450980000, 0.8196078431372548800, 0.9333333333333333500 ) ;
#4968 = LINE ( 'NONE', #4125, #4569 ) ;
#4969 = LINE ( 'NONE', #1751, #5383 ) ;
#4970 = CARTESIAN_POINT ( 'NONE',  ( -7.850000000000023600, -39.79214906653888300, -6.239999999999955800 ) ) ;
#4971 =( GEOMETRIC_REPRESENTATION_CONTEXT ( 3 ) GLOBAL_UNCERTAINTY_ASSIGNED_CONTEXT ( ( #5105 ) ) GLOBAL_UNIT_ASSIGNED_CONTEXT ( ( #1014, #105, #104 ) ) REPRESENTATION_CONTEXT ( 'NONE', 'WORKASPACE' ) );
#4972 = ORIENTED_EDGE ( 'NONE', *, *, #5059, .T. ) ;
#4973 = AXIS2_PLACEMENT_3D ( 'NONE', #3148, #3336, #3539 ) ;
#4974 = AXIS2_PLACEMENT_3D ( 'NONE', #234, #2987, #3488 ) ;
#4975 = PLANE ( 'NONE',  #2007 ) ;
#4976 = LINE ( 'NONE', #1211, #4074 ) ;
#4977 = CARTESIAN_POINT ( 'NONE',  ( 0.2500000000000000600, 0.5000000000000000000, -0.2500000000000000600 ) ) ;
#4978 = CARTESIAN_POINT ( 'NONE',  ( -8.045235987755962300, 1.249999999999999100, -6.050000011122151900 ) ) ;
#4979 = DIRECTION ( 'NONE',  ( 0.0000000000000000000, 0.0000000000000000000, -1.000000000000000000 ) ) ;
#4980 = VERTEX_POINT ( 'NONE', #2883 ) ;
#4981 = DIRECTION ( 'NONE',  ( -1.000000000000000000, 0.0000000000000000000, 0.0000000000000000000 ) ) ;
#4982 = AXIS2_PLACEMENT_3D ( 'NONE', #4801, #2604, #2773 ) ;
#4983 = EDGE_LOOP ( 'NONE', ( #1483, #5242, #4397, #3686 ) ) ;
#4984 = LINE ( 'NONE', #1269, #5016 ) ;
#4985 = ORIENTED_EDGE ( 'NONE', *, *, #3707, .T. ) ;
#4986 = ORIENTED_EDGE ( 'NONE', *, *, #4772, .T. ) ;
#4987 = DIRECTION ( 'NONE',  ( 0.0000000000000000000, -0.0000000000000000000, 1.000000000000000000 ) ) ;
#4988 = DIRECTION ( 'NONE',  ( 0.0000000000000000000, 1.000000000000000000, 0.0000000000000000000 ) ) ;
#4989 = ORIENTED_EDGE ( 'NONE', *, *, #4036, .F. ) ;
#4990 = LINE ( 'NONE', #3525, #4697 ) ;
#4991 = ADVANCED_FACE ( 'NONE', ( #2612 ), #2490, .F. ) ;
#4992 = PLANE ( 'NONE',  #4862 ) ;
#4993 = DIRECTION ( 'NONE',  ( 0.0000000000000000000, 1.000000000000000000, 0.0000000000000000000 ) ) ;
#4994 =( GEOMETRIC_REPRESENTATION_CONTEXT ( 3 ) GLOBAL_UNCERTAINTY_ASSIGNED_CONTEXT ( ( #5341 ) ) GLOBAL_UNIT_ASSIGNED_CONTEXT ( ( #150, #146, #144 ) ) REPRESENTATION_CONTEXT ( 'NONE', 'WORKASPACE' ) );
#4995 = EDGE_CURVE ( 'NONE', #4342, #556, #2518, .T. ) ;
#4996 = EDGE_CURVE ( 'NONE', #735, #1457, #2523, .T. ) ;
#4997 = CARTESIAN_POINT ( 'NONE',  ( 0.2500000000000000600, 0.2999999999999999900, 0.2500000000000000600 ) ) ;
#4998 = PLANE ( 'NONE',  #4037 ) ;
#4999 = CARTESIAN_POINT ( 'NONE',  ( -0.4700000000000000300, 0.3200000000000000100, 0.2500000000000000000 ) ) ;
#5000 = MANIFOLD_SOLID_BREP ( 'ﾎﾞｽ - 押し出し1', #5390 ) ;
#5001 = CARTESIAN_POINT ( 'NONE',  ( 0.2500000000000000600, 0.5000000000000000000, -0.2500000000000000600 ) ) ;
#5002 = AXIS2_PLACEMENT_3D ( 'NONE', #3345, #4937, #4773 ) ;
#5003 = CARTESIAN_POINT ( 'NONE',  ( 0.4700000000000000300, 0.3200000000000000100, -0.2500000000000000000 ) ) ;
#5004 = LINE ( 'NONE', #2433, #3782 ) ;
#5005 = EDGE_LOOP ( 'NONE', ( #4712, #4782, #5117, #2997 ) ) ;
#5006 = DIRECTION ( 'NONE',  ( -1.000000000000000000, 0.0000000000000000000, 0.0000000000000000000 ) ) ;
#5007 = EDGE_LOOP ( 'NONE', ( #1015, #1558, #1997, #610 ) ) ;
#5008 = CYLINDRICAL_SURFACE ( 'NONE', #4474, 0.009999999999999592500 ) ;
#5009 = AXIS2_PLACEMENT_3D ( 'NONE', #2261, #4168, #2095 ) ;
#5010 = ORIENTED_EDGE ( 'NONE', *, *, #3117, .F. ) ;
#5011 = LINE ( 'NONE', #1980, #3402 ) ;
#5012 = DIRECTION ( 'NONE',  ( 7.700299520493638400E-017, -1.000000000000000000, 0.0000000000000000000 ) ) ;
#5013 = DIRECTION ( 'NONE',  ( 0.0000000000000000000, -1.000000000000000000, -1.239088197126308800E-016 ) ) ;
#5014 = DIRECTION ( 'NONE',  ( 0.0000000000000000000, 1.000000000000000000, 0.0000000000000000000 ) ) ;
#5015 = ORIENTED_EDGE ( 'NONE', *, *, #2894, .F. ) ;
#5016 = VECTOR ( 'NONE', #2975, 1000.000000000000000 ) ;
#5017 = MECHANICAL_DESIGN_GEOMETRIC_PRESENTATION_REPRESENTATION (  '', ( #5214 ), #4994 ) ;
#5018 = CARTESIAN_POINT ( 'NONE',  ( 0.5000000000000000000, 0.3499999999999999200, 0.2500000000000000000 ) ) ;
#5019 = LINE ( 'NONE', #95, #2500 ) ;
#5020 = AXIS2_PLACEMENT_3D ( 'NONE', #1708, #847, #644 ) ;
#5021 = CARTESIAN_POINT ( 'NONE',  ( -8.227367649758038600, 1.349617198340288500, -6.050000022244298700 ) ) ;
#5022 = CARTESIAN_POINT ( 'NONE',  ( 2.350000000000018700, 0.2999999999999886600, 25.84595613157528100 ) ) ;
#5023 = ORIENTED_EDGE ( 'NONE', *, *, #1431, .F. ) ;
#5024 = VECTOR ( 'NONE', #2969, 1000.000000000000000 ) ;
#5025 = DIRECTION ( 'NONE',  ( 1.000000000000000000, 0.0000000000000000000, -0.0000000000000000000 ) ) ;
#5026 = EDGE_CURVE ( 'NONE', #1493, #2234, #2271, .T. ) ;
#5027 = ORIENTED_EDGE ( 'NONE', *, *, #4226, .T. ) ;
#5028 = EDGE_LOOP ( 'NONE', ( #4406, #2945, #2275, #4557 ) ) ;
#5029 = CARTESIAN_POINT ( 'NONE',  ( 16.96596284229220300, 0.03000002925983638600, 3.749999910120186200 ) ) ;
#5030 = CARTESIAN_POINT ( 'NONE',  ( 8.000000000000007100, 0.8500000000000096400, -6.449999999999955800 ) ) ;
#5031 = CARTESIAN_POINT ( 'NONE',  ( -8.049999999999981200, 0.2999998023103072100, -3.850000033366471900 ) ) ;
#5032 = ADVANCED_FACE ( 'NONE', ( #2463 ), #2870, .T. ) ;
#5033 = SURFACE_STYLE_FILL_AREA ( #306 ) ;
#5034 = FACE_OUTER_BOUND ( 'NONE', #4522, .T. ) ;
#5035 = CARTESIAN_POINT ( 'NONE',  ( 8.000000000000007100, 0.2999999999999877800, 6.250000000000010700 ) ) ;
#5036 = ORIENTED_EDGE ( 'NONE', *, *, #2555, .T. ) ;
#5037 = CARTESIAN_POINT ( 'NONE',  ( -8.049999999999979400, 0.03000002925982944700, 1.749999910120184400 ) ) ;
#5038 = EDGE_CURVE ( 'NONE', #3328, #4609, #2210, .T. ) ;
#5039 = CARTESIAN_POINT ( 'NONE',  ( -0.2499999999999999400, 0.5000000000000000000, 0.2500000000000000000 ) ) ;
#5040 = FILL_AREA_STYLE ('',( #3932 ) ) ;
#5041 = LINE ( 'NONE', #4178, #2828 ) ;
#5042 =( GEOMETRIC_REPRESENTATION_CONTEXT ( 3 ) GLOBAL_UNCERTAINTY_ASSIGNED_CONTEXT ( ( #3003 ) ) GLOBAL_UNIT_ASSIGNED_CONTEXT ( ( #411, #4118, #1416 ) ) REPRESENTATION_CONTEXT ( 'NONE', 'WORKASPACE' ) );
#5043 = CARTESIAN_POINT ( 'NONE',  ( -7.850000000000023600, -39.79214906653888300, -6.049999999999999800 ) ) ;
#5044 = VERTEX_POINT ( 'NONE', #2377 ) ;
#5045 = DIRECTION ( 'NONE',  ( 1.000000000000000000, 0.0000000000000000000, 0.0000000000000000000 ) ) ;
#5046 = ADVANCED_FACE ( 'NONE', ( #2510 ), #2705, .T. ) ;
#5047 = DIRECTION ( 'NONE',  ( 0.0000000000000000000, -1.000000000000000000, 0.0000000000000000000 ) ) ;
#5048 = VECTOR ( 'NONE', #654, 1000.000000000000000 ) ;
#5049 = ORIENTED_EDGE ( 'NONE', *, *, #2059, .F. ) ;
#5050 = EDGE_CURVE ( 'NONE', #2819, #511, #4024, .T. ) ;
#5051 = VERTEX_POINT ( 'NONE', #5346 ) ;
#5052 = PRESENTATION_LAYER_ASSIGNMENT (  '', '', ( #222 ) ) ;
#5053 = DIRECTION ( 'NONE',  ( 0.0000000000000000000, -0.0000000000000000000, 1.000000000000000000 ) ) ;
#5054 = DIRECTION ( 'NONE',  ( 1.000000000000000000, 0.0000000000000000000, 0.0000000000000000000 ) ) ;
#5055 = ORIENTED_EDGE ( 'NONE', *, *, #3729, .T. ) ;
#5056 = LINE ( 'NONE', #2189, #3147 ) ;
#5057 = ORIENTED_EDGE ( 'NONE', *, *, #1905, .T. ) ;
#5058 = DIRECTION ( 'NONE',  ( -0.0000000000000000000, 0.0000000000000000000, -1.000000000000000000 ) ) ;
#5059 = EDGE_CURVE ( 'NONE', #2696, #1316, #2157, .T. ) ;
#5060 = DIRECTION ( 'NONE',  ( 0.0000000000000000000, 3.469446951953653600E-015, 1.000000000000000000 ) ) ;
#5061 = VERTEX_POINT ( 'NONE', #2197 ) ;
#5062 = FACE_OUTER_BOUND ( 'NONE', #2020, .T. ) ;
#5063 = ORIENTED_EDGE ( 'NONE', *, *, #2124, .T. ) ;
#5064 = LINE ( 'NONE', #4764, #4233 ) ;
#5065 = DIRECTION ( 'NONE',  ( 0.0000000000000000000, 0.0000000000000000000, 1.000000000000000000 ) ) ;
#5066 = FACE_OUTER_BOUND ( 'NONE', #3572, .T. ) ;
#5067 = EDGE_CURVE ( 'NONE', #899, #241, #2148, .T. ) ;
#5068 = ORIENTED_EDGE ( 'NONE', *, *, #3394, .F. ) ;
#5069 = DIRECTION ( 'NONE',  ( -1.000000000000000000, 0.0000000000000000000, 0.0000000000000000000 ) ) ;
#5070 = DIRECTION ( 'NONE',  ( -1.000000000000000000, 0.0000000000000000000, 0.0000000000000000000 ) ) ;
#5071 = VECTOR ( 'NONE', #4988, 1000.000000000000000 ) ;
#5072 = PRESENTATION_LAYER_ASSIGNMENT (  '', '', ( #5214 ) ) ;
#5073 = ADVANCED_FACE ( 'NONE', ( #4494 ), #4066, .T. ) ;
#5074 = EDGE_CURVE ( 'NONE', #2790, #1798, #2078, .T. ) ;
#5075 = DIRECTION ( 'NONE',  ( 2.189528850507526700E-047, -3.097720492815085700E-015, -1.000000000000000000 ) ) ;
#5076 = AXIS2_PLACEMENT_3D ( 'NONE', #762, #3113, #2107 ) ;
#5077 = PRODUCT_DEFINITION_SHAPE ( 'NONE', 'NONE',  #4225 ) ;
#5078 = CARTESIAN_POINT ( 'NONE',  ( -3.749999999999975600, -6.071532165918824800E-015, -6.249999999999957400 ) ) ;
#5079 = PLANE ( 'NONE',  #1118 ) ;
#5080 = DIRECTION ( 'NONE',  ( -0.0000000000000000000, -1.000000000000000000, -0.0000000000000000000 ) ) ;
#5081 = PLANE ( 'NONE',  #976 ) ;
#5082 = LINE ( 'NONE', #1914, #890 ) ;
#5083 = AXIS2_PLACEMENT_3D ( 'NONE', #1809, #1302, #2053 ) ;
#5084 = PLANE ( 'NONE',  #2291 ) ;
#5085 = EDGE_CURVE ( 'NONE', #808, #4794, #1804, .T. ) ;
#5086 = DIRECTION ( 'NONE',  ( 0.0000000000000000000, 1.000000000000000000, -6.123233995736766000E-017 ) ) ;
#5087 = CARTESIAN_POINT ( 'NONE',  ( -8.039999999999979600, -39.79214906653888300, -6.049999999999999800 ) ) ;
#5088 = EDGE_LOOP ( 'NONE', ( #3860, #2507, #4117, #4767 ) ) ;
#5089 = DIRECTION ( 'NONE',  ( -1.000000000000000000, -0.0000000000000000000, -0.0000000000000000000 ) ) ;
#5090 = ORIENTED_EDGE ( 'NONE', *, *, #3681, .F. ) ;
#5091 = VECTOR ( 'NONE', #5104, 1000.000000000000000 ) ;
#5092 =( GEOMETRIC_REPRESENTATION_CONTEXT ( 3 ) GLOBAL_UNCERTAINTY_ASSIGNED_CONTEXT ( ( #2277 ) ) GLOBAL_UNIT_ASSIGNED_CONTEXT ( ( #218, #318, #128 ) ) REPRESENTATION_CONTEXT ( 'NONE', 'WORKASPACE' ) );
#5093 = DIRECTION ( 'NONE',  ( -1.084202172485504400E-016, -0.0000000000000000000, -1.000000000000000000 ) ) ;
#5094 = LINE ( 'NONE', #3173, #5024 ) ;
#5095 = VECTOR ( 'NONE', #1991, 1000.000000000000000 ) ;
#5096 = CARTESIAN_POINT ( 'NONE',  ( -7.850000000000023600, 1.450000000000000000, -6.239999999999955800 ) ) ;
#5097 = DIRECTION ( 'NONE',  ( 0.0000000000000000000, -1.000000000000000000, -6.123233995736766000E-017 ) ) ;
#5098 = VECTOR ( 'NONE', #5266, 1000.000000000000000 ) ;
#5099 = LINE ( 'NONE', #2483, #5247 ) ;
#5100 = EDGE_LOOP ( 'NONE', ( #2070, #3125, #2761, #1944 ) ) ;
#5101 = CARTESIAN_POINT ( 'NONE',  ( 0.0000000000000000000, 0.0000000000000000000, 0.0000000000000000000 ) ) ;
#5102 = SURFACE_SIDE_STYLE ('',( #336 ) ) ;
#5103 = ORIENTED_EDGE ( 'NONE', *, *, #639, .T. ) ;
#5104 = DIRECTION ( 'NONE',  ( -0.0000000000000000000, -1.000000000000000000, -0.0000000000000000000 ) ) ;
#5105 = UNCERTAINTY_MEASURE_WITH_UNIT (LENGTH_MEASURE( 1.000000000000000100E-005 ), #1014, 'distance_accuracy_value', 'NONE');
#5106 = ORIENTED_EDGE ( 'NONE', *, *, #3960, .T. ) ;
#5107 = VECTOR ( 'NONE', #5126, 1000.000000000000000 ) ;
#5108 = DIRECTION ( 'NONE',  ( -0.0000000000000000000, -1.000000000000000000, -0.0000000000000000000 ) ) ;
#5109 = EDGE_CURVE ( 'NONE', #3344, #3432, #2084, .T. ) ;
#5110 = FACE_OUTER_BOUND ( 'NONE', #2484, .T. ) ;
#5111 = AXIS2_PLACEMENT_3D ( 'NONE', #3927, #4091, #5303 ) ;
#5112 = ORIENTED_EDGE ( 'NONE', *, *, #1460, .F. ) ;
#5113 = ORIENTED_EDGE ( 'NONE', *, *, #3838, .T. ) ;
#5114 = DIRECTION ( 'NONE',  ( -1.000000000000000000, 0.0000000000000000000, 0.0000000000000000000 ) ) ;
#5115 = CARTESIAN_POINT ( 'NONE',  ( 16.96596284229220300, 0.3000000292598843400, 3.749999910120185300 ) ) ;
#5116 = SURFACE_STYLE_FILL_AREA ( #5124 ) ;
#5117 = ORIENTED_EDGE ( 'NONE', *, *, #5067, .T. ) ;
#5118 = EDGE_CURVE ( 'NONE', #1173, #3550, #2021, .T. ) ;
#5119 = AXIS2_PLACEMENT_3D ( 'NONE', #3251, #844, #4315 ) ;
#5120 = CARTESIAN_POINT ( 'NONE',  ( -8.249999999999978700, -1.976897066185978600E-007, -1.750000033366425000 ) ) ;
#5121 = DIRECTION ( 'NONE',  ( 0.0000000000000000000, 1.000000000000000000, -2.168404344971247900E-015 ) ) ;
#5122 = VERTEX_POINT ( 'NONE', #3111 ) ;
#5123 = CARTESIAN_POINT ( 'NONE',  ( 0.0000000000000000000, 0.0000000000000000000, 0.2500000000000000000 ) ) ;
#5124 = FILL_AREA_STYLE ('',( #2162 ) ) ;
#5125 = ADVANCED_FACE ( 'NONE', ( #1949 ), #1893, .T. ) ;
#5126 = DIRECTION ( 'NONE',  ( 0.0000000000000000000, 1.000000000000000000, -3.212450881437960700E-015 ) ) ;
#5127 = ORIENTED_EDGE ( 'NONE', *, *, #320, .F. ) ;
#5128 = AXIS2_PLACEMENT_3D ( 'NONE', #4250, #4029, #3975 ) ;
#5129 = FACE_OUTER_BOUND ( 'NONE', #3276, .T. ) ;
#5130 = DIRECTION ( 'NONE',  ( 1.000000000000000000, 0.0000000000000000000, 0.0000000000000000000 ) ) ;
#5131 = LINE ( 'NONE', #1438, #3316 ) ;
#5132 = ORIENTED_EDGE ( 'NONE', *, *, #2276, .T. ) ;
#5133 = ORIENTED_EDGE ( 'NONE', *, *, #481, .F. ) ;
#5134 = LINE ( 'NONE', #1361, #4402 ) ;
#5135 = CARTESIAN_POINT ( 'NONE',  ( -8.049999999999981200, 0.1000000292598439400, 1.749999910120184200 ) ) ;
#5136 = ORIENTED_EDGE ( 'NONE', *, *, #231, .T. ) ;
#5137 = MECHANICAL_DESIGN_GEOMETRIC_PRESENTATION_REPRESENTATION (  '', ( #1309 ), #4 ) ;
#5138 = DIRECTION ( 'NONE',  ( 0.0000000000000000000, 3.469446951953653600E-015, 1.000000000000000000 ) ) ;
#5139 = VERTEX_POINT ( 'NONE', #1538 ) ;
#5140 = ADVANCED_FACE ( 'NONE', ( #2069 ), #4058, .T. ) ;
#5141 = ORIENTED_EDGE ( 'NONE', *, *, #1689, .T. ) ;
#5142 = DIRECTION ( 'NONE',  ( 1.000000000000000000, 0.0000000000000000000, 0.0000000000000000000 ) ) ;
#5143 = EDGE_CURVE ( 'NONE', #1457, #1202, #1885, .T. ) ;
#5144 = CARTESIAN_POINT ( 'NONE',  ( -8.249999999999978700, -0.4000001930697210100, -4.850000033366442600 ) ) ;
#5145 = VECTOR ( 'NONE', #1238, 1000.000000000000000 ) ;
#5146 = ORIENTED_EDGE ( 'NONE', *, *, #1935, .F. ) ;
#5147 = DIRECTION ( 'NONE',  ( 0.0000000000000000000, -1.000000000000000000, 0.0000000000000000000 ) ) ;
#5148 = DIRECTION ( 'NONE',  ( 0.0000000000000000000, 1.000000000000000000, 6.123233995736766000E-017 ) ) ;
#5149 = VECTOR ( 'NONE', #4906, 1000.000000000000000 ) ;
#5150 = ORIENTED_EDGE ( 'NONE', *, *, #5050, .F. ) ;
#5151 = CARTESIAN_POINT ( 'NONE',  ( -8.039999999999979600, 1.449999999999998800, 6.049999999999999800 ) ) ;
#5152 = EDGE_CURVE ( 'NONE', #3299, #5234, #1754, .T. ) ;
#5153 = EDGE_LOOP ( 'NONE', ( #2196, #3097, #688, #544 ) ) ;
#5154 = CARTESIAN_POINT ( 'NONE',  ( -5.850000000000021800, 0.2999999999999877800, -6.449999999999955800 ) ) ;
#5155 = CARTESIAN_POINT ( 'NONE',  ( -8.049999999999981200, 0.2999999897618180800, 1.226392895033261200 ) ) ;
#5156 = VECTOR ( 'NONE', #2616, 1000.000000000000000 ) ;
#5157 = CARTESIAN_POINT ( 'NONE',  ( -8.049999999999979400, 1.245235987755982400, -6.050000022244303100 ) ) ;
#5158 = LINE ( 'NONE', #1470, #4529 ) ;
#5159 = LINE ( 'NONE', #5039, #3877 ) ;
#5160 = ADVANCED_FACE ( 'NONE', ( #1621 ), #2273, .F. ) ;
#5161 = LINE ( 'NONE', #3195, #5202 ) ;
#5162 = DIRECTION ( 'NONE',  ( 1.000000000000000000, 0.0000000000000000000, -0.0000000000000000000 ) ) ;
#5163 = VECTOR ( 'NONE', #4993, 1000.000000000000000 ) ;
#5164 = ORIENTED_EDGE ( 'NONE', *, *, #2419, .F. ) ;
#5165 = LINE ( 'NONE', #3335, #5277 ) ;
#5166 = DIRECTION ( 'NONE',  ( 1.000000000000000000, 0.0000000000000000000, 0.0000000000000000000 ) ) ;
#5167 = DIRECTION ( 'NONE',  ( 0.0000000000000000000, -0.0000000000000000000, 1.000000000000000000 ) ) ;
#5168 = VECTOR ( 'NONE', #4956, 1000.000000000000000 ) ;
#5169 = FACE_OUTER_BOUND ( 'NONE', #2254, .T. ) ;
#5170 = ORIENTED_EDGE ( 'NONE', *, *, #4814, .T. ) ;
#5171 = CARTESIAN_POINT ( 'NONE',  ( 8.000000000000007100, 0.8500000000000096400, 6.250000000000010700 ) ) ;
#5172 = ORIENTED_EDGE ( 'NONE', *, *, #4201, .T. ) ;
#5173 = VECTOR ( 'NONE', #2720, 1000.000000000000000 ) ;
#5174 = LINE ( 'NONE', #2691, #1308 ) ;
#5175 = SURFACE_SIDE_STYLE ('',( #2561 ) ) ;
#5176 = VERTEX_POINT ( 'NONE', #3661 ) ;
#5177 = ORIENTED_EDGE ( 'NONE', *, *, #678, .F. ) ;
#5178 = DIRECTION ( 'NONE',  ( 0.0000000000000000000, 0.0000000000000000000, 1.000000000000000000 ) ) ;
#5179 = LINE ( 'NONE', #4144, #5163 ) ;
#5180 = CARTESIAN_POINT ( 'NONE',  ( -7.850000000000023600, 1.249999999999999300, -6.449999999999955800 ) ) ;
#5181 = DIRECTION ( 'NONE',  ( -1.000000000000000000, 0.0000000000000000000, -0.0000000000000000000 ) ) ;
#5182 = DIRECTION ( 'NONE',  ( 0.0000000000000000000, -1.000000000000000000, 4.731064025391335000E-015 ) ) ;
#5183 = ORIENTED_EDGE ( 'NONE', *, *, #3756, .F. ) ;
#5184 = ORIENTED_EDGE ( 'NONE', *, *, #1499, .F. ) ;
#5185 = EDGE_CURVE ( 'NONE', #316, #3696, #1749, .T. ) ;
#5186 = DIRECTION ( 'NONE',  ( 1.000000000000000000, 0.0000000000000000000, 0.0000000000000000000 ) ) ;
#5187 = EDGE_CURVE ( 'NONE', #3181, #2897, #1598, .T. ) ;
#5188 = DIRECTION ( 'NONE',  ( 1.000000000000000000, 0.0000000000000000000, 0.0000000000000000000 ) ) ;
#5189 = CARTESIAN_POINT ( 'NONE',  ( 0.2500000000000000600, 0.0000000000000000000, -0.2500000000000000600 ) ) ;
#5190 = CARTESIAN_POINT ( 'NONE',  ( 0.2500000000000001100, 0.0000000000000000000, 0.2499999999999999400 ) ) ;
#5191 = CARTESIAN_POINT ( 'NONE',  ( -7.850000000000023600, 1.250000000000000000, -6.239999999999955800 ) ) ;
#5192 = CARTESIAN_POINT ( 'NONE',  ( -8.000000000000007100, 0.8500000000000105200, 25.84595613157528100 ) ) ;
#5193 = AXIS2_PLACEMENT_3D ( 'NONE', #1818, #1897, #1772 ) ;
#5194 = CARTESIAN_POINT ( 'NONE',  ( -0.4700000000000000300, 0.02999999999999997100, 0.2500000000000000000 ) ) ;
#5195 = CARTESIAN_POINT ( 'NONE',  ( 8.050000000000036200, 0.3000000000000675500, 0.2499999999999876500 ) ) ;
#5196 = CARTESIAN_POINT ( 'NONE',  ( 0.0000000000000000000, 0.5000000000000000000, 0.0000000000000000000 ) ) ;
#5197 = CARTESIAN_POINT ( 'NONE',  ( 8.250000000000035500, 0.3000000000000693200, 2.424999999999970500 ) ) ;
#5198 = ORIENTED_EDGE ( 'NONE', *, *, #3674, .F. ) ;
#5199 = EDGE_CURVE ( 'NONE', #566, #4367, #1701, .T. ) ;
#5200 = ORIENTED_EDGE ( 'NONE', *, *, #4685, .T. ) ;
#5201 = DIRECTION ( 'NONE',  ( 0.0000000000000000000, -1.000000000000000000, -6.123233995736766000E-017 ) ) ;
#5202 = VECTOR ( 'NONE', #5411, 1000.000000000000000 ) ;
#5203 = CARTESIAN_POINT ( 'NONE',  ( -8.000000000000007100, 0.2999999999999877800, -6.249999999999955600 ) ) ;
#5204 = ADVANCED_FACE ( 'NONE', ( #3926 ), #1204, .T. ) ;
#5205 = FACE_OUTER_BOUND ( 'NONE', #42, .T. ) ;
#5206 = CARTESIAN_POINT ( 'NONE',  ( -8.049999999999979400, 0.3000000200199283200, 5.074999910120151700 ) ) ;
#5207 = VERTEX_POINT ( 'NONE', #4784 ) ;
#5208 = DIRECTION ( 'NONE',  ( 0.0000000000000000000, 1.000000000000000000, 0.0000000000000000000 ) ) ;
#5209 = DIRECTION ( 'NONE',  ( 0.0000000000000000000, 1.000000000000000000, 0.0000000000000000000 ) ) ;
#5210 = FACE_OUTER_BOUND ( 'NONE', #4534, .T. ) ;
#5211 = ORIENTED_EDGE ( 'NONE', *, *, #1407, .T. ) ;
#5212 = EDGE_CURVE ( 'NONE', #4885, #1493, #3588, .T. ) ;
#5213 = FACE_OUTER_BOUND ( 'NONE', #3616, .T. ) ;
#5214 = STYLED_ITEM ( 'NONE', ( #3535 ), #5308 ) ;
#5215 = DIRECTION ( 'NONE',  ( 0.0000000000000000000, 1.000000000000000000, 0.0000000000000000000 ) ) ;
#5216 = VERTEX_POINT ( 'NONE', #86 ) ;
#5217 = EDGE_CURVE ( 'NONE', #3503, #4669, #904, .T. ) ;
#5218 = CARTESIAN_POINT ( 'NONE',  ( -7.850000000000023600, 0.8500000000000096400, -6.449999999999955800 ) ) ;
#5219 = CARTESIAN_POINT ( 'NONE',  ( 7.850000000000023600, 0.8500000000000105200, 25.84595613157528100 ) ) ;
#5220 = LINE ( 'NONE', #5197, #5098 ) ;
#5221 = DIRECTION ( 'NONE',  ( 2.149714308835253300E-031, 3.510749891857747400E-015, 1.000000000000000000 ) ) ;
#5222 = DIRECTION ( 'NONE',  ( -1.084202172485504300E-016, 0.0000000000000000000, -1.000000000000000000 ) ) ;
#5223 = VERTEX_POINT ( 'NONE', #3192 ) ;
#5224 = DIRECTION ( 'NONE',  ( 0.0000000000000000000, 1.000000000000000000, -2.891205793294729500E-015 ) ) ;
#5225 = CARTESIAN_POINT ( 'NONE',  ( 8.050000000000034500, 0.3000000000000693200, 0.2499999999999876500 ) ) ;
#5226 = FACE_OUTER_BOUND ( 'NONE', #741, .T. ) ;
#5227 = SURFACE_STYLE_FILL_AREA ( #2924 ) ;
#5228 = PLANE ( 'NONE',  #2976 ) ;
#5229 = DIRECTION ( 'NONE',  ( -1.000000000000000000, 7.700299520493638400E-017, -0.0000000000000000000 ) ) ;
#5230 = ORIENTED_EDGE ( 'NONE', *, *, #2437, .F. ) ;
#5231 = EDGE_LOOP ( 'NONE', ( #1084, #2628, #4777, #3145 ) ) ;
#5232 = LINE ( 'NONE', #15, #4857 ) ;
#5233 = LINE ( 'NONE', #2999, #5300 ) ;
#5234 = VERTEX_POINT ( 'NONE', #2362 ) ;
#5235 = CARTESIAN_POINT ( 'NONE',  ( 0.0000000000000000000, 0.0000000000000000000, 0.0000000000000000000 ) ) ;
#5236 = EDGE_LOOP ( 'NONE', ( #2657, #2066, #3441, #1122 ) ) ;
#5237 = FACE_OUTER_BOUND ( 'NONE', #4455, .T. ) ;
#5238 = CARTESIAN_POINT ( 'NONE',  ( -8.049999999999981200, 0.8500000200199266900, 6.199999910120135700 ) ) ;
#5239 = COLOUR_RGB ( '',0.0000000000000000000, 1.000000000000000000, 0.0000000000000000000 ) ;
#5240 = CARTESIAN_POINT ( 'NONE',  ( 2.350000000000018700, 0.2999999999999886600, -25.84595613157522500 ) ) ;
#5241 = ORIENTED_EDGE ( 'NONE', *, *, #5284, .T. ) ;
#5242 = ORIENTED_EDGE ( 'NONE', *, *, #2371, .T. ) ;
#5243 = DIRECTION ( 'NONE',  ( 0.0000000000000000000, -1.000000000000000000, 3.510749891857747400E-015 ) ) ;
#5244 =( GEOMETRIC_REPRESENTATION_CONTEXT ( 3 ) GLOBAL_UNCERTAINTY_ASSIGNED_CONTEXT ( ( #2512 ) ) GLOBAL_UNIT_ASSIGNED_CONTEXT ( ( #243, #236, #235 ) ) REPRESENTATION_CONTEXT ( 'NONE', 'WORKASPACE' ) );
#5245 = DIRECTION ( 'NONE',  ( 0.0000000000000000000, 0.0000000000000000000, 1.000000000000000000 ) ) ;
#5246 = EDGE_CURVE ( 'NONE', #346, #5370, #1540, .T. ) ;
#5247 = VECTOR ( 'NONE', #1398, 1000.000000000000000 ) ;
#5248 = VERTEX_POINT ( 'NONE', #3574 ) ;
#5249 = LINE ( 'NONE', #2061, #2893 ) ;
#5250 = ORIENTED_EDGE ( 'NONE', *, *, #1262, .F. ) ;
#5251 = UNCERTAINTY_MEASURE_WITH_UNIT (LENGTH_MEASURE( 1.000000000000000100E-005 ), #401, 'distance_accuracy_value', 'NONE');
#5252 = VERTEX_POINT ( 'NONE', #589 ) ;
#5253 = EDGE_CURVE ( 'NONE', #2630, #2114, #1468, .T. ) ;
#5254 = EDGE_LOOP ( 'NONE', ( #548, #3518, #3247, #313 ) ) ;
#5255 = AXIS2_PLACEMENT_3D ( 'NONE', #2179, #3044, #546 ) ;
#5256 = CARTESIAN_POINT ( 'NONE',  ( 2.350000000000018700, 0.2999999999999886600, 25.84595613157528100 ) ) ;
#5257 = VECTOR ( 'NONE', #4470, 1000.000000000000000 ) ;
#5258 = LINE ( 'NONE', #4376, #5367 ) ;
#5259 = CARTESIAN_POINT ( 'NONE',  ( -3.749999999999975600, 0.2999999999999877800, 6.250000000000010700 ) ) ;
#5260 = DIRECTION ( 'NONE',  ( 0.0000000000000000000, -1.000000000000000000, 3.469446951953653600E-015 ) ) ;
#5261 =( NAMED_UNIT ( * ) PLANE_ANGLE_UNIT ( ) SI_UNIT ( $, .RADIAN. ) );
#5262 = PRESENTATION_LAYER_ASSIGNMENT (  '', '', ( #4696 ) ) ;
#5263 = VERTEX_POINT ( 'NONE', #4656 ) ;
#5264 = LINE ( 'NONE', #4811, #5257 ) ;
#5265 = VECTOR ( 'NONE', #2493, 1000.000000000000000 ) ;
#5266 = DIRECTION ( 'NONE',  ( 0.0000000000000000000, -1.000000000000000000, 0.0000000000000000000 ) ) ;
#5267 = FACE_OUTER_BOUND ( 'NONE', #1103, .T. ) ;
#5268 = AXIS2_PLACEMENT_3D ( 'NONE', #5123, #287, #5181 ) ;
#5269 = ORIENTED_EDGE ( 'NONE', *, *, #2375, .T. ) ;
#5270 = LINE ( 'NONE', #1299, #5265 ) ;
#5271 = CARTESIAN_POINT ( 'NONE',  ( -0.2500000000000000600, 0.2999999999999999900, -0.2500000000000000000 ) ) ;
#5272 = CARTESIAN_POINT ( 'NONE',  ( -8.249999999999978700, 0.09999980231028236800, -1.750000033366425200 ) ) ;
#5273 = LINE ( 'NONE', #2694, #4271 ) ;
#5274 = DIRECTION ( 'NONE',  ( -1.000000000000000000, -0.0000000000000000000, -0.0000000000000000000 ) ) ;
#5275 = EDGE_LOOP ( 'NONE', ( #4322, #4339, #390, #1783 ) ) ;
#5276 = LINE ( 'NONE', #1297, #5355 ) ;
#5277 = VECTOR ( 'NONE', #3031, 1000.000000000000000 ) ;
#5278 = LINE ( 'NONE', #2801, #1733 ) ;
#5279 = ADVANCED_FACE ( 'NONE', ( #1533 ), #1970, .F. ) ;
#5280 = ADVANCED_FACE ( 'NONE', ( #1955 ), #1894, .T. ) ;
#5281 = DIRECTION ( 'NONE',  ( -1.000000000000000000, 0.0000000000000000000, 0.0000000000000000000 ) ) ;
#5282 = DIRECTION ( 'NONE',  ( -0.0000000000000000000, -0.0000000000000000000, -1.000000000000000000 ) ) ;
#5283 = ORIENTED_EDGE ( 'NONE', *, *, #4507, .F. ) ;
#5284 = EDGE_CURVE ( 'NONE', #154, #3435, #2399, .T. ) ;
#5285 = ORIENTED_EDGE ( 'NONE', *, *, #2958, .T. ) ;
#5286 = VERTEX_POINT ( 'NONE', #1346 ) ;
#5287 = AXIS2_PLACEMENT_3D ( 'NONE', #2642, #2057, #4517 ) ;
#5288 = VECTOR ( 'NONE', #1225, 1000.000000000000000 ) ;
#5289 = VECTOR ( 'NONE', #2312, 1000.000000000000000 ) ;
#5290 = ORIENTED_EDGE ( 'NONE', *, *, #1551, .F. ) ;
#5291 = FACE_OUTER_BOUND ( 'NONE', #1822, .T. ) ;
#5292 = CARTESIAN_POINT ( 'NONE',  ( -8.380715139640129200, 0.8500000000000069700, 6.199999999999944200 ) ) ;
#5293 = VECTOR ( 'NONE', #5089, 1000.000000000000000 ) ;
#5294 = CARTESIAN_POINT ( 'NONE',  ( -0.4700000000000000300, 0.3200000000000000100, -0.2500000000000000000 ) ) ;
#5295 = VECTOR ( 'NONE', #461, 1000.000000000000000 ) ;
#5296 =( GEOMETRIC_REPRESENTATION_CONTEXT ( 3 ) GLOBAL_UNCERTAINTY_ASSIGNED_CONTEXT ( ( #4791 ) ) GLOBAL_UNIT_ASSIGNED_CONTEXT ( ( #815, #4442, #2601 ) ) REPRESENTATION_CONTEXT ( 'NONE', 'WORKASPACE' ) );
#5297 = CARTESIAN_POINT ( 'NONE',  ( 0.2500000000000000600, 0.5000000000000000000, 0.2500000000000000600 ) ) ;
#5298 = ORIENTED_EDGE ( 'NONE', *, *, #1532, .T. ) ;
#5299 = DIRECTION ( 'NONE',  ( 1.000000000000000000, 0.0000000000000000000, 0.0000000000000000000 ) ) ;
#5300 = VECTOR ( 'NONE', #2917, 1000.000000000000000 ) ;
#5301 = ADVANCED_FACE ( 'NONE', ( #4281 ), #1267, .T. ) ;
#5302 = AXIS2_PLACEMENT_3D ( 'NONE', #4359, #4218, #4241 ) ;
#5303 = DIRECTION ( 'NONE',  ( 6.123233995736766000E-017, 1.000000000000000000, -2.891205793294729500E-015 ) ) ;
#5304 = VECTOR ( 'NONE', #353, 1000.000000000000000 ) ;
#5305 = ADVANCED_FACE ( 'NONE', ( #4276 ), #1304, .T. ) ;
#5306 = DIRECTION ( 'NONE',  ( 1.000000000000000000, -0.0000000000000000000, -0.0000000000000000000 ) ) ;
#5307 = VECTOR ( 'NONE', #1274, 1000.000000000000000 ) ;
#5308 = ADVANCED_BREP_SHAPE_REPRESENTATION ( '', ( #561, #2028, #784, #2338 ), #5092 ) ;
#5309 = CARTESIAN_POINT ( 'NONE',  ( -3.749999999999975600, 0.2999999999999877800, -6.449999999999955800 ) ) ;
#5310 = VERTEX_POINT ( 'NONE', #674 ) ;
#5311 = EDGE_LOOP ( 'NONE', ( #5172, #1781, #3099, #3685 ) ) ;
#5312 = SHAPE_DEFINITION_REPRESENTATION ( #5077, #4299 ) ;
#5313 = CARTESIAN_POINT ( 'NONE',  ( -0.4700000000000000300, 0.02999999999999997100, 0.2500000000000000000 ) ) ;
#5314 = DIRECTION ( 'NONE',  ( -1.000000000000000000, 0.0000000000000000000, 0.0000000000000000000 ) ) ;
#5315 = LINE ( 'NONE', #1638, #5307 ) ;
#5316 = CARTESIAN_POINT ( 'NONE',  ( 16.96596284229220300, 0.2999999897618094200, -1.226394104966750400 ) ) ;
#5317 = VECTOR ( 'NONE', #4468, 1000.000000000000000 ) ;
#5318 = MECHANICAL_DESIGN_GEOMETRIC_PRESENTATION_REPRESENTATION (  '', ( #5394 ), #5244 ) ;
#5319 = VERTEX_POINT ( 'NONE', #704 ) ;
#5320 = PRESENTATION_LAYER_ASSIGNMENT (  '', '', ( #5394 ) ) ;
#5321 = EDGE_CURVE ( 'NONE', #5216, #21, #1461, .T. ) ;
#5322 = CARTESIAN_POINT ( 'NONE',  ( -0.2500000000000000600, 0.0000000000000000000, -0.2500000000000000000 ) ) ;
#5323 =( NAMED_UNIT ( * ) PLANE_ANGLE_UNIT ( ) SI_UNIT ( $, .RADIAN. ) );
#5324 = LINE ( 'NONE', #2911, #5317 ) ;
#5325 = VECTOR ( 'NONE', #1555, 1000.000000000000000 ) ;
#5326 = ADVANCED_FACE ( 'NONE', ( #1235 ), #1206, .T. ) ;
#5327 = EDGE_CURVE ( 'NONE', #5207, #2186, #4390, .T. ) ;
#5328 = DIRECTION ( 'NONE',  ( 6.123233995736766000E-017, 1.000000000000000000, -2.168404344971247900E-015 ) ) ;
#5329 = VECTOR ( 'NONE', #2548, 1000.000000000000000 ) ;
#5330 = DIRECTION ( 'NONE',  ( 1.000000000000000000, 0.0000000000000000000, 0.0000000000000000000 ) ) ;
#5331 = CARTESIAN_POINT ( 'NONE',  ( -0.5000000000000000000, -4.286263797015737200E-017, -0.2500000000000000000 ) ) ;
#5332 = DIRECTION ( 'NONE',  ( -2.212941200271876000E-031, -3.614007241618746000E-015, -1.000000000000000000 ) ) ;
#5333 = EDGE_CURVE ( 'NONE', #3992, #5393, #1684, .T. ) ;
#5334 = AXIS2_PLACEMENT_3D ( 'NONE', #4683, #4334, #4003 ) ;
#5335 = SHAPE_DEFINITION_REPRESENTATION ( #609, #2665 ) ;
#5336 = ADVANCED_FACE ( 'NONE', ( #1074 ), #664, .F. ) ;
#5337 = CARTESIAN_POINT ( 'NONE',  ( 8.250000000000035500, 4.683753385137379200E-014, 0.2499999999999874300 ) ) ;
#5338 = DIRECTION ( 'NONE',  ( -7.697186783553855500E-033, 1.257045997084700100E-016, -1.000000000000000000 ) ) ;
#5339 = CARTESIAN_POINT ( 'NONE',  ( 0.5000000000000000000, 0.3499999999999999200, -0.2500000000000000000 ) ) ;
#5340 = EDGE_LOOP ( 'NONE', ( #1732, #908, #1858, #1665 ) ) ;
#5341 = UNCERTAINTY_MEASURE_WITH_UNIT (LENGTH_MEASURE( 1.000000000000000100E-005 ), #150, 'distance_accuracy_value', 'NONE');
#5342 = EDGE_LOOP ( 'NONE', ( #1326, #1901, #1978, #2392 ) ) ;
#5343 = EDGE_CURVE ( 'NONE', #4837, #5139, #1067, .T. ) ;
#5344 = DIRECTION ( 'NONE',  ( -1.000000000000000000, -0.0000000000000000000, -0.0000000000000000000 ) ) ;
#5345 = VECTOR ( 'NONE', #1251, 1000.000000000000000 ) ;
#5346 = CARTESIAN_POINT ( 'NONE',  ( -8.000000000000007100, 0.8500000000000096400, -6.449999999999955800 ) ) ;
#5347 = ORIENTED_EDGE ( 'NONE', *, *, #2991, .T. ) ;
#5348 = CIRCLE ( 'NONE', #3442, 0.3000000000000224700 ) ;
#5349 = EDGE_CURVE ( 'NONE', #4843, #185, #1133, .T. ) ;
#5350 = ADVANCED_FACE ( 'NONE', ( #977 ), #1167, .F. ) ;
#5351 = DIRECTION ( 'NONE',  ( 0.0000000000000000000, -0.0000000000000000000, -1.000000000000000000 ) ) ;
#5352 = LINE ( 'NONE', #2695, #4947 ) ;
#5353 = CARTESIAN_POINT ( 'NONE',  ( 0.4700000000000000300, 0.3200000000000000100, -0.2500000000000000000 ) ) ;
#5354 = LINE ( 'NONE', #2327, #5304 ) ;
#5355 = VECTOR ( 'NONE', #1049, 1000.000000000000000 ) ;
#5356 = EDGE_CURVE ( 'NONE', #2732, #3177, #913, .T. ) ;
#5357 =( REPRESENTATION_RELATIONSHIP ('NONE','NONE', #4308, #4299 ) REPRESENTATION_RELATIONSHIP_WITH_TRANSFORMATION ( #2369 )SHAPE_REPRESENTATION_RELATIONSHIP( ) );
#5358 = AXIS2_PLACEMENT_3D ( 'NONE', #2778, #5065, #5025 ) ;
#5359 = LINE ( 'NONE', #1953, #5288 ) ;
#5360 = EDGE_LOOP ( 'NONE', ( #2044, #1289, #418, #1488 ) ) ;
#5361 =( NAMED_UNIT ( * ) PLANE_ANGLE_UNIT ( ) SI_UNIT ( $, .RADIAN. ) );
#5362 = DIRECTION ( 'NONE',  ( 0.0000000000000000000, 1.000000000000000000, 0.0000000000000000000 ) ) ;
#5363 = VERTEX_POINT ( 'NONE', #587 ) ;
#5364 = ADVANCED_FACE ( 'NONE', ( #985 ), #573, .F. ) ;
#5365 = LINE ( 'NONE', #2774, #5107 ) ;
#5366 = DIRECTION ( 'NONE',  ( 0.0000000000000000000, 0.0000000000000000000, 1.000000000000000000 ) ) ;
#5367 = VECTOR ( 'NONE', #4871, 1000.000000000000000 ) ;
#5368 = LINE ( 'NONE', #2388, #5293 ) ;
#5369 = AXIS2_PLACEMENT_3D ( 'NONE', #1648, #641, #251 ) ;
#5370 = VERTEX_POINT ( 'NONE', #505 ) ;
#5371 = CARTESIAN_POINT ( 'NONE',  ( 0.2500000000000000600, 0.0000000000000000000, -0.2500000000000000600 ) ) ;
#5372 = ORIENTED_EDGE ( 'NONE', *, *, #1102, .T. ) ;
#5373 = PLANE ( 'NONE',  #3416 ) ;
#5374 = VECTOR ( 'NONE', #2718, 1000.000000000000000 ) ;
#5375 = VECTOR ( 'NONE', #1425, 1000.000000000000000 ) ;
#5376 =( GEOMETRIC_REPRESENTATION_CONTEXT ( 3 ) GLOBAL_UNCERTAINTY_ASSIGNED_CONTEXT ( ( #2600 ) ) GLOBAL_UNIT_ASSIGNED_CONTEXT ( ( #839, #307, #803 ) ) REPRESENTATION_CONTEXT ( 'NONE', 'WORKASPACE' ) );
#5377 = DIRECTION ( 'NONE',  ( 0.0000000000000000000, 0.0000000000000000000, 1.000000000000000000 ) ) ;
#5378 = CARTESIAN_POINT ( 'NONE',  ( 0.5000000000000000000, 1.059016994374947200, -0.2500000000000000600 ) ) ;
#5379 = ORIENTED_EDGE ( 'NONE', *, *, #1888, .F. ) ;
#5380 = AXIS2_PLACEMENT_3D ( 'NONE', #1263, #2111, #4604 ) ;
#5381 = DIRECTION ( 'NONE',  ( 1.000000000000000000, 0.0000000000000000000, 0.0000000000000000000 ) ) ;
#5382 =( GEOMETRIC_REPRESENTATION_CONTEXT ( 3 ) GLOBAL_UNCERTAINTY_ASSIGNED_CONTEXT ( ( #2759 ) ) GLOBAL_UNIT_ASSIGNED_CONTEXT ( ( #3519, #3502, #3321 ) ) REPRESENTATION_CONTEXT ( 'NONE', 'WORKASPACE' ) );
#5383 = VECTOR ( 'NONE', #2514, 1000.000000000000000 ) ;
#5384 = VERTEX_POINT ( 'NONE', #1086 ) ;
#5385 = VERTEX_POINT ( 'NONE', #541 ) ;
#5386 = ADVANCED_FACE ( 'NONE', ( #895 ), #1024, .T. ) ;
#5387 = ADVANCED_FACE ( 'NONE', ( #910 ), #1090, .T. ) ;
#5388 = CARTESIAN_POINT ( 'NONE',  ( 0.0000000000000000000, 0.5000000000000000000, 0.0000000000000000000 ) ) ;
#5389 = FACE_OUTER_BOUND ( 'NONE', #4021, .T. ) ;
#5390 = CLOSED_SHELL ( 'NONE', ( #3471, #1424, #22, #5279, #4608, #4164 ) ) ;
#5391 = DIRECTION ( 'NONE',  ( -1.084202172485504300E-016, 0.0000000000000000000, -1.000000000000000000 ) ) ;
#5392 =( REPRESENTATION_RELATIONSHIP ('NONE','NONE', #4308, #2665 ) REPRESENTATION_RELATIONSHIP_WITH_TRANSFORMATION ( #3348 )SHAPE_REPRESENTATION_RELATIONSHIP( ) );
#5393 = VERTEX_POINT ( 'NONE', #423 ) ;
#5394 = STYLED_ITEM ( 'NONE', ( #4651 ), #3103 ) ;
#5395 = VECTOR ( 'NONE', #4475, 1000.000000000000000 ) ;
#5396 = EDGE_CURVE ( 'NONE', #1527, #897, #889, .T. ) ;
#5397 =( NAMED_UNIT ( * ) SI_UNIT ( $, .STERADIAN. ) SOLID_ANGLE_UNIT ( ) );
#5398 = ORIENTED_EDGE ( 'NONE', *, *, #3508, .T. ) ;
#5399 = LINE ( 'NONE', #4170, #5395 ) ;
#5400 = VERTEX_POINT ( 'NONE', #951 ) ;
#5401 = LINE ( 'NONE', #4131, #5329 ) ;
#5402 = EDGE_CURVE ( 'NONE', #3921, #2800, #835, .T. ) ;
#5403 = DIRECTION ( 'NONE',  ( 0.0000000000000000000, -1.000000000000000000, 6.123233995736766000E-017 ) ) ;
#5404 = ORIENTED_EDGE ( 'NONE', *, *, #4446, .T. ) ;
#5405 = VECTOR ( 'NONE', #278, 1000.000000000000000 ) ;
#5406 = AXIS2_PLACEMENT_3D ( 'NONE', #1006, #1652, #3123 ) ;
#5407 = CARTESIAN_POINT ( 'NONE',  ( 7.850000000000023600, 1.449999999999999500, -6.239999999999955800 ) ) ;
#5408 = CIRCLE ( 'NONE', #2719, 0.2999997026963719900 ) ;
#5409 = ADVANCED_FACE ( 'NONE', ( #822 ), #980, .T. ) ;
#5410 = ORIENTED_EDGE ( 'NONE', *, *, #2610, .T. ) ;
#5411 = DIRECTION ( 'NONE',  ( 0.0000000000000000000, 0.0000000000000000000, 1.000000000000000000 ) ) ;
#5412 = VECTOR ( 'NONE', #493, 1000.000000000000000 ) ;
#5413 = UNCERTAINTY_MEASURE_WITH_UNIT (LENGTH_MEASURE( 1.000000000000000100E-005 ), #911, 'distance_accuracy_value', 'NONE');
#5414 = NEXT_ASSEMBLY_USAGE_OCCURRENCE ( 'NAUO1', ' ', ' ', #4016, #4165, $ ) ;
#5415 = NEXT_ASSEMBLY_USAGE_OCCURRENCE ( 'NAUO2', ' ', ' ', #4016, #4194, $ ) ;
#5416 = NEXT_ASSEMBLY_USAGE_OCCURRENCE ( 'NAUO3', ' ', ' ', #4016, #4225, $ ) ;
#5417 = NEXT_ASSEMBLY_USAGE_OCCURRENCE ( 'NAUO4', ' ', ' ', #4016, #4225, $ ) ;
#5418 = NEXT_ASSEMBLY_USAGE_OCCURRENCE ( 'NAUO5', ' ', ' ', #4016, #4355, $ ) ;
#5419 = NEXT_ASSEMBLY_USAGE_OCCURRENCE ( 'NAUO6', ' ', ' ', #4016, #4388, $ ) ;
ENDSEC;
END-ISO-10303-21;
