ISO-10303-21;
HEADER;
FILE_DESCRIPTION (( 'STEP AP214' ),
    '1' );
FILE_NAME ('6_88W8887_ANT_MODULE.STEP',
    '2020-06-17T02:04:32',
    ( '' ),
    ( '' ),
    'SwSTEP 2.0',
    'SolidWorks 2015',
    '' );
FILE_SCHEMA (( 'AUTOMOTIVE_DESIGN' ));
ENDSEC;

DATA;
#1 = DIRECTION ( 'NONE',  ( 0.0000000000000000000, -3.252606517453260400E-015, -1.000000000000000000 ) ) ;
#2 = VECTOR ( 'NONE', #7500, 1000.000000000000000 ) ;
#3 = ORIENTED_EDGE ( 'NONE', *, *, #3728, .F. ) ;
#4 = CARTESIAN_POINT ( 'NONE',  ( -19.77299677870442100, 0.8999999999998965500, 4.124999999999937800 ) ) ;
#5 = FACE_OUTER_BOUND ( 'NONE', #2229, .T. ) ;
#6 = ORIENTED_EDGE ( 'NONE', *, *, #1230, .F. ) ;
#7 = DIRECTION ( 'NONE',  ( 0.0000000000000000000, 1.000000000000000000, 0.0000000000000000000 ) ) ;
#8 = MECHANICAL_DESIGN_GEOMETRIC_PRESENTATION_REPRESENTATION (  '', ( #7850 ), #469 ) ;
#9 = AXIS2_PLACEMENT_3D ( 'NONE', #564, #535, #506 ) ;
#10 = ORIENTED_EDGE ( 'NONE', *, *, #2856, .T. ) ;
#11 = EDGE_LOOP ( 'NONE', ( #128, #2071, #7738, #573 ) ) ;
#12 = CARTESIAN_POINT ( 'NONE',  ( -3.899999999999922600, 0.7000001004988012400, -5.000000000000093300 ) ) ;
#13 = FACE_OUTER_BOUND ( 'NONE', #8329, .T. ) ;
#14 = CARTESIAN_POINT ( 'NONE',  ( -0.3500000000000117500, 0.9000001009055935700, -5.000000000000093300 ) ) ;
#15 =( NAMED_UNIT ( * ) SI_UNIT ( $, .STERADIAN. ) SOLID_ANGLE_UNIT ( ) );
#16 = VECTOR ( 'NONE', #8695, 1000.000000000000000 ) ;
#17 = ORIENTED_EDGE ( 'NONE', *, *, #2856, .F. ) ;
#18 = EDGE_CURVE ( 'NONE', #5064, #7934, #8138, .T. ) ;
#19 = ORIENTED_EDGE ( 'NONE', *, *, #3693, .F. ) ;
#20 = ORIENTED_EDGE ( 'NONE', *, *, #3913, .T. ) ;
#21 = CARTESIAN_POINT ( 'NONE',  ( 8.772996778704309100, 0.8999999999998653500, -4.950000000000117400 ) ) ;
#22 = ADVANCED_FACE ( 'NONE', ( #4363 ), #7360, .T. ) ;
#23 = VERTEX_POINT ( 'NONE', #7341 ) ;
#24 = EDGE_CURVE ( 'NONE', #4567, #7871, #3690, .T. ) ;
#25 =( GEOMETRIC_REPRESENTATION_CONTEXT ( 3 ) GLOBAL_UNCERTAINTY_ASSIGNED_CONTEXT ( ( #7149 ) ) GLOBAL_UNIT_ASSIGNED_CONTEXT ( ( #6174, #1897, #6885 ) ) REPRESENTATION_CONTEXT ( 'NONE', 'WORKASPACE' ) );
#26 = UNCERTAINTY_MEASURE_WITH_UNIT (LENGTH_MEASURE( 1.000000000000000100E-005 ), #2438, 'distance_accuracy_value', 'NONE');
#27 = FILL_AREA_STYLE ('',( #165 ) ) ;
#28 = ORIENTED_EDGE ( 'NONE', *, *, #8452, .F. ) ;
#29 = CARTESIAN_POINT ( 'NONE',  ( 8.772996778704309100, 1.399999999999810300, -4.950000000000119200 ) ) ;
#30 = DIRECTION ( 'NONE',  ( 1.000000000000000000, 0.0000000000000000000, 0.0000000000000000000 ) ) ;
#31 = ORIENTED_EDGE ( 'NONE', *, *, #270, .T. ) ;
#32 = ORIENTED_EDGE ( 'NONE', *, *, #2238, .T. ) ;
#33 = UNCERTAINTY_MEASURE_WITH_UNIT (LENGTH_MEASURE( 1.000000000000000100E-005 ), #596, 'distance_accuracy_value', 'NONE');
#34 = COLOUR_RGB ( '',1.000000000000000000, 1.000000000000000000, 1.000000000000000000 ) ;
#35 = CARTESIAN_POINT ( 'NONE',  ( 0.1000000000000497000, 2.000000000000000000, 4.999999999999869400 ) ) ;
#36 = DIRECTION ( 'NONE',  ( 0.0000000000000000000, 0.0000000000000000000, 1.000000000000000000 ) ) ;
#37 =( NAMED_UNIT ( * ) PLANE_ANGLE_UNIT ( ) SI_UNIT ( $, .RADIAN. ) );
#38 = DIRECTION ( 'NONE',  ( -1.000000000000000000, 0.0000000000000000000, 0.0000000000000000000 ) ) ;
#39 = LINE ( 'NONE', #6588, #1961 ) ;
#40 = EDGE_CURVE ( 'NONE', #791, #8575, #5585, .T. ) ;
#41 = FACE_BOUND ( 'NONE', #5336, .T. ) ;
#42 = SURFACE_SIDE_STYLE ('',( #291 ) ) ;
#43 = EDGE_LOOP ( 'NONE', ( #9285, #8963, #7212, #3466 ) ) ;
#44 = MECHANICAL_DESIGN_GEOMETRIC_PRESENTATION_REPRESENTATION (  '', ( #7895 ), #509 ) ;
#45 = DIRECTION ( 'NONE',  ( -1.000000000000000000, 0.0000000000000000000, -0.0000000000000000000 ) ) ;
#46 = AXIS2_PLACEMENT_3D ( 'NONE', #7816, #7636, #7525 ) ;
#47 = LINE ( 'NONE', #6378, #8940 ) ;
#48 = CARTESIAN_POINT ( 'NONE',  ( -3.350000000000014300, 0.9000001009055961200, -5.000000000000093300 ) ) ;
#49 = ORIENTED_EDGE ( 'NONE', *, *, #9122, .F. ) ;
#50 = SURFACE_STYLE_USAGE ( .BOTH. , #4398 ) ;
#51 = LINE ( 'NONE', #9061, #1767 ) ;
#52 =( GEOMETRIC_REPRESENTATION_CONTEXT ( 3 ) GLOBAL_UNCERTAINTY_ASSIGNED_CONTEXT ( ( #5519 ) ) GLOBAL_UNIT_ASSIGNED_CONTEXT ( ( #2944, #2916, #2845 ) ) REPRESENTATION_CONTEXT ( 'NONE', 'WORKASPACE' ) );
#53 = DIRECTION ( 'NONE',  ( 1.000000000000000000, 0.0000000000000000000, 0.0000000000000000000 ) ) ;
#54 = CARTESIAN_POINT ( 'NONE',  ( 7.000113000000009600, 1.520000000000000000, 4.999990000000023500 ) ) ;
#55 =( NAMED_UNIT ( * ) SI_UNIT ( $, .STERADIAN. ) SOLID_ANGLE_UNIT ( ) );
#56 = VERTEX_POINT ( 'NONE', #7600 ) ;
#57 = ORIENTED_EDGE ( 'NONE', *, *, #381, .F. ) ;
#58 = ORIENTED_EDGE ( 'NONE', *, *, #8598, .F. ) ;
#59 = MECHANICAL_DESIGN_GEOMETRIC_PRESENTATION_REPRESENTATION (  '', ( #6960 ), #528 ) ;
#60 = FILL_AREA_STYLE_COLOUR ( '', #6362 ) ;
#61 = CARTESIAN_POINT ( 'NONE',  ( 0.1000000000000497000, -28.62307019352236600, 4.849999999999909900 ) ) ;
#62 = SURFACE_STYLE_USAGE ( .BOTH. , #4403 ) ;
#63 = VECTOR ( 'NONE', #5187, 1000.000000000000000 ) ;
#64 = ADVANCED_FACE ( 'NONE', ( #7462 ), #1162, .T. ) ;
#65 = CARTESIAN_POINT ( 'NONE',  ( -0.6000049999999902400, 0.0000000000000000000, 4.649977999999984800 ) ) ;
#66 = CARTESIAN_POINT ( 'NONE',  ( 0.0000000000000000000, 0.0000000000000000000, 5.550153999999987600 ) ) ;
#67 = FACE_OUTER_BOUND ( 'NONE', #8240, .T. ) ;
#68 = VERTEX_POINT ( 'NONE', #7664 ) ;
#69 = ORIENTED_EDGE ( 'NONE', *, *, #7702, .F. ) ;
#70 = FILL_AREA_STYLE ('',( #689 ) ) ;
#71 = VECTOR ( 'NONE', #6391, 1000.000000000000000 ) ;
#72 = CARTESIAN_POINT ( 'NONE',  ( 0.3999230000000034100, 0.0000000000000000000, 4.249928000000013900 ) ) ;
#73 = CARTESIAN_POINT ( 'NONE',  ( -4.600004999999991500, 0.0000000000000000000, 0.0000000000000000000 ) ) ;
#74 = AXIS2_PLACEMENT_3D ( 'NONE', #8467, #8492, #8499 ) ;
#75 = VERTEX_POINT ( 'NONE', #8271 ) ;
#76 = CARTESIAN_POINT ( 'NONE',  ( -1.399921000000019300, 0.0000000000000000000, 0.5001260000000035100 ) ) ;
#77 = PRESENTATION_STYLE_ASSIGNMENT (( #8624 ) ) ;
#78 = LINE ( 'NONE', #4436, #7484 ) ;
#79 = DIRECTION ( 'NONE',  ( 0.0000000000000000000, 0.0000000000000000000, -1.000000000000000000 ) ) ;
#80 = ORIENTED_EDGE ( 'NONE', *, *, #4963, .T. ) ;
#81 = DIRECTION ( 'NONE',  ( -1.000000000000000000, 0.0000000000000000000, 0.0000000000000000000 ) ) ;
#82 = PRESENTATION_LAYER_ASSIGNMENT (  '', '', ( #8440 ) ) ;
#83 = DIRECTION ( 'NONE',  ( -1.000000000000000000, -0.0000000000000000000, -0.0000000000000000000 ) ) ;
#84 = VECTOR ( 'NONE', #8514, 1000.000000000000000 ) ;
#85 = FACE_OUTER_BOUND ( 'NONE', #8356, .T. ) ;
#86 = EDGE_CURVE ( 'NONE', #9045, #1725, #6571, .T. ) ;
#87 = DIRECTION ( 'NONE',  ( 0.0000000000000000000, 0.0000000000000000000, -1.000000000000000000 ) ) ;
#88 = EDGE_LOOP ( 'NONE', ( #2642, #3211, #3779, #4557 ) ) ;
#89 =( LENGTH_UNIT ( ) NAMED_UNIT ( * ) SI_UNIT ( .MILLI., .METRE. ) );
#90 = CARTESIAN_POINT ( 'NONE',  ( -11.39990099999999600, -5.000000000000000000, -4.250182000000018300 ) ) ;
#91 = EDGE_CURVE ( 'NONE', #8941, #6734, #4690, .T. ) ;
#92 = STYLED_ITEM ( 'NONE', ( #8923 ), #897 ) ;
#93 = COLOUR_RGB ( '',1.000000000000000000, 1.000000000000000000, 1.000000000000000000 ) ;
#94 = COLOUR_RGB ( '',1.000000000000000000, 1.000000000000000000, 1.000000000000000000 ) ;
#95 = DIRECTION ( 'NONE',  ( 6.123233995736766000E-017, 1.000000000000000000, 1.445602896647284400E-013 ) ) ;
#96 = ORIENTED_EDGE ( 'NONE', *, *, #8282, .F. ) ;
#97 = FILL_AREA_STYLE ('',( #1672 ) ) ;
#98 = EDGE_CURVE ( 'NONE', #1727, #4207, #1066, .T. ) ;
#99 =( GEOMETRIC_REPRESENTATION_CONTEXT ( 3 ) GLOBAL_UNCERTAINTY_ASSIGNED_CONTEXT ( ( #5301 ) ) GLOBAL_UNIT_ASSIGNED_CONTEXT ( ( #7792, #7755, #7726 ) ) REPRESENTATION_CONTEXT ( 'NONE', 'WORKASPACE' ) );
#100 = ADVANCED_FACE ( 'NONE', ( #8245 ), #8437, .F. ) ;
#101 = VECTOR ( 'NONE', #7693, 1000.000000000000000 ) ;
#102 = VERTEX_POINT ( 'NONE', #8387 ) ;
#103 = DIRECTION ( 'NONE',  ( 0.0000000000000000000, -0.0000000000000000000, 1.000000000000000000 ) ) ;
#104 = CARTESIAN_POINT ( 'NONE',  ( 0.2399999999998991600, 1.799999999999999600, 4.849999999999902800 ) ) ;
#105 = ORIENTED_EDGE ( 'NONE', *, *, #9024, .T. ) ;
#106 = DIRECTION ( 'NONE',  ( -1.000000000000000000, -0.0000000000000000000, 0.0000000000000000000 ) ) ;
#107 = PLANE ( 'NONE',  #5870 ) ;
#108 = ORIENTED_EDGE ( 'NONE', *, *, #2376, .T. ) ;
#109 = CARTESIAN_POINT ( 'NONE',  ( -10.90002899999999800, 0.0000000000000000000, -1.450031999999994200 ) ) ;
#110 = CIRCLE ( 'NONE', #6399, 0.2250000000000307300 ) ;
#111 = ORIENTED_EDGE ( 'NONE', *, *, #5198, .T. ) ;
#112 = ORIENTED_EDGE ( 'NONE', *, *, #8628, .T. ) ;
#113 = ORIENTED_EDGE ( 'NONE', *, *, #2858, .F. ) ;
#114 = DIRECTION ( 'NONE',  ( 0.0000000000000000000, -1.000000000000000000, 0.0000000000000000000 ) ) ;
#115 =( NAMED_UNIT ( * ) PLANE_ANGLE_UNIT ( ) SI_UNIT ( $, .RADIAN. ) );
#116 = CARTESIAN_POINT ( 'NONE',  ( -3.150000000000034600, 0.6000001009056257200, -17.92388274267673500 ) ) ;
#117 = CARTESIAN_POINT ( 'NONE',  ( -7.850000000000074300, 0.6000000000000415000, 17.92388274267651100 ) ) ;
#118 = SURFACE_SIDE_STYLE ('',( #9209 ) ) ;
#119 = DIRECTION ( 'NONE',  ( -1.000000000000000000, 0.0000000000000000000, 0.0000000000000000000 ) ) ;
#120 = AXIS2_PLACEMENT_3D ( 'NONE', #5861, #1569, #6564 ) ;
#121 = AXIS2_PLACEMENT_3D ( 'NONE', #9199, #8436, #4165 ) ;
#122 = DIRECTION ( 'NONE',  ( 0.0000000000000000000, 0.0000000000000000000, 1.000000000000000000 ) ) ;
#123 = ORIENTED_EDGE ( 'NONE', *, *, #5907, .F. ) ;
#124 = PLANE ( 'NONE',  #3317 ) ;
#125 = EDGE_LOOP ( 'NONE', ( #446, #17, #3643, #5110 ) ) ;
#126 =( LENGTH_UNIT ( ) NAMED_UNIT ( * ) SI_UNIT ( .MILLI., .METRE. ) );
#127 = EDGE_CURVE ( 'NONE', #1089, #8721, #3800, .T. ) ;
#128 = ORIENTED_EDGE ( 'NONE', *, *, #9030, .F. ) ;
#129 = ORIENTED_EDGE ( 'NONE', *, *, #2921, .F. ) ;
#130 = ORIENTED_EDGE ( 'NONE', *, *, #8268, .T. ) ;
#131 = VECTOR ( 'NONE', #1751, 1000.000000000000000 ) ;
#132 = PRESENTATION_LAYER_ASSIGNMENT (  '', '', ( #8501 ) ) ;
#133 = DIRECTION ( 'NONE',  ( 0.0000000000000000000, 1.000000000000000000, 0.0000000000000000000 ) ) ;
#134 = DIRECTION ( 'NONE',  ( 0.0000000000000000000, -3.252606517453260400E-015, -1.000000000000000000 ) ) ;
#135 = FACE_BOUND ( 'NONE', #2066, .T. ) ;
#136 = DIRECTION ( 'NONE',  ( -0.0000000000000000000, -1.000000000000000000, -0.0000000000000000000 ) ) ;
#137 = ORIENTED_EDGE ( 'NONE', *, *, #9331, .T. ) ;
#138 = SURFACE_STYLE_FILL_AREA ( #4900 ) ;
#139 = SURFACE_SIDE_STYLE ('',( #3123 ) ) ;
#140 = EDGE_LOOP ( 'NONE', ( #3630, #7192, #3387, #5100 ) ) ;
#141 = VERTEX_POINT ( 'NONE', #8645 ) ;
#142 =( GEOMETRIC_REPRESENTATION_CONTEXT ( 3 ) GLOBAL_UNCERTAINTY_ASSIGNED_CONTEXT ( ( #7604 ) ) GLOBAL_UNIT_ASSIGNED_CONTEXT ( ( #6635, #6932, #7075 ) ) REPRESENTATION_CONTEXT ( 'NONE', 'WORKASPACE' ) );
#143 = CARTESIAN_POINT ( 'NONE',  ( 0.9999950000000087400, 0.0000000000000000000, -0.0000000000000000000 ) ) ;
#144 = VERTEX_POINT ( 'NONE', #8680 ) ;
#145 = SURFACE_STYLE_USAGE ( .BOTH. , #8992 ) ;
#146 = LINE ( 'NONE', #1885, #3994 ) ;
#147 = CARTESIAN_POINT ( 'NONE',  ( -4.123606797386178100, 0.9000001009055553800, 4.999999999999871200 ) ) ;
#148 = EDGE_LOOP ( 'NONE', ( #9062, #6895, #2807, #1716 ) ) ;
#149 = CARTESIAN_POINT ( 'NONE',  ( 4.000118999999989100, 0.8199999999999999500, 0.1498600000000155400 ) ) ;
#150 = DIRECTION ( 'NONE',  ( 0.0000000000000000000, 0.0000000000000000000, -1.000000000000000000 ) ) ;
#151 = EDGE_CURVE ( 'NONE', #495, #963, #5468, .T. ) ;
#152 = EDGE_CURVE ( 'NONE', #7320, #2320, #7557, .T. ) ;
#153 = LINE ( 'NONE', #5629, #5685 ) ;
#154 = DIRECTION ( 'NONE',  ( 0.8320502943377010600, -0.5547001962254430900, 0.0000000000000000000 ) ) ;
#155 = STYLED_ITEM ( 'NONE', ( #8998 ), #1550 ) ;
#156 = DIRECTION ( 'NONE',  ( -1.000000000000000000, -0.0000000000000000000, 0.0000000000000000000 ) ) ;
#157 = MECHANICAL_DESIGN_GEOMETRIC_PRESENTATION_REPRESENTATION (  '', ( #8039 ), #636 ) ;
#158 = ORIENTED_EDGE ( 'NONE', *, *, #8847, .F. ) ;
#159 = ORIENTED_EDGE ( 'NONE', *, *, #9212, .T. ) ;
#160 = EDGE_LOOP ( 'NONE', ( #6290, #2718, #2961, #8894 ) ) ;
#161 = LINE ( 'NONE', #8530, #3807 ) ;
#162 = LINE ( 'NONE', #3114, #1875 ) ;
#163 = FILL_AREA_STYLE_COLOUR ( '', #534 ) ;
#164 = ORIENTED_EDGE ( 'NONE', *, *, #5512, .F. ) ;
#165 = FILL_AREA_STYLE_COLOUR ( '', #94 ) ;
#166 = UNCERTAINTY_MEASURE_WITH_UNIT (LENGTH_MEASURE( 1.000000000000000100E-005 ), #5983, 'distance_accuracy_value', 'NONE');
#167 = VERTEX_POINT ( 'NONE', #8919 ) ;
#168 = CARTESIAN_POINT ( 'NONE',  ( -7.649999999999985300, 0.9000000000000093500, -5.200000000000093400 ) ) ;
#169 = CARTESIAN_POINT ( 'NONE',  ( -10.90002899999999800, 0.0000000000000000000, 0.9499680000000059200 ) ) ;
#170 = VECTOR ( 'NONE', #3522, 1000.000000000000000 ) ;
#171 = VECTOR ( 'NONE', #7080, 1000.000000000000000 ) ;
#172 = STYLED_ITEM ( 'NONE', ( #4040 ), #5561 ) ;
#173 = LINE ( 'NONE', #1098, #1888 ) ;
#174 = CARTESIAN_POINT ( 'NONE',  ( 0.1999950000000100800, 0.0000000000000000000, 5.550153999999987600 ) ) ;
#175 = ORIENTED_EDGE ( 'NONE', *, *, #655, .T. ) ;
#176 = CARTESIAN_POINT ( 'NONE',  ( -10.45000000000001000, 0.6000000000000415000, 17.92388274267651100 ) ) ;
#177 =( NAMED_UNIT ( * ) PLANE_ANGLE_UNIT ( ) SI_UNIT ( $, .RADIAN. ) );
#178 = CARTESIAN_POINT ( 'NONE',  ( -5.400004999999990400, 0.0000000000000000000, -4.649977999999984800 ) ) ;
#179 = CARTESIAN_POINT ( 'NONE',  ( -6.876393202613789900, 0.9000001009055423900, 17.92388274267651100 ) ) ;
#180 = DIRECTION ( 'NONE',  ( 1.000000000000000000, 0.0000000000000000000, 0.0000000000000000000 ) ) ;
#181 = SURFACE_STYLE_FILL_AREA ( #843 ) ;
#182 = LINE ( 'NONE', #8085, #3824 ) ;
#183 = EDGE_CURVE ( 'NONE', #2332, #250, #9060, .T. ) ;
#184 = ORIENTED_EDGE ( 'NONE', *, *, #7178, .T. ) ;
#185 = CARTESIAN_POINT ( 'NONE',  ( 0.0000000000000000000, 0.0000000000000000000, -4.649977999999984800 ) ) ;
#186 =( NAMED_UNIT ( * ) SI_UNIT ( $, .STERADIAN. ) SOLID_ANGLE_UNIT ( ) );
#187 = AXIS2_PLACEMENT_3D ( 'NONE', #1994, #2015, #1830 ) ;
#188 = PRESENTATION_STYLE_ASSIGNMENT (( #4138 ) ) ;
#189 = UNCERTAINTY_MEASURE_WITH_UNIT (LENGTH_MEASURE( 1.000000000000000100E-005 ), #8545, 'distance_accuracy_value', 'NONE');
#190 = EDGE_CURVE ( 'NONE', #6597, #1385, #1654, .T. ) ;
#191 = LINE ( 'NONE', #7631, #7588 ) ;
#192 = DIRECTION ( 'NONE',  ( 0.0000000000000000000, 1.000000000000000000, -0.0000000000000000000 ) ) ;
#193 = ORIENTED_EDGE ( 'NONE', *, *, #8281, .T. ) ;
#194 = VECTOR ( 'NONE', #9162, 1000.000000000000000 ) ;
#195 = ADVANCED_FACE ( 'NONE', ( #7351 ), #9165, .T. ) ;
#196 = DIRECTION ( 'NONE',  ( 1.000000000000000000, 9.373779112012609800E-015, 0.0000000000000000000 ) ) ;
#197 = VECTOR ( 'NONE', #8179, 1000.000000000000000 ) ;
#198 = LINE ( 'NONE', #6777, #5511 ) ;
#199 = UNCERTAINTY_MEASURE_WITH_UNIT (LENGTH_MEASURE( 1.000000000000000100E-005 ), #7171, 'distance_accuracy_value', 'NONE');
#200 = CARTESIAN_POINT ( 'NONE',  ( 1.149985000000013100, 0.7500000000000000000, 5.100066000000028400 ) ) ;
#201 = STYLED_ITEM ( 'NONE', ( #4865 ), #9334 ) ;
#202 = EDGE_CURVE ( 'NONE', #7082, #2309, #717, .T. ) ;
#203 = DIRECTION ( 'NONE',  ( -0.0000000000000000000, -1.000000000000000000, -0.0000000000000000000 ) ) ;
#204 = CARTESIAN_POINT ( 'NONE',  ( 0.2499999999998978600, 0.8999999999998947700, 3.674999999999876400 ) ) ;
#205 = COLOUR_RGB ( '',1.000000000000000000, 1.000000000000000000, 1.000000000000000000 ) ;
#206 = CARTESIAN_POINT ( 'NONE',  ( -0.5500000000001007400, 0.6000001009056266100, -5.200000000000093400 ) ) ;
#207 = DIRECTION ( 'NONE',  ( -0.0000000000000000000, 1.000000000000000000, -0.0000000000000000000 ) ) ;
#208 = AXIS2_PLACEMENT_3D ( 'NONE', #3680, #3719, #3746 ) ;
#209 = AXIS2_PLACEMENT_3D ( 'NONE', #3543, #3474, #4916 ) ;
#210 = LINE ( 'NONE', #7606, #7609 ) ;
#211 = PRESENTATION_STYLE_ASSIGNMENT (( #2638 ) ) ;
#212 = CARTESIAN_POINT ( 'NONE',  ( 0.1000000000000497000, 1.399999999999954200, 5.199999999999871400 ) ) ;
#213 = ORIENTED_EDGE ( 'NONE', *, *, #4716, .T. ) ;
#214 = DIRECTION ( 'NONE',  ( 0.0000000000000000000, 0.0000000000000000000, 1.000000000000000000 ) ) ;
#215 = VERTEX_POINT ( 'NONE', #1062 ) ;
#216 = ORIENTED_EDGE ( 'NONE', *, *, #127, .F. ) ;
#217 = PRESENTATION_STYLE_ASSIGNMENT (( #7396 ) ) ;
#218 = PRESENTATION_LAYER_ASSIGNMENT (  '', '', ( #9099 ) ) ;
#219 = DIRECTION ( 'NONE',  ( -1.000000000000000000, 0.0000000000000000000, 0.0000000000000000000 ) ) ;
#220 = FILL_AREA_STYLE_COLOUR ( '', #2679 ) ;
#221 = EDGE_CURVE ( 'NONE', #9241, #6098, #6224, .T. ) ;
#222 = VECTOR ( 'NONE', #5131, 1000.000000000000000 ) ;
#223 =( NAMED_UNIT ( * ) SI_UNIT ( $, .STERADIAN. ) SOLID_ANGLE_UNIT ( ) );
#224 = ORIENTED_EDGE ( 'NONE', *, *, #8586, .T. ) ;
#225 = ADVANCED_FACE ( 'NONE', ( #6457 ), #1348, .T. ) ;
#226 = MECHANICAL_DESIGN_GEOMETRIC_PRESENTATION_REPRESENTATION (  '', ( #8110 ), #714 ) ;
#227 = ORIENTED_EDGE ( 'NONE', *, *, #6273, .T. ) ;
#228 = ORIENTED_EDGE ( 'NONE', *, *, #4953, .T. ) ;
#229 = VERTEX_POINT ( 'NONE', #2324 ) ;
#230 = DIRECTION ( 'NONE',  ( -1.000000000000000000, -0.0000000000000000000, 0.0000000000000000000 ) ) ;
#231 = PRESENTATION_STYLE_ASSIGNMENT (( #2889 ) ) ;
#232 = ORIENTED_EDGE ( 'NONE', *, *, #1051, .F. ) ;
#233 = COLOUR_RGB ( '',0.2039215686274509800, 0.2039215686274509800, 0.2039215686274509800 ) ;
#234 = ORIENTED_EDGE ( 'NONE', *, *, #8524, .F. ) ;
#235 =( NAMED_UNIT ( * ) SI_UNIT ( $, .STERADIAN. ) SOLID_ANGLE_UNIT ( ) );
#236 = VERTEX_POINT ( 'NONE', #2098 ) ;
#237 = PLANE ( 'NONE',  #2157 ) ;
#238 = DIRECTION ( 'NONE',  ( 0.0000000000000000000, 1.000000000000000000, -3.469446951953482400E-015 ) ) ;
#239 = CARTESIAN_POINT ( 'NONE',  ( -0.2998769999999883500, 0.0000000000000000000, -4.649977999999984800 ) ) ;
#240 = ADVANCED_FACE ( 'NONE', ( #3679 ), #8465, .T. ) ;
#241 = FILL_AREA_STYLE_COLOUR ( '', #5287 ) ;
#242 = DIRECTION ( 'NONE',  ( 1.000000000000000000, -0.0000000000000000000, 0.0000000000000000000 ) ) ;
#243 = STYLED_ITEM ( 'NONE', ( #500 ), #3028 ) ;
#244 = ORIENTED_EDGE ( 'NONE', *, *, #445, .F. ) ;
#245 = FACE_OUTER_BOUND ( 'NONE', #3916, .T. ) ;
#246 = DIRECTION ( 'NONE',  ( 0.0000000000000000000, 0.0000000000000000000, 1.000000000000000000 ) ) ;
#247 =( NAMED_UNIT ( * ) PLANE_ANGLE_UNIT ( ) SI_UNIT ( $, .RADIAN. ) );
#248 = EDGE_CURVE ( 'NONE', #6212, #8935, #1056, .T. ) ;
#249 = CARTESIAN_POINT ( 'NONE',  ( 0.0000000000000000000, 0.0000000000000000000, 0.0000000000000000000 ) ) ;
#250 = VERTEX_POINT ( 'NONE', #4600 ) ;
#251 = UNCERTAINTY_MEASURE_WITH_UNIT (LENGTH_MEASURE( 1.000000000000000100E-005 ), #7412, 'distance_accuracy_value', 'NONE');
#252 = COLOUR_RGB ( '',1.000000000000000000, 1.000000000000000000, 1.000000000000000000 ) ;
#253 = PRESENTATION_LAYER_ASSIGNMENT (  '', '', ( #9129 ) ) ;
#254 = ORIENTED_EDGE ( 'NONE', *, *, #6604, .T. ) ;
#255 = CARTESIAN_POINT ( 'NONE',  ( -11.10000000000004900, 1.799999999999999600, -4.850000000000021000 ) ) ;
#256 = AXIS2_PLACEMENT_3D ( 'NONE', #4927, #7035, #2773 ) ;
#257 = DIRECTION ( 'NONE',  ( -1.000000000000000000, 0.0000000000000000000, 0.0000000000000000000 ) ) ;
#258 = EDGE_CURVE ( 'NONE', #5103, #5424, #4680, .T. ) ;
#259 = LINE ( 'NONE', #6521, #3895 ) ;
#260 = CARTESIAN_POINT ( 'NONE',  ( -11.19999999999992600, 1.399999999999954200, 5.199999999999871400 ) ) ;
#261 = ORIENTED_EDGE ( 'NONE', *, *, #476, .T. ) ;
#262 = ORIENTED_EDGE ( 'NONE', *, *, #7594, .T. ) ;
#263 = MECHANICAL_DESIGN_GEOMETRIC_PRESENTATION_REPRESENTATION (  '', ( #623 ), #142 ) ;
#264 = PLANE ( 'NONE',  #5146 ) ;
#265 = FACE_OUTER_BOUND ( 'NONE', #4181, .T. ) ;
#266 = DIRECTION ( 'NONE',  ( 1.000000000000000000, -0.0000000000000000000, 0.0000000000000000000 ) ) ;
#267 = LINE ( 'NONE', #4004, #5807 ) ;
#268 = CARTESIAN_POINT ( 'NONE',  ( 0.0000000000000000000, 0.0000000000000000000, -5.550153999999987600 ) ) ;
#269 = ORIENTED_EDGE ( 'NONE', *, *, #8077, .T. ) ;
#270 = EDGE_CURVE ( 'NONE', #1427, #388, #6563, .T. ) ;
#271 = ADVANCED_FACE ( 'NONE', ( #836 ), #5282, .T. ) ;
#272 = ORIENTED_EDGE ( 'NONE', *, *, #7264, .F. ) ;
#273 = EDGE_CURVE ( 'NONE', #496, #5975, #146, .T. ) ;
#274 = VERTEX_POINT ( 'NONE', #5408 ) ;
#275 = COLOUR_RGB ( '',1.000000000000000000, 1.000000000000000000, 1.000000000000000000 ) ;
#276 = VECTOR ( 'NONE', #38, 1000.000000000000000 ) ;
#277 = STYLED_ITEM ( 'NONE', ( #7811 ), #1692 ) ;
#278 = FACE_OUTER_BOUND ( 'NONE', #1139, .T. ) ;
#279 = ORIENTED_EDGE ( 'NONE', *, *, #4785, .T. ) ;
#280 = ORIENTED_EDGE ( 'NONE', *, *, #639, .F. ) ;
#281 = DIRECTION ( 'NONE',  ( 0.0000000000000000000, 1.000000000000000000, -0.0000000000000000000 ) ) ;
#282 = ADVANCED_FACE ( 'NONE', ( #5679 ), #1158, .F. ) ;
#283 = SURFACE_SIDE_STYLE ('',( #1105 ) ) ;
#284 = ORIENTED_EDGE ( 'NONE', *, *, #1155, .F. ) ;
#285 = COLOUR_RGB ( '',1.000000000000000000, 1.000000000000000000, 1.000000000000000000 ) ;
#286 = CARTESIAN_POINT ( 'NONE',  ( 1.149985000000013100, 0.7600000000000000100, 4.599864000000006400 ) ) ;
#287 = VERTEX_POINT ( 'NONE', #2468 ) ;
#289 = DIRECTION ( 'NONE',  ( -1.000000000000000000, 0.0000000000000000000, 0.0000000000000000000 ) ) ;
#288 = CARTESIAN_POINT ( 'NONE',  ( 8.772996778704309100, 0.8999999999998653500, -4.950000000000117400 ) ) ;
#290 = UNCERTAINTY_MEASURE_WITH_UNIT (LENGTH_MEASURE( 1.000000000000000100E-005 ), #4404, 'distance_accuracy_value', 'NONE');
#291 = SURFACE_STYLE_FILL_AREA ( #70 ) ;
#292 = LINE ( 'NONE', #4127, #4142 ) ;
#293 = VECTOR ( 'NONE', #5132, 1000.000000000000000 ) ;
#294 = PRESENTATION_LAYER_ASSIGNMENT (  '', '', ( #9176 ) ) ;
#295 = MECHANICAL_DESIGN_GEOMETRIC_PRESENTATION_REPRESENTATION (  '', ( #8175 ), #788 ) ;
#296 = EDGE_LOOP ( 'NONE', ( #7322, #436, #6680, #2528 ) ) ;
#297 =( NAMED_UNIT ( * ) PLANE_ANGLE_UNIT ( ) SI_UNIT ( $, .RADIAN. ) );
#298 = FACE_OUTER_BOUND ( 'NONE', #4910, .T. ) ;
#299 = ORIENTED_EDGE ( 'NONE', *, *, #5997, .T. ) ;
#300 = CARTESIAN_POINT ( 'NONE',  ( -11.25000000000000900, 0.5249999999998554700, -3.675000000000145000 ) ) ;
#301 = VECTOR ( 'NONE', #9341, 1000.000000000000000 ) ;
#302 = UNCERTAINTY_MEASURE_WITH_UNIT (LENGTH_MEASURE( 1.000000000000000100E-005 ), #907, 'distance_accuracy_value', 'NONE');
#303 = VECTOR ( 'NONE', #3198, 1000.000000000000000 ) ;
#304 = EDGE_CURVE ( 'NONE', #3871, #4075, #5026, .T. ) ;
#305 = EDGE_LOOP ( 'NONE', ( #279, #4818, #5689, #8568 ) ) ;
#306 = ORIENTED_EDGE ( 'NONE', *, *, #324, .T. ) ;
#307 = DIRECTION ( 'NONE',  ( 0.5547001962254430900, 0.8320502943377010600, -5.094838648451393400E-017 ) ) ;
#308 = STYLED_ITEM ( 'NONE', ( #7443 ), #3524 ) ;
#309 =( GEOMETRIC_REPRESENTATION_CONTEXT ( 3 ) GLOBAL_UNCERTAINTY_ASSIGNED_CONTEXT ( ( #4831 ) ) GLOBAL_UNIT_ASSIGNED_CONTEXT ( ( #1351, #6366, #2090 ) ) REPRESENTATION_CONTEXT ( 'NONE', 'WORKASPACE' ) );
#310 = FACE_OUTER_BOUND ( 'NONE', #3224, .T. ) ;
#311 = FACE_OUTER_BOUND ( 'NONE', #3657, .T. ) ;
#312 = PRESENTATION_STYLE_ASSIGNMENT (( #6631 ) ) ;
#313 = VECTOR ( 'NONE', #924, 1000.000000000000000 ) ;
#314 = DIRECTION ( 'NONE',  ( 0.0000000000000000000, -0.0000000000000000000, -1.000000000000000000 ) ) ;
#315 = EDGE_CURVE ( 'NONE', #2042, #1028, #8826, .T. ) ;
#316 = DIRECTION ( 'NONE',  ( 0.0000000000000000000, -3.679716464192890000E-015, -1.000000000000000000 ) ) ;
#317 = COLOUR_RGB ( '',0.2039215686274509800, 0.2039215686274509800, 0.2039215686274509800 ) ;
#318 = CARTESIAN_POINT ( 'NONE',  ( 0.1000000000000497000, 1.799999999999999600, 4.989999999999869700 ) ) ;
#319 = VECTOR ( 'NONE', #6955, 1000.000000000000000 ) ;
#320 = VERTEX_POINT ( 'NONE', #6746 ) ;
#321 = EDGE_CURVE ( 'NONE', #9134, #1668, #2890, .T. ) ;
#322 = VERTEX_POINT ( 'NONE', #8197 ) ;
#323 =( LENGTH_UNIT ( ) NAMED_UNIT ( * ) SI_UNIT ( .MILLI., .METRE. ) );
#324 = EDGE_CURVE ( 'NONE', #1715, #6968, #6664, .T. ) ;
#325 = CARTESIAN_POINT ( 'NONE',  ( 0.1000000000000497000, 1.790000000000000000, 4.989999999999869700 ) ) ;
#326 = DIRECTION ( 'NONE',  ( 1.000000000000000000, 0.0000000000000000000, 0.0000000000000000000 ) ) ;
#327 = LINE ( 'NONE', #1738, #7719 ) ;
#328 = ADVANCED_FACE ( 'NONE', ( #4797 ), #2405, .F. ) ;
#329 = CARTESIAN_POINT ( 'NONE',  ( -3.676393202613736500, 0.9000001009056074500, 5.199999999999871400 ) ) ;
#330 = AXIS2_PLACEMENT_3D ( 'NONE', #409, #281, #122 ) ;
#331 = ORIENTED_EDGE ( 'NONE', *, *, #4084, .F. ) ;
#332 = VERTEX_POINT ( 'NONE', #2522 ) ;
#333 = ORIENTED_EDGE ( 'NONE', *, *, #4387, .F. ) ;
#334 = ORIENTED_EDGE ( 'NONE', *, *, #6753, .F. ) ;
#335 = DIRECTION ( 'NONE',  ( 0.0000000000000000000, 0.0000000000000000000, 1.000000000000000000 ) ) ;
#336 = CARTESIAN_POINT ( 'NONE',  ( 3.200019000000005500, 0.5200000000000000200, 0.1498600000000155400 ) ) ;
#337 = PLANE ( 'NONE',  #8635 ) ;
#338 = ORIENTED_EDGE ( 'NONE', *, *, #3812, .T. ) ;
#339 = VERTEX_POINT ( 'NONE', #4021 ) ;
#340 = ORIENTED_EDGE ( 'NONE', *, *, #2283, .T. ) ;
#341 = ORIENTED_EDGE ( 'NONE', *, *, #6697, .T. ) ;
#342 = MECHANICAL_DESIGN_GEOMETRIC_PRESENTATION_REPRESENTATION (  '', ( #8229 ), #842 ) ;
#343 = FILL_AREA_STYLE_COLOUR ( '', #7398 ) ;
#344 = VECTOR ( 'NONE', #5609, 1000.000000000000000 ) ;
#345 = SURFACE_STYLE_USAGE ( .BOTH. , #4692 ) ;
#346 = CARTESIAN_POINT ( 'NONE',  ( -11.19999999999992600, 0.9000000000000093500, -5.000000000000093300 ) ) ;
#347 = PLANE ( 'NONE',  #2404 ) ;
#348 = AXIS2_PLACEMENT_3D ( 'NONE', #3109, #943, #818 ) ;
#349 = DIRECTION ( 'NONE',  ( 0.0000000000000000000, 1.000000000000000000, 0.0000000000000000000 ) ) ;
#350 = ORIENTED_EDGE ( 'NONE', *, *, #7010, .T. ) ;
#351 = CARTESIAN_POINT ( 'NONE',  ( -8.600004999999990600, 0.0000000000000000000, 5.550153999999987600 ) ) ;
#352 = EDGE_LOOP ( 'NONE', ( #4196, #2064, #7523, #1131 ) ) ;
#353 = UNCERTAINTY_MEASURE_WITH_UNIT (LENGTH_MEASURE( 1.000000000000000100E-005 ), #2375, 'distance_accuracy_value', 'NONE');
#354 = LINE ( 'NONE', #3165, #3980 ) ;
#355 = VERTEX_POINT ( 'NONE', #6778 ) ;
#356 = FACE_BOUND ( 'NONE', #2753, .T. ) ;
#357 = SURFACE_STYLE_USAGE ( .BOTH. , #390 ) ;
#358 = CIRCLE ( 'NONE', #8858, 0.009999999999999592500 ) ;
#359 = CARTESIAN_POINT ( 'NONE',  ( 0.4499999999998983700, 0.8999999999998956600, 4.124999999999937800 ) ) ;
#360 = DIRECTION ( 'NONE',  ( -1.000000000000000000, 0.0000000000000000000, 0.0000000000000000000 ) ) ;
#361 = ORIENTED_EDGE ( 'NONE', *, *, #6121, .F. ) ;
#362 = DIRECTION ( 'NONE',  ( 1.000000000000000000, 9.373779112012609800E-015, 0.0000000000000000000 ) ) ;
#363 = EDGE_LOOP ( 'NONE', ( #4260, #129, #3053, #6199 ) ) ;
#364 = VECTOR ( 'NONE', #2957, 1000.000000000000000 ) ;
#365 = DIRECTION ( 'NONE',  ( -0.0000000000000000000, -0.0000000000000000000, 1.000000000000000000 ) ) ;
#366 = EDGE_LOOP ( 'NONE', ( #391, #280, #1556, #1147 ) ) ;
#367 = EDGE_LOOP ( 'NONE', ( #7731, #7725, #8675, #906 ) ) ;
#368 = DIRECTION ( 'NONE',  ( -1.000000000000000000, 0.0000000000000000000, 0.0000000000000000000 ) ) ;
#369 = VERTEX_POINT ( 'NONE', #7559 ) ;
#370 = PRESENTATION_STYLE_ASSIGNMENT (( #1558 ) ) ;
#371 = LINE ( 'NONE', #2752, #2097 ) ;
#372 = ADVANCED_FACE ( 'NONE', ( #5787 ), #6872, .T. ) ;
#373 = CARTESIAN_POINT ( 'NONE',  ( 4.499991000000001400, 0.0000000000000000000, 5.550153999999987600 ) ) ;
#374 = AXIS2_PLACEMENT_3D ( 'NONE', #2494, #7476, #3216 ) ;
#376 = ORIENTED_EDGE ( 'NONE', *, *, #1743, .F. ) ;
#375 = CARTESIAN_POINT ( 'NONE',  ( 0.2399999999998991600, 1.790000000000000000, 4.849999999999909900 ) ) ;
#377 = CARTESIAN_POINT ( 'NONE',  ( 0.0000000000000000000, 0.7600000000000000100, 0.0000000000000000000 ) ) ;
#378 = ORIENTED_EDGE ( 'NONE', *, *, #9078, .T. ) ;
#379 = DIRECTION ( 'NONE',  ( 0.0000000000000000000, 0.0000000000000000000, 1.000000000000000000 ) ) ;
#380 = SURFACE_SIDE_STYLE ('',( #2990 ) ) ;
#381 = EDGE_CURVE ( 'NONE', #2309, #562, #3885, .T. ) ;
#383 = CARTESIAN_POINT ( 'NONE',  ( 0.2499999999998978600, 0.5249999999998823400, 4.124999999999939600 ) ) ;
#382 = FILL_AREA_STYLE_COLOUR ( '', #4001 ) ;
#384 = LINE ( 'NONE', #5224, #7774 ) ;
#385 = CARTESIAN_POINT ( 'NONE',  ( -11.25000000000000900, 1.399999999999809400, -4.950000000000119200 ) ) ;
#386 = PRESENTATION_LAYER_ASSIGNMENT (  '', '', ( #623 ) ) ;
#387 = AXIS2_PLACEMENT_3D ( 'NONE', #4303, #4596, #7955 ) ;
#388 = VERTEX_POINT ( 'NONE', #3077 ) ;
#389 = ORIENTED_EDGE ( 'NONE', *, *, #1763, .T. ) ;
#390 = SURFACE_SIDE_STYLE ('',( #571 ) ) ;
#391 = ORIENTED_EDGE ( 'NONE', *, *, #4410, .T. ) ;
#392 = EDGE_CURVE ( 'NONE', #3419, #8443, #5137, .T. ) ;
#393 = DIRECTION ( 'NONE',  ( 0.0000000000000000000, -1.000000000000000000, 3.481247791926261000E-015 ) ) ;
#394 = PLANE ( 'NONE',  #7419 ) ;
#395 = VERTEX_POINT ( 'NONE', #3397 ) ;
#396 = VERTEX_POINT ( 'NONE', #8573 ) ;
#397 = CARTESIAN_POINT ( 'NONE',  ( 1.149985000000013100, 0.7500000000000000000, 4.599864000000006400 ) ) ;
#398 = VECTOR ( 'NONE', #4663, 1000.000000000000000 ) ;
#399 = LINE ( 'NONE', #4972, #4020 ) ;
#400 = VERTEX_POINT ( 'NONE', #447 ) ;
#401 = SURFACE_STYLE_USAGE ( .BOTH. , #6069 ) ;
#402 = STYLED_ITEM ( 'NONE', ( #77 ), #1982 ) ;
#403 = EDGE_LOOP ( 'NONE', ( #6671, #1939, #4549, #6459 ) ) ;
#404 = LINE ( 'NONE', #811, #7795 ) ;
#405 = PLANE ( 'NONE',  #882 ) ;
#406 = EDGE_CURVE ( 'NONE', #3192, #8479, #1044, .T. ) ;
#407 = EDGE_CURVE ( 'NONE', #9305, #9139, #6758, .T. ) ;
#408 = STYLED_ITEM ( 'NONE', ( #6489 ), #4602 ) ;
#409 = CARTESIAN_POINT ( 'NONE',  ( 0.0000000000000000000, 0.0000000000000000000, 0.0000000000000000000 ) ) ;
#410 = ORIENTED_EDGE ( 'NONE', *, *, #8033, .F. ) ;
#411 = CARTESIAN_POINT ( 'NONE',  ( -7.649999999999985300, 0.9000000000000093500, -5.200000000000093400 ) ) ;
#412 = UNCERTAINTY_MEASURE_WITH_UNIT (LENGTH_MEASURE( 1.000000000000000100E-005 ), #3352, 'distance_accuracy_value', 'NONE');
#413 = LINE ( 'NONE', #6289, #7800 ) ;
#414 = PLANE ( 'NONE',  #4329 ) ;
#415 = LINE ( 'NONE', #612, #4039 ) ;
#416 = VECTOR ( 'NONE', #8540, 1000.000000000000000 ) ;
#417 = DIRECTION ( 'NONE',  ( 1.000000000000000000, 0.0000000000000000000, 0.0000000000000000000 ) ) ;
#419 =( NAMED_UNIT ( * ) PLANE_ANGLE_UNIT ( ) SI_UNIT ( $, .RADIAN. ) );
#418 = CARTESIAN_POINT ( 'NONE',  ( 8.772996778704309100, 1.790000000000000700, -4.850000000000020100 ) ) ;
#420 = CARTESIAN_POINT ( 'NONE',  ( 5.300091000000000100, 0.0000000000000000000, -0.0000000000000000000 ) ) ;
#421 = STYLED_ITEM ( 'NONE', ( #8971 ), #2885 ) ;
#422 = COLOUR_RGB ( '',0.2039215686274509800, 0.2039215686274509800, 0.2039215686274509800 ) ;
#423 = FILL_AREA_STYLE ('',( #475 ) ) ;
#424 =( GEOMETRIC_REPRESENTATION_CONTEXT ( 3 ) GLOBAL_UNCERTAINTY_ASSIGNED_CONTEXT ( ( #7029 ) ) GLOBAL_UNIT_ASSIGNED_CONTEXT ( ( #5032, #5065, #5095 ) ) REPRESENTATION_CONTEXT ( 'NONE', 'WORKASPACE' ) );
#425 = FILL_AREA_STYLE ('',( #6855 ) ) ;
#426 = CARTESIAN_POINT ( 'NONE',  ( -9.899876999999989400, 0.0000000000000000000, -0.0000000000000000000 ) ) ;
#427 = EDGE_CURVE ( 'NONE', #5135, #3104, #3005, .T. ) ;
#428 = CARTESIAN_POINT ( 'NONE',  ( 0.1999999999999276800, 0.9000001009055926800, 4.999999999999871200 ) ) ;
#429 = CARTESIAN_POINT ( 'NONE',  ( -0.5500000000001007400, 0.6000001009056257200, -17.92388274267673500 ) ) ;
#430 = PRESENTATION_LAYER_ASSIGNMENT (  '', '', ( #8827 ) ) ;
#431 = SURFACE_STYLE_FILL_AREA ( #1398 ) ;
#432 = DIRECTION ( 'NONE',  ( 0.0000000000000000000, 1.000000000000000000, -0.0000000000000000000 ) ) ;
#433 = EDGE_CURVE ( 'NONE', #8916, #9146, #4913, .T. ) ;
#434 = FACE_OUTER_BOUND ( 'NONE', #4148, .T. ) ;
#435 =( NAMED_UNIT ( * ) SI_UNIT ( $, .STERADIAN. ) SOLID_ANGLE_UNIT ( ) );
#436 = ORIENTED_EDGE ( 'NONE', *, *, #6348, .F. ) ;
#437 = AXIS2_PLACEMENT_3D ( 'NONE', #4046, #541, #4069 ) ;
#438 = FILL_AREA_STYLE_COLOUR ( '', #6175 ) ;
#439 = ORIENTED_EDGE ( 'NONE', *, *, #8628, .F. ) ;
#440 = VERTEX_POINT ( 'NONE', #5705 ) ;
#441 = ADVANCED_FACE ( 'NONE', ( #4671 ), #9262, .F. ) ;
#442 = VECTOR ( 'NONE', #3797, 1000.000000000000000 ) ;
#443 = DIRECTION ( 'NONE',  ( 0.0000000000000000000, 0.0000000000000000000, 1.000000000000000000 ) ) ;
#444 = LINE ( 'NONE', #5194, #222 ) ;
#445 = EDGE_CURVE ( 'NONE', #8486, #5483, #6326, .T. ) ;
#446 = ORIENTED_EDGE ( 'NONE', *, *, #2552, .F. ) ;
#447 = CARTESIAN_POINT ( 'NONE',  ( -12.00010300000000500, 0.0000000000000000000, 5.750051999999991300 ) ) ;
#448 = ORIENTED_EDGE ( 'NONE', *, *, #4218, .T. ) ;
#449 = ORIENTED_EDGE ( 'NONE', *, *, #873, .F. ) ;
#450 = DIRECTION ( 'NONE',  ( 0.0000000000000000000, -3.481247791926261400E-015, -1.000000000000000000 ) ) ;
#451 = EDGE_LOOP ( 'NONE', ( #2175, #8191, #3961, #7306 ) ) ;
#452 = DIRECTION ( 'NONE',  ( -0.0000000000000000000, -1.000000000000000000, -0.0000000000000000000 ) ) ;
#453 = VECTOR ( 'NONE', #2125, 1000.000000000000000 ) ;
#454 = PRESENTATION_LAYER_ASSIGNMENT (  '', '', ( #8853 ) ) ;
#455 = ORIENTED_EDGE ( 'NONE', *, *, #8961, .T. ) ;
#456 = EDGE_CURVE ( 'NONE', #274, #3192, #6558, .T. ) ;
#457 = FACE_OUTER_BOUND ( 'NONE', #7666, .T. ) ;
#458 = VERTEX_POINT ( 'NONE', #2031 ) ;
#459 = ORIENTED_EDGE ( 'NONE', *, *, #7409, .F. ) ;
#460 = CARTESIAN_POINT ( 'NONE',  ( 0.2499999999998978600, 0.8999999999998679100, -4.125000000000041700 ) ) ;
#461 = FACE_OUTER_BOUND ( 'NONE', #7887, .T. ) ;
#462 = CARTESIAN_POINT ( 'NONE',  ( 0.0000000000000000000, 0.0000000000000000000, 0.0000000000000000000 ) ) ;
#463 = ORIENTED_EDGE ( 'NONE', *, *, #8373, .F. ) ;
#464 = VERTEX_POINT ( 'NONE', #2955 ) ;
#465 = FACE_OUTER_BOUND ( 'NONE', #6113, .T. ) ;
#466 = LINE ( 'NONE', #8679, #6209 ) ;
#467 = DIRECTION ( 'NONE',  ( 0.0000000000000000000, -1.445602896647284400E-013, 1.000000000000000000 ) ) ;
#468 = DIRECTION ( 'NONE',  ( 0.0000000000000000000, 0.0000000000000000000, 1.000000000000000000 ) ) ;
#469 =( GEOMETRIC_REPRESENTATION_CONTEXT ( 3 ) GLOBAL_UNCERTAINTY_ASSIGNED_CONTEXT ( ( #2361 ) ) GLOBAL_UNIT_ASSIGNED_CONTEXT ( ( #853, #5890, #1595 ) ) REPRESENTATION_CONTEXT ( 'NONE', 'WORKASPACE' ) );
#470 = CARTESIAN_POINT ( 'NONE',  ( 0.4499999999998983700, 0.8999999999998644600, -4.950000000000117400 ) ) ;
#471 = PRESENTATION_LAYER_ASSIGNMENT (  '', '', ( #8870 ) ) ;
#472 = DIRECTION ( 'NONE',  ( 0.0000000000000000000, 1.000000000000000000, -0.0000000000000000000 ) ) ;
#473 = ORIENTED_EDGE ( 'NONE', *, *, #7697, .F. ) ;
#474 = ADVANCED_FACE ( 'NONE', ( #8228 ), #5452, .F. ) ;
#475 = FILL_AREA_STYLE_COLOUR ( '', #4446 ) ;
#476 = EDGE_CURVE ( 'NONE', #2978, #7086, #3784, .T. ) ;
#477 = DIRECTION ( 'NONE',  ( 1.000000000000000000, 0.0000000000000000000, 5.019814838168426400E-015 ) ) ;
#478 = CIRCLE ( 'NONE', #187, 0.2250000000000307300 ) ;
#479 = CARTESIAN_POINT ( 'NONE',  ( -0.2998769999999883500, 0.0000000000000000000, -0.0000000000000000000 ) ) ;
#480 = LINE ( 'NONE', #2952, #2220 ) ;
#481 = STYLED_ITEM ( 'NONE', ( #3549 ), #3432 ) ;
#482 = ORIENTED_EDGE ( 'NONE', *, *, #4479, .F. ) ;
#483 = EDGE_CURVE ( 'NONE', #2568, #8488, #1848, .T. ) ;
#484 = STYLED_ITEM ( 'NONE', ( #5348 ), #8206 ) ;
#485 = CARTESIAN_POINT ( 'NONE',  ( -9.099876999999988700, 0.0000000000000000000, -4.649977999999984800 ) ) ;
#486 =( LENGTH_UNIT ( ) NAMED_UNIT ( * ) SI_UNIT ( .MILLI., .METRE. ) );
#487 = ADVANCED_FACE ( 'NONE', ( #3541 ), #5638, .F. ) ;
#488 = COLOUR_RGB ( '',1.000000000000000000, 1.000000000000000000, 1.000000000000000000 ) ;
#489 = LINE ( 'NONE', #2919, #4113 ) ;
#490 = DIRECTION ( 'NONE',  ( 0.0000000000000000000, 1.000000000000000000, -0.0000000000000000000 ) ) ;
#491 = VECTOR ( 'NONE', #8274, 1000.000000000000000 ) ;
#492 = CARTESIAN_POINT ( 'NONE',  ( -11.10000000000004900, 2.000000000000000000, -4.850000000000021000 ) ) ;
#493 = DIRECTION ( 'NONE',  ( 0.0000000000000000000, 0.0000000000000000000, 1.000000000000000000 ) ) ;
#494 = VERTEX_POINT ( 'NONE', #6206 ) ;
#495 = VERTEX_POINT ( 'NONE', #7597 ) ;
#496 = VERTEX_POINT ( 'NONE', #7620 ) ;
#497 = VECTOR ( 'NONE', #7482, 1000.000000000000000 ) ;
#498 = DIRECTION ( 'NONE',  ( 0.0000000000000000000, 0.0000000000000000000, 1.000000000000000000 ) ) ;
#499 = CARTESIAN_POINT ( 'NONE',  ( 1.149985000000013100, 0.7500000000000000000, 5.000066000000027900 ) ) ;
#500 = PRESENTATION_STYLE_ASSIGNMENT (( #7044 ) ) ;
#501 = VECTOR ( 'NONE', #8714, 1000.000000000000000 ) ;
#502 = DIRECTION ( 'NONE',  ( 0.0000000000000000000, 0.0000000000000000000, -1.000000000000000000 ) ) ;
#503 = LINE ( 'NONE', #6429, #4126 ) ;
#504 = EDGE_CURVE ( 'NONE', #229, #613, #7336, .T. ) ;
#505 = VERTEX_POINT ( 'NONE', #2662 ) ;
#506 = DIRECTION ( 'NONE',  ( -1.000000000000000000, 0.0000000000000000000, 0.0000000000000000000 ) ) ;
#507 = SURFACE_STYLE_FILL_AREA ( #3561 ) ;
#508 = FACE_OUTER_BOUND ( 'NONE', #5150, .T. ) ;
#509 =( GEOMETRIC_REPRESENTATION_CONTEXT ( 3 ) GLOBAL_UNCERTAINTY_ASSIGNED_CONTEXT ( ( #4049 ) ) GLOBAL_UNIT_ASSIGNED_CONTEXT ( ( #6011, #6001, #6072 ) ) REPRESENTATION_CONTEXT ( 'NONE', 'WORKASPACE' ) );
#510 = PRESENTATION_LAYER_ASSIGNMENT (  '', '', ( #8907 ) ) ;
#511 = FACE_OUTER_BOUND ( 'NONE', #4821, .T. ) ;
#512 = DIRECTION ( 'NONE',  ( 2.131649482710643400E-031, -3.481247791926261000E-015, -1.000000000000000000 ) ) ;
#513 = ORIENTED_EDGE ( 'NONE', *, *, #8144, .T. ) ;
#514 = CARTESIAN_POINT ( 'NONE',  ( -11.25000000000000900, 0.8999999999998687900, -3.675000000000090900 ) ) ;
#515 = CARTESIAN_POINT ( 'NONE',  ( 2.349881000000005200, 0.8199999999999999500, -0.5501640000000057600 ) ) ;
#516 = SURFACE_STYLE_USAGE ( .BOTH. , #139 ) ;
#517 = VECTOR ( 'NONE', #2038, 1000.000000000000000 ) ;
#518 = VECTOR ( 'NONE', #7888, 1000.000000000000000 ) ;
#519 = CARTESIAN_POINT ( 'NONE',  ( -8.600004999999990600, 0.0000000000000000000, 0.0000000000000000000 ) ) ;
#520 = SURFACE_STYLE_USAGE ( .BOTH. , #673 ) ;
#521 = VECTOR ( 'NONE', #3117, 1000.000000000000000 ) ;
#522 = ORIENTED_EDGE ( 'NONE', *, *, #2719, .T. ) ;
#523 = PLANE ( 'NONE',  #5894 ) ;
#524 = FILL_AREA_STYLE_COLOUR ( '', #3381 ) ;
#525 = ADVANCED_FACE ( 'NONE', ( #6868 ), #752, .F. ) ;
#526 = LINE ( 'NONE', #9309, #301 ) ;
#527 = LINE ( 'NONE', #3166, #5843 ) ;
#528 =( GEOMETRIC_REPRESENTATION_CONTEXT ( 3 ) GLOBAL_UNCERTAINTY_ASSIGNED_CONTEXT ( ( #6409 ) ) GLOBAL_UNIT_ASSIGNED_CONTEXT ( ( #4420, #4397, #4358 ) ) REPRESENTATION_CONTEXT ( 'NONE', 'WORKASPACE' ) );
#529 = EDGE_LOOP ( 'NONE', ( #5028, #4117, #2228, #1205 ) ) ;
#530 = COLOUR_RGB ( '',1.000000000000000000, 1.000000000000000000, 1.000000000000000000 ) ;
#531 = SURFACE_STYLE_USAGE ( .BOTH. , #4885 ) ;
#532 = DIRECTION ( 'NONE',  ( 0.0000000000000000000, 1.000000000000000000, -0.0000000000000000000 ) ) ;
#533 = VECTOR ( 'NONE', #1142, 1000.000000000000000 ) ;
#534 = COLOUR_RGB ( '',1.000000000000000000, 1.000000000000000000, 1.000000000000000000 ) ;
#535 = DIRECTION ( 'NONE',  ( 0.0000000000000000000, 0.0000000000000000000, -1.000000000000000000 ) ) ;
#536 = ADVANCED_FACE ( 'NONE', ( #7104 ), #264, .T. ) ;
#537 = PLANE ( 'NONE',  #2986 ) ;
#538 = VECTOR ( 'NONE', #3213, 1000.000000000000000 ) ;
#539 = PRESENTATION_LAYER_ASSIGNMENT (  '', '', ( #8937 ) ) ;
#540 = VECTOR ( 'NONE', #1110, 1000.000000000000000 ) ;
#541 = DIRECTION ( 'NONE',  ( 0.0000000000000000000, 0.0000000000000000000, 1.000000000000000000 ) ) ;
#542 = PLANE ( 'NONE',  #8190 ) ;
#543 = LINE ( 'NONE', #4210, #4629 ) ;
#544 = DIRECTION ( 'NONE',  ( 0.0000000000000000000, 0.0000000000000000000, -1.000000000000000000 ) ) ;
#545 = ORIENTED_EDGE ( 'NONE', *, *, #9039, .T. ) ;
#546 = DIRECTION ( 'NONE',  ( -1.000000000000000000, 0.0000000000000000000, 0.0000000000000000000 ) ) ;
#547 = DIRECTION ( 'NONE',  ( 0.0000000000000000000, -1.000000000000000000, -6.123233995736766000E-017 ) ) ;
#548 = LINE ( 'NONE', #4603, #7962 ) ;
#549 = DIRECTION ( 'NONE',  ( 0.0000000000000000000, 0.0000000000000000000, 1.000000000000000000 ) ) ;
#550 = LINE ( 'NONE', #6344, #4426 ) ;
#551 = MECHANICAL_DESIGN_GEOMETRIC_PRESENTATION_REPRESENTATION (  '', ( #8440 ), #1047 ) ;
#552 = ORIENTED_EDGE ( 'NONE', *, *, #8598, .T. ) ;
#553 = EDGE_LOOP ( 'NONE', ( #3339, #7213, #6659, #20 ) ) ;
#554 = EDGE_CURVE ( 'NONE', #4014, #8141, #2632, .T. ) ;
#555 = ORIENTED_EDGE ( 'NONE', *, *, #1607, .T. ) ;
#556 = DIRECTION ( 'NONE',  ( 0.0000000000000000000, 0.0000000000000000000, -1.000000000000000000 ) ) ;
#557 = FACE_OUTER_BOUND ( 'NONE', #1520, .T. ) ;
#558 = AXIS2_PLACEMENT_3D ( 'NONE', #5513, #5640, #5796 ) ;
#559 = PRESENTATION_LAYER_ASSIGNMENT (  '', '', ( #92 ) ) ;
#560 = CARTESIAN_POINT ( 'NONE',  ( 0.0000000000000000000, 0.0000000000000000000, 0.0000000000000000000 ) ) ;
#561 = VECTOR ( 'NONE', #2726, 1000.000000000000000 ) ;
#562 = VERTEX_POINT ( 'NONE', #7160 ) ;
#563 = EDGE_CURVE ( 'NONE', #3758, #7509, #701, .T. ) ;
#564 = CARTESIAN_POINT ( 'NONE',  ( -3.899999999999922600, 0.7000001004988012400, -5.000000000000093300 ) ) ;
#565 = ORIENTED_EDGE ( 'NONE', *, *, #4254, .F. ) ;
#566 = FILL_AREA_STYLE_COLOUR ( '', #1320 ) ;
#567 = CIRCLE ( 'NONE', #3902, 0.009999999999999592500 ) ;
#568 = CARTESIAN_POINT ( 'NONE',  ( 4.600067000000006300, 0.8199999999999999500, 0.1498600000000155400 ) ) ;
#569 = ADVANCED_FACE ( 'NONE', ( #8113 ), #7404, .F. ) ;
#570 = EDGE_CURVE ( 'NONE', #400, #287, #466, .T. ) ;
#571 = SURFACE_STYLE_FILL_AREA ( #423 ) ;
#572 = CARTESIAN_POINT ( 'NONE',  ( -5.699886999999994200, 0.0000000000000000000, 0.0000000000000000000 ) ) ;
#573 = ORIENTED_EDGE ( 'NONE', *, *, #8106, .T. ) ;
#574 =( NAMED_UNIT ( * ) PLANE_ANGLE_UNIT ( ) SI_UNIT ( $, .RADIAN. ) );
#575 = EDGE_LOOP ( 'NONE', ( #7741, #6952, #6843, #8192 ) ) ;
#576 = DIRECTION ( 'NONE',  ( 0.0000000000000000000, 1.000000000000000000, -3.469446951953997200E-015 ) ) ;
#577 = EDGE_LOOP ( 'NONE', ( #8914, #2981, #6541, #2517 ) ) ;
#578 = DIRECTION ( 'NONE',  ( -1.000000000000000000, 0.0000000000000000000, 0.0000000000000000000 ) ) ;
#579 = LINE ( 'NONE', #1718, #7743 ) ;
#580 = CARTESIAN_POINT ( 'NONE',  ( 4.499991000000001400, 0.0000000000000000000, 4.649977999999984800 ) ) ;
#581 = EDGE_LOOP ( 'NONE', ( #1565, #5029, #7432, #1656 ) ) ;
#582 = FACE_BOUND ( 'NONE', #4635, .T. ) ;
#583 = ADVANCED_FACE ( 'NONE', ( #2429 ), #7222, .T. ) ;
#584 = SURFACE_STYLE_FILL_AREA ( #3915 ) ;
#585 = DIRECTION ( 'NONE',  ( 0.0000000000000000000, 1.000000000000000000, -0.0000000000000000000 ) ) ;
#586 = DIRECTION ( 'NONE',  ( 1.000000000000000000, 0.0000000000000000000, 0.0000000000000000000 ) ) ;
#587 =( NAMED_UNIT ( * ) SI_UNIT ( $, .STERADIAN. ) SOLID_ANGLE_UNIT ( ) );
#588 = VERTEX_POINT ( 'NONE', #6852 ) ;
#589 = ORIENTED_EDGE ( 'NONE', *, *, #895, .F. ) ;
#590 = COLOUR_RGB ( '',1.000000000000000000, 1.000000000000000000, 1.000000000000000000 ) ;
#591 = VECTOR ( 'NONE', #4372, 1000.000000000000000 ) ;
#592 = APPLICATION_CONTEXT ( 'automotive_design' ) ;
#593 = SURFACE_STYLE_USAGE ( .BOTH. , #780 ) ;
#594 = VERTEX_POINT ( 'NONE', #6924 ) ;
#595 = AXIS2_PLACEMENT_3D ( 'NONE', #2273, #7257, #2996 ) ;
#596 =( LENGTH_UNIT ( ) NAMED_UNIT ( * ) SI_UNIT ( .MILLI., .METRE. ) );
#597 = STYLED_ITEM ( 'NONE', ( #5931 ), #2783 ) ;
#598 = VERTEX_POINT ( 'NONE', #7880 ) ;
#599 = CARTESIAN_POINT ( 'NONE',  ( -7.850000000000074300, 0.6000000000000415000, 4.999999999999871200 ) ) ;
#600 = LINE ( 'NONE', #200, #2341 ) ;
#601 = LINE ( 'NONE', #2716, #6341 ) ;
#602 = FILL_AREA_STYLE ('',( #382 ) ) ;
#603 = ORIENTED_EDGE ( 'NONE', *, *, #2156, .F. ) ;
#604 = EDGE_CURVE ( 'NONE', #7524, #3871, #9151, .T. ) ;
#605 = CARTESIAN_POINT ( 'NONE',  ( -7.100000056180550500, 1.000000125623494700, -5.000000000000093300 ) ) ;
#606 = SURFACE_SIDE_STYLE ('',( #8806 ) ) ;
#607 = CARTESIAN_POINT ( 'NONE',  ( -4.299876999999988800, 0.0000000000000000000, 4.649977999999984800 ) ) ;
#608 = VECTOR ( 'NONE', #150, 1000.000000000000000 ) ;
#609 = STYLED_ITEM ( 'NONE', ( #1938 ), #3629 ) ;
#610 = CARTESIAN_POINT ( 'NONE',  ( -6.876393202613789900, 0.9000001009055423900, 17.92388274267651100 ) ) ;
#611 = MECHANICAL_DESIGN_GEOMETRIC_PRESENTATION_REPRESENTATION (  '', ( #8501 ), #1103 ) ;
#612 = CARTESIAN_POINT ( 'NONE',  ( 3.700123000000011600, 0.0000000000000000000, 0.0000000000000000000 ) ) ;
#613 = VERTEX_POINT ( 'NONE', #9022 ) ;
#614 = ORIENTED_EDGE ( 'NONE', *, *, #6548, .F. ) ;
#615 = DIRECTION ( 'NONE',  ( -0.8320502943378439400, -0.5547001962252287000, -3.081487911019577400E-033 ) ) ;
#616 = LINE ( 'NONE', #4607, #4490 ) ;
#617 = CARTESIAN_POINT ( 'NONE',  ( -3.499876999999989000, 0.0000000000000000000, -4.649977999999984800 ) ) ;
#618 = LINE ( 'NONE', #3500, #7788 ) ;
#619 = CARTESIAN_POINT ( 'NONE',  ( -7.800004999999990800, 0.0000000000000000000, 5.550153999999987600 ) ) ;
#620 = ADVANCED_FACE ( 'NONE', ( #1515 ), #8472, .F. ) ;
#621 = DIRECTION ( 'NONE',  ( -1.000000000000000000, 0.0000000000000000000, 0.0000000000000000000 ) ) ;
#622 = AXIS2_PLACEMENT_3D ( 'NONE', #8778, #615, #8964 ) ;
#623 = STYLED_ITEM ( 'NONE', ( #8239 ), #271 ) ;
#624 = ORIENTED_EDGE ( 'NONE', *, *, #2062, .T. ) ;
#625 = PRESENTATION_STYLE_ASSIGNMENT (( #7105 ) ) ;
#626 = CARTESIAN_POINT ( 'NONE',  ( 0.0000000000000000000, 0.7500000000000000000, 0.0000000000000000000 ) ) ;
#627 = DIRECTION ( 'NONE',  ( 0.0000000000000000000, 0.0000000000000000000, -1.000000000000000000 ) ) ;
#628 = EDGE_CURVE ( 'NONE', #3076, #4470, #3418, .T. ) ;
#629 =( NAMED_UNIT ( * ) SI_UNIT ( $, .STERADIAN. ) SOLID_ANGLE_UNIT ( ) );
#630 = ADVANCED_FACE ( 'NONE', ( #5351 ), #3004, .T. ) ;
#631 = SURFACE_STYLE_FILL_AREA ( #4464 ) ;
#632 = ORIENTED_EDGE ( 'NONE', *, *, #2666, .T. ) ;
#633 = DIRECTION ( 'NONE',  ( 0.0000000000000000000, 0.0000000000000000000, 1.000000000000000000 ) ) ;
#634 = AXIS2_PLACEMENT_3D ( 'NONE', #838, #7869, #8299 ) ;
#635 = FILL_AREA_STYLE ('',( #2330 ) ) ;
#636 =( GEOMETRIC_REPRESENTATION_CONTEXT ( 3 ) GLOBAL_UNCERTAINTY_ASSIGNED_CONTEXT ( ( #302 ) ) GLOBAL_UNIT_ASSIGNED_CONTEXT ( ( #907, #6184, #981 ) ) REPRESENTATION_CONTEXT ( 'NONE', 'WORKASPACE' ) );
#637 = VECTOR ( 'NONE', #5620, 1000.000000000000000 ) ;
#638 = LINE ( 'NONE', #9267, #4504 ) ;
#639 = EDGE_CURVE ( 'NONE', #5680, #56, #4912, .T. ) ;
#640 = CARTESIAN_POINT ( 'NONE',  ( 1.449958999999993800, 0.5200000000000000200, 5.100066000000028400 ) ) ;
#641 = CARTESIAN_POINT ( 'NONE',  ( -10.64999999999998800, 0.9000000000000084600, -5.000000000000093300 ) ) ;
#642 = UNCERTAINTY_MEASURE_WITH_UNIT (LENGTH_MEASURE( 1.000000000000000100E-005 ), #9251, 'distance_accuracy_value', 'NONE');
#643 = DIRECTION ( 'NONE',  ( 0.0000000000000000000, -0.0000000000000000000, -1.000000000000000000 ) ) ;
#644 = PLANE ( 'NONE',  #8611 ) ;
#645 = CARTESIAN_POINT ( 'NONE',  ( 0.1999999999999276800, 1.399999999999953300, 17.92388274267651100 ) ) ;
#646 = SURFACE_STYLE_FILL_AREA ( #2176 ) ;
#647 = DIRECTION ( 'NONE',  ( 0.0000000000000000000, -0.0000000000000000000, -1.000000000000000000 ) ) ;
#648 = AXIS2_PLACEMENT_3D ( 'NONE', #2358, #2337, #2304 ) ;
#649 = VECTOR ( 'NONE', #8260, 1000.000000000000000 ) ;
#650 = PRESENTATION_STYLE_ASSIGNMENT (( #2911 ) ) ;
#651 = CARTESIAN_POINT ( 'NONE',  ( 0.2399999999998991600, 1.799999999999999600, -4.850000000000028100 ) ) ;
#652 = VECTOR ( 'NONE', #4100, 1000.000000000000000 ) ;
#653 = CARTESIAN_POINT ( 'NONE',  ( 0.1000000000000497000, 1.999999999999999100, -17.92388274267673500 ) ) ;
#654 = CARTESIAN_POINT ( 'NONE',  ( 8.772996778704309100, 0.8999999999998965500, 4.124999999999937800 ) ) ;
#655 = EDGE_CURVE ( 'NONE', #859, #5064, #6756, .T. ) ;
#656 =( NAMED_UNIT ( * ) PLANE_ANGLE_UNIT ( ) SI_UNIT ( $, .RADIAN. ) );
#657 = VECTOR ( 'NONE', #9048, 1000.000000000000000 ) ;
#658 = DIRECTION ( 'NONE',  ( 0.0000000000000000000, 1.000000000000000000, -0.0000000000000000000 ) ) ;
#659 = DIRECTION ( 'NONE',  ( 1.000000000000000000, 9.373779112012609800E-015, -5.739784292720280400E-031 ) ) ;
#660 = AXIS2_PLACEMENT_3D ( 'NONE', #1345, #8265, #659 ) ;
#661 = ADVANCED_FACE ( 'NONE', ( #4670 ), #3716, .F. ) ;
#662 = SURFACE_STYLE_FILL_AREA ( #2515 ) ;
#663 = EDGE_LOOP ( 'NONE', ( #3173, #7135, #789, #5361 ) ) ;
#664 = EDGE_CURVE ( 'NONE', #7871, #4214, #3984, .T. ) ;
#665 = ORIENTED_EDGE ( 'NONE', *, *, #1416, .F. ) ;
#666 =( NAMED_UNIT ( * ) SI_UNIT ( $, .STERADIAN. ) SOLID_ANGLE_UNIT ( ) );
#667 = FILL_AREA_STYLE_COLOUR ( '', #8065 ) ;
#668 = CARTESIAN_POINT ( 'NONE',  ( -1.400004999999990600, 0.0000000000000000000, 5.550153999999987600 ) ) ;
#669 = EDGE_LOOP ( 'NONE', ( #2418, #234, #28, #1506 ) ) ;
#670 = VECTOR ( 'NONE', #136, 1000.000000000000000 ) ;
#671 = DIRECTION ( 'NONE',  ( 1.000000000000000000, 0.0000000000000000000, 0.0000000000000000000 ) ) ;
#672 = CARTESIAN_POINT ( 'NONE',  ( -11.45000000000000600, 1.399999999999809400, -4.950000000000119200 ) ) ;
#673 = SURFACE_SIDE_STYLE ('',( #8980 ) ) ;
#674 = SURFACE_STYLE_FILL_AREA ( #9049 ) ;
#675 = ORIENTED_EDGE ( 'NONE', *, *, #628, .T. ) ;
#676 = ORIENTED_EDGE ( 'NONE', *, *, #1864, .F. ) ;
#677 = ORIENTED_EDGE ( 'NONE', *, *, #3812, .F. ) ;
#678 = DIRECTION ( 'NONE',  ( 0.0000000000000000000, 1.000000000000000000, 0.0000000000000000000 ) ) ;
#679 = CARTESIAN_POINT ( 'NONE',  ( 1.449958999999993800, 0.7500000000000000000, 5.100066000000028400 ) ) ;
#680 = LINE ( 'NONE', #6333, #6196 ) ;
#681 = DIRECTION ( 'NONE',  ( 0.0000000000000000000, 0.0000000000000000000, 1.000000000000000000 ) ) ;
#682 = PRESENTATION_LAYER_ASSIGNMENT (  '', '', ( #201 ) ) ;
#683 = DIRECTION ( 'NONE',  ( -1.000000000000000000, 0.0000000000000000000, 0.0000000000000000000 ) ) ;
#684 = SURFACE_STYLE_FILL_AREA ( #974 ) ;
#685 = EDGE_CURVE ( 'NONE', #2720, #2511, #358, .T. ) ;
#686 = ORIENTED_EDGE ( 'NONE', *, *, #7319, .F. ) ;
#687 = UNCERTAINTY_MEASURE_WITH_UNIT (LENGTH_MEASURE( 1.000000000000000100E-005 ), #6897, 'distance_accuracy_value', 'NONE');
#688 = VERTEX_POINT ( 'NONE', #3805 ) ;
#689 = FILL_AREA_STYLE_COLOUR ( '', #2007 ) ;
#690 = ORIENTED_EDGE ( 'NONE', *, *, #5938, .T. ) ;
#691 = AXIS2_PLACEMENT_3D ( 'NONE', #9197, #8079, #4521 ) ;
#692 = FILL_AREA_STYLE_COLOUR ( '', #2834 ) ;
#693 = VECTOR ( 'NONE', #6823, 1000.000000000000000 ) ;
#694 = AXIS2_PLACEMENT_3D ( 'NONE', #2998, #3110, #3138 ) ;
#695 = FILL_AREA_STYLE_COLOUR ( '', #5533 ) ;
#696 = AXIS2_PLACEMENT_3D ( 'NONE', #4813, #4742, #4650 ) ;
#697 = ORIENTED_EDGE ( 'NONE', *, *, #3965, .T. ) ;
#698 = EDGE_LOOP ( 'NONE', ( #2319, #3428, #2272, #869 ) ) ;
#699 = EDGE_CURVE ( 'NONE', #332, #9241, #2082, .T. ) ;
#700 = VECTOR ( 'NONE', #1934, 1000.000000000000000 ) ;
#701 = CIRCLE ( 'NONE', #5426, 0.3000000753742137500 ) ;
#702 = SURFACE_SIDE_STYLE ('',( #8042 ) ) ;
#703 = ORIENTED_EDGE ( 'NONE', *, *, #7046, .T. ) ;
#704 = PRESENTATION_STYLE_ASSIGNMENT (( #3025 ) ) ;
#705 = SURFACE_SIDE_STYLE ('',( #3626 ) ) ;
#706 = DIRECTION ( 'NONE',  ( 0.0000000000000000000, 0.0000000000000000000, 1.000000000000000000 ) ) ;
#707 = ORIENTED_EDGE ( 'NONE', *, *, #2896, .T. ) ;
#708 = DIRECTION ( 'NONE',  ( -6.123233995736766000E-017, -1.000000000000000000, 2.891205793293927200E-015 ) ) ;
#709 = MECHANICAL_DESIGN_GEOMETRIC_PRESENTATION_REPRESENTATION (  '', ( #9099 ), #1192 ) ;
#710 = DIRECTION ( 'NONE',  ( 0.0000000000000000000, 0.0000000000000000000, 1.000000000000000000 ) ) ;
#711 = VERTEX_POINT ( 'NONE', #4731 ) ;
#712 = EDGE_CURVE ( 'NONE', #2224, #5921, #3783, .T. ) ;
#713 = UNCERTAINTY_MEASURE_WITH_UNIT (LENGTH_MEASURE( 1.000000000000000100E-005 ), #2194, 'distance_accuracy_value', 'NONE');
#714 =( GEOMETRIC_REPRESENTATION_CONTEXT ( 3 ) GLOBAL_UNCERTAINTY_ASSIGNED_CONTEXT ( ( #642 ) ) GLOBAL_UNIT_ASSIGNED_CONTEXT ( ( #9251, #9222, #8526 ) ) REPRESENTATION_CONTEXT ( 'NONE', 'WORKASPACE' ) );
#715 = LINE ( 'NONE', #1022, #2439 ) ;
#716 = VECTOR ( 'NONE', #30, 1000.000000000000000 ) ;
#717 = LINE ( 'NONE', #769, #4578 ) ;
#718 = CARTESIAN_POINT ( 'NONE',  ( 0.0000000000000000000, 0.0000000000000000000, 0.0000000000000000000 ) ) ;
#719 = CARTESIAN_POINT ( 'NONE',  ( -11.79995099999999700, 0.0000000000000000000, 2.249839999999991000 ) ) ;
#720 = CARTESIAN_POINT ( 'NONE',  ( -3.800004999999990800, 0.0000000000000000000, 0.0000000000000000000 ) ) ;
#721 = ADVANCED_FACE ( 'NONE', ( #5897 ), #4879, .T. ) ;
#722 = ORIENTED_EDGE ( 'NONE', *, *, #304, .T. ) ;
#723 = FILL_AREA_STYLE_COLOUR ( '', #8627 ) ;
#724 = CARTESIAN_POINT ( 'NONE',  ( 4.600067000000006300, 0.5200000000000000200, -0.1501140000000206200 ) ) ;
#725 = VECTOR ( 'NONE', #289, 1000.000000000000000 ) ;
#726 = LINE ( 'NONE', #6094, #7893 ) ;
#727 = COLOUR_RGB ( '',1.000000000000000000, 1.000000000000000000, 1.000000000000000000 ) ;
#728 = DIRECTION ( 'NONE',  ( -0.8320502943378437200, -0.5547001962252290400, -3.081487911019577400E-033 ) ) ;
#729 =( NAMED_UNIT ( * ) SI_UNIT ( $, .STERADIAN. ) SOLID_ANGLE_UNIT ( ) );
#730 = AXIS2_PLACEMENT_3D ( 'NONE', #6428, #6458, #6467 ) ;
#731 = ORIENTED_EDGE ( 'NONE', *, *, #1804, .F. ) ;
#732 = ORIENTED_EDGE ( 'NONE', *, *, #7543, .F. ) ;
#733 =( NAMED_UNIT ( * ) PLANE_ANGLE_UNIT ( ) SI_UNIT ( $, .RADIAN. ) );
#734 = VERTEX_POINT ( 'NONE', #4767 ) ;
#735 = LINE ( 'NONE', #7797, #4370 ) ;
#736 = LINE ( 'NONE', #1527, #501 ) ;
#737 = EDGE_CURVE ( 'NONE', #6734, #8929, #5019, .T. ) ;
#738 = LINE ( 'NONE', #7771, #6251 ) ;
#739 = CARTESIAN_POINT ( 'NONE',  ( -10.45000000000001000, 0.6000000000000423900, 5.199999999999871400 ) ) ;
#740 = DIRECTION ( 'NONE',  ( -0.0000000000000000000, -1.000000000000000000, -0.0000000000000000000 ) ) ;
#741 = VERTEX_POINT ( 'NONE', #5509 ) ;
#742 = CARTESIAN_POINT ( 'NONE',  ( -6.200004999999991100, 0.0000000000000000000, 0.0000000000000000000 ) ) ;
#743 = MECHANICAL_DESIGN_GEOMETRIC_PRESENTATION_REPRESENTATION (  '', ( #9129 ), #1222 ) ;
#744 = FACE_OUTER_BOUND ( 'NONE', #8349, .T. ) ;
#745 = EDGE_LOOP ( 'NONE', ( #1428, #5664, #4571, #2882 ) ) ;
#746 = VECTOR ( 'NONE', #7463, 1000.000000000000000 ) ;
#747 = PRESENTATION_LAYER_ASSIGNMENT (  '', '', ( #9132 ) ) ;
#748 = CARTESIAN_POINT ( 'NONE',  ( 2.049906999999996600, 0.8199999999999999500, 0.05003799999998837000 ) ) ;
#749 = CYLINDRICAL_SURFACE ( 'NONE', #1393, 0.01000000000000013400 ) ;
#750 = EDGE_CURVE ( 'NONE', #3551, #5680, #3100, .T. ) ;
#751 = ORIENTED_EDGE ( 'NONE', *, *, #4785, .F. ) ;
#752 = PLANE ( 'NONE',  #691 ) ;
#753 = EDGE_CURVE ( 'NONE', #2104, #5465, #1148, .T. ) ;
#754 = CARTESIAN_POINT ( 'NONE',  ( -11.25000000000000900, 1.399999999999844900, 4.949999999999900700 ) ) ;
#755 = CARTESIAN_POINT ( 'NONE',  ( 7.000113000000009600, 1.520000000000000000, 4.999990000000023500 ) ) ;
#756 = LINE ( 'NONE', #2771, #8162 ) ;
#757 =( GEOMETRIC_REPRESENTATION_CONTEXT ( 3 ) GLOBAL_UNCERTAINTY_ASSIGNED_CONTEXT ( ( #7680 ) ) GLOBAL_UNIT_ASSIGNED_CONTEXT ( ( #3632, #3794, #3886 ) ) REPRESENTATION_CONTEXT ( 'NONE', 'WORKASPACE' ) );
#758 = FACE_OUTER_BOUND ( 'NONE', #2550, .T. ) ;
#759 =( NAMED_UNIT ( * ) SI_UNIT ( $, .STERADIAN. ) SOLID_ANGLE_UNIT ( ) );
#760 = VERTEX_POINT ( 'NONE', #5764 ) ;
#761 = CARTESIAN_POINT ( 'NONE',  ( -11.39990099999999600, 0.0000000000000000000, -3.550158000000026300 ) ) ;
#762 = DIRECTION ( 'NONE',  ( -1.000000000000000000, 0.0000000000000000000, 0.0000000000000000000 ) ) ;
#763 = EDGE_CURVE ( 'NONE', #3144, #1448, #6442, .T. ) ;
#764 =( LENGTH_UNIT ( ) NAMED_UNIT ( * ) SI_UNIT ( .MILLI., .METRE. ) );
#765 = FACE_OUTER_BOUND ( 'NONE', #6585, .T. ) ;
#766 = AXIS2_PLACEMENT_3D ( 'NONE', #5724, #4837, #4601 ) ;
#767 = ADVANCED_FACE ( 'NONE', ( #8333 ), #6119, .F. ) ;
#768 = UNCERTAINTY_MEASURE_WITH_UNIT (LENGTH_MEASURE( 1.000000000000000100E-005 ), #6377, 'distance_accuracy_value', 'NONE');
#769 = CARTESIAN_POINT ( 'NONE',  ( 0.0000000000000000000, 0.0000000000000000000, -5.550153999999987600 ) ) ;
#770 = DIRECTION ( 'NONE',  ( 0.0000000000000000000, 0.0000000000000000000, 1.000000000000000000 ) ) ;
#771 =( NAMED_UNIT ( * ) PLANE_ANGLE_UNIT ( ) SI_UNIT ( $, .RADIAN. ) );
#772 = LINE ( 'NONE', #1612, #4161 ) ;
#773 = CARTESIAN_POINT ( 'NONE',  ( 0.0000000000000000000, 0.0000000000000000000, 4.649977999999984800 ) ) ;
#774 = SURFACE_SIDE_STYLE ('',( #181 ) ) ;
#775 = CARTESIAN_POINT ( 'NONE',  ( -11.19999999999992600, 1.399999999999954200, -5.200000000000093400 ) ) ;
#776 = FILL_AREA_STYLE_COLOUR ( '', #3044 ) ;
#777 = COLOUR_RGB ( '',1.000000000000000000, 1.000000000000000000, 1.000000000000000000 ) ;
#778 = CARTESIAN_POINT ( 'NONE',  ( 0.0000000000000000000, 0.0000000000000000000, 0.0000000000000000000 ) ) ;
#779 = FACE_OUTER_BOUND ( 'NONE', #5470, .T. ) ;
#780 = SURFACE_SIDE_STYLE ('',( #6584 ) ) ;
#781 = ORIENTED_EDGE ( 'NONE', *, *, #3600, .T. ) ;
#782 =( NAMED_UNIT ( * ) PLANE_ANGLE_UNIT ( ) SI_UNIT ( $, .RADIAN. ) );
#783 = DIRECTION ( 'NONE',  ( -1.000000000000000000, 0.0000000000000000000, 0.0000000000000000000 ) ) ;
#784 = ORIENTED_EDGE ( 'NONE', *, *, #7364, .T. ) ;
#785 = PLANE ( 'NONE',  #8359 ) ;
#786 = DIRECTION ( 'NONE',  ( -1.000000000000000000, 0.0000000000000000000, 0.0000000000000000000 ) ) ;
#787 = MECHANICAL_DESIGN_GEOMETRIC_PRESENTATION_REPRESENTATION (  '', ( #9176 ), #1271 ) ;
#788 =( GEOMETRIC_REPRESENTATION_CONTEXT ( 3 ) GLOBAL_UNCERTAINTY_ASSIGNED_CONTEXT ( ( #6237 ) ) GLOBAL_UNIT_ASSIGNED_CONTEXT ( ( #4461, #4427, #4331 ) ) REPRESENTATION_CONTEXT ( 'NONE', 'WORKASPACE' ) );
#789 = ORIENTED_EDGE ( 'NONE', *, *, #8087, .T. ) ;
#790 = ORIENTED_EDGE ( 'NONE', *, *, #8328, .F. ) ;
#791 = VERTEX_POINT ( 'NONE', #6255 ) ;
#792 = CARTESIAN_POINT ( 'NONE',  ( -11.19999999999992600, 1.399999999999953300, -17.92388274267673500 ) ) ;
#793 = DIRECTION ( 'NONE',  ( 0.0000000000000000000, 1.000000000000000000, -0.0000000000000000000 ) ) ;
#794 = FILL_AREA_STYLE ('',( #9113 ) ) ;
#795 = VECTOR ( 'NONE', #4385, 1000.000000000000000 ) ;
#796 = ORIENTED_EDGE ( 'NONE', *, *, #937, .T. ) ;
#797 = EDGE_CURVE ( 'NONE', #5046, #8434, #933, .T. ) ;
#798 = VERTEX_POINT ( 'NONE', #6304 ) ;
#799 = LINE ( 'NONE', #742, #2514 ) ;
#800 = AXIS2_PLACEMENT_3D ( 'NONE', #5404, #5430, #5438 ) ;
#801 = ORIENTED_EDGE ( 'NONE', *, *, #2526, .F. ) ;
#802 = LINE ( 'NONE', #2488, #4438 ) ;
#803 = AXIS2_PLACEMENT_3D ( 'NONE', #4258, #9293, #4993 ) ;
#804 = FILL_AREA_STYLE ('',( #3127 ) ) ;
#805 = ORIENTED_EDGE ( 'NONE', *, *, #2943, .T. ) ;
#806 = ORIENTED_EDGE ( 'NONE', *, *, #2702, .T. ) ;
#807 = ORIENTED_EDGE ( 'NONE', *, *, #979, .F. ) ;
#808 =( LENGTH_UNIT ( ) NAMED_UNIT ( * ) SI_UNIT ( .MILLI., .METRE. ) );
#809 = LINE ( 'NONE', #7679, #4203 ) ;
#810 = CARTESIAN_POINT ( 'NONE',  ( -11.45000000000000600, 1.399999999999809400, -4.850000000000019200 ) ) ;
#811 = CARTESIAN_POINT ( 'NONE',  ( -19.77299677870442100, 0.8999999999998679100, -4.125000000000041700 ) ) ;
#812 = AXIS2_PLACEMENT_3D ( 'NONE', #5436, #6140, #6837 ) ;
#813 = ORIENTED_EDGE ( 'NONE', *, *, #6822, .F. ) ;
#814 = FILL_AREA_STYLE ('',( #60 ) ) ;
#815 =( NAMED_UNIT ( * ) SI_UNIT ( $, .STERADIAN. ) SOLID_ANGLE_UNIT ( ) );
#816 = ORIENTED_EDGE ( 'NONE', *, *, #6042, .T. ) ;
#817 = FILL_AREA_STYLE_COLOUR ( '', #2639 ) ;
#818 = DIRECTION ( 'NONE',  ( 0.0000000000000000000, 0.0000000000000000000, 1.000000000000000000 ) ) ;
#819 = ADVANCED_FACE ( 'NONE', ( #4789 ), #6272, .F. ) ;
#820 = PLANE ( 'NONE',  #5803 ) ;
#821 = CARTESIAN_POINT ( 'NONE',  ( 0.0000000000000000000, 0.0000000000000000000, 5.550153999999987600 ) ) ;
#822 = VECTOR ( 'NONE', #5968, 1000.000000000000000 ) ;
#823 = EDGE_CURVE ( 'NONE', #5763, #1828, #6208, .T. ) ;
#824 = EDGE_LOOP ( 'NONE', ( #2350, #2784, #3772, #3473 ) ) ;
#825 = FACE_BOUND ( 'NONE', #5002, .T. ) ;
#826 = EDGE_CURVE ( 'NONE', #7759, #5549, #8112, .T. ) ;
#827 = VECTOR ( 'NONE', #2694, 1000.000000000000000 ) ;
#828 = DIRECTION ( 'NONE',  ( -0.0000000000000000000, 1.000000000000000000, -0.0000000000000000000 ) ) ;
#829 = VERTEX_POINT ( 'NONE', #2068 ) ;
#830 = EDGE_LOOP ( 'NONE', ( #8362, #8222, #4481, #2915 ) ) ;
#831 = AXIS2_PLACEMENT_3D ( 'NONE', #7721, #7789, #7665 ) ;
#832 = SURFACE_SIDE_STYLE ('',( #3220 ) ) ;
#833 = PRESENTATION_LAYER_ASSIGNMENT (  '', '', ( #9219 ) ) ;
#834 = VECTOR ( 'NONE', #9206, 1000.000000000000000 ) ;
#835 = VECTOR ( 'NONE', #2139, 1000.000000000000000 ) ;
#836 = FACE_OUTER_BOUND ( 'NONE', #1288, .T. ) ;
#837 = EDGE_LOOP ( 'NONE', ( #8272, #2100, #9229, #2863 ) ) ;
#838 = CARTESIAN_POINT ( 'NONE',  ( 0.0000000000000000000, 1.520000000000000000, 0.0000000000000000000 ) ) ;
#839 = CARTESIAN_POINT ( 'NONE',  ( 1.149985000000013100, 0.7600000000000000100, 5.000066000000027900 ) ) ;
#840 = CARTESIAN_POINT ( 'NONE',  ( -7.800004999999990800, 0.0000000000000000000, 0.0000000000000000000 ) ) ;
#841 = VECTOR ( 'NONE', #3402, 1000.000000000000100 ) ;
#842 =( GEOMETRIC_REPRESENTATION_CONTEXT ( 3 ) GLOBAL_UNCERTAINTY_ASSIGNED_CONTEXT ( ( #5731 ) ) GLOBAL_UNIT_ASSIGNED_CONTEXT ( ( #6082, #419, #5719 ) ) REPRESENTATION_CONTEXT ( 'NONE', 'WORKASPACE' ) );
#843 = FILL_AREA_STYLE ('',( #870 ) ) ;
#844 = SURFACE_STYLE_FILL_AREA ( #8460 ) ;
#845 = ORIENTED_EDGE ( 'NONE', *, *, #5228, .F. ) ;
#846 = STYLED_ITEM ( 'NONE', ( #4514 ), #5149 ) ;
#847 =( NAMED_UNIT ( * ) PLANE_ANGLE_UNIT ( ) SI_UNIT ( $, .RADIAN. ) );
#848 = SURFACE_STYLE_FILL_AREA ( #7301 ) ;
#849 = DIRECTION ( 'NONE',  ( 0.0000000000000000000, 0.0000000000000000000, -1.000000000000000000 ) ) ;
#850 = VECTOR ( 'NONE', #4471, 1000.000000000000000 ) ;
#851 = CARTESIAN_POINT ( 'NONE',  ( 0.0000000000000000000, 0.0000000000000000000, -4.649977999999984800 ) ) ;
#852 = PLANE ( 'NONE',  #6817 ) ;
#853 =( LENGTH_UNIT ( ) NAMED_UNIT ( * ) SI_UNIT ( .MILLI., .METRE. ) );
#854 = DIRECTION ( 'NONE',  ( 0.0000000000000000000, 0.0000000000000000000, 1.000000000000000000 ) ) ;
#855 = ADVANCED_FACE ( 'NONE', ( #465 ), #5350, .T. ) ;
#856 = ORIENTED_EDGE ( 'NONE', *, *, #8725, .T. ) ;
#857 = DIRECTION ( 'NONE',  ( 0.0000000000000000000, 0.0000000000000000000, 1.000000000000000000 ) ) ;
#858 = ORIENTED_EDGE ( 'NONE', *, *, #8316, .T. ) ;
#859 = VERTEX_POINT ( 'NONE', #7749 ) ;
#860 = LINE ( 'NONE', #5580, #6361 ) ;
#861 = STYLED_ITEM ( 'NONE', ( #4931 ), #3199 ) ;
#862 = VECTOR ( 'NONE', #2599, 1000.000000000000000 ) ;
#863 = ORIENTED_EDGE ( 'NONE', *, *, #8033, .T. ) ;
#864 = ADVANCED_FACE ( 'NONE', ( #3661 ), #2565, .F. ) ;
#865 = VERTEX_POINT ( 'NONE', #1781 ) ;
#866 = PRESENTATION_STYLE_ASSIGNMENT (( #3080 ) ) ;
#867 =( NAMED_UNIT ( * ) SI_UNIT ( $, .STERADIAN. ) SOLID_ANGLE_UNIT ( ) );
#868 = UNCERTAINTY_MEASURE_WITH_UNIT (LENGTH_MEASURE( 1.000000000000000100E-005 ), #2137, 'distance_accuracy_value', 'NONE');
#869 = ORIENTED_EDGE ( 'NONE', *, *, #7058, .T. ) ;
#870 = FILL_AREA_STYLE_COLOUR ( '', #7582 ) ;
#871 = PRESENTATION_LAYER_ASSIGNMENT (  '', '', ( #9266 ) ) ;
#872 = VECTOR ( 'NONE', #360, 1000.000000000000000 ) ;
#873 = EDGE_CURVE ( 'NONE', #8422, #9260, #3417, .T. ) ;
#874 =( LENGTH_UNIT ( ) NAMED_UNIT ( * ) SI_UNIT ( .MILLI., .METRE. ) );
#875 = ORIENTED_EDGE ( 'NONE', *, *, #6857, .F. ) ;
#876 = SURFACE_STYLE_FILL_AREA ( #8534 ) ;
#877 = CARTESIAN_POINT ( 'NONE',  ( -3.800004999999990800, 0.0000000000000000000, 4.649977999999984800 ) ) ;
#878 = DIRECTION ( 'NONE',  ( 1.000000000000000000, -0.0000000000000000000, 0.0000000000000000000 ) ) ;
#879 = DIRECTION ( 'NONE',  ( -0.0000000000000000000, -1.000000000000000000, -0.0000000000000000000 ) ) ;
#880 = FILL_AREA_STYLE_COLOUR ( '', #2809 ) ;
#881 = MECHANICAL_DESIGN_GEOMETRIC_PRESENTATION_REPRESENTATION (  '', ( #1233 ), #757 ) ;
#882 = AXIS2_PLACEMENT_3D ( 'NONE', #249, #192, #493 ) ;
#883 = PLANE ( 'NONE',  #330 ) ;
#884 = COLOUR_RGB ( '',1.000000000000000000, 1.000000000000000000, 1.000000000000000000 ) ;
#885 = VECTOR ( 'NONE', #7451, 1000.000000000000000 ) ;
#886 = EDGE_CURVE ( 'NONE', #7251, #9183, #1739, .T. ) ;
#887 = ORIENTED_EDGE ( 'NONE', *, *, #5653, .F. ) ;
#888 = FILL_AREA_STYLE_COLOUR ( '', #7200 ) ;
#889 = CIRCLE ( 'NONE', #3088, 0.2100000000000001300 ) ;
#890 = LINE ( 'NONE', #14, #5742 ) ;
#891 = ORIENTED_EDGE ( 'NONE', *, *, #4622, .F. ) ;
#892 = AXIS2_PLACEMENT_3D ( 'NONE', #1976, #828, #1442 ) ;
#893 = VECTOR ( 'NONE', #5492, 1000.000000000000000 ) ;
#894 = EDGE_CURVE ( 'NONE', #3072, #274, #9150, .T. ) ;
#895 = EDGE_CURVE ( 'NONE', #2893, #3551, #7218, .T. ) ;
#896 =( NAMED_UNIT ( * ) PLANE_ANGLE_UNIT ( ) SI_UNIT ( $, .RADIAN. ) );
#897 = ADVANCED_FACE ( 'NONE', ( #8698 ), #1119, .T. ) ;
#898 = CARTESIAN_POINT ( 'NONE',  ( -7.100000056180550500, 0.7000000502492796900, -17.92388274267673500 ) ) ;
#899 = COLOUR_RGB ( '',1.000000000000000000, 1.000000000000000000, 1.000000000000000000 ) ;
#900 = FACE_OUTER_BOUND ( 'NONE', #1535, .T. ) ;
#901 =( NAMED_UNIT ( * ) PLANE_ANGLE_UNIT ( ) SI_UNIT ( $, .RADIAN. ) );
#902 = VERTEX_POINT ( 'NONE', #1220 ) ;
#903 = LINE ( 'NONE', #6841, #4753 ) ;
#904 = ORIENTED_EDGE ( 'NONE', *, *, #407, .T. ) ;
#905 = ORIENTED_EDGE ( 'NONE', *, *, #2241, .F. ) ;
#906 = ORIENTED_EDGE ( 'NONE', *, *, #4756, .T. ) ;
#907 =( LENGTH_UNIT ( ) NAMED_UNIT ( * ) SI_UNIT ( .MILLI., .METRE. ) );
#908 = SURFACE_STYLE_USAGE ( .BOTH. , #970 ) ;
#909 = LINE ( 'NONE', #7300, #670 ) ;
#910 = CARTESIAN_POINT ( 'NONE',  ( 0.0000000000000000000, 0.0000000000000000000, 4.649977999999984800 ) ) ;
#911 = ADVANCED_FACE ( 'NONE', ( #7984 ), #523, .T. ) ;
#912 = DIRECTION ( 'NONE',  ( -1.000000000000000000, -3.938562652106140600E-016, -2.411674072571547900E-032 ) ) ;
#913 = CARTESIAN_POINT ( 'NONE',  ( 3.399995000000009900, 0.0000000000000000000, -4.649977999999984800 ) ) ;
#914 = AXIS2_PLACEMENT_3D ( 'NONE', #3799, #3828, #3857 ) ;
#915 = LINE ( 'NONE', #8790, #8089 ) ;
#916 = ORIENTED_EDGE ( 'NONE', *, *, #2775, .T. ) ;
#917 = EDGE_LOOP ( 'NONE', ( #473, #4935, #5036, #891 ) ) ;
#918 = VERTEX_POINT ( 'NONE', #460 ) ;
#919 = DIRECTION ( 'NONE',  ( -0.0000000000000000000, -1.000000000000000000, -0.0000000000000000000 ) ) ;
#920 = DIRECTION ( 'NONE',  ( 1.000000000000000000, 0.0000000000000000000, 0.0000000000000000000 ) ) ;
#921 = EDGE_CURVE ( 'NONE', #5380, #6988, #1840, .T. ) ;
#922 = PLANE ( 'NONE',  #3813 ) ;
#923 = VERTEX_POINT ( 'NONE', #8981 ) ;
#924 = DIRECTION ( 'NONE',  ( -0.0000000000000000000, -0.0000000000000000000, 1.000000000000000000 ) ) ;
#925 = VERTEX_POINT ( 'NONE', #1905 ) ;
#926 = MECHANICAL_DESIGN_GEOMETRIC_PRESENTATION_REPRESENTATION (  '', ( #8827 ), #1423 ) ;
#927 = CARTESIAN_POINT ( 'NONE',  ( 3.700123000000011600, 0.0000000000000000000, -4.649977999999984800 ) ) ;
#928 = LINE ( 'NONE', #1805, #8327 ) ;
#929 = ORIENTED_EDGE ( 'NONE', *, *, #5007, .F. ) ;
#930 = VECTOR ( 'NONE', #2736, 1000.000000000000000 ) ;
#931 = DIRECTION ( 'NONE',  ( 0.0000000000000000000, 0.0000000000000000000, 1.000000000000000000 ) ) ;
#932 = ORIENTED_EDGE ( 'NONE', *, *, #8646, .T. ) ;
#933 = CIRCLE ( 'NONE', #3686, 0.3000000753742137500 ) ;
#934 = EDGE_CURVE ( 'NONE', #5058, #741, #9268, .T. ) ;
#935 = SURFACE_STYLE_USAGE ( .BOTH. , #774 ) ;
#936 = EDGE_LOOP ( 'NONE', ( #8220, #813, #1034, #4902 ) ) ;
#937 = EDGE_CURVE ( 'NONE', #5423, #2720, #3526, .T. ) ;
#938 = EDGE_LOOP ( 'NONE', ( #2249, #1458, #7704, #4657, #4597, #1170, #4177, #7095, #1074, #731, #1651, #8301 ) ) ;
#939 = PRESENTATION_LAYER_ASSIGNMENT (  '', '', ( #1233 ) ) ;
#940 = COLOUR_RGB ( '',1.000000000000000000, 1.000000000000000000, 1.000000000000000000 ) ;
#941 = VECTOR ( 'NONE', #6077, 1000.000000000000000 ) ;
#942 = CARTESIAN_POINT ( 'NONE',  ( -12.00010300000000500, 0.5200000000000000200, -5.750051999999991300 ) ) ;
#943 = DIRECTION ( 'NONE',  ( 0.0000000000000000000, 1.000000000000000000, -0.0000000000000000000 ) ) ;
#944 = ORIENTED_EDGE ( 'NONE', *, *, #1960, .F. ) ;
#945 = CARTESIAN_POINT ( 'NONE',  ( 0.1000000000000497000, 2.000000000000000000, 4.849999999999909900 ) ) ;
#946 = UNCERTAINTY_MEASURE_WITH_UNIT (LENGTH_MEASURE( 1.000000000000000100E-005 ), #1891, 'distance_accuracy_value', 'NONE');
#947 = EDGE_CURVE ( 'NONE', #918, #440, #3770, .T. ) ;
#948 = ADVANCED_FACE ( 'NONE', ( #7094 ), #852, .F. ) ;
#949 = VECTOR ( 'NONE', #5752, 1000.000000000000000 ) ;
#950 = MECHANICAL_DESIGN_GEOMETRIC_PRESENTATION_REPRESENTATION (  '', ( #8853 ), #1449 ) ;
#951 =( NAMED_UNIT ( * ) SI_UNIT ( $, .STERADIAN. ) SOLID_ANGLE_UNIT ( ) );
#952 = VERTEX_POINT ( 'NONE', #8902 ) ;
#953 = ORIENTED_EDGE ( 'NONE', *, *, #504, .T. ) ;
#954 = CARTESIAN_POINT ( 'NONE',  ( 0.0000000000000000000, 0.0000000000000000000, 4.649977999999984800 ) ) ;
#955 = EDGE_CURVE ( 'NONE', #8479, #3072, #1621, .T. ) ;
#956 = STYLED_ITEM ( 'NONE', ( #5671 ), #721 ) ;
#957 = EDGE_LOOP ( 'NONE', ( #6779, #4904, #2236, #2032 ) ) ;
#958 = VECTOR ( 'NONE', #8936, 1000.000000000000000 ) ;
#959 = ADVANCED_FACE ( 'NONE', ( #3294 ), #2417, .T. ) ;
#960 = ORIENTED_EDGE ( 'NONE', *, *, #5691, .F. ) ;
#961 = CARTESIAN_POINT ( 'NONE',  ( 0.3999230000000034100, 0.5200000000000004600, -3.900170000000022300 ) ) ;
#962 = ORIENTED_EDGE ( 'NONE', *, *, #1146, .F. ) ;
#963 = VERTEX_POINT ( 'NONE', #178 ) ;
#964 = FILL_AREA_STYLE_COLOUR ( '', #3178 ) ;
#965 = PLANE ( 'NONE',  #3517 ) ;
#966 = ORIENTED_EDGE ( 'NONE', *, *, #6880, .F. ) ;
#967 = VECTOR ( 'NONE', #7216, 1000.000000000000000 ) ;
#968 = MECHANICAL_DESIGN_GEOMETRIC_PRESENTATION_REPRESENTATION (  '', ( #8870 ), #1471 ) ;
#969 = ORIENTED_EDGE ( 'NONE', *, *, #1172, .F. ) ;
#970 = SURFACE_SIDE_STYLE ('',( #5125 ) ) ;
#971 = DIRECTION ( 'NONE',  ( 1.000000000000000000, 0.0000000000000000000, 0.0000000000000000000 ) ) ;
#972 = DIRECTION ( 'NONE',  ( 0.0000000000000000000, 0.0000000000000000000, -1.000000000000000000 ) ) ;
#973 = CARTESIAN_POINT ( 'NONE',  ( -3.800004999999990800, 0.0000000000000000000, -5.550153999999987600 ) ) ;
#974 = FILL_AREA_STYLE ('',( #2629 ) ) ;
#975 = ORIENTED_EDGE ( 'NONE', *, *, #9299, .T. ) ;
#976 = CARTESIAN_POINT ( 'NONE',  ( -7.000004999999991800, 0.0000000000000000000, -5.550153999999987600 ) ) ;
#977 = DIRECTION ( 'NONE',  ( -1.000000000000000000, 0.0000000000000000000, 0.0000000000000000000 ) ) ;
#978 = VECTOR ( 'NONE', #1753, 1000.000000000000000 ) ;
#979 = EDGE_CURVE ( 'NONE', #2415, #5398, #4321, .T. ) ;
#980 = VERTEX_POINT ( 'NONE', #239 ) ;
#981 =( NAMED_UNIT ( * ) SI_UNIT ( $, .STERADIAN. ) SOLID_ANGLE_UNIT ( ) );
#982 = SURFACE_STYLE_USAGE ( .BOTH. , #832 ) ;
#983 = AXIS2_PLACEMENT_3D ( 'NONE', #8161, #2254, #2317 ) ;
#984 = LINE ( 'NONE', #2806, #8625 ) ;
#985 = EDGE_CURVE ( 'NONE', #829, #2454, #7851, .T. ) ;
#986 = SURFACE_STYLE_FILL_AREA ( #5092 ) ;
#987 = PRESENTATION_LAYER_ASSIGNMENT (  '', '', ( #484 ) ) ;
#988 = CARTESIAN_POINT ( 'NONE',  ( -7.649999999999985300, 0.9000000000000084600, 4.999999999999871200 ) ) ;
#989 = VECTOR ( 'NONE', #546, 1000.000000000000000 ) ;
#990 = ORIENTED_EDGE ( 'NONE', *, *, #3977, .T. ) ;
#991 = CARTESIAN_POINT ( 'NONE',  ( -19.77299677870442100, 0.5249999999998823400, 4.124999999999939600 ) ) ;
#992 = CARTESIAN_POINT ( 'NONE',  ( -11.19999999999992600, 0.9000000000000093500, -5.200000000000093400 ) ) ;
#993 = ADVANCED_FACE ( 'NONE', ( #457 ), #405, .F. ) ;
#994 = CARTESIAN_POINT ( 'NONE',  ( -10.90002899999999800, 0.0000000000000000000, 0.0000000000000000000 ) ) ;
#995 = LINE ( 'NONE', #4722, #2942 ) ;
#996 = CARTESIAN_POINT ( 'NONE',  ( 0.2499999999998978600, 0.8999999999998999900, 4.949999999999902500 ) ) ;
#997 = VECTOR ( 'NONE', #9250, 1000.000000000000000 ) ;
#998 = EDGE_CURVE ( 'NONE', #7416, #9204, #2196, .T. ) ;
#999 = CARTESIAN_POINT ( 'NONE',  ( -3.799967000000008100, 0.0000000000000000000, -1.387778780781445700E-014 ) ) ;
#1000 = VECTOR ( 'NONE', #2704, 1000.000000000000000 ) ;
#1001 = CARTESIAN_POINT ( 'NONE',  ( -7.850000000000074300, 0.6000000000000423900, -5.200000000000093400 ) ) ;
#1002 = SURFACE_SIDE_STYLE ('',( #684 ) ) ;
#1003 = ADVANCED_FACE ( 'NONE', ( #4083 ), #922, .F. ) ;
#1004 = PLANE ( 'NONE',  #2735 ) ;
#1005 = MECHANICAL_DESIGN_GEOMETRIC_PRESENTATION_REPRESENTATION (  '', ( #8907 ), #1513 ) ;
#1006 = VECTOR ( 'NONE', #7700, 1000.000000000000000 ) ;
#1007 =( LENGTH_UNIT ( ) NAMED_UNIT ( * ) SI_UNIT ( .MILLI., .METRE. ) );
#1008 = COLOUR_RGB ( '',1.000000000000000000, 1.000000000000000000, 1.000000000000000000 ) ;
#1009 = ORIENTED_EDGE ( 'NONE', *, *, #2833, .T. ) ;
#1010 = CARTESIAN_POINT ( 'NONE',  ( -5.099876999999989600, 0.0000000000000000000, 5.550153999999987600 ) ) ;
#1011 = ORIENTED_EDGE ( 'NONE', *, *, #998, .F. ) ;
#1012 = EDGE_LOOP ( 'NONE', ( #7531, #9032, #3296, #4776 ) ) ;
#1013 = AXIS2_PLACEMENT_3D ( 'NONE', #961, #658, #633 ) ;
#1014 = ORIENTED_EDGE ( 'NONE', *, *, #40, .F. ) ;
#1015 =( LENGTH_UNIT ( ) NAMED_UNIT ( * ) SI_UNIT ( .MILLI., .METRE. ) );
#1016 = LINE ( 'NONE', #7294, #2972 ) ;
#1017 =( NAMED_UNIT ( * ) PLANE_ANGLE_UNIT ( ) SI_UNIT ( $, .RADIAN. ) );
#1018 = ORIENTED_EDGE ( 'NONE', *, *, #3501, .T. ) ;
#1019 = SURFACE_SIDE_STYLE ('',( #5868 ) ) ;
#1020 = VERTEX_POINT ( 'NONE', #5918 ) ;
#1021 = EDGE_LOOP ( 'NONE', ( #7124, #1978, #3283, #5769 ) ) ;
#1022 = CARTESIAN_POINT ( 'NONE',  ( -7.499876999999989900, 0.0000000000000000000, -0.0000000000000000000 ) ) ;
#1023 = ORIENTED_EDGE ( 'NONE', *, *, #3844, .T. ) ;
#1024 = SURFACE_STYLE_FILL_AREA ( #3845 ) ;
#1025 = ORIENTED_EDGE ( 'NONE', *, *, #8961, .F. ) ;
#1026 = FILL_AREA_STYLE_COLOUR ( '', #1267 ) ;
#1027 = VERTEX_POINT ( 'NONE', #6043 ) ;
#1028 = VERTEX_POINT ( 'NONE', #2359 ) ;
#1029 = DIRECTION ( 'NONE',  ( 0.0000000000000000000, 0.0000000000000000000, 1.000000000000000000 ) ) ;
#1030 = CARTESIAN_POINT ( 'NONE',  ( 1.799995000000009100, 0.0000000000000000000, -0.0000000000000000000 ) ) ;
#1031 = MECHANICAL_DESIGN_GEOMETRIC_PRESENTATION_REPRESENTATION (  '', ( #8937 ), #1544 ) ;
#1032 = ADVANCED_FACE ( 'NONE', ( #3407 ), #5889, .F. ) ;
#1033 = PRESENTATION_STYLE_ASSIGNMENT (( #7064 ) ) ;
#1034 = ORIENTED_EDGE ( 'NONE', *, *, #1877, .F. ) ;
#1035 = ORIENTED_EDGE ( 'NONE', *, *, #304, .F. ) ;
#1036 = ORIENTED_EDGE ( 'NONE', *, *, #1909, .T. ) ;
#1037 = CARTESIAN_POINT ( 'NONE',  ( 0.0000000000000000000, 0.0000000000000000000, 0.0000000000000000000 ) ) ;
#1038 = CARTESIAN_POINT ( 'NONE',  ( -19.77299677870442100, 0.5249999999998545800, -3.900000000000120300 ) ) ;
#1039 = LINE ( 'NONE', #3834, #822 ) ;
#1040 = DIRECTION ( 'NONE',  ( 1.000000000000000000, -0.0000000000000000000, 0.0000000000000000000 ) ) ;
#1041 = EDGE_LOOP ( 'NONE', ( #3894, #3531, #4307, #7853 ) ) ;
#1042 = FACE_BOUND ( 'NONE', #8446, .T. ) ;
#1043 = SURFACE_STYLE_FILL_AREA ( #3831 ) ;
#1044 = LINE ( 'NONE', #8210, #8455 ) ;
#1045 = ADVANCED_FACE ( 'NONE', ( #5115 ), #4654, .F. ) ;
#1046 = ORIENTED_EDGE ( 'NONE', *, *, #7757, .F. ) ;
#1047 =( GEOMETRIC_REPRESENTATION_CONTEXT ( 3 ) GLOBAL_UNCERTAINTY_ASSIGNED_CONTEXT ( ( #4309 ) ) GLOBAL_UNIT_ASSIGNED_CONTEXT ( ( #7930, #3691, #8694 ) ) REPRESENTATION_CONTEXT ( 'NONE', 'WORKASPACE' ) );
#1048 = CARTESIAN_POINT ( 'NONE',  ( 0.0000000000000000000, 0.0000000000000000000, 5.550153999999987600 ) ) ;
#1049 = DIRECTION ( 'NONE',  ( -0.0000000000000000000, -1.000000000000000000, -0.0000000000000000000 ) ) ;
#1050 =( NAMED_UNIT ( * ) SI_UNIT ( $, .STERADIAN. ) SOLID_ANGLE_UNIT ( ) );
#1051 = EDGE_CURVE ( 'NONE', #5440, #2527, #6966, .T. ) ;
#1052 = ORIENTED_EDGE ( 'NONE', *, *, #1576, .T. ) ;
#1053 = VERTEX_POINT ( 'NONE', #1010 ) ;
#1054 = LINE ( 'NONE', #4302, #6994 ) ;
#1055 = FILL_AREA_STYLE_COLOUR ( '', #3342 ) ;
#1056 = LINE ( 'NONE', #4187, #1758 ) ;
#1057 = ORIENTED_EDGE ( 'NONE', *, *, #5771, .T. ) ;
#1058 = EDGE_CURVE ( 'NONE', #141, #2636, #8688, .T. ) ;
#1059 = MECHANICAL_DESIGN_GEOMETRIC_PRESENTATION_REPRESENTATION (  '', ( #92 ), #1574 ) ;
#1060 = VERTEX_POINT ( 'NONE', #619 ) ;
#1061 = EDGE_CURVE ( 'NONE', #396, #7902, #3191, .T. ) ;
#1062 = CARTESIAN_POINT ( 'NONE',  ( -11.10000000000004900, 1.790000000000000000, 4.999999999999869400 ) ) ;
#1063 = DIRECTION ( 'NONE',  ( 0.0000000000000000000, 0.0000000000000000000, -1.000000000000000000 ) ) ;
#1064 = VECTOR ( 'NONE', #4095, 1000.000000000000000 ) ;
#1065 = CARTESIAN_POINT ( 'NONE',  ( 0.1000000000000497000, 1.799999999999999600, -4.850000000000021000 ) ) ;
#1066 = LINE ( 'NONE', #7640, #6343 ) ;
#1067 = CARTESIAN_POINT ( 'NONE',  ( 8.772996778704309100, 1.399999999999844900, 4.949999999999900700 ) ) ;
#1068 = VERTEX_POINT ( 'NONE', #1163 ) ;
#1069 = EDGE_CURVE ( 'NONE', #3062, #8194, #4890, .T. ) ;
#1070 = ORIENTED_EDGE ( 'NONE', *, *, #6912, .T. ) ;
#1071 = LINE ( 'NONE', #3030, #3026 ) ;
#1072 = STYLED_ITEM ( 'NONE', ( #8763 ), #1785 ) ;
#1073 = VERTEX_POINT ( 'NONE', #1265 ) ;
#1074 = ORIENTED_EDGE ( 'NONE', *, *, #9138, .F. ) ;
#1075 = PRESENTATION_STYLE_ASSIGNMENT (( #3012 ) ) ;
#1076 = SURFACE_SIDE_STYLE ('',( #3610 ) ) ;
#1077 = LINE ( 'NONE', #2025, #6582 ) ;
#1078 =( LENGTH_UNIT ( ) NAMED_UNIT ( * ) SI_UNIT ( .MILLI., .METRE. ) );
#1079 = CARTESIAN_POINT ( 'NONE',  ( 0.0000000000000000000, 0.0000000000000000000, 0.0000000000000000000 ) ) ;
#1080 = LINE ( 'NONE', #2096, #3040 ) ;
#1081 = VERTEX_POINT ( 'NONE', #1533 ) ;
#1083 =( LENGTH_UNIT ( ) NAMED_UNIT ( * ) SI_UNIT ( .MILLI., .METRE. ) );
#1082 = SURFACE_SIDE_STYLE ('',( #3323 ) ) ;
#1084 = ORIENTED_EDGE ( 'NONE', *, *, #8208, .F. ) ;
#1085 = FACE_OUTER_BOUND ( 'NONE', #2152, .T. ) ;
#1086 = SURFACE_STYLE_FILL_AREA ( #2360 ) ;
#1087 = STYLED_ITEM ( 'NONE', ( #704 ), #7952 ) ;
#1088 = PRESENTATION_LAYER_ASSIGNMENT (  '', '', ( #597 ) ) ;
#1089 = VERTEX_POINT ( 'NONE', #1437 ) ;
#1090 = DIRECTION ( 'NONE',  ( 0.0000000000000000000, 1.000000000000000000, 1.445602896647284400E-013 ) ) ;
#1091 = VERTEX_POINT ( 'NONE', #1468 ) ;
#1092 = DIRECTION ( 'NONE',  ( 0.0000000000000000000, -3.679716464193384600E-015, -1.000000000000000000 ) ) ;
#1093 = CARTESIAN_POINT ( 'NONE',  ( 0.0000000000000000000, 0.0000000000000000000, 4.649977999999984800 ) ) ;
#1094 = ADVANCED_FACE ( 'NONE', ( #6540 ), #1812, .F. ) ;
#1095 = CARTESIAN_POINT ( 'NONE',  ( 0.1000000000000497000, 1.799999999999999600, -4.850000000000021000 ) ) ;
#1096 = VECTOR ( 'NONE', #1029, 1000.000000000000000 ) ;
#1097 = EDGE_CURVE ( 'NONE', #588, #613, #1504, .T. ) ;
#1098 = CARTESIAN_POINT ( 'NONE',  ( -3.000004999999990500, 0.0000000000000000000, 0.0000000000000000000 ) ) ;
#1099 =( NAMED_UNIT ( * ) PLANE_ANGLE_UNIT ( ) SI_UNIT ( $, .RADIAN. ) );
#1100 = AXIS2_PLACEMENT_3D ( 'NONE', #9278, #417, #502 ) ;
#1101 = FILL_AREA_STYLE_COLOUR ( '', #5574 ) ;
#1102 = SURFACE_STYLE_USAGE ( .BOTH. , #1002 ) ;
#1103 =( GEOMETRIC_REPRESENTATION_CONTEXT ( 3 ) GLOBAL_UNCERTAINTY_ASSIGNED_CONTEXT ( ( #2060 ) ) GLOBAL_UNIT_ASSIGNED_CONTEXT ( ( #7280, #3016, #7976 ) ) REPRESENTATION_CONTEXT ( 'NONE', 'WORKASPACE' ) );
#1104 = LINE ( 'NONE', #8968, #2822 ) ;
#1105 = SURFACE_STYLE_FILL_AREA ( #4624 ) ;
#1106 = CARTESIAN_POINT ( 'NONE',  ( 2.900123000000011300, 0.0000000000000000000, 5.550153999999987600 ) ) ;
#1107 = ORIENTED_EDGE ( 'NONE', *, *, #4581, .T. ) ;
#1108 = ORIENTED_EDGE ( 'NONE', *, *, #1253, .T. ) ;
#1109 = DIRECTION ( 'NONE',  ( 1.000000000000000000, -0.0000000000000000000, 0.0000000000000000000 ) ) ;
#1110 = DIRECTION ( 'NONE',  ( -1.000000000000000000, 0.0000000000000000000, -0.0000000000000000000 ) ) ;
#1111 =( GEOMETRIC_REPRESENTATION_CONTEXT ( 3 ) GLOBAL_UNCERTAINTY_ASSIGNED_CONTEXT ( ( #7076 ) ) GLOBAL_UNIT_ASSIGNED_CONTEXT ( ( #3227, #3304, #3340 ) ) REPRESENTATION_CONTEXT ( 'NONE', 'WORKASPACE' ) );
#1112 = EDGE_CURVE ( 'NONE', #23, #8019, #1254, .T. ) ;
#1113 = CARTESIAN_POINT ( 'NONE',  ( -10.45000000000001000, 0.6000000000000415000, 4.999999999999871200 ) ) ;
#1114 = ORIENTED_EDGE ( 'NONE', *, *, #3083, .F. ) ;
#1116 = SURFACE_STYLE_USAGE ( .BOTH. , #1140 ) ;
#1115 = SURFACE_SIDE_STYLE ('',( #7415 ) ) ;
#1117 = EDGE_CURVE ( 'NONE', #1727, #215, #4655, .T. ) ;
#1118 = ORIENTED_EDGE ( 'NONE', *, *, #8341, .T. ) ;
#1119 = PLANE ( 'NONE',  #3032 ) ;
#1120 = CARTESIAN_POINT ( 'NONE',  ( 0.0000000000000000000, 0.0000000000000000000, -5.550153999999987600 ) ) ;
#1121 = LINE ( 'NONE', #4696, #4748 ) ;
#1122 = DIRECTION ( 'NONE',  ( -1.000000000000000000, -0.0000000000000000000, -0.0000000000000000000 ) ) ;
#1123 = PRESENTATION_LAYER_ASSIGNMENT (  '', '', ( #155 ) ) ;
#1124 = ORIENTED_EDGE ( 'NONE', *, *, #1390, .F. ) ;
#1125 = EDGE_CURVE ( 'NONE', #4685, #902, #802, .T. ) ;
#1126 = EDGE_LOOP ( 'NONE', ( #9152, #3205, #4662, #5883 ) ) ;
#1127 =( NAMED_UNIT ( * ) SI_UNIT ( $, .STERADIAN. ) SOLID_ANGLE_UNIT ( ) );
#1128 = EDGE_CURVE ( 'NONE', #3033, #6742, #6308, .T. ) ;
#1129 = COLOUR_RGB ( '',1.000000000000000000, 1.000000000000000000, 1.000000000000000000 ) ;
#1130 = CIRCLE ( 'NONE', #6100, 0.2249999999999752200 ) ;
#1131 = ORIENTED_EDGE ( 'NONE', *, *, #2043, .F. ) ;
#1132 = EDGE_LOOP ( 'NONE', ( #4366, #2237, #1987, #7252 ) ) ;
#1133 = ADVANCED_FACE ( 'NONE', ( #2516 ), #4167, .T. ) ;
#1134 = DIRECTION ( 'NONE',  ( 0.0000000000000000000, 1.000000000000000000, -2.891205793293927200E-015 ) ) ;
#1135 = DIRECTION ( 'NONE',  ( 0.0000000000000000000, 0.0000000000000000000, 1.000000000000000000 ) ) ;
#1136 = PRESENTATION_LAYER_ASSIGNMENT (  '', '', ( #172 ) ) ;
#1137 =( NAMED_UNIT ( * ) SI_UNIT ( $, .STERADIAN. ) SOLID_ANGLE_UNIT ( ) );
#1138 = VERTEX_POINT ( 'NONE', #4375 ) ;
#1139 = EDGE_LOOP ( 'NONE', ( #5237, #5878, #3964, #1616 ) ) ;
#1140 = SURFACE_SIDE_STYLE ('',( #7129 ) ) ;
#1141 = ORIENTED_EDGE ( 'NONE', *, *, #5126, .T. ) ;
#1142 = DIRECTION ( 'NONE',  ( 0.0000000000000000000, -1.000000000000000000, -1.434038073474106100E-013 ) ) ;
#1143 = EDGE_LOOP ( 'NONE', ( #306, #4643, #732, #2315 ) ) ;
#1144 = LINE ( 'NONE', #4827, #930 ) ;
#1145 = SURFACE_SIDE_STYLE ('',( #4334 ) ) ;
#1146 = EDGE_CURVE ( 'NONE', #7745, #1053, #9257, .T. ) ;
#1147 = ORIENTED_EDGE ( 'NONE', *, *, #1630, .T. ) ;
#1148 = LINE ( 'NONE', #5672, #8571 ) ;
#1149 = DIRECTION ( 'NONE',  ( -1.000000000000000000, 0.0000000000000000000, 0.0000000000000000000 ) ) ;
#1150 = SURFACE_STYLE_USAGE ( .BOTH. , #5484 ) ;
#1151 = ORIENTED_EDGE ( 'NONE', *, *, #6697, .F. ) ;
#1152 = DIRECTION ( 'NONE',  ( 0.0000000000000000000, 0.0000000000000000000, -1.000000000000000000 ) ) ;
#1153 = STYLED_ITEM ( 'NONE', ( #4105 ), #3351 ) ;
#1154 = ORIENTED_EDGE ( 'NONE', *, *, #7537, .T. ) ;
#1155 = EDGE_CURVE ( 'NONE', #8819, #4567, #7317, .T. ) ;
#1156 = CARTESIAN_POINT ( 'NONE',  ( -11.19999999999992600, 0.9000000000000084600, 4.999999999999871200 ) ) ;
#1157 = ORIENTED_EDGE ( 'NONE', *, *, #2410, .F. ) ;
#1158 = CYLINDRICAL_SURFACE ( 'NONE', #5188, 0.009999999999999592500 ) ;
#1159 = UNCERTAINTY_MEASURE_WITH_UNIT (LENGTH_MEASURE( 1.000000000000000100E-005 ), #8215, 'distance_accuracy_value', 'NONE');
#1160 =( NAMED_UNIT ( * ) PLANE_ANGLE_UNIT ( ) SI_UNIT ( $, .RADIAN. ) );
#1161 = EDGE_LOOP ( 'NONE', ( #3249, #1714, #5217, #4000 ) ) ;
#1162 = PLANE ( 'NONE',  #3861 ) ;
#1163 = CARTESIAN_POINT ( 'NONE',  ( 4.199995000000010100, 0.0000000000000000000, -5.550153999999987600 ) ) ;
#1164 = CARTESIAN_POINT ( 'NONE',  ( -4.200017000000007000, 0.0000000000000000000, -0.0000000000000000000 ) ) ;
#1165 = VECTOR ( 'NONE', #2160, 1000.000000000000000 ) ;
#1166 = CARTESIAN_POINT ( 'NONE',  ( 1.149985000000013100, 0.7600000000000000100, 4.599864000000006400 ) ) ;
#1167 = DIRECTION ( 'NONE',  ( 1.000000000000000000, 0.0000000000000000000, 0.0000000000000000000 ) ) ;
#1168 = MECHANICAL_DESIGN_GEOMETRIC_PRESENTATION_REPRESENTATION (  '', ( #201 ), #1686 ) ;
#1169 = ORIENTED_EDGE ( 'NONE', *, *, #8549, .F. ) ;
#1170 = ORIENTED_EDGE ( 'NONE', *, *, #7058, .F. ) ;
#1171 = DIRECTION ( 'NONE',  ( -1.000000000000000000, 0.0000000000000000000, 0.0000000000000000000 ) ) ;
#1172 = EDGE_CURVE ( 'NONE', #613, #2835, #1613, .T. ) ;
#1173 = CARTESIAN_POINT ( 'NONE',  ( 0.0000000000000000000, 0.0000000000000000000, -4.649977999999984800 ) ) ;
#1174 = FACE_OUTER_BOUND ( 'NONE', #4684, .T. ) ;
#1175 = LINE ( 'NONE', #1030, #6466 ) ;
#1176 = DIRECTION ( 'NONE',  ( -1.000000000000000000, 0.0000000000000000000, 0.0000000000000000000 ) ) ;
#1177 = ORIENTED_EDGE ( 'NONE', *, *, #8520, .T. ) ;
#1178 = AXIS2_PLACEMENT_3D ( 'NONE', #1894, #1955, #2020 ) ;
#1179 = AXIS2_PLACEMENT_3D ( 'NONE', #3930, #3901, #3981 ) ;
#1180 = VERTEX_POINT ( 'NONE', #3546 ) ;
#1181 = VERTEX_POINT ( 'NONE', #3475 ) ;
#1182 = EDGE_CURVE ( 'NONE', #6425, #8722, #7079, .T. ) ;
#1183 = DIRECTION ( 'NONE',  ( 0.5547001962252291500, -0.8320502943378437200, 0.0000000000000000000 ) ) ;
#1184 = CARTESIAN_POINT ( 'NONE',  ( -10.90002899999999800, 0.0000000000000000000, 3.049839999999990300 ) ) ;
#1185 = PLANE ( 'NONE',  #3408 ) ;
#1186 = CARTESIAN_POINT ( 'NONE',  ( 7.000113000000009600, 0.5200000000000000200, 4.999990000000023500 ) ) ;
#1187 = VECTOR ( 'NONE', #3640, 1000.000000000000000 ) ;
#1188 = CARTESIAN_POINT ( 'NONE',  ( -11.19999999999992600, 1.399999999999953300, 17.92388274267651100 ) ) ;
#1189 = ORIENTED_EDGE ( 'NONE', *, *, #4320, .T. ) ;
#1190 = CARTESIAN_POINT ( 'NONE',  ( 0.0000000000000000000, 0.0000000000000000000, 5.550153999999987600 ) ) ;
#1191 =( LENGTH_UNIT ( ) NAMED_UNIT ( * ) SI_UNIT ( .MILLI., .METRE. ) );
#1192 =( GEOMETRIC_REPRESENTATION_CONTEXT ( 3 ) GLOBAL_UNCERTAINTY_ASSIGNED_CONTEXT ( ( #5625 ) ) GLOBAL_UNIT_ASSIGNED_CONTEXT ( ( #2085, #2014, #1378 ) ) REPRESENTATION_CONTEXT ( 'NONE', 'WORKASPACE' ) );
#1193 = ORIENTED_EDGE ( 'NONE', *, *, #7890, .F. ) ;
#1194 = PRESENTATION_STYLE_ASSIGNMENT (( #2471 ) ) ;
#1195 = EDGE_CURVE ( 'NONE', #2113, #5774, #9018, .T. ) ;
#1196 = ORIENTED_EDGE ( 'NONE', *, *, #3321, .F. ) ;
#1197 = CARTESIAN_POINT ( 'NONE',  ( 0.0000000000000000000, 0.0000000000000000000, 0.0000000000000000000 ) ) ;
#1198 = LINE ( 'NONE', #3511, #4843 ) ;
#1199 = CARTESIAN_POINT ( 'NONE',  ( -11.39990099999999600, -5.000000000000000000, 4.249928000000013000 ) ) ;
#1200 = LINE ( 'NONE', #5856, #3148 ) ;
#1201 = VECTOR ( 'NONE', #7, 1000.000000000000000 ) ;
#1202 = DIRECTION ( 'NONE',  ( -0.0000000000000000000, -1.000000000000000000, -0.0000000000000000000 ) ) ;
#1203 = PLANE ( 'NONE',  #9 ) ;
#1204 = ADVANCED_FACE ( 'NONE', ( #5225 ), #3875, .F. ) ;
#1205 = ORIENTED_EDGE ( 'NONE', *, *, #6857, .T. ) ;
#1206 = CARTESIAN_POINT ( 'NONE',  ( 0.0000000000000000000, 0.0000000000000000000, -4.649977999999984800 ) ) ;
#1207 = PRESENTATION_LAYER_ASSIGNMENT (  '', '', ( #243 ) ) ;
#1208 = LINE ( 'NONE', #5040, #3156 ) ;
#1209 = SURFACE_STYLE_FILL_AREA ( #4468 ) ;
#1210 = ORIENTED_EDGE ( 'NONE', *, *, #6594, .F. ) ;
#1211 = CARTESIAN_POINT ( 'NONE',  ( 4.600067000000006300, 0.8199999999999999500, -0.1501140000000206200 ) ) ;
#1212 = EDGE_CURVE ( 'NONE', #1410, #1944, #5431, .T. ) ;
#1213 = CARTESIAN_POINT ( 'NONE',  ( -3.899999999999922600, 1.000000100498849500, -5.200000000000093400 ) ) ;
#1214 = CARTESIAN_POINT ( 'NONE',  ( -5.899876999999989400, 0.0000000000000000000, 4.649977999999984800 ) ) ;
#1215 = VECTOR ( 'NONE', #8769, 1000.000000000000000 ) ;
#1216 = SURFACE_STYLE_FILL_AREA ( #2123 ) ;
#1217 = ORIENTED_EDGE ( 'NONE', *, *, #1674, .T. ) ;
#1218 = VECTOR ( 'NONE', #9109, 1000.000000000000000 ) ;
#1219 = DIRECTION ( 'NONE',  ( 0.0000000000000000000, 0.0000000000000000000, -1.000000000000000000 ) ) ;
#1220 = CARTESIAN_POINT ( 'NONE',  ( 1.149985000000013100, 0.7600000000000000100, 4.599864000000006400 ) ) ;
#1221 = SURFACE_STYLE_USAGE ( .BOTH. , #1359 ) ;
#1222 =( GEOMETRIC_REPRESENTATION_CONTEXT ( 3 ) GLOBAL_UNCERTAINTY_ASSIGNED_CONTEXT ( ( #868 ) ) GLOBAL_UNIT_ASSIGNED_CONTEXT ( ( #2137, #1264, #587 ) ) REPRESENTATION_CONTEXT ( 'NONE', 'WORKASPACE' ) );
#1223 = UNCERTAINTY_MEASURE_WITH_UNIT (LENGTH_MEASURE( 1.000000000000000100E-005 ), #7491, 'distance_accuracy_value', 'NONE');
#1224 = MECHANICAL_DESIGN_GEOMETRIC_PRESENTATION_REPRESENTATION (  '', ( #9132 ), #1737 ) ;
#1225 = DIRECTION ( 'NONE',  ( 6.123233995736766000E-017, -1.000000000000000000, 4.625929269271310200E-015 ) ) ;
#1226 = EDGE_CURVE ( 'NONE', #7474, #9079, #6849, .T. ) ;
#1227 = VECTOR ( 'NONE', #4110, 1000.000000000000000 ) ;
#1228 = CARTESIAN_POINT ( 'NONE',  ( -3.899999999999922600, 0.7000001004988003500, 17.92388274267651100 ) ) ;
#1229 = CARTESIAN_POINT ( 'NONE',  ( -19.77299677870442100, 1.399999999999810300, -4.950000000000119200 ) ) ;
#1230 = EDGE_CURVE ( 'NONE', #5975, #9134, #4997, .T. ) ;
#1231 = LINE ( 'NONE', #7553, #2960 ) ;
#1232 = ORIENTED_EDGE ( 'NONE', *, *, #433, .F. ) ;
#1233 = STYLED_ITEM ( 'NONE', ( #9170 ), #240 ) ;
#1234 = DIRECTION ( 'NONE',  ( 0.0000000000000000000, 0.0000000000000000000, 1.000000000000000000 ) ) ;
#1235 = PLANE ( 'NONE',  #7414 ) ;
#1236 = ORIENTED_EDGE ( 'NONE', *, *, #1429, .F. ) ;
#1237 = ORIENTED_EDGE ( 'NONE', *, *, #7236, .F. ) ;
#1238 = UNCERTAINTY_MEASURE_WITH_UNIT (LENGTH_MEASURE( 1.000000000000000100E-005 ), #1007, 'distance_accuracy_value', 'NONE');
#1239 = CARTESIAN_POINT ( 'NONE',  ( 0.2499999999998978600, 0.8999999999998670200, -4.125000000000041700 ) ) ;
#1240 = SURFACE_STYLE_FILL_AREA ( #5995 ) ;
#1241 = COLOUR_RGB ( '',1.000000000000000000, 1.000000000000000000, 1.000000000000000000 ) ;
#1242 = ADVANCED_FACE ( 'NONE', ( #6633 ), #4434, .T. ) ;
#1243 = EDGE_CURVE ( 'NONE', #5435, #2434, #4071, .T. ) ;
#1244 = ORIENTED_EDGE ( 'NONE', *, *, #5308, .T. ) ;
#1245 = DIRECTION ( 'NONE',  ( 0.0000000000000000000, 0.0000000000000000000, 1.000000000000000000 ) ) ;
#1246 = PLANE ( 'NONE',  #6708 ) ;
#1247 = ORIENTED_EDGE ( 'NONE', *, *, #40, .T. ) ;
#1248 = DIRECTION ( 'NONE',  ( -1.000000000000000000, 0.0000000000000000000, 0.0000000000000000000 ) ) ;
#1249 = DIRECTION ( 'NONE',  ( 0.0000000000000000000, 0.0000000000000000000, -1.000000000000000000 ) ) ;
#1250 = PRESENTATION_LAYER_ASSIGNMENT (  '', '', ( #277 ) ) ;
#1251 = CARTESIAN_POINT ( 'NONE',  ( -9.099876999999988700, 0.0000000000000000000, 5.550153999999987600 ) ) ;
#1252 = EDGE_LOOP ( 'NONE', ( #7115, #3651, #4081, #7628 ) ) ;
#1253 = EDGE_CURVE ( 'NONE', #3328, #7195, #444, .T. ) ;
#1254 = LINE ( 'NONE', #2245, #2737 ) ;
#1255 = DIRECTION ( 'NONE',  ( 0.0000000000000000000, -1.000000000000000000, 3.469446951953482400E-015 ) ) ;
#1256 = CARTESIAN_POINT ( 'NONE',  ( -3.499876999999989000, 0.0000000000000000000, 5.550153999999987600 ) ) ;
#1257 = VERTEX_POINT ( 'NONE', #5266 ) ;
#1258 = ORIENTED_EDGE ( 'NONE', *, *, #8897, .T. ) ;
#1259 = ADVANCED_FACE ( 'NONE', ( #7617 ), #5357, .F. ) ;
#1260 = EDGE_LOOP ( 'NONE', ( #6803, #6332 ) ) ;
#1261 = CARTESIAN_POINT ( 'NONE',  ( 11.00010499999998900, 0.5200000000000000200, -4.999989999999995900 ) ) ;
#1262 = DIRECTION ( 'NONE',  ( 1.000000000000000000, -0.0000000000000000000, -0.0000000000000000000 ) ) ;
#1263 = ORIENTED_EDGE ( 'NONE', *, *, #3039, .F. ) ;
#1264 =( NAMED_UNIT ( * ) PLANE_ANGLE_UNIT ( ) SI_UNIT ( $, .RADIAN. ) );
#1265 = CARTESIAN_POINT ( 'NONE',  ( 11.00010499999998900, 0.5200000000000000200, -4.999989999999995900 ) ) ;
#1266 = VECTOR ( 'NONE', #6709, 1000.000000000000000 ) ;
#1267 = COLOUR_RGB ( '',1.000000000000000000, 1.000000000000000000, 1.000000000000000000 ) ;
#1268 = ORIENTED_EDGE ( 'NONE', *, *, #7658, .F. ) ;
#1269 =( NAMED_UNIT ( * ) PLANE_ANGLE_UNIT ( ) SI_UNIT ( $, .RADIAN. ) );
#1270 = VERTEX_POINT ( 'NONE', #5641 ) ;
#1271 =( GEOMETRIC_REPRESENTATION_CONTEXT ( 3 ) GLOBAL_UNCERTAINTY_ASSIGNED_CONTEXT ( ( #2109 ) ) GLOBAL_UNIT_ASSIGNED_CONTEXT ( ( #4065, #9095, #4810 ) ) REPRESENTATION_CONTEXT ( 'NONE', 'WORKASPACE' ) );
#1272 = CARTESIAN_POINT ( 'NONE',  ( 3.200019000000005500, 0.8199999999999999500, 0.1498600000000155400 ) ) ;
#1273 = ORIENTED_EDGE ( 'NONE', *, *, #1432, .F. ) ;
#1274 = FACE_BOUND ( 'NONE', #6733, .T. ) ;
#1275 = PRESENTATION_STYLE_ASSIGNMENT (( #2271 ) ) ;
#1276 = CARTESIAN_POINT ( 'NONE',  ( 0.0000000000000000000, 0.0000000000000000000, 0.5001260000000035100 ) ) ;
#1277 = VECTOR ( 'NONE', #8612, 1000.000000000000000 ) ;
#1278 =( NAMED_UNIT ( * ) SI_UNIT ( $, .STERADIAN. ) SOLID_ANGLE_UNIT ( ) );
#1279 = VERTEX_POINT ( 'NONE', #5586 ) ;
#1280 = ORIENTED_EDGE ( 'NONE', *, *, #7960, .T. ) ;
#1281 = CARTESIAN_POINT ( 'NONE',  ( -11.10000000000004900, 1.790000000000000000, 4.989999999999869700 ) ) ;
#1282 = EDGE_CURVE ( 'NONE', #6890, #859, #1491, .T. ) ;
#1283 = COLOUR_RGB ( '',0.2039215686274509800, 0.2039215686274509800, 0.2039215686274509800 ) ;
#1284 = LINE ( 'NONE', #2900, #835 ) ;
#1285 = CARTESIAN_POINT ( 'NONE',  ( -0.5500000000001007400, 0.6000001009056257200, 4.999999999999871200 ) ) ;
#1286 = PRESENTATION_LAYER_ASSIGNMENT (  '', '', ( #308 ) ) ;
#1287 = PLANE ( 'NONE',  #4060 ) ;
#1288 = EDGE_LOOP ( 'NONE', ( #4006, #1036, #2994, #3971 ) ) ;
#1289 = ORIENTED_EDGE ( 'NONE', *, *, #24, .T. ) ;
#1290 = STYLED_ITEM ( 'NONE', ( #231 ), #8350 ) ;
#1291 = DIRECTION ( 'NONE',  ( 1.000000000000000000, 0.0000000000000000000, 0.0000000000000000000 ) ) ;
#1292 = DIRECTION ( 'NONE',  ( 0.0000000000000000000, 0.0000000000000000000, 1.000000000000000000 ) ) ;
#1293 = CARTESIAN_POINT ( 'NONE',  ( 0.5001230000000103100, 0.0000000000000000000, 4.649977999999984800 ) ) ;
#1294 = LINE ( 'NONE', #7799, #5157 ) ;
#1295 = DIRECTION ( 'NONE',  ( 0.0000000000000000000, 1.000000000000000000, -4.625929269271310200E-015 ) ) ;
#1296 = LINE ( 'NONE', #7626, #4932 ) ;
#1297 = ADVANCED_FACE ( 'NONE', ( #6958 ), #5862, .T. ) ;
#1298 = EDGE_LOOP ( 'NONE', ( #4714, #6826, #7136, #6536 ) ) ;
#1299 = STYLED_ITEM ( 'NONE', ( #3791 ), #282 ) ;
#1300 = SURFACE_STYLE_FILL_AREA ( #3299 ) ;
#1301 =( LENGTH_UNIT ( ) NAMED_UNIT ( * ) SI_UNIT ( .MILLI., .METRE. ) );
#1302 = VECTOR ( 'NONE', #2962, 1000.000000000000000 ) ;
#1303 = CARTESIAN_POINT ( 'NONE',  ( -11.19999999999992600, 1.399999999999954200, 4.999999999999871200 ) ) ;
#1304 = DIRECTION ( 'NONE',  ( -1.000000000000000000, 0.0000000000000000000, 0.0000000000000000000 ) ) ;
#1305 = EDGE_CURVE ( 'NONE', #4580, #7425, #550, .T. ) ;
#1306 = ORIENTED_EDGE ( 'NONE', *, *, #7751, .F. ) ;
#1307 = CARTESIAN_POINT ( 'NONE',  ( -11.10000000000005600, 1.999999999999999100, -4.990000000000092600 ) ) ;
#1308 = ADVANCED_FACE ( 'NONE', ( #2508 ), #5529, .T. ) ;
#1309 = FACE_OUTER_BOUND ( 'NONE', #2884, .T. ) ;
#1310 = FACE_OUTER_BOUND ( 'NONE', #938, .T. ) ;
#1311 = LINE ( 'NONE', #519, #3037 ) ;
#1312 = AXIS2_PLACEMENT_3D ( 'NONE', #7472, #7377, #7521 ) ;
#1313 =( NAMED_UNIT ( * ) SI_UNIT ( $, .STERADIAN. ) SOLID_ANGLE_UNIT ( ) );
#1314 = MECHANICAL_DESIGN_GEOMETRIC_PRESENTATION_REPRESENTATION (  '', ( #9219 ), #1807 ) ;
#1315 = SURFACE_SIDE_STYLE ('',( #2027 ) ) ;
#1316 = CARTESIAN_POINT ( 'NONE',  ( -11.45000000000000600, 0.8999999999998670200, -4.125000000000041700 ) ) ;
#1317 = ORIENTED_EDGE ( 'NONE', *, *, #4335, .T. ) ;
#1318 = CARTESIAN_POINT ( 'NONE',  ( 0.1000000000000497000, 1.399999999999954200, -5.200000000000093400 ) ) ;
#1319 = PLANE ( 'NONE',  #660 ) ;
#1320 = COLOUR_RGB ( '',1.000000000000000000, 1.000000000000000000, 1.000000000000000000 ) ;
#1321 = VECTOR ( 'NONE', #2268, 1000.000000000000000 ) ;
#1322 = ORIENTED_EDGE ( 'NONE', *, *, #1447, .F. ) ;
#1323 = CARTESIAN_POINT ( 'NONE',  ( -10.69987699999999000, 0.0000000000000000000, 4.649977999999984800 ) ) ;
#1324 = VECTOR ( 'NONE', #5218, 1000.000000000000000 ) ;
#1325 = CARTESIAN_POINT ( 'NONE',  ( 0.1999999999999276800, 1.399999999999953300, 4.999999999999871200 ) ) ;
#1326 = ORIENTED_EDGE ( 'NONE', *, *, #5835, .T. ) ;
#1327 = DIRECTION ( 'NONE',  ( 0.0000000000000000000, -1.000000000000000000, 3.469446951953484000E-015 ) ) ;
#1328 = STYLED_ITEM ( 'NONE', ( #3024 ), #2437 ) ;
#1329 = DIRECTION ( 'NONE',  ( 1.000000000000000000, -0.0000000000000000000, 0.0000000000000000000 ) ) ;
#1330 = VECTOR ( 'NONE', #783, 1000.000000000000000 ) ;
#1331 = PRESENTATION_LAYER_ASSIGNMENT (  '', '', ( #846 ) ) ;
#1332 = VECTOR ( 'NONE', #7638, 1000.000000000000000 ) ;
#1333 = DIRECTION ( 'NONE',  ( 4.379057701015053300E-047, 4.625929269271310200E-015, 1.000000000000000000 ) ) ;
#1334 = SURFACE_SIDE_STYLE ('',( #1855 ) ) ;
#1335 = PLANE ( 'NONE',  #3180 ) ;
#1336 = DIRECTION ( 'NONE',  ( 0.0000000000000000000, 0.0000000000000000000, 1.000000000000000000 ) ) ;
#1337 = LINE ( 'NONE', #1823, #3265 ) ;
#1338 = VECTOR ( 'NONE', #5402, 1000.000000000000000 ) ;
#1339 = FACE_OUTER_BOUND ( 'NONE', #6908, .T. ) ;
#1340 = EDGE_CURVE ( 'NONE', #2435, #711, #9246, .T. ) ;
#1341 = FILL_AREA_STYLE_COLOUR ( '', #1420 ) ;
#1342 = ORIENTED_EDGE ( 'NONE', *, *, #8517, .T. ) ;
#1343 = CARTESIAN_POINT ( 'NONE',  ( -10.69987699999999000, 0.0000000000000000000, -5.550153999999987600 ) ) ;
#1344 = COLOUR_RGB ( '',0.2039215686274509800, 0.2039215686274509800, 0.2039215686274509800 ) ;
#1345 = CARTESIAN_POINT ( 'NONE',  ( -6.876393202613804200, 0.9000001009055294000, -17.92388274267673500 ) ) ;
#1346 = AXIS2_PLACEMENT_3D ( 'NONE', #7143, #7481, #7712 ) ;
#1347 = ADVANCED_FACE ( 'NONE', ( #5419 ), #6957, .F. ) ;
#1348 = PLANE ( 'NONE',  #1178 ) ;
#1349 = DIRECTION ( 'NONE',  ( -0.0000000000000000000, -1.000000000000000000, -0.0000000000000000000 ) ) ;
#1350 = CARTESIAN_POINT ( 'NONE',  ( -7.100000056180550500, 0.7000000502492796900, 17.92388274267651100 ) ) ;
#1351 =( LENGTH_UNIT ( ) NAMED_UNIT ( * ) SI_UNIT ( .MILLI., .METRE. ) );
#1352 = EDGE_LOOP ( 'NONE', ( #4382, #8619, #2128, #5286 ) ) ;
#1353 = CARTESIAN_POINT ( 'NONE',  ( -11.10000000000004900, 2.000000000000000000, 4.849999999999909900 ) ) ;
#1354 = CARTESIAN_POINT ( 'NONE',  ( 4.600067000000006300, 0.8199999999999999500, 0.1498600000000155400 ) ) ;
#1355 = UNCERTAINTY_MEASURE_WITH_UNIT (LENGTH_MEASURE( 1.000000000000000100E-005 ), #6829, 'distance_accuracy_value', 'NONE');
#1356 = DIRECTION ( 'NONE',  ( 0.0000000000000000000, 1.000000000000000000, -0.0000000000000000000 ) ) ;
#1357 = ADVANCED_FACE ( 'NONE', ( #6623 ), #6894, .T. ) ;
#1358 = FILL_AREA_STYLE_COLOUR ( '', #6928 ) ;
#1359 = SURFACE_SIDE_STYLE ('',( #431 ) ) ;
#1360 = LINE ( 'NONE', #7503, #3071 ) ;
#1361 = DIRECTION ( 'NONE',  ( 1.000000000000000000, -0.0000000000000000000, 0.0000000000000000000 ) ) ;
#1362 = MECHANICAL_DESIGN_GEOMETRIC_PRESENTATION_REPRESENTATION (  '', ( #9266 ), #1852 ) ;
#1363 = ORIENTED_EDGE ( 'NONE', *, *, #8838, .T. ) ;
#1364 = ORIENTED_EDGE ( 'NONE', *, *, #937, .F. ) ;
#1365 = CARTESIAN_POINT ( 'NONE',  ( -19.77299677870442100, 0.8999999999998965500, 4.124999999999937800 ) ) ;
#1366 = EDGE_CURVE ( 'NONE', #8935, #8400, #4056, .T. ) ;
#1367 = ORIENTED_EDGE ( 'NONE', *, *, #3858, .F. ) ;
#1368 = ORIENTED_EDGE ( 'NONE', *, *, #6293, .F. ) ;
#1369 =( NAMED_UNIT ( * ) PLANE_ANGLE_UNIT ( ) SI_UNIT ( $, .RADIAN. ) );
#1370 = DIRECTION ( 'NONE',  ( 0.0000000000000000000, 0.0000000000000000000, 1.000000000000000000 ) ) ;
#1371 = PRESENTATION_LAYER_ASSIGNMENT (  '', '', ( #8785 ) ) ;
#1372 = CARTESIAN_POINT ( 'NONE',  ( -11.10000000000004900, 1.399999999999954200, 5.199999999999871400 ) ) ;
#1373 = VECTOR ( 'NONE', #4070, 1000.000000000000000 ) ;
#1374 = ORIENTED_EDGE ( 'NONE', *, *, #3593, .T. ) ;
#1375 = EDGE_CURVE ( 'NONE', #3792, #7251, #210, .T. ) ;
#1376 = DIRECTION ( 'NONE',  ( -1.000000000000000000, 0.0000000000000000000, -0.0000000000000000000 ) ) ;
#1377 = ORIENTED_EDGE ( 'NONE', *, *, #7012, .F. ) ;
#1378 =( NAMED_UNIT ( * ) SI_UNIT ( $, .STERADIAN. ) SOLID_ANGLE_UNIT ( ) );
#1379 = PRESENTATION_STYLE_ASSIGNMENT (( #5663 ) ) ;
#1380 = DIRECTION ( 'NONE',  ( -1.000000000000000000, 0.0000000000000000000, 0.0000000000000000000 ) ) ;
#1381 = PRESENTATION_STYLE_ASSIGNMENT (( #4881 ) ) ;
#1382 = CARTESIAN_POINT ( 'NONE',  ( -11.79995099999999700, 0.0000000000000000000, -0.0000000000000000000 ) ) ;
#1383 = EDGE_LOOP ( 'NONE', ( #272, #8848, #9313, #4244 ) ) ;
#1384 = CARTESIAN_POINT ( 'NONE',  ( -11.45000000000000600, 1.399999999999844000, 4.949999999999900700 ) ) ;
#1385 = VERTEX_POINT ( 'NONE', #8057 ) ;
#1386 = CARTESIAN_POINT ( 'NONE',  ( -6.876393202613789900, 0.9000001009055423900, 4.999999999999871200 ) ) ;
#1387 = VERTEX_POINT ( 'NONE', #7993 ) ;
#1388 = MECHANICAL_DESIGN_GEOMETRIC_PRESENTATION_REPRESENTATION (  '', ( #402 ), #1876 ) ;
#1389 =( NAMED_UNIT ( * ) SI_UNIT ( $, .STERADIAN. ) SOLID_ANGLE_UNIT ( ) );
#1390 = EDGE_CURVE ( 'NONE', #332, #8666, #1922, .T. ) ;
#1391 = EDGE_CURVE ( 'NONE', #4470, #2434, #5960, .T. ) ;
#1392 = FACE_BOUND ( 'NONE', #830, .T. ) ;
#1393 = AXIS2_PLACEMENT_3D ( 'NONE', #5526, #1999, #8408 ) ;
#1394 = ORIENTED_EDGE ( 'NONE', *, *, #6596, .T. ) ;
#1395 = SURFACE_STYLE_FILL_AREA ( #6755 ) ;
#1396 = SURFACE_SIDE_STYLE ('',( #5504 ) ) ;
#1397 = CARTESIAN_POINT ( 'NONE',  ( -11.45000000000000600, 0.8999999999998956600, 4.124999999999937800 ) ) ;
#1398 = FILL_AREA_STYLE ('',( #2033 ) ) ;
#1399 = ORIENTED_EDGE ( 'NONE', *, *, #8060, .F. ) ;
#1400 = VERTEX_POINT ( 'NONE', #8753 ) ;
#1401 = CARTESIAN_POINT ( 'NONE',  ( -9.899876999999989400, 0.0000000000000000000, -5.550153999999987600 ) ) ;
#1402 = ADVANCED_FACE ( 'NONE', ( #7410 ), #8097, .F. ) ;
#1403 = SURFACE_SIDE_STYLE ('',( #7802 ) ) ;
#1404 = COLOUR_RGB ( '',1.000000000000000000, 1.000000000000000000, 1.000000000000000000 ) ;
#1405 = SURFACE_STYLE_USAGE ( .BOTH. , #1600 ) ;
#1406 = ORIENTED_EDGE ( 'NONE', *, *, #1878, .T. ) ;
#1407 = DIRECTION ( 'NONE',  ( 0.0000000000000000000, 1.000000000000000000, -6.123233995736766000E-017 ) ) ;
#1408 = PRESENTATION_LAYER_ASSIGNMENT (  '', '', ( #421 ) ) ;
#1409 = ADVANCED_FACE ( 'NONE', ( #3855 ), #8382, .F. ) ;
#1410 = VERTEX_POINT ( 'NONE', #8351 ) ;
#1411 = FACE_OUTER_BOUND ( 'NONE', #8582, .T. ) ;
#1412 = LINE ( 'NONE', #7806, #8835 ) ;
#1413 = PRESENTATION_STYLE_ASSIGNMENT (( #9353 ) ) ;
#1414 = EDGE_LOOP ( 'NONE', ( #2826, #4243, #9056, #1638 ) ) ;
#1415 = ORIENTED_EDGE ( 'NONE', *, *, #4275, .F. ) ;
#1416 = EDGE_CURVE ( 'NONE', #1089, #598, #1712, .T. ) ;
#1417 = DIRECTION ( 'NONE',  ( 1.000000000000000000, 0.0000000000000000000, 0.0000000000000000000 ) ) ;
#1418 = DIRECTION ( 'NONE',  ( 0.0000000000000000000, -0.0000000000000000000, -1.000000000000000000 ) ) ;
#1419 = CARTESIAN_POINT ( 'NONE',  ( -1.099876999999988700, 0.0000000000000000000, -0.0000000000000000000 ) ) ;
#1420 = COLOUR_RGB ( '',1.000000000000000000, 1.000000000000000000, 1.000000000000000000 ) ;
#1421 = DIRECTION ( 'NONE',  ( -1.000000000000000000, 0.0000000000000000000, 0.0000000000000000000 ) ) ;
#1422 = VECTOR ( 'NONE', #7441, 1000.000000000000000 ) ;
#1423 =( GEOMETRIC_REPRESENTATION_CONTEXT ( 3 ) GLOBAL_UNCERTAINTY_ASSIGNED_CONTEXT ( ( #8893 ) ) GLOBAL_UNIT_ASSIGNED_CONTEXT ( ( #7530, #7499, #951 ) ) REPRESENTATION_CONTEXT ( 'NONE', 'WORKASPACE' ) );
#1424 =( LENGTH_UNIT ( ) NAMED_UNIT ( * ) SI_UNIT ( .MILLI., .METRE. ) );
#1425 = AXIS2_PLACEMENT_3D ( 'NONE', #3217, #8201, #3935 ) ;
#1426 = DIRECTION ( 'NONE',  ( -1.000000000000000000, 0.0000000000000000000, -0.0000000000000000000 ) ) ;
#1427 = VERTEX_POINT ( 'NONE', #8439 ) ;
#1428 = ORIENTED_EDGE ( 'NONE', *, *, #9135, .T. ) ;
#1429 = EDGE_CURVE ( 'NONE', #1910, #9146, #9117, .T. ) ;
#1430 = ORIENTED_EDGE ( 'NONE', *, *, #5480, .F. ) ;
#1431 = SURFACE_STYLE_FILL_AREA ( #9116 ) ;
#1432 = EDGE_CURVE ( 'NONE', #8012, #711, #5531, .T. ) ;
#1433 = PRESENTATION_STYLE_ASSIGNMENT (( #6329 ) ) ;
#1434 = DIRECTION ( 'NONE',  ( -0.0000000000000000000, -1.000000000000000000, -0.0000000000000000000 ) ) ;
#1435 = VECTOR ( 'NONE', #1, 1000.000000000000000 ) ;
#1436 = CARTESIAN_POINT ( 'NONE',  ( 7.000113000000009600, 0.5200000000000000200, 4.999990000000023500 ) ) ;
#1437 = CARTESIAN_POINT ( 'NONE',  ( -11.39990099999999600, 0.0000000000000000000, 3.549904000000021000 ) ) ;
#1438 = DIRECTION ( 'NONE',  ( -0.0000000000000000000, -1.000000000000000000, -0.0000000000000000000 ) ) ;
#1439 = STYLED_ITEM ( 'NONE', ( #5242 ), #536 ) ;
#1440 = COLOUR_RGB ( '',1.000000000000000000, 1.000000000000000000, 1.000000000000000000 ) ;
#1441 = ORIENTED_EDGE ( 'NONE', *, *, #5656, .T. ) ;
#1442 = DIRECTION ( 'NONE',  ( 0.0000000000000000000, 0.0000000000000000000, 1.000000000000000000 ) ) ;
#1443 = FACE_OUTER_BOUND ( 'NONE', #1642, .T. ) ;
#1444 = PLANE ( 'NONE',  #8949 ) ;
#1445 = FACE_OUTER_BOUND ( 'NONE', #2906, .T. ) ;
#1446 = DIRECTION ( 'NONE',  ( -1.000000000000000000, 0.0000000000000000000, -0.0000000000000000000 ) ) ;
#1447 = EDGE_CURVE ( 'NONE', #4024, #7579, #5322, .T. ) ;
#1448 = VERTEX_POINT ( 'NONE', #6838 ) ;
#1449 =( GEOMETRIC_REPRESENTATION_CONTEXT ( 3 ) GLOBAL_UNCERTAINTY_ASSIGNED_CONTEXT ( ( #4773 ) ) GLOBAL_UNIT_ASSIGNED_CONTEXT ( ( #1895, #2158, #2197 ) ) REPRESENTATION_CONTEXT ( 'NONE', 'WORKASPACE' ) );
#1450 =( NAMED_UNIT ( * ) PLANE_ANGLE_UNIT ( ) SI_UNIT ( $, .RADIAN. ) );
#1451 = AXIS2_PLACEMENT_3D ( 'NONE', #4494, #4621, #1601 ) ;
#1452 = ADVANCED_FACE ( 'NONE', ( #6943 ), #4769, .T. ) ;
#1453 = VECTOR ( 'NONE', #683, 1000.000000000000000 ) ;
#1454 = EDGE_CURVE ( 'NONE', #3219, #3328, #6286, .T. ) ;
#1455 = DIRECTION ( 'NONE',  ( 0.0000000000000000000, 0.0000000000000000000, -1.000000000000000000 ) ) ;
#1456 = ORIENTED_EDGE ( 'NONE', *, *, #4335, .F. ) ;
#1457 = CARTESIAN_POINT ( 'NONE',  ( 2.349881000000005200, 0.5200000000000000200, 0.05003799999998837000 ) ) ;
#1458 = ORIENTED_EDGE ( 'NONE', *, *, #9085, .F. ) ;
#1459 = SURFACE_SIDE_STYLE ('',( #4230 ) ) ;
#1460 = DIRECTION ( 'NONE',  ( 0.0000000000000000000, 0.0000000000000000000, -1.000000000000000000 ) ) ;
#1461 = CARTESIAN_POINT ( 'NONE',  ( -10.90002899999999800, 0.0000000000000000000, 0.0000000000000000000 ) ) ;
#1462 = COLOUR_RGB ( '',1.000000000000000000, 1.000000000000000000, 1.000000000000000000 ) ;
#1463 = CIRCLE ( 'NONE', #3272, 0.3000000000000480600 ) ;
#1464 = VERTEX_POINT ( 'NONE', #1184 ) ;
#1465 = VECTOR ( 'NONE', #4008, 1000.000000000000000 ) ;
#1466 = DIRECTION ( 'NONE',  ( 0.0000000000000000000, 1.000000000000000000, -0.0000000000000000000 ) ) ;
#1467 = CARTESIAN_POINT ( 'NONE',  ( -5.899876999999989400, 0.0000000000000000000, 5.550153999999987600 ) ) ;
#1468 = CARTESIAN_POINT ( 'NONE',  ( -3.000004999999990500, 0.0000000000000000000, -4.649977999999984800 ) ) ;
#1469 = DIRECTION ( 'NONE',  ( -1.000000000000000000, 0.0000000000000000000, 0.0000000000000000000 ) ) ;
#1470 = STYLED_ITEM ( 'NONE', ( #866 ), #5740 ) ;
#1471 =( GEOMETRIC_REPRESENTATION_CONTEXT ( 3 ) GLOBAL_UNCERTAINTY_ASSIGNED_CONTEXT ( ( #5914 ) ) GLOBAL_UNIT_ASSIGNED_CONTEXT ( ( #5063, #4943, #4876 ) ) REPRESENTATION_CONTEXT ( 'NONE', 'WORKASPACE' ) );
#1472 = LINE ( 'NONE', #2590, #6936 ) ;
#1473 = CARTESIAN_POINT ( 'NONE',  ( 12.00010300000000500, 0.5200000000000000200, 5.750051999999991300 ) ) ;
#1474 = UNCERTAINTY_MEASURE_WITH_UNIT (LENGTH_MEASURE( 1.000000000000000100E-005 ), #7833, 'distance_accuracy_value', 'NONE');
#1475 = LINE ( 'NONE', #4819, #538 ) ;
#1476 =( NAMED_UNIT ( * ) PLANE_ANGLE_UNIT ( ) SI_UNIT ( $, .RADIAN. ) );
#1477 = UNCERTAINTY_MEASURE_WITH_UNIT (LENGTH_MEASURE( 1.000000000000000100E-005 ), #1773, 'distance_accuracy_value', 'NONE');
#1478 = EDGE_CURVE ( 'NONE', #7524, #5636, #2499, .T. ) ;
#1479 = VECTOR ( 'NONE', #9321, 1000.000000000000000 ) ;
#1480 = LINE ( 'NONE', #5596, #6719 ) ;
#1481 = PRESENTATION_LAYER_ASSIGNMENT (  '', '', ( #481 ) ) ;
#1482 = ORIENTED_EDGE ( 'NONE', *, *, #3406, .F. ) ;
#1483 = EDGE_CURVE ( 'NONE', #7791, #5058, #4415, .T. ) ;
#1484 = MECHANICAL_DESIGN_GEOMETRIC_PRESENTATION_REPRESENTATION (  '', ( #484 ), #1962 ) ;
#1485 = CARTESIAN_POINT ( 'NONE',  ( 5.300091000000000100, 0.0000000000000000000, 4.649977999999984800 ) ) ;
#1486 = DIRECTION ( 'NONE',  ( 0.0000000000000000000, 1.000000000000000000, -0.0000000000000000000 ) ) ;
#1487 = ORIENTED_EDGE ( 'NONE', *, *, #1687, .T. ) ;
#1488 = DIRECTION ( 'NONE',  ( 0.0000000000000000000, 0.0000000000000000000, 1.000000000000000000 ) ) ;
#1489 = CARTESIAN_POINT ( 'NONE',  ( 3.200019000000005500, 0.8199999999999999500, -0.1501140000000206200 ) ) ;
#1490 = DIRECTION ( 'NONE',  ( 0.0000000000000000000, 0.0000000000000000000, -1.000000000000000000 ) ) ;
#1491 = LINE ( 'NONE', #5739, #3179 ) ;
#1492 = PLANE ( 'NONE',  #121 ) ;
#1493 = ORIENTED_EDGE ( 'NONE', *, *, #2921, .T. ) ;
#1494 = EDGE_LOOP ( 'NONE', ( #389, #6135, #4485, #1306 ) ) ;
#1495 = ORIENTED_EDGE ( 'NONE', *, *, #5055, .T. ) ;
#1496 = CARTESIAN_POINT ( 'NONE',  ( -7.000004999999991800, 0.0000000000000000000, 0.0000000000000000000 ) ) ;
#1497 = DIRECTION ( 'NONE',  ( 1.000000000000000000, 0.0000000000000000000, 0.0000000000000000000 ) ) ;
#1498 = CARTESIAN_POINT ( 'NONE',  ( 0.1000000000000497000, 1.399999999999953300, 4.999999999999871200 ) ) ;
#1499 = PRESENTATION_STYLE_ASSIGNMENT (( #2924 ) ) ;
#1500 = ADVANCED_FACE ( 'NONE', ( #6067 ), #8832, .T. ) ;
#1501 = ORIENTED_EDGE ( 'NONE', *, *, #6704, .T. ) ;
#1502 = CARTESIAN_POINT ( 'NONE',  ( -11.10000000000004900, -28.62307019352236600, 4.849999999999909900 ) ) ;
#1503 = CARTESIAN_POINT ( 'NONE',  ( -3.150000000000034600, 0.6000001009056257200, -5.000000000000093300 ) ) ;
#1504 = LINE ( 'NONE', #2305, #8429 ) ;
#1505 = EDGE_CURVE ( 'NONE', #7208, #1725, #5412, .T. ) ;
#1506 = ORIENTED_EDGE ( 'NONE', *, *, #4784, .F. ) ;
#1507 = DIRECTION ( 'NONE',  ( 0.0000000000000000000, 0.0000000000000000000, 1.000000000000000000 ) ) ;
#1508 = VERTEX_POINT ( 'NONE', #8108 ) ;
#1509 = CARTESIAN_POINT ( 'NONE',  ( -11.45000000000000600, 1.799999999999999600, -4.850000000000021000 ) ) ;
#1510 = VECTOR ( 'NONE', #450, 1000.000000000000000 ) ;
#1511 = STYLED_ITEM ( 'NONE', ( #6076 ), #1308 ) ;
#1512 = CARTESIAN_POINT ( 'NONE',  ( -1.399921000000019300, 0.0000000000000000000, 3.299967999999972700 ) ) ;
#1513 =( GEOMETRIC_REPRESENTATION_CONTEXT ( 3 ) GLOBAL_UNCERTAINTY_ASSIGNED_CONTEXT ( ( #6180 ) ) GLOBAL_UNIT_ASSIGNED_CONTEXT ( ( #5297, #5209, #5196 ) ) REPRESENTATION_CONTEXT ( 'NONE', 'WORKASPACE' ) );
#1514 = VECTOR ( 'NONE', #1295, 1000.000000000000000 ) ;
#1515 = FACE_OUTER_BOUND ( 'NONE', #1931, .T. ) ;
#1516 = ORIENTED_EDGE ( 'NONE', *, *, #3278, .T. ) ;
#1517 = ORIENTED_EDGE ( 'NONE', *, *, #6731, .F. ) ;
#1518 = FILL_AREA_STYLE_COLOUR ( '', #4974 ) ;
#1519 = DIRECTION ( 'NONE',  ( 1.000000000000000000, 0.0000000000000000000, 0.0000000000000000000 ) ) ;
#1520 = EDGE_LOOP ( 'NONE', ( #4130, #2849, #8314, #193 ) ) ;
#1521 = FACE_BOUND ( 'NONE', #3862, .T. ) ;
#1522 = DIRECTION ( 'NONE',  ( 1.000000000000000000, -0.0000000000000000000, 0.0000000000000000000 ) ) ;
#1523 = AXIS2_PLACEMENT_3D ( 'NONE', #2678, #5020, #2436 ) ;
#1524 = CARTESIAN_POINT ( 'NONE',  ( -11.10000000000004900, 1.999999999999999100, 17.92388274267651100 ) ) ;
#1525 = EDGE_LOOP ( 'NONE', ( #4633, #7985, #6434, #3341 ) ) ;
#1526 = ORIENTED_EDGE ( 'NONE', *, *, #7201, .T. ) ;
#1527 = CARTESIAN_POINT ( 'NONE',  ( 0.1000000000000497000, 1.399999999999954200, -5.000000000000093300 ) ) ;
#1528 = PLANE ( 'NONE',  #6569 ) ;
#1529 = AXIS2_PLACEMENT_3D ( 'NONE', #3527, #3495, #3464 ) ;
#1530 = FILL_AREA_STYLE_COLOUR ( '', #9089 ) ;
#1531 = LINE ( 'NONE', #212, #5143 ) ;
#1532 = LINE ( 'NONE', #2099, #5367 ) ;
#1533 = CARTESIAN_POINT ( 'NONE',  ( -1.400004999999990600, 0.0000000000000000000, -5.550153999999987600 ) ) ;
#1534 = VERTEX_POINT ( 'NONE', #1485 ) ;
#1535 = EDGE_LOOP ( 'NONE', ( #3084, #7602, #3760, #8808 ) ) ;
#1536 = CARTESIAN_POINT ( 'NONE',  ( 0.9999950000000087400, 0.0000000000000000000, 5.550153999999987600 ) ) ;
#1537 = CARTESIAN_POINT ( 'NONE',  ( -11.10000000000004900, 1.799999999999999600, 4.849999999999909900 ) ) ;
#1538 = VERTEX_POINT ( 'NONE', #1648 ) ;
#1539 = PRESENTATION_STYLE_ASSIGNMENT (( #8674 ) ) ;
#1540 = DIRECTION ( 'NONE',  ( 0.0000000000000000000, 1.000000000000000000, -0.0000000000000000000 ) ) ;
#1541 = VECTOR ( 'NONE', #6177, 1000.000000000000000 ) ;
#1542 = DIRECTION ( 'NONE',  ( 1.000000000000000000, 0.0000000000000000000, 0.0000000000000000000 ) ) ;
#1543 = DIRECTION ( 'NONE',  ( 0.0000000000000000000, 0.0000000000000000000, -1.000000000000000000 ) ) ;
#1544 =( GEOMETRIC_REPRESENTATION_CONTEXT ( 3 ) GLOBAL_UNCERTAINTY_ASSIGNED_CONTEXT ( ( #8904 ) ) GLOBAL_UNIT_ASSIGNED_CONTEXT ( ( #9156, #9191, #9218 ) ) REPRESENTATION_CONTEXT ( 'NONE', 'WORKASPACE' ) );
#1545 = ORIENTED_EDGE ( 'NONE', *, *, #998, .T. ) ;
#1546 = ORIENTED_EDGE ( 'NONE', *, *, #8786, .F. ) ;
#1547 = LINE ( 'NONE', #5569, #3450 ) ;
#1548 = FACE_OUTER_BOUND ( 'NONE', #6964, .T. ) ;
#1549 = LINE ( 'NONE', #3000, #7017 ) ;
#1550 = ADVANCED_FACE ( 'NONE', ( #3494 ), #6394, .F. ) ;
#1551 = PRESENTATION_STYLE_ASSIGNMENT (( #4452 ) ) ;
#1552 = FILL_AREA_STYLE_COLOUR ( '', #777 ) ;
#1553 = CARTESIAN_POINT ( 'NONE',  ( -8.600004999999990600, 0.0000000000000000000, -5.550153999999987600 ) ) ;
#1554 = ORIENTED_EDGE ( 'NONE', *, *, #6695, .F. ) ;
#1555 = FILL_AREA_STYLE ('',( #5751 ) ) ;
#1556 = ORIENTED_EDGE ( 'NONE', *, *, #6596, .F. ) ;
#1557 = CARTESIAN_POINT ( 'NONE',  ( 0.0000000000000000000, 0.0000000000000000000, -5.550153999999987600 ) ) ;
#1558 = SURFACE_STYLE_USAGE ( .BOTH. , #1459 ) ;
#1559 = CYLINDRICAL_SURFACE ( 'NONE', #7449, 0.3500119999999967700 ) ;
#1560 = LINE ( 'NONE', #4025, #5174 ) ;
#1561 = LINE ( 'NONE', #6279, #5393 ) ;
#1562 = DIRECTION ( 'NONE',  ( 0.0000000000000000000, 0.0000000000000000000, 1.000000000000000000 ) ) ;
#1563 = CARTESIAN_POINT ( 'NONE',  ( 0.1000000000000497000, 1.789999999999999100, 4.999999999999869400 ) ) ;
#1564 = EDGE_CURVE ( 'NONE', #3197, #4073, #889, .T. ) ;
#1565 = ORIENTED_EDGE ( 'NONE', *, *, #7577, .T. ) ;
#1566 = FILL_AREA_STYLE ('',( #1358 ) ) ;
#1567 = EDGE_LOOP ( 'NONE', ( #3041, #1791, #4136, #6490 ) ) ;
#1568 = DIRECTION ( 'NONE',  ( 0.0000000000000000000, 0.0000000000000000000, 1.000000000000000000 ) ) ;
#1569 = DIRECTION ( 'NONE',  ( 0.0000000000000000000, 0.0000000000000000000, 1.000000000000000000 ) ) ;
#1570 = CARTESIAN_POINT ( 'NONE',  ( 7.000113000000009600, 0.5200000000000000200, -4.999989999999995900 ) ) ;
#1571 = DIRECTION ( 'NONE',  ( 0.0000000000000000000, 1.000000000000000000, -0.0000000000000000000 ) ) ;
#1572 = DIRECTION ( 'NONE',  ( 1.000000000000000000, -0.0000000000000000000, -0.0000000000000000000 ) ) ;
#1573 =( GEOMETRIC_REPRESENTATION_CONTEXT ( 3 ) GLOBAL_UNCERTAINTY_ASSIGNED_CONTEXT ( ( #7695 ) ) GLOBAL_UNIT_ASSIGNED_CONTEXT ( ( #5528, #4859, #1625 ) ) REPRESENTATION_CONTEXT ( 'NONE', 'WORKASPACE' ) );
#1574 =( GEOMETRIC_REPRESENTATION_CONTEXT ( 3 ) GLOBAL_UNCERTAINTY_ASSIGNED_CONTEXT ( ( #4012 ) ) GLOBAL_UNIT_ASSIGNED_CONTEXT ( ( #874, #847, #815 ) ) REPRESENTATION_CONTEXT ( 'NONE', 'WORKASPACE' ) );
#1575 = ORIENTED_EDGE ( 'NONE', *, *, #6935, .T. ) ;
#1576 = EDGE_CURVE ( 'NONE', #5073, #2384, #4740, .T. ) ;
#1577 = LINE ( 'NONE', #1639, #3471 ) ;
#1578 = PLANE ( 'NONE',  #9295 ) ;
#1579 = ORIENTED_EDGE ( 'NONE', *, *, #5201, .T. ) ;
#1580 = EDGE_CURVE ( 'NONE', #1027, #6979, #2832, .T. ) ;
#1581 = COLOUR_RGB ( '',1.000000000000000000, 1.000000000000000000, 1.000000000000000000 ) ;
#1582 = AXIS2_PLACEMENT_3D ( 'NONE', #7266, #7233, #7197 ) ;
#1583 = CARTESIAN_POINT ( 'NONE',  ( 0.4499999999998983700, 1.799999999999999600, -4.850000000000021000 ) ) ;
#1584 = ADVANCED_FACE ( 'NONE', ( #6166 ), #9290, .T. ) ;
#1585 = PLANE ( 'NONE',  #3534 ) ;
#1586 = LINE ( 'NONE', #6688, #8519 ) ;
#1587 = ORIENTED_EDGE ( 'NONE', *, *, #1700, .T. ) ;
#1588 = DIRECTION ( 'NONE',  ( -1.000000000000000000, 0.0000000000000000000, 0.0000000000000000000 ) ) ;
#1589 = DIRECTION ( 'NONE',  ( -1.000000000000000000, 0.0000000000000000000, 0.0000000000000000000 ) ) ;
#1590 = SURFACE_STYLE_FILL_AREA ( #8398 ) ;
#1591 = PRESENTATION_STYLE_ASSIGNMENT (( #3552 ) ) ;
#1592 = CARTESIAN_POINT ( 'NONE',  ( -0.5500000000001007400, 0.6000001009056257200, -5.000000000000093300 ) ) ;
#1593 = DIRECTION ( 'NONE',  ( -0.0000000000000000000, 0.0000000000000000000, 1.000000000000000000 ) ) ;
#1594 = ADVANCED_FACE ( 'NONE', ( #1916 ), #4396, .T. ) ;
#1595 =( NAMED_UNIT ( * ) SI_UNIT ( $, .STERADIAN. ) SOLID_ANGLE_UNIT ( ) );
#1596 = CARTESIAN_POINT ( 'NONE',  ( 0.4499999999998983700, 0.8999999999998947700, 3.674999999999876400 ) ) ;
#1597 = PRESENTATION_LAYER_ASSIGNMENT (  '', '', ( #1087 ) ) ;
#1598 = MECHANICAL_DESIGN_GEOMETRIC_PRESENTATION_REPRESENTATION (  '', ( #597 ), #2080 ) ;
#1599 =( NAMED_UNIT ( * ) SI_UNIT ( $, .STERADIAN. ) SOLID_ANGLE_UNIT ( ) );
#1600 = SURFACE_SIDE_STYLE ('',( #8640 ) ) ;
#1601 = DIRECTION ( 'NONE',  ( 0.5547001962254422000, 0.8320502943377016100, -5.094838648451397100E-017 ) ) ;
#1602 = PLANE ( 'NONE',  #983 ) ;
#1603 = PRESENTATION_STYLE_ASSIGNMENT (( #7057 ) ) ;
#1604 = COLOUR_RGB ( '',1.000000000000000000, 1.000000000000000000, 1.000000000000000000 ) ;
#1605 = ORIENTED_EDGE ( 'NONE', *, *, #1633, .F. ) ;
#1606 = UNCERTAINTY_MEASURE_WITH_UNIT (LENGTH_MEASURE( 1.000000000000000100E-005 ), #1015, 'distance_accuracy_value', 'NONE');
#1607 = EDGE_CURVE ( 'NONE', #3682, #5648, #6713, .T. ) ;
#1608 = ORIENTED_EDGE ( 'NONE', *, *, #6869, .T. ) ;
#1609 = ORIENTED_EDGE ( 'NONE', *, *, #3357, .T. ) ;
#1610 = PRESENTATION_STYLE_ASSIGNMENT (( #2292 ) ) ;
#1611 = PRESENTATION_LAYER_ASSIGNMENT (  '', '', ( #609 ) ) ;
#1612 = CARTESIAN_POINT ( 'NONE',  ( 1.149985000000013100, 0.7500000000000000000, 5.000066000000027900 ) ) ;
#1613 = CIRCLE ( 'NONE', #208, 0.009999999999999592500 ) ;
#1614 = ORIENTED_EDGE ( 'NONE', *, *, #6056, .T. ) ;
#1615 = CARTESIAN_POINT ( 'NONE',  ( -7.499876999999989900, 0.0000000000000000000, 4.649977999999984800 ) ) ;
#1616 = ORIENTED_EDGE ( 'NONE', *, *, #4809, .F. ) ;
#1617 = ORIENTED_EDGE ( 'NONE', *, *, #5458, .T. ) ;
#1618 = PLANE ( 'NONE',  #7108 ) ;
#1619 = DIRECTION ( 'NONE',  ( 0.0000000000000000000, 0.0000000000000000000, 1.000000000000000000 ) ) ;
#1620 = MECHANICAL_DESIGN_GEOMETRIC_PRESENTATION_REPRESENTATION (  '', ( #2103 ), #1573 ) ;
#1621 = LINE ( 'NONE', #3079, #6858 ) ;
#1622 = ORIENTED_EDGE ( 'NONE', *, *, #8106, .F. ) ;
#1623 = CARTESIAN_POINT ( 'NONE',  ( -7.100000056180550500, 1.000000125623493800, 17.92388274267651100 ) ) ;
#1624 = ORIENTED_EDGE ( 'NONE', *, *, #5712, .T. ) ;
#1625 =( NAMED_UNIT ( * ) SI_UNIT ( $, .STERADIAN. ) SOLID_ANGLE_UNIT ( ) );
#1626 = EDGE_LOOP ( 'NONE', ( #5273, #3129, #6472, #2668 ) ) ;
#1627 = CARTESIAN_POINT ( 'NONE',  ( -11.25000000000000900, 0.8999999999998670200, -4.125000000000041700 ) ) ;
#1628 = CARTESIAN_POINT ( 'NONE',  ( 0.0000000000000000000, 0.0000000000000000000, 0.0000000000000000000 ) ) ;
#1629 = CARTESIAN_POINT ( 'NONE',  ( 2.049906999999996600, 0.8199999999999999500, 0.05003799999998837000 ) ) ;
#1630 = EDGE_CURVE ( 'NONE', #594, #4817, #8653, .T. ) ;
#1631 = ADVANCED_FACE ( 'NONE', ( #2947 ), #7014, .T. ) ;
#1632 = ORIENTED_EDGE ( 'NONE', *, *, #8005, .T. ) ;
#1633 = EDGE_CURVE ( 'NONE', #3672, #4235, #7701, .T. ) ;
#1634 = FACE_BOUND ( 'NONE', #125, .T. ) ;
#1635 = ORIENTED_EDGE ( 'NONE', *, *, #985, .F. ) ;
#1636 = VECTOR ( 'NONE', #6376, 1000.000000000000000 ) ;
#1637 = ORIENTED_EDGE ( 'NONE', *, *, #4963, .F. ) ;
#1638 = ORIENTED_EDGE ( 'NONE', *, *, #2946, .T. ) ;
#1639 = CARTESIAN_POINT ( 'NONE',  ( 1.300123000000010600, 0.0000000000000000000, 0.0000000000000000000 ) ) ;
#1640 = MECHANICAL_DESIGN_GEOMETRIC_PRESENTATION_REPRESENTATION (  '', ( #155 ), #2119 ) ;
#1641 = CARTESIAN_POINT ( 'NONE',  ( 1.149985000000013100, 0.7500000000000000000, 5.100066000000028400 ) ) ;
#1642 = EDGE_LOOP ( 'NONE', ( #2188, #9043, #1364, #2347, #2633, #9008, #2772, #1025, #3411, #5967, #5603, #2876, #3785, #5879, #4795, #6997, #1124, #3313, #158, #5353 ) ) ;
#1643 = AXIS2_PLACEMENT_3D ( 'NONE', #8839, #8789, #2724 ) ;
#1644 = VECTOR ( 'NONE', #920, 1000.000000000000000 ) ;
#1645 = ADVANCED_FACE ( 'NONE', ( #3942 ), #8142, .F. ) ;
#1646 = EDGE_LOOP ( 'NONE', ( #4304, #4537, #3706, #5577 ) ) ;
#1647 = SURFACE_SIDE_STYLE ('',( #6060 ) ) ;
#1648 = CARTESIAN_POINT ( 'NONE',  ( -8.299876999999989700, 0.0000000000000000000, 5.550153999999987600 ) ) ;
#1649 =( NAMED_UNIT ( * ) SI_UNIT ( $, .STERADIAN. ) SOLID_ANGLE_UNIT ( ) );
#1650 = CARTESIAN_POINT ( 'NONE',  ( 0.1999999999999276800, 1.399999999999953300, 17.92388274267651100 ) ) ;
#1651 = ORIENTED_EDGE ( 'NONE', *, *, #190, .F. ) ;
#1652 = LINE ( 'NONE', #2852, #1165 ) ;
#1653 = DIRECTION ( 'NONE',  ( -1.000000000000000000, 0.0000000000000000000, 0.0000000000000000000 ) ) ;
#1654 = LINE ( 'NONE', #8932, #9304 ) ;
#1655 = EDGE_LOOP ( 'NONE', ( #6483, #4323, #4541, #6127 ) ) ;
#1656 = ORIENTED_EDGE ( 'NONE', *, *, #8459, .T. ) ;
#1657 = MECHANICAL_DESIGN_GEOMETRIC_PRESENTATION_REPRESENTATION (  '', ( #172 ), #2144 ) ;
#1658 = ADVANCED_FACE ( 'NONE', ( #310 ), #1246, .T. ) ;
#1659 = CARTESIAN_POINT ( 'NONE',  ( 0.1000000000000497000, 1.399999999999953300, -17.92388274267673500 ) ) ;
#1660 = VERTEX_POINT ( 'NONE', #2584 ) ;
#1661 = FACE_OUTER_BOUND ( 'NONE', #4044, .T. ) ;
#1662 = CARTESIAN_POINT ( 'NONE',  ( -11.10000000000004900, 1.790000000000000000, 4.989999999999869700 ) ) ;
#1663 = VECTOR ( 'NONE', #242, 1000.000000000000000 ) ;
#1664 = DIRECTION ( 'NONE',  ( 0.0000000000000000000, 0.0000000000000000000, -1.000000000000000000 ) ) ;
#1665 = ORIENTED_EDGE ( 'NONE', *, *, #183, .F. ) ;
#1666 = ORIENTED_EDGE ( 'NONE', *, *, #3977, .F. ) ;
#1667 = EDGE_CURVE ( 'NONE', #9211, #6012, #1337, .T. ) ;
#1668 = VERTEX_POINT ( 'NONE', #3633 ) ;
#1669 = LINE ( 'NONE', #8551, #9070 ) ;
#1670 = FILL_AREA_STYLE_COLOUR ( '', #2264 ) ;
#1671 = VECTOR ( 'NONE', #9329, 1000.000000000000000 ) ;
#1672 = FILL_AREA_STYLE_COLOUR ( '', #590 ) ;
#1673 = PRESENTATION_LAYER_ASSIGNMENT (  '', '', ( #1153 ) ) ;
#1674 = EDGE_CURVE ( 'NONE', #1270, #1020, #8767, .T. ) ;
#1675 = CARTESIAN_POINT ( 'NONE',  ( 0.3999230000000034100, 0.5200000000000004600, 3.899916000000017000 ) ) ;
#1676 = PRESENTATION_LAYER_ASSIGNMENT (  '', '', ( #2622 ) ) ;
#1677 = VECTOR ( 'NONE', #8799, 1000.000000000000000 ) ;
#1678 = ORIENTED_EDGE ( 'NONE', *, *, #2764, .F. ) ;
#1679 = LINE ( 'NONE', #3366, #9082 ) ;
#1680 = DIRECTION ( 'NONE',  ( 0.0000000000000000000, -3.481247791926261400E-015, -1.000000000000000000 ) ) ;
#1681 = ADVANCED_FACE ( 'NONE', ( #5197 ), #1865, .T. ) ;
#1682 = CARTESIAN_POINT ( 'NONE',  ( 7.000113000000009600, 1.520000000000000000, -4.999989999999995900 ) ) ;
#1683 = CYLINDRICAL_SURFACE ( 'NONE', #8284, 0.2249999999999752200 ) ;
#1684 = ORIENTED_EDGE ( 'NONE', *, *, #1051, .T. ) ;
#1685 =( NAMED_UNIT ( * ) PLANE_ANGLE_UNIT ( ) SI_UNIT ( $, .RADIAN. ) );
#1686 =( GEOMETRIC_REPRESENTATION_CONTEXT ( 3 ) GLOBAL_UNCERTAINTY_ASSIGNED_CONTEXT ( ( #3949 ) ) GLOBAL_UNIT_ASSIGNED_CONTEXT ( ( #5592, #1269, #6288 ) ) REPRESENTATION_CONTEXT ( 'NONE', 'WORKASPACE' ) );
#1687 = EDGE_CURVE ( 'NONE', #1871, #9204, #4280, .T. ) ;
#1688 = ORIENTED_EDGE ( 'NONE', *, *, #1960, .T. ) ;
#1689 = LINE ( 'NONE', #2301, #7168 ) ;
#1690 = CARTESIAN_POINT ( 'NONE',  ( 0.0000000000000000000, 0.0000000000000000000, 5.550153999999987600 ) ) ;
#1691 = DIRECTION ( 'NONE',  ( 0.0000000000000000000, 1.000000000000000000, -0.0000000000000000000 ) ) ;
#1692 = ADVANCED_FACE ( 'NONE', ( #2377 ), #2348, .T. ) ;
#1693 = CARTESIAN_POINT ( 'NONE',  ( -3.800004999999990800, 0.0000000000000000000, 5.550153999999987600 ) ) ;
#1694 = DIRECTION ( 'NONE',  ( 1.000000000000000000, 0.0000000000000000000, 0.0000000000000000000 ) ) ;
#1695 = AXIS2_PLACEMENT_3D ( 'NONE', #4669, #5794, #5191 ) ;
#1696 = AXIS2_PLACEMENT_3D ( 'NONE', #1969, #1935, #1904 ) ;
#1697 = VECTOR ( 'NONE', #7639, 1000.000000000000000 ) ;
#1698 = VECTOR ( 'NONE', #6093, 1000.000000000000000 ) ;
#1699 = FACE_OUTER_BOUND ( 'NONE', #2055, .T. ) ;
#1700 = EDGE_CURVE ( 'NONE', #5321, #3219, #7173, .T. ) ;
#1701 = LINE ( 'NONE', #6660, #1465 ) ;
#1702 = CARTESIAN_POINT ( 'NONE',  ( 0.0000000000000000000, 0.0000000000000000000, 0.0000000000000000000 ) ) ;
#1703 = CARTESIAN_POINT ( 'NONE',  ( 0.4499999999998983700, 1.799999999999999600, -4.850000000000021000 ) ) ;
#1704 = LINE ( 'NONE', #3048, #5087 ) ;
#1705 = SURFACE_STYLE_FILL_AREA ( #7198 ) ;
#1706 = FILL_AREA_STYLE_COLOUR ( '', #2577 ) ;
#1707 = EDGE_CURVE ( 'NONE', #8221, #9241, #9102, .T. ) ;
#1708 = DIRECTION ( 'NONE',  ( -4.379057701015053300E-047, -4.625929269271310200E-015, -1.000000000000000000 ) ) ;
#1709 = SURFACE_SIDE_STYLE ('',( #7947 ) ) ;
#1710 = SURFACE_SIDE_STYLE ('',( #1240 ) ) ;
#1711 = AXIS2_PLACEMENT_3D ( 'NONE', #4255, #3996, #3301 ) ;
#1712 = CIRCLE ( 'NONE', #3259, 0.3500119999999958800 ) ;
#1713 = FILL_AREA_STYLE ('',( #5414 ) ) ;
#1714 = ORIENTED_EDGE ( 'NONE', *, *, #2367, .F. ) ;
#1715 = VERTEX_POINT ( 'NONE', #7293 ) ;
#1716 = ORIENTED_EDGE ( 'NONE', *, *, #7236, .T. ) ;
#1717 = DIRECTION ( 'NONE',  ( 0.0000000000000000000, 0.0000000000000000000, 1.000000000000000000 ) ) ;
#1718 = CARTESIAN_POINT ( 'NONE',  ( -19.77299677870442100, 1.399999999999844900, 4.949999999999900700 ) ) ;
#1719 = DIRECTION ( 'NONE',  ( 0.0000000000000000000, 0.0000000000000000000, -1.000000000000000000 ) ) ;
#1720 = DIRECTION ( 'NONE',  ( 0.0000000000000000000, 0.0000000000000000000, 1.000000000000000000 ) ) ;
#1721 = SURFACE_SIDE_STYLE ('',( #3592 ) ) ;
#1722 = CARTESIAN_POINT ( 'NONE',  ( 0.2499999999998978600, 1.999999999999965400, -4.850000000000021000 ) ) ;
#1723 = MECHANICAL_DESIGN_GEOMETRIC_PRESENTATION_REPRESENTATION (  '', ( #243 ), #2219 ) ;
#1724 = FACE_OUTER_BOUND ( 'NONE', #8898, .T. ) ;
#1725 = VERTEX_POINT ( 'NONE', #7097 ) ;
#1726 = ADVANCED_FACE ( 'NONE', ( #5304, #8875, #6926, #3608, #5079 ), #6482, .T. ) ;
#1727 = VERTEX_POINT ( 'NONE', #6452 ) ;
#1728 = ORIENTED_EDGE ( 'NONE', *, *, #4809, .T. ) ;
#1729 = PLANE ( 'NONE',  #5327 ) ;
#1730 = CARTESIAN_POINT ( 'NONE',  ( -4.200017000000007000, 0.0000000000000000000, 0.5001260000000035100 ) ) ;
#1731 = ORIENTED_EDGE ( 'NONE', *, *, #7209, .T. ) ;
#1732 = EDGE_CURVE ( 'NONE', #1400, #8935, #1208, .T. ) ;
#1733 = ORIENTED_EDGE ( 'NONE', *, *, #2310, .T. ) ;
#1734 = ORIENTED_EDGE ( 'NONE', *, *, #3425, .T. ) ;
#1735 = ORIENTED_EDGE ( 'NONE', *, *, #1801, .T. ) ;
#1736 = ADVANCED_FACE ( 'NONE', ( #6703 ), #4441, .T. ) ;
#1737 =( GEOMETRIC_REPRESENTATION_CONTEXT ( 3 ) GLOBAL_UNCERTAINTY_ASSIGNED_CONTEXT ( ( #4417 ) ) GLOBAL_UNIT_ASSIGNED_CONTEXT ( ( #8515, #4242, #9276 ) ) REPRESENTATION_CONTEXT ( 'NONE', 'WORKASPACE' ) );
#1738 = CARTESIAN_POINT ( 'NONE',  ( 0.0000000000000000000, 0.0000000000000000000, -0.1501600000000094200 ) ) ;
#1739 = LINE ( 'NONE', #1397, #1514 ) ;
#1740 = COLOUR_RGB ( '',1.000000000000000000, 1.000000000000000000, 1.000000000000000000 ) ;
#1741 = EDGE_CURVE ( 'NONE', #320, #4073, #4150, .T. ) ;
#1742 = ORIENTED_EDGE ( 'NONE', *, *, #5666, .T. ) ;
#1743 = EDGE_CURVE ( 'NONE', #355, #2767, #526, .T. ) ;
#1744 = VERTEX_POINT ( 'NONE', #9172 ) ;
#1745 = EDGE_CURVE ( 'NONE', #7328, #5337, #6049, .T. ) ;
#1746 = COLOUR_RGB ( '',1.000000000000000000, 1.000000000000000000, 1.000000000000000000 ) ;
#1747 = ORIENTED_EDGE ( 'NONE', *, *, #3676, .F. ) ;
#1748 = FACE_BOUND ( 'NONE', #9332, .T. ) ;
#1749 = DIRECTION ( 'NONE',  ( 0.0000000000000000000, 1.000000000000000000, -0.0000000000000000000 ) ) ;
#1750 = DIRECTION ( 'NONE',  ( 0.0000000000000000000, 0.0000000000000000000, -1.000000000000000000 ) ) ;
#1751 = DIRECTION ( 'NONE',  ( 0.0000000000000000000, 0.0000000000000000000, 1.000000000000000000 ) ) ;
#1752 = VERTEX_POINT ( 'NONE', #8584 ) ;
#1753 = DIRECTION ( 'NONE',  ( 1.000000000000000000, -0.0000000000000000000, 0.0000000000000000000 ) ) ;
#1754 = CARTESIAN_POINT ( 'NONE',  ( 2.900044999999996900, 0.0000000000000000000, 3.299967999999972700 ) ) ;
#1755 = ORIENTED_EDGE ( 'NONE', *, *, #2592, .T. ) ;
#1756 = EDGE_CURVE ( 'NONE', #7318, #7147, #5842, .T. ) ;
#1757 = LINE ( 'NONE', #4456, #3435 ) ;
#1758 = VECTOR ( 'NONE', #3068, 1000.000000000000000 ) ;
#1759 = DIRECTION ( 'NONE',  ( -1.000000000000000000, 0.0000000000000000000, 0.0000000000000000000 ) ) ;
#1760 = MECHANICAL_DESIGN_GEOMETRIC_PRESENTATION_REPRESENTATION (  '', ( #277 ), #2258 ) ;
#1761 = ORIENTED_EDGE ( 'NONE', *, *, #685, .T. ) ;
#1762 = ORIENTED_EDGE ( 'NONE', *, *, #2572, .T. ) ;
#1763 = EDGE_CURVE ( 'NONE', #5202, #2224, #2017, .T. ) ;
#1764 = ORIENTED_EDGE ( 'NONE', *, *, #1483, .F. ) ;
#1765 =( NAMED_UNIT ( * ) PLANE_ANGLE_UNIT ( ) SI_UNIT ( $, .RADIAN. ) );
#1766 = LINE ( 'NONE', #2095, #3441 ) ;
#1767 = VECTOR ( 'NONE', #4035, 1000.000000000000000 ) ;
#1768 = COLOUR_RGB ( '',1.000000000000000000, 1.000000000000000000, 1.000000000000000000 ) ;
#1769 =( NAMED_UNIT ( * ) SI_UNIT ( $, .STERADIAN. ) SOLID_ANGLE_UNIT ( ) );
#1770 = VERTEX_POINT ( 'NONE', #9274 ) ;
#1771 = ADVANCED_FACE ( 'NONE', ( #2269 ), #8445, .F. ) ;
#1772 = ORIENTED_EDGE ( 'NONE', *, *, #5176, .F. ) ;
#1773 =( LENGTH_UNIT ( ) NAMED_UNIT ( * ) SI_UNIT ( .MILLI., .METRE. ) );
#1774 =( NAMED_UNIT ( * ) PLANE_ANGLE_UNIT ( ) SI_UNIT ( $, .RADIAN. ) );
#1775 = DIRECTION ( 'NONE',  ( 0.0000000000000000000, 1.000000000000000000, 6.123233995736766000E-017 ) ) ;
#1776 = LINE ( 'NONE', #7248, #3698 ) ;
#1777 = VECTOR ( 'NONE', #2247, 1000.000000000000000 ) ;
#1778 = STYLED_ITEM ( 'NONE', ( #3928 ), #2691 ) ;
#1779 = VECTOR ( 'NONE', #5211, 1000.000000000000000 ) ;
#1780 = ORIENTED_EDGE ( 'NONE', *, *, #4628, .T. ) ;
#1781 = CARTESIAN_POINT ( 'NONE',  ( -6.876393202613789900, 0.9000001009055423900, -5.000000000000093300 ) ) ;
#1782 = EDGE_LOOP ( 'NONE', ( #7929, #6032, #2311, #3704 ) ) ;
#1783 = DIRECTION ( 'NONE',  ( 0.0000000000000000000, 0.0000000000000000000, -1.000000000000000000 ) ) ;
#1784 = CARTESIAN_POINT ( 'NONE',  ( 1.799995000000009100, 0.0000000000000000000, -0.0000000000000000000 ) ) ;
#1785 = ADVANCED_FACE ( 'NONE', ( #7493 ), #6996, .T. ) ;
#1786 = LINE ( 'NONE', #5747, #5391 ) ;
#1787 = CARTESIAN_POINT ( 'NONE',  ( -11.39990099999999600, 0.5200000000000004600, 3.899916000000017000 ) ) ;
#1788 = VECTOR ( 'NONE', #4096, 1000.000000000000000 ) ;
#1789 = EDGE_CURVE ( 'NONE', #4877, #3871, #4271, .T. ) ;
#1790 = SURFACE_STYLE_FILL_AREA ( #3924 ) ;
#1791 = ORIENTED_EDGE ( 'NONE', *, *, #7201, .F. ) ;
#1792 = DIRECTION ( 'NONE',  ( 1.000000000000000000, 0.0000000000000000000, 0.0000000000000000000 ) ) ;
#1793 = MECHANICAL_DESIGN_GEOMETRIC_PRESENTATION_REPRESENTATION (  '', ( #308 ), #2286 ) ;
#1794 = FACE_OUTER_BOUND ( 'NONE', #7204, .T. ) ;
#1795 = CARTESIAN_POINT ( 'NONE',  ( -11.10000000000004900, 1.999999999999999100, 4.999999999999869400 ) ) ;
#1796 = PRESENTATION_LAYER_ASSIGNMENT (  '', '', ( #1290 ) ) ;
#1797 = CARTESIAN_POINT ( 'NONE',  ( -1.099876999999988700, 0.0000000000000000000, -4.649977999999984800 ) ) ;
#1798 = VERTEX_POINT ( 'NONE', #6195 ) ;
#1799 = CARTESIAN_POINT ( 'NONE',  ( 2.600070999999988700, 0.5200000000000000200, -0.1501140000000206200 ) ) ;
#1800 = FILL_AREA_STYLE ('',( #1552 ) ) ;
#1801 = EDGE_CURVE ( 'NONE', #5264, #322, #413, .T. ) ;
#1802 = CARTESIAN_POINT ( 'NONE',  ( -3.800004999999990800, 0.0000000000000000000, -4.649977999999984800 ) ) ;
#1803 = LINE ( 'NONE', #185, #3729 ) ;
#1804 = EDGE_CURVE ( 'NONE', #1385, #2511, #6155, .T. ) ;
#1805 = CARTESIAN_POINT ( 'NONE',  ( 0.1000000000000497000, 2.000000000000000000, -4.850000000000021000 ) ) ;
#1806 = DIRECTION ( 'NONE',  ( 0.0000000000000000000, 1.000000000000000000, -0.0000000000000000000 ) ) ;
#1807 =( GEOMETRIC_REPRESENTATION_CONTEXT ( 3 ) GLOBAL_UNCERTAINTY_ASSIGNED_CONTEXT ( ( #3367 ) ) GLOBAL_UNIT_ASSIGNED_CONTEXT ( ( #126, #5900, #5291 ) ) REPRESENTATION_CONTEXT ( 'NONE', 'WORKASPACE' ) );
#1808 =( LENGTH_UNIT ( ) NAMED_UNIT ( * ) SI_UNIT ( .MILLI., .METRE. ) );
#1809 = FILL_AREA_STYLE ('',( #524 ) ) ;
#1810 =( NAMED_UNIT ( * ) SI_UNIT ( $, .STERADIAN. ) SOLID_ANGLE_UNIT ( ) );
#1811 = SURFACE_STYLE_FILL_AREA ( #7087 ) ;
#1812 = PLANE ( 'NONE',  #7132 ) ;
#1813 = EDGE_LOOP ( 'NONE', ( #3118, #7011, #7310, #6549 ) ) ;
#1814 = ORIENTED_EDGE ( 'NONE', *, *, #2887, .T. ) ;
#1815 = EDGE_LOOP ( 'NONE', ( #614, #5922, #3816, #3575 ) ) ;
#1816 =( LENGTH_UNIT ( ) NAMED_UNIT ( * ) SI_UNIT ( .MILLI., .METRE. ) );
#1817 = AXIS2_PLACEMENT_3D ( 'NONE', #4760, #4729, #4697 ) ;
#1818 = ADVANCED_FACE ( 'NONE', ( #5937 ), #5593, .F. ) ;
#1819 =( LENGTH_UNIT ( ) NAMED_UNIT ( * ) SI_UNIT ( .MILLI., .METRE. ) );
#1820 = VECTOR ( 'NONE', #6802, 1000.000000000000000 ) ;
#1821 = VECTOR ( 'NONE', #1202, 1000.000000000000000 ) ;
#1822 =( NAMED_UNIT ( * ) PLANE_ANGLE_UNIT ( ) SI_UNIT ( $, .RADIAN. ) );
#1823 = CARTESIAN_POINT ( 'NONE',  ( 4.499991000000001400, 0.0000000000000000000, 0.0000000000000000000 ) ) ;
#1824 = EDGE_LOOP ( 'NONE', ( #1928, #2173, #6179, #904 ) ) ;
#1825 = DIRECTION ( 'NONE',  ( 0.0000000000000000000, 1.000000000000000000, -0.0000000000000000000 ) ) ;
#1826 = MECHANICAL_DESIGN_GEOMETRIC_PRESENTATION_REPRESENTATION (  '', ( #846 ), #2333 ) ;
#1827 =( NAMED_UNIT ( * ) PLANE_ANGLE_UNIT ( ) SI_UNIT ( $, .RADIAN. ) );
#1828 = VERTEX_POINT ( 'NONE', #5650 ) ;
#1829 = ORIENTED_EDGE ( 'NONE', *, *, #248, .F. ) ;
#1831 = DIRECTION ( 'NONE',  ( 0.0000000000000000000, 0.0000000000000000000, -1.000000000000000000 ) ) ;
#1830 = DIRECTION ( 'NONE',  ( 0.0000000000000000000, 0.0000000000000000000, -1.000000000000000000 ) ) ;
#1832 = VECTOR ( 'NONE', #3416, 1000.000000000000000 ) ;
#1833 = VERTEX_POINT ( 'NONE', #5138 ) ;
#1834 = EDGE_CURVE ( 'NONE', #5648, #2978, #4038, .T. ) ;
#1835 = ORIENTED_EDGE ( 'NONE', *, *, #1505, .F. ) ;
#1836 = DIRECTION ( 'NONE',  ( 2.131649482710643400E-031, 3.481247791926261000E-015, 1.000000000000000000 ) ) ;
#1837 = VERTEX_POINT ( 'NONE', #5074 ) ;
#1838 = CARTESIAN_POINT ( 'NONE',  ( 0.3999230000000034700, 0.0000000000000000000, 3.549904000000020200 ) ) ;
#1839 = PRESENTATION_LAYER_ASSIGNMENT (  '', '', ( #861 ) ) ;
#1840 = LINE ( 'NONE', #61, #5439 ) ;
#1841 = EDGE_LOOP ( 'NONE', ( #3182, #6959, #8908, #4999 ) ) ;
#1842 = ORIENTED_EDGE ( 'NONE', *, *, #712, .F. ) ;
#1843 = VERTEX_POINT ( 'NONE', #5203 ) ;
#1844 = VECTOR ( 'NONE', #1783, 1000.000000000000000 ) ;
#1845 = FACE_BOUND ( 'NONE', #1126, .T. ) ;
#1846 = ORIENTED_EDGE ( 'NONE', *, *, #750, .F. ) ;
#1847 = VECTOR ( 'NONE', #4836, 1000.000000000000000 ) ;
#1848 = LINE ( 'NONE', #5250, #1636 ) ;
#1849 = EDGE_LOOP ( 'NONE', ( #350, #6805, #1368, #1501 ) ) ;
#1850 = FILL_AREA_STYLE ('',( #8985 ) ) ;
#1851 = ORIENTED_EDGE ( 'NONE', *, *, #8716, .F. ) ;
#1852 =( GEOMETRIC_REPRESENTATION_CONTEXT ( 3 ) GLOBAL_UNCERTAINTY_ASSIGNED_CONTEXT ( ( #1972 ) ) GLOBAL_UNIT_ASSIGNED_CONTEXT ( ( #1819, #6806, #2557 ) ) REPRESENTATION_CONTEXT ( 'NONE', 'WORKASPACE' ) );
#1853 = DIRECTION ( 'NONE',  ( 0.0000000000000000000, -1.000000000000000000, 3.481247791926261000E-015 ) ) ;
#1854 = CARTESIAN_POINT ( 'NONE',  ( 8.772996778704309100, 0.5249999999998554700, -3.675000000000145000 ) ) ;
#1855 = SURFACE_STYLE_FILL_AREA ( #5649 ) ;
#1856 = EDGE_CURVE ( 'NONE', #7098, #2203, #2141, .T. ) ;
#1857 = VERTEX_POINT ( 'NONE', #4886 ) ;
#1859 = DIRECTION ( 'NONE',  ( 0.0000000000000000000, 0.0000000000000000000, 1.000000000000000000 ) ) ;
#1858 = DIRECTION ( 'NONE',  ( 1.000000000000000000, 0.0000000000000000000, 0.0000000000000000000 ) ) ;
#1860 = ORIENTED_EDGE ( 'NONE', *, *, #8150, .F. ) ;
#1861 =( NAMED_UNIT ( * ) PLANE_ANGLE_UNIT ( ) SI_UNIT ( $, .RADIAN. ) );
#1862 = PRESENTATION_LAYER_ASSIGNMENT (  '', '', ( #2103 ) ) ;
#1863 = MECHANICAL_DESIGN_GEOMETRIC_PRESENTATION_REPRESENTATION (  '', ( #8785 ), #2365 ) ;
#1864 = EDGE_CURVE ( 'NONE', #2939, #3197, #1898, .T. ) ;
#1865 = PLANE ( 'NONE',  #766 ) ;
#1866 = DIRECTION ( 'NONE',  ( 0.0000000000000000000, 0.0000000000000000000, 1.000000000000000000 ) ) ;
#1867 = VECTOR ( 'NONE', #7048, 1000.000000000000000 ) ;
#1868 = ADVANCED_FACE ( 'NONE', ( #3829 ), #4239, .T. ) ;
#1869 = VECTOR ( 'NONE', #8950, 1000.000000000000000 ) ;
#1870 = CARTESIAN_POINT ( 'NONE',  ( -0.3500000000000117500, 0.9000001009055926800, -5.000000000000093300 ) ) ;
#1871 = VERTEX_POINT ( 'NONE', #4381 ) ;
#1872 = ORIENTED_EDGE ( 'NONE', *, *, #1732, .F. ) ;
#1873 = VECTOR ( 'NONE', #2083, 1000.000000000000000 ) ;
#1874 = FACE_OUTER_BOUND ( 'NONE', #5220, .T. ) ;
#1875 = VECTOR ( 'NONE', #1664, 1000.000000000000000 ) ;
#1876 =( GEOMETRIC_REPRESENTATION_CONTEXT ( 3 ) GLOBAL_UNCERTAINTY_ASSIGNED_CONTEXT ( ( #5477 ) ) GLOBAL_UNIT_ASSIGNED_CONTEXT ( ( #2744, #733, #8394 ) ) REPRESENTATION_CONTEXT ( 'NONE', 'WORKASPACE' ) );
#1877 = EDGE_CURVE ( 'NONE', #4235, #5021, #1198, .T. ) ;
#1878 = EDGE_CURVE ( 'NONE', #2963, #3075, #6696, .T. ) ;
#1879 = EDGE_LOOP ( 'NONE', ( #4887, #2564, #9160, #975 ) ) ;
#1880 = VERTEX_POINT ( 'NONE', #3451 ) ;
#1881 = AXIS2_PLACEMENT_3D ( 'NONE', #8347, #6891, #6768 ) ;
#1882 = LINE ( 'NONE', #48, #5486 ) ;
#1883 = FILL_AREA_STYLE_COLOUR ( '', #2019 ) ;
#1884 = CIRCLE ( 'NONE', #3225, 0.3000000000000485100 ) ;
#1885 = CARTESIAN_POINT ( 'NONE',  ( 0.0000000000000000000, 0.0000000000000000000, -2.250031999999994300 ) ) ;
#1886 = DIRECTION ( 'NONE',  ( -1.000000000000000000, 0.0000000000000000000, 0.0000000000000000000 ) ) ;
#1887 =( LENGTH_UNIT ( ) NAMED_UNIT ( * ) SI_UNIT ( .MILLI., .METRE. ) );
#1888 = VECTOR ( 'NONE', #5445, 1000.000000000000000 ) ;
#1889 = ORIENTED_EDGE ( 'NONE', *, *, #1920, .T. ) ;
#1890 = VECTOR ( 'NONE', #6491, 1000.000000000000000 ) ;
#1891 =( LENGTH_UNIT ( ) NAMED_UNIT ( * ) SI_UNIT ( .MILLI., .METRE. ) );
#1892 = FACE_OUTER_BOUND ( 'NONE', #1782, .T. ) ;
#1893 = MECHANICAL_DESIGN_GEOMETRIC_PRESENTATION_REPRESENTATION (  '', ( #421 ), #2390 ) ;
#1894 = CARTESIAN_POINT ( 'NONE',  ( 0.0000000000000000000, 0.7500000000000000000, 0.0000000000000000000 ) ) ;
#1895 =( LENGTH_UNIT ( ) NAMED_UNIT ( * ) SI_UNIT ( .MILLI., .METRE. ) );
#1896 = VERTEX_POINT ( 'NONE', #3006 ) ;
#1897 =( NAMED_UNIT ( * ) PLANE_ANGLE_UNIT ( ) SI_UNIT ( $, .RADIAN. ) );
#1898 = LINE ( 'NONE', #5104, #9335 ) ;
#1899 = LINE ( 'NONE', #6982, #9338 ) ;
#1900 = EDGE_CURVE ( 'NONE', #8915, #4877, #8386, .T. ) ;
#1901 = CARTESIAN_POINT ( 'NONE',  ( 2.900044999999996900, 0.0000000000000000000, -3.299967999999972700 ) ) ;
#1902 = ORIENTED_EDGE ( 'NONE', *, *, #2914, .F. ) ;
#1903 = CIRCLE ( 'NONE', #1643, 0.2250000000000307300 ) ;
#1904 = DIRECTION ( 'NONE',  ( 0.0000000000000000000, 0.0000000000000000000, 1.000000000000000000 ) ) ;
#1905 = CARTESIAN_POINT ( 'NONE',  ( 0.4499999999998983700, 0.8999999999998947700, 3.674999999999876400 ) ) ;
#1906 = AXIS2_PLACEMENT_3D ( 'NONE', #9011, #4723, #379 ) ;
#1907 = LINE ( 'NONE', #5167, #3158 ) ;
#1908 = LINE ( 'NONE', #2519, #9346 ) ;
#1909 = EDGE_CURVE ( 'NONE', #7428, #4073, #984, .T. ) ;
#1910 = VERTEX_POINT ( 'NONE', #3655 ) ;
#1911 = DIRECTION ( 'NONE',  ( 1.000000000000000000, 0.0000000000000000000, -0.0000000000000000000 ) ) ;
#1912 = CARTESIAN_POINT ( 'NONE',  ( -3.499876999999989000, 0.0000000000000000000, -0.0000000000000000000 ) ) ;
#1913 = EDGE_CURVE ( 'NONE', #8488, #4741, #756, .T. ) ;
#1914 = AXIS2_PLACEMENT_3D ( 'NONE', #375, #2138, #477 ) ;
#1915 = SURFACE_SIDE_STYLE ('',( #2545 ) ) ;
#1916 = FACE_OUTER_BOUND ( 'NONE', #4206, .T. ) ;
#1917 = LINE ( 'NONE', #2217, #3619 ) ;
#1918 = PLANE ( 'NONE',  #6449 ) ;
#1919 = CARTESIAN_POINT ( 'NONE',  ( 0.0000000000000000000, 0.0000000000000000000, 0.0000000000000000000 ) ) ;
#1920 = EDGE_CURVE ( 'NONE', #3696, #5837, #2935, .T. ) ;
#1921 = CARTESIAN_POINT ( 'NONE',  ( 0.0000000000000000000, 0.0000000000000000000, 0.0000000000000000000 ) ) ;
#1922 = LINE ( 'NONE', #7848, #2 ) ;
#1923 =( LENGTH_UNIT ( ) NAMED_UNIT ( * ) SI_UNIT ( .MILLI., .METRE. ) );
#1924 = SURFACE_SIDE_STYLE ('',( #4328 ) ) ;
#1925 = CARTESIAN_POINT ( 'NONE',  ( -7.800004999999990800, 0.0000000000000000000, 0.0000000000000000000 ) ) ;
#1926 = STYLED_ITEM ( 'NONE', ( #3255 ), #4512 ) ;
#1927 = PRESENTATION_STYLE_ASSIGNMENT (( #9230 ) ) ;
#1928 = ORIENTED_EDGE ( 'NONE', *, *, #7066, .F. ) ;
#1929 = EDGE_CURVE ( 'NONE', #3422, #4906, #2688, .T. ) ;
#1930 = DIRECTION ( 'NONE',  ( 0.0000000000000000000, 0.0000000000000000000, 1.000000000000000000 ) ) ;
#1931 = EDGE_LOOP ( 'NONE', ( #5396, #8975, #781, #8286 ) ) ;
#1932 = ADVANCED_FACE ( 'NONE', ( #4393 ), #1578, .F. ) ;
#1933 = DIRECTION ( 'NONE',  ( 0.0000000000000000000, 0.0000000000000000000, 1.000000000000000000 ) ) ;
#1934 = DIRECTION ( 'NONE',  ( -1.000000000000000000, 0.0000000000000000000, -0.0000000000000000000 ) ) ;
#1935 = DIRECTION ( 'NONE',  ( 0.0000000000000000000, 1.000000000000000000, -0.0000000000000000000 ) ) ;
#1936 = COLOUR_RGB ( '',1.000000000000000000, 1.000000000000000000, 1.000000000000000000 ) ;
#1937 = DIRECTION ( 'NONE',  ( 0.0000000000000000000, 1.000000000000000000, -0.0000000000000000000 ) ) ;
#1938 = PRESENTATION_STYLE_ASSIGNMENT (( #4023 ) ) ;
#1939 = ORIENTED_EDGE ( 'NONE', *, *, #8442, .T. ) ;
#1940 = ORIENTED_EDGE ( 'NONE', *, *, #604, .F. ) ;
#1941 = VERTEX_POINT ( 'NONE', #651 ) ;
#1942 = ORIENTED_EDGE ( 'NONE', *, *, #5371, .T. ) ;
#1943 = DIRECTION ( 'NONE',  ( 0.0000000000000000000, 1.000000000000000000, -0.0000000000000000000 ) ) ;
#1944 = VERTEX_POINT ( 'NONE', #1473 ) ;
#1945 = CARTESIAN_POINT ( 'NONE',  ( 4.000118999999989100, 0.8199999999999999500, 0.1498600000000155400 ) ) ;
#1946 = AXIS2_PLACEMENT_3D ( 'NONE', #7313, #3055, #8029 ) ;
#1947 = CARTESIAN_POINT ( 'NONE',  ( -11.45000000000000600, 0.5249999999998536900, -3.900000000000120300 ) ) ;
#1948 = ORIENTED_EDGE ( 'NONE', *, *, #1913, .T. ) ;
#1949 = DIRECTION ( 'NONE',  ( 0.0000000000000000000, -3.679716464193384600E-015, -1.000000000000000000 ) ) ;
#1950 = ORIENTED_EDGE ( 'NONE', *, *, #9149, .T. ) ;
#1951 = CARTESIAN_POINT ( 'NONE',  ( -10.69987699999999000, 0.0000000000000000000, -0.0000000000000000000 ) ) ;
#1952 = VECTOR ( 'NONE', #5682, 1000.000000000000000 ) ;
#1953 = CARTESIAN_POINT ( 'NONE',  ( -3.150000000000034600, 0.6000001009056266100, -5.200000000000093400 ) ) ;
#1954 = EDGE_CURVE ( 'NONE', #2767, #141, #7924, .T. ) ;
#1955 = DIRECTION ( 'NONE',  ( 0.0000000000000000000, 1.000000000000000000, -0.0000000000000000000 ) ) ;
#1956 = SURFACE_STYLE_USAGE ( .BOTH. , #2021 ) ;
#1957 = DIRECTION ( 'NONE',  ( 1.000000000000000000, 0.0000000000000000000, 0.0000000000000000000 ) ) ;
#1958 = CARTESIAN_POINT ( 'NONE',  ( -7.649999999999985300, 0.9000000000000093500, 5.199999999999871400 ) ) ;
#1959 = MECHANICAL_DESIGN_GEOMETRIC_PRESENTATION_REPRESENTATION (  '', ( #481 ), #2461 ) ;
#1960 = EDGE_CURVE ( 'NONE', #8821, #322, #6040, .T. ) ;
#1961 = VECTOR ( 'NONE', #5887, 1000.000000000000000 ) ;
#1962 =( GEOMETRIC_REPRESENTATION_CONTEXT ( 3 ) GLOBAL_UNCERTAINTY_ASSIGNED_CONTEXT ( ( #5505 ) ) GLOBAL_UNIT_ASSIGNED_CONTEXT ( ( #2654, #7625, #3372 ) ) REPRESENTATION_CONTEXT ( 'NONE', 'WORKASPACE' ) );
#1963 = CARTESIAN_POINT ( 'NONE',  ( 0.4499999999998983700, 0.8999999999998687900, -3.675000000000090900 ) ) ;
#1964 = DIRECTION ( 'NONE',  ( 0.0000000000000000000, 0.0000000000000000000, -1.000000000000000000 ) ) ;
#1965 = FACE_BOUND ( 'NONE', #7621, .T. ) ;
#1966 = PRESENTATION_STYLE_ASSIGNMENT (( #7298 ) ) ;
#1967 = DIRECTION ( 'NONE',  ( 0.0000000000000000000, 1.000000000000000000, -0.0000000000000000000 ) ) ;
#1968 =( NAMED_UNIT ( * ) SI_UNIT ( $, .STERADIAN. ) SOLID_ANGLE_UNIT ( ) );
#1969 = CARTESIAN_POINT ( 'NONE',  ( 0.3999230000000034100, 0.5200000000000004600, 3.899916000000017000 ) ) ;
#1970 = EDGE_LOOP ( 'NONE', ( #1189, #2407, #4588, #8548 ) ) ;
#1971 = ADVANCED_FACE ( 'NONE', ( #6262 ), #3927, .F. ) ;
#1972 = UNCERTAINTY_MEASURE_WITH_UNIT (LENGTH_MEASURE( 1.000000000000000100E-005 ), #1819, 'distance_accuracy_value', 'NONE');
#1973 = SURFACE_STYLE_USAGE ( .BOTH. , #2145 ) ;
#1974 = LINE ( 'NONE', #8711, #5573 ) ;
#1975 = CARTESIAN_POINT ( 'NONE',  ( 7.000113000000009600, 0.5200000000000000200, -4.999989999999995900 ) ) ;
#1976 = CARTESIAN_POINT ( 'NONE',  ( -11.39990099999999600, -5.000000000000000000, -3.900170000000022300 ) ) ;
#1977 = EDGE_LOOP ( 'NONE', ( #4646, #6221, #6788, #455 ) ) ;
#1978 = ORIENTED_EDGE ( 'NONE', *, *, #7065, .F. ) ;
#1979 = CARTESIAN_POINT ( 'NONE',  ( -7.649999999999985300, 0.9000000000000084600, -5.000000000000093300 ) ) ;
#1980 = SURFACE_STYLE_USAGE ( .BOTH. , #1915 ) ;
#1981 = EDGE_CURVE ( 'NONE', #688, #2201, #5828, .T. ) ;
#1982 = ADVANCED_FACE ( 'NONE', ( #7684 ), #124, .T. ) ;
#1983 = PRESENTATION_STYLE_ASSIGNMENT (( #6720 ) ) ;
#1984 = VECTOR ( 'NONE', #1122, 1000.000000000000000 ) ;
#1985 = AXIS2_PLACEMENT_3D ( 'NONE', #6102, #6159, #6219 ) ;
#1986 = EDGE_LOOP ( 'NONE', ( #6310, #555, #3969, #261 ) ) ;
#1987 = ORIENTED_EDGE ( 'NONE', *, *, #2122, .F. ) ;
#1988 = DIRECTION ( 'NONE',  ( 0.0000000000000000000, -0.0000000000000000000, -1.000000000000000000 ) ) ;
#1989 = CARTESIAN_POINT ( 'NONE',  ( -11.10000000000005600, 1.790000000000000000, -4.990000000000092600 ) ) ;
#1990 = EDGE_LOOP ( 'NONE', ( #8792, #3724, #4478, #4064 ) ) ;
#1991 = UNCERTAINTY_MEASURE_WITH_UNIT (LENGTH_MEASURE( 1.000000000000000100E-005 ), #6312, 'distance_accuracy_value', 'NONE');
#1992 = CARTESIAN_POINT ( 'NONE',  ( 0.2499999999998978600, 1.790000000000000000, 4.849999999999909900 ) ) ;
#1993 = LINE ( 'NONE', #8745, #63 ) ;
#1994 = CARTESIAN_POINT ( 'NONE',  ( 0.2499999999998978600, 0.5249999999998814500, 3.899999999999908900 ) ) ;
#1995 = CYLINDRICAL_SURFACE ( 'NONE', #7918, 0.3500119999999967700 ) ;
#1996 = CARTESIAN_POINT ( 'NONE',  ( -7.100000056180550500, 0.7000000502492805800, -5.000000000000093300 ) ) ;
#1997 = ORIENTED_EDGE ( 'NONE', *, *, #2764, .T. ) ;
#1998 = ORIENTED_EDGE ( 'NONE', *, *, #4515, .T. ) ;
#1999 = DIRECTION ( 'NONE',  ( 0.0000000000000000000, 0.0000000000000000000, 1.000000000000000000 ) ) ;
#2000 =( NAMED_UNIT ( * ) PLANE_ANGLE_UNIT ( ) SI_UNIT ( $, .RADIAN. ) );
#2001 = LINE ( 'NONE', #9216, #7475 ) ;
#2002 = VERTEX_POINT ( 'NONE', #499 ) ;
#2003 = DIRECTION ( 'NONE',  ( 0.0000000000000000000, 0.0000000000000000000, 1.000000000000000000 ) ) ;
#2004 = AXIS2_PLACEMENT_3D ( 'NONE', #4027, #3796, #3759 ) ;
#2005 = VERTEX_POINT ( 'NONE', #5721 ) ;
#2006 = MECHANICAL_DESIGN_GEOMETRIC_PRESENTATION_REPRESENTATION (  '', ( #956 ), #424 ) ;
#2007 = COLOUR_RGB ( '',1.000000000000000000, 1.000000000000000000, 1.000000000000000000 ) ;
#2008 = DIRECTION ( 'NONE',  ( 1.000000000000000000, 0.0000000000000000000, 0.0000000000000000000 ) ) ;
#2009 = FACE_OUTER_BOUND ( 'NONE', #5253, .T. ) ;
#2010 = SURFACE_STYLE_USAGE ( .BOTH. , #2185 ) ;
#2011 = ORIENTED_EDGE ( 'NONE', *, *, #6110, .T. ) ;
#2012 = FILL_AREA_STYLE ('',( #1341 ) ) ;
#2013 = VERTEX_POINT ( 'NONE', #1343 ) ;
#2014 =( NAMED_UNIT ( * ) PLANE_ANGLE_UNIT ( ) SI_UNIT ( $, .RADIAN. ) );
#2015 = DIRECTION ( 'NONE',  ( 1.000000000000000000, 0.0000000000000000000, 0.0000000000000000000 ) ) ;
#2016 = ADVANCED_FACE ( 'NONE', ( #5179 ), #6145, .F. ) ;
#2017 = CIRCLE ( 'NONE', #7018, 0.3000000000000485100 ) ;
#2018 = FACE_OUTER_BOUND ( 'NONE', #5799, .T. ) ;
#2019 = COLOUR_RGB ( '',0.2039215686274509800, 0.2039215686274509800, 0.2039215686274509800 ) ;
#2020 = DIRECTION ( 'NONE',  ( 0.0000000000000000000, 0.0000000000000000000, 1.000000000000000000 ) ) ;
#2021 = SURFACE_SIDE_STYLE ('',( #6160 ) ) ;
#2022 = DIRECTION ( 'NONE',  ( 0.0000000000000000000, 3.481247791926261400E-015, 1.000000000000000000 ) ) ;
#2023 = DIRECTION ( 'NONE',  ( -0.0000000000000000000, -0.0000000000000000000, -1.000000000000000000 ) ) ;
#2024 = DIRECTION ( 'NONE',  ( -1.000000000000000000, 0.0000000000000000000, 0.0000000000000000000 ) ) ;
#2025 = CARTESIAN_POINT ( 'NONE',  ( -3.350000000000014300, 0.9000001009055961200, 4.999999999999871200 ) ) ;
#2026 = DIRECTION ( 'NONE',  ( 0.0000000000000000000, 1.000000000000000000, -4.625929269271310200E-015 ) ) ;
#2027 = SURFACE_STYLE_FILL_AREA ( #2523 ) ;
#2028 = VECTOR ( 'NONE', #134, 1000.000000000000000 ) ;
#2029 = ADVANCED_FACE ( 'NONE', ( #3252 ), #7068, .T. ) ;
#2030 = DIRECTION ( 'NONE',  ( 0.0000000000000000000, 0.0000000000000000000, 1.000000000000000000 ) ) ;
#2031 = CARTESIAN_POINT ( 'NONE',  ( -0.6000049999999902400, 0.0000000000000000000, -4.649977999999984800 ) ) ;
#2032 = ORIENTED_EDGE ( 'NONE', *, *, #7761, .T. ) ;
#2033 = FILL_AREA_STYLE_COLOUR ( '', #205 ) ;
#2034 = CARTESIAN_POINT ( 'NONE',  ( 2.049906999999996600, 0.8199999999999999500, -0.5501640000000057600 ) ) ;
#2035 = STYLED_ITEM ( 'NONE', ( #312 ), #9038 ) ;
#2036 = EDGE_CURVE ( 'NONE', #8788, #7839, #7379, .T. ) ;
#2037 = CARTESIAN_POINT ( 'NONE',  ( 0.0000000000000000000, 0.0000000000000000000, 0.0000000000000000000 ) ) ;
#2038 = DIRECTION ( 'NONE',  ( 0.0000000000000000000, 0.0000000000000000000, -1.000000000000000000 ) ) ;
#2039 = LINE ( 'NONE', #7718, #101 ) ;
#2040 = PLANE ( 'NONE',  #256 ) ;
#2041 = CARTESIAN_POINT ( 'NONE',  ( -3.799967000000008100, 0.0000000000000000000, -0.2499360000000060400 ) ) ;
#2042 = VERTEX_POINT ( 'NONE', #2612 ) ;
#2043 = EDGE_CURVE ( 'NONE', #7195, #5321, #1679, .T. ) ;
#2044 = FILL_AREA_STYLE ('',( #2205 ) ) ;
#2045 = FACE_OUTER_BOUND ( 'NONE', #4502, .T. ) ;
#2046 = ORIENTED_EDGE ( 'NONE', *, *, #8965, .F. ) ;
#2047 = LINE ( 'NONE', #5411, #5643 ) ;
#2048 = EDGE_CURVE ( 'NONE', #5073, #7328, #3589, .T. ) ;
#2049 = ORIENTED_EDGE ( 'NONE', *, *, #6881, .F. ) ;
#2050 = VERTEX_POINT ( 'NONE', #4866 ) ;
#2051 = FILL_AREA_STYLE ('',( #9119 ) ) ;
#2052 = SURFACE_STYLE_USAGE ( .BOTH. , #2089 ) ;
#2053 = ORIENTED_EDGE ( 'NONE', *, *, #8549, .T. ) ;
#2054 = DIRECTION ( 'NONE',  ( 0.0000000000000000000, 1.000000000000000000, -0.0000000000000000000 ) ) ;
#2055 = EDGE_LOOP ( 'NONE', ( #111, #6054, #5966, #4266 ) ) ;
#2056 =( GEOMETRIC_REPRESENTATION_CONTEXT ( 3 ) GLOBAL_UNCERTAINTY_ASSIGNED_CONTEXT ( ( #7088 ) ) GLOBAL_UNIT_ASSIGNED_CONTEXT ( ( #5527, #9301, #8644 ) ) REPRESENTATION_CONTEXT ( 'NONE', 'WORKASPACE' ) );
#2057 = CARTESIAN_POINT ( 'NONE',  ( 2.049906999999996600, 0.8199999999999999500, -0.5501640000000057600 ) ) ;
#2058 = PRESENTATION_LAYER_ASSIGNMENT (  '', '', ( #1072 ) ) ;
#2059 = CARTESIAN_POINT ( 'NONE',  ( 0.0000000000000000000, 0.0000000000000000000, -5.550153999999987600 ) ) ;
#2060 = UNCERTAINTY_MEASURE_WITH_UNIT (LENGTH_MEASURE( 1.000000000000000100E-005 ), #7280, 'distance_accuracy_value', 'NONE');
#2061 = CARTESIAN_POINT ( 'NONE',  ( -11.25000000000000900, 0.5249999999998814500, 3.899999999999908900 ) ) ;
#2062 = EDGE_CURVE ( 'NONE', #2464, #5600, #5285, .T. ) ;
#2063 = DIRECTION ( 'NONE',  ( 0.0000000000000000000, 0.0000000000000000000, 1.000000000000000000 ) ) ;
#2064 = ORIENTED_EDGE ( 'NONE', *, *, #1454, .F. ) ;
#2065 = VERTEX_POINT ( 'NONE', #5082 ) ;
#2066 = EDGE_LOOP ( 'NONE', ( #2923, #4380, #8739, #8255 ) ) ;
#2067 = SURFACE_STYLE_USAGE ( .BOTH. , #2239 ) ;
#2068 = CARTESIAN_POINT ( 'NONE',  ( -4.600004999999991500, 0.0000000000000000000, -4.649977999999984800 ) ) ;
#2069 = CARTESIAN_POINT ( 'NONE',  ( 0.0000000000000000000, 0.0000000000000000000, 0.0000000000000000000 ) ) ;
#2070 = ADVANCED_FACE ( 'NONE', ( #1443 ), #5302, .F. ) ;
#2071 = ORIENTED_EDGE ( 'NONE', *, *, #4215, .T. ) ;
#2072 = ORIENTED_EDGE ( 'NONE', *, *, #4784, .T. ) ;
#2073 =( LENGTH_UNIT ( ) NAMED_UNIT ( * ) SI_UNIT ( .MILLI., .METRE. ) );
#2074 = DIRECTION ( 'NONE',  ( 1.000000000000000000, 0.0000000000000000000, 0.0000000000000000000 ) ) ;
#2075 = ORIENTED_EDGE ( 'NONE', *, *, #8646, .F. ) ;
#2076 = FILL_AREA_STYLE_COLOUR ( '', #317 ) ;
#2077 = MECHANICAL_DESIGN_GEOMETRIC_PRESENTATION_REPRESENTATION (  '', ( #1087 ), #2562 ) ;
#2078 = FACE_OUTER_BOUND ( 'NONE', #3782, .T. ) ;
#2079 = CARTESIAN_POINT ( 'NONE',  ( 1.149985000000013100, 0.7500000000000000000, 5.100066000000028400 ) ) ;
#2080 =( GEOMETRIC_REPRESENTATION_CONTEXT ( 3 ) GLOBAL_UNCERTAINTY_ASSIGNED_CONTEXT ( ( #6583 ) ) GLOBAL_UNIT_ASSIGNED_CONTEXT ( ( #808, #2754, #3966 ) ) REPRESENTATION_CONTEXT ( 'NONE', 'WORKASPACE' ) );
#2081 = FACE_BOUND ( 'NONE', #2321, .T. ) ;
#2082 = LINE ( 'NONE', #4636, #7542 ) ;
#2083 = DIRECTION ( 'NONE',  ( -1.000000000000000000, 3.587508369989295400E-014, 0.0000000000000000000 ) ) ;
#2084 = ADVANCED_FACE ( 'NONE', ( #744 ), #9244, .T. ) ;
#2085 =( LENGTH_UNIT ( ) NAMED_UNIT ( * ) SI_UNIT ( .MILLI., .METRE. ) );
#2086 = VERTEX_POINT ( 'NONE', #9147 ) ;
#2087 = CARTESIAN_POINT ( 'NONE',  ( 0.3999230000000034700, -5.000000000000000000, 3.549904000000020200 ) ) ;
#2088 = EDGE_CURVE ( 'NONE', #7934, #6890, #2001, .T. ) ;
#2089 = SURFACE_SIDE_STYLE ('',( #1216 ) ) ;
#2090 =( NAMED_UNIT ( * ) SI_UNIT ( $, .STERADIAN. ) SOLID_ANGLE_UNIT ( ) );
#2091 = COLOUR_RGB ( '',1.000000000000000000, 1.000000000000000000, 1.000000000000000000 ) ;
#2092 = DIRECTION ( 'NONE',  ( 1.000000000000000000, -0.0000000000000000000, -0.0000000000000000000 ) ) ;
#2093 = MECHANICAL_DESIGN_GEOMETRIC_PRESENTATION_REPRESENTATION (  '', ( #609 ), #2576 ) ;
#2094 = ORIENTED_EDGE ( 'NONE', *, *, #8330, .T. ) ;
#2095 = CARTESIAN_POINT ( 'NONE',  ( -10.69987699999999000, 0.0000000000000000000, -0.0000000000000000000 ) ) ;
#2096 = CARTESIAN_POINT ( 'NONE',  ( 0.0000000000000000000, 0.0000000000000000000, -0.5001260000000035100 ) ) ;
#2097 = VECTOR ( 'NONE', #9226, 1000.000000000000000 ) ;
#2098 = CARTESIAN_POINT ( 'NONE',  ( 0.1000000000000497000, 1.999999999999999100, 4.989999999999869700 ) ) ;
#2099 = CARTESIAN_POINT ( 'NONE',  ( 2.900123000000011300, 0.0000000000000000000, 0.0000000000000000000 ) ) ;
#2100 = ORIENTED_EDGE ( 'NONE', *, *, #273, .T. ) ;
#2101 = CARTESIAN_POINT ( 'NONE',  ( 0.0000000000000000000, 0.0000000000000000000, -4.649977999999984800 ) ) ;
#2102 = ORIENTED_EDGE ( 'NONE', *, *, #1097, .F. ) ;
#2103 = STYLED_ITEM ( 'NONE', ( #2656 ), #225 ) ;
#2104 = VERTEX_POINT ( 'NONE', #7935 ) ;
#2105 = CARTESIAN_POINT ( 'NONE',  ( 0.0000000000000000000, 0.0000000000000000000, 0.0000000000000000000 ) ) ;
#2106 = EDGE_LOOP ( 'NONE', ( #4807, #6228, #7353, #5162 ) ) ;
#2107 = COLOUR_RGB ( '',1.000000000000000000, 1.000000000000000000, 1.000000000000000000 ) ;
#2108 = VECTOR ( 'NONE', #180, 1000.000000000000000 ) ;
#2109 = UNCERTAINTY_MEASURE_WITH_UNIT (LENGTH_MEASURE( 1.000000000000000100E-005 ), #4065, 'distance_accuracy_value', 'NONE');
#2110 = CARTESIAN_POINT ( 'NONE',  ( 0.1000000000000497000, 1.399999999999954200, 5.199999999999871400 ) ) ;
#2111 = ORIENTED_EDGE ( 'NONE', *, *, #3617, .F. ) ;
#2112 = EDGE_CURVE ( 'NONE', #2195, #4720, #5820, .T. ) ;
#2113 = VERTEX_POINT ( 'NONE', #7901 ) ;
#2114 = CARTESIAN_POINT ( 'NONE',  ( -12.00010300000000500, 0.5200000000000000200, 5.750051999999991300 ) ) ;
#2115 = EDGE_LOOP ( 'NONE', ( #5139, #8713, #8457, #2763 ) ) ;
#2116 = VECTOR ( 'NONE', #2153, 1000.000000000000000 ) ;
#2117 = UNCERTAINTY_MEASURE_WITH_UNIT (LENGTH_MEASURE( 1.000000000000000100E-005 ), #3939, 'distance_accuracy_value', 'NONE');
#2118 = LINE ( 'NONE', #9298, #7575 ) ;
#2119 =( GEOMETRIC_REPRESENTATION_CONTEXT ( 3 ) GLOBAL_UNCERTAINTY_ASSIGNED_CONTEXT ( ( #4649 ) ) GLOBAL_UNIT_ASSIGNED_CONTEXT ( ( #7908, #7804, #8198 ) ) REPRESENTATION_CONTEXT ( 'NONE', 'WORKASPACE' ) );
#2120 = AXIS2_PLACEMENT_3D ( 'NONE', #429, #154, #307 ) ;
#2121 = ADVANCED_FACE ( 'NONE', ( #5602 ), #7138, .F. ) ;
#2122 = EDGE_CURVE ( 'NONE', #5654, #3419, #9200, .T. ) ;
#2123 = FILL_AREA_STYLE ('',( #2226 ) ) ;
#2124 = ORIENTED_EDGE ( 'NONE', *, *, #1058, .T. ) ;
#2125 = DIRECTION ( 'NONE',  ( 0.0000000000000000000, 0.0000000000000000000, 1.000000000000000000 ) ) ;
#2126 = DIRECTION ( 'NONE',  ( 1.000000000000000000, 0.0000000000000000000, 0.0000000000000000000 ) ) ;
#2127 = DIRECTION ( 'NONE',  ( 0.0000000000000000000, -0.0000000000000000000, -1.000000000000000000 ) ) ;
#2128 = ORIENTED_EDGE ( 'NONE', *, *, #2777, .F. ) ;
#2129 = VECTOR ( 'NONE', #1750, 1000.000000000000000 ) ;
#2130 = VECTOR ( 'NONE', #4554, 1000.000000000000000 ) ;
#2131 = VERTEX_POINT ( 'NONE', #6271 ) ;
#2132 =( NAMED_UNIT ( * ) PLANE_ANGLE_UNIT ( ) SI_UNIT ( $, .RADIAN. ) );
#2133 = ADVANCED_FACE ( 'NONE', ( #7267 ), #1559, .F. ) ;
#2134 = DIRECTION ( 'NONE',  ( 0.0000000000000000000, 0.0000000000000000000, 1.000000000000000000 ) ) ;
#2135 = EDGE_LOOP ( 'NONE', ( #5343, #2871, #7326, #6097 ) ) ;
#2136 = CARTESIAN_POINT ( 'NONE',  ( 8.772996778704309100, 0.5249999999998545800, -3.900000000000120300 ) ) ;
#2137 =( LENGTH_UNIT ( ) NAMED_UNIT ( * ) SI_UNIT ( .MILLI., .METRE. ) );
#2138 = DIRECTION ( 'NONE',  ( -5.019814838168426400E-015, 0.0000000000000000000, 1.000000000000000000 ) ) ;
#2139 = DIRECTION ( 'NONE',  ( 1.000000000000000000, -0.0000000000000000000, 0.0000000000000000000 ) ) ;
#2140 = DIRECTION ( 'NONE',  ( 0.0000000000000000000, 1.000000000000000000, -0.0000000000000000000 ) ) ;
#2141 = LINE ( 'NONE', #4924, #2372 ) ;
#2142 =( LENGTH_UNIT ( ) NAMED_UNIT ( * ) SI_UNIT ( .MILLI., .METRE. ) );
#2143 = VECTOR ( 'NONE', #7250, 1000.000000000000000 ) ;
#2144 =( GEOMETRIC_REPRESENTATION_CONTEXT ( 3 ) GLOBAL_UNCERTAINTY_ASSIGNED_CONTEXT ( ( #3331 ) ) GLOBAL_UNIT_ASSIGNED_CONTEXT ( ( #2142, #7125, #2870 ) ) REPRESENTATION_CONTEXT ( 'NONE', 'WORKASPACE' ) );
#2145 = SURFACE_SIDE_STYLE ('',( #646 ) ) ;
#2146 = DIRECTION ( 'NONE',  ( 1.000000000000000000, 0.0000000000000000000, 0.0000000000000000000 ) ) ;
#2147 = CARTESIAN_POINT ( 'NONE',  ( -7.850000000000074300, 0.6000000000000415000, -5.000000000000093300 ) ) ;
#2148 = CARTESIAN_POINT ( 'NONE',  ( -7.499876999999989900, 0.0000000000000000000, -4.649977999999984800 ) ) ;
#2149 = VECTOR ( 'NONE', #6075, 1000.000000000000000 ) ;
#2150 = EDGE_CURVE ( 'NONE', #613, #8935, #1786, .T. ) ;
#2151 = CARTESIAN_POINT ( 'NONE',  ( 0.2499999999998978600, 0.8999999999998956600, 4.124999999999937800 ) ) ;
#2152 = EDGE_LOOP ( 'NONE', ( #1829, #2512, #3648, #4076, #4772, #5547, #6629, #340, #3972, #2811, #3465, #858, #4947, #7366, #3579, #1118, #1814, #4678 ) ) ;
#2153 = DIRECTION ( 'NONE',  ( 0.0000000000000000000, -0.0000000000000000000, -1.000000000000000000 ) ) ;
#2154 = CARTESIAN_POINT ( 'NONE',  ( -11.10000000000004900, 1.799999999999999600, -5.200000000000092500 ) ) ;
#2155 = MECHANICAL_DESIGN_GEOMETRIC_PRESENTATION_REPRESENTATION (  '', ( #1153 ), #2620 ) ;
#2156 = EDGE_CURVE ( 'NONE', #3289, #1843, #3460, .T. ) ;
#2157 = AXIS2_PLACEMENT_3D ( 'NONE', #942, #5317, #972 ) ;
#2158 =( NAMED_UNIT ( * ) PLANE_ANGLE_UNIT ( ) SI_UNIT ( $, .RADIAN. ) );
#2159 = FILL_AREA_STYLE ('',( #5025 ) ) ;
#2160 = DIRECTION ( 'NONE',  ( 0.0000000000000000000, 0.0000000000000000000, 1.000000000000000000 ) ) ;
#2161 = SURFACE_STYLE_USAGE ( .BOTH. , #1082 ) ;
#2162 = LINE ( 'NONE', #2513, #7820 ) ;
#2163 = DIRECTION ( 'NONE',  ( 0.0000000000000000000, 0.0000000000000000000, 1.000000000000000000 ) ) ;
#2164 = CARTESIAN_POINT ( 'NONE',  ( -11.25000000000000900, 0.8999999999998956600, 4.124999999999937800 ) ) ;
#2165 = VECTOR ( 'NONE', #8944, 1000.000000000000000 ) ;
#2166 = DIRECTION ( 'NONE',  ( -1.000000000000000000, 0.0000000000000000000, 0.0000000000000000000 ) ) ;
#2167 = CARTESIAN_POINT ( 'NONE',  ( -19.77299677870442100, 0.5249999999998823400, 3.899999999999908900 ) ) ;
#2168 = SURFACE_STYLE_FILL_AREA ( #3329 ) ;
#2169 = ORIENTED_EDGE ( 'NONE', *, *, #6188, .F. ) ;
#2170 = CARTESIAN_POINT ( 'NONE',  ( -6.200004999999991100, 0.0000000000000000000, -5.550153999999987600 ) ) ;
#2171 = DIRECTION ( 'NONE',  ( 0.0000000000000000000, 0.0000000000000000000, 1.000000000000000000 ) ) ;
#2172 = ADVANCED_FACE ( 'NONE', ( #8969 ), #8743, .F. ) ;
#2173 = ORIENTED_EDGE ( 'NONE', *, *, #6296, .T. ) ;
#2174 = CARTESIAN_POINT ( 'NONE',  ( 12.00010300000000500, 0.5200000000000000200, 5.750051999999991300 ) ) ;
#2175 = ORIENTED_EDGE ( 'NONE', *, *, #7751, .T. ) ;
#2176 = FILL_AREA_STYLE ('',( #2701 ) ) ;
#2177 = EDGE_CURVE ( 'NONE', #8322, #458, #3243, .T. ) ;
#2178 = ORIENTED_EDGE ( 'NONE', *, *, #4989, .T. ) ;
#2179 = DIRECTION ( 'NONE',  ( 0.0000000000000000000, 0.0000000000000000000, 1.000000000000000000 ) ) ;
#2180 = UNCERTAINTY_MEASURE_WITH_UNIT (LENGTH_MEASURE( 1.000000000000000100E-005 ), #4524, 'distance_accuracy_value', 'NONE');
#2181 = VECTOR ( 'NONE', #8070, 1000.000000000000000 ) ;
#2182 = EDGE_CURVE ( 'NONE', #4207, #9260, #5173, .T. ) ;
#2183 = FILL_AREA_STYLE ('',( #692 ) ) ;
#2184 = STYLED_ITEM ( 'NONE', ( #4764 ), #1242 ) ;
#2185 = SURFACE_SIDE_STYLE ('',( #662 ) ) ;
#2186 = SURFACE_STYLE_FILL_AREA ( #5346 ) ;
#2187 = AXIS2_PLACEMENT_3D ( 'NONE', #4043, #3414, #3316 ) ;
#2188 = ORIENTED_EDGE ( 'NONE', *, *, #1117, .T. ) ;
#2189 = EDGE_CURVE ( 'NONE', #8131, #5921, #6792, .T. ) ;
#2190 = ORIENTED_EDGE ( 'NONE', *, *, #8305, .T. ) ;
#2191 = ORIENTED_EDGE ( 'NONE', *, *, #4564, .T. ) ;
#2192 = CARTESIAN_POINT ( 'NONE',  ( -29.93167432810837900, 1.790000000000000000, -4.990000000000092600 ) ) ;
#2193 = FACE_OUTER_BOUND ( 'NONE', #1252, .T. ) ;
#2194 =( LENGTH_UNIT ( ) NAMED_UNIT ( * ) SI_UNIT ( .MILLI., .METRE. ) );
#2195 = VERTEX_POINT ( 'NONE', #4418 ) ;
#2196 = LINE ( 'NONE', #2034, #6198 ) ;
#2197 =( NAMED_UNIT ( * ) SI_UNIT ( $, .STERADIAN. ) SOLID_ANGLE_UNIT ( ) );
#2198 = CARTESIAN_POINT ( 'NONE',  ( 0.0000000000000000000, 0.0000000000000000000, 0.0000000000000000000 ) ) ;
#2199 = ORIENTED_EDGE ( 'NONE', *, *, #6066, .T. ) ;
#2200 = FILL_AREA_STYLE ('',( #6463 ) ) ;
#2201 = VERTEX_POINT ( 'NONE', #4180 ) ;
#2202 = DIRECTION ( 'NONE',  ( 0.0000000000000000000, 0.0000000000000000000, -1.000000000000000000 ) ) ;
#2203 = VERTEX_POINT ( 'NONE', #4317 ) ;
#2204 = STYLED_ITEM ( 'NONE', ( #4598 ), #2084 ) ;
#2205 = FILL_AREA_STYLE_COLOUR ( '', #6007 ) ;
#2206 = EDGE_CURVE ( 'NONE', #3518, #5654, #6581, .T. ) ;
#2207 = DIRECTION ( 'NONE',  ( 0.0000000000000000000, 1.000000000000000000, -0.0000000000000000000 ) ) ;
#2208 = ORIENTED_EDGE ( 'NONE', *, *, #5762, .F. ) ;
#2209 = VECTOR ( 'NONE', #4889, 1000.000000000000000 ) ;
#2210 = AXIS2_PLACEMENT_3D ( 'NONE', #8014, #7831, #7179 ) ;
#2211 = DIRECTION ( 'NONE',  ( 0.0000000000000000000, 1.000000000000000000, 0.0000000000000000000 ) ) ;
#2212 = FILL_AREA_STYLE ('',( #6673 ) ) ;
#2213 = CARTESIAN_POINT ( 'NONE',  ( 3.700123000000011600, 0.0000000000000000000, 4.649977999999984800 ) ) ;
#2214 = DIRECTION ( 'NONE',  ( 1.000000000000000000, 0.0000000000000000000, 0.0000000000000000000 ) ) ;
#2215 = PLANE ( 'NONE',  #7401 ) ;
#2216 = VERTEX_POINT ( 'NONE', #4219 ) ;
#2217 = CARTESIAN_POINT ( 'NONE',  ( -19.77299677870442100, 0.5249999999998536900, -4.125000000000040000 ) ) ;
#2218 = FILL_AREA_STYLE_COLOUR ( '', #8196 ) ;
#2219 =( GEOMETRIC_REPRESENTATION_CONTEXT ( 3 ) GLOBAL_UNCERTAINTY_ASSIGNED_CONTEXT ( ( #6632 ) ) GLOBAL_UNIT_ASSIGNED_CONTEXT ( ( #7050, #7071, #7078 ) ) REPRESENTATION_CONTEXT ( 'NONE', 'WORKASPACE' ) );
#2220 = VECTOR ( 'NONE', #5120, 1000.000000000000000 ) ;
#2221 = CARTESIAN_POINT ( 'NONE',  ( -3.899999999999922600, 1.000000100498849500, -5.000000000000093300 ) ) ;
#2222 = ADVANCED_FACE ( 'NONE', ( #1309 ), #3395, .T. ) ;
#2223 = VERTEX_POINT ( 'NONE', #2710 ) ;
#2224 = VERTEX_POINT ( 'NONE', #2221 ) ;
#2225 = EDGE_CURVE ( 'NONE', #5465, #2223, #5923, .T. ) ;
#2226 = FILL_AREA_STYLE_COLOUR ( '', #8654 ) ;
#2227 = CARTESIAN_POINT ( 'NONE',  ( -11.24000000000000900, 1.999999999999999100, 4.849999999999909900 ) ) ;
#2228 = ORIENTED_EDGE ( 'NONE', *, *, #6574, .F. ) ;
#2229 = EDGE_LOOP ( 'NONE', ( #262, #1151, #7009, #7242 ) ) ;
#2230 = CARTESIAN_POINT ( 'NONE',  ( -4.600004999999991500, 0.0000000000000000000, 4.649977999999984800 ) ) ;
#2231 = COLOUR_RGB ( '',1.000000000000000000, 1.000000000000000000, 1.000000000000000000 ) ;
#2232 = VECTOR ( 'NONE', #2569, 1000.000000000000000 ) ;
#2233 = STYLED_ITEM ( 'NONE', ( #3499 ), #3905 ) ;
#2234 = DIRECTION ( 'NONE',  ( 1.000000000000000000, 0.0000000000000000000, 0.0000000000000000000 ) ) ;
#2235 = DIRECTION ( 'NONE',  ( -1.000000000000000000, 0.0000000000000000000, -0.0000000000000000000 ) ) ;
#2236 = ORIENTED_EDGE ( 'NONE', *, *, #324, .F. ) ;
#2237 = ORIENTED_EDGE ( 'NONE', *, *, #392, .F. ) ;
#2238 = EDGE_CURVE ( 'NONE', #7489, #2013, #8489, .T. ) ;
#2239 = SURFACE_SIDE_STYLE ('',( #876 ) ) ;
#2240 = VECTOR ( 'NONE', #8204, 1000.000000000000000 ) ;
#2241 = EDGE_CURVE ( 'NONE', #4693, #7886, #7574, .T. ) ;
#2242 = FILL_AREA_STYLE_COLOUR ( '', #7754 ) ;
#2243 = VECTOR ( 'NONE', #4407, 1000.000000000000000 ) ;
#2244 = CARTESIAN_POINT ( 'NONE',  ( -10.90002899999999800, 0.0000000000000000000, 0.6498399999999905400 ) ) ;
#2245 = CARTESIAN_POINT ( 'NONE',  ( 0.0000000000000000000, 0.0000000000000000000, -3.299967999999972700 ) ) ;
#2246 = DIRECTION ( 'NONE',  ( 1.000000000000000000, 0.0000000000000000000, -0.0000000000000000000 ) ) ;
#2247 = DIRECTION ( 'NONE',  ( -1.000000000000000000, 0.0000000000000000000, 0.0000000000000000000 ) ) ;
#2248 = VECTOR ( 'NONE', #6462, 1000.000000000000000 ) ;
#2249 = ORIENTED_EDGE ( 'NONE', *, *, #5413, .F. ) ;
#2250 = CARTESIAN_POINT ( 'NONE',  ( -19.77299677870442100, 1.399999999999810300, -4.850000000000019200 ) ) ;
#2251 = EDGE_LOOP ( 'NONE', ( #2723, #2399, #7338, #5720 ) ) ;
#2252 = PLANE ( 'NONE',  #2521 ) ;
#2253 = VECTOR ( 'NONE', #3492, 1000.000000000000000 ) ;
#2254 = DIRECTION ( 'NONE',  ( 0.0000000000000000000, -1.000000000000000000, 0.0000000000000000000 ) ) ;
#2255 = EDGE_CURVE ( 'NONE', #75, #3144, #4018, .T. ) ;
#2256 = EDGE_LOOP ( 'NONE', ( #9091, #2813, #5185, #80 ) ) ;
#2257 = CARTESIAN_POINT ( 'NONE',  ( -11.79995099999999700, 0.0000000000000000000, -0.0000000000000000000 ) ) ;
#2258 =( GEOMETRIC_REPRESENTATION_CONTEXT ( 3 ) GLOBAL_UNCERTAINTY_ASSIGNED_CONTEXT ( ( #4898 ) ) GLOBAL_UNIT_ASSIGNED_CONTEXT ( ( #1923, #896, #867 ) ) REPRESENTATION_CONTEXT ( 'NONE', 'WORKASPACE' ) );
#2259 = VECTOR ( 'NONE', #1167, 1000.000000000000000 ) ;
#2260 = FACE_OUTER_BOUND ( 'NONE', #2135, .T. ) ;
#2261 = LINE ( 'NONE', #3684, #293 ) ;
#2262 = PLANE ( 'NONE',  #5857 ) ;
#2263 = DIRECTION ( 'NONE',  ( 0.0000000000000000000, -1.000000000000000000, 0.0000000000000000000 ) ) ;
#2264 = COLOUR_RGB ( '',1.000000000000000000, 1.000000000000000000, 1.000000000000000000 ) ;
#2265 = CARTESIAN_POINT ( 'NONE',  ( 1.449958999999993800, 0.7500000000000000000, 4.599864000000006400 ) ) ;
#2266 = ORIENTED_EDGE ( 'NONE', *, *, #886, .F. ) ;
#2267 = DIRECTION ( 'NONE',  ( 0.0000000000000000000, 0.0000000000000000000, -1.000000000000000000 ) ) ;
#2268 = DIRECTION ( 'NONE',  ( 0.0000000000000000000, 1.000000000000000000, -0.0000000000000000000 ) ) ;
#2269 = FACE_OUTER_BOUND ( 'NONE', #3446, .T. ) ;
#2270 = PRESENTATION_STYLE_ASSIGNMENT (( #2901 ) ) ;
#2271 = SURFACE_STYLE_USAGE ( .BOTH. , #3884 ) ;
#2272 = ORIENTED_EDGE ( 'NONE', *, *, #8838, .F. ) ;
#2273 = CARTESIAN_POINT ( 'NONE',  ( -19.77299677870442100, 1.399999999999844900, 4.949999999999900700 ) ) ;
#2274 = CARTESIAN_POINT ( 'NONE',  ( -11.39990099999999600, 0.5200000000000004600, -3.900170000000022300 ) ) ;
#2275 = ADVANCED_FACE ( 'NONE', ( #7785 ), #537, .F. ) ;
#2276 = AXIS2_PLACEMENT_3D ( 'NONE', #2061, #7052, #2792 ) ;
#2277 = AXIS2_PLACEMENT_3D ( 'NONE', #4263, #4228, #4195 ) ;
#2278 = VECTOR ( 'NONE', #5305, 1000.000000000000000 ) ;
#2279 = VECTOR ( 'NONE', #1418, 1000.000000000000000 ) ;
#2280 = FACE_OUTER_BOUND ( 'NONE', #1567, .T. ) ;
#2281 = LINE ( 'NONE', #8766, #313 ) ;
#2282 = CARTESIAN_POINT ( 'NONE',  ( -11.45000000000000600, 0.5249999999998814500, 3.899999999999908900 ) ) ;
#2283 = EDGE_CURVE ( 'NONE', #8141, #2893, #9315, .T. ) ;
#2284 = VECTOR ( 'NONE', #6354, 1000.000000000000000 ) ;
#2285 = SURFACE_STYLE_USAGE ( .BOTH. , #3697 ) ;
#2286 =( GEOMETRIC_REPRESENTATION_CONTEXT ( 3 ) GLOBAL_UNCERTAINTY_ASSIGNED_CONTEXT ( ( #166 ) ) GLOBAL_UNIT_ASSIGNED_CONTEXT ( ( #5983, #6071, #6080 ) ) REPRESENTATION_CONTEXT ( 'NONE', 'WORKASPACE' ) );
#2287 = VECTOR ( 'NONE', #8977, 1000.000000000000000 ) ;
#2288 = MECHANICAL_DESIGN_GEOMETRIC_PRESENTATION_REPRESENTATION (  '', ( #1290 ), #2756 ) ;
#2289 = ORIENTED_EDGE ( 'NONE', *, *, #2462, .T. ) ;
#2290 = SURFACE_SIDE_STYLE ('',( #7646 ) ) ;
#2291 = ORIENTED_EDGE ( 'NONE', *, *, #3554, .F. ) ;
#2292 = SURFACE_STYLE_USAGE ( .BOTH. , #6556 ) ;
#2293 = DIRECTION ( 'NONE',  ( 1.000000000000000000, 0.0000000000000000000, 0.0000000000000000000 ) ) ;
#2294 = VECTOR ( 'NONE', #8170, 1000.000000000000000 ) ;
#2295 = CARTESIAN_POINT ( 'NONE',  ( 0.0000000000000000000, 0.0000000000000000000, 0.0000000000000000000 ) ) ;
#2296 = CARTESIAN_POINT ( 'NONE',  ( 7.000113000000009600, 1.520000000000000000, -4.999989999999995900 ) ) ;
#2297 = VERTEX_POINT ( 'NONE', #76 ) ;
#2298 = STYLED_ITEM ( 'NONE', ( #1966 ), #372 ) ;
#2299 = ORIENTED_EDGE ( 'NONE', *, *, #3254, .T. ) ;
#2300 = ORIENTED_EDGE ( 'NONE', *, *, #3666, .T. ) ;
#2301 = CARTESIAN_POINT ( 'NONE',  ( 4.499991000000001400, 0.0000000000000000000, 0.0000000000000000000 ) ) ;
#2302 = ORIENTED_EDGE ( 'NONE', *, *, #570, .F. ) ;
#2303 = FILL_AREA_STYLE ('',( #817 ) ) ;
#2304 = DIRECTION ( 'NONE',  ( 0.0000000000000000000, 0.0000000000000000000, 1.000000000000000000 ) ) ;
#2305 = CARTESIAN_POINT ( 'NONE',  ( -11.25000000000000900, 1.999999999999999100, 4.849999999999909900 ) ) ;
#2306 = DIRECTION ( 'NONE',  ( 0.0000000000000000000, 0.0000000000000000000, 1.000000000000000000 ) ) ;
#2307 = CARTESIAN_POINT ( 'NONE',  ( 7.000113000000009600, 1.520000000000000000, -4.999989999999995900 ) ) ;
#2308 = EDGE_CURVE ( 'NONE', #6551, #8420, #1882, .T. ) ;
#2309 = VERTEX_POINT ( 'NONE', #5539 ) ;
#2310 = EDGE_CURVE ( 'NONE', #7320, #6853, #1669, .T. ) ;
#2311 = ORIENTED_EDGE ( 'NONE', *, *, #7189, .F. ) ;
#2312 = EDGE_CURVE ( 'NONE', #1091, #7759, #3580, .T. ) ;
#2313 = DIRECTION ( 'NONE',  ( 0.0000000000000000000, 0.0000000000000000000, 1.000000000000000000 ) ) ;
#2314 = ORIENTED_EDGE ( 'NONE', *, *, #4031, .T. ) ;
#2315 = ORIENTED_EDGE ( 'NONE', *, *, #5294, .T. ) ;
#2316 = PRESENTATION_STYLE_ASSIGNMENT (( #9223 ) ) ;
#2317 = DIRECTION ( 'NONE',  ( 0.0000000000000000000, 0.0000000000000000000, -1.000000000000000000 ) ) ;
#2318 = PRESENTATION_LAYER_ASSIGNMENT (  '', '', ( #2782 ) ) ;
#2319 = ORIENTED_EDGE ( 'NONE', *, *, #1243, .T. ) ;
#2320 = VERTEX_POINT ( 'NONE', #4026 ) ;
#2321 = EDGE_LOOP ( 'NONE', ( #2804, #8041, #9322, #8860 ) ) ;
#2322 = ADVANCED_FACE ( 'NONE', ( #7367 ), #5049, .F. ) ;
#2323 = VECTOR ( 'NONE', #8154, 1000.000000000000000 ) ;
#2324 = CARTESIAN_POINT ( 'NONE',  ( -11.25000000000000900, 1.790000000000000000, -4.850000000000020100 ) ) ;
#2325 = CARTESIAN_POINT ( 'NONE',  ( 7.000113000000009600, 0.5200000000000000200, -4.999989999999995900 ) ) ;
#2326 = DIRECTION ( 'NONE',  ( 0.0000000000000000000, 0.0000000000000000000, 1.000000000000000000 ) ) ;
#2327 = FACE_BOUND ( 'NONE', #3195, .T. ) ;
#2328 = DIRECTION ( 'NONE',  ( 1.000000000000000000, 0.0000000000000000000, 0.0000000000000000000 ) ) ;
#2329 = AXIS2_PLACEMENT_3D ( 'NONE', #6295, #6268, #5655 ) ;
#2330 = FILL_AREA_STYLE_COLOUR ( '', #5062 ) ;
#2331 = ORIENTED_EDGE ( 'NONE', *, *, #7253, .F. ) ;
#2332 = VERTEX_POINT ( 'NONE', #3251 ) ;
#2333 =( GEOMETRIC_REPRESENTATION_CONTEXT ( 3 ) GLOBAL_UNCERTAINTY_ASSIGNED_CONTEXT ( ( #2950 ) ) GLOBAL_UNIT_ASSIGNED_CONTEXT ( ( #7883, #7846, #7461 ) ) REPRESENTATION_CONTEXT ( 'NONE', 'WORKASPACE' ) );
#2334 = CARTESIAN_POINT ( 'NONE',  ( -19.77299677870442100, 0.8999999999998965500, 4.124999999999937800 ) ) ;
#2335 = SURFACE_STYLE_USAGE ( .BOTH. , #2356 ) ;
#2336 = FACE_OUTER_BOUND ( 'NONE', #6244, .T. ) ;
#2337 = DIRECTION ( 'NONE',  ( 0.0000000000000000000, 1.000000000000000000, 0.0000000000000000000 ) ) ;
#2338 = ORIENTED_EDGE ( 'NONE', *, *, #7074, .T. ) ;
#2339 = CARTESIAN_POINT ( 'NONE',  ( -10.20000499999999200, 0.0000000000000000000, -5.550153999999987600 ) ) ;
#2340 = EDGE_CURVE ( 'NONE', #8380, #7467, #5276, .T. ) ;
#2341 = VECTOR ( 'NONE', #53, 1000.000000000000000 ) ;
#2342 = VECTOR ( 'NONE', #8427, 1000.000000000000000 ) ;
#2343 = DIRECTION ( 'NONE',  ( 0.0000000000000000000, 0.0000000000000000000, 1.000000000000000000 ) ) ;
#2344 = MECHANICAL_DESIGN_GEOMETRIC_PRESENTATION_REPRESENTATION (  '', ( #861 ), #2815 ) ;
#2345 = VERTEX_POINT ( 'NONE', #4178 ) ;
#2346 = VECTOR ( 'NONE', #5255, 1000.000000000000000 ) ;
#2347 = ORIENTED_EDGE ( 'NONE', *, *, #2747, .F. ) ;
#2348 = PLANE ( 'NONE',  #3700 ) ;
#2349 = ADVANCED_FACE ( 'NONE', ( #6898 ), #9213, .T. ) ;
#2350 = ORIENTED_EDGE ( 'NONE', *, *, #699, .T. ) ;
#2351 = CARTESIAN_POINT ( 'NONE',  ( 2.599995000000009600, 0.0000000000000000000, 5.550153999999987600 ) ) ;
#2352 = LINE ( 'NONE', #4934, #398 ) ;
#2353 = LINE ( 'NONE', #7777, #171 ) ;
#2354 = EDGE_CURVE ( 'NONE', #1385, #215, #8146, .T. ) ;
#2355 = ORIENTED_EDGE ( 'NONE', *, *, #3295, .T. ) ;
#2356 = SURFACE_SIDE_STYLE ('',( #2631 ) ) ;
#2357 = DIRECTION ( 'NONE',  ( 0.0000000000000000000, -1.000000000000000000, -1.434038073474106100E-013 ) ) ;
#2358 = CARTESIAN_POINT ( 'NONE',  ( 0.1000000000000497000, 1.399999999999953300, 17.92388274267651100 ) ) ;
#2359 = CARTESIAN_POINT ( 'NONE',  ( 0.4499999999998983700, 0.5249999999998805600, 3.674999999999878100 ) ) ;
#2360 = FILL_AREA_STYLE ('',( #880 ) ) ;
#2361 = UNCERTAINTY_MEASURE_WITH_UNIT (LENGTH_MEASURE( 1.000000000000000100E-005 ), #853, 'distance_accuracy_value', 'NONE');
#2362 = DIRECTION ( 'NONE',  ( -0.0000000000000000000, -1.000000000000000000, -0.0000000000000000000 ) ) ;
#2363 =( GEOMETRIC_REPRESENTATION_CONTEXT ( 3 ) GLOBAL_UNCERTAINTY_ASSIGNED_CONTEXT ( ( #7876 ) ) GLOBAL_UNIT_ASSIGNED_CONTEXT ( ( #89, #115, #223 ) ) REPRESENTATION_CONTEXT ( 'NONE', 'WORKASPACE' ) );
#2364 = LINE ( 'NONE', #3445, #6148 ) ;
#2365 =( GEOMETRIC_REPRESENTATION_CONTEXT ( 3 ) GLOBAL_UNCERTAINTY_ASSIGNED_CONTEXT ( ( #3962 ) ) GLOBAL_UNIT_ASSIGNED_CONTEXT ( ( #3121, #3150, #3175 ) ) REPRESENTATION_CONTEXT ( 'NONE', 'WORKASPACE' ) );
#2366 = PLANE ( 'NONE',  #8734 ) ;
#2367 = EDGE_CURVE ( 'NONE', #7420, #102, #735, .T. ) ;
#2368 = PRESENTATION_STYLE_ASSIGNMENT (( #2370 ) ) ;
#2369 = ORIENTED_EDGE ( 'NONE', *, *, #7384, .T. ) ;
#2370 = SURFACE_STYLE_USAGE ( .BOTH. , #4476 ) ;
#2371 = DIRECTION ( 'NONE',  ( -1.000000000000000000, 0.0000000000000000000, 0.0000000000000000000 ) ) ;
#2372 = VECTOR ( 'NONE', #4858, 1000.000000000000000 ) ;
#2373 = VECTOR ( 'NONE', #7715, 1000.000000000000000 ) ;
#2374 = LINE ( 'NONE', #5037, #9094 ) ;
#2375 =( LENGTH_UNIT ( ) NAMED_UNIT ( * ) SI_UNIT ( .MILLI., .METRE. ) );
#2376 = EDGE_CURVE ( 'NONE', #1020, #918, #2671, .T. ) ;
#2377 = FACE_OUTER_BOUND ( 'NONE', #4814, .T. ) ;
#2378 = DIRECTION ( 'NONE',  ( -1.000000000000000000, 0.0000000000000000000, -0.0000000000000000000 ) ) ;
#2379 = DIRECTION ( 'NONE',  ( 0.0000000000000000000, 0.0000000000000000000, -1.000000000000000000 ) ) ;
#2380 = PRESENTATION_LAYER_ASSIGNMENT (  '', '', ( #408 ) ) ;
#2381 = VERTEX_POINT ( 'NONE', #7040 ) ;
#2382 = DIRECTION ( 'NONE',  ( 2.253176494822122300E-031, -3.679716464193384600E-015, -1.000000000000000000 ) ) ;
#2383 =( NAMED_UNIT ( * ) PLANE_ANGLE_UNIT ( ) SI_UNIT ( $, .RADIAN. ) );
#2384 = VERTEX_POINT ( 'NONE', #6969 ) ;
#2385 = DIRECTION ( 'NONE',  ( 0.0000000000000000000, 0.0000000000000000000, 1.000000000000000000 ) ) ;
#2386 = CARTESIAN_POINT ( 'NONE',  ( -4.299876999999988800, 0.0000000000000000000, -4.649977999999984800 ) ) ;
#2387 = DIRECTION ( 'NONE',  ( 0.0000000000000000000, 1.000000000000000000, -2.891205793293926800E-015 ) ) ;
#2388 = CIRCLE ( 'NONE', #1696, 0.3500119999999967700 ) ;
#2389 = DIRECTION ( 'NONE',  ( 0.0000000000000000000, 1.000000000000000000, -0.0000000000000000000 ) ) ;
#2390 =( GEOMETRIC_REPRESENTATION_CONTEXT ( 3 ) GLOBAL_UNCERTAINTY_ASSIGNED_CONTEXT ( ( #7214 ) ) GLOBAL_UNIT_ASSIGNED_CONTEXT ( ( #4319, #4327, #4362 ) ) REPRESENTATION_CONTEXT ( 'NONE', 'WORKASPACE' ) );
#2391 = ADVANCED_FACE ( 'NONE', ( #2457 ), #7003, .F. ) ;
#2392 = LINE ( 'NONE', #9075, #4300 ) ;
#2393 = VERTEX_POINT ( 'NONE', #7505 ) ;
#2394 = PLANE ( 'NONE',  #1451 ) ;
#2395 = ORIENTED_EDGE ( 'NONE', *, *, #5015, .F. ) ;
#2396 = EDGE_CURVE ( 'NONE', #8915, #7524, #6025, .T. ) ;
#2397 = DIRECTION ( 'NONE',  ( 0.0000000000000000000, 1.000000000000000000, 0.0000000000000000000 ) ) ;
#2398 = ORIENTED_EDGE ( 'NONE', *, *, #3867, .F. ) ;
#2399 = ORIENTED_EDGE ( 'NONE', *, *, #2112, .T. ) ;
#2400 = LINE ( 'NONE', #4513, #3864 ) ;
#2401 = STYLED_ITEM ( 'NONE', ( #8303 ), #3815 ) ;
#2402 = ADVANCED_FACE ( 'NONE', ( #4121 ), #7016, .T. ) ;
#2403 = CARTESIAN_POINT ( 'NONE',  ( 4.600067000000006300, 0.5200000000000000200, 0.1498600000000155400 ) ) ;
#2404 = AXIS2_PLACEMENT_3D ( 'NONE', #1079, #1825, #6809 ) ;
#2405 = PLANE ( 'NONE',  #812 ) ;
#2406 = DIRECTION ( 'NONE',  ( 0.0000000000000000000, 0.0000000000000000000, -1.000000000000000000 ) ) ;
#2407 = ORIENTED_EDGE ( 'NONE', *, *, #6622, .T. ) ;
#2408 = SURFACE_SIDE_STYLE ('',( #5753 ) ) ;
#2409 = ORIENTED_EDGE ( 'NONE', *, *, #1564, .F. ) ;
#2410 = EDGE_CURVE ( 'NONE', #6317, #6579, #1547, .T. ) ;
#2411 = VERTEX_POINT ( 'NONE', #5443 ) ;
#2412 = ORIENTED_EDGE ( 'NONE', *, *, #5072, .T. ) ;
#2413 = PLANE ( 'NONE',  #6386 ) ;
#2414 = VECTOR ( 'NONE', #8527, 1000.000000000000000 ) ;
#2415 = VERTEX_POINT ( 'NONE', #5415 ) ;
#2416 = MECHANICAL_DESIGN_GEOMETRIC_PRESENTATION_REPRESENTATION (  '', ( #2837 ), #2363 ) ;
#2417 = CYLINDRICAL_SURFACE ( 'NONE', #387, 0.2250000000000307300 ) ;
#2418 = ORIENTED_EDGE ( 'NONE', *, *, #8857, .F. ) ;
#2419 =( LENGTH_UNIT ( ) NAMED_UNIT ( * ) SI_UNIT ( .MILLI., .METRE. ) );
#2420 = ORIENTED_EDGE ( 'NONE', *, *, #1478, .T. ) ;
#2421 = EDGE_LOOP ( 'NONE', ( #1196, #751, #4389, #7919 ) ) ;
#2422 = CARTESIAN_POINT ( 'NONE',  ( 8.772996778704309100, 0.8999999999998696800, -3.675000000000090900 ) ) ;
#2423 = CARTESIAN_POINT ( 'NONE',  ( -6.699876999999989200, 0.0000000000000000000, -0.0000000000000000000 ) ) ;
#2424 = CARTESIAN_POINT ( 'NONE',  ( -11.39990099999999600, -5.000000000000000000, -3.550158000000026300 ) ) ;
#2425 = LINE ( 'NONE', #7573, #7215 ) ;
#2426 = EDGE_CURVE ( 'NONE', #8909, #865, #8958, .T. ) ;
#2427 = ORIENTED_EDGE ( 'NONE', *, *, #7189, .T. ) ;
#2428 = VECTOR ( 'NONE', #1988, 1000.000000000000000 ) ;
#2429 = FACE_OUTER_BOUND ( 'NONE', #6128, .T. ) ;
#2430 = CARTESIAN_POINT ( 'NONE',  ( 2.600070999999988700, 0.5200000000000000200, 0.1498600000000155400 ) ) ;
#2431 = AXIS2_PLACEMENT_3D ( 'NONE', #1702, #4299, #2343 ) ;
#2432 = DIRECTION ( 'NONE',  ( -1.000000000000000000, -0.0000000000000000000, -0.0000000000000000000 ) ) ;
#2433 = EDGE_CURVE ( 'NONE', #8982, #3413, #5382, .T. ) ;
#2434 = VERTEX_POINT ( 'NONE', #5503 ) ;
#2435 = VERTEX_POINT ( 'NONE', #4984 ) ;
#2436 = DIRECTION ( 'NONE',  ( 0.0000000000000000000, -1.000000000000000000, 6.123233995736766000E-017 ) ) ;
#2437 = ADVANCED_FACE ( 'NONE', ( #6786 ), #4894, .T. ) ;
#2438 =( LENGTH_UNIT ( ) NAMED_UNIT ( * ) SI_UNIT ( .MILLI., .METRE. ) );
#2439 = VECTOR ( 'NONE', #2127, 1000.000000000000000 ) ;
#2440 = VECTOR ( 'NONE', #5788, 1000.000000000000000 ) ;
#2441 = SURFACE_SIDE_STYLE ('',( #6910 ) ) ;
#2442 = COLOUR_RGB ( '',0.2039215686274509800, 0.2039215686274509800, 0.2039215686274509800 ) ;
#2443 = PRESENTATION_LAYER_ASSIGNMENT (  '', '', ( #1470 ) ) ;
#2444 = STYLED_ITEM ( 'NONE', ( #1539 ), #2582 ) ;
#2445 = VECTOR ( 'NONE', #7081, 1000.000000000000000 ) ;
#2446 = LINE ( 'NONE', #5698, #7662 ) ;
#2447 = CARTESIAN_POINT ( 'NONE',  ( -12.00010300000000500, 0.5200000000000000200, 5.750051999999991300 ) ) ;
#2448 = VECTOR ( 'NONE', #3975, 1000.000000000000000 ) ;
#2449 = ADVANCED_FACE ( 'NONE', ( #8023 ), #3941, .F. ) ;
#2450 = PRESENTATION_STYLE_ASSIGNMENT (( #7436 ) ) ;
#2451 =( LENGTH_UNIT ( ) NAMED_UNIT ( * ) SI_UNIT ( .MILLI., .METRE. ) );
#2452 = CARTESIAN_POINT ( 'NONE',  ( 0.0000000000000000000, 0.0000000000000000000, -4.649977999999984800 ) ) ;
#2453 = ORIENTED_EDGE ( 'NONE', *, *, #2747, .T. ) ;
#2454 = VERTEX_POINT ( 'NONE', #3458 ) ;
#2455 = EDGE_CURVE ( 'NONE', #7086, #3682, #9308, .T. ) ;
#2456 = EDGE_LOOP ( 'NONE', ( #7767, #6346, #603, #5272 ) ) ;
#2457 = FACE_OUTER_BOUND ( 'NONE', #7456, .T. ) ;
#2458 = DIRECTION ( 'NONE',  ( 0.0000000000000000000, -1.000000000000000000, 3.679716464193384600E-015 ) ) ;
#2459 = VECTOR ( 'NONE', #6784, 1000.000000000000000 ) ;
#2460 = VECTOR ( 'NONE', #83, 1000.000000000000000 ) ;
#2461 =( GEOMETRIC_REPRESENTATION_CONTEXT ( 3 ) GLOBAL_UNCERTAINTY_ASSIGNED_CONTEXT ( ( #6389 ) ) GLOBAL_UNIT_ASSIGNED_CONTEXT ( ( #3364, #3390, #3424 ) ) REPRESENTATION_CONTEXT ( 'NONE', 'WORKASPACE' ) );
#2462 = EDGE_CURVE ( 'NONE', #8804, #8131, #5475, .T. ) ;
#2463 = VECTOR ( 'NONE', #7211, 1000.000000000000000 ) ;
#2464 = VERTEX_POINT ( 'NONE', #2530 ) ;
#2465 = FILL_AREA_STYLE_COLOUR ( '', #8285 ) ;
#2466 = FACE_OUTER_BOUND ( 'NONE', #3995, .T. ) ;
#2467 = SURFACE_STYLE_FILL_AREA ( #7603 ) ;
#2468 = CARTESIAN_POINT ( 'NONE',  ( 12.00010300000000500, 0.0000000000000000000, 5.750051999999991300 ) ) ;
#2469 = VECTOR ( 'NONE', #8129, 1000.000000000000000 ) ;
#2470 = EDGE_LOOP ( 'NONE', ( #4700, #969, #7373, #5713 ) ) ;
#2471 = SURFACE_STYLE_USAGE ( .BOTH. , #2441 ) ;
#2472 = VECTOR ( 'NONE', #2146, 1000.000000000000000 ) ;
#2473 = ORIENTED_EDGE ( 'NONE', *, *, #8305, .F. ) ;
#2474 = EDGE_CURVE ( 'NONE', #3289, #2985, #7356, .T. ) ;
#2475 = LINE ( 'NONE', #2661, #1324 ) ;
#2476 = ORIENTED_EDGE ( 'NONE', *, *, #6460, .F. ) ;
#2477 = DIRECTION ( 'NONE',  ( 0.0000000000000000000, 0.0000000000000000000, -1.000000000000000000 ) ) ;
#2478 = DIRECTION ( 'NONE',  ( 0.0000000000000000000, -0.0000000000000000000, -1.000000000000000000 ) ) ;
#2479 = CARTESIAN_POINT ( 'NONE',  ( 0.2499999999998978600, 1.399999999999809400, -4.950000000000119200 ) ) ;
#2480 = CARTESIAN_POINT ( 'NONE',  ( -8.299876999999989700, 0.0000000000000000000, -5.550153999999987600 ) ) ;
#2481 = PRESENTATION_LAYER_ASSIGNMENT (  '', '', ( #1511 ) ) ;
#2482 = STYLED_ITEM ( 'NONE', ( #8774 ), #4146 ) ;
#2483 = ADVANCED_FACE ( 'NONE', ( #1661 ), #1918, .F. ) ;
#2484 = ORIENTED_EDGE ( 'NONE', *, *, #8725, .F. ) ;
#2485 = CYLINDRICAL_SURFACE ( 'NONE', #3260, 0.3000000000000482300 ) ;
#2486 = SURFACE_STYLE_USAGE ( .BOTH. , #7497 ) ;
#2487 = CARTESIAN_POINT ( 'NONE',  ( -11.39990099999999600, 0.0000000000000000000, -4.250182000000018300 ) ) ;
#2488 = CARTESIAN_POINT ( 'NONE',  ( 1.149985000000013100, 0.7600000000000000100, 4.599864000000006400 ) ) ;
#2489 = LINE ( 'NONE', #1382, #2279 ) ;
#2490 = VECTOR ( 'NONE', #6603, 1000.000000000000000 ) ;
#2491 = AXIS2_PLACEMENT_3D ( 'NONE', #8324, #8294, #7730 ) ;
#2492 = ADVANCED_FACE ( 'NONE', ( #3334 ), #1203, .F. ) ;
#2493 = SURFACE_STYLE_FILL_AREA ( #6347 ) ;
#2494 = CARTESIAN_POINT ( 'NONE',  ( 1.149985000000013100, 0.7600000000000000100, 5.000066000000027900 ) ) ;
#2495 = CARTESIAN_POINT ( 'NONE',  ( 1.149985000000013100, 0.7500000000000000000, 5.100066000000028400 ) ) ;
#2496 =( NAMED_UNIT ( * ) SI_UNIT ( $, .STERADIAN. ) SOLID_ANGLE_UNIT ( ) );
#2497 = PRESENTATION_LAYER_ASSIGNMENT (  '', '', ( #2991 ) ) ;
#2498 = DIRECTION ( 'NONE',  ( 0.0000000000000000000, 0.0000000000000000000, 1.000000000000000000 ) ) ;
#2499 = LINE ( 'NONE', #346, #540 ) ;
#2500 = LINE ( 'NONE', #5651, #2284 ) ;
#2501 =( LENGTH_UNIT ( ) NAMED_UNIT ( * ) SI_UNIT ( .MILLI., .METRE. ) );
#2502 = VERTEX_POINT ( 'NONE', #1307 ) ;
#2503 = VERTEX_POINT ( 'NONE', #383 ) ;
#2504 =( NAMED_UNIT ( * ) SI_UNIT ( $, .STERADIAN. ) SOLID_ANGLE_UNIT ( ) );
#2505 = FILL_AREA_STYLE ('',( #4637 ) ) ;
#2506 =( NAMED_UNIT ( * ) SI_UNIT ( $, .STERADIAN. ) SOLID_ANGLE_UNIT ( ) );
#2507 = DIRECTION ( 'NONE',  ( 0.0000000000000000000, 0.0000000000000000000, 1.000000000000000000 ) ) ;
#2508 = FACE_OUTER_BOUND ( 'NONE', #8623, .T. ) ;
#2509 = STYLED_ITEM ( 'NONE', ( #5041 ), #3111 ) ;
#2510 = ORIENTED_EDGE ( 'NONE', *, *, #5373, .T. ) ;
#2511 = VERTEX_POINT ( 'NONE', #318 ) ;
#2512 = ORIENTED_EDGE ( 'NONE', *, *, #8997, .F. ) ;
#2513 = CARTESIAN_POINT ( 'NONE',  ( -3.150000000000034600, 0.6000001009056266100, 5.199999999999871400 ) ) ;
#2514 = VECTOR ( 'NONE', #1488, 1000.000000000000000 ) ;
#2515 = FILL_AREA_STYLE ('',( #2674 ) ) ;
#2516 = FACE_OUTER_BOUND ( 'NONE', #5451, .T. ) ;
#2517 = ORIENTED_EDGE ( 'NONE', *, *, #955, .F. ) ;
#2518 = ORIENTED_EDGE ( 'NONE', *, *, #753, .F. ) ;
#2519 = CARTESIAN_POINT ( 'NONE',  ( -3.800004999999990800, 0.0000000000000000000, 0.0000000000000000000 ) ) ;
#2520 = FACE_OUTER_BOUND ( 'NONE', #745, .T. ) ;
#2521 = AXIS2_PLACEMENT_3D ( 'NONE', #5140, #793, #5838 ) ;
#2522 = CARTESIAN_POINT ( 'NONE',  ( -10.64999999999998800, 0.9000000000000084600, 4.999999999999871200 ) ) ;
#2523 = FILL_AREA_STYLE ('',( #7210 ) ) ;
#2524 = CARTESIAN_POINT ( 'NONE',  ( 0.1000000000000497000, 1.999999999999999100, -5.000000000000092400 ) ) ;
#2525 = PRESENTATION_STYLE_ASSIGNMENT (( #357 ) ) ;
#2526 = EDGE_CURVE ( 'NONE', #2527, #5118, #6464, .T. ) ;
#2527 = VERTEX_POINT ( 'NONE', #1802 ) ;
#2528 = ORIENTED_EDGE ( 'NONE', *, *, #8955, .T. ) ;
#2530 = CARTESIAN_POINT ( 'NONE',  ( 0.1999950000000100800, 0.0000000000000000000, -5.550153999999987600 ) ) ;
#2529 =( NAMED_UNIT ( * ) PLANE_ANGLE_UNIT ( ) SI_UNIT ( $, .RADIAN. ) );
#2531 = ORIENTED_EDGE ( 'NONE', *, *, #2711, .F. ) ;
#2532 = EDGE_CURVE ( 'NONE', #8929, #3537, #4584, .T. ) ;
#2533 = VECTOR ( 'NONE', #8120, 1000.000000000000000 ) ;
#2534 = STYLED_ITEM ( 'NONE', ( #2525 ), #911 ) ;
#2535 = FACE_OUTER_BOUND ( 'NONE', #5012, .T. ) ;
#2536 = EDGE_CURVE ( 'NONE', #5872, #8221, #6233, .T. ) ;
#2537 = VECTOR ( 'NONE', #7692, 1000.000000000000000 ) ;
#2538 = CARTESIAN_POINT ( 'NONE',  ( -11.45000000000000600, 0.2999999999998784700, -3.900000000000120300 ) ) ;
#2539 =( NAMED_UNIT ( * ) PLANE_ANGLE_UNIT ( ) SI_UNIT ( $, .RADIAN. ) );
#2540 = ADVANCED_FACE ( 'NONE', ( #2660 ), #6921, .T. ) ;
#2541 = ORIENTED_EDGE ( 'NONE', *, *, #3022, .F. ) ;
#2542 = DIRECTION ( 'NONE',  ( -1.000000000000000000, 0.0000000000000000000, 0.0000000000000000000 ) ) ;
#2543 = EDGE_CURVE ( 'NONE', #7147, #7752, #9178, .T. ) ;
#2544 = VECTOR ( 'NONE', #556, 1000.000000000000000 ) ;
#2545 = SURFACE_STYLE_FILL_AREA ( #97 ) ;
#2546 = SURFACE_STYLE_FILL_AREA ( #7921 ) ;
#2547 = DIRECTION ( 'NONE',  ( 1.000000000000000000, 0.0000000000000000000, 0.0000000000000000000 ) ) ;
#2548 = MECHANICAL_DESIGN_GEOMETRIC_PRESENTATION_REPRESENTATION (  '', ( #1072 ), #3043 ) ;
#2549 = PLANE ( 'NONE',  #5754 ) ;
#2550 = EDGE_LOOP ( 'NONE', ( #4758, #6639, #8585, #3241 ) ) ;
#2551 = CARTESIAN_POINT ( 'NONE',  ( 3.399995000000009900, 0.0000000000000000000, -0.0000000000000000000 ) ) ;
#2552 = EDGE_CURVE ( 'NONE', #3740, #2568, #1766, .T. ) ;
#2553 = EDGE_LOOP ( 'NONE', ( #8226, #4791, #9027, #1733 ) ) ;
#2554 = CARTESIAN_POINT ( 'NONE',  ( -11.10000000000004900, -28.62307019352236600, 4.989999999999869700 ) ) ;
#2555 = VECTOR ( 'NONE', #1249, 1000.000000000000000 ) ;
#2556 = PRESENTATION_STYLE_ASSIGNMENT (( #8495 ) ) ;
#2557 =( NAMED_UNIT ( * ) SI_UNIT ( $, .STERADIAN. ) SOLID_ANGLE_UNIT ( ) );
#2558 = EDGE_LOOP ( 'NONE', ( #3509, #9083, #6771, #8099 ) ) ;
#2559 = CARTESIAN_POINT ( 'NONE',  ( -3.676393202613736500, 0.9000001009056074500, -5.200000000000093400 ) ) ;
#2560 = VECTOR ( 'NONE', #5919, 1000.000000000000000 ) ;
#2561 = CARTESIAN_POINT ( 'NONE',  ( -10.45000000000001000, 0.6000000000000423900, -5.200000000000093400 ) ) ;
#2562 =( GEOMETRIC_REPRESENTATION_CONTEXT ( 3 ) GLOBAL_UNCERTAINTY_ASSIGNED_CONTEXT ( ( #4727 ) ) GLOBAL_UNIT_ASSIGNED_CONTEXT ( ( #7991, #3744, #8751 ) ) REPRESENTATION_CONTEXT ( 'NONE', 'WORKASPACE' ) );
#2563 = ORIENTED_EDGE ( 'NONE', *, *, #2036, .T. ) ;
#2564 = ORIENTED_EDGE ( 'NONE', *, *, #6372, .T. ) ;
#2565 = PLANE ( 'NONE',  #8962 ) ;
#2566 = DIRECTION ( 'NONE',  ( 0.0000000000000000000, 0.0000000000000000000, 1.000000000000000000 ) ) ;
#2567 = VERTEX_POINT ( 'NONE', #1214 ) ;
#2568 = VERTEX_POINT ( 'NONE', #1323 ) ;
#2569 = DIRECTION ( 'NONE',  ( 0.0000000000000000000, -1.000000000000000000, 4.625929269271310200E-015 ) ) ;
#2570 = COLOUR_RGB ( '',1.000000000000000000, 1.000000000000000000, 1.000000000000000000 ) ;
#2571 = VECTOR ( 'NONE', #9227, 1000.000000000000000 ) ;
#2572 = EDGE_CURVE ( 'NONE', #6529, #2393, #7004, .T. ) ;
#2573 = ORIENTED_EDGE ( 'NONE', *, *, #3555, .F. ) ;
#2574 = CARTESIAN_POINT ( 'NONE',  ( -3.899999999999922600, 0.7000001004988003500, -17.92388274267673500 ) ) ;
#2575 =( NAMED_UNIT ( * ) SI_UNIT ( $, .STERADIAN. ) SOLID_ANGLE_UNIT ( ) );
#2576 =( GEOMETRIC_REPRESENTATION_CONTEXT ( 3 ) GLOBAL_UNCERTAINTY_ASSIGNED_CONTEXT ( ( #2627 ) ) GLOBAL_UNIT_ASSIGNED_CONTEXT ( ( #3009, #1476, #729 ) ) REPRESENTATION_CONTEXT ( 'NONE', 'WORKASPACE' ) );
#2577 = COLOUR_RGB ( '',1.000000000000000000, 1.000000000000000000, 1.000000000000000000 ) ;
#2578 = DIRECTION ( 'NONE',  ( -1.000000000000000000, 0.0000000000000000000, 0.0000000000000000000 ) ) ;
#2579 = AXIS2_PLACEMENT_3D ( 'NONE', #4454, #106, #5183 ) ;
#2580 = VECTOR ( 'NONE', #3285, 1000.000000000000000 ) ;
#2581 = ORIENTED_EDGE ( 'NONE', *, *, #6273, .F. ) ;
#2582 = ADVANCED_FACE ( 'NONE', ( #3228 ), #9195, .T. ) ;
#2583 = SURFACE_STYLE_USAGE ( .BOTH. , #6836 ) ;
#2584 = CARTESIAN_POINT ( 'NONE',  ( -9.899876999999989400, 0.0000000000000000000, 4.649977999999984800 ) ) ;
#2585 = MECHANICAL_DESIGN_GEOMETRIC_PRESENTATION_REPRESENTATION (  '', ( #4343 ), #1111 ) ;
#2586 = CARTESIAN_POINT ( 'NONE',  ( -11.39990099999999600, 0.0000000000000000000, 3.899916000000017000 ) ) ;
#2587 = VECTOR ( 'NONE', #4236, 1000.000000000000000 ) ;
#2589 = DIRECTION ( 'NONE',  ( 0.0000000000000000000, 1.000000000000000000, -0.0000000000000000000 ) ) ;
#2588 =( NAMED_UNIT ( * ) SI_UNIT ( $, .STERADIAN. ) SOLID_ANGLE_UNIT ( ) );
#2590 = CARTESIAN_POINT ( 'NONE',  ( -1.399921000000019300, 0.0000000000000000000, 0.0000000000000000000 ) ) ;
#2591 = EDGE_CURVE ( 'NONE', #7285, #1871, #7801, .T. ) ;
#2592 = EDGE_CURVE ( 'NONE', #6240, #5381, #415, .T. ) ;
#2593 = VECTOR ( 'NONE', #5360, 1000.000000000000000 ) ;
#2594 = CARTESIAN_POINT ( 'NONE',  ( -11.79995099999999700, 0.0000000000000000000, -2.550160000000009800 ) ) ;
#2595 = STYLED_ITEM ( 'NONE', ( #2597 ), #1584 ) ;
#2596 = PRESENTATION_LAYER_ASSIGNMENT (  '', '', ( #3090 ) ) ;
#2597 = PRESENTATION_STYLE_ASSIGNMENT (( #7939 ) ) ;
#2598 = ORIENTED_EDGE ( 'NONE', *, *, #3185, .F. ) ;
#2599 = DIRECTION ( 'NONE',  ( -0.0000000000000000000, -0.0000000000000000000, -1.000000000000000000 ) ) ;
#2600 = CIRCLE ( 'NONE', #209, 0.3000000753742137500 ) ;
#2601 = LINE ( 'NONE', #1854, #8071 ) ;
#2602 = ORIENTED_EDGE ( 'NONE', *, *, #7594, .F. ) ;
#2603 = VECTOR ( 'NONE', #4176, 1000.000000000000000 ) ;
#2604 = ORIENTED_EDGE ( 'NONE', *, *, #273, .F. ) ;
#2605 = CARTESIAN_POINT ( 'NONE',  ( -11.39990099999999600, 0.5200000000000004600, 3.549904000000021000 ) ) ;
#2606 = FILL_AREA_STYLE_COLOUR ( '', #8331 ) ;
#2607 = AXIS2_PLACEMENT_3D ( 'NONE', #3594, #3519, #3488 ) ;
#2608 = ORIENTED_EDGE ( 'NONE', *, *, #6227, .T. ) ;
#2609 = EDGE_LOOP ( 'NONE', ( #410, #4032, #3827, #5499 ) ) ;
#2610 = CARTESIAN_POINT ( 'NONE',  ( -11.79995099999999700, 0.0000000000000000000, -0.0000000000000000000 ) ) ;
#2611 = LINE ( 'NONE', #168, #4538 ) ;
#2612 = CARTESIAN_POINT ( 'NONE',  ( 0.2499999999998978600, 0.5249999999998814500, 3.674999999999878100 ) ) ;
#2613 = FACE_OUTER_BOUND ( 'NONE', #6764, .T. ) ;
#2614 = VERTEX_POINT ( 'NONE', #7878 ) ;
#2615 = DIRECTION ( 'NONE',  ( 0.0000000000000000000, -1.000000000000000000, 0.0000000000000000000 ) ) ;
#2616 = EDGE_CURVE ( 'NONE', #2973, #7784, #191, .T. ) ;
#2617 = ORIENTED_EDGE ( 'NONE', *, *, #4895, .F. ) ;
#2618 = ORIENTED_EDGE ( 'NONE', *, *, #6454, .T. ) ;
#2619 = LINE ( 'NONE', #7113, #2414 ) ;
#2620 =( GEOMETRIC_REPRESENTATION_CONTEXT ( 3 ) GLOBAL_UNCERTAINTY_ASSIGNED_CONTEXT ( ( #1355 ) ) GLOBAL_UNIT_ASSIGNED_CONTEXT ( ( #6829, #4743, #2575 ) ) REPRESENTATION_CONTEXT ( 'NONE', 'WORKASPACE' ) );
#2621 = EDGE_CURVE ( 'NONE', #4073, #6979, #5939, .T. ) ;
#2622 = STYLED_ITEM ( 'NONE', ( #3533 ), #8116 ) ;
#2623 = CARTESIAN_POINT ( 'NONE',  ( 0.4499999999998983700, 1.790000000000000000, 4.849999999999909900 ) ) ;
#2624 = ORIENTED_EDGE ( 'NONE', *, *, #2702, .F. ) ;
#2625 = ORIENTED_EDGE ( 'NONE', *, *, #604, .T. ) ;
#2626 = ORIENTED_EDGE ( 'NONE', *, *, #2225, .F. ) ;
#2627 = UNCERTAINTY_MEASURE_WITH_UNIT (LENGTH_MEASURE( 1.000000000000000100E-005 ), #3009, 'distance_accuracy_value', 'NONE');
#2628 = CIRCLE ( 'NONE', #6920, 0.3500119999999967700 ) ;
#2629 = FILL_AREA_STYLE_COLOUR ( '', #233 ) ;
#2630 = EDGE_LOOP ( 'NONE', ( #4926, #8325 ) ) ;
#2631 = SURFACE_STYLE_FILL_AREA ( #2212 ) ;
#2632 = LINE ( 'NONE', #7118, #4560 ) ;
#2633 = ORIENTED_EDGE ( 'NONE', *, *, #9214, .F. ) ;
#2634 = CARTESIAN_POINT ( 'NONE',  ( -0.5500000000001007400, 0.6000001009056266100, -5.000000000000093300 ) ) ;
#2635 = CARTESIAN_POINT ( 'NONE',  ( 0.0000000000000000000, 0.0000000000000000000, -5.550153999999987600 ) ) ;
#2636 = VERTEX_POINT ( 'NONE', #7157 ) ;
#2637 =( GEOMETRIC_REPRESENTATION_CONTEXT ( 3 ) GLOBAL_UNCERTAINTY_ASSIGNED_CONTEXT ( ( #6353 ) ) GLOBAL_UNIT_ASSIGNED_CONTEXT ( ( #7033, #3481, #8481 ) ) REPRESENTATION_CONTEXT ( 'NONE', 'WORKASPACE' ) );
#2638 = SURFACE_STYLE_USAGE ( .BOTH. , #6902 ) ;
#2639 = COLOUR_RGB ( '',1.000000000000000000, 1.000000000000000000, 1.000000000000000000 ) ;
#2640 = CARTESIAN_POINT ( 'NONE',  ( -0.6000049999999902400, 0.0000000000000000000, 5.550153999999987600 ) ) ;
#2641 = EDGE_CURVE ( 'NONE', #7959, #6551, #1899, .T. ) ;
#2642 = ORIENTED_EDGE ( 'NONE', *, *, #1432, .T. ) ;
#2643 = CYLINDRICAL_SURFACE ( 'NONE', #3899, 0.2249999999999752200 ) ;
#2644 = UNCERTAINTY_MEASURE_WITH_UNIT (LENGTH_MEASURE( 1.000000000000000100E-005 ), #6683, 'distance_accuracy_value', 'NONE');
#2645 = DIRECTION ( 'NONE',  ( -1.000000000000000000, 0.0000000000000000000, -0.0000000000000000000 ) ) ;
#2646 = ADVANCED_FACE ( 'NONE', ( #5723 ), #7021, .F. ) ;
#2647 = DIRECTION ( 'NONE',  ( 1.000000000000000000, 0.0000000000000000000, 0.0000000000000000000 ) ) ;
#2648 = VERTEX_POINT ( 'NONE', #7917 ) ;
#2649 = PRESENTATION_LAYER_ASSIGNMENT (  '', '', ( #2837 ) ) ;
#2650 = AXIS2_PLACEMENT_3D ( 'NONE', #3835, #4103, #4132 ) ;
#2651 = STYLED_ITEM ( 'NONE', ( #7605 ), #4034 ) ;
#2652 = CARTESIAN_POINT ( 'NONE',  ( 0.0000000000000000000, 0.0000000000000000000, -5.550153999999987600 ) ) ;
#2653 = EDGE_CURVE ( 'NONE', #6988, #2384, #8626, .T. ) ;
#2654 =( LENGTH_UNIT ( ) NAMED_UNIT ( * ) SI_UNIT ( .MILLI., .METRE. ) );
#2655 = LINE ( 'NONE', #6495, #2440 ) ;
#2656 = PRESENTATION_STYLE_ASSIGNMENT (( #5944 ) ) ;
#2657 = DIRECTION ( 'NONE',  ( 0.0000000000000000000, 0.0000000000000000000, 1.000000000000000000 ) ) ;
#2658 = ORIENTED_EDGE ( 'NONE', *, *, #4989, .F. ) ;
#2659 = ORIENTED_EDGE ( 'NONE', *, *, #2150, .T. ) ;
#2660 = FACE_OUTER_BOUND ( 'NONE', #363, .T. ) ;
#2661 = CARTESIAN_POINT ( 'NONE',  ( -0.2998769999999883500, 0.0000000000000000000, -0.0000000000000000000 ) ) ;
#2662 = CARTESIAN_POINT ( 'NONE',  ( 1.799995000000009100, 0.0000000000000000000, -5.550153999999987600 ) ) ;
#2663 = VECTOR ( 'NONE', #2542, 1000.000000000000000 ) ;
#2664 = AXIS2_PLACEMENT_3D ( 'NONE', #5623, #9314, #9284 ) ;
#2665 = SURFACE_STYLE_FILL_AREA ( #7145 ) ;
#2666 = EDGE_CURVE ( 'NONE', #3015, #3900, #1200, .T. ) ;
#2667 = ORIENTED_EDGE ( 'NONE', *, *, #3804, .T. ) ;
#2668 = ORIENTED_EDGE ( 'NONE', *, *, #5782, .F. ) ;
#2669 = CARTESIAN_POINT ( 'NONE',  ( 0.1999999999999276800, 1.399999999999954200, 5.199999999999871400 ) ) ;
#2670 = VERTEX_POINT ( 'NONE', #5552 ) ;
#2671 = LINE ( 'NONE', #1239, #497 ) ;
#2672 = DIRECTION ( 'NONE',  ( 0.0000000000000000000, 1.000000000000000000, 0.0000000000000000000 ) ) ;
#2673 = VECTOR ( 'NONE', #5123, 1000.000000000000000 ) ;
#2674 = FILL_AREA_STYLE_COLOUR ( '', #6178 ) ;
#2675 = VECTOR ( 'NONE', #6815, 1000.000000000000000 ) ;
#2676 = ORIENTED_EDGE ( 'NONE', *, *, #5466, .T. ) ;
#2677 = DIRECTION ( 'NONE',  ( 0.0000000000000000000, 0.0000000000000000000, -1.000000000000000000 ) ) ;
#2678 = CARTESIAN_POINT ( 'NONE',  ( -11.10000000000004900, 1.999999999999999100, -17.92388274267673500 ) ) ;
#2679 = COLOUR_RGB ( '',0.2039215686274509800, 0.2039215686274509800, 0.2039215686274509800 ) ;
#2680 = EDGE_LOOP ( 'NONE', ( #1317, #513, #6259, #2685 ) ) ;
#2681 = COLOUR_RGB ( '',1.000000000000000000, 1.000000000000000000, 1.000000000000000000 ) ;
#2682 = ADVANCED_FACE ( 'NONE', ( #6698 ), #5668, .T. ) ;
#2683 = DIRECTION ( 'NONE',  ( 0.0000000000000000000, 0.0000000000000000000, 1.000000000000000000 ) ) ;
#2684 = FACE_OUTER_BOUND ( 'NONE', #8478, .T. ) ;
#2685 = ORIENTED_EDGE ( 'NONE', *, *, #4410, .F. ) ;
#2686 = PLANE ( 'NONE',  #4394 ) ;
#2687 = CARTESIAN_POINT ( 'NONE',  ( 0.4499999999998966500, 1.790000000000000700, -4.850000000000019200 ) ) ;
#2688 = LINE ( 'NONE', #2250, #2472 ) ;
#2689 = EDGE_CURVE ( 'NONE', #7898, #588, #292, .T. ) ;
#2690 = CARTESIAN_POINT ( 'NONE',  ( 0.0000000000000000000, 0.0000000000000000000, 0.0000000000000000000 ) ) ;
#2691 = ADVANCED_FACE ( 'NONE', ( #2260 ), #3607, .T. ) ;
#2692 = VECTOR ( 'NONE', #5128, 1000.000000000000000 ) ;
#2693 = VERTEX_POINT ( 'NONE', #5124 ) ;
#2694 = DIRECTION ( 'NONE',  ( 1.000000000000000000, 0.0000000000000000000, 0.0000000000000000000 ) ) ;
#2695 = CARTESIAN_POINT ( 'NONE',  ( 5.300091000000000100, 0.0000000000000000000, -5.550153999999987600 ) ) ;
#2696 = AXIS2_PLACEMENT_3D ( 'NONE', #9303, #9263, #9198 ) ;
#2697 = FILL_AREA_STYLE_COLOUR ( '', #7972 ) ;
#2698 = STYLED_ITEM ( 'NONE', ( #1591 ), #8895 ) ;
#2699 = UNCERTAINTY_MEASURE_WITH_UNIT (LENGTH_MEASURE( 1.000000000000000100E-005 ), #8058, 'distance_accuracy_value', 'NONE');
#2700 = PRESENTATION_STYLE_ASSIGNMENT (( #2583 ) ) ;
#2701 = FILL_AREA_STYLE_COLOUR ( '', #6162 ) ;
#2702 = EDGE_CURVE ( 'NONE', #6597, #2065, #5180, .T. ) ;
#2703 = EDGE_LOOP ( 'NONE', ( #5673, #1399, #2908, #5388 ) ) ;
#2704 = DIRECTION ( 'NONE',  ( 0.0000000000000000000, 1.000000000000000000, 0.0000000000000000000 ) ) ;
#2705 = FILL_AREA_STYLE ('',( #3620 ) ) ;
#2706 = AXIS2_PLACEMENT_3D ( 'NONE', #9289, #8558, #8576 ) ;
#2707 = CARTESIAN_POINT ( 'NONE',  ( -0.5500000000001007400, 0.6000001009056266100, 5.199999999999871400 ) ) ;
#2708 = DIRECTION ( 'NONE',  ( 0.0000000000000000000, 0.0000000000000000000, 1.000000000000000000 ) ) ;
#2709 = VECTOR ( 'NONE', #3008, 1000.000000000000000 ) ;
#2710 = CARTESIAN_POINT ( 'NONE',  ( -11.79995099999999700, 0.0000000000000000000, 1.749968000000006200 ) ) ;
#2711 = EDGE_CURVE ( 'NONE', #865, #5046, #7036, .T. ) ;
#2712 = DIRECTION ( 'NONE',  ( 0.0000000000000000000, 0.0000000000000000000, 1.000000000000000000 ) ) ;
#2713 = DIRECTION ( 'NONE',  ( 0.0000000000000000000, 0.0000000000000000000, -1.000000000000000000 ) ) ;
#2714 = VECTOR ( 'NONE', #6322, 1000.000000000000000 ) ;
#2715 = MECHANICAL_DESIGN_GEOMETRIC_PRESENTATION_REPRESENTATION (  '', ( #4648 ), #2056 ) ;
#2716 = CARTESIAN_POINT ( 'NONE',  ( 4.000118999999989100, 0.5200000000000000200, 0.1498600000000155400 ) ) ;
#2717 = CARTESIAN_POINT ( 'NONE',  ( -11.79995099999999700, 0.0000000000000000000, -0.0000000000000000000 ) ) ;
#2718 = ORIENTED_EDGE ( 'NONE', *, *, #1564, .T. ) ;
#2719 = EDGE_CURVE ( 'NONE', #3792, #7554, #3253, .T. ) ;
#2720 = VERTEX_POINT ( 'NONE', #1563 ) ;
#2721 = DIRECTION ( 'NONE',  ( 0.0000000000000000000, 0.0000000000000000000, 1.000000000000000000 ) ) ;
#2722 = FILL_AREA_STYLE ('',( #776 ) ) ;
#2723 = ORIENTED_EDGE ( 'NONE', *, *, #8328, .T. ) ;
#2724 = DIRECTION ( 'NONE',  ( 0.0000000000000000000, 0.0000000000000000000, 1.000000000000000000 ) ) ;
#2725 = FILL_AREA_STYLE_COLOUR ( '', #8000 ) ;
#2726 = DIRECTION ( 'NONE',  ( 0.0000000000000000000, 0.0000000000000000000, 1.000000000000000000 ) ) ;
#2727 = ADVANCED_FACE ( 'NONE', ( #4956 ), #1528, .F. ) ;
#2728 = LINE ( 'NONE', #7964, #795 ) ;
#2729 = ORIENTED_EDGE ( 'NONE', *, *, #1576, .F. ) ;
#2730 = EDGE_LOOP ( 'NONE', ( #5400, #8760, #6375, #6152 ) ) ;
#2731 = ORIENTED_EDGE ( 'NONE', *, *, #7966, .F. ) ;
#2732 = DIRECTION ( 'NONE',  ( 0.0000000000000000000, 0.0000000000000000000, -1.000000000000000000 ) ) ;
#2733 = ORIENTED_EDGE ( 'NONE', *, *, #4463, .F. ) ;
#2734 = PLANE ( 'NONE',  #8637 ) ;
#2735 = AXIS2_PLACEMENT_3D ( 'NONE', #1188, #6214, #1930 ) ;
#2736 = DIRECTION ( 'NONE',  ( 1.000000000000000000, 0.0000000000000000000, 0.0000000000000000000 ) ) ;
#2737 = VECTOR ( 'NONE', #2214, 1000.000000000000000 ) ;
#2738 = PRESENTATION_LAYER_ASSIGNMENT (  '', '', ( #1778 ) ) ;
#2739 = ORIENTED_EDGE ( 'NONE', *, *, #7697, .T. ) ;
#2740 = ORIENTED_EDGE ( 'NONE', *, *, #6393, .T. ) ;
#2741 = CARTESIAN_POINT ( 'NONE',  ( 0.0000000000000000000, 0.0000000000000000000, 0.0000000000000000000 ) ) ;
#2742 = ADVANCED_FACE ( 'NONE', ( #1085 ), #1492, .T. ) ;
#2743 = ORIENTED_EDGE ( 'NONE', *, *, #9010, .F. ) ;
#2744 =( LENGTH_UNIT ( ) NAMED_UNIT ( * ) SI_UNIT ( .MILLI., .METRE. ) );
#2745 = VECTOR ( 'NONE', #1957, 1000.000000000000000 ) ;
#2746 = CARTESIAN_POINT ( 'NONE',  ( -11.19999999999992600, 1.399999999999953300, -17.92388274267673500 ) ) ;
#2747 = EDGE_CURVE ( 'NONE', #4440, #5423, #2364, .T. ) ;
#2748 = DIRECTION ( 'NONE',  ( 1.000000000000000000, 0.0000000000000000000, 0.0000000000000000000 ) ) ;
#2749 = VERTEX_POINT ( 'NONE', #4930 ) ;
#2750 = CARTESIAN_POINT ( 'NONE',  ( 0.0000000000000000000, 0.0000000000000000000, 0.0000000000000000000 ) ) ;
#2751 = VERTEX_POINT ( 'NONE', #599 ) ;
#2752 = CARTESIAN_POINT ( 'NONE',  ( 0.0000000000000000000, 0.0000000000000000000, 0.5001260000000035100 ) ) ;
#2753 = EDGE_LOOP ( 'NONE', ( #69, #8634, #6270, #7691 ) ) ;
#2754 =( NAMED_UNIT ( * ) PLANE_ANGLE_UNIT ( ) SI_UNIT ( $, .RADIAN. ) );
#2755 = LINE ( 'NONE', #2422, #6323 ) ;
#2756 =( GEOMETRIC_REPRESENTATION_CONTEXT ( 3 ) GLOBAL_UNCERTAINTY_ASSIGNED_CONTEXT ( ( #1474 ) ) GLOBAL_UNIT_ASSIGNED_CONTEXT ( ( #7833, #3603, #8601 ) ) REPRESENTATION_CONTEXT ( 'NONE', 'WORKASPACE' ) );
#2757 = DIRECTION ( 'NONE',  ( 0.0000000000000000000, 0.0000000000000000000, -1.000000000000000000 ) ) ;
#2758 = DIRECTION ( 'NONE',  ( 1.000000000000000000, 0.0000000000000000000, -5.019814838168451700E-015 ) ) ;
#2759 = FACE_BOUND ( 'NONE', #6073, .T. ) ;
#2760 = VECTOR ( 'NONE', #8241, 1000.000000000000000 ) ;
#2761 = DIRECTION ( 'NONE',  ( 0.0000000000000000000, 0.0000000000000000000, -1.000000000000000000 ) ) ;
#2762 = DIRECTION ( 'NONE',  ( 0.0000000000000000000, -0.0000000000000000000, -1.000000000000000000 ) ) ;
#2763 = ORIENTED_EDGE ( 'NONE', *, *, #6873, .T. ) ;
#2764 = EDGE_CURVE ( 'NONE', #8171, #3677, #4261, .T. ) ;
#2765 = DIRECTION ( 'NONE',  ( 0.0000000000000000000, 0.0000000000000000000, 1.000000000000000000 ) ) ;
#2766 = COLOUR_RGB ( '',0.1647058823529411700, 1.000000000000000000, 0.1529411764705882500 ) ;
#2767 = VERTEX_POINT ( 'NONE', #1256 ) ;
#2768 = LINE ( 'NONE', #3649, #591 ) ;
#2769 = VECTOR ( 'NONE', #5084, 1000.000000000000000 ) ;
#2770 = FILL_AREA_STYLE_COLOUR ( '', #2766 ) ;
#2771 = CARTESIAN_POINT ( 'NONE',  ( -10.20000499999999200, 0.0000000000000000000, 0.0000000000000000000 ) ) ;
#2772 = ORIENTED_EDGE ( 'NONE', *, *, #2310, .F. ) ;
#2773 = DIRECTION ( 'NONE',  ( 0.0000000000000000000, 0.0000000000000000000, 1.000000000000000000 ) ) ;
#2774 = CARTESIAN_POINT ( 'NONE',  ( 0.1000000000000497000, 1.999999999999998200, 4.989999999999869700 ) ) ;
#2775 = EDGE_CURVE ( 'NONE', #5073, #1941, #4028, .T. ) ;
#2776 = CARTESIAN_POINT ( 'NONE',  ( 4.000118999999989100, 0.8199999999999999500, 0.1498600000000155400 ) ) ;
#2777 = EDGE_CURVE ( 'NONE', #918, #7106, #404, .T. ) ;
#2778 = DIRECTION ( 'NONE',  ( -1.000000000000000000, -0.0000000000000000000, 0.0000000000000000000 ) ) ;
#2779 = LINE ( 'NONE', #6947, #8473 ) ;
#2780 = VECTOR ( 'NONE', #6759, 1000.000000000000000 ) ;
#2781 = AXIS2_PLACEMENT_3D ( 'NONE', #8781, #8873, #8225 ) ;
#2782 = STYLED_ITEM ( 'NONE', ( #7936 ), #4248 ) ;
#2783 = ADVANCED_FACE ( 'NONE', ( #5715 ), #965, .F. ) ;
#2784 = ORIENTED_EDGE ( 'NONE', *, *, #1707, .F. ) ;
#2785 = EDGE_LOOP ( 'NONE', ( #5695, #4929, #3568, #3332 ) ) ;
#2786 = PLANE ( 'NONE',  #3644 ) ;
#2787 = DIRECTION ( 'NONE',  ( -0.5547001962254422000, -0.8320502943377016100, 0.0000000000000000000 ) ) ;
#2788 = VERTEX_POINT ( 'NONE', #7458 ) ;
#2789 = PRESENTATION_STYLE_ASSIGNMENT (( #8203 ) ) ;
#2790 = LINE ( 'NONE', #6591, #6352 ) ;
#2791 = DIRECTION ( 'NONE',  ( 0.0000000000000000000, 1.000000000000000000, 0.0000000000000000000 ) ) ;
#2792 = DIRECTION ( 'NONE',  ( 0.0000000000000000000, 0.0000000000000000000, 1.000000000000000000 ) ) ;
#2793 = DIRECTION ( 'NONE',  ( 5.019814838168451700E-015, -0.0000000000000000000, 1.000000000000000000 ) ) ;
#2794 = VERTEX_POINT ( 'NONE', #2351 ) ;
#2795 = UNCERTAINTY_MEASURE_WITH_UNIT (LENGTH_MEASURE( 1.000000000000000100E-005 ), #1191, 'distance_accuracy_value', 'NONE');
#2796 = ADVANCED_FACE ( 'NONE', ( #3140 ), #2413, .T. ) ;
#2797 = CARTESIAN_POINT ( 'NONE',  ( -11.25000000000000900, 0.2999999999998784700, -3.900000000000120300 ) ) ;
#2798 = PRESENTATION_LAYER_ASSIGNMENT (  '', '', ( #1328 ) ) ;
#2799 = COLOUR_RGB ( '',1.000000000000000000, 1.000000000000000000, 1.000000000000000000 ) ;
#2800 = VECTOR ( 'NONE', #1291, 1000.000000000000000 ) ;
#2801 = SURFACE_SIDE_STYLE ('',( #1024 ) ) ;
#2802 = DIRECTION ( 'NONE',  ( 0.0000000000000000000, 1.000000000000000000, -0.0000000000000000000 ) ) ;
#2803 = FACE_OUTER_BOUND ( 'NONE', #1970, .T. ) ;
#2804 = ORIENTED_EDGE ( 'NONE', *, *, #6372, .F. ) ;
#2805 =( NAMED_UNIT ( * ) SI_UNIT ( $, .STERADIAN. ) SOLID_ANGLE_UNIT ( ) );
#2806 = CARTESIAN_POINT ( 'NONE',  ( 0.1000000000000497000, 1.799999999999999600, -5.200000000000092500 ) ) ;
#2807 = ORIENTED_EDGE ( 'NONE', *, *, #979, .T. ) ;
#2808 = FILL_AREA_STYLE ('',( #2076 ) ) ;
#2809 = COLOUR_RGB ( '',1.000000000000000000, 1.000000000000000000, 1.000000000000000000 ) ;
#2810 = PLANE ( 'NONE',  #800 ) ;
#2811 = ORIENTED_EDGE ( 'NONE', *, *, #750, .T. ) ;
#2812 = EDGE_CURVE ( 'NONE', #167, #7838, #8864, .T. ) ;
#2813 = ORIENTED_EDGE ( 'NONE', *, *, #8974, .F. ) ;
#2814 = DIRECTION ( 'NONE',  ( 0.0000000000000000000, 0.0000000000000000000, 1.000000000000000000 ) ) ;
#2815 =( GEOMETRIC_REPRESENTATION_CONTEXT ( 3 ) GLOBAL_UNCERTAINTY_ASSIGNED_CONTEXT ( ( #8676 ) ) GLOBAL_UNIT_ASSIGNED_CONTEXT ( ( #8712, #8927, #9014 ) ) REPRESENTATION_CONTEXT ( 'NONE', 'WORKASPACE' ) );
#2816 = LINE ( 'NONE', #851, #872 ) ;
#2817 = DIRECTION ( 'NONE',  ( 0.0000000000000000000, 0.0000000000000000000, 1.000000000000000000 ) ) ;
#2818 = VECTOR ( 'NONE', #7444, 1000.000000000000000 ) ;
#2819 = CARTESIAN_POINT ( 'NONE',  ( -5.699886999999994200, 0.0000000000000000000, 0.5001260000000035100 ) ) ;
#2820 = CARTESIAN_POINT ( 'NONE',  ( -0.2998769999999883500, 0.0000000000000000000, 5.550153999999987600 ) ) ;
#2821 = CARTESIAN_POINT ( 'NONE',  ( -11.24000000000000900, 1.790000000000000000, 4.849999999999909900 ) ) ;
#2822 = VECTOR ( 'NONE', #8814, 1000.000000000000000 ) ;
#2823 = FACE_OUTER_BOUND ( 'NONE', #4428, .T. ) ;
#2824 = DIRECTION ( 'NONE',  ( 0.0000000000000000000, -0.0000000000000000000, -1.000000000000000000 ) ) ;
#2825 = CARTESIAN_POINT ( 'NONE',  ( -11.24000000000000900, 1.790000000000000000, 21.86020095655797500 ) ) ;
#2826 = ORIENTED_EDGE ( 'NONE', *, *, #3554, .T. ) ;
#2827 = DIRECTION ( 'NONE',  ( 1.000000000000000000, 0.0000000000000000000, 0.0000000000000000000 ) ) ;
#2828 = SURFACE_STYLE_USAGE ( .BOTH. , #2801 ) ;
#2829 = STYLED_ITEM ( 'NONE', ( #2700 ), #3430 ) ;
#2830 = ADVANCED_FACE ( 'NONE', ( #2466 ), #2987, .F. ) ;
#2831 = FILL_AREA_STYLE_COLOUR ( '', #6156 ) ;
#2832 = LINE ( 'NONE', #8213, #649 ) ;
#2833 = EDGE_CURVE ( 'NONE', #8428, #6883, #7914, .T. ) ;
#2834 = COLOUR_RGB ( '',1.000000000000000000, 1.000000000000000000, 1.000000000000000000 ) ;
#2835 = VERTEX_POINT ( 'NONE', #3275 ) ;
#2836 = CYLINDRICAL_SURFACE ( 'NONE', #9087, 0.2100000000000001300 ) ;
#2837 = STYLED_ITEM ( 'NONE', ( #1413 ), #195 ) ;
#2838 = CARTESIAN_POINT ( 'NONE',  ( 0.0000000000000000000, 0.0000000000000000000, -5.550153999999987600 ) ) ;
#2839 = CARTESIAN_POINT ( 'NONE',  ( 0.2499999999998978600, 1.399999999999810300, -4.850000000000019200 ) ) ;
#2840 = EDGE_CURVE ( 'NONE', #5872, #332, #4131, .T. ) ;
#2841 =( NAMED_UNIT ( * ) SI_UNIT ( $, .STERADIAN. ) SOLID_ANGLE_UNIT ( ) );
#2842 = ADVANCED_FACE ( 'NONE', ( #1445 ), #3469, .T. ) ;
#2843 = SURFACE_STYLE_FILL_AREA ( #7290 ) ;
#2844 = LINE ( 'NONE', #3989, #6408 ) ;
#2845 =( NAMED_UNIT ( * ) SI_UNIT ( $, .STERADIAN. ) SOLID_ANGLE_UNIT ( ) );
#2846 = CARTESIAN_POINT ( 'NONE',  ( 2.900123000000011300, 0.0000000000000000000, 0.0000000000000000000 ) ) ;
#2847 = LINE ( 'NONE', #3963, #8074 ) ;
#2848 = ORIENTED_EDGE ( 'NONE', *, *, #1981, .T. ) ;
#2849 = ORIENTED_EDGE ( 'NONE', *, *, #8607, .F. ) ;
#2850 = CARTESIAN_POINT ( 'NONE',  ( -11.79995099999999700, 0.0000000000000000000, 0.6498399999999905400 ) ) ;
#2851 = ORIENTED_EDGE ( 'NONE', *, *, #2532, .F. ) ;
#2852 = CARTESIAN_POINT ( 'NONE',  ( -4.123606797386178100, 0.9000001009055553800, -17.92388274267673500 ) ) ;
#2853 = LINE ( 'NONE', #6580, #9016 ) ;
#2854 = STYLED_ITEM ( 'NONE', ( #6799 ), #2016 ) ;
#2855 = CARTESIAN_POINT ( 'NONE',  ( -11.79995099999999700, 0.0000000000000000000, -4.649977999999984800 ) ) ;
#2856 = EDGE_CURVE ( 'NONE', #4741, #3740, #3461, .T. ) ;
#2857 = CARTESIAN_POINT ( 'NONE',  ( -11.25000000000000900, 0.5249999999998536900, -4.125000000000095900 ) ) ;
#2858 = EDGE_CURVE ( 'NONE', #5423, #8896, #1560, .T. ) ;
#2859 =( NAMED_UNIT ( * ) SI_UNIT ( $, .STERADIAN. ) SOLID_ANGLE_UNIT ( ) );
#2860 = VECTOR ( 'NONE', #6487, 1000.000000000000000 ) ;
#2861 = VERTEX_POINT ( 'NONE', #3940 ) ;
#2862 = MECHANICAL_DESIGN_GEOMETRIC_PRESENTATION_REPRESENTATION (  '', ( #408 ), #3322 ) ;
#2863 = ORIENTED_EDGE ( 'NONE', *, *, #321, .T. ) ;
#2864 = ORIENTED_EDGE ( 'NONE', *, *, #3398, .T. ) ;
#2865 = FILL_AREA_STYLE ('',( #8504 ) ) ;
#2866 = FILL_AREA_STYLE_COLOUR ( '', #1740 ) ;
#2867 = CARTESIAN_POINT ( 'NONE',  ( -9.899876999999989400, 0.0000000000000000000, -0.0000000000000000000 ) ) ;
#2868 = CARTESIAN_POINT ( 'NONE',  ( -3.350000000000014300, 0.9000001009055952400, 17.92388274267651100 ) ) ;
#2869 =( LENGTH_UNIT ( ) NAMED_UNIT ( * ) SI_UNIT ( .MILLI., .METRE. ) );
#2870 =( NAMED_UNIT ( * ) SI_UNIT ( $, .STERADIAN. ) SOLID_ANGLE_UNIT ( ) );
#2871 = ORIENTED_EDGE ( 'NONE', *, *, #1172, .T. ) ;
#2872 = ORIENTED_EDGE ( 'NONE', *, *, #6227, .F. ) ;
#2873 = ORIENTED_EDGE ( 'NONE', *, *, #5373, .F. ) ;
#2874 = CARTESIAN_POINT ( 'NONE',  ( -4.123606797386163900, 0.9000001009055432800, -5.000000000000093300 ) ) ;
#2875 = LINE ( 'NONE', #8243, #8565 ) ;
#2876 = ORIENTED_EDGE ( 'NONE', *, *, #8532, .F. ) ;
#2877 = SURFACE_STYLE_FILL_AREA ( #5045 ) ;
#2878 = ORIENTED_EDGE ( 'NONE', *, *, #6404, .F. ) ;
#2879 = VECTOR ( 'NONE', #5616, 1000.000000000000000 ) ;
#2880 =( NAMED_UNIT ( * ) PLANE_ANGLE_UNIT ( ) SI_UNIT ( $, .RADIAN. ) );
#2881 = FILL_AREA_STYLE ('',( #1706 ) ) ;
#2882 = ORIENTED_EDGE ( 'NONE', *, *, #1226, .T. ) ;
#2883 = DIRECTION ( 'NONE',  ( -1.000000000000000000, 0.0000000000000000000, 0.0000000000000000000 ) ) ;
#2884 = EDGE_LOOP ( 'NONE', ( #7548, #8425, #2873, #5678 ) ) ;
#2885 = ADVANCED_FACE ( 'NONE', ( #1310 ), #3910, .F. ) ;
#2886 = UNCERTAINTY_MEASURE_WITH_UNIT (LENGTH_MEASURE( 1.000000000000000100E-005 ), #4847, 'distance_accuracy_value', 'NONE');
#2887 = EDGE_CURVE ( 'NONE', #1770, #1400, #616, .T. ) ;
#2888 = ORIENTED_EDGE ( 'NONE', *, *, #8557, .T. ) ;
#2889 = SURFACE_STYLE_USAGE ( .BOTH. , #7148 ) ;
#2890 = LINE ( 'NONE', #3907, #941 ) ;
#2891 = CARTESIAN_POINT ( 'NONE',  ( 0.0000000000000000000, 0.0000000000000000000, 5.550153999999987600 ) ) ;
#2892 = AXIS2_PLACEMENT_3D ( 'NONE', #7324, #7002, #6934 ) ;
#2893 = VERTEX_POINT ( 'NONE', #4577 ) ;
#2894 = AXIS2_PLACEMENT_3D ( 'NONE', #2586, #7562, #3293 ) ;
#2895 =( NAMED_UNIT ( * ) PLANE_ANGLE_UNIT ( ) SI_UNIT ( $, .RADIAN. ) );
#2896 = EDGE_CURVE ( 'NONE', #4558, #9271, #6138, .T. ) ;
#2897 = CARTESIAN_POINT ( 'NONE',  ( 0.2399999999998991600, 1.790000000000000000, -4.850000000000028100 ) ) ;
#2898 = LINE ( 'NONE', #1457, #8593 ) ;
#2899 = DIRECTION ( 'NONE',  ( 0.0000000000000000000, 0.0000000000000000000, 1.000000000000000000 ) ) ;
#2900 = CARTESIAN_POINT ( 'NONE',  ( 0.0000000000000000000, 0.0000000000000000000, 4.649977999999984800 ) ) ;
#2901 = SURFACE_STYLE_USAGE ( .BOTH. , #2933 ) ;
#2902 =( NAMED_UNIT ( * ) PLANE_ANGLE_UNIT ( ) SI_UNIT ( $, .RADIAN. ) );
#2903 = ORIENTED_EDGE ( 'NONE', *, *, #7803, .T. ) ;
#2904 = PLANE ( 'NONE',  #4548 ) ;
#2905 = PRESENTATION_LAYER_ASSIGNMENT (  '', '', ( #4343 ) ) ;
#2906 = EDGE_LOOP ( 'NONE', ( #8706, #9279, #6120, #6232 ) ) ;
#2907 = CARTESIAN_POINT ( 'NONE',  ( 0.0000000000000000000, 0.5200000000000000200, 0.0000000000000000000 ) ) ;
#2908 = ORIENTED_EDGE ( 'NONE', *, *, #8697, .F. ) ;
#2909 = CIRCLE ( 'NONE', #4665, 0.3500119999999958800 ) ;
#2910 = ORIENTED_EDGE ( 'NONE', *, *, #8262, .T. ) ;
#2911 = SURFACE_STYLE_USAGE ( .BOTH. , #7170 ) ;
#2912 = FILL_AREA_STYLE_COLOUR ( '', #1404 ) ;
#2913 = ORIENTED_EDGE ( 'NONE', *, *, #7550, .T. ) ;
#2914 = EDGE_CURVE ( 'NONE', #6134, #4014, #8035, .T. ) ;
#2915 = ORIENTED_EDGE ( 'NONE', *, *, #8586, .F. ) ;
#2916 =( NAMED_UNIT ( * ) PLANE_ANGLE_UNIT ( ) SI_UNIT ( $, .RADIAN. ) );
#2917 = LINE ( 'NONE', #54, #4373 ) ;
#2918 = AXIS2_PLACEMENT_3D ( 'NONE', #2325, #2406, #2378 ) ;
#2919 = CARTESIAN_POINT ( 'NONE',  ( -11.10000000000004900, 1.999999999999998200, -4.990000000000092600 ) ) ;
#2920 = PRESENTATION_LAYER_ASSIGNMENT (  '', '', ( #1926 ) ) ;
#2921 = EDGE_CURVE ( 'NONE', #2201, #8221, #2352, .T. ) ;
#2922 = DIRECTION ( 'NONE',  ( 0.0000000000000000000, 1.000000000000000000, 0.0000000000000000000 ) ) ;
#2923 = ORIENTED_EDGE ( 'NONE', *, *, #2592, .F. ) ;
#2924 = SURFACE_STYLE_USAGE ( .BOTH. , #7180 ) ;
#2925 = CARTESIAN_POINT ( 'NONE',  ( -2.699876999999989200, 0.0000000000000000000, -0.0000000000000000000 ) ) ;
#2926 = ORIENTED_EDGE ( 'NONE', *, *, #24, .F. ) ;
#2927 = CIRCLE ( 'NONE', #8174, 0.3500119999999967700 ) ;
#2928 = CARTESIAN_POINT ( 'NONE',  ( -11.19999999999992600, 1.399999999999954200, -5.200000000000093400 ) ) ;
#2929 = SURFACE_SIDE_STYLE ('',( #5184 ) ) ;
#2930 = VERTEX_POINT ( 'NONE', #5060 ) ;
#2931 = DIRECTION ( 'NONE',  ( 0.0000000000000000000, 0.0000000000000000000, 1.000000000000000000 ) ) ;
#2932 = CARTESIAN_POINT ( 'NONE',  ( 0.0000000000000000000, 0.0000000000000000000, -5.550153999999987600 ) ) ;
#2933 = SURFACE_SIDE_STYLE ('',( #7698 ) ) ;
#2934 = ADVANCED_FACE ( 'NONE', ( #7786 ), #5027, .T. ) ;
#2935 = LINE ( 'NONE', #2635, #4608 ) ;
#2936 = COLOUR_RGB ( '',1.000000000000000000, 1.000000000000000000, 1.000000000000000000 ) ;
#2937 = MECHANICAL_DESIGN_GEOMETRIC_PRESENTATION_REPRESENTATION (  '', ( #1470 ), #3389 ) ;
#2938 = AXIS2_PLACEMENT_3D ( 'NONE', #4159, #3768, #3536 ) ;
#2939 = VERTEX_POINT ( 'NONE', #5576 ) ;
#2940 = CARTESIAN_POINT ( 'NONE',  ( -3.150000000000034600, 0.6000001009056266100, 4.999999999999871200 ) ) ;
#2941 = DIRECTION ( 'NONE',  ( 1.000000000000000000, -0.0000000000000000000, 0.0000000000000000000 ) ) ;
#2942 = VECTOR ( 'NONE', #1109, 1000.000000000000000 ) ;
#2943 = EDGE_CURVE ( 'NONE', #3710, #8380, #7141, .T. ) ;
#2944 =( LENGTH_UNIT ( ) NAMED_UNIT ( * ) SI_UNIT ( .MILLI., .METRE. ) );
#2945 = PRESENTATION_LAYER_ASSIGNMENT (  '', '', ( #3403 ) ) ;
#2946 = EDGE_CURVE ( 'NONE', #8263, #7285, #5277, .T. ) ;
#2947 = FACE_OUTER_BOUND ( 'NONE', #3597, .T. ) ;
#2948 = CARTESIAN_POINT ( 'NONE',  ( 11.00010499999998900, 0.5200000000000000200, -4.999989999999995900 ) ) ;
#2949 = DIRECTION ( 'NONE',  ( 0.0000000000000000000, -0.0000000000000000000, -1.000000000000000000 ) ) ;
#2950 = UNCERTAINTY_MEASURE_WITH_UNIT (LENGTH_MEASURE( 1.000000000000000100E-005 ), #7883, 'distance_accuracy_value', 'NONE');
#2951 = SURFACE_STYLE_FILL_AREA ( #9171 ) ;
#2952 = CARTESIAN_POINT ( 'NONE',  ( 0.0000000000000000000, 0.0000000000000000000, -5.550153999999987600 ) ) ;
#2953 = DIRECTION ( 'NONE',  ( 0.0000000000000000000, -0.0000000000000000000, -1.000000000000000000 ) ) ;
#2954 = DIRECTION ( 'NONE',  ( 0.0000000000000000000, 1.000000000000000000, 0.0000000000000000000 ) ) ;
#2955 = CARTESIAN_POINT ( 'NONE',  ( 1.300123000000010600, 0.0000000000000000000, 5.550153999999987600 ) ) ;
#2956 = LINE ( 'NONE', #7000, #1006 ) ;
#2957 = DIRECTION ( 'NONE',  ( -1.000000000000000000, 0.0000000000000000000, 0.0000000000000000000 ) ) ;
#2958 = FILL_AREA_STYLE ('',( #3027 ) ) ;
#2959 =( NAMED_UNIT ( * ) SI_UNIT ( $, .STERADIAN. ) SOLID_ANGLE_UNIT ( ) );
#2960 = VECTOR ( 'NONE', #6769, 1000.000000000000000 ) ;
#2961 = ORIENTED_EDGE ( 'NONE', *, *, #2621, .T. ) ;
#2962 = DIRECTION ( 'NONE',  ( 0.0000000000000000000, 3.252606517453260400E-015, 1.000000000000000000 ) ) ;
#2963 = VERTEX_POINT ( 'NONE', #5912 ) ;
#2964 = EDGE_CURVE ( 'NONE', #7425, #2693, #6900, .T. ) ;
#2965 = ORIENTED_EDGE ( 'NONE', *, *, #5133, .F. ) ;
#2966 = DIRECTION ( 'NONE',  ( 1.000000000000000000, 0.0000000000000000000, 0.0000000000000000000 ) ) ;
#2967 = ORIENTED_EDGE ( 'NONE', *, *, #3135, .T. ) ;
#2968 = SURFACE_STYLE_USAGE ( .BOTH. , #7235 ) ;
#2969 = MECHANICAL_DESIGN_GEOMETRIC_PRESENTATION_REPRESENTATION (  '', ( #1511 ), #3429 ) ;
#2970 = DIRECTION ( 'NONE',  ( 1.000000000000000000, 0.0000000000000000000, 0.0000000000000000000 ) ) ;
#2971 = AXIS2_PLACEMENT_3D ( 'NONE', #8193, #4920, #4855 ) ;
#2972 = VECTOR ( 'NONE', #7642, 1000.000000000000000 ) ;
#2973 = VERTEX_POINT ( 'NONE', #6115 ) ;
#2974 = VERTEX_POINT ( 'NONE', #5755 ) ;
#2975 = ORIENTED_EDGE ( 'NONE', *, *, #3893, .T. ) ;
#2976 = SURFACE_STYLE_USAGE ( .BOTH. , #3491 ) ;
#2977 = ADVANCED_FACE ( 'NONE', ( #8851 ), #5936, .T. ) ;
#2978 = VERTEX_POINT ( 'NONE', #6143 ) ;
#2979 = VECTOR ( 'NONE', #1329, 1000.000000000000000 ) ;
#2980 = CARTESIAN_POINT ( 'NONE',  ( -11.19999999999992600, 0.9000000000000093500, 5.199999999999871400 ) ) ;
#2981 = ORIENTED_EDGE ( 'NONE', *, *, #456, .F. ) ;
#2982 = CARTESIAN_POINT ( 'NONE',  ( 2.600070999999988700, 0.8199999999999999500, 0.1498600000000155400 ) ) ;
#2983 = VERTEX_POINT ( 'NONE', #6611 ) ;
#2984 = DIRECTION ( 'NONE',  ( -0.0000000000000000000, -1.000000000000000000, -0.0000000000000000000 ) ) ;
#2985 = VERTEX_POINT ( 'NONE', #6641 ) ;
#2986 = AXIS2_PLACEMENT_3D ( 'NONE', #1919, #472, #443 ) ;
#2987 = PLANE ( 'NONE',  #7348 ) ;
#2988 = DIRECTION ( 'NONE',  ( -0.0000000000000000000, -0.0000000000000000000, 1.000000000000000000 ) ) ;
#2989 =( LENGTH_UNIT ( ) NAMED_UNIT ( * ) SI_UNIT ( .MILLI., .METRE. ) );
#2990 = SURFACE_STYLE_FILL_AREA ( #6736 ) ;
#2991 = STYLED_ITEM ( 'NONE', ( #3163 ), #5006 ) ;
#2992 = ORIENTED_EDGE ( 'NONE', *, *, #7823, .T. ) ;
#2993 = DIRECTION ( 'NONE',  ( 1.000000000000000000, 0.0000000000000000000, 0.0000000000000000000 ) ) ;
#2994 = ORIENTED_EDGE ( 'NONE', *, *, #1741, .F. ) ;
#2995 = ORIENTED_EDGE ( 'NONE', *, *, #8031, .T. ) ;
#2996 = DIRECTION ( 'NONE',  ( 6.123233995736766000E-017, -1.000000000000000000, 3.469446951953997200E-015 ) ) ;
#2997 = CARTESIAN_POINT ( 'NONE',  ( -11.24000000000000900, 1.799999999999999600, 4.849999999999909900 ) ) ;
#2998 = CARTESIAN_POINT ( 'NONE',  ( -11.10000000000004900, -28.62307019352236600, -4.850000000000021000 ) ) ;
#2999 = CARTESIAN_POINT ( 'NONE',  ( -11.45000000000000600, 0.8999999999998947700, 3.674999999999876400 ) ) ;
#3000 = CARTESIAN_POINT ( 'NONE',  ( 11.00010499999998900, 1.520000000000000000, 4.999990000000023500 ) ) ;
#3001 = LINE ( 'NONE', #7375, #9157 ) ;
#3002 = ORIENTED_EDGE ( 'NONE', *, *, #6692, .F. ) ;
#3003 = FACE_BOUND ( 'NONE', #8101, .T. ) ;
#3004 = CYLINDRICAL_SURFACE ( 'NONE', #7561, 0.2100000000000001300 ) ;
#3005 = LINE ( 'NONE', #7717, #1277 ) ;
#3006 = CARTESIAN_POINT ( 'NONE',  ( -0.2998769999999883500, 0.0000000000000000000, -5.550153999999987600 ) ) ;
#3007 = EDGE_LOOP ( 'NONE', ( #3392, #8793, #6640, #7516 ) ) ;
#3008 = DIRECTION ( 'NONE',  ( 0.0000000000000000000, 1.000000000000000000, 0.0000000000000000000 ) ) ;
#3009 =( LENGTH_UNIT ( ) NAMED_UNIT ( * ) SI_UNIT ( .MILLI., .METRE. ) );
#3010 = AXIS2_PLACEMENT_3D ( 'NONE', #9245, #9256, #9287 ) ;
#3011 = VECTOR ( 'NONE', #7123, 1000.000000000000000 ) ;
#3012 = SURFACE_STYLE_USAGE ( .BOTH. , #3336 ) ;
#3013 =( NAMED_UNIT ( * ) SI_UNIT ( $, .STERADIAN. ) SOLID_ANGLE_UNIT ( ) );
#3014 = COLOUR_RGB ( '',1.000000000000000000, 1.000000000000000000, 1.000000000000000000 ) ;
#3015 = VERTEX_POINT ( 'NONE', #6694 ) ;
#3016 =( NAMED_UNIT ( * ) PLANE_ANGLE_UNIT ( ) SI_UNIT ( $, .RADIAN. ) );
#3017 = CARTESIAN_POINT ( 'NONE',  ( -3.676393202613736500, 0.9000001009056065600, 17.92388274267651100 ) ) ;
#3018 = LINE ( 'NONE', #6275, #8244 ) ;
#3019 = PRESENTATION_LAYER_ASSIGNMENT (  '', '', ( #2035 ) ) ;
#3020 = ORIENTED_EDGE ( 'NONE', *, *, #8532, .T. ) ;
#3021 = ORIENTED_EDGE ( 'NONE', *, *, #433, .T. ) ;
#3022 = EDGE_CURVE ( 'NONE', #7839, #9045, #8148, .T. ) ;
#3023 = FILL_AREA_STYLE ('',( #7221 ) ) ;
#3024 = PRESENTATION_STYLE_ASSIGNMENT (( #4281 ) ) ;
#3025 = SURFACE_STYLE_USAGE ( .BOTH. , #7288 ) ;
#3026 = VECTOR ( 'NONE', #854, 1000.000000000000000 ) ;
#3027 = FILL_AREA_STYLE_COLOUR ( '', #3936 ) ;
#3028 = ADVANCED_FACE ( 'NONE', ( #7905 ), #6522, .T. ) ;
#3029 = FILL_AREA_STYLE ('',( #7994 ) ) ;
#3030 = CARTESIAN_POINT ( 'NONE',  ( 1.149985000000013100, 0.5200000000000000200, 4.499864000000005900 ) ) ;
#3031 =( GEOMETRIC_REPRESENTATION_CONTEXT ( 3 ) GLOBAL_UNCERTAINTY_ASSIGNED_CONTEXT ( ( #7937 ) ) GLOBAL_UNIT_ASSIGNED_CONTEXT ( ( #8508, #8537, #666 ) ) REPRESENTATION_CONTEXT ( 'NONE', 'WORKASPACE' ) );
#3032 = AXIS2_PLACEMENT_3D ( 'NONE', #645, #586, #547 ) ;
#3033 = VERTEX_POINT ( 'NONE', #6670 ) ;
#3034 = CARTESIAN_POINT ( 'NONE',  ( -0.3500000000000117500, 0.9000001009055935700, 5.199999999999871400 ) ) ;
#3035 = SURFACE_STYLE_FILL_AREA ( #3459 ) ;
#3036 =( NAMED_UNIT ( * ) PLANE_ANGLE_UNIT ( ) SI_UNIT ( $, .RADIAN. ) );
#3037 = VECTOR ( 'NONE', #2721, 1000.000000000000000 ) ;
#3038 = CARTESIAN_POINT ( 'NONE',  ( 0.0000000000000000000, 0.0000000000000000000, 0.0000000000000000000 ) ) ;
#3039 = EDGE_CURVE ( 'NONE', #8749, #400, #9189, .T. ) ;
#3040 = VECTOR ( 'NONE', #7661, 1000.000000000000000 ) ;
#3041 = ORIENTED_EDGE ( 'NONE', *, *, #1756, .F. ) ;
#3042 = PRESENTATION_LAYER_ASSIGNMENT (  '', '', ( #4648 ) ) ;
#3043 =( GEOMETRIC_REPRESENTATION_CONTEXT ( 3 ) GLOBAL_UNCERTAINTY_ASSIGNED_CONTEXT ( ( #5061 ) ) GLOBAL_UNIT_ASSIGNED_CONTEXT ( ( #6899, #6543, #6513 ) ) REPRESENTATION_CONTEXT ( 'NONE', 'WORKASPACE' ) );
#3044 = COLOUR_RGB ( '',1.000000000000000000, 1.000000000000000000, 1.000000000000000000 ) ;
#3045 = LINE ( 'NONE', #4498, #4717 ) ;
#3046 = EDGE_CURVE ( 'NONE', #1180, #4750, #1776, .T. ) ;
#3047 = EDGE_LOOP ( 'NONE', ( #7380, #7203, #7569, #6967 ) ) ;
#3048 = CARTESIAN_POINT ( 'NONE',  ( -1.400004999999990600, 0.0000000000000000000, 0.0000000000000000000 ) ) ;
#3049 = VERTEX_POINT ( 'NONE', #7430 ) ;
#3050 = SURFACE_STYLE_USAGE ( .BOTH. , #3502 ) ;
#3051 = VECTOR ( 'NONE', #878, 1000.000000000000000 ) ;
#3052 = LINE ( 'NONE', #2634, #1218 ) ;
#3053 = ORIENTED_EDGE ( 'NONE', *, *, #1981, .F. ) ;
#3054 = DIRECTION ( 'NONE',  ( 0.0000000000000000000, 0.0000000000000000000, 1.000000000000000000 ) ) ;
#3055 = DIRECTION ( 'NONE',  ( 0.0000000000000000000, -1.000000000000000000, 0.0000000000000000000 ) ) ;
#3056 = UNCERTAINTY_MEASURE_WITH_UNIT (LENGTH_MEASURE( 1.000000000000000100E-005 ), #1808, 'distance_accuracy_value', 'NONE');
#3057 = STYLED_ITEM ( 'NONE', ( #1194 ), #2796 ) ;
#3058 = PRESENTATION_STYLE_ASSIGNMENT (( #8289 ) ) ;
#3059 = ADVANCED_FACE ( 'NONE', ( #1548 ), #7454, .F. ) ;
#3060 = FACE_OUTER_BOUND ( 'NONE', #4102, .T. ) ;
#3061 = LINE ( 'NONE', #255, #4976 ) ;
#3062 = VERTEX_POINT ( 'NONE', #7504 ) ;
#3063 = CARTESIAN_POINT ( 'NONE',  ( -11.10000000000004900, 2.000000000000000000, -5.000000000000092400 ) ) ;
#3064 = EDGE_LOOP ( 'NONE', ( #7073, #1605, #5422, #7514, #2049, #552, #6303, #1018 ) ) ;
#3065 = ADVANCED_FACE ( 'NONE', ( #6351 ), #8050, .T. ) ;
#3066 = CARTESIAN_POINT ( 'NONE',  ( 0.0000000000000000000, 0.0000000000000000000, -4.649977999999984800 ) ) ;
#3067 = STYLED_ITEM ( 'NONE', ( #217 ), #8538 ) ;
#3068 = DIRECTION ( 'NONE',  ( 0.0000000000000000000, 0.0000000000000000000, 1.000000000000000000 ) ) ;
#3069 = DIRECTION ( 'NONE',  ( 0.0000000000000000000, 0.0000000000000000000, 1.000000000000000000 ) ) ;
#3070 = DIRECTION ( 'NONE',  ( 0.0000000000000000000, 1.000000000000000000, -0.0000000000000000000 ) ) ;
#3071 = VECTOR ( 'NONE', #6781, 1000.000000000000000 ) ;
#3072 = VERTEX_POINT ( 'NONE', #8458 ) ;
#3073 = ORIENTED_EDGE ( 'NONE', *, *, #7948, .T. ) ;
#3074 = PRESENTATION_LAYER_ASSIGNMENT (  '', '', ( #6172 ) ) ;
#3075 = VERTEX_POINT ( 'NONE', #8555 ) ;
#3076 = VERTEX_POINT ( 'NONE', #8564 ) ;
#3077 = CARTESIAN_POINT ( 'NONE',  ( -7.100000056180550500, 1.000000125623494700, -5.200000000000093400 ) ) ;
#3078 = PLANE ( 'NONE',  #648 ) ;
#3079 = CARTESIAN_POINT ( 'NONE',  ( 0.0000000000000000000, 0.0000000000000000000, 4.649977999999984800 ) ) ;
#3080 = SURFACE_STYLE_USAGE ( .BOTH. , #7346 ) ;
#3081 = CARTESIAN_POINT ( 'NONE',  ( 2.599995000000009600, 0.0000000000000000000, -5.550153999999987600 ) ) ;
#3082 = VECTOR ( 'NONE', #3956, 1000.000000000000000 ) ;
#3083 = EDGE_CURVE ( 'NONE', #5837, #3931, #161, .T. ) ;
#3084 = ORIENTED_EDGE ( 'NONE', *, *, #6595, .T. ) ;
#3085 = EDGE_LOOP ( 'NONE', ( #5810, #6018, #6238, #1665 ) ) ;
#3086 = ORIENTED_EDGE ( 'NONE', *, *, #91, .F. ) ;
#3087 = VERTEX_POINT ( 'NONE', #8805 ) ;
#3088 = AXIS2_PLACEMENT_3D ( 'NONE', #8368, #8798, #8738 ) ;
#3089 = FILL_AREA_STYLE_COLOUR ( '', #940 ) ;
#3090 = STYLED_ITEM ( 'NONE', ( #3605 ), #4351 ) ;
#3091 = ORIENTED_EDGE ( 'NONE', *, *, #737, .T. ) ;
#3092 = CARTESIAN_POINT ( 'NONE',  ( -2.699876999999989200, 0.0000000000000000000, 4.649977999999984800 ) ) ;
#3093 = ORIENTED_EDGE ( 'NONE', *, *, #392, .T. ) ;
#3094 =( NAMED_UNIT ( * ) SI_UNIT ( $, .STERADIAN. ) SOLID_ANGLE_UNIT ( ) );
#3095 = SURFACE_SIDE_STYLE ('',( #7455 ) ) ;
#3096 = CARTESIAN_POINT ( 'NONE',  ( 0.0000000000000000000, 0.8199999999999999500, 0.0000000000000000000 ) ) ;
#3097 = ADVANCED_FACE ( 'NONE', ( #1874 ), #8636, .T. ) ;
#3098 = FACE_BOUND ( 'NONE', #1525, .T. ) ;
#3099 = VERTEX_POINT ( 'NONE', #8742 ) ;
#3100 = LINE ( 'NONE', #5450, #2879 ) ;
#3101 = CARTESIAN_POINT ( 'NONE',  ( 0.0000000000000000000, 0.0000000000000000000, 0.0000000000000000000 ) ) ;
#3102 = ORIENTED_EDGE ( 'NONE', *, *, #1607, .F. ) ;
#3103 = UNCERTAINTY_MEASURE_WITH_UNIT (LENGTH_MEASURE( 1.000000000000000100E-005 ), #4681, 'distance_accuracy_value', 'NONE');
#3104 = VERTEX_POINT ( 'NONE', #9349 ) ;
#3105 = PRESENTATION_LAYER_ASSIGNMENT (  '', '', ( #4721 ) ) ;
#3106 = FILL_AREA_STYLE ('',( #2866 ) ) ;
#3107 = PRESENTATION_STYLE_ASSIGNMENT (( #345 ) ) ;
#3108 = CARTESIAN_POINT ( 'NONE',  ( -1.399921000000019300, 0.0000000000000000000, -3.299967999999972700 ) ) ;
#3109 = CARTESIAN_POINT ( 'NONE',  ( 0.0000000000000000000, 0.0000000000000000000, 0.0000000000000000000 ) ) ;
#3110 = DIRECTION ( 'NONE',  ( -1.000000000000000000, 0.0000000000000000000, 0.0000000000000000000 ) ) ;
#3111 = ADVANCED_FACE ( 'NONE', ( #1174 ), #107, .T. ) ;
#3112 = ORIENTED_EDGE ( 'NONE', *, *, #5749, .F. ) ;
#3113 = DIRECTION ( 'NONE',  ( 0.0000000000000000000, -0.0000000000000000000, -1.000000000000000000 ) ) ;
#3114 = CARTESIAN_POINT ( 'NONE',  ( 1.449958999999993800, 0.5200000000000000200, 5.100066000000028400 ) ) ;
#3115 = EDGE_CURVE ( 'NONE', #7032, #8194, #4360, .T. ) ;
#3116 = LINE ( 'NONE', #9359, #949 ) ;
#3117 = DIRECTION ( 'NONE',  ( -1.000000000000000000, 0.0000000000000000000, 0.0000000000000000000 ) ) ;
#3118 = ORIENTED_EDGE ( 'NONE', *, *, #1687, .F. ) ;
#3119 = ORIENTED_EDGE ( 'NONE', *, *, #6239, .T. ) ;
#3120 = EDGE_CURVE ( 'NONE', #4214, #8819, #6892, .T. ) ;
#3121 =( LENGTH_UNIT ( ) NAMED_UNIT ( * ) SI_UNIT ( .MILLI., .METRE. ) );
#3122 = AXIS2_PLACEMENT_3D ( 'NONE', #8901, #8933, #3196 ) ;
#3123 = SURFACE_STYLE_FILL_AREA ( #8114 ) ;
#3124 = VECTOR ( 'NONE', #977, 1000.000000000000000 ) ;
#3125 = ORIENTED_EDGE ( 'NONE', *, *, #3406, .T. ) ;
#3126 = CARTESIAN_POINT ( 'NONE',  ( -11.19999999999992600, 1.399999999999954200, 4.999999999999871200 ) ) ;
#3128 = ORIENTED_EDGE ( 'NONE', *, *, #2156, .T. ) ;
#3127 = FILL_AREA_STYLE_COLOUR ( '', #4569 ) ;
#3129 = ORIENTED_EDGE ( 'NONE', *, *, #9021, .F. ) ;
#3130 =( LENGTH_UNIT ( ) NAMED_UNIT ( * ) SI_UNIT ( .MILLI., .METRE. ) );
#3131 = DIRECTION ( 'NONE',  ( 0.0000000000000000000, 1.000000000000000000, -0.0000000000000000000 ) ) ;
#3132 = SURFACE_STYLE_FILL_AREA ( #6299 ) ;
#3133 = VECTOR ( 'NONE', #4330, 1000.000000000000000 ) ;
#3134 = AXIS2_PLACEMENT_3D ( 'NONE', #1228, #3420, #6995 ) ;
#3135 = EDGE_CURVE ( 'NONE', #3197, #2502, #489, .T. ) ;
#3136 = ORIENTED_EDGE ( 'NONE', *, *, #5512, .T. ) ;
#3137 = DIRECTION ( 'NONE',  ( -1.000000000000000000, 0.0000000000000000000, 0.0000000000000000000 ) ) ;
#3138 = DIRECTION ( 'NONE',  ( 0.0000000000000000000, 0.0000000000000000000, 1.000000000000000000 ) ) ;
#3139 = CARTESIAN_POINT ( 'NONE',  ( -11.10000000000004900, 1.799999999999999600, -4.850000000000021000 ) ) ;
#3140 = FACE_OUTER_BOUND ( 'NONE', #9167, .T. ) ;
#3141 = PRESENTATION_LAYER_ASSIGNMENT (  '', '', ( #2184 ) ) ;
#3142 = PRESENTATION_LAYER_ASSIGNMENT (  '', '', ( #2651 ) ) ;
#3143 = ADVANCED_FACE ( 'NONE', ( #6013 ), #3992, .F. ) ;
#3144 = VERTEX_POINT ( 'NONE', #2855 ) ;
#3145 = PLANE ( 'NONE',  #2431 ) ;
#3146 = DIRECTION ( 'NONE',  ( -1.000000000000000000, 0.0000000000000000000, 0.0000000000000000000 ) ) ;
#3147 = VECTOR ( 'NONE', #2966, 1000.000000000000000 ) ;
#3148 = VECTOR ( 'NONE', #5700, 1000.000000000000000 ) ;
#3149 = FACE_OUTER_BOUND ( 'NONE', #7861, .T. ) ;
#3150 =( NAMED_UNIT ( * ) PLANE_ANGLE_UNIT ( ) SI_UNIT ( $, .RADIAN. ) );
#3151 = ORIENTED_EDGE ( 'NONE', *, *, #5048, .F. ) ;
#3152 = ORIENTED_EDGE ( 'NONE', *, *, #9085, .T. ) ;
#3153 = PRESENTATION_LAYER_ASSIGNMENT (  '', '', ( #2204 ) ) ;
#3154 = ADVANCED_FACE ( 'NONE', ( #265 ), #3160, .F. ) ;
#3155 = DIRECTION ( 'NONE',  ( 0.0000000000000000000, 1.000000000000000000, -0.0000000000000000000 ) ) ;
#3156 = VECTOR ( 'NONE', #3421, 1000.000000000000000 ) ;
#3157 =( NAMED_UNIT ( * ) SI_UNIT ( $, .STERADIAN. ) SOLID_ANGLE_UNIT ( ) );
#3158 = VECTOR ( 'NONE', #5097, 1000.000000000000000 ) ;
#3159 = STYLED_ITEM ( 'NONE', ( #6905 ), #4749 ) ;
#3160 = PLANE ( 'NONE',  #7735 ) ;
#3161 = MANIFOLD_SURFACE_SHAPE_REPRESENTATION ( '6_88W8887_ANT_MODULE', ( #3430, #6478 ), #2637 ) ;
#3162 = SURFACE_SIDE_STYLE ('',( #8924 ) ) ;
#3163 = PRESENTATION_STYLE_ASSIGNMENT (( #2052 ) ) ;
#3164 = VERTEX_POINT ( 'NONE', #5052 ) ;
#3165 = CARTESIAN_POINT ( 'NONE',  ( 0.0000000000000000000, 0.0000000000000000000, 4.649977999999984800 ) ) ;
#3166 = CARTESIAN_POINT ( 'NONE',  ( -11.10000000000004900, 1.789999999999999100, -17.92388274267673500 ) ) ;
#3167 = FACE_OUTER_BOUND ( 'NONE', #5683, .T. ) ;
#3168 =( NAMED_UNIT ( * ) SI_UNIT ( $, .STERADIAN. ) SOLID_ANGLE_UNIT ( ) );
#3169 = STYLED_ITEM ( 'NONE', ( #8959 ), #3059 ) ;
#3170 = VECTOR ( 'NONE', #7670, 1000.000000000000000 ) ;
#3171 = ORIENTED_EDGE ( 'NONE', *, *, #5684, .F. ) ;
#3172 = FILL_AREA_STYLE ('',( #2912 ) ) ;
#3173 = ORIENTED_EDGE ( 'NONE', *, *, #6652, .T. ) ;
#3174 = EDGE_CURVE ( 'NONE', #1053, #7101, #2446, .T. ) ;
#3175 =( NAMED_UNIT ( * ) SI_UNIT ( $, .STERADIAN. ) SOLID_ANGLE_UNIT ( ) );
#3176 = ORIENTED_EDGE ( 'NONE', *, *, #797, .F. ) ;
#3177 = ORIENTED_EDGE ( 'NONE', *, *, #737, .F. ) ;
#3178 = COLOUR_RGB ( '',0.1647058823529411700, 1.000000000000000000, 0.1529411764705882500 ) ;
#3179 = VECTOR ( 'NONE', #5768, 1000.000000000000000 ) ;
#3180 = AXIS2_PLACEMENT_3D ( 'NONE', #626, #5681, #1370 ) ;
#3181 = DIRECTION ( 'NONE',  ( -6.123233995736766000E-017, 1.000000000000000000, -4.625929269271310200E-015 ) ) ;
#3182 = ORIENTED_EDGE ( 'NONE', *, *, #1877, .T. ) ;
#3183 = ADVANCED_FACE ( 'NONE', ( #3903 ), #5789, .T. ) ;
#3184 = DIRECTION ( 'NONE',  ( -1.000000000000000000, 0.0000000000000000000, 0.0000000000000000000 ) ) ;
#3185 = EDGE_CURVE ( 'NONE', #3931, #3448, #1294, .T. ) ;
#3186 = ORIENTED_EDGE ( 'NONE', *, *, #6712, .T. ) ;
#3187 = ORIENTED_EDGE ( 'NONE', *, *, #7890, .T. ) ;
#3188 = DIRECTION ( 'NONE',  ( 0.0000000000000000000, 0.0000000000000000000, 1.000000000000000000 ) ) ;
#3189 = ORIENTED_EDGE ( 'NONE', *, *, #5765, .T. ) ;
#3190 = MECHANICAL_DESIGN_GEOMETRIC_PRESENTATION_REPRESENTATION (  '', ( #3967 ), #3031 ) ;
#3191 = LINE ( 'NONE', #954, #2979 ) ;
#3192 = VERTEX_POINT ( 'NONE', #5852 ) ;
#3193 = SURFACE_STYLE_USAGE ( .BOTH. , #3162 ) ;
#3194 = ORIENTED_EDGE ( 'NONE', *, *, #8652, .F. ) ;
#3195 = EDGE_LOOP ( 'NONE', ( #244, #8578, #1635, #6790 ) ) ;
#3196 = DIRECTION ( 'NONE',  ( 0.0000000000000000000, 0.0000000000000000000, 1.000000000000000000 ) ) ;
#3197 = VERTEX_POINT ( 'NONE', #7742 ) ;
#3198 = DIRECTION ( 'NONE',  ( -1.000000000000000000, 0.0000000000000000000, 0.0000000000000000000 ) ) ;
#3199 = ADVANCED_FACE ( 'NONE', ( #7005 ), #7766, .T. ) ;
#3200 = CARTESIAN_POINT ( 'NONE',  ( 0.3999230000000034100, 0.0000000000000000000, -3.900170000000022300 ) ) ;
#3201 = CARTESIAN_POINT ( 'NONE',  ( 4.199995000000010100, 0.0000000000000000000, 4.649977999999984800 ) ) ;
#3202 = EDGE_CURVE ( 'NONE', #4207, #2201, #6122, .T. ) ;
#3203 = COLOUR_RGB ( '',1.000000000000000000, 1.000000000000000000, 1.000000000000000000 ) ;
#3204 = VECTOR ( 'NONE', #1090, 1000.000000000000000 ) ;
#3205 = ORIENTED_EDGE ( 'NONE', *, *, #7550, .F. ) ;
#3206 = AXIS2_PLACEMENT_3D ( 'NONE', #7254, #8365, #7487 ) ;
#3207 = ORIENTED_EDGE ( 'NONE', *, *, #8824, .F. ) ;
#3208 = UNCERTAINTY_MEASURE_WITH_UNIT (LENGTH_MEASURE( 1.000000000000000100E-005 ), #7511, 'distance_accuracy_value', 'NONE');
#3209 = DIRECTION ( 'NONE',  ( -0.0000000000000000000, -1.000000000000000000, -0.0000000000000000000 ) ) ;
#3210 = EDGE_CURVE ( 'NONE', #3672, #1752, #600, .T. ) ;
#3211 = ORIENTED_EDGE ( 'NONE', *, *, #1340, .F. ) ;
#3212 = FACE_BOUND ( 'NONE', #6544, .T. ) ;
#3213 = DIRECTION ( 'NONE',  ( 1.000000000000000000, -0.0000000000000000000, 0.0000000000000000000 ) ) ;
#3214 = VECTOR ( 'NONE', #8810, 1000.000000000000000 ) ;
#3215 = EDGE_LOOP ( 'NONE', ( #805, #4465, #3521, #9012 ) ) ;
#3216 = DIRECTION ( 'NONE',  ( -1.000000000000000000, 0.0000000000000000000, -0.0000000000000000000 ) ) ;
#3217 = CARTESIAN_POINT ( 'NONE',  ( 0.1000000000000497000, 1.790000000000000000, -4.990000000000092600 ) ) ;
#3218 = SURFACE_SIDE_STYLE ('',( #7340 ) ) ;
#3219 = VERTEX_POINT ( 'NONE', #351 ) ;
#3220 = SURFACE_STYLE_FILL_AREA ( #794 ) ;
#3221 = VECTOR ( 'NONE', #8577, 1000.000000000000000 ) ;
#3223 = SURFACE_STYLE_USAGE ( .BOTH. , #3276 ) ;
#3222 = CARTESIAN_POINT ( 'NONE',  ( -11.19999999999992600, 0.9000000000000093500, 4.999999999999871200 ) ) ;
#3224 = EDGE_LOOP ( 'NONE', ( #1394, #1846, #3305, #6657 ) ) ;
#3225 = AXIS2_PLACEMENT_3D ( 'NONE', #6437, #2163, #7156 ) ;
#3226 = MECHANICAL_DESIGN_GEOMETRIC_PRESENTATION_REPRESENTATION (  '', ( #1778 ), #3723 ) ;
#3227 =( LENGTH_UNIT ( ) NAMED_UNIT ( * ) SI_UNIT ( .MILLI., .METRE. ) );
#3228 = FACE_OUTER_BOUND ( 'NONE', #2256, .T. ) ;
#3229 = VECTOR ( 'NONE', #230, 1000.000000000000000 ) ;
#3230 = SURFACE_STYLE_USAGE ( .BOTH. , #7490 ) ;
#3231 = LINE ( 'NONE', #4059, #1064 ) ;
#3232 = CARTESIAN_POINT ( 'NONE',  ( 4.600067000000006300, 0.8199999999999999500, -0.1501140000000206200 ) ) ;
#3233 = DIRECTION ( 'NONE',  ( 0.0000000000000000000, 0.0000000000000000000, 1.000000000000000000 ) ) ;
#3234 = ORIENTED_EDGE ( 'NONE', *, *, #3917, .F. ) ;
#3235 = VERTEX_POINT ( 'NONE', #169 ) ;
#3236 = EDGE_CURVE ( 'NONE', #6328, #2435, #8016, .T. ) ;
#3237 = VECTOR ( 'NONE', #4958, 1000.000000000000000 ) ;
#3238 =( NAMED_UNIT ( * ) SI_UNIT ( $, .STERADIAN. ) SOLID_ANGLE_UNIT ( ) );
#3239 = LINE ( 'NONE', #8686, #1302 ) ;
#3240 = STYLED_ITEM ( 'NONE', ( #1033 ), #3540 ) ;
#3241 = ORIENTED_EDGE ( 'NONE', *, *, #8581, .T. ) ;
#3242 = ADVANCED_FACE ( 'NONE', ( #7763 ), #1618, .F. ) ;
#3243 = LINE ( 'NONE', #4960, #3919 ) ;
#3244 = DIRECTION ( 'NONE',  ( 1.000000000000000000, 0.0000000000000000000, 0.0000000000000000000 ) ) ;
#3245 = COLOUR_RGB ( '',1.000000000000000000, 1.000000000000000000, 1.000000000000000000 ) ;
#3246 = VECTOR ( 'NONE', #9159, 1000.000000000000000 ) ;
#3247 = AXIS2_PLACEMENT_3D ( 'NONE', #778, #7570, #8900 ) ;
#3248 = DIRECTION ( 'NONE',  ( 1.000000000000000000, 0.0000000000000000000, 0.0000000000000000000 ) ) ;
#3249 = ORIENTED_EDGE ( 'NONE', *, *, #6006, .T. ) ;
#3251 = CARTESIAN_POINT ( 'NONE',  ( -6.699876999999989200, 0.0000000000000000000, 4.649977999999984800 ) ) ;
#3250 = FILL_AREA_STYLE_COLOUR ( '', #285 ) ;
#3252 = FACE_OUTER_BOUND ( 'NONE', #88, .T. ) ;
#3253 = LINE ( 'NONE', #2164, #6801 ) ;
#3254 = EDGE_CURVE ( 'NONE', #865, #1427, #5259, .T. ) ;
#3255 = PRESENTATION_STYLE_ASSIGNMENT (( #8910 ) ) ;
#3256 = ORIENTED_EDGE ( 'NONE', *, *, #4973, .F. ) ;
#3257 = CARTESIAN_POINT ( 'NONE',  ( -11.19999999999992600, 1.399999999999954200, -5.200000000000093400 ) ) ;
#3258 = CARTESIAN_POINT ( 'NONE',  ( 0.0000000000000000000, 0.0000000000000000000, 5.550153999999987600 ) ) ;
#3259 = AXIS2_PLACEMENT_3D ( 'NONE', #8616, #8649, #8683 ) ;
#3260 = AXIS2_PLACEMENT_3D ( 'NONE', #2574, #6827, #7782 ) ;
#3261 = VECTOR ( 'NONE', #1593, 1000.000000000000000 ) ;
#3262 = CIRCLE ( 'NONE', #8579, 0.3500119999999958800 ) ;
#3263 = SURFACE_SIDE_STYLE ('',( #3642 ) ) ;
#3264 = SURFACE_STYLE_USAGE ( .BOTH. , #3095 ) ;
#3265 = VECTOR ( 'NONE', #8920, 1000.000000000000000 ) ;
#3266 = CIRCLE ( 'NONE', #8234, 0.3500119999999958800 ) ;
#3267 = VECTOR ( 'NONE', #3848, 1000.000000000000000 ) ;
#3268 = MECHANICAL_DESIGN_GEOMETRIC_PRESENTATION_REPRESENTATION (  '', ( #1328 ), #3767 ) ;
#3269 = LINE ( 'NONE', #4345, #7056 ) ;
#3270 = CARTESIAN_POINT ( 'NONE',  ( -3.150000000000034600, 0.6000001009056257200, 17.92388274267651100 ) ) ;
#3271 =( NAMED_UNIT ( * ) PLANE_ANGLE_UNIT ( ) SI_UNIT ( $, .RADIAN. ) );
#3272 = AXIS2_PLACEMENT_3D ( 'NONE', #5318, #5283, #5252 ) ;
#3273 = CARTESIAN_POINT ( 'NONE',  ( 0.0000000000000000000, 0.0000000000000000000, 0.0000000000000000000 ) ) ;
#3274 = ORIENTED_EDGE ( 'NONE', *, *, #18, .T. ) ;
#3276 = SURFACE_SIDE_STYLE ('',( #1300 ) ) ;
#3275 = CARTESIAN_POINT ( 'NONE',  ( -11.24000000000000900, 1.799999999999999600, 4.849999999999909900 ) ) ;
#3277 = DIRECTION ( 'NONE',  ( 0.0000000000000000000, 0.0000000000000000000, -1.000000000000000000 ) ) ;
#3278 = EDGE_CURVE ( 'NONE', #229, #6212, #7117, .T. ) ;
#3279 = DIRECTION ( 'NONE',  ( 0.0000000000000000000, 1.000000000000000000, -0.0000000000000000000 ) ) ;
#3280 = LINE ( 'NONE', #286, #8787 ) ;
#3281 = ADVANCED_FACE ( 'NONE', ( #1411 ), #1319, .T. ) ;
#3282 = ORIENTED_EDGE ( 'NONE', *, *, #628, .F. ) ;
#3283 = ORIENTED_EDGE ( 'NONE', *, *, #5198, .F. ) ;
#3284 = EDGE_LOOP ( 'NONE', ( #3002, #2208, #1157, #463 ) ) ;
#3285 = DIRECTION ( 'NONE',  ( -1.000000000000000000, -0.0000000000000000000, -0.0000000000000000000 ) ) ;
#3286 = CARTESIAN_POINT ( 'NONE',  ( 0.0000000000000000000, 0.0000000000000000000, 5.550153999999987600 ) ) ;
#3287 = VECTOR ( 'NONE', #3888, 1000.000000000000000 ) ;
#3288 = ORIENTED_EDGE ( 'NONE', *, *, #1954, .T. ) ;
#3289 = VERTEX_POINT ( 'NONE', #996 ) ;
#3290 =( NAMED_UNIT ( * ) PLANE_ANGLE_UNIT ( ) SI_UNIT ( $, .RADIAN. ) );
#3291 = COLOUR_RGB ( '',0.1647058823529411700, 1.000000000000000000, 0.1529411764705882500 ) ;
#3292 = AXIS2_PLACEMENT_3D ( 'NONE', #3270, #8256, #3987 ) ;
#3293 = DIRECTION ( 'NONE',  ( 0.0000000000000000000, 0.0000000000000000000, 1.000000000000000000 ) ) ;
#3294 = FACE_OUTER_BOUND ( 'NONE', #2680, .T. ) ;
#3295 = EDGE_CURVE ( 'NONE', #3448, #3696, #715, .T. ) ;
#3296 = ORIENTED_EDGE ( 'NONE', *, *, #9158, .F. ) ;
#3297 = UNCERTAINTY_MEASURE_WITH_UNIT (LENGTH_MEASURE( 1.000000000000000100E-005 ), #3130, 'distance_accuracy_value', 'NONE');
#3299 = FILL_AREA_STYLE ('',( #4829 ) ) ;
#3298 = CARTESIAN_POINT ( 'NONE',  ( -11.24000000000000900, 1.790000000000000000, -4.850000000000021000 ) ) ;
#3300 = ORIENTED_EDGE ( 'NONE', *, *, #5928, .F. ) ;
#3301 = DIRECTION ( 'NONE',  ( 0.0000000000000000000, 0.0000000000000000000, 1.000000000000000000 ) ) ;
#3302 = AXIS2_PLACEMENT_3D ( 'NONE', #4092, #4368, #7675 ) ;
#3303 = FACE_BOUND ( 'NONE', #8230, .T. ) ;
#3304 =( NAMED_UNIT ( * ) PLANE_ANGLE_UNIT ( ) SI_UNIT ( $, .RADIAN. ) );
#3305 = ORIENTED_EDGE ( 'NONE', *, *, #8040, .F. ) ;
#3306 = COLOUR_RGB ( '',0.2039215686274509800, 0.2039215686274509800, 0.2039215686274509800 ) ;
#3307 =( LENGTH_UNIT ( ) NAMED_UNIT ( * ) SI_UNIT ( .MILLI., .METRE. ) );
#3308 = CARTESIAN_POINT ( 'NONE',  ( -3.799967000000008100, 0.0000000000000000000, 0.2499359999999782900 ) ) ;
#3309 = EDGE_LOOP ( 'NONE', ( #7856, #9125 ) ) ;
#3310 = CARTESIAN_POINT ( 'NONE',  ( 7.000113000000009600, 1.520000000000000000, 4.999990000000023500 ) ) ;
#3311 = OPEN_SHELL ( 'NONE', ( #9038, #2582, #1631, #1308 ) ) ;
#3312 = UNCERTAINTY_MEASURE_WITH_UNIT (LENGTH_MEASURE( 1.000000000000000100E-005 ), #8643, 'distance_accuracy_value', 'NONE');
#3313 = ORIENTED_EDGE ( 'NONE', *, *, #2840, .F. ) ;
#3314 = VECTOR ( 'NONE', #2941, 1000.000000000000000 ) ;
#3315 =( NAMED_UNIT ( * ) PLANE_ANGLE_UNIT ( ) SI_UNIT ( $, .RADIAN. ) );
#3316 = DIRECTION ( 'NONE',  ( 1.000000000000000000, 0.0000000000000000000, -0.0000000000000000000 ) ) ;
#3317 = AXIS2_PLACEMENT_3D ( 'NONE', #6516, #5145, #8594 ) ;
#3318 = ORIENTED_EDGE ( 'NONE', *, *, #7629, .F. ) ;
#3319 = UNCERTAINTY_MEASURE_WITH_UNIT (LENGTH_MEASURE( 1.000000000000000100E-005 ), #6953, 'distance_accuracy_value', 'NONE');
#3320 = CARTESIAN_POINT ( 'NONE',  ( 1.449958999999993800, 0.7500000000000000000, 4.499864000000005900 ) ) ;
#3321 = EDGE_CURVE ( 'NONE', #6142, #505, #6222, .T. ) ;
#3322 =( GEOMETRIC_REPRESENTATION_CONTEXT ( 3 ) GLOBAL_UNCERTAINTY_ASSIGNED_CONTEXT ( ( #4298 ) ) GLOBAL_UNIT_ASSIGNED_CONTEXT ( ( #6374, #4811, #4779 ) ) REPRESENTATION_CONTEXT ( 'NONE', 'WORKASPACE' ) );
#3323 = SURFACE_STYLE_FILL_AREA ( #1713 ) ;
#3324 = VECTOR ( 'NONE', #6398, 1000.000000000000000 ) ;
#3325 = COLOUR_RGB ( '',1.000000000000000000, 1.000000000000000000, 1.000000000000000000 ) ;
#3326 = FILL_AREA_STYLE ('',( #1883 ) ) ;
#3327 = ORIENTED_EDGE ( 'NONE', *, *, #5458, .F. ) ;
#3328 = VERTEX_POINT ( 'NONE', #1251 ) ;
#3329 = FILL_AREA_STYLE ('',( #438 ) ) ;
#3330 = DIRECTION ( 'NONE',  ( 0.0000000000000000000, 0.0000000000000000000, -1.000000000000000000 ) ) ;
#3331 = UNCERTAINTY_MEASURE_WITH_UNIT (LENGTH_MEASURE( 1.000000000000000100E-005 ), #2142, 'distance_accuracy_value', 'NONE');
#3332 = ORIENTED_EDGE ( 'NONE', *, *, #2689, .T. ) ;
#3333 = DIRECTION ( 'NONE',  ( 0.0000000000000000000, -0.0000000000000000000, -1.000000000000000000 ) ) ;
#3334 = FACE_OUTER_BOUND ( 'NONE', #4145, .T. ) ;
#3335 = LINE ( 'NONE', #3891, #6893 ) ;
#3336 = SURFACE_SIDE_STYLE ('',( #3035 ) ) ;
#3337 = AXIS2_PLACEMENT_3D ( 'NONE', #4942, #4971, #4996 ) ;
#3338 = ORIENTED_EDGE ( 'NONE', *, *, #921, .F. ) ;
#3339 = ORIENTED_EDGE ( 'NONE', *, *, #8183, .F. ) ;
#3340 =( NAMED_UNIT ( * ) SI_UNIT ( $, .STERADIAN. ) SOLID_ANGLE_UNIT ( ) );
#3341 = ORIENTED_EDGE ( 'NONE', *, *, #4734, .F. ) ;
#3342 = COLOUR_RGB ( '',1.000000000000000000, 1.000000000000000000, 1.000000000000000000 ) ;
#3343 = ORIENTED_EDGE ( 'NONE', *, *, #4824, .F. ) ;
#3344 = CARTESIAN_POINT ( 'NONE',  ( 1.449958999999993800, 0.7600000000000000100, 4.599864000000006400 ) ) ;
#3345 = VECTOR ( 'NONE', #5730, 1000.000000000000000 ) ;
#3346 = LINE ( 'NONE', #2928, #3133 ) ;
#3347 = EDGE_CURVE ( 'NONE', #2503, #2042, #478, .T. ) ;
#3348 = SURFACE_SIDE_STYLE ('',( #2467 ) ) ;
#3349 = SURFACE_STYLE_FILL_AREA ( #8770 ) ;
#3350 = ORIENTED_EDGE ( 'NONE', *, *, #3254, .F. ) ;
#3351 = ADVANCED_FACE ( 'NONE', ( #8126 ), #1287, .F. ) ;
#3352 =( LENGTH_UNIT ( ) NAMED_UNIT ( * ) SI_UNIT ( .MILLI., .METRE. ) );
#3353 = SURFACE_STYLE_USAGE ( .BOTH. , #3503 ) ;
#3354 = PRESENTATION_LAYER_ASSIGNMENT (  '', '', ( #2401 ) ) ;
#3355 = VECTOR ( 'NONE', #5540, 1000.000000000000000 ) ;
#3356 = PRESENTATION_STYLE_ASSIGNMENT (( #8748 ) ) ;
#3357 = EDGE_CURVE ( 'NONE', #7106, #5264, #3434, .T. ) ;
#3358 = ORIENTED_EDGE ( 'NONE', *, *, #2964, .T. ) ;
#3359 = CARTESIAN_POINT ( 'NONE',  ( -5.899876999999989400, 0.0000000000000000000, -5.550153999999987600 ) ) ;
#3360 = EDGE_CURVE ( 'NONE', #5380, #5073, #9168, .T. ) ;
#3361 = EDGE_CURVE ( 'NONE', #4186, #8896, #1531, .T. ) ;
#3362 =( NAMED_UNIT ( * ) PLANE_ANGLE_UNIT ( ) SI_UNIT ( $, .RADIAN. ) );
#3363 = VECTOR ( 'NONE', #1469, 1000.000000000000000 ) ;
#3364 =( LENGTH_UNIT ( ) NAMED_UNIT ( * ) SI_UNIT ( .MILLI., .METRE. ) );
#3365 = EDGE_LOOP ( 'NONE', ( #5905, #6432, #7224, #2995 ) ) ;
#3366 = CARTESIAN_POINT ( 'NONE',  ( 0.0000000000000000000, 0.0000000000000000000, 4.649977999999984800 ) ) ;
#3367 = UNCERTAINTY_MEASURE_WITH_UNIT (LENGTH_MEASURE( 1.000000000000000100E-005 ), #126, 'distance_accuracy_value', 'NONE');
#3368 = VECTOR ( 'NONE', #7169, 1000.000000000000000 ) ;
#3369 = EDGE_CURVE ( 'NONE', #4449, #6212, #6993, .T. ) ;
#3370 = VECTOR ( 'NONE', #5969, 1000.000000000000000 ) ;
#3371 = CARTESIAN_POINT ( 'NONE',  ( 0.0000000000000000000, 0.0000000000000000000, 0.0000000000000000000 ) ) ;
#3372 =( NAMED_UNIT ( * ) SI_UNIT ( $, .STERADIAN. ) SOLID_ANGLE_UNIT ( ) );
#3373 = LINE ( 'NONE', #336, #7400 ) ;
#3374 = STYLED_ITEM ( 'NONE', ( #5846 ), #1658 ) ;
#3375 = MECHANICAL_DESIGN_GEOMETRIC_PRESENTATION_REPRESENTATION (  '', ( #1926 ), #3873 ) ;
#3376 = CARTESIAN_POINT ( 'NONE',  ( 0.2499999999998978600, 2.000000000000000000, 4.849999999999909900 ) ) ;
#3377 = CYLINDRICAL_SURFACE ( 'NONE', #3449, 0.3500119999999967700 ) ;
#3378 = PRESENTATION_STYLE_ASSIGNMENT (( #2968 ) ) ;
#3379 = SURFACE_STYLE_USAGE ( .BOTH. , #3442 ) ;
#3380 = DIRECTION ( 'NONE',  ( -1.000000000000000000, 0.0000000000000000000, 0.0000000000000000000 ) ) ;
#3381 = COLOUR_RGB ( '',1.000000000000000000, 1.000000000000000000, 1.000000000000000000 ) ;
#3382 = ADVANCED_FACE ( 'NONE', ( #5366 ), #1235, .F. ) ;
#3383 = UNCERTAINTY_MEASURE_WITH_UNIT (LENGTH_MEASURE( 1.000000000000000100E-005 ), #1816, 'distance_accuracy_value', 'NONE');
#3384 =( NAMED_UNIT ( * ) PLANE_ANGLE_UNIT ( ) SI_UNIT ( $, .RADIAN. ) );
#3385 = VECTOR ( 'NONE', #1149, 1000.000000000000000 ) ;
#3386 = LINE ( 'NONE', #5535, #4058 ) ;
#3387 = ORIENTED_EDGE ( 'NONE', *, *, #8581, .F. ) ;
#3388 = CARTESIAN_POINT ( 'NONE',  ( 1.149985000000013100, 0.7600000000000000100, 5.000066000000027900 ) ) ;
#3389 =( GEOMETRIC_REPRESENTATION_CONTEXT ( 3 ) GLOBAL_UNCERTAINTY_ASSIGNED_CONTEXT ( ( #2699 ) ) GLOBAL_UNIT_ASSIGNED_CONTEXT ( ( #8058, #3810, #8815 ) ) REPRESENTATION_CONTEXT ( 'NONE', 'WORKASPACE' ) );
#3390 =( NAMED_UNIT ( * ) PLANE_ANGLE_UNIT ( ) SI_UNIT ( $, .RADIAN. ) );
#3391 = PRESENTATION_LAYER_ASSIGNMENT (  '', '', ( #2444 ) ) ;
#3392 = ORIENTED_EDGE ( 'NONE', *, *, #4213, .T. ) ;
#3393 = ORIENTED_EDGE ( 'NONE', *, *, #8784, .T. ) ;
#3394 = ADVANCED_FACE ( 'NONE', ( #8008 ), #1602, .T. ) ;
#3395 = PLANE ( 'NONE',  #1523 ) ;
#3396 = VERTEX_POINT ( 'NONE', #1730 ) ;
#3397 = CARTESIAN_POINT ( 'NONE',  ( -6.200004999999991100, 0.0000000000000000000, 5.550153999999987600 ) ) ;
#3398 = EDGE_CURVE ( 'NONE', #4906, #3076, #9292, .T. ) ;
#3399 = ORIENTED_EDGE ( 'NONE', *, *, #1789, .F. ) ;
#3400 = ORIENTED_EDGE ( 'NONE', *, *, #5943, .T. ) ;
#3401 = CARTESIAN_POINT ( 'NONE',  ( -11.19999999999992600, 0.9000000000000093500, 5.199999999999871400 ) ) ;
#3402 = DIRECTION ( 'NONE',  ( 0.5547001962254422000, 0.8320502943377016100, 0.0000000000000000000 ) ) ;
#3403 = STYLED_ITEM ( 'NONE', ( #4568 ), #3440 ) ;
#3404 = CARTESIAN_POINT ( 'NONE',  ( 2.600070999999988700, 0.8199999999999999500, 0.1498600000000155400 ) ) ;
#3405 = VERTEX_POINT ( 'NONE', #1512 ) ;
#3406 = EDGE_CURVE ( 'NONE', #7768, #3447, #3789, .T. ) ;
#3407 = FACE_OUTER_BOUND ( 'NONE', #1990, .T. ) ;
#3408 = AXIS2_PLACEMENT_3D ( 'NONE', #4094, #9120, #4839 ) ;
#3409 = CARTESIAN_POINT ( 'NONE',  ( 0.0000000000000000000, 0.0000000000000000000, 5.550153999999987600 ) ) ;
#3410 = ORIENTED_EDGE ( 'NONE', *, *, #1804, .T. ) ;
#3411 = ORIENTED_EDGE ( 'NONE', *, *, #5986, .F. ) ;
#3412 = CARTESIAN_POINT ( 'NONE',  ( -11.45000000000000600, 0.8999999999998947700, 3.674999999999876400 ) ) ;
#3413 = VERTEX_POINT ( 'NONE', #2487 ) ;
#3414 = DIRECTION ( 'NONE',  ( 0.0000000000000000000, -0.0000000000000000000, 1.000000000000000000 ) ) ;
#3415 = LINE ( 'NONE', #9092, #1510 ) ;
#3416 = DIRECTION ( 'NONE',  ( 1.000000000000000000, -0.0000000000000000000, 0.0000000000000000000 ) ) ;
#3417 = CIRCLE ( 'NONE', #7485, 0.2100000000000001300 ) ;
#3418 = CIRCLE ( 'NONE', #9009, 0.2100000000000002100 ) ;
#3419 = VERTEX_POINT ( 'NONE', #2640 ) ;
#3420 = DIRECTION ( 'NONE',  ( 0.0000000000000000000, 0.0000000000000000000, -1.000000000000000000 ) ) ;
#3421 = DIRECTION ( 'NONE',  ( 0.0000000000000000000, 1.000000000000000000, 0.0000000000000000000 ) ) ;
#3422 = VERTEX_POINT ( 'NONE', #2839 ) ;
#3423 = CARTESIAN_POINT ( 'NONE',  ( -3.350000000000014300, 0.9000001009055961200, -5.200000000000093400 ) ) ;
#3424 =( NAMED_UNIT ( * ) SI_UNIT ( $, .STERADIAN. ) SOLID_ANGLE_UNIT ( ) );
#3425 = EDGE_CURVE ( 'NONE', #8422, #236, #5249, .T. ) ;
#3426 = ORIENTED_EDGE ( 'NONE', *, *, #7188, .F. ) ;
#3427 = FACE_BOUND ( 'NONE', #5216, .T. ) ;
#3428 = ORIENTED_EDGE ( 'NONE', *, *, #1391, .F. ) ;
#3429 =( GEOMETRIC_REPRESENTATION_CONTEXT ( 3 ) GLOBAL_UNCERTAINTY_ASSIGNED_CONTEXT ( ( #4052 ) ) GLOBAL_UNIT_ASSIGNED_CONTEXT ( ( #6565, #6650, #6535 ) ) REPRESENTATION_CONTEXT ( 'NONE', 'WORKASPACE' ) );
#3430 = SHELL_BASED_SURFACE_MODEL ( 'NONE', ( #4220, #4536, #6090, #9121, #7781, #4495, #3311, #6104 ) );
#3431 = PRESENTATION_LAYER_ASSIGNMENT (  '', '', ( #2482 ) ) ;
#3432 = ADVANCED_FACE ( 'NONE', ( #7112 ), #2643, .T. ) ;
#3433 =( LENGTH_UNIT ( ) NAMED_UNIT ( * ) SI_UNIT ( .MILLI., .METRE. ) );
#3434 = LINE ( 'NONE', #470, #7237 ) ;
#3435 = VECTOR ( 'NONE', #1361, 1000.000000000000000 ) ;
#3436 = DIRECTION ( 'NONE',  ( 1.000000000000000000, 0.0000000000000000000, 0.0000000000000000000 ) ) ;
#3437 = VERTEX_POINT ( 'NONE', #3624 ) ;
#3438 = ORIENTED_EDGE ( 'NONE', *, *, #4868, .T. ) ;
#3439 = CARTESIAN_POINT ( 'NONE',  ( 11.00010499999998900, 1.520000000000000000, -4.999989999999995900 ) ) ;
#3440 = ADVANCED_FACE ( 'NONE', ( #6450 ), #3726, .T. ) ;
#3441 = VECTOR ( 'NONE', #1964, 1000.000000000000000 ) ;
#3442 = SURFACE_SIDE_STYLE ('',( #1790 ) ) ;
#3443 = CARTESIAN_POINT ( 'NONE',  ( 0.09994900000000889200, 0.0000000000000000000, 0.0000000000000000000 ) ) ;
#3444 = VECTOR ( 'NONE', #9093, 1000.000000000000100 ) ;
#3445 = CARTESIAN_POINT ( 'NONE',  ( 0.1000000000000497000, 1.399999999999954200, 4.999999999999871200 ) ) ;
#3446 = EDGE_LOOP ( 'NONE', ( #5000, #8093, #9026, #3645 ) ) ;
#3447 = VERTEX_POINT ( 'NONE', #3659 ) ;
#3448 = VERTEX_POINT ( 'NONE', #2148 ) ;
#3449 = AXIS2_PLACEMENT_3D ( 'NONE', #5153, #4188, #3566 ) ;
#3450 = VECTOR ( 'NONE', #5622, 1000.000000000000000 ) ;
#3451 = CARTESIAN_POINT ( 'NONE',  ( 0.5001230000000103100, 0.0000000000000000000, 5.550153999999987600 ) ) ;
#3452 = SURFACE_STYLE_FILL_AREA ( #7564 ) ;
#3453 = VECTOR ( 'NONE', #786, 1000.000000000000000 ) ;
#3454 = CARTESIAN_POINT ( 'NONE',  ( 0.0000000000000000000, 0.0000000000000000000, 0.0000000000000000000 ) ) ;
#3455 = SURFACE_STYLE_FILL_AREA ( #5085 ) ;
#3456 = ORIENTED_EDGE ( 'NONE', *, *, #2653, .T. ) ;
#3457 = ORIENTED_EDGE ( 'NONE', *, *, #2312, .T. ) ;
#3458 = CARTESIAN_POINT ( 'NONE',  ( -5.099876999999989600, 0.0000000000000000000, -4.649977999999984800 ) ) ;
#3459 = FILL_AREA_STYLE ('',( #3598 ) ) ;
#3460 = LINE ( 'NONE', #6971, #7025 ) ;
#3461 = LINE ( 'NONE', #3523, #5392 ) ;
#3462 = VECTOR ( 'NONE', #9124, 1000.000000000000000 ) ;
#3463 = PRESENTATION_LAYER_ASSIGNMENT (  '', '', ( #2509 ) ) ;
#3464 = DIRECTION ( 'NONE',  ( 0.0000000000000000000, 0.0000000000000000000, -1.000000000000000000 ) ) ;
#3465 = ORIENTED_EDGE ( 'NONE', *, *, #639, .T. ) ;
#3466 = ORIENTED_EDGE ( 'NONE', *, *, #2088, .F. ) ;
#3467 = FILL_AREA_STYLE_COLOUR ( '', #7734 ) ;
#3468 = CARTESIAN_POINT ( 'NONE',  ( 3.200019000000005500, 0.8199999999999999500, -0.1501140000000206200 ) ) ;
#3469 = PLANE ( 'NONE',  #914 ) ;
#3470 = EDGE_LOOP ( 'NONE', ( #3749, #8152, #4883, #8817, #4459, #378, #8610, #5394, #2289, #7668, #7926, #5330, #31, #7435, #6732, #184, #3438, #7541, #722, #2740, #3119, #6749 ) ) ;
#3471 = VECTOR ( 'NONE', #4067, 1000.000000000000000 ) ;
#3472 = CARTESIAN_POINT ( 'NONE',  ( 7.000113000000009600, 0.5200000000000000200, -4.999989999999995900 ) ) ;
#3473 = ORIENTED_EDGE ( 'NONE', *, *, #2840, .T. ) ;
#3474 = DIRECTION ( 'NONE',  ( -0.0000000000000000000, 0.0000000000000000000, -1.000000000000000000 ) ) ;
#3475 = CARTESIAN_POINT ( 'NONE',  ( -6.699876999999989200, 0.0000000000000000000, -5.550153999999987600 ) ) ;
#3476 = MECHANICAL_DESIGN_GEOMETRIC_PRESENTATION_REPRESENTATION (  '', ( #2035 ), #3960 ) ;
#3477 = ADVANCED_FACE ( 'NONE', ( #41, #7644, #1965, #3883, #5785, #7448, #5568, #3668, #1748, #9161, #7232, #5359, #3427, #1521, #8930, #6984, #5136, #3212, #1274, #8707, #6754, #4911, #3003, #1042, #8451, #6555, #4668, #2759, #825, #8227, #6325, #4453, #2535, #582, #7999, #6105, #4216, #2327, #356, #7746, #5896, #3983, #2081, #135, #7539, #5669, #3780, #1845, #9280, #7333, #5449, #3538, #1634, #9041, #7102, #5240, #3303, #1392, #8818, #6866, #5017, #3098 ), #4595, .F. ) ;
#3478 = EDGE_CURVE ( 'NONE', #6647, #7321, #4786, .T. ) ;
#3479 = UNCERTAINTY_MEASURE_WITH_UNIT (LENGTH_MEASURE( 1.000000000000000100E-005 ), #9066, 'distance_accuracy_value', 'NONE');
#3480 = FACE_OUTER_BOUND ( 'NONE', #2456, .T. ) ;
#3481 =( NAMED_UNIT ( * ) PLANE_ANGLE_UNIT ( ) SI_UNIT ( $, .RADIAN. ) );
#3482 = CARTESIAN_POINT ( 'NONE',  ( -10.45000000000001000, 0.6000000000000415000, 17.92388274267651100 ) ) ;
#3483 = EDGE_CURVE ( 'NONE', #215, #2720, #1144, .T. ) ;
#3484 = DIRECTION ( 'NONE',  ( 0.0000000000000000000, -1.000000000000000000, 3.469446951953995600E-015 ) ) ;
#3485 = PRESENTATION_LAYER_ASSIGNMENT (  '', '', ( #2534 ) ) ;
#3486 = DIRECTION ( 'NONE',  ( 0.0000000000000000000, 1.000000000000000000, 0.0000000000000000000 ) ) ;
#3487 = VECTOR ( 'NONE', #1680, 1000.000000000000000 ) ;
#3488 = DIRECTION ( 'NONE',  ( -1.000000000000000000, 0.0000000000000000000, -0.0000000000000000000 ) ) ;
#3489 = ADVANCED_FACE ( 'NONE', ( #6440 ), #2810, .T. ) ;
#3490 = ORIENTED_EDGE ( 'NONE', *, *, #1305, .F. ) ;
#3491 = SURFACE_SIDE_STYLE ('',( #7152 ) ) ;
#3492 = DIRECTION ( 'NONE',  ( 1.000000000000000000, 0.0000000000000000000, 0.0000000000000000000 ) ) ;
#3493 = EDGE_CURVE ( 'NONE', #7579, #4954, #7635, .T. ) ;
#3494 = FACE_OUTER_BOUND ( 'NONE', #7969, .T. ) ;
#3495 = DIRECTION ( 'NONE',  ( -1.000000000000000000, -0.0000000000000000000, -0.0000000000000000000 ) ) ;
#3496 = CARTESIAN_POINT ( 'NONE',  ( -3.150000000000034600, 0.6000001009056257200, 4.999999999999871200 ) ) ;
#3497 = FACE_OUTER_BOUND ( 'NONE', #5245, .T. ) ;
#3498 = CARTESIAN_POINT ( 'NONE',  ( -3.676393202613750200, 0.9000001009055961200, 5.199999999999871400 ) ) ;
#3499 = PRESENTATION_STYLE_ASSIGNMENT (( #7814 ) ) ;
#3500 = CARTESIAN_POINT ( 'NONE',  ( -3.350000000000014300, 0.9000001009055961200, 5.199999999999871400 ) ) ;
#3501 = EDGE_CURVE ( 'NONE', #9305, #4750, #5778, .T. ) ;
#3502 = SURFACE_SIDE_STYLE ('',( #7685 ) ) ;
#3503 = SURFACE_SIDE_STYLE ('',( #4872 ) ) ;
#3504 = CARTESIAN_POINT ( 'NONE',  ( 0.0000000000000000000, 0.0000000000000000000, 4.649977999999984800 ) ) ;
#3505 = COLOUR_RGB ( '',0.2039215686274509800, 0.2039215686274509800, 0.2039215686274509800 ) ;
#3506 = VECTOR ( 'NONE', #7038, 1000.000000000000000 ) ;
#3507 = ORIENTED_EDGE ( 'NONE', *, *, #190, .T. ) ;
#3508 = ORIENTED_EDGE ( 'NONE', *, *, #4387, .T. ) ;
#3509 = ORIENTED_EDGE ( 'NONE', *, *, #456, .T. ) ;
#3510 = DIRECTION ( 'NONE',  ( 0.0000000000000000000, 0.0000000000000000000, 1.000000000000000000 ) ) ;
#3511 = CARTESIAN_POINT ( 'NONE',  ( 1.149985000000013100, 0.5200000000000000200, 5.100066000000028400 ) ) ;
#3512 = COLOUR_RGB ( '',1.000000000000000000, 1.000000000000000000, 1.000000000000000000 ) ;
#3513 = SURFACE_STYLE_USAGE ( .BOTH. , #7758 ) ;
#3514 = AXIS2_PLACEMENT_3D ( 'NONE', #3773, #8780, #4496 ) ;
#3515 = CARTESIAN_POINT ( 'NONE',  ( -7.323606999999949400, 0.9000000000000084600, 4.999999999999871200 ) ) ;
#3516 = VECTOR ( 'NONE', #2578, 1000.000000000000000 ) ;
#3517 = AXIS2_PLACEMENT_3D ( 'NONE', #6751, #2234, #2267 ) ;
#3518 = VERTEX_POINT ( 'NONE', #5474 ) ;
#3519 = DIRECTION ( 'NONE',  ( 0.0000000000000000000, 0.0000000000000000000, -1.000000000000000000 ) ) ;
#3520 = VERTEX_POINT ( 'NONE', #4861 ) ;
#3521 = ORIENTED_EDGE ( 'NONE', *, *, #4734, .T. ) ;
#3522 = DIRECTION ( 'NONE',  ( 0.0000000000000000000, -0.0000000000000000000, -1.000000000000000000 ) ) ;
#3523 = CARTESIAN_POINT ( 'NONE',  ( 0.0000000000000000000, 0.0000000000000000000, 5.550153999999987600 ) ) ;
#3524 = ADVANCED_FACE ( 'NONE', ( #245 ), #6599, .T. ) ;
#3525 = EDGE_CURVE ( 'NONE', #8542, #6550, #6747, .T. ) ;
#3526 = LINE ( 'NONE', #35, #9031 ) ;
#3527 = CARTESIAN_POINT ( 'NONE',  ( 0.1000000000000427600, 1.790000000000000000, -4.990000000000092600 ) ) ;
#3528 = ORIENTED_EDGE ( 'NONE', *, *, #7817, .T. ) ;
#3529 = ORIENTED_EDGE ( 'NONE', *, *, #9149, .F. ) ;
#3530 = CARTESIAN_POINT ( 'NONE',  ( -5.899876999999989400, 0.0000000000000000000, -0.0000000000000000000 ) ) ;
#3531 = ORIENTED_EDGE ( 'NONE', *, *, #221, .F. ) ;
#3532 = STYLED_ITEM ( 'NONE', ( #6302 ), #3681 ) ;
#3533 = PRESENTATION_STYLE_ASSIGNMENT (( #3230 ) ) ;
#3534 = AXIS2_PLACEMENT_3D ( 'NONE', #7334, #3070, #8047 ) ;
#3535 = CARTESIAN_POINT ( 'NONE',  ( -10.45000000000001000, 0.6000000000000423900, 5.199999999999871400 ) ) ;
#3536 = DIRECTION ( 'NONE',  ( 0.0000000000000000000, -1.000000000000000000, 6.123233995736766000E-017 ) ) ;
#3537 = VERTEX_POINT ( 'NONE', #6356 ) ;
#3538 = FACE_BOUND ( 'NONE', #352, .T. ) ;
#3539 = EDGE_LOOP ( 'NONE', ( #1052, #6983, #3338, #3763 ) ) ;
#3540 = ADVANCED_FACE ( 'NONE', ( #8696 ), #4765, .T. ) ;
#3541 = FACE_OUTER_BOUND ( 'NONE', #2251, .T. ) ;
#3542 = DIRECTION ( 'NONE',  ( 0.0000000000000000000, 1.000000000000000000, 6.123233995736766000E-017 ) ) ;
#3543 = CARTESIAN_POINT ( 'NONE',  ( -7.100000056180550500, 0.7000000502492805800, 5.199999999999871400 ) ) ;
#3544 = ORIENTED_EDGE ( 'NONE', *, *, #2455, .F. ) ;
#3545 = CARTESIAN_POINT ( 'NONE',  ( -4.200017000000007000, 0.0000000000000000000, -0.0000000000000000000 ) ) ;
#3546 = CARTESIAN_POINT ( 'NONE',  ( 1.449958999999993800, 0.5200000000000000200, 4.499864000000005900 ) ) ;
#3547 = CARTESIAN_POINT ( 'NONE',  ( -5.400004999999990400, 0.0000000000000000000, 5.550153999999987600 ) ) ;
#3548 = EDGE_CURVE ( 'NONE', #5111, #5354, #6634, .T. ) ;
#3549 = PRESENTATION_STYLE_ASSIGNMENT (( #5776 ) ) ;
#3550 = DIRECTION ( 'NONE',  ( 0.0000000000000000000, 0.0000000000000000000, -1.000000000000000000 ) ) ;
#3551 = VERTEX_POINT ( 'NONE', #7518 ) ;
#3552 = SURFACE_STYLE_USAGE ( .BOTH. , #7794 ) ;
#3553 = CARTESIAN_POINT ( 'NONE',  ( 0.1999999999999276800, 0.9000001009055926800, 17.92388274267651100 ) ) ;
#3554 = EDGE_CURVE ( 'NONE', #7285, #7416, #8313, .T. ) ;
#3555 = EDGE_CURVE ( 'NONE', #7568, #8141, #1130, .T. ) ;
#3556 = ORIENTED_EDGE ( 'NONE', *, *, #5466, .F. ) ;
#3557 = LINE ( 'NONE', #4994, #3324 ) ;
#3558 = DIRECTION ( 'NONE',  ( 1.000000000000000000, -0.0000000000000000000, 0.0000000000000000000 ) ) ;
#3559 = VECTOR ( 'NONE', #8768, 1000.000000000000000 ) ;
#3560 = AXIS2_PLACEMENT_3D ( 'NONE', #5399, #3988, #8069 ) ;
#3561 = FILL_AREA_STYLE ('',( #3250 ) ) ;
#3562 = AXIS2_PLACEMENT_3D ( 'NONE', #7986, #9035, #335 ) ;
#3563 = ORIENTED_EDGE ( 'NONE', *, *, #427, .F. ) ;
#3564 = UNCERTAINTY_MEASURE_WITH_UNIT (LENGTH_MEASURE( 1.000000000000000100E-005 ), #4376, 'distance_accuracy_value', 'NONE');
#3565 = SURFACE_SIDE_STYLE ('',( #7403 ) ) ;
#3566 = DIRECTION ( 'NONE',  ( 0.0000000000000000000, 0.0000000000000000000, 1.000000000000000000 ) ) ;
#3567 = CARTESIAN_POINT ( 'NONE',  ( 0.5001230000000103100, 0.0000000000000000000, 0.0000000000000000000 ) ) ;
#3568 = ORIENTED_EDGE ( 'NONE', *, *, #6991, .F. ) ;
#3569 = VECTOR ( 'NONE', #3333, 1000.000000000000000 ) ;
#3570 = VECTOR ( 'NONE', #4590, 1000.000000000000000 ) ;
#3571 =( LENGTH_UNIT ( ) NAMED_UNIT ( * ) SI_UNIT ( .MILLI., .METRE. ) );
#3572 = CARTESIAN_POINT ( 'NONE',  ( 0.1999950000000100800, 0.0000000000000000000, -0.0000000000000000000 ) ) ;
#3573 = FILL_AREA_STYLE ('',( #3739 ) ) ;
#3574 = EDGE_LOOP ( 'NONE', ( #10, #8393, #8952, #1948 ) ) ;
#3575 = ORIENTED_EDGE ( 'NONE', *, *, #7649, .F. ) ;
#3576 = CARTESIAN_POINT ( 'NONE',  ( -10.90002899999999800, 0.0000000000000000000, -0.1501600000000094200 ) ) ;
#3577 = DIRECTION ( 'NONE',  ( 0.0000000000000000000, 0.0000000000000000000, -1.000000000000000000 ) ) ;
#3578 = FILL_AREA_STYLE ('',( #5460 ) ) ;
#3579 = ORIENTED_EDGE ( 'NONE', *, *, #7607, .T. ) ;
#3580 = LINE ( 'NONE', #6116, #5707 ) ;
#3581 = LINE ( 'NONE', #3572, #1671 ) ;
#3582 = ADVANCED_FACE ( 'NONE', ( #8547 ), #8095, .F. ) ;
#3583 = CARTESIAN_POINT ( 'NONE',  ( 0.0000000000000000000, 0.0000000000000000000, -4.649977999999984800 ) ) ;
#3584 = AXIS2_PLACEMENT_3D ( 'NONE', #8580, #4305, #9336 ) ;
#3585 = MECHANICAL_DESIGN_GEOMETRIC_PRESENTATION_REPRESENTATION (  '', ( #4721 ), #4048 ) ;
#3586 = FACE_OUTER_BOUND ( 'NONE', #4798, .T. ) ;
#3587 = ORIENTED_EDGE ( 'NONE', *, *, #6757, .T. ) ;
#3588 = DIRECTION ( 'NONE',  ( 0.0000000000000000000, -1.000000000000000000, 0.0000000000000000000 ) ) ;
#3589 = CIRCLE ( 'NONE', #8102, 0.01000000000000013400 ) ;
#3590 = VERTEX_POINT ( 'NONE', #8130 ) ;
#3591 = CARTESIAN_POINT ( 'NONE',  ( 3.200019000000005500, 0.5200000000000000200, -0.1501140000000206200 ) ) ;
#3592 = SURFACE_STYLE_FILL_AREA ( #6002 ) ;
#3593 = EDGE_CURVE ( 'NONE', #3405, #3590, #915, .T. ) ;
#3594 = CARTESIAN_POINT ( 'NONE',  ( 0.1000000000000497000, -28.62307019352236600, -4.850000000000021000 ) ) ;
#3595 = ADVANCED_FACE ( 'NONE', ( #2613 ), #9002, .F. ) ;
#3596 = LINE ( 'NONE', #1190, #7158 ) ;
#3597 = EDGE_LOOP ( 'NONE', ( #2476, #1637, #1998, #137 ) ) ;
#3598 = FILL_AREA_STYLE_COLOUR ( '', #2799 ) ;
#3599 = AXIS2_PLACEMENT_3D ( 'NONE', #8733, #365, #762 ) ;
#3600 = EDGE_CURVE ( 'NONE', #5483, #829, #5543, .T. ) ;
#3601 = MECHANICAL_DESIGN_GEOMETRIC_PRESENTATION_REPRESENTATION (  '', ( #2622 ), #4063 ) ;
#3602 = FILL_AREA_STYLE_COLOUR ( '', #7296 ) ;
#3603 =( NAMED_UNIT ( * ) PLANE_ANGLE_UNIT ( ) SI_UNIT ( $, .RADIAN. ) );
#3604 = VERTEX_POINT ( 'NONE', #6903 ) ;
#3605 = PRESENTATION_STYLE_ASSIGNMENT (( #9261 ) ) ;
#3606 = SURFACE_SIDE_STYLE ('',( #507 ) ) ;
#3607 = PLANE ( 'NONE',  #5171 ) ;
#3608 = FACE_BOUND ( 'NONE', #2630, .T. ) ;
#3609 = LINE ( 'NONE', #5826, #9103 ) ;
#3610 = SURFACE_STYLE_FILL_AREA ( #5406 ) ;
#3611 = CARTESIAN_POINT ( 'NONE',  ( 0.1000000000000497000, 1.789999999999999100, -17.92388274267673500 ) ) ;
#3612 = FACE_OUTER_BOUND ( 'NONE', #6471, .T. ) ;
#3613 = DIRECTION ( 'NONE',  ( -0.0000000000000000000, -0.0000000000000000000, 1.000000000000000000 ) ) ;
#3614 = CARTESIAN_POINT ( 'NONE',  ( -11.10000000000004900, 1.799999999999999600, -4.850000000000021000 ) ) ;
#3615 = STYLED_ITEM ( 'NONE', ( #9288 ), #3161 ) ;
#3616 =( LENGTH_UNIT ( ) NAMED_UNIT ( * ) SI_UNIT ( .MILLI., .METRE. ) );
#3617 = EDGE_CURVE ( 'NONE', #2411, #1843, #7424, .T. ) ;
#3618 = FACE_OUTER_BOUND ( 'NONE', #7622, .T. ) ;
#3619 = VECTOR ( 'NONE', #8658, 1000.000000000000000 ) ;
#3620 = FILL_AREA_STYLE_COLOUR ( '', #1462 ) ;
#3621 = UNCERTAINTY_MEASURE_WITH_UNIT (LENGTH_MEASURE( 1.000000000000000100E-005 ), #323, 'distance_accuracy_value', 'NONE');
#3622 =( NAMED_UNIT ( * ) PLANE_ANGLE_UNIT ( ) SI_UNIT ( $, .RADIAN. ) );
#3623 = MECHANICAL_DESIGN_GEOMETRIC_PRESENTATION_REPRESENTATION (  '', ( #2184 ), #4090 ) ;
#3624 = CARTESIAN_POINT ( 'NONE',  ( -9.400004999999991300, 0.0000000000000000000, 5.550153999999987600 ) ) ;
#3625 = MECHANICAL_DESIGN_GEOMETRIC_PRESENTATION_REPRESENTATION (  '', ( #2651 ), #4091 ) ;
#3626 = SURFACE_STYLE_FILL_AREA ( #5418 ) ;
#3627 = FILL_AREA_STYLE ('',( #566 ) ) ;
#3628 = SURFACE_STYLE_USAGE ( .BOTH. , #3606 ) ;
#3629 = ADVANCED_FACE ( 'NONE', ( #1724 ), #8621, .T. ) ;
#3630 = ORIENTED_EDGE ( 'NONE', *, *, #7676, .F. ) ;
#3631 = ORIENTED_EDGE ( 'NONE', *, *, #7515, .F. ) ;
#3632 =( LENGTH_UNIT ( ) NAMED_UNIT ( * ) SI_UNIT ( .MILLI., .METRE. ) );
#3633 = CARTESIAN_POINT ( 'NONE',  ( -11.79995099999999700, 0.0000000000000000000, -1.750160000000009700 ) ) ;
#3634 = CARTESIAN_POINT ( 'NONE',  ( -0.3500000000000117500, 0.9000001009055926800, -17.92388274267673500 ) ) ;
#3635 = ORIENTED_EDGE ( 'NONE', *, *, #4320, .F. ) ;
#3636 =( NAMED_UNIT ( * ) PLANE_ANGLE_UNIT ( ) SI_UNIT ( $, .RADIAN. ) );
#3637 = DIRECTION ( 'NONE',  ( 0.0000000000000000000, -0.0000000000000000000, -1.000000000000000000 ) ) ;
#3638 = MECHANICAL_DESIGN_GEOMETRIC_PRESENTATION_REPRESENTATION (  '', ( #2204 ), #4101 ) ;
#3639 =( LENGTH_UNIT ( ) NAMED_UNIT ( * ) SI_UNIT ( .MILLI., .METRE. ) );
#3640 = DIRECTION ( 'NONE',  ( 1.000000000000000000, 0.0000000000000000000, 0.0000000000000000000 ) ) ;
#3641 = CARTESIAN_POINT ( 'NONE',  ( -11.10000000000004900, -28.62307019352236600, 4.849999999999909900 ) ) ;
#3642 = SURFACE_STYLE_FILL_AREA ( #4957 ) ;
#3643 = ORIENTED_EDGE ( 'NONE', *, *, #1913, .F. ) ;
#3644 = AXIS2_PLACEMENT_3D ( 'NONE', #2198, #1486, #770 ) ;
#3645 = ORIENTED_EDGE ( 'NONE', *, *, #6480, .F. ) ;
#3646 =( NAMED_UNIT ( * ) SI_UNIT ( $, .STERADIAN. ) SOLID_ANGLE_UNIT ( ) );
#3647 = FILL_AREA_STYLE ('',( #1026 ) ) ;
#3648 = ORIENTED_EDGE ( 'NONE', *, *, #6213, .T. ) ;
#3649 = CARTESIAN_POINT ( 'NONE',  ( -5.099876999999989600, 0.0000000000000000000, -0.0000000000000000000 ) ) ;
#3650 = CARTESIAN_POINT ( 'NONE',  ( 0.1000000000000497000, 1.799999999999999600, 4.849999999999909900 ) ) ;
#3651 = ORIENTED_EDGE ( 'NONE', *, *, #8997, .T. ) ;
#3652 = SURFACE_SIDE_STYLE ('',( #6919 ) ) ;
#3653 = VERTEX_POINT ( 'NONE', #6419 ) ;
#3654 = ORIENTED_EDGE ( 'NONE', *, *, #1900, .F. ) ;
#3655 = CARTESIAN_POINT ( 'NONE',  ( 2.600070999999988700, 0.8199999999999999500, -0.1501140000000206200 ) ) ;
#3656 = EDGE_LOOP ( 'NONE', ( #8117, #5784, #3991, #3426 ) ) ;
#3657 = EDGE_LOOP ( 'NONE', ( #5562, #6318, #112, #7723 ) ) ;
#3658 = DIRECTION ( 'NONE',  ( 1.000000000000000000, 0.0000000000000000000, 0.0000000000000000000 ) ) ;
#3659 = CARTESIAN_POINT ( 'NONE',  ( 3.200019000000005500, 0.5200000000000000200, 0.1498600000000155400 ) ) ;
#3660 = AXIS2_PLACEMENT_3D ( 'NONE', #3298, #7151, #7177 ) ;
#3661 = FACE_OUTER_BOUND ( 'NONE', #3889, .T. ) ;
#3662 = ORIENTED_EDGE ( 'NONE', *, *, #3369, .F. ) ;
#3663 = CARTESIAN_POINT ( 'NONE',  ( 0.0000000000000000000, 0.0000000000000000000, 4.649977999999984800 ) ) ;
#3664 = ORIENTED_EDGE ( 'NONE', *, *, #6622, .F. ) ;
#3665 = VECTOR ( 'NONE', #2357, 1000.000000000000000 ) ;
#3666 = EDGE_CURVE ( 'NONE', #322, #4906, #1016, .T. ) ;
#3667 = ORIENTED_EDGE ( 'NONE', *, *, #753, .T. ) ;
#3668 = FACE_BOUND ( 'NONE', #9272, .T. ) ;
#3669 = PLANE ( 'NONE',  #9005 ) ;
#3670 = DIRECTION ( 'NONE',  ( -0.0000000000000000000, -1.000000000000000000, -0.0000000000000000000 ) ) ;
#3671 = AXIS2_PLACEMENT_3D ( 'NONE', #8535, #8507, #9036 ) ;
#3672 = VERTEX_POINT ( 'NONE', #2079 ) ;
#3673 = ORIENTED_EDGE ( 'NONE', *, *, #7194, .T. ) ;
#3674 = PRESENTATION_LAYER_ASSIGNMENT (  '', '', ( #2698 ) ) ;
#3675 = CARTESIAN_POINT ( 'NONE',  ( -6.200004999999991100, 0.0000000000000000000, -4.649977999999984800 ) ) ;
#3676 = EDGE_CURVE ( 'NONE', #339, #7428, #2728, .T. ) ;
#3677 = VERTEX_POINT ( 'NONE', #2041 ) ;
#3678 = LINE ( 'NONE', #7787, #5144 ) ;
#3679 = FACE_OUTER_BOUND ( 'NONE', #6700, .T. ) ;
#3680 = CARTESIAN_POINT ( 'NONE',  ( -11.24000000000000900, 1.790000000000000000, 4.849999999999909900 ) ) ;
#3681 = ADVANCED_FACE ( 'NONE', ( #4641 ), #4311, .T. ) ;
#3682 = VERTEX_POINT ( 'NONE', #9076 ) ;
#3683 = ORIENTED_EDGE ( 'NONE', *, *, #3347, .T. ) ;
#3684 = CARTESIAN_POINT ( 'NONE',  ( 0.0000000000000000000, 0.0000000000000000000, -4.649977999999984800 ) ) ;
#3685 = CARTESIAN_POINT ( 'NONE',  ( 2.100123000000011100, 0.0000000000000000000, 0.0000000000000000000 ) ) ;
#3686 = AXIS2_PLACEMENT_3D ( 'NONE', #6406, #6443, #6504 ) ;
#3687 = VECTOR ( 'NONE', #7810, 1000.000000000000000 ) ;
#3688 = CARTESIAN_POINT ( 'NONE',  ( -0.3500000000000117500, 0.9000001009055926800, 17.92388274267651100 ) ) ;
#3689 = LINE ( 'NONE', #6887, #1541 ) ;
#3690 = LINE ( 'NONE', #6913, #9181 ) ;
#3691 =( NAMED_UNIT ( * ) PLANE_ANGLE_UNIT ( ) SI_UNIT ( $, .RADIAN. ) );
#3692 = VERTEX_POINT ( 'NONE', #3843 ) ;
#3693 = EDGE_CURVE ( 'NONE', #6883, #3447, #2047, .T. ) ;
#3694 = ORIENTED_EDGE ( 'NONE', *, *, #5762, .T. ) ;
#3695 = UNCERTAINTY_MEASURE_WITH_UNIT (LENGTH_MEASURE( 1.000000000000000100E-005 ), #5068, 'distance_accuracy_value', 'NONE');
#3696 = VERTEX_POINT ( 'NONE', #4111 ) ;
#3697 = SURFACE_SIDE_STYLE ('',( #8754 ) ) ;
#3698 = VECTOR ( 'NONE', #7365, 1000.000000000000000 ) ;
#3699 = LINE ( 'NONE', #3685, #2243 ) ;
#3700 = AXIS2_PLACEMENT_3D ( 'NONE', #377, #133, #103 ) ;
#3701 = EDGE_CURVE ( 'NONE', #3692, #7251, #110, .T. ) ;
#3702 = FACE_OUTER_BOUND ( 'NONE', #2115, .T. ) ;
#3703 = DIRECTION ( 'NONE',  ( 0.0000000000000000000, 0.0000000000000000000, 1.000000000000000000 ) ) ;
#3704 = ORIENTED_EDGE ( 'NONE', *, *, #9138, .T. ) ;
#3705 = CARTESIAN_POINT ( 'NONE',  ( 7.000113000000009600, 1.520000000000000000, -4.999989999999995900 ) ) ;
#3706 = ORIENTED_EDGE ( 'NONE', *, *, #8064, .T. ) ;
#3707 = DIRECTION ( 'NONE',  ( 1.000000000000000000, 0.0000000000000000000, 0.0000000000000000000 ) ) ;
#3708 =( NAMED_UNIT ( * ) PLANE_ANGLE_UNIT ( ) SI_UNIT ( $, .RADIAN. ) );
#3709 = VECTOR ( 'NONE', #7239, 1000.000000000000000 ) ;
#3710 = VERTEX_POINT ( 'NONE', #7413 ) ;
#3711 = LINE ( 'NONE', #5522, #9201 ) ;
#3712 = CARTESIAN_POINT ( 'NONE',  ( 0.1000000000000497000, 1.799999999999999600, 5.199999999999871400 ) ) ;
#3713 = FACE_OUTER_BOUND ( 'NONE', #6447, .T. ) ;
#3714 = CARTESIAN_POINT ( 'NONE',  ( -11.24000000000000900, -28.62307019352236600, 4.849999999999909900 ) ) ;
#3715 = ORIENTED_EDGE ( 'NONE', *, *, #8211, .T. ) ;
#3716 = PLANE ( 'NONE',  #8343 ) ;
#3717 = CARTESIAN_POINT ( 'NONE',  ( -11.24000000000000900, 1.799999999999999600, -4.850000000000021000 ) ) ;
#3718 = CARTESIAN_POINT ( 'NONE',  ( 8.772996778704309100, 1.399999999999810300, -4.850000000000019200 ) ) ;
#3719 = DIRECTION ( 'NONE',  ( 0.0000000000000000000, 0.0000000000000000000, -1.000000000000000000 ) ) ;
#3720 = DIRECTION ( 'NONE',  ( 1.000000000000000000, -0.0000000000000000000, 0.0000000000000000000 ) ) ;
#3721 = COLOUR_RGB ( '',1.000000000000000000, 1.000000000000000000, 1.000000000000000000 ) ;
#3722 = AXIS2_PLACEMENT_3D ( 'NONE', #6469, #2207, #7186 ) ;
#3723 =( GEOMETRIC_REPRESENTATION_CONTEXT ( 3 ) GLOBAL_UNCERTAINTY_ASSIGNED_CONTEXT ( ( #6020 ) ) GLOBAL_UNIT_ASSIGNED_CONTEXT ( ( #2989, #2895, #2859 ) ) REPRESENTATION_CONTEXT ( 'NONE', 'WORKASPACE' ) );
#3724 = ORIENTED_EDGE ( 'NONE', *, *, #1061, .T. ) ;
#3725 = ORIENTED_EDGE ( 'NONE', *, *, #9351, .T. ) ;
#3726 = PLANE ( 'NONE',  #6276 ) ;
#3727 = PRESENTATION_STYLE_ASSIGNMENT (( #7819 ) ) ;
#3728 = EDGE_CURVE ( 'NONE', #1944, #287, #3756, .T. ) ;
#3729 = VECTOR ( 'NONE', #6009, 1000.000000000000000 ) ;
#3730 = AXIS2_PLACEMENT_3D ( 'NONE', #6133, #6265, #6291 ) ;
#3731 = ADVANCED_FACE ( 'NONE', ( #8421 ), #6141, .F. ) ;
#3732 = STYLED_ITEM ( 'NONE', ( #1499 ), #3430 ) ;
#3733 = CARTESIAN_POINT ( 'NONE',  ( 8.772996778704309100, 0.8999999999998696800, -3.675000000000090900 ) ) ;
#3734 = CARTESIAN_POINT ( 'NONE',  ( 4.499991000000001400, 0.0000000000000000000, -4.649977999999984800 ) ) ;
#3735 = CARTESIAN_POINT ( 'NONE',  ( 11.00010499999998900, 1.520000000000000000, -4.999989999999995900 ) ) ;
#3736 =( NAMED_UNIT ( * ) SI_UNIT ( $, .STERADIAN. ) SOLID_ANGLE_UNIT ( ) );
#3737 = UNCERTAINTY_MEASURE_WITH_UNIT (LENGTH_MEASURE( 1.000000000000000100E-005 ), #2869, 'distance_accuracy_value', 'NONE');
#3738 = CARTESIAN_POINT ( 'NONE',  ( 12.00010300000000500, 0.5200000000000000200, -5.750051999999991300 ) ) ;
#3739 = FILL_AREA_STYLE_COLOUR ( '', #5831 ) ;
#3740 = VERTEX_POINT ( 'NONE', #6039 ) ;
#3741 = PRESENTATION_LAYER_ASSIGNMENT (  '', '', ( #3967 ) ) ;
#3742 = PLANE ( 'NONE',  #7608 ) ;
#3743 = FILL_AREA_STYLE_COLOUR ( '', #6557 ) ;
#3744 =( NAMED_UNIT ( * ) PLANE_ANGLE_UNIT ( ) SI_UNIT ( $, .RADIAN. ) );
#3745 = DIRECTION ( 'NONE',  ( 0.0000000000000000000, 0.0000000000000000000, 1.000000000000000000 ) ) ;
#3746 = DIRECTION ( 'NONE',  ( -1.000000000000000000, 0.0000000000000000000, 0.0000000000000000000 ) ) ;
#3747 = VECTOR ( 'NONE', #4268, 1000.000000000000000 ) ;
#3748 = PLANE ( 'NONE',  #1946 ) ;
#3749 = ORIENTED_EDGE ( 'NONE', *, *, #2621, .F. ) ;
#3750 = SURFACE_STYLE_USAGE ( .BOTH. , #3778 ) ;
#3751 = EDGE_CURVE ( 'NONE', #6721, #2614, #7513, .T. ) ;
#3752 = ORIENTED_EDGE ( 'NONE', *, *, #3982, .T. ) ;
#3753 =( NAMED_UNIT ( * ) SI_UNIT ( $, .STERADIAN. ) SOLID_ANGLE_UNIT ( ) );
#3754 = AXIS2_PLACEMENT_3D ( 'NONE', #8254, #8134, #8411 ) ;
#3755 = MECHANICAL_DESIGN_GEOMETRIC_PRESENTATION_REPRESENTATION (  '', ( #2782 ), #4222 ) ;
#3756 = LINE ( 'NONE', #6111, #1821 ) ;
#3757 = ORIENTED_EDGE ( 'NONE', *, *, #2048, .T. ) ;
#3758 = VERTEX_POINT ( 'NONE', #3515 ) ;
#3759 = DIRECTION ( 'NONE',  ( -6.123233995736766000E-017, 1.000000000000000000, -2.891205793293927200E-015 ) ) ;
#3760 = ORIENTED_EDGE ( 'NONE', *, *, #7649, .T. ) ;
#3761 = ADVANCED_FACE ( 'NONE', ( #5420 ), #5014, .F. ) ;
#3762 = CARTESIAN_POINT ( 'NONE',  ( -5.400004999999990400, 0.0000000000000000000, 0.0000000000000000000 ) ) ;
#3763 = ORIENTED_EDGE ( 'NONE', *, *, #3360, .T. ) ;
#3764 = EDGE_LOOP ( 'NONE', ( #3877, #6081, #7624, #5538, #4421, #4199, #7517, #4992, #8669, #8552, #8214, #7308, #6854, #6860, #7732, #7510 ) ) ;
#3765 = ORIENTED_EDGE ( 'NONE', *, *, #1155, .T. ) ;
#3766 = ORIENTED_EDGE ( 'NONE', *, *, #6547, .F. ) ;
#3767 =( GEOMETRIC_REPRESENTATION_CONTEXT ( 3 ) GLOBAL_UNCERTAINTY_ASSIGNED_CONTEXT ( ( #5792 ) ) GLOBAL_UNIT_ASSIGNED_CONTEXT ( ( #4247, #4086, #3993 ) ) REPRESENTATION_CONTEXT ( 'NONE', 'WORKASPACE' ) );
#3768 = DIRECTION ( 'NONE',  ( -1.000000000000000000, 0.0000000000000000000, 0.0000000000000000000 ) ) ;
#3769 = AXIS2_PLACEMENT_3D ( 'NONE', #7406, #7343, #1719 ) ;
#3770 = LINE ( 'NONE', #9131, #5235 ) ;
#3771 = VERTEX_POINT ( 'NONE', #3954 ) ;
#3772 = ORIENTED_EDGE ( 'NONE', *, *, #2536, .F. ) ;
#3773 = CARTESIAN_POINT ( 'NONE',  ( -3.899999999999922600, 0.7000001004988012400, 5.199999999999871400 ) ) ;
#3774 = DIRECTION ( 'NONE',  ( -1.000000000000000000, 0.0000000000000000000, 0.0000000000000000000 ) ) ;
#3775 = ADVANCED_FACE ( 'NONE', ( #9248 ), #8659, .T. ) ;
#3776 = CARTESIAN_POINT ( 'NONE',  ( 12.00010300000000500, 0.5200000000000000200, 5.750051999999991300 ) ) ;
#3777 = LINE ( 'NONE', #6062, #1844 ) ;
#3778 = SURFACE_SIDE_STYLE ('',( #5205 ) ) ;
#3779 = ORIENTED_EDGE ( 'NONE', *, *, #3236, .F. ) ;
#3780 = FACE_BOUND ( 'NONE', #1132, .T. ) ;
#3781 = EDGE_CURVE ( 'NONE', #7902, #734, #903, .T. ) ;
#3782 = EDGE_LOOP ( 'NONE', ( #7780, #1761, #2427, #8002 ) ) ;
#3783 = LINE ( 'NONE', #4336, #1847 ) ;
#3784 = LINE ( 'NONE', #8378, #9283 ) ;
#3785 = ORIENTED_EDGE ( 'NONE', *, *, #563, .F. ) ;
#3786 = FILL_AREA_STYLE ('',( #3089 ) ) ;
#3787 = STYLED_ITEM ( 'NONE', ( #370 ), #3242 ) ;
#3788 = ORIENTED_EDGE ( 'NONE', *, *, #554, .F. ) ;
#3789 = LINE ( 'NONE', #2430, #1644 ) ;
#3790 = FILL_AREA_STYLE ('',( #4790 ) ) ;
#3791 = PRESENTATION_STYLE_ASSIGNMENT (( #8986 ) ) ;
#3792 = VERTEX_POINT ( 'NONE', #4444 ) ;
#3793 = DIRECTION ( 'NONE',  ( -1.000000000000000000, 0.0000000000000000000, 0.0000000000000000000 ) ) ;
#3794 =( NAMED_UNIT ( * ) PLANE_ANGLE_UNIT ( ) SI_UNIT ( $, .RADIAN. ) );
#3795 = SURFACE_SIDE_STYLE ('',( #4862 ) ) ;
#3796 = DIRECTION ( 'NONE',  ( 2.189528850507526700E-047, -2.891205793293927200E-015, -1.000000000000000000 ) ) ;
#3797 = DIRECTION ( 'NONE',  ( 1.000000000000000000, 0.0000000000000000000, 0.0000000000000000000 ) ) ;
#3798 = LINE ( 'NONE', #3498, #5467 ) ;
#3799 = CARTESIAN_POINT ( 'NONE',  ( 8.772996778704309100, 1.399999999999810300, -4.950000000000119200 ) ) ;
#3800 = LINE ( 'NONE', #8599, #5686 ) ;
#3801 = PRESENTATION_LAYER_ASSIGNMENT (  '', '', ( #2829 ) ) ;
#3802 = EDGE_LOOP ( 'NONE', ( #2913, #3908, #5588, #8811 ) ) ;
#3803 = ORIENTED_EDGE ( 'NONE', *, *, #2689, .F. ) ;
#3804 = EDGE_CURVE ( 'NONE', #3520, #3289, #4534, .T. ) ;
#3805 = CARTESIAN_POINT ( 'NONE',  ( -11.19999999999992600, 1.399999999999953300, 4.999999999999871200 ) ) ;
#3806 = VERTEX_POINT ( 'NONE', #4503 ) ;
#3807 = VECTOR ( 'NONE', #8672, 1000.000000000000000 ) ;
#3808 = SURFACE_SIDE_STYLE ('',( #3880 ) ) ;
#3809 = LINE ( 'NONE', #3866, #3570 ) ;
#3810 =( NAMED_UNIT ( * ) PLANE_ANGLE_UNIT ( ) SI_UNIT ( $, .RADIAN. ) );
#3811 = DIRECTION ( 'NONE',  ( 0.0000000000000000000, 0.0000000000000000000, -1.000000000000000000 ) ) ;
#3812 = EDGE_CURVE ( 'NONE', #9040, #6529, #2847, .T. ) ;
#3813 = AXIS2_PLACEMENT_3D ( 'NONE', #3320, #5827, #5675 ) ;
#3814 = ORIENTED_EDGE ( 'NONE', *, *, #8077, .F. ) ;
#3815 = ADVANCED_FACE ( 'NONE', ( #6411 ), #2549, .F. ) ;
#3816 = ORIENTED_EDGE ( 'NONE', *, *, #7538, .F. ) ;
#3817 = VECTOR ( 'NONE', #1176, 1000.000000000000000 ) ;
#3818 = VECTOR ( 'NONE', #643, 1000.000000000000000 ) ;
#3819 = LINE ( 'NONE', #420, #1677 ) ;
#3820 = ORIENTED_EDGE ( 'NONE', *, *, #2914, .T. ) ;
#3821 = PRESENTATION_LAYER_ASSIGNMENT (  '', '', ( #2854 ) ) ;
#3822 = ADVANCED_FACE ( 'NONE', ( #5 ), #337, .T. ) ;
#3823 = CARTESIAN_POINT ( 'NONE',  ( 11.00010499999998900, 0.5200000000000000200, 4.999990000000023500 ) ) ;
#3824 = VECTOR ( 'NONE', #3113, 1000.000000000000000 ) ;
#3825 = EDGE_CURVE ( 'NONE', #3413, #8982, #6722, .T. ) ;
#3826 = CARTESIAN_POINT ( 'NONE',  ( 0.0000000000000000000, 0.0000000000000000000, 5.550153999999987600 ) ) ;
#3827 = ORIENTED_EDGE ( 'NONE', *, *, #9024, .F. ) ;
#3828 = DIRECTION ( 'NONE',  ( 0.0000000000000000000, 1.000000000000000000, -3.252606517453260400E-015 ) ) ;
#3829 = FACE_OUTER_BOUND ( 'NONE', #296, .T. ) ;
#3830 = PRESENTATION_STYLE_ASSIGNMENT (( #6470 ) ) ;
#3831 = FILL_AREA_STYLE ('',( #3743 ) ) ;
#3832 = EDGE_LOOP ( 'NONE', ( #6028, #6423, #7275, #8078 ) ) ;
#3833 = FACE_OUTER_BOUND ( 'NONE', #5990, .T. ) ;
#3834 = CARTESIAN_POINT ( 'NONE',  ( 0.0000000000000000000, 0.0000000000000000000, -5.550153999999987600 ) ) ;
#3835 = CARTESIAN_POINT ( 'NONE',  ( 0.0000000000000000000, 0.0000000000000000000, 0.0000000000000000000 ) ) ;
#3836 = DIRECTION ( 'NONE',  ( 0.0000000000000000000, 0.0000000000000000000, -1.000000000000000000 ) ) ;
#3837 = CARTESIAN_POINT ( 'NONE',  ( -1.400004999999990600, 0.0000000000000000000, -4.649977999999984800 ) ) ;
#3838 = AXIS2_PLACEMENT_3D ( 'NONE', #4425, #4457, #4487 ) ;
#3839 = LINE ( 'NONE', #7289, #9345 ) ;
#3840 = VECTOR ( 'NONE', #314, 1000.000000000000000 ) ;
#3841 = ORIENTED_EDGE ( 'NONE', *, *, #8965, .T. ) ;
#3842 = CARTESIAN_POINT ( 'NONE',  ( -11.79995099999999700, 0.0000000000000000000, 5.550153999999987600 ) ) ;
#3843 = CARTESIAN_POINT ( 'NONE',  ( -11.45000000000000600, 0.2999999999998507200, 3.899999999999908900 ) ) ;
#3844 = EDGE_CURVE ( 'NONE', #2835, #6597, #1231, .T. ) ;
#3845 = FILL_AREA_STYLE ('',( #2697 ) ) ;
#3846 = LINE ( 'NONE', #2940, #7405 ) ;
#3847 = MECHANICAL_DESIGN_GEOMETRIC_PRESENTATION_REPRESENTATION (  '', ( #2401 ), #4326 ) ;
#3848 = DIRECTION ( 'NONE',  ( -1.000000000000000000, -0.0000000000000000000, 0.0000000000000000000 ) ) ;
#3849 = CARTESIAN_POINT ( 'NONE',  ( 4.000118999999989100, 0.8199999999999999500, 0.1498600000000155400 ) ) ;
#3850 = STYLED_ITEM ( 'NONE', ( #211 ), #8750 ) ;
#3851 = CARTESIAN_POINT ( 'NONE',  ( -19.77299677870442100, 0.8999999999998679100, -4.125000000000041700 ) ) ;
#3852 =( LENGTH_UNIT ( ) NAMED_UNIT ( * ) SI_UNIT ( .MILLI., .METRE. ) );
#3853 = ADVANCED_FACE ( 'NONE', ( #8417 ), #5706, .T. ) ;
#3854 =( NAMED_UNIT ( * ) SI_UNIT ( $, .STERADIAN. ) SOLID_ANGLE_UNIT ( ) );
#3855 = FACE_OUTER_BOUND ( 'NONE', #3832, .T. ) ;
#3856 = EDGE_CURVE ( 'NONE', #320, #2983, #7713, .T. ) ;
#3857 = DIRECTION ( 'NONE',  ( -1.991647080242477300E-031, -3.252606517453260400E-015, -1.000000000000000000 ) ) ;
#3858 = EDGE_CURVE ( 'NONE', #4990, #5657, #4173, .T. ) ;
#3859 = ORIENTED_EDGE ( 'NONE', *, *, #2354, .T. ) ;
#3860 = UNCERTAINTY_MEASURE_WITH_UNIT (LENGTH_MEASURE( 1.000000000000000100E-005 ), #4851, 'distance_accuracy_value', 'NONE');
#3861 = AXIS2_PLACEMENT_3D ( 'NONE', #8178, #8212, #8242 ) ;
#3862 = EDGE_LOOP ( 'NONE', ( #1860, #8468, #6772, #7466 ) ) ;
#3863 = ORIENTED_EDGE ( 'NONE', *, *, #7209, .F. ) ;
#3864 = VECTOR ( 'NONE', #196, 1000.000000000000000 ) ;
#3865 = ADVANCED_FACE ( 'NONE', ( #5863 ), #5631, .F. ) ;
#3866 = CARTESIAN_POINT ( 'NONE',  ( -0.3500000000000117500, 0.9000001009055935700, 4.999999999999871200 ) ) ;
#3867 = EDGE_CURVE ( 'NONE', #5238, #1027, #2039, .T. ) ;
#3868 = ORIENTED_EDGE ( 'NONE', *, *, #6918, .F. ) ;
#3869 = ORIENTED_EDGE ( 'NONE', *, *, #6643, .T. ) ;
#3870 = ORIENTED_EDGE ( 'NONE', *, *, #6812, .F. ) ;
#3871 = VERTEX_POINT ( 'NONE', #8278 ) ;
#3872 = AXIS2_PLACEMENT_3D ( 'NONE', #3371, #5783, #6553 ) ;
#3873 =( GEOMETRIC_REPRESENTATION_CONTEXT ( 3 ) GLOBAL_UNCERTAINTY_ASSIGNED_CONTEXT ( ( #3103 ) ) GLOBAL_UNIT_ASSIGNED_CONTEXT ( ( #4681, #5325, #5952 ) ) REPRESENTATION_CONTEXT ( 'NONE', 'WORKASPACE' ) );
#3874 = EDGE_LOOP ( 'NONE', ( #2625, #3399, #3654, #4645 ) ) ;
#3875 = PLANE ( 'NONE',  #2650 ) ;
#3876 = ORIENTED_EDGE ( 'NONE', *, *, #8517, .F. ) ;
#3877 = ORIENTED_EDGE ( 'NONE', *, *, #5892, .T. ) ;
#3878 = DIRECTION ( 'NONE',  ( 1.000000000000000000, -0.0000000000000000000, 0.0000000000000000000 ) ) ;
#3879 = SURFACE_STYLE_FILL_AREA ( #5840 ) ;
#3880 = SURFACE_STYLE_FILL_AREA ( #7342 ) ;
#3881 = MECHANICAL_DESIGN_GEOMETRIC_PRESENTATION_REPRESENTATION (  '', ( #2444 ), #4377 ) ;
#3882 = ORIENTED_EDGE ( 'NONE', *, *, #6421, .F. ) ;
#3883 = FACE_BOUND ( 'NONE', #7096, .T. ) ;
#3884 = SURFACE_SIDE_STYLE ('',( #1043 ) ) ;
#3885 = LINE ( 'NONE', #4286, #6985 ) ;
#3886 =( NAMED_UNIT ( * ) SI_UNIT ( $, .STERADIAN. ) SOLID_ANGLE_UNIT ( ) );
#3887 = DIRECTION ( 'NONE',  ( 0.0000000000000000000, 0.0000000000000000000, 1.000000000000000000 ) ) ;
#3888 = DIRECTION ( 'NONE',  ( -0.0000000000000000000, -0.0000000000000000000, 1.000000000000000000 ) ) ;
#3889 = EDGE_LOOP ( 'NONE', ( #175, #3274, #5204, #8861 ) ) ;
#3890 = CARTESIAN_POINT ( 'NONE',  ( 0.1000000000000497000, -28.62307019352236600, 4.849999999999909900 ) ) ;
#3891 = CARTESIAN_POINT ( 'NONE',  ( -7.649999999999985300, 0.9000000000000084600, -17.92388274267673500 ) ) ;
#3892 = ADVANCED_FACE ( 'NONE', ( #7506 ), #9128, .F. ) ;
#3893 = EDGE_CURVE ( 'NONE', #250, #395, #9239, .T. ) ;
#3894 = ORIENTED_EDGE ( 'NONE', *, *, #8323, .T. ) ;
#3895 = VECTOR ( 'NONE', #2984, 1000.000000000000000 ) ;
#3896 = FILL_AREA_STYLE_COLOUR ( '', #9203 ) ;
#3897 = UNCERTAINTY_MEASURE_WITH_UNIT (LENGTH_MEASURE( 1.000000000000000100E-005 ), #5141, 'distance_accuracy_value', 'NONE');
#3898 = SURFACE_SIDE_STYLE ('',( #8345 ) ) ;
#3899 = AXIS2_PLACEMENT_3D ( 'NONE', #1038, #2970, #3486 ) ;
#3900 = VERTEX_POINT ( 'NONE', #7024 ) ;
#3901 = DIRECTION ( 'NONE',  ( 0.0000000000000000000, 1.000000000000000000, -0.0000000000000000000 ) ) ;
#3902 = AXIS2_PLACEMENT_3D ( 'NONE', #1989, #6977, #2713 ) ;
#3903 = FACE_OUTER_BOUND ( 'NONE', #1352, .T. ) ;
#3904 = VECTOR ( 'NONE', #1152, 1000.000000000000000 ) ;
#3905 = ADVANCED_FACE ( 'NONE', ( #5416 ), #2836, .T. ) ;
#3906 = PLANE ( 'NONE',  #374 ) ;
#3908 = ORIENTED_EDGE ( 'NONE', *, *, #6942, .T. ) ;
#3907 = CARTESIAN_POINT ( 'NONE',  ( 0.0000000000000000000, 0.0000000000000000000, -1.750160000000009700 ) ) ;
#3909 = ORIENTED_EDGE ( 'NONE', *, *, #1125, .F. ) ;
#3910 = PLANE ( 'NONE',  #3838 ) ;
#3911 = LINE ( 'NONE', #8477, #276 ) ;
#3912 = LINE ( 'NONE', #6147, #6027 ) ;
#3913 = EDGE_CURVE ( 'NONE', #7886, #4693, #6619, .T. ) ;
#3914 = ORIENTED_EDGE ( 'NONE', *, *, #270, .F. ) ;
#3915 = FILL_AREA_STYLE ('',( #2725 ) ) ;
#3916 = EDGE_LOOP ( 'NONE', ( #4653, #4209, #2624, #3507 ) ) ;
#3917 = EDGE_CURVE ( 'NONE', #4440, #4186, #8531, .T. ) ;
#3918 = DIRECTION ( 'NONE',  ( -1.000000000000000000, 0.0000000000000000000, 0.0000000000000000000 ) ) ;
#3919 = VECTOR ( 'NONE', #4986, 1000.000000000000000 ) ;
#3920 = ORIENTED_EDGE ( 'NONE', *, *, #7629, .T. ) ;
#3921 = DIRECTION ( 'NONE',  ( 0.0000000000000000000, 0.0000000000000000000, 1.000000000000000000 ) ) ;
#3922 = MECHANICAL_DESIGN_GEOMETRIC_PRESENTATION_REPRESENTATION (  '', ( #2482 ), #4414 ) ;
#3923 = ORIENTED_EDGE ( 'NONE', *, *, #5480, .T. ) ;
#3924 = FILL_AREA_STYLE ('',( #3896 ) ) ;
#3925 = DIRECTION ( 'NONE',  ( 0.0000000000000000000, -0.0000000000000000000, -1.000000000000000000 ) ) ;
#3926 = SURFACE_STYLE_USAGE ( .BOTH. , #3898 ) ;
#3927 = CYLINDRICAL_SURFACE ( 'NONE', #892, 0.3500119999999958800 ) ;
#3928 = PRESENTATION_STYLE_ASSIGNMENT (( #3050 ) ) ;
#3929 = LINE ( 'NONE', #7291, #5613 ) ;
#3930 = CARTESIAN_POINT ( 'NONE',  ( 0.3999230000000034100, 0.0000000000000000000, -3.900170000000022300 ) ) ;
#3931 = VERTEX_POINT ( 'NONE', #4850 ) ;
#3932 = STYLED_ITEM ( 'NONE', ( #7140 ), #2349 ) ;
#3933 = CARTESIAN_POINT ( 'NONE',  ( 1.149985000000013100, 0.7500000000000000000, 4.599864000000006400 ) ) ;
#3934 = VECTOR ( 'NONE', #8692, 1000.000000000000000 ) ;
#3935 = DIRECTION ( 'NONE',  ( 0.0000000000000000000, 0.0000000000000000000, -1.000000000000000000 ) ) ;
#3936 = COLOUR_RGB ( '',1.000000000000000000, 1.000000000000000000, 1.000000000000000000 ) ;
#3937 = MECHANICAL_DESIGN_GEOMETRIC_PRESENTATION_REPRESENTATION (  '', ( #2991 ), #4429 ) ;
#3938 = VECTOR ( 'NONE', #1134, 1000.000000000000000 ) ;
#3939 =( LENGTH_UNIT ( ) NAMED_UNIT ( * ) SI_UNIT ( .MILLI., .METRE. ) );
#3941 = PLANE ( 'NONE',  #5502 ) ;
#3940 = CARTESIAN_POINT ( 'NONE',  ( -4.299876999999988800, 0.0000000000000000000, 5.550153999999987600 ) ) ;
#3942 = FACE_OUTER_BOUND ( 'NONE', #8159, .T. ) ;
#3943 =( LENGTH_UNIT ( ) NAMED_UNIT ( * ) SI_UNIT ( .MILLI., .METRE. ) );
#3944 = LINE ( 'NONE', #385, #2028 ) ;
#3945 =( NAMED_UNIT ( * ) PLANE_ANGLE_UNIT ( ) SI_UNIT ( $, .RADIAN. ) );
#3946 = ORIENTED_EDGE ( 'NONE', *, *, #1801, .F. ) ;
#3947 = CARTESIAN_POINT ( 'NONE',  ( 2.349881000000005200, 0.8199999999999999500, 0.05003799999998837000 ) ) ;
#3948 = ADVANCED_FACE ( 'NONE', ( #4744 ), #5639, .F. ) ;
#3949 = UNCERTAINTY_MEASURE_WITH_UNIT (LENGTH_MEASURE( 1.000000000000000100E-005 ), #5592, 'distance_accuracy_value', 'NONE');
#3950 = COLOUR_RGB ( '',1.000000000000000000, 1.000000000000000000, 1.000000000000000000 ) ;
#3951 = CARTESIAN_POINT ( 'NONE',  ( 0.1999999999999276800, 1.399999999999954200, -5.200000000000093400 ) ) ;
#3952 = MECHANICAL_DESIGN_GEOMETRIC_PRESENTATION_REPRESENTATION (  '', ( #2509 ), #4445 ) ;
#3953 = DIRECTION ( 'NONE',  ( -1.991647080244688800E-031, 3.252606517456871800E-015, 1.000000000000000000 ) ) ;
#3954 = CARTESIAN_POINT ( 'NONE',  ( 0.9999950000000087400, 0.0000000000000000000, 4.649977999999984800 ) ) ;
#3955 = VECTOR ( 'NONE', #3925, 1000.000000000000000 ) ;
#3956 = DIRECTION ( 'NONE',  ( -1.000000000000000000, 0.0000000000000000000, 0.0000000000000000000 ) ) ;
#3957 = ORIENTED_EDGE ( 'NONE', *, *, #9063, .T. ) ;
#3958 = COLOUR_RGB ( '',1.000000000000000000, 1.000000000000000000, 1.000000000000000000 ) ;
#3959 = PLANE ( 'NONE',  #3292 ) ;
#3960 =( GEOMETRIC_REPRESENTATION_CONTEXT ( 3 ) GLOBAL_UNCERTAINTY_ASSIGNED_CONTEXT ( ( #353 ) ) GLOBAL_UNIT_ASSIGNED_CONTEXT ( ( #2375, #7358, #3094 ) ) REPRESENTATION_CONTEXT ( 'NONE', 'WORKASPACE' ) );
#3961 = ORIENTED_EDGE ( 'NONE', *, *, #7812, .F. ) ;
#3962 = UNCERTAINTY_MEASURE_WITH_UNIT (LENGTH_MEASURE( 1.000000000000000100E-005 ), #3121, 'distance_accuracy_value', 'NONE');
#3963 = CARTESIAN_POINT ( 'NONE',  ( 0.0000000000000000000, 0.0000000000000000000, -1.450031999999994200 ) ) ;
#3964 = ORIENTED_EDGE ( 'NONE', *, *, #4030, .T. ) ;
#3965 = EDGE_CURVE ( 'NONE', #6134, #7568, #8295, .T. ) ;
#3966 =( NAMED_UNIT ( * ) SI_UNIT ( $, .STERADIAN. ) SOLID_ANGLE_UNIT ( ) );
#3967 = STYLED_ITEM ( 'NONE', ( #2556 ), #100 ) ;
#3968 = MECHANICAL_DESIGN_GEOMETRIC_PRESENTATION_REPRESENTATION (  '', ( #2534 ), #4472 ) ;
#3969 = ORIENTED_EDGE ( 'NONE', *, *, #1834, .T. ) ;
#3970 =( NAMED_UNIT ( * ) PLANE_ANGLE_UNIT ( ) SI_UNIT ( $, .RADIAN. ) );
#3971 = ORIENTED_EDGE ( 'NONE', *, *, #8642, .F. ) ;
#3972 = ORIENTED_EDGE ( 'NONE', *, *, #895, .T. ) ;
#3973 = ORIENTED_EDGE ( 'NONE', *, *, #5812, .T. ) ;
#3974 = CARTESIAN_POINT ( 'NONE',  ( 0.0000000000000000000, 0.0000000000000000000, 0.0000000000000000000 ) ) ;
#3975 = DIRECTION ( 'NONE',  ( 1.000000000000000000, 0.0000000000000000000, 0.0000000000000000000 ) ) ;
#3976 = SURFACE_STYLE_FILL_AREA ( #8463 ) ;
#3977 = EDGE_CURVE ( 'NONE', #2983, #6979, #4526, .T. ) ;
#3978 = EDGE_LOOP ( 'NONE', ( #3021, #1236, #5010, #7022 ) ) ;
#3979 = DIRECTION ( 'NONE',  ( 0.0000000000000000000, 1.000000000000000000, -3.252606517456871800E-015 ) ) ;
#3980 = VECTOR ( 'NONE', #266, 1000.000000000000000 ) ;
#3981 = DIRECTION ( 'NONE',  ( 0.0000000000000000000, 0.0000000000000000000, 1.000000000000000000 ) ) ;
#3982 = EDGE_CURVE ( 'NONE', #102, #8433, #2600, .T. ) ;
#3983 = FACE_BOUND ( 'NONE', #2421, .T. ) ;
#3984 = LINE ( 'NONE', #4200, #7747 ) ;
#3985 = ADVANCED_FACE ( 'NONE', ( #6400 ), #4010, .F. ) ;
#3986 = EDGE_LOOP ( 'NONE', ( #3869, #3187, #7159, #6573 ) ) ;
#3987 = DIRECTION ( 'NONE',  ( 0.0000000000000000000, 0.0000000000000000000, -1.000000000000000000 ) ) ;
#3988 = DIRECTION ( 'NONE',  ( 0.0000000000000000000, 0.0000000000000000000, -1.000000000000000000 ) ) ;
#3989 = CARTESIAN_POINT ( 'NONE',  ( 0.1999999999999276800, 1.399999999999954200, -5.000000000000093300 ) ) ;
#3990 =( NAMED_UNIT ( * ) PLANE_ANGLE_UNIT ( ) SI_UNIT ( $, .RADIAN. ) );
#3991 = ORIENTED_EDGE ( 'NONE', *, *, #1226, .F. ) ;
#3993 =( NAMED_UNIT ( * ) SI_UNIT ( $, .STERADIAN. ) SOLID_ANGLE_UNIT ( ) );
#3992 = PLANE ( 'NONE',  #6795 ) ;
#3994 = VECTOR ( 'NONE', #4801, 1000.000000000000000 ) ;
#3995 = EDGE_LOOP ( 'NONE', ( #5544, #6422, #932, #3667 ) ) ;
#3996 = DIRECTION ( 'NONE',  ( -1.000000000000000000, 0.0000000000000000000, 0.0000000000000000000 ) ) ;
#3997 = AXIS2_PLACEMENT_3D ( 'NONE', #116, #5193, #849 ) ;
#3998 = PRESENTATION_LAYER_ASSIGNMENT (  '', '', ( #3057 ) ) ;
#3999 =( NAMED_UNIT ( * ) SI_UNIT ( $, .STERADIAN. ) SOLID_ANGLE_UNIT ( ) );
#4000 = ORIENTED_EDGE ( 'NONE', *, *, #7137, .T. ) ;
#4001 = COLOUR_RGB ( '',0.2039215686274509800, 0.2039215686274509800, 0.2039215686274509800 ) ;
#4002 = CARTESIAN_POINT ( 'NONE',  ( 2.049906999999996600, 0.8199999999999999500, -0.5501640000000057600 ) ) ;
#4003 = VECTOR ( 'NONE', #4940, 1000.000000000000000 ) ;
#4004 = CARTESIAN_POINT ( 'NONE',  ( -3.350000000000014300, 0.9000001009055961200, -5.200000000000093400 ) ) ;
#4005 = EDGE_LOOP ( 'NONE', ( #4766, #6078, #2072, #4593 ) ) ;
#4006 = ORIENTED_EDGE ( 'NONE', *, *, #3676, .T. ) ;
#4007 = EDGE_CURVE ( 'NONE', #2720, #2050, #8067, .T. ) ;
#4008 = DIRECTION ( 'NONE',  ( 0.0000000000000000000, 0.0000000000000000000, 1.000000000000000000 ) ) ;
#4009 = LINE ( 'NONE', #2424, #7357 ) ;
#4010 = PLANE ( 'NONE',  #2187 ) ;
#4011 = AXIS2_PLACEMENT_3D ( 'NONE', #6661, #8038, #4726 ) ;
#4012 = UNCERTAINTY_MEASURE_WITH_UNIT (LENGTH_MEASURE( 1.000000000000000100E-005 ), #874, 'distance_accuracy_value', 'NONE');
#4013 = PRESENTATION_LAYER_ASSIGNMENT (  '', '', ( #3067 ) ) ;
#4014 = VERTEX_POINT ( 'NONE', #2797 ) ;
#4015 = VERTEX_POINT ( 'NONE', #4202 ) ;
#4016 = PLANE ( 'NONE',  #5841 ) ;
#4017 = EDGE_CURVE ( 'NONE', #5929, #7791, #5957, .T. ) ;
#4018 = LINE ( 'NONE', #1206, #3817 ) ;
#4019 = PRESENTATION_STYLE_ASSIGNMENT (( #5122 ) ) ;
#4020 = VECTOR ( 'NONE', #6371, 1000.000000000000000 ) ;
#4021 = CARTESIAN_POINT ( 'NONE',  ( 0.1000000000000497000, 1.399999999999953300, -5.000000000000093300 ) ) ;
#4022 = CARTESIAN_POINT ( 'NONE',  ( 0.0000000000000000000, 0.0000000000000000000, 0.0000000000000000000 ) ) ;
#4023 = SURFACE_STYLE_USAGE ( .BOTH. , #3263 ) ;
#4024 = VERTEX_POINT ( 'NONE', #2695 ) ;
#4026 = CARTESIAN_POINT ( 'NONE',  ( -0.5500000000001007400, 0.6000001009056266100, 5.199999999999871400 ) ) ;
#4025 = CARTESIAN_POINT ( 'NONE',  ( 0.1000000000000497000, 1.399999999999953300, -17.92388274267673500 ) ) ;
#4027 = CARTESIAN_POINT ( 'NONE',  ( -19.77299677870442100, 1.999999999999966200, -4.850000000000021000 ) ) ;
#4028 = LINE ( 'NONE', #6029, #2129 ) ;
#4029 = LINE ( 'NONE', #945, #7383 ) ;
#4030 = EDGE_CURVE ( 'NONE', #8194, #3062, #2388, .T. ) ;
#4031 = EDGE_CURVE ( 'NONE', #6181, #2320, #2162, .T. ) ;
#4032 = ORIENTED_EDGE ( 'NONE', *, *, #8211, .F. ) ;
#4033 = CARTESIAN_POINT ( 'NONE',  ( 0.3999230000000034100, 0.0000000000000000000, 3.899916000000017000 ) ) ;
#4034 = ADVANCED_FACE ( 'NONE', ( #4293 ), #5091, .T. ) ;
#4035 = DIRECTION ( 'NONE',  ( -1.000000000000000000, 3.587508369989295400E-014, 0.0000000000000000000 ) ) ;
#4036 = PRESENTATION_LAYER_ASSIGNMENT (  '', '', ( #2595 ) ) ;
#4037 = MECHANICAL_DESIGN_GEOMETRIC_PRESENTATION_REPRESENTATION (  '', ( #3090 ), #4533 ) ;
#4038 = LINE ( 'NONE', #7611, #7586 ) ;
#4039 = VECTOR ( 'NONE', #7660, 1000.000000000000000 ) ;
#4040 = PRESENTATION_STYLE_ASSIGNMENT (( #6413 ) ) ;
#4041 = VERTEX_POINT ( 'NONE', #492 ) ;
#4042 = FILL_AREA_STYLE_COLOUR ( '', #8759 ) ;
#4043 = CARTESIAN_POINT ( 'NONE',  ( 12.00010300000000500, 0.5200000000000000200, -5.750051999999991300 ) ) ;
#4044 = EDGE_LOOP ( 'NONE', ( #5571, #3, #5567, #6253 ) ) ;
#4045 = SURFACE_STYLE_USAGE ( .BOTH. , #8318 ) ;
#4046 = CARTESIAN_POINT ( 'NONE',  ( 0.2399999999998991600, 1.790000000000000000, -22.99731541476201000 ) ) ;
#4047 = STYLED_ITEM ( 'NONE', ( #4845 ), #5642 ) ;
#4048 =( GEOMETRIC_REPRESENTATION_CONTEXT ( 3 ) GLOBAL_UNCERTAINTY_ASSIGNED_CONTEXT ( ( #5982 ) ) GLOBAL_UNIT_ASSIGNED_CONTEXT ( ( #6055, #2880, #2841 ) ) REPRESENTATION_CONTEXT ( 'NONE', 'WORKASPACE' ) );
#4049 = UNCERTAINTY_MEASURE_WITH_UNIT (LENGTH_MEASURE( 1.000000000000000100E-005 ), #6011, 'distance_accuracy_value', 'NONE');
#4050 = ADVANCED_FACE ( 'NONE', ( #3167 ), #5427, .T. ) ;
#4051 = ORIENTED_EDGE ( 'NONE', *, *, #5938, .F. ) ;
#4052 = UNCERTAINTY_MEASURE_WITH_UNIT (LENGTH_MEASURE( 1.000000000000000100E-005 ), #6565, 'distance_accuracy_value', 'NONE');
#4053 = VECTOR ( 'NONE', #2762, 1000.000000000000000 ) ;
#4054 = DIRECTION ( 'NONE',  ( 0.0000000000000000000, -0.0000000000000000000, 1.000000000000000000 ) ) ;
#4055 = EDGE_CURVE ( 'NONE', #3604, #3710, #6283, .T. ) ;
#4056 = CIRCLE ( 'NONE', #831, 0.2100000000000001300 ) ;
#4057 = CARTESIAN_POINT ( 'NONE',  ( 0.3999230000000034700, 0.5200000000000004600, 3.549904000000020200 ) ) ;
#4058 = VECTOR ( 'NONE', #468, 1000.000000000000000 ) ;
#4059 = CARTESIAN_POINT ( 'NONE',  ( -11.25000000000000900, 0.8999999999998687900, -3.675000000000090900 ) ) ;
#4060 = AXIS2_PLACEMENT_3D ( 'NONE', #6770, #627, #45 ) ;
#4061 = ORIENTED_EDGE ( 'NONE', *, *, #2182, .F. ) ;
#4062 = EDGE_CURVE ( 'NONE', #3099, #8332, #1475, .T. ) ;
#4063 =( GEOMETRIC_REPRESENTATION_CONTEXT ( 3 ) GLOBAL_UNCERTAINTY_ASSIGNED_CONTEXT ( ( #1159 ) ) GLOBAL_UNIT_ASSIGNED_CONTEXT ( ( #8215, #3945, #8967 ) ) REPRESENTATION_CONTEXT ( 'NONE', 'WORKASPACE' ) );
#4064 = ORIENTED_EDGE ( 'NONE', *, *, #5421, .T. ) ;
#4065 =( LENGTH_UNIT ( ) NAMED_UNIT ( * ) SI_UNIT ( .MILLI., .METRE. ) );
#4066 = ORIENTED_EDGE ( 'NONE', *, *, #4505, .T. ) ;
#4067 = DIRECTION ( 'NONE',  ( 0.0000000000000000000, 0.0000000000000000000, -1.000000000000000000 ) ) ;
#4068 = LINE ( 'NONE', #3826, #7616 ) ;
#4069 = DIRECTION ( 'NONE',  ( 1.000000000000000000, 0.0000000000000000000, 0.0000000000000000000 ) ) ;
#4070 = DIRECTION ( 'NONE',  ( 1.000000000000000000, 0.0000000000000000000, 0.0000000000000000000 ) ) ;
#4071 = LINE ( 'NONE', #5319, #7836 ) ;
#4072 = VERTEX_POINT ( 'NONE', #1797 ) ;
#4073 = VERTEX_POINT ( 'NONE', #5497 ) ;
#4074 = ORIENTED_EDGE ( 'NONE', *, *, #3856, .T. ) ;
#4075 = VERTEX_POINT ( 'NONE', #4378 ) ;
#4076 = ORIENTED_EDGE ( 'NONE', *, *, #8877, .T. ) ;
#4077 = CARTESIAN_POINT ( 'NONE',  ( 11.00010499999998900, 1.520000000000000000, -4.999989999999995900 ) ) ;
#4078 =( NAMED_UNIT ( * ) PLANE_ANGLE_UNIT ( ) SI_UNIT ( $, .RADIAN. ) );
#4079 = VECTOR ( 'NONE', #4289, 1000.000000000000000 ) ;
#4080 = PRESENTATION_LAYER_ASSIGNMENT (  '', '', ( #3615 ) ) ;
#4081 = ORIENTED_EDGE ( 'NONE', *, *, #3278, .F. ) ;
#4082 = DIRECTION ( 'NONE',  ( -1.000000000000000000, 0.0000000000000000000, 0.0000000000000000000 ) ) ;
#4083 = FACE_OUTER_BOUND ( 'NONE', #8317, .T. ) ;
#4084 = EDGE_CURVE ( 'NONE', #2384, #5880, #7945, .T. ) ;
#4085 = VERTEX_POINT ( 'NONE', #3092 ) ;
#4086 =( NAMED_UNIT ( * ) PLANE_ANGLE_UNIT ( ) SI_UNIT ( $, .RADIAN. ) );
#4087 = VERTEX_POINT ( 'NONE', #9106 ) ;
#4088 = DIRECTION ( 'NONE',  ( -1.000000000000000000, 0.0000000000000000000, 0.0000000000000000000 ) ) ;
#4089 = PRESENTATION_STYLE_ASSIGNMENT (( #1150 ) ) ;
#4090 =( GEOMETRIC_REPRESENTATION_CONTEXT ( 3 ) GLOBAL_UNCERTAINTY_ASSIGNED_CONTEXT ( ( #3860 ) ) GLOBAL_UNIT_ASSIGNED_CONTEXT ( ( #4851, #4918, #4979 ) ) REPRESENTATION_CONTEXT ( 'NONE', 'WORKASPACE' ) );
#4091 =( GEOMETRIC_REPRESENTATION_CONTEXT ( 3 ) GLOBAL_UNCERTAINTY_ASSIGNED_CONTEXT ( ( #2795 ) ) GLOBAL_UNIT_ASSIGNED_CONTEXT ( ( #1191, #1160, #1127 ) ) REPRESENTATION_CONTEXT ( 'NONE', 'WORKASPACE' ) );
#4092 = CARTESIAN_POINT ( 'NONE',  ( -7.100000056180550500, 0.7000000502492796900, 17.92388274267651100 ) ) ;
#4093 = EDGE_CURVE ( 'NONE', #2502, #4041, #2281, .T. ) ;
#4094 = CARTESIAN_POINT ( 'NONE',  ( 1.449958999999993800, 0.7500000000000000000, 5.100066000000028400 ) ) ;
#4095 = DIRECTION ( 'NONE',  ( 0.0000000000000000000, 1.000000000000000000, 1.445602896647284400E-013 ) ) ;
#4096 = DIRECTION ( 'NONE',  ( 0.0000000000000000000, 1.000000000000000000, -2.891205793293927200E-015 ) ) ;
#4097 = ORIENTED_EDGE ( 'NONE', *, *, #7110, .T. ) ;
#4098 = ADVANCED_FACE ( 'NONE', ( #4412 ), #7724, .F. ) ;
#4099 = DIRECTION ( 'NONE',  ( 1.000000000000000000, 0.0000000000000000000, -0.0000000000000000000 ) ) ;
#4100 = DIRECTION ( 'NONE',  ( 0.0000000000000000000, 0.0000000000000000000, -1.000000000000000000 ) ) ;
#4101 =( GEOMETRIC_REPRESENTATION_CONTEXT ( 3 ) GLOBAL_UNCERTAINTY_ASSIGNED_CONTEXT ( ( #5508 ) ) GLOBAL_UNIT_ASSIGNED_CONTEXT ( ( #7423, #8865, #8700 ) ) REPRESENTATION_CONTEXT ( 'NONE', 'WORKASPACE' ) );
#4102 = EDGE_LOOP ( 'NONE', ( #2011, #7427, #224, #4313 ) ) ;
#4103 = DIRECTION ( 'NONE',  ( 0.0000000000000000000, 1.000000000000000000, -0.0000000000000000000 ) ) ;
#4104 = PRESENTATION_LAYER_ASSIGNMENT (  '', '', ( #3159 ) ) ;
#4105 = PRESENTATION_STYLE_ASSIGNMENT (( #9037 ) ) ;
#4106 = VECTOR ( 'NONE', #3707, 1000.000000000000000 ) ;
#4107 = UNCERTAINTY_MEASURE_WITH_UNIT (LENGTH_MEASURE( 1.000000000000000100E-005 ), #7558, 'distance_accuracy_value', 'NONE');
#4108 =( LENGTH_UNIT ( ) NAMED_UNIT ( * ) SI_UNIT ( .MILLI., .METRE. ) );
#4109 = EDGE_LOOP ( 'NONE', ( #816, #4066, #4768, #7527 ) ) ;
#4110 = DIRECTION ( 'NONE',  ( 1.000000000000000000, 0.0000000000000000000, 0.0000000000000000000 ) ) ;
#4111 = CARTESIAN_POINT ( 'NONE',  ( -7.499876999999989900, 0.0000000000000000000, -5.550153999999987600 ) ) ;
#4112 = UNCERTAINTY_MEASURE_WITH_UNIT (LENGTH_MEASURE( 1.000000000000000100E-005 ), #7872, 'distance_accuracy_value', 'NONE');
#4113 = VECTOR ( 'NONE', #2883, 1000.000000000000000 ) ;
#4114 = LINE ( 'NONE', #4709, #2232 ) ;
#4115 = DIRECTION ( 'NONE',  ( 0.0000000000000000000, 0.0000000000000000000, 1.000000000000000000 ) ) ;
#4116 = PRESENTATION_LAYER_ASSIGNMENT (  '', '', ( #3169 ) ) ;
#4117 = ORIENTED_EDGE ( 'NONE', *, *, #5579, .F. ) ;
#4118 = VERTEX_POINT ( 'NONE', #8413 ) ;
#4119 = DIRECTION ( 'NONE',  ( 0.0000000000000000000, 1.000000000000000000, -0.0000000000000000000 ) ) ;
#4120 = ORIENTED_EDGE ( 'NONE', *, *, #4676, .T. ) ;
#4121 = FACE_OUTER_BOUND ( 'NONE', #5748, .T. ) ;
#4122 = DIRECTION ( 'NONE',  ( -1.000000000000000000, 0.0000000000000000000, 0.0000000000000000000 ) ) ;
#4123 = VECTOR ( 'NONE', #6560, 1000.000000000000000 ) ;
#4124 = DIRECTION ( 'NONE',  ( 0.0000000000000000000, 1.000000000000000000, -0.0000000000000000000 ) ) ;
#4125 = EDGE_CURVE ( 'NONE', #588, #1400, #6064, .T. ) ;
#4126 = VECTOR ( 'NONE', #6364, 1000.000000000000000 ) ;
#4127 = CARTESIAN_POINT ( 'NONE',  ( -11.25000000000000900, 1.399999999999843100, 4.849999999999911700 ) ) ;
#4128 = ORIENTED_EDGE ( 'NONE', *, *, #6999, .T. ) ;
#4129 = CARTESIAN_POINT ( 'NONE',  ( -19.77299677870442100, 1.399999999999844000, 4.849999999999911700 ) ) ;
#4130 = ORIENTED_EDGE ( 'NONE', *, *, #9339, .T. ) ;
#4131 = LINE ( 'NONE', #3222, #2253 ) ;
#4132 = DIRECTION ( 'NONE',  ( 0.0000000000000000000, 0.0000000000000000000, 1.000000000000000000 ) ) ;
#4133 = MECHANICAL_DESIGN_GEOMETRIC_PRESENTATION_REPRESENTATION (  '', ( #2698 ), #4625 ) ;
#4134 = ADVANCED_FACE ( 'NONE', ( #4166 ), #6744, .T. ) ;
#4135 = EDGE_CURVE ( 'NONE', #9204, #6800, #3269, .T. ) ;
#4136 = ORIENTED_EDGE ( 'NONE', *, *, #7494, .T. ) ;
#4137 = CARTESIAN_POINT ( 'NONE',  ( 0.1000000000000497000, 1.799999999999999600, -4.850000000000021000 ) ) ;
#4138 = SURFACE_STYLE_USAGE ( .BOTH. , #4172 ) ;
#4139 = VECTOR ( 'NONE', #857, 1000.000000000000000 ) ;
#4140 =( GEOMETRIC_REPRESENTATION_CONTEXT ( 3 ) GLOBAL_UNCERTAINTY_ASSIGNED_CONTEXT ( ( #7946 ) ) GLOBAL_UNIT_ASSIGNED_CONTEXT ( ( #8080, #8107, #8118 ) ) REPRESENTATION_CONTEXT ( 'NONE', 'WORKASPACE' ) );
#4141 = CARTESIAN_POINT ( 'NONE',  ( 0.2499999999998978600, 1.399999999999810300, -4.950000000000119200 ) ) ;
#4142 = VECTOR ( 'NONE', #5635, 1000.000000000000000 ) ;
#4143 = LINE ( 'NONE', #7260, #7686 ) ;
#4144 = AXIS2_PLACEMENT_3D ( 'NONE', #6087, #6149, #6241 ) ;
#4145 = EDGE_LOOP ( 'NONE', ( #6311, #4074, #8306, #3529, #6851, #4925, #6190, #3112, #2473, #2581, #3176, #2531, #4606, #4864, #7345, #9312, #6750, #8111, #8202, #9249, #7362, #3882 ) ) ;
#4146 = ADVANCED_FACE ( 'NONE', ( #8996 ), #4016, .F. ) ;
#4147 = LINE ( 'NONE', #7323, #6045 ) ;
#4148 = EDGE_LOOP ( 'NONE', ( #3410, #6337, #6842, #8264 ) ) ;
#4149 = CARTESIAN_POINT ( 'NONE',  ( -3.899999999999922600, 0.7000001004988012400, -5.200000000000093400 ) ) ;
#4150 = LINE ( 'NONE', #9238, #7932 ) ;
#4151 = EDGE_CURVE ( 'NONE', #1385, #8422, #8061, .T. ) ;
#4152 = LINE ( 'NONE', #3232, #303 ) ;
#4153 = FILL_AREA_STYLE_COLOUR ( '', #5523 ) ;
#4154 = CARTESIAN_POINT ( 'NONE',  ( 0.4499999999998983700, 0.5249999999998814500, 3.899999999999908900 ) ) ;
#4155 = DIRECTION ( 'NONE',  ( 1.000000000000000000, 0.0000000000000000000, 0.0000000000000000000 ) ) ;
#4156 = STYLED_ITEM ( 'NONE', ( #4852 ), #1736 ) ;
#4157 = FILL_AREA_STYLE_COLOUR ( '', #3245 ) ;
#4158 = DIRECTION ( 'NONE',  ( 0.5547001962252288100, -0.8320502943378438300, 0.0000000000000000000 ) ) ;
#4159 = CARTESIAN_POINT ( 'NONE',  ( -11.19999999999992600, 1.399999999999953300, -17.92388274267673500 ) ) ;
#4160 = SURFACE_STYLE_FILL_AREA ( #27 ) ;
#4161 = VECTOR ( 'NONE', #5906, 1000.000000000000000 ) ;
#4162 = UNCERTAINTY_MEASURE_WITH_UNIT (LENGTH_MEASURE( 1.000000000000000100E-005 ), #5496, 'distance_accuracy_value', 'NONE');
#4163 = DIRECTION ( 'NONE',  ( 0.0000000000000000000, -0.0000000000000000000, -1.000000000000000000 ) ) ;
#4164 = CARTESIAN_POINT ( 'NONE',  ( -11.10000000000004900, 1.789999999999999100, 17.92388274267651100 ) ) ;
#4165 = DIRECTION ( 'NONE',  ( 0.0000000000000000000, 0.0000000000000000000, 1.000000000000000000 ) ) ;
#4166 = FACE_OUTER_BOUND ( 'NONE', #3047, .T. ) ;
#4167 = PLANE ( 'NONE',  #694 ) ;
#4168 = DIRECTION ( 'NONE',  ( 0.0000000000000000000, 0.0000000000000000000, 1.000000000000000000 ) ) ;
#4169 = PRESENTATION_STYLE_ASSIGNMENT (( #8705 ) ) ;
#4170 = SURFACE_STYLE_FILL_AREA ( #2808 ) ;
#4171 = CARTESIAN_POINT ( 'NONE',  ( -7.850000000000074300, 0.6000000000000415000, -17.92388274267673500 ) ) ;
#4172 = SURFACE_SIDE_STYLE ('',( #5722 ) ) ;
#4173 = LINE ( 'NONE', #9163, #3955 ) ;
#4174 = DIRECTION ( 'NONE',  ( 0.0000000000000000000, 1.000000000000000000, -0.0000000000000000000 ) ) ;
#4175 = AXIS2_PLACEMENT_3D ( 'NONE', #5973, #1694, #6678 ) ;
#4176 = DIRECTION ( 'NONE',  ( 0.0000000000000000000, -1.000000000000000000, 3.469446951953997200E-015 ) ) ;
#4177 = ORIENTED_EDGE ( 'NONE', *, *, #2775, .F. ) ;
#4178 = CARTESIAN_POINT ( 'NONE',  ( 4.199995000000010100, 0.0000000000000000000, -4.649977999999984800 ) ) ;
#4179 = VECTOR ( 'NONE', #5306, 1000.000000000000000 ) ;
#4180 = CARTESIAN_POINT ( 'NONE',  ( -11.19999999999992600, 1.399999999999954200, 5.199999999999871400 ) ) ;
#4181 = EDGE_LOOP ( 'NONE', ( #1070, #9224, #3920, #4201 ) ) ;
#4182 = DIRECTION ( 'NONE',  ( 0.0000000000000000000, 0.0000000000000000000, 1.000000000000000000 ) ) ;
#4183 = ADVANCED_FACE ( 'NONE', ( #4517 ), #2366, .T. ) ;
#4184 = ORIENTED_EDGE ( 'NONE', *, *, #5320, .F. ) ;
#4185 = EDGE_CURVE ( 'NONE', #4332, #23, #5517, .T. ) ;
#4186 = VERTEX_POINT ( 'NONE', #2669 ) ;
#4187 = CARTESIAN_POINT ( 'NONE',  ( -11.45000000000000600, 1.790000000000000700, 4.849999999999911700 ) ) ;
#4188 = DIRECTION ( 'NONE',  ( -0.0000000000000000000, 1.000000000000000000, -0.0000000000000000000 ) ) ;
#4189 = SURFACE_SIDE_STYLE ('',( #3976 ) ) ;
#4190 = CARTESIAN_POINT ( 'NONE',  ( 3.200019000000005500, 0.8199999999999999500, -0.1501140000000206200 ) ) ;
#4191 = COLOUR_RGB ( '',1.000000000000000000, 1.000000000000000000, 1.000000000000000000 ) ;
#4192 = PRESENTATION_LAYER_ASSIGNMENT (  '', '', ( #3240 ) ) ;
#4193 = AXIS2_PLACEMENT_3D ( 'NONE', #9356, #5059, #708 ) ;
#4194 = DIRECTION ( 'NONE',  ( 0.0000000000000000000, -1.000000000000000000, 3.469446951953482400E-015 ) ) ;
#4195 = DIRECTION ( 'NONE',  ( 6.123233995736766000E-017, 1.000000000000000000, -2.891205793293927200E-015 ) ) ;
#4196 = ORIENTED_EDGE ( 'NONE', *, *, #1253, .F. ) ;
#4197 = VERTEX_POINT ( 'NONE', #988 ) ;
#4198 = ADVANCED_FACE ( 'NONE', ( #3612 ), #883, .F. ) ;
#4199 = ORIENTED_EDGE ( 'NONE', *, *, #947, .F. ) ;
#4200 = CARTESIAN_POINT ( 'NONE',  ( 0.0000000000000000000, 0.0000000000000000000, 5.550153999999987600 ) ) ;
#4201 = ORIENTED_EDGE ( 'NONE', *, *, #4246, .T. ) ;
#4202 = CARTESIAN_POINT ( 'NONE',  ( 4.199995000000010100, 0.0000000000000000000, 5.550153999999987600 ) ) ;
#4203 = VECTOR ( 'NONE', #1248, 1000.000000000000000 ) ;
#4204 = CARTESIAN_POINT ( 'NONE',  ( -12.00010300000000500, 0.5200000000000000200, 5.750051999999991300 ) ) ;
#4205 =( GEOMETRIC_REPRESENTATION_CONTEXT ( 3 ) GLOBAL_UNCERTAINTY_ASSIGNED_CONTEXT ( ( #7567 ) ) GLOBAL_UNIT_ASSIGNED_CONTEXT ( ( #1078, #1822, #8140 ) ) REPRESENTATION_CONTEXT ( 'NONE', 'WORKASPACE' ) );
#4206 = EDGE_LOOP ( 'NONE', ( #784, #6517, #1009, #4873 ) ) ;
#4207 = VERTEX_POINT ( 'NONE', #1372 ) ;
#4208 = FILL_AREA_STYLE ('',( #4411 ) ) ;
#4209 = ORIENTED_EDGE ( 'NONE', *, *, #4820, .F. ) ;
#4210 = CARTESIAN_POINT ( 'NONE',  ( -5.899876999999989400, 0.0000000000000000000, -0.0000000000000000000 ) ) ;
#4211 = LINE ( 'NONE', #6726, #131 ) ;
#4212 = FILL_AREA_STYLE ('',( #695 ) ) ;
#4213 = EDGE_CURVE ( 'NONE', #1725, #6922, #9108, .T. ) ;
#4214 = VERTEX_POINT ( 'NONE', #1106 ) ;
#4215 = EDGE_CURVE ( 'NONE', #2002, #3672, #1701, .T. ) ;
#4216 = FACE_BOUND ( 'NONE', #3284, .T. ) ;
#4217 = DIRECTION ( 'NONE',  ( -1.000000000000000000, 0.0000000000000000000, 0.0000000000000000000 ) ) ;
#4218 = EDGE_CURVE ( 'NONE', #3447, #8916, #3373, .T. ) ;
#4219 = CARTESIAN_POINT ( 'NONE',  ( 1.149985000000013100, 0.7600000000000000100, 5.000066000000027900 ) ) ;
#4220 = CLOSED_SHELL ( 'NONE', ( #4830, #4341, #3865, #8100, #3477, #2121, #8490, #864, #4644, #948, #4705, #5688, #5099, #2830, #2727, #3582, #4392, #4867, #4435, #4484, #1032, #993, #1818, #3154, #4198, #3892, #3143, #4570, #7844, #2275, #1204, #8856, #8296, #2322, #1045, #3948, #8163, #2391, #8647, #3761, #8794, #8840, #3731, #4098, #9286, #8701, #441, #1645, #525, #569, #1094, #9084, #620, #767, #819, #5745, #8253, #487, #1932, #1402, #1409, #3985, #8055, #2483, #5605, #1726, #8153, #1971, #2133, #2172, #4961 ) ) ;
#4221 = STYLED_ITEM ( 'NONE', ( #5094 ), #1452 ) ;
#4222 =( GEOMETRIC_REPRESENTATION_CONTEXT ( 3 ) GLOBAL_UNCERTAINTY_ASSIGNED_CONTEXT ( ( #3319 ) ) GLOBAL_UNIT_ASSIGNED_CONTEXT ( ( #6953, #3036, #5924 ) ) REPRESENTATION_CONTEXT ( 'NONE', 'WORKASPACE' ) );
#4223 = DIRECTION ( 'NONE',  ( 0.0000000000000000000, 1.000000000000000000, 0.0000000000000000000 ) ) ;
#4224 = VECTOR ( 'NONE', #1497, 1000.000000000000000 ) ;
#4225 = CARTESIAN_POINT ( 'NONE',  ( 0.9999950000000087400, 0.0000000000000000000, -5.550153999999987600 ) ) ;
#4226 = ORIENTED_EDGE ( 'NONE', *, *, #5943, .F. ) ;
#4227 = CARTESIAN_POINT ( 'NONE',  ( 0.2499999999998978600, 0.8999999999998687900, -3.675000000000090900 ) ) ;
#4228 = DIRECTION ( 'NONE',  ( 2.189528850507526700E-047, 2.891205793293927200E-015, 1.000000000000000000 ) ) ;
#4229 =( NAMED_UNIT ( * ) PLANE_ANGLE_UNIT ( ) SI_UNIT ( $, .RADIAN. ) );
#4230 = SURFACE_STYLE_FILL_AREA ( #602 ) ;
#4231 = DIRECTION ( 'NONE',  ( -1.000000000000000000, 0.0000000000000000000, 0.0000000000000000000 ) ) ;
#4232 = LINE ( 'NONE', #4190, #4003 ) ;
#4233 = CARTESIAN_POINT ( 'NONE',  ( 0.0000000000000000000, 0.0000000000000000000, -4.649977999999984800 ) ) ;
#4234 = ADVANCED_FACE ( 'NONE', ( #7176 ), #2485, .F. ) ;
#4235 = VERTEX_POINT ( 'NONE', #8809 ) ;
#4236 = DIRECTION ( 'NONE',  ( -0.0000000000000000000, 1.000000000000000000, -0.0000000000000000000 ) ) ;
#4237 = STYLED_ITEM ( 'NONE', ( #7174 ), #5331 ) ;
#4238 = PRODUCT_CONTEXT ( 'NONE', #592, 'mechanical' ) ;
#4239 = PLANE ( 'NONE',  #8279 ) ;
#4240 = UNCERTAINTY_MEASURE_WITH_UNIT (LENGTH_MEASURE( 1.000000000000000100E-005 ), #7393, 'distance_accuracy_value', 'NONE');
#4241 = VECTOR ( 'NONE', #2362, 1000.000000000000000 ) ;
#4242 =( NAMED_UNIT ( * ) PLANE_ANGLE_UNIT ( ) SI_UNIT ( $, .RADIAN. ) );
#4243 = ORIENTED_EDGE ( 'NONE', *, *, #8157, .T. ) ;
#4244 = ORIENTED_EDGE ( 'NONE', *, *, #1366, .T. ) ;
#4245 = ORIENTED_EDGE ( 'NONE', *, *, #7264, .T. ) ;
#4246 = EDGE_CURVE ( 'NONE', #8825, #3437, #4402, .T. ) ;
#4247 =( LENGTH_UNIT ( ) NAMED_UNIT ( * ) SI_UNIT ( .MILLI., .METRE. ) );
#4248 = ADVANCED_FACE ( 'NONE', ( #765 ), #7949, .T. ) ;
#4249 = VERTEX_POINT ( 'NONE', #7690 ) ;
#4250 = VECTOR ( 'NONE', #4728, 1000.000000000000000 ) ;
#4251 = VECTOR ( 'NONE', #8502, 1000.000000000000000 ) ;
#4252 = FILL_AREA_STYLE ('',( #4157 ) ) ;
#4253 = AXIS2_PLACEMENT_3D ( 'NONE', #2154, #5442, #81 ) ;
#4254 = EDGE_CURVE ( 'NONE', #9260, #2050, #9225, .T. ) ;
#4255 = CARTESIAN_POINT ( 'NONE',  ( -11.25000000000000900, 0.5249999999998536900, -3.900000000000120300 ) ) ;
#4256 = ORIENTED_EDGE ( 'NONE', *, *, #3867, .T. ) ;
#4257 = ORIENTED_EDGE ( 'NONE', *, *, #554, .T. ) ;
#4258 = CARTESIAN_POINT ( 'NONE',  ( -11.45000000000000600, 0.5249999999998814500, 3.899999999999908900 ) ) ;
#4259 = CARTESIAN_POINT ( 'NONE',  ( -10.69987699999999000, 0.0000000000000000000, -4.649977999999984800 ) ) ;
#4260 = ORIENTED_EDGE ( 'NONE', *, *, #2536, .T. ) ;
#4261 = CIRCLE ( 'NONE', #8991, 0.2499359999999921600 ) ;
#4262 = CARTESIAN_POINT ( 'NONE',  ( -11.79995099999999700, 0.0000000000000000000, -0.0000000000000000000 ) ) ;
#4263 = CARTESIAN_POINT ( 'NONE',  ( 8.772996778704309100, 2.000000000000000000, 4.849999999999909900 ) ) ;
#4264 = FACE_OUTER_BOUND ( 'NONE', #4506, .T. ) ;
#4265 = PLANE ( 'NONE',  #5955 ) ;
#4266 = ORIENTED_EDGE ( 'NONE', *, *, #2641, .T. ) ;
#4267 = DIRECTION ( 'NONE',  ( 0.0000000000000000000, 0.0000000000000000000, 1.000000000000000000 ) ) ;
#4268 = DIRECTION ( 'NONE',  ( -1.000000000000000000, 0.0000000000000000000, 0.0000000000000000000 ) ) ;
#4269 = DIRECTION ( 'NONE',  ( 0.0000000000000000000, 0.0000000000000000000, 1.000000000000000000 ) ) ;
#4270 = MECHANICAL_DESIGN_GEOMETRIC_PRESENTATION_REPRESENTATION (  '', ( #2829 ), #4752 ) ;
#4271 = LINE ( 'NONE', #5898, #8051 ) ;
#4272 = PLANE ( 'NONE',  #3584 ) ;
#4273 = SURFACE_STYLE_FILL_AREA ( #6527 ) ;
#4274 = VECTOR ( 'NONE', #7092, 1000.000000000000000 ) ;
#4275 = EDGE_CURVE ( 'NONE', #562, #7632, #1803, .T. ) ;
#4276 = DIRECTION ( 'NONE',  ( 1.000000000000000000, 0.0000000000000000000, 0.0000000000000000000 ) ) ;
#4277 = MECHANICAL_DESIGN_GEOMETRIC_PRESENTATION_REPRESENTATION (  '', ( #4518 ), #4140 ) ;
#4278 =( NAMED_UNIT ( * ) PLANE_ANGLE_UNIT ( ) SI_UNIT ( $, .RADIAN. ) );
#4279 = CARTESIAN_POINT ( 'NONE',  ( -11.10000000000004900, -28.62307019352236600, -4.850000000000021000 ) ) ;
#4280 = LINE ( 'NONE', #4287, #8059 ) ;
#4281 = SURFACE_STYLE_USAGE ( .BOTH. , #4315 ) ;
#4282 = ORIENTED_EDGE ( 'NONE', *, *, #8005, .F. ) ;
#4283 = PRESENTATION_STYLE_ASSIGNMENT (( #1973 ) ) ;
#4284 = SURFACE_SIDE_STYLE ('',( #7026 ) ) ;
#4285 = ADVANCED_FACE ( 'NONE', ( #3480 ), #5248, .T. ) ;
#4286 = CARTESIAN_POINT ( 'NONE',  ( -2.200004999999991100, 0.0000000000000000000, 0.0000000000000000000 ) ) ;
#4287 = CARTESIAN_POINT ( 'NONE',  ( 2.349881000000005200, 0.5200000000000000200, -0.5501640000000057600 ) ) ;
#4288 =( NAMED_UNIT ( * ) SI_UNIT ( $, .STERADIAN. ) SOLID_ANGLE_UNIT ( ) );
#4289 = DIRECTION ( 'NONE',  ( 0.0000000000000000000, 0.0000000000000000000, -1.000000000000000000 ) ) ;
#4290 = DIRECTION ( 'NONE',  ( 0.0000000000000000000, 1.000000000000000000, -0.0000000000000000000 ) ) ;
#4291 = MECHANICAL_DESIGN_GEOMETRIC_PRESENTATION_REPRESENTATION (  '', ( #2854 ), #4781 ) ;
#4292 = SURFACE_STYLE_USAGE ( .BOTH. , #4284 ) ;
#4293 = FACE_OUTER_BOUND ( 'NONE', #4708, .T. ) ;
#4294 = CARTESIAN_POINT ( 'NONE',  ( -3.150000000000034600, 0.6000001009056266100, 5.199999999999871400 ) ) ;
#4295 = EDGE_CURVE ( 'NONE', #2835, #8400, #8276, .T. ) ;
#4296 = STYLED_ITEM ( 'NONE', ( #7273 ), #4615 ) ;
#4297 = ADVANCED_FACE ( 'NONE', ( #4507 ), #8277, .T. ) ;
#4298 = UNCERTAINTY_MEASURE_WITH_UNIT (LENGTH_MEASURE( 1.000000000000000100E-005 ), #6374, 'distance_accuracy_value', 'NONE');
#4299 = DIRECTION ( 'NONE',  ( 0.0000000000000000000, 1.000000000000000000, -0.0000000000000000000 ) ) ;
#4300 = VECTOR ( 'NONE', #5500, 1000.000000000000000 ) ;
#4301 = ORIENTED_EDGE ( 'NONE', *, *, #6935, .F. ) ;
#4302 = CARTESIAN_POINT ( 'NONE',  ( 0.0000000000000000000, 0.0000000000000000000, 5.550153999999987600 ) ) ;
#4303 = CARTESIAN_POINT ( 'NONE',  ( 8.772996778704309100, 0.5249999999998823400, 3.899999999999908900 ) ) ;
#4304 = ORIENTED_EDGE ( 'NONE', *, *, #2812, .T. ) ;
#4305 = DIRECTION ( 'NONE',  ( 0.0000000000000000000, 1.000000000000000000, -0.0000000000000000000 ) ) ;
#4306 = DIRECTION ( 'NONE',  ( -1.000000000000000000, 0.0000000000000000000, 0.0000000000000000000 ) ) ;
#4307 = ORIENTED_EDGE ( 'NONE', *, *, #699, .F. ) ;
#4308 = LINE ( 'NONE', #8801, #442 ) ;
#4309 = UNCERTAINTY_MEASURE_WITH_UNIT (LENGTH_MEASURE( 1.000000000000000100E-005 ), #7930, 'distance_accuracy_value', 'NONE');
#4310 = CARTESIAN_POINT ( 'NONE',  ( -8.499983000000009200, 0.0000000000000000000, -3.299967999999972700 ) ) ;
#4311 = PLANE ( 'NONE',  #6862 ) ;
#4312 = STYLED_ITEM ( 'NONE', ( #4019 ), #2934 ) ;
#4313 = ORIENTED_EDGE ( 'NONE', *, *, #8021, .T. ) ;
#4314 = ORIENTED_EDGE ( 'NONE', *, *, #8064, .F. ) ;
#4315 = SURFACE_SIDE_STYLE ('',( #4939 ) ) ;
#4316 = EDGE_LOOP ( 'NONE', ( #1430, #4706, #7031, #7981 ) ) ;
#4317 = CARTESIAN_POINT ( 'NONE',  ( -0.3500000000000117500, 0.9000001009055935700, -5.200000000000093400 ) ) ;
#4318 = LINE ( 'NONE', #1384, #7627 ) ;
#4319 =( LENGTH_UNIT ( ) NAMED_UNIT ( * ) SI_UNIT ( .MILLI., .METRE. ) );
#4320 = EDGE_CURVE ( 'NONE', #8597, #3087, #7591, .T. ) ;
#4321 = LINE ( 'NONE', #4718, #8098 ) ;
#4322 = CARTESIAN_POINT ( 'NONE',  ( 7.000113000000009600, 0.5200000000000000200, 4.999990000000023500 ) ) ;
#4323 = ORIENTED_EDGE ( 'NONE', *, *, #8091, .T. ) ;
#4324 = ORIENTED_EDGE ( 'NONE', *, *, #5311, .F. ) ;
#4325 = EDGE_LOOP ( 'NONE', ( #5530, #790, #966, #7469 ) ) ;
#4326 =( GEOMETRIC_REPRESENTATION_CONTEXT ( 3 ) GLOBAL_UNCERTAINTY_ASSIGNED_CONTEXT ( ( #5507 ) ) GLOBAL_UNIT_ASSIGNED_CONTEXT ( ( #1887, #1827, #1810 ) ) REPRESENTATION_CONTEXT ( 'NONE', 'WORKASPACE' ) );
#4327 =( NAMED_UNIT ( * ) PLANE_ANGLE_UNIT ( ) SI_UNIT ( $, .RADIAN. ) );
#4328 = SURFACE_STYLE_FILL_AREA ( #6211 ) ;
#4329 = AXIS2_PLACEMENT_3D ( 'NONE', #4022, #5473, #1135 ) ;
#4330 = DIRECTION ( 'NONE',  ( 1.000000000000000000, 0.0000000000000000000, 0.0000000000000000000 ) ) ;
#4331 =( NAMED_UNIT ( * ) SI_UNIT ( $, .STERADIAN. ) SOLID_ANGLE_UNIT ( ) );
#4332 = VERTEX_POINT ( 'NONE', #9098 ) ;
#4333 = COLOUR_RGB ( '',1.000000000000000000, 1.000000000000000000, 1.000000000000000000 ) ;
#4334 = SURFACE_STYLE_FILL_AREA ( #7540 ) ;
#4335 = EDGE_CURVE ( 'NONE', #4817, #494, #1903, .T. ) ;
#4336 = CARTESIAN_POINT ( 'NONE',  ( -3.899999999999922600, 1.000000100498848600, 17.92388274267651100 ) ) ;
#4337 = EDGE_CURVE ( 'NONE', #2985, #2503, #5727, .T. ) ;
#4338 = CARTESIAN_POINT ( 'NONE',  ( -11.79995099999999700, 0.0000000000000000000, 0.9499680000000059200 ) ) ;
#4339 =( NAMED_UNIT ( * ) SI_UNIT ( $, .STERADIAN. ) SOLID_ANGLE_UNIT ( ) );
#4340 = CARTESIAN_POINT ( 'NONE',  ( -10.90002899999999800, 0.0000000000000000000, 0.0000000000000000000 ) ) ;
#4341 = ADVANCED_FACE ( 'NONE', ( #3833 ), #9097, .F. ) ;
#4342 = DIRECTION ( 'NONE',  ( 0.0000000000000000000, 0.0000000000000000000, 1.000000000000000000 ) ) ;
#4343 = STYLED_ITEM ( 'NONE', ( #6975 ), #630 ) ;
#4344 = PRESENTATION_LAYER_ASSIGNMENT (  '', '', ( #4518 ) ) ;
#4345 = CARTESIAN_POINT ( 'NONE',  ( 2.049906999999996600, 0.5200000000000000200, -0.5501640000000057600 ) ) ;
#4346 = VERTEX_POINT ( 'NONE', #7748 ) ;
#4347 = DIRECTION ( 'NONE',  ( 0.0000000000000000000, 1.000000000000000000, -0.0000000000000000000 ) ) ;
#4348 = EDGE_LOOP ( 'NONE', ( #6086, #2739, #5448, #4439 ) ) ;
#4349 = DIRECTION ( 'NONE',  ( 0.0000000000000000000, 0.0000000000000000000, -1.000000000000000000 ) ) ;
#4350 = EDGE_CURVE ( 'NONE', #4954, #7480, #1689, .T. ) ;
#4351 = ADVANCED_FACE ( 'NONE', ( #9340 ), #4265, .T. ) ;
#4352 = VECTOR ( 'NONE', #1858, 1000.000000000000000 ) ;
#4353 = LINE ( 'NONE', #1489, #6008 ) ;
#4354 = VECTOR ( 'NONE', #1183, 1000.000000000000000 ) ;
#4355 = PRESENTATION_LAYER_ASSIGNMENT (  '', '', ( #3374 ) ) ;
#4356 = VERTEX_POINT ( 'NONE', #3576 ) ;
#4357 = EDGE_CURVE ( 'NONE', #3771, #5662, #6494, .T. ) ;
#4358 =( NAMED_UNIT ( * ) SI_UNIT ( $, .STERADIAN. ) SOLID_ANGLE_UNIT ( ) );
#4359 = SURFACE_STYLE_FILL_AREA ( #5614 ) ;
#4360 = LINE ( 'NONE', #2087, #6234 ) ;
#4361 = LINE ( 'NONE', #1095, #491 ) ;
#4362 =( NAMED_UNIT ( * ) SI_UNIT ( $, .STERADIAN. ) SOLID_ANGLE_UNIT ( ) );
#4363 = FACE_OUTER_BOUND ( 'NONE', #7042, .T. ) ;
#4364 = CARTESIAN_POINT ( 'NONE',  ( -11.39990099999999600, 0.5200000000000004600, -4.250182000000018300 ) ) ;
#4365 = ORIENTED_EDGE ( 'NONE', *, *, #5126, .F. ) ;
#4366 = ORIENTED_EDGE ( 'NONE', *, *, #6712, .F. ) ;
#4367 = CARTESIAN_POINT ( 'NONE',  ( 0.0000000000000000000, 0.0000000000000000000, 0.0000000000000000000 ) ) ;
#4368 = DIRECTION ( 'NONE',  ( 0.0000000000000000000, 0.0000000000000000000, -1.000000000000000000 ) ) ;
#4369 = EDGE_LOOP ( 'NONE', ( #9296, #9050, #944, #254 ) ) ;
#4370 = VECTOR ( 'NONE', #7762, 1000.000000000000000 ) ;
#4371 = COLOUR_RGB ( '',1.000000000000000000, 1.000000000000000000, 1.000000000000000000 ) ;
#4372 = DIRECTION ( 'NONE',  ( 0.0000000000000000000, -0.0000000000000000000, -1.000000000000000000 ) ) ;
#4373 = VECTOR ( 'NONE', #2988, 1000.000000000000000 ) ;
#4374 =( NAMED_UNIT ( * ) PLANE_ANGLE_UNIT ( ) SI_UNIT ( $, .RADIAN. ) );
#4375 = CARTESIAN_POINT ( 'NONE',  ( 2.599995000000009600, 0.0000000000000000000, 4.649977999999984800 ) ) ;
#4376 =( LENGTH_UNIT ( ) NAMED_UNIT ( * ) SI_UNIT ( .MILLI., .METRE. ) );
#4377 =( GEOMETRIC_REPRESENTATION_CONTEXT ( 3 ) GLOBAL_UNCERTAINTY_ASSIGNED_CONTEXT ( ( #5998 ) ) GLOBAL_UNIT_ASSIGNED_CONTEXT ( ( #8639, #8608, #8567 ) ) REPRESENTATION_CONTEXT ( 'NONE', 'WORKASPACE' ) );
#4378 = CARTESIAN_POINT ( 'NONE',  ( -11.19999999999992600, 0.9000000000000093500, -5.200000000000093400 ) ) ;
#4379 = LINE ( 'NONE', #7015, #2675 ) ;
#4380 = ORIENTED_EDGE ( 'NONE', *, *, #4529, .F. ) ;
#4381 = CARTESIAN_POINT ( 'NONE',  ( 2.349881000000005200, 0.5200000000000000200, -0.5501640000000057600 ) ) ;
#4382 = ORIENTED_EDGE ( 'NONE', *, *, #8208, .T. ) ;
#4383 = VECTOR ( 'NONE', #3436, 1000.000000000000000 ) ;
#4384 = LINE ( 'NONE', #3409, #3246 ) ;
#4385 = DIRECTION ( 'NONE',  ( 0.0000000000000000000, 0.0000000000000000000, -1.000000000000000000 ) ) ;
#4386 = UNCERTAINTY_MEASURE_WITH_UNIT (LENGTH_MEASURE( 1.000000000000000100E-005 ), #6109, 'distance_accuracy_value', 'NONE');
#4387 = EDGE_CURVE ( 'NONE', #2393, #4688, #8392, .T. ) ;
#4388 = SURFACE_STYLE_FILL_AREA ( #5582 ) ;
#4389 = ORIENTED_EDGE ( 'NONE', *, *, #5271, .F. ) ;
#4390 = SURFACE_STYLE_USAGE ( .BOTH. , #9081 ) ;
#4391 = MECHANICAL_DESIGN_GEOMETRIC_PRESENTATION_REPRESENTATION (  '', ( #3403 ), #4870 ) ;
#4392 = ADVANCED_FACE ( 'NONE', ( #758 ), #6625, .F. ) ;
#4393 = FACE_OUTER_BOUND ( 'NONE', #7394, .T. ) ;
#4394 = AXIS2_PLACEMENT_3D ( 'NONE', #7652, #4119, #9153 ) ;
#4395 = ORIENTED_EDGE ( 'NONE', *, *, #3493, .F. ) ;
#4396 = PLANE ( 'NONE',  #9348 ) ;
#4397 =( NAMED_UNIT ( * ) PLANE_ANGLE_UNIT ( ) SI_UNIT ( $, .RADIAN. ) );
#4398 = SURFACE_SIDE_STYLE ('',( #4433 ) ) ;
#4399 = LINE ( 'NONE', #4531, #521 ) ;
#4400 = CARTESIAN_POINT ( 'NONE',  ( 11.00010499999998900, 0.5200000000000000200, 4.999990000000023500 ) ) ;
#4401 = EDGE_LOOP ( 'NONE', ( #1666, #2910, #5043, #3870 ) ) ;
#4402 = LINE ( 'NONE', #7470, #6274 ) ;
#4403 = SURFACE_SIDE_STYLE ('',( #2546 ) ) ;
#4404 =( LENGTH_UNIT ( ) NAMED_UNIT ( * ) SI_UNIT ( .MILLI., .METRE. ) );
#4405 = FILL_AREA_STYLE_COLOUR ( '', #5974 ) ;
#4406 = CARTESIAN_POINT ( 'NONE',  ( -1.899876999999989200, 0.0000000000000000000, -0.0000000000000000000 ) ) ;
#4407 = DIRECTION ( 'NONE',  ( 0.0000000000000000000, -0.0000000000000000000, -1.000000000000000000 ) ) ;
#4408 = EDGE_CURVE ( 'NONE', #2693, #952, #6269, .T. ) ;
#4409 = LINE ( 'NONE', #3066, #7943 ) ;
#4410 = EDGE_CURVE ( 'NONE', #4817, #56, #4399, .T. ) ;
#4411 = FILL_AREA_STYLE_COLOUR ( '', #7391 ) ;
#4412 = FACE_OUTER_BOUND ( 'NONE', #5316, .T. ) ;
#4413 = STYLED_ITEM ( 'NONE', ( #1603 ), #1347 ) ;
#4414 =( GEOMETRIC_REPRESENTATION_CONTEXT ( 3 ) GLOBAL_UNCERTAINTY_ASSIGNED_CONTEXT ( ( #4437 ) ) GLOBAL_UNIT_ASSIGNED_CONTEXT ( ( #3616, #3384, #3013 ) ) REPRESENTATION_CONTEXT ( 'NONE', 'WORKASPACE' ) );
#4415 = LINE ( 'NONE', #1120, #8184 ) ;
#4416 = LINE ( 'NONE', #8484, #6068 ) ;
#4417 = UNCERTAINTY_MEASURE_WITH_UNIT (LENGTH_MEASURE( 1.000000000000000100E-005 ), #8515, 'distance_accuracy_value', 'NONE');
#4418 = CARTESIAN_POINT ( 'NONE',  ( -9.099876999999988700, 0.0000000000000000000, -5.550153999999987600 ) ) ;
#4419 = ORIENTED_EDGE ( 'NONE', *, *, #5882, .T. ) ;
#4420 =( LENGTH_UNIT ( ) NAMED_UNIT ( * ) SI_UNIT ( .MILLI., .METRE. ) );
#4421 = ORIENTED_EDGE ( 'NONE', *, *, #5833, .F. ) ;
#4422 = CARTESIAN_POINT ( 'NONE',  ( -11.10000000000004900, 2.000000000000000000, 4.989999999999869700 ) ) ;
#4423 = CARTESIAN_POINT ( 'NONE',  ( -11.39990099999999600, 0.5200000000000004600, 4.249928000000013000 ) ) ;
#4424 = AXIS2_PLACEMENT_3D ( 'NONE', #2741, #2589, #1859 ) ;
#4425 = CARTESIAN_POINT ( 'NONE',  ( -5.500000000000000000, 1.799999999999999600, 0.0000000000000000000 ) ) ;
#4426 = VECTOR ( 'NONE', #6379, 1000.000000000000000 ) ;
#4427 =( NAMED_UNIT ( * ) PLANE_ANGLE_UNIT ( ) SI_UNIT ( $, .RADIAN. ) );
#4428 = EDGE_LOOP ( 'NONE', ( #8699, #1268, #1546, #9185 ) ) ;
#4429 =( GEOMETRIC_REPRESENTATION_CONTEXT ( 3 ) GLOBAL_UNCERTAINTY_ASSIGNED_CONTEXT ( ( #946 ) ) GLOBAL_UNIT_ASSIGNED_CONTEXT ( ( #1891, #1861, #1649 ) ) REPRESENTATION_CONTEXT ( 'NONE', 'WORKASPACE' ) );
#4430 = ORIENTED_EDGE ( 'NONE', *, *, #2206, .T. ) ;
#4431 = CARTESIAN_POINT ( 'NONE',  ( 0.1000000000000497000, 1.790000000000000000, 4.989999999999869700 ) ) ;
#4432 = SURFACE_STYLE_USAGE ( .BOTH. , #8752 ) ;
#4433 = SURFACE_STYLE_FILL_AREA ( #8670 ) ;
#4434 = PLANE ( 'NONE',  #5541 ) ;
#4435 = ADVANCED_FACE ( 'NONE', ( #7927 ), #6503, .F. ) ;
#4436 = CARTESIAN_POINT ( 'NONE',  ( -11.10000000000004900, -28.62307019352236600, -4.850000000000021000 ) ) ;
#4437 = UNCERTAINTY_MEASURE_WITH_UNIT (LENGTH_MEASURE( 1.000000000000000100E-005 ), #3616, 'distance_accuracy_value', 'NONE');
#4438 = VECTOR ( 'NONE', #2432, 1000.000000000000000 ) ;
#4439 = ORIENTED_EDGE ( 'NONE', *, *, #4185, .T. ) ;
#4440 = VERTEX_POINT ( 'NONE', #1325 ) ;
#4441 = PLANE ( 'NONE',  #7498 ) ;
#4442 = ORIENTED_EDGE ( 'NONE', *, *, #7433, .T. ) ;
#4443 = VECTOR ( 'NONE', #5515, 1000.000000000000000 ) ;
#4444 = CARTESIAN_POINT ( 'NONE',  ( -11.25000000000000900, 0.5249999999998823400, 4.124999999999939600 ) ) ;
#4445 =( GEOMETRIC_REPRESENTATION_CONTEXT ( 3 ) GLOBAL_UNCERTAINTY_ASSIGNED_CONTEXT ( ( #8855 ) ) GLOBAL_UNIT_ASSIGNED_CONTEXT ( ( #3571, #901, #1313 ) ) REPRESENTATION_CONTEXT ( 'NONE', 'WORKASPACE' ) );
#4446 = COLOUR_RGB ( '',1.000000000000000000, 1.000000000000000000, 1.000000000000000000 ) ;
#4447 = VERTEX_POINT ( 'NONE', #1293 ) ;
#4448 = VERTEX_POINT ( 'NONE', #5003 ) ;
#4449 = VERTEX_POINT ( 'NONE', #6254 ) ;
#4450 = VECTOR ( 'NONE', #7438, 1000.000000000000000 ) ;
#4451 =( NAMED_UNIT ( * ) SI_UNIT ( $, .STERADIAN. ) SOLID_ANGLE_UNIT ( ) );
#4452 = SURFACE_STYLE_USAGE ( .BOTH. , #4511 ) ;
#4453 = FACE_BOUND ( 'NONE', #5886, .T. ) ;
#4454 = CARTESIAN_POINT ( 'NONE',  ( -11.10000000000004900, 1.790000000000000000, -4.990000000000092600 ) ) ;
#4455 = PRESENTATION_STYLE_ASSIGNMENT (( #145 ) ) ;
#4456 = CARTESIAN_POINT ( 'NONE',  ( 0.0000000000000000000, 0.0000000000000000000, 4.649977999999984800 ) ) ;
#4457 = DIRECTION ( 'NONE',  ( 0.0000000000000000000, 1.000000000000000000, -0.0000000000000000000 ) ) ;
#4458 = ORIENTED_EDGE ( 'NONE', *, *, #1667, .F. ) ;
#4459 = ORIENTED_EDGE ( 'NONE', *, *, #6348, .T. ) ;
#4460 = CARTESIAN_POINT ( 'NONE',  ( 1.449958999999993800, 0.7500000000000000000, 4.499864000000005900 ) ) ;
#4461 =( LENGTH_UNIT ( ) NAMED_UNIT ( * ) SI_UNIT ( .MILLI., .METRE. ) );
#4462 = LINE ( 'NONE', #5619, #8006 ) ;
#4463 = EDGE_CURVE ( 'NONE', #5118, #3653, #4147, .T. ) ;
#4464 = FILL_AREA_STYLE ('',( #5355 ) ) ;
#4465 = ORIENTED_EDGE ( 'NONE', *, *, #2340, .T. ) ;
#4466 = PRESENTATION_STYLE_ASSIGNMENT (( #1980 ) ) ;
#4467 = FACE_OUTER_BOUND ( 'NONE', #1494, .T. ) ;
#4468 = FILL_AREA_STYLE ('',( #4704 ) ) ;
#4469 = SURFACE_SIDE_STYLE ('',( #8796 ) ) ;
#4470 = VERTEX_POINT ( 'NONE', #4520 ) ;
#4471 = DIRECTION ( 'NONE',  ( 0.0000000000000000000, -1.000000000000000000, 3.469446951953995600E-015 ) ) ;
#4472 =( GEOMETRIC_REPRESENTATION_CONTEXT ( 3 ) GLOBAL_UNCERTAINTY_ASSIGNED_CONTEXT ( ( #3621 ) ) GLOBAL_UNIT_ASSIGNED_CONTEXT ( ( #323, #297, #235 ) ) REPRESENTATION_CONTEXT ( 'NONE', 'WORKASPACE' ) );
#4473 = ADVANCED_FACE ( 'NONE', ( #298 ), #2394, .T. ) ;
#4474 = LINE ( 'NONE', #2687, #2555 ) ;
#4475 = COLOUR_RGB ( '',0.2039215686274509800, 0.2039215686274509800, 0.2039215686274509800 ) ;
#4476 = SURFACE_SIDE_STYLE ('',( #631 ) ) ;
#4477 = FILL_AREA_STYLE ('',( #2218 ) ) ;
#4478 = ORIENTED_EDGE ( 'NONE', *, *, #3781, .T. ) ;
#4479 = EDGE_CURVE ( 'NONE', #464, #2131, #1577, .T. ) ;
#4480 = ORIENTED_EDGE ( 'NONE', *, *, #7589, .F. ) ;
#4481 = ORIENTED_EDGE ( 'NONE', *, *, #8021, .F. ) ;
#4482 = LINE ( 'NONE', #1596, #2560 ) ;
#4483 = AXIS2_PLACEMENT_3D ( 'NONE', #6384, #6350, #6320 ) ;
#4484 = ADVANCED_FACE ( 'NONE', ( #7041 ), #3145, .F. ) ;
#4485 = ORIENTED_EDGE ( 'NONE', *, *, #2189, .F. ) ;
#4486 = DIRECTION ( 'NONE',  ( 0.0000000000000000000, 0.0000000000000000000, 1.000000000000000000 ) ) ;
#4487 = DIRECTION ( 'NONE',  ( 0.0000000000000000000, 0.0000000000000000000, 1.000000000000000000 ) ) ;
#4488 = VERTEX_POINT ( 'NONE', #3842 ) ;
#4489 = ORIENTED_EDGE ( 'NONE', *, *, #98, .F. ) ;
#4490 = VECTOR ( 'NONE', #4630, 1000.000000000000000 ) ;
#4491 = CIRCLE ( 'NONE', #2276, 0.2250000000000307300 ) ;
#4492 = SURFACE_STYLE_USAGE ( .BOTH. , #4909 ) ;
#4493 = FACE_OUTER_BOUND ( 'NONE', #6416, .T. ) ;
#4494 = CARTESIAN_POINT ( 'NONE',  ( -7.649999999999985300, 0.9000000000000084600, -17.92388274267673500 ) ) ;
#4495 = CLOSED_SHELL ( 'NONE', ( #9334, #474, #855, #959, #1297, #1785, #3681, #2402, #2977, #1658, #1736, #4525, #1982, #2029, #721, #2842, #3489, #2682, #2742, #8350, #3059, #3065, #3183, #372, #3432, #3629, #1452, #3822, #4034, #4183, #4285, #7904, #4602, #4749, #4919, #5006, #64, #5149, #4248, #5703, #3775, #911, #2934, #3097, #5054, #5740, #1550, #1242, #4351, #9182, #4134, #1868, #897, #5376, #5875, #3111, #3199, #271, #2492, #4050, #4512, #4297, #7952, #583, #3394, #4234, #3281, #8538, #1357, #4473, #8395, #8943, #1681, #2540, #2796, #4615, #8895, #1584, #2222, #2070, #5642, #3440, #1133, #3853, #2437, #2349, #5780, #3524, #2885, #5561, #8116, #8010, #3540, #8750, #8438, #8595, #3905, #2016, #22, #195, #240, #4556, #2691, #3028, #630, #282 ) ) ;
#4496 = DIRECTION ( 'NONE',  ( 1.000000000000000000, 0.0000000000000000000, 0.0000000000000000000 ) ) ;
#4497 = CARTESIAN_POINT ( 'NONE',  ( 0.2499999999998978600, 1.790000000000000700, -4.850000000000020100 ) ) ;
#4498 = CARTESIAN_POINT ( 'NONE',  ( -19.77299677870442100, 1.790000000000000700, -4.850000000000020100 ) ) ;
#4499 = STYLED_ITEM ( 'NONE', ( #7229 ), #8010 ) ;
#4500 = MECHANICAL_DESIGN_GEOMETRIC_PRESENTATION_REPRESENTATION (  '', ( #3057 ), #4983 ) ;
#4501 = SURFACE_STYLE_FILL_AREA ( #9000 ) ;
#4502 = EDGE_LOOP ( 'NONE', ( #228, #5977, #2409, #676 ) ) ;
#4503 = CARTESIAN_POINT ( 'NONE',  ( -6.699876999999989200, 0.0000000000000000000, 5.550153999999987600 ) ) ;
#4504 = VECTOR ( 'NONE', #621, 1000.000000000000000 ) ;
#4505 = EDGE_CURVE ( 'NONE', #6108, #3099, #2475, .T. ) ;
#4506 = EDGE_LOOP ( 'NONE', ( #3788, #6989, #8938, #4794 ) ) ;
#4507 = FACE_OUTER_BOUND ( 'NONE', #2553, .T. ) ;
#4508 = PRESENTATION_LAYER_ASSIGNMENT (  '', '', ( #3532 ) ) ;
#4509 = CARTESIAN_POINT ( 'NONE',  ( -0.5500000000001007400, 0.6000001009056266100, -5.200000000000093400 ) ) ;
#4510 = MECHANICAL_DESIGN_GEOMETRIC_PRESENTATION_REPRESENTATION (  '', ( #3067 ), #4998 ) ;
#4511 = SURFACE_SIDE_STYLE ('',( #3455 ) ) ;
#4512 = ADVANCED_FACE ( 'NONE', ( #8983 ), #1729, .T. ) ;
#4513 = CARTESIAN_POINT ( 'NONE',  ( -6.876393202613804200, 0.9000001009055301800, 4.999999999999871200 ) ) ;
#4514 = PRESENTATION_STYLE_ASSIGNMENT (( #7922 ) ) ;
#4515 = EDGE_CURVE ( 'NONE', #1073, #5103, #8048, .T. ) ;
#4516 = CARTESIAN_POINT ( 'NONE',  ( 11.00010499999998900, 1.520000000000000000, -4.999989999999995900 ) ) ;
#4517 = FACE_OUTER_BOUND ( 'NONE', #2106, .T. ) ;
#4518 = STYLED_ITEM ( 'NONE', ( #5377 ), #64 ) ;
#4519 = VECTOR ( 'NONE', #8525, 1000.000000000000000 ) ;
#4520 = CARTESIAN_POINT ( 'NONE',  ( 0.2399999999998991600, 2.000000000000000000, -4.850000000000028100 ) ) ;
#4521 = DIRECTION ( 'NONE',  ( 0.0000000000000000000, 0.0000000000000000000, 1.000000000000000000 ) ) ;
#4522 = VECTOR ( 'NONE', #7821, 1000.000000000000000 ) ;
#4523 = VERTEX_POINT ( 'NONE', #5190 ) ;
#4524 =( LENGTH_UNIT ( ) NAMED_UNIT ( * ) SI_UNIT ( .MILLI., .METRE. ) );
#4525 = ADVANCED_FACE ( 'NONE', ( #4264 ), #1683, .T. ) ;
#4526 = LINE ( 'NONE', #4164, #652 ) ;
#4527 = CARTESIAN_POINT ( 'NONE',  ( 0.0000000000000000000, 0.0000000000000000000, 0.1499680000000059600 ) ) ;
#4528 = EDGE_CURVE ( 'NONE', #5238, #2983, #7385, .T. ) ;
#4529 = EDGE_CURVE ( 'NONE', #4015, #6240, #3596, .T. ) ;
#4530 = LINE ( 'NONE', #5437, #657 ) ;
#4531 = CARTESIAN_POINT ( 'NONE',  ( 8.772996778704309100, 0.5249999999998814500, 3.674999999999878100 ) ) ;
#4532 = MECHANICAL_DESIGN_GEOMETRIC_PRESENTATION_REPRESENTATION (  '', ( #2595 ), #5022 ) ;
#4533 =( GEOMETRIC_REPRESENTATION_CONTEXT ( 3 ) GLOBAL_UNCERTAINTY_ASSIGNED_CONTEXT ( ( #3312 ) ) GLOBAL_UNIT_ASSIGNED_CONTEXT ( ( #8643, #5030, #3646 ) ) REPRESENTATION_CONTEXT ( 'NONE', 'WORKASPACE' ) );
#4534 = LINE ( 'NONE', #5901, #2603 ) ;
#4535 = ORIENTED_EDGE ( 'NONE', *, *, #4953, .F. ) ;
#4536 = CLOSED_SHELL ( 'NONE', ( #1259, #2783, #2449, #3242, #2084, #1771 ) ) ;
#4537 = ORIENTED_EDGE ( 'NONE', *, *, #5976, .T. ) ;
#4538 = VECTOR ( 'NONE', #5241, 1000.000000000000000 ) ;
#4539 = DIRECTION ( 'NONE',  ( 1.000000000000000000, 0.0000000000000000000, -0.0000000000000000000 ) ) ;
#4540 = PRESENTATION_STYLE_ASSIGNMENT (( #7133 ) ) ;
#4541 = ORIENTED_EDGE ( 'NONE', *, *, #9101, .T. ) ;
#4542 = DIRECTION ( 'NONE',  ( -1.000000000000000000, 0.0000000000000000000, 0.0000000000000000000 ) ) ;
#4543 = ORIENTED_EDGE ( 'NONE', *, *, #8665, .F. ) ;
#4544 = ORIENTED_EDGE ( 'NONE', *, *, #3693, .T. ) ;
#4545 = ORIENTED_EDGE ( 'NONE', *, *, #1212, .T. ) ;
#4546 = ORIENTED_EDGE ( 'NONE', *, *, #5684, .T. ) ;
#4547 = CIRCLE ( 'NONE', #803, 0.2250000000000307300 ) ;
#4548 = AXIS2_PLACEMENT_3D ( 'NONE', #2174, #8617, #4342 ) ;
#4549 = ORIENTED_EDGE ( 'NONE', *, *, #151, .T. ) ;
#4550 = DIRECTION ( 'NONE',  ( -1.000000000000000000, 0.0000000000000000000, 0.0000000000000000000 ) ) ;
#4551 = ORIENTED_EDGE ( 'NONE', *, *, #5777, .T. ) ;
#4552 = ORIENTED_EDGE ( 'NONE', *, *, #7355, .F. ) ;
#4553 = DIRECTION ( 'NONE',  ( -1.000000000000000000, 0.0000000000000000000, 0.0000000000000000000 ) ) ;
#4554 = DIRECTION ( 'NONE',  ( -1.000000000000000000, 0.0000000000000000000, -0.0000000000000000000 ) ) ;
#4555 = LINE ( 'NONE', #6123, #693 ) ;
#4556 = ADVANCED_FACE ( 'NONE', ( #5289 ), #749, .F. ) ;
#4557 = ORIENTED_EDGE ( 'NONE', *, *, #9319, .T. ) ;
#4558 = VERTEX_POINT ( 'NONE', #8308 ) ;
#4559 = VECTOR ( 'NONE', #6058, 1000.000000000000000 ) ;
#4560 = VECTOR ( 'NONE', #7085, 1000.000000000000000 ) ;
#4561 = EDGE_LOOP ( 'NONE', ( #4882, #4184, #5214, #8304 ) ) ;
#4562 = DIRECTION ( 'NONE',  ( -1.000000000000000000, 0.0000000000000000000, 0.0000000000000000000 ) ) ;
#4563 = STYLED_ITEM ( 'NONE', ( #8717 ), #3382 ) ;
#4564 = EDGE_CURVE ( 'NONE', #8428, #7768, #4605, .T. ) ;
#4565 = CIRCLE ( 'NONE', #120, 0.01000000000000013400 ) ;
#4566 = DIRECTION ( 'NONE',  ( 0.0000000000000000000, 0.0000000000000000000, 1.000000000000000000 ) ) ;
#4567 = VERTEX_POINT ( 'NONE', #8248 ) ;
#4568 = PRESENTATION_STYLE_ASSIGNMENT (( #3926 ) ) ;
#4569 = COLOUR_RGB ( '',0.2039215686274509800, 0.2039215686274509800, 0.2039215686274509800 ) ;
#4570 = ADVANCED_FACE ( 'NONE', ( #2684 ), #8034, .F. ) ;
#4571 = ORIENTED_EDGE ( 'NONE', *, *, #7188, .T. ) ;
#4572 = DIRECTION ( 'NONE',  ( 0.0000000000000000000, 0.0000000000000000000, 1.000000000000000000 ) ) ;
#4573 =( NAMED_UNIT ( * ) SI_UNIT ( $, .STERADIAN. ) SOLID_ANGLE_UNIT ( ) );
#4574 = DIRECTION ( 'NONE',  ( 0.0000000000000000000, -1.000000000000000000, 0.0000000000000000000 ) ) ;
#4575 = ORIENTED_EDGE ( 'NONE', *, *, #151, .F. ) ;
#4576 = VECTOR ( 'NONE', #3637, 1000.000000000000000 ) ;
#4577 = CARTESIAN_POINT ( 'NONE',  ( -11.45000000000000600, 0.5249999999998545800, -3.675000000000145000 ) ) ;
#4578 = VECTOR ( 'NONE', #971, 1000.000000000000000 ) ;
#4579 = MECHANICAL_DESIGN_GEOMETRIC_PRESENTATION_REPRESENTATION (  '', ( #3615 ), #5069 ) ;
#4580 = VERTEX_POINT ( 'NONE', #6561 ) ;
#4581 = EDGE_CURVE ( 'NONE', #1508, #798, #6258, .T. ) ;
#4582 = DIRECTION ( 'NONE',  ( 0.0000000000000000000, 0.0000000000000000000, 1.000000000000000000 ) ) ;
#4583 = ORIENTED_EDGE ( 'NONE', *, *, #4017, .F. ) ;
#4584 = LINE ( 'NONE', #8746, #8135 ) ;
#4585 = CARTESIAN_POINT ( 'NONE',  ( -10.90002899999999800, 0.0000000000000000000, 0.0000000000000000000 ) ) ;
#4586 = LINE ( 'NONE', #3258, #8136 ) ;
#4587 = PRODUCT_DEFINITION_SHAPE ( 'NONE', 'NONE',  #6931 ) ;
#4588 = ORIENTED_EDGE ( 'NONE', *, *, #8824, .T. ) ;
#4589 = PLANE ( 'NONE',  #8687 ) ;
#4590 = DIRECTION ( 'NONE',  ( 1.000000000000000000, 0.0000000000000000000, 0.0000000000000000000 ) ) ;
#4591 = PRESENTATION_LAYER_ASSIGNMENT (  '', '', ( #5078 ) ) ;
#4592 = ORIENTED_EDGE ( 'NONE', *, *, #5247, .F. ) ;
#4593 = ORIENTED_EDGE ( 'NONE', *, *, #8452, .T. ) ;
#4594 = LINE ( 'NONE', #775, #8149 ) ;
#4595 = PLANE ( 'NONE',  #7240 ) ;
#4596 = DIRECTION ( 'NONE',  ( -1.000000000000000000, 0.0000000000000000000, 0.0000000000000000000 ) ) ;
#4597 = ORIENTED_EDGE ( 'NONE', *, *, #9344, .F. ) ;
#4598 = PRESENTATION_STYLE_ASSIGNMENT (( #4390 ) ) ;
#4599 = LINE ( 'NONE', #2479, #746 ) ;
#4600 = CARTESIAN_POINT ( 'NONE',  ( -6.200004999999991100, 0.0000000000000000000, 4.649977999999984800 ) ) ;
#4601 = DIRECTION ( 'NONE',  ( 0.0000000000000000000, 0.0000000000000000000, -1.000000000000000000 ) ) ;
#4602 = ADVANCED_FACE ( 'NONE', ( #511 ), #5637, .T. ) ;
#4603 = CARTESIAN_POINT ( 'NONE',  ( 0.0000000000000000000, 0.0000000000000000000, 5.550153999999987600 ) ) ;
#4604 = MECHANICAL_DESIGN_GEOMETRIC_PRESENTATION_REPRESENTATION (  '', ( #3159 ), #5093 ) ;
#4605 = LINE ( 'NONE', #8377, #8158 ) ;
#4606 = ORIENTED_EDGE ( 'NONE', *, *, #2426, .F. ) ;
#4607 = CARTESIAN_POINT ( 'NONE',  ( -11.45000000000000600, 1.399999999999843100, 4.849999999999911700 ) ) ;
#4608 = VECTOR ( 'NONE', #2074, 1000.000000000000000 ) ;
#4609 = UNCERTAINTY_MEASURE_WITH_UNIT (LENGTH_MEASURE( 1.000000000000000100E-005 ), #6863, 'distance_accuracy_value', 'NONE');
#4610 = SURFACE_STYLE_FILL_AREA ( #6130 ) ;
#4611 = VERTEX_POINT ( 'NONE', #6157 ) ;
#4612 = CARTESIAN_POINT ( 'NONE',  ( -1.099876999999988700, 0.0000000000000000000, -5.550153999999987600 ) ) ;
#4613 = CARTESIAN_POINT ( 'NONE',  ( 0.2499999999998978600, 1.399999999999844000, 4.849999999999911700 ) ) ;
#4614 = FILL_AREA_STYLE_COLOUR ( '', #1129 ) ;
#4615 = ADVANCED_FACE ( 'NONE', ( #3713 ), #3742, .T. ) ;
#4616 = DIRECTION ( 'NONE',  ( 0.0000000000000000000, 0.0000000000000000000, -1.000000000000000000 ) ) ;
#4617 = DIRECTION ( 'NONE',  ( 0.0000000000000000000, 0.0000000000000000000, 1.000000000000000000 ) ) ;
#4618 = MECHANICAL_DESIGN_GEOMETRIC_PRESENTATION_REPRESENTATION (  '', ( #3169 ), #5109 ) ;
#4619 = SURFACE_STYLE_FILL_AREA ( #1850 ) ;
#4620 = ORIENTED_EDGE ( 'NONE', *, *, #6594, .T. ) ;
#4621 = DIRECTION ( 'NONE',  ( 0.8320502943377016100, -0.5547001962254422000, 0.0000000000000000000 ) ) ;
#4622 = EDGE_CURVE ( 'NONE', #6616, #4332, #1080, .T. ) ;
#4623 = LINE ( 'NONE', #7268, #6281 ) ;
#4624 = FILL_AREA_STYLE ('',( #2465 ) ) ;
#4625 =( GEOMETRIC_REPRESENTATION_CONTEXT ( 3 ) GLOBAL_UNCERTAINTY_ASSIGNED_CONTEXT ( ( #189 ) ) GLOBAL_UNIT_ASSIGNED_CONTEXT ( ( #8545, #4278, #9311 ) ) REPRESENTATION_CONTEXT ( 'NONE', 'WORKASPACE' ) );
#4626 = DIRECTION ( 'NONE',  ( -1.000000000000000000, 0.0000000000000000000, -0.0000000000000000000 ) ) ;
#4627 = FILL_AREA_STYLE_COLOUR ( '', #3958 ) ;
#4628 = EDGE_CURVE ( 'NONE', #5046, #388, #8494, .T. ) ;
#4629 = VECTOR ( 'NONE', #9240, 1000.000000000000000 ) ;
#4631 = FILL_AREA_STYLE ('',( #4863 ) ) ;
#4630 = DIRECTION ( 'NONE',  ( 0.0000000000000000000, -3.252606517456872200E-015, -1.000000000000000000 ) ) ;
#4632 = ORIENTED_EDGE ( 'NONE', *, *, #8200, .T. ) ;
#4633 = ORIENTED_EDGE ( 'NONE', *, *, #2340, .F. ) ;
#4634 = AXIS2_PLACEMENT_3D ( 'NONE', #7544, #7572, #7580 ) ;
#4635 = EDGE_LOOP ( 'NONE', ( #334, #6593, #4395, #1322 ) ) ;
#4636 = CARTESIAN_POINT ( 'NONE',  ( -10.64999999999998800, 0.9000000000000084600, -17.92388274267673500 ) ) ;
#4637 = FILL_AREA_STYLE_COLOUR ( '', #5447 ) ;
#4638 = DIRECTION ( 'NONE',  ( 0.0000000000000000000, 0.0000000000000000000, 1.000000000000000000 ) ) ;
#4639 = ORIENTED_EDGE ( 'NONE', *, *, #6053, .T. ) ;
#4640 = CARTESIAN_POINT ( 'NONE',  ( 4.000118999999989100, 0.5200000000000000200, -0.1501140000000206200 ) ) ;
#4641 = FACE_OUTER_BOUND ( 'NONE', #6627, .T. ) ;
#4642 = EDGE_CURVE ( 'NONE', #7678, #1073, #5607, .T. ) ;
#4643 = ORIENTED_EDGE ( 'NONE', *, *, #7960, .F. ) ;
#4644 = ADVANCED_FACE ( 'NONE', ( #2803 ), #644, .F. ) ;
#4645 = ORIENTED_EDGE ( 'NONE', *, *, #2396, .T. ) ;
#4646 = ORIENTED_EDGE ( 'NONE', *, *, #152, .T. ) ;
#4647 = ORIENTED_EDGE ( 'NONE', *, *, #6066, .F. ) ;
#4648 = STYLED_ITEM ( 'NONE', ( #5996 ), #583 ) ;
#4649 = UNCERTAINTY_MEASURE_WITH_UNIT (LENGTH_MEASURE( 1.000000000000000100E-005 ), #7908, 'distance_accuracy_value', 'NONE');
#4650 = DIRECTION ( 'NONE',  ( 0.0000000000000000000, 0.0000000000000000000, 1.000000000000000000 ) ) ;
#4651 = AXIS2_PLACEMENT_3D ( 'NONE', #8656, #6226, #5773 ) ;
#4652 = DIRECTION ( 'NONE',  ( 0.0000000000000000000, 1.000000000000000000, -0.0000000000000000000 ) ) ;
#4653 = ORIENTED_EDGE ( 'NONE', *, *, #4151, .T. ) ;
#4654 = PLANE ( 'NONE',  #5717 ) ;
#4655 = LINE ( 'NONE', #1795, #8207 ) ;
#4656 = ORIENTED_EDGE ( 'NONE', *, *, #4007, .T. ) ;
#4657 = ORIENTED_EDGE ( 'NONE', *, *, #6118, .F. ) ;
#4658 = ORIENTED_EDGE ( 'NONE', *, *, #2122, .T. ) ;
#4659 = ADVANCED_FACE ( 'NONE', ( #4493 ), #8461, .F. ) ;
#4660 = LINE ( 'NONE', #479, #4443 ) ;
#4661 = UNCERTAINTY_MEASURE_WITH_UNIT (LENGTH_MEASURE( 1.000000000000000100E-005 ), #6242, 'distance_accuracy_value', 'NONE');
#4662 = ORIENTED_EDGE ( 'NONE', *, *, #7776, .F. ) ;
#4663 = DIRECTION ( 'NONE',  ( 0.0000000000000000000, -1.000000000000000000, 0.0000000000000000000 ) ) ;
#4664 = ORIENTED_EDGE ( 'NONE', *, *, #7803, .F. ) ;
#4665 = AXIS2_PLACEMENT_3D ( 'NONE', #1787, #6763, #2507 ) ;
#4666 = LINE ( 'NONE', #8842, #2533 ) ;
#4667 = AXIS2_PLACEMENT_3D ( 'NONE', #1996, #1619, #1589 ) ;
#4668 = FACE_BOUND ( 'NONE', #5873, .T. ) ;
#4669 = CARTESIAN_POINT ( 'NONE',  ( 0.0000000000000000000, 0.0000000000000000000, 0.0000000000000000000 ) ) ;
#4670 = FACE_OUTER_BOUND ( 'NONE', #3978, .T. ) ;
#4671 = FACE_OUTER_BOUND ( 'NONE', #5860, .T. ) ;
#4672 = DIRECTION ( 'NONE',  ( 0.0000000000000000000, 0.0000000000000000000, -1.000000000000000000 ) ) ;
#4673 = ORIENTED_EDGE ( 'NONE', *, *, #4739, .F. ) ;
#4674 = CARTESIAN_POINT ( 'NONE',  ( -11.10000000000005600, 1.790000000000000000, -5.200000000000092500 ) ) ;
#4675 = VERTEX_POINT ( 'NONE', #174 ) ;
#4676 = EDGE_CURVE ( 'NONE', #2636, #355, #173, .T. ) ;
#4677 = LINE ( 'NONE', #4171, #834 ) ;
#4678 = ORIENTED_EDGE ( 'NONE', *, *, #1732, .T. ) ;
#4679 = LINE ( 'NONE', #4, #6334 ) ;
#4680 = LINE ( 'NONE', #4322, #2769 ) ;
#4681 =( LENGTH_UNIT ( ) NAMED_UNIT ( * ) SI_UNIT ( .MILLI., .METRE. ) );
#4682 = DIRECTION ( 'NONE',  ( 0.0000000000000000000, 0.0000000000000000000, 1.000000000000000000 ) ) ;
#4683 = MECHANICAL_DESIGN_GEOMETRIC_PRESENTATION_REPRESENTATION (  '', ( #3240 ), #5178 ) ;
#4684 = EDGE_LOOP ( 'NONE', ( #990, #8803, #2398, #5665 ) ) ;
#4685 = VERTEX_POINT ( 'NONE', #6606 ) ;
#4686 = FILL_AREA_STYLE ('',( #4614 ) ) ;
#4687 = PRESENTATION_LAYER_ASSIGNMENT (  '', '', ( #3732 ) ) ;
#4688 = VERTEX_POINT ( 'NONE', #4991 ) ;
#4689 = VECTOR ( 'NONE', #6246, 1000.000000000000000 ) ;
#4690 = LINE ( 'NONE', #8298, #8475 ) ;
#4691 = CARTESIAN_POINT ( 'NONE',  ( -11.45000000000000600, 0.8999999999998956600, 4.124999999999937800 ) ) ;
#4693 = VERTEX_POINT ( 'NONE', #4937 ) ;
#4692 = SURFACE_SIDE_STYLE ('',( #8346 ) ) ;
#4694 = FILL_AREA_STYLE_COLOUR ( '', #8404 ) ;
#4695 = MECHANICAL_DESIGN_GEOMETRIC_PRESENTATION_REPRESENTATION (  '', ( #9202 ), #4205 ) ;
#4696 = CARTESIAN_POINT ( 'NONE',  ( -10.90002899999999800, 0.0000000000000000000, 0.0000000000000000000 ) ) ;
#4697 = DIRECTION ( 'NONE',  ( 0.0000000000000000000, 0.0000000000000000000, 1.000000000000000000 ) ) ;
#4698 = LINE ( 'NONE', #5891, #850 ) ;
#4699 = EDGE_CURVE ( 'NONE', #4014, #8123, #7578, .T. ) ;
#4700 = ORIENTED_EDGE ( 'NONE', *, *, #5413, .T. ) ;
#4701 = DIRECTION ( 'NONE',  ( 0.0000000000000000000, 0.0000000000000000000, 1.000000000000000000 ) ) ;
#4702 = EDGE_CURVE ( 'NONE', #760, #1091, #9320, .T. ) ;
#4703 = DIRECTION ( 'NONE',  ( -1.000000000000000000, 0.0000000000000000000, 0.0000000000000000000 ) ) ;
#4704 = FILL_AREA_STYLE_COLOUR ( '', #4853 ) ;
#4705 = ADVANCED_FACE ( 'NONE', ( #3586 ), #2786, .F. ) ;
#4706 = ORIENTED_EDGE ( 'NONE', *, *, #2238, .F. ) ;
#4707 = VECTOR ( 'NONE', #3558, 1000.000000000000000 ) ;
#4708 = EDGE_LOOP ( 'NONE', ( #5370, #6998, #49, #3683 ) ) ;
#4709 = CARTESIAN_POINT ( 'NONE',  ( 0.4499999999998983700, 0.8999999999998956600, 4.124999999999937800 ) ) ;
#4710 = LINE ( 'NONE', #4908, #2800 ) ;
#4711 = PRESENTATION_LAYER_ASSIGNMENT (  '', '', ( #4221 ) ) ;
#4712 = UNCERTAINTY_MEASURE_WITH_UNIT (LENGTH_MEASURE( 1.000000000000000100E-005 ), #7146, 'distance_accuracy_value', 'NONE');
#4713 = VECTOR ( 'NONE', #1219, 1000.000000000000000 ) ;
#4714 = ORIENTED_EDGE ( 'NONE', *, *, #1146, .T. ) ;
#4715 = ORIENTED_EDGE ( 'NONE', *, *, #5520, .F. ) ;
#4716 = EDGE_CURVE ( 'NONE', #6896, #4015, #5711, .T. ) ;
#4717 = VECTOR ( 'NONE', #8782, 1000.000000000000000 ) ;
#4718 = CARTESIAN_POINT ( 'NONE',  ( -10.90002899999999800, 0.0000000000000000000, 0.0000000000000000000 ) ) ;
#4719 = ORIENTED_EDGE ( 'NONE', *, *, #4479, .T. ) ;
#4720 = VERTEX_POINT ( 'NONE', #1553 ) ;
#4721 = STYLED_ITEM ( 'NONE', ( #5165 ), #2449 ) ;
#4722 = CARTESIAN_POINT ( 'NONE',  ( 0.0000000000000000000, 0.0000000000000000000, 4.649977999999984800 ) ) ;
#4723 = DIRECTION ( 'NONE',  ( -0.0000000000000000000, -1.000000000000000000, 0.0000000000000000000 ) ) ;
#4724 = LINE ( 'NONE', #90, #2587 ) ;
#4725 = PRESENTATION_LAYER_ASSIGNMENT (  '', '', ( #4237 ) ) ;
#4726 = DIRECTION ( 'NONE',  ( 6.123233995736766000E-017, -1.000000000000000000, 3.469446951953482400E-015 ) ) ;
#4727 = UNCERTAINTY_MEASURE_WITH_UNIT (LENGTH_MEASURE( 1.000000000000000100E-005 ), #7991, 'distance_accuracy_value', 'NONE');
#4729 = DIRECTION ( 'NONE',  ( 0.0000000000000000000, 1.000000000000000000, -0.0000000000000000000 ) ) ;
#4728 = DIRECTION ( 'NONE',  ( -0.0000000000000000000, -0.0000000000000000000, -1.000000000000000000 ) ) ;
#4730 = PRESENTATION_STYLE_ASSIGNMENT (( #2067 ) ) ;
#4731 = CARTESIAN_POINT ( 'NONE',  ( -11.45000000000000600, 0.8999999999998670200, -4.125000000000041700 ) ) ;
#4732 = SURFACE_STYLE_FILL_AREA ( #7992 ) ;
#4733 = VECTOR ( 'NONE', #3878, 1000.000000000000000 ) ;
#4734 = EDGE_CURVE ( 'NONE', #7467, #3604, #7144, .T. ) ;
#4735 =( NAMED_UNIT ( * ) SI_UNIT ( $, .STERADIAN. ) SOLID_ANGLE_UNIT ( ) );
#4736 = EDGE_LOOP ( 'NONE', ( #9281, #589, #1851, #3673 ) ) ;
#4737 = DIRECTION ( 'NONE',  ( -0.5547001962252288100, 0.8320502943378438300, 0.0000000000000000000 ) ) ;
#4738 = PRESENTATION_LAYER_ASSIGNMENT (  '', '', ( #3787 ) ) ;
#4739 = EDGE_CURVE ( 'NONE', #1534, #5229, #3819, .T. ) ;
#4740 = LINE ( 'NONE', #8045, #4519 ) ;
#4741 = VERTEX_POINT ( 'NONE', #9355 ) ;
#4742 = DIRECTION ( 'NONE',  ( 0.0000000000000000000, 1.000000000000000000, -0.0000000000000000000 ) ) ;
#4743 =( NAMED_UNIT ( * ) PLANE_ANGLE_UNIT ( ) SI_UNIT ( $, .RADIAN. ) );
#4744 = FACE_OUTER_BOUND ( 'NONE', #4109, .T. ) ;
#4745 = FILL_AREA_STYLE ('',( #7884 ) ) ;
#4746 = EDGE_LOOP ( 'NONE', ( #1107, #7711, #2602, #4632 ) ) ;
#4747 = PRESENTATION_STYLE_ASSIGNMENT (( #7259 ) ) ;
#4748 = VECTOR ( 'NONE', #5410, 1000.000000000000000 ) ;
#4749 = ADVANCED_FACE ( 'NONE', ( #9077 ), #9017, .T. ) ;
#4750 = VERTEX_POINT ( 'NONE', #8267 ) ;
#4751 = CARTESIAN_POINT ( 'NONE',  ( 0.1999999999999276800, 1.399999999999954200, 4.999999999999871200 ) ) ;
#4752 =( GEOMETRIC_REPRESENTATION_CONTEXT ( 3 ) GLOBAL_UNCERTAINTY_ASSIGNED_CONTEXT ( ( #4107 ) ) GLOBAL_UNIT_ASSIGNED_CONTEXT ( ( #7558, #3290, #8288 ) ) REPRESENTATION_CONTEXT ( 'NONE', 'WORKASPACE' ) );
#4753 = VECTOR ( 'NONE', #2498, 1000.000000000000000 ) ;
#4754 = ORIENTED_EDGE ( 'NONE', *, *, #3046, .T. ) ;
#4755 = CARTESIAN_POINT ( 'NONE',  ( 0.3999230000000034700, 0.0000000000000000000, -4.250182000000019200 ) ) ;
#4756 = EDGE_CURVE ( 'NONE', #2050, #236, #8151, .T. ) ;
#4757 = EDGE_LOOP ( 'NONE', ( #1764, #4583, #3556, #5591 ) ) ;
#4758 = ORIENTED_EDGE ( 'NONE', *, *, #2616, .T. ) ;
#4760 = CARTESIAN_POINT ( 'NONE',  ( -11.39990099999999600, 0.0000000000000000000, -3.900170000000022300 ) ) ;
#4759 = FILL_AREA_STYLE ('',( #5023 ) ) ;
#4761 = LINE ( 'NONE', #840, #6417 ) ;
#4762 = AXIS2_PLACEMENT_3D ( 'NONE', #7736, #7843, #7938 ) ;
#4763 = AXIS2_PLACEMENT_3D ( 'NONE', #462, #432, #36 ) ;
#4764 = PRESENTATION_STYLE_ASSIGNMENT (( #4783 ) ) ;
#4765 = CYLINDRICAL_SURFACE ( 'NONE', #6576, 0.2100000000000001300 ) ;
#4766 = ORIENTED_EDGE ( 'NONE', *, *, #8524, .T. ) ;
#4767 = CARTESIAN_POINT ( 'NONE',  ( -11.00010500000001700, 0.0000000000000000000, 5.550153999999987600 ) ) ;
#4768 = ORIENTED_EDGE ( 'NONE', *, *, #4062, .T. ) ;
#4769 = PLANE ( 'NONE',  #7070 ) ;
#4770 = ORIENTED_EDGE ( 'NONE', *, *, #8511, .F. ) ;
#4771 = DIRECTION ( 'NONE',  ( 0.0000000000000000000, 0.0000000000000000000, 1.000000000000000000 ) ) ;
#4772 = ORIENTED_EDGE ( 'NONE', *, *, #1340, .T. ) ;
#4773 = UNCERTAINTY_MEASURE_WITH_UNIT (LENGTH_MEASURE( 1.000000000000000100E-005 ), #1895, 'distance_accuracy_value', 'NONE');
#4774 = DIRECTION ( 'NONE',  ( -0.0000000000000000000, -0.0000000000000000000, 1.000000000000000000 ) ) ;
#4775 = CARTESIAN_POINT ( 'NONE',  ( 0.0000000000000000000, 0.0000000000000000000, -4.649977999999984800 ) ) ;
#4776 = ORIENTED_EDGE ( 'NONE', *, *, #9101, .F. ) ;
#4777 = ORIENTED_EDGE ( 'NONE', *, *, #3022, .T. ) ;
#4778 = ORIENTED_EDGE ( 'NONE', *, *, #3593, .F. ) ;
#4779 =( NAMED_UNIT ( * ) SI_UNIT ( $, .STERADIAN. ) SOLID_ANGLE_UNIT ( ) );
#4780 = CARTESIAN_POINT ( 'NONE',  ( 8.772996778704309100, 0.5249999999998536900, -4.125000000000095900 ) ) ;
#4781 =( GEOMETRIC_REPRESENTATION_CONTEXT ( 3 ) GLOBAL_UNCERTAINTY_ASSIGNED_CONTEXT ( ( #5363 ) ) GLOBAL_UNIT_ASSIGNED_CONTEXT ( ( #764, #7765, #8326 ) ) REPRESENTATION_CONTEXT ( 'NONE', 'WORKASPACE' ) );
#4782 = LINE ( 'NONE', #359, #6653 ) ;
#4783 = SURFACE_STYLE_USAGE ( .BOTH. , #4469 ) ;
#4784 = EDGE_CURVE ( 'NONE', #2567, #4523, #738, .T. ) ;
#4785 = EDGE_CURVE ( 'NONE', #5702, #6142, #8859, .T. ) ;
#4786 = LINE ( 'NONE', #3553, #8569 ) ;
#4787 = AXIS2_PLACEMENT_3D ( 'NONE', #4129, #3979, #3953 ) ;
#4788 = VERTEX_POINT ( 'NONE', #7243 ) ;
#4789 = FACE_OUTER_BOUND ( 'NONE', #8755, .T. ) ;
#4790 = FILL_AREA_STYLE_COLOUR ( '', #1344 ) ;
#4791 = ORIENTED_EDGE ( 'NONE', *, *, #8797, .F. ) ;
#4792 =( NAMED_UNIT ( * ) PLANE_ANGLE_UNIT ( ) SI_UNIT ( $, .RADIAN. ) );
#4793 = PRESENTATION_LAYER_ASSIGNMENT (  '', '', ( #956 ) ) ;
#4794 = ORIENTED_EDGE ( 'NONE', *, *, #2283, .F. ) ;
#4795 = ORIENTED_EDGE ( 'NONE', *, *, #9088, .F. ) ;
#4796 = DIRECTION ( 'NONE',  ( 0.5547001962254430900, 0.8320502943377010600, 0.0000000000000000000 ) ) ;
#4797 = FACE_OUTER_BOUND ( 'NONE', #3064, .T. ) ;
#4798 = EDGE_LOOP ( 'NONE', ( #5811, #3091, #6644, #7220 ) ) ;
#4799 = PRESENTATION_LAYER_ASSIGNMENT (  '', '', ( #4312 ) ) ;
#4800 = CARTESIAN_POINT ( 'NONE',  ( -5.699886999999994200, 0.0000000000000000000, 0.0000000000000000000 ) ) ;
#4801 = DIRECTION ( 'NONE',  ( 1.000000000000000000, 0.0000000000000000000, 0.0000000000000000000 ) ) ;
#4802 = CARTESIAN_POINT ( 'NONE',  ( 0.0000000000000000000, 0.0000000000000000000, -3.050031999999994100 ) ) ;
#4803 = EDGE_LOOP ( 'NONE', ( #3841, #1014, #2169, #1217 ) ) ;
#4804 = FILL_AREA_STYLE_COLOUR ( '', #8918 ) ;
#4805 = LINE ( 'NONE', #8633, #716 ) ;
#4806 = CARTESIAN_POINT ( 'NONE',  ( -7.649999999999985300, 0.9000000000000093500, -5.200000000000093400 ) ) ;
#4807 = ORIENTED_EDGE ( 'NONE', *, *, #9122, .T. ) ;
#4808 = ORIENTED_EDGE ( 'NONE', *, *, #7384, .F. ) ;
#4809 = EDGE_CURVE ( 'NONE', #8994, #3062, #4379, .T. ) ;
#4810 =( NAMED_UNIT ( * ) SI_UNIT ( $, .STERADIAN. ) SOLID_ANGLE_UNIT ( ) );
#4811 =( NAMED_UNIT ( * ) PLANE_ANGLE_UNIT ( ) SI_UNIT ( $, .RADIAN. ) );
#4812 = LINE ( 'NONE', #7464, #958 ) ;
#4813 = CARTESIAN_POINT ( 'NONE',  ( 0.0000000000000000000, 0.0000000000000000000, 0.0000000000000000000 ) ) ;
#4814 = EDGE_LOOP ( 'NONE', ( #8143, #5047, #9069, #5481 ) ) ;
#4815 = SURFACE_SIDE_STYLE ('',( #8807 ) ) ;
#4816 = PRESENTATION_LAYER_ASSIGNMENT (  '', '', ( #3850 ) ) ;
#4817 = VERTEX_POINT ( 'NONE', #6848 ) ;
#4818 = ORIENTED_EDGE ( 'NONE', *, *, #3321, .T. ) ;
#4819 = CARTESIAN_POINT ( 'NONE',  ( 0.0000000000000000000, 0.0000000000000000000, 4.649977999999984800 ) ) ;
#4820 = EDGE_CURVE ( 'NONE', #2065, #8422, #7907, .T. ) ;
#4821 = EDGE_LOOP ( 'NONE', ( #269, #5151, #4226, #2338 ) ) ;
#4822 = CARTESIAN_POINT ( 'NONE',  ( 0.0000000000000000000, 0.0000000000000000000, -4.649977999999984800 ) ) ;
#4823 = CARTESIAN_POINT ( 'NONE',  ( 8.772996778704309100, 0.8999999999998696800, -3.675000000000090900 ) ) ;
#4824 = EDGE_CURVE ( 'NONE', #2113, #2502, #503, .T. ) ;
#4825 = LINE ( 'NONE', #6499, #967 ) ;
#4826 = DIRECTION ( 'NONE',  ( 0.0000000000000000000, 0.0000000000000000000, 1.000000000000000000 ) ) ;
#4827 = CARTESIAN_POINT ( 'NONE',  ( 0.1000000000000497000, 1.789999999999999100, 4.999999999999869400 ) ) ;
#4828 = ORIENTED_EDGE ( 'NONE', *, *, #7648, .T. ) ;
#4829 = FILL_AREA_STYLE_COLOUR ( '', #6129 ) ;
#4830 = ADVANCED_FACE ( 'NONE', ( #278 ), #1995, .F. ) ;
#4831 = UNCERTAINTY_MEASURE_WITH_UNIT (LENGTH_MEASURE( 1.000000000000000100E-005 ), #1351, 'distance_accuracy_value', 'NONE');
#4832 = DIRECTION ( 'NONE',  ( 2.253176494821819300E-031, 3.679716464192890000E-015, 1.000000000000000000 ) ) ;
#4833 = ORIENTED_EDGE ( 'NONE', *, *, #6643, .F. ) ;
#4834 = UNCERTAINTY_MEASURE_WITH_UNIT (LENGTH_MEASURE( 1.000000000000000100E-005 ), #3852, 'distance_accuracy_value', 'NONE');
#4835 = EDGE_CURVE ( 'NONE', #2930, #7489, #3912, .T. ) ;
#4836 = DIRECTION ( 'NONE',  ( 0.0000000000000000000, 0.0000000000000000000, -1.000000000000000000 ) ) ;
#4837 = DIRECTION ( 'NONE',  ( 0.0000000000000000000, -1.000000000000000000, 0.0000000000000000000 ) ) ;
#4838 = ORIENTED_EDGE ( 'NONE', *, *, #6991, .T. ) ;
#4839 = DIRECTION ( 'NONE',  ( 0.0000000000000000000, 0.0000000000000000000, 1.000000000000000000 ) ) ;
#4840 = CARTESIAN_POINT ( 'NONE',  ( -9.099876999999988700, 0.0000000000000000000, 4.649977999999984800 ) ) ;
#4841 = MECHANICAL_DESIGN_GEOMETRIC_PRESENTATION_REPRESENTATION (  '', ( #3374 ), #5326 ) ;
#4842 = STYLED_ITEM ( 'NONE', ( #2368 ), #4525 ) ;
#4843 = VECTOR ( 'NONE', #4276, 1000.000000000000000 ) ;
#4844 = VECTOR ( 'NONE', #5759, 1000.000000000000000 ) ;
#4845 = PRESENTATION_STYLE_ASSIGNMENT (( #8650 ) ) ;
#4846 = CARTESIAN_POINT ( 'NONE',  ( 1.449958999999993800, 0.7500000000000000000, 4.499864000000005900 ) ) ;
#4847 =( LENGTH_UNIT ( ) NAMED_UNIT ( * ) SI_UNIT ( .MILLI., .METRE. ) );
#4848 = ORIENTED_EDGE ( 'NONE', *, *, #6017, .T. ) ;
#4849 = FILL_AREA_STYLE_COLOUR ( '', #9282 ) ;
#4850 = CARTESIAN_POINT ( 'NONE',  ( -7.000004999999991800, 0.0000000000000000000, -4.649977999999984800 ) ) ;
#4851 =( LENGTH_UNIT ( ) NAMED_UNIT ( * ) SI_UNIT ( .MILLI., .METRE. ) );
#4852 = PRESENTATION_STYLE_ASSIGNMENT (( #1405 ) ) ;
#4853 = COLOUR_RGB ( '',0.2039215686274509800, 0.2039215686274509800, 0.2039215686274509800 ) ;
#4854 = VECTOR ( 'NONE', #6870, 1000.000000000000000 ) ;
#4855 = DIRECTION ( 'NONE',  ( -0.5547001962254430900, -0.8320502943377010600, -5.094838648451393400E-017 ) ) ;
#4856 = ORIENTED_EDGE ( 'NONE', *, *, #763, .T. ) ;
#4857 = DIRECTION ( 'NONE',  ( 0.0000000000000000000, 1.000000000000000000, -0.0000000000000000000 ) ) ;
#4858 = DIRECTION ( 'NONE',  ( 0.0000000000000000000, 0.0000000000000000000, -1.000000000000000000 ) ) ;
#4859 =( NAMED_UNIT ( * ) PLANE_ANGLE_UNIT ( ) SI_UNIT ( $, .RADIAN. ) );
#4860 = AXIS2_PLACEMENT_3D ( 'NONE', #179, #5254, #912 ) ;
#4861 = CARTESIAN_POINT ( 'NONE',  ( 0.2499999999998978600, 1.399999999999844900, 4.949999999999900700 ) ) ;
#4862 = SURFACE_STYLE_FILL_AREA ( #5152 ) ;
#4863 = FILL_AREA_STYLE_COLOUR ( '', #8736 ) ;
#4864 = ORIENTED_EDGE ( 'NONE', *, *, #5142, .F. ) ;
#4865 = PRESENTATION_STYLE_ASSIGNMENT (( #531 ) ) ;
#4866 = CARTESIAN_POINT ( 'NONE',  ( 0.1000000000000497000, 1.790000000000000000, 5.199999999999871400 ) ) ;
#4867 = ADVANCED_FACE ( 'NONE', ( #67 ), #5908, .F. ) ;
#4868 = EDGE_CURVE ( 'NONE', #5444, #4877, #5599, .T. ) ;
#4869 = LINE ( 'NONE', #2707, #3170 ) ;
#4870 =( GEOMETRIC_REPRESENTATION_CONTEXT ( 3 ) GLOBAL_UNCERTAINTY_ASSIGNED_CONTEXT ( ( #2117 ) ) GLOBAL_UNIT_ASSIGNED_CONTEXT ( ( #3939, #3990, #186 ) ) REPRESENTATION_CONTEXT ( 'NONE', 'WORKASPACE' ) );
#4871 = DIRECTION ( 'NONE',  ( 0.0000000000000000000, 0.0000000000000000000, 1.000000000000000000 ) ) ;
#4872 = SURFACE_STYLE_FILL_AREA ( #3578 ) ;
#4873 = ORIENTED_EDGE ( 'NONE', *, *, #4895, .T. ) ;
#4874 = AXIS2_PLACEMENT_3D ( 'NONE', #4154, #9188, #4903 ) ;
#4875 = DIRECTION ( 'NONE',  ( 1.000000000000000000, 0.0000000000000000000, 0.0000000000000000000 ) ) ;
#4876 =( NAMED_UNIT ( * ) SI_UNIT ( $, .STERADIAN. ) SOLID_ANGLE_UNIT ( ) );
#4877 = VERTEX_POINT ( 'NONE', #2561 ) ;
#4878 = UNCERTAINTY_MEASURE_WITH_UNIT (LENGTH_MEASURE( 1.000000000000000100E-005 ), #5409, 'distance_accuracy_value', 'NONE');
#4879 = PLANE ( 'NONE',  #5147 ) ;
#4880 = PRESENTATION_STYLE_ASSIGNMENT (( #6691 ) ) ;
#4881 = SURFACE_STYLE_USAGE ( .BOTH. , #4815 ) ;
#4882 = ORIENTED_EDGE ( 'NONE', *, *, #1061, .F. ) ;
#4883 = ORIENTED_EDGE ( 'NONE', *, *, #5247, .T. ) ;
#4884 = ORIENTED_EDGE ( 'NONE', *, *, #6454, .F. ) ;
#4885 = SURFACE_SIDE_STYLE ('',( #2951 ) ) ;
#4886 = CARTESIAN_POINT ( 'NONE',  ( 3.700123000000011600, 0.0000000000000000000, -5.550153999999987600 ) ) ;
#4887 = ORIENTED_EDGE ( 'NONE', *, *, #7778, .T. ) ;
#4888 = DIRECTION ( 'NONE',  ( 0.0000000000000000000, 0.0000000000000000000, 1.000000000000000000 ) ) ;
#4889 = DIRECTION ( 'NONE',  ( -1.000000000000000000, 0.0000000000000000000, 0.0000000000000000000 ) ) ;
#4890 = CIRCLE ( 'NONE', #5257, 0.3500119999999967700 ) ;
#4891 = EDGE_CURVE ( 'NONE', #7959, #5763, #7473, .T. ) ;
#4892 = ORIENTED_EDGE ( 'NONE', *, *, #7155, .F. ) ;
#4893 = ORIENTED_EDGE ( 'NONE', *, *, #1900, .T. ) ;
#4894 = PLANE ( 'NONE',  #2607 ) ;
#4895 = EDGE_CURVE ( 'NONE', #6883, #7354, #7671, .T. ) ;
#4896 = ORIENTED_EDGE ( 'NONE', *, *, #5001, .F. ) ;
#4897 = CARTESIAN_POINT ( 'NONE',  ( -11.10000000000004900, 1.799999999999999600, 5.199999999999871400 ) ) ;
#4898 = UNCERTAINTY_MEASURE_WITH_UNIT (LENGTH_MEASURE( 1.000000000000000100E-005 ), #1923, 'distance_accuracy_value', 'NONE');
#4899 = AXIS2_PLACEMENT_3D ( 'NONE', #6685, #6663, #6739 ) ;
#4900 = FILL_AREA_STYLE ('',( #4849 ) ) ;
#4901 = CARTESIAN_POINT ( 'NONE',  ( 5.300091000000000100, 0.0000000000000000000, -0.0000000000000000000 ) ) ;
#4902 = ORIENTED_EDGE ( 'NONE', *, *, #6667, .F. ) ;
#4903 = DIRECTION ( 'NONE',  ( 0.0000000000000000000, 0.0000000000000000000, -1.000000000000000000 ) ) ;
#4904 = ORIENTED_EDGE ( 'NONE', *, *, #7417, .F. ) ;
#4905 = CARTESIAN_POINT ( 'NONE',  ( 7.000113000000009600, 1.520000000000000000, 4.999990000000023500 ) ) ;
#4906 = VERTEX_POINT ( 'NONE', #5057 ) ;
#4907 = CARTESIAN_POINT ( 'NONE',  ( -8.499983000000009200, 0.0000000000000000000, -0.0000000000000000000 ) ) ;
#4908 = CARTESIAN_POINT ( 'NONE',  ( 0.0000000000000000000, 0.0000000000000000000, 0.9499680000000059200 ) ) ;
#4909 = SURFACE_SIDE_STYLE ('',( #986 ) ) ;
#4910 = EDGE_LOOP ( 'NONE', ( #8953, #3863, #5121, #9215 ) ) ;
#4911 = FACE_BOUND ( 'NONE', #9242, .T. ) ;
#4912 = LINE ( 'NONE', #3412, #8709 ) ;
#4913 = LINE ( 'NONE', #7950, #2760 ) ;
#4914 = DIRECTION ( 'NONE',  ( -1.000000000000000000, 0.0000000000000000000, 0.0000000000000000000 ) ) ;
#4915 = SURFACE_SIDE_STYLE ('',( #138 ) ) ;
#4916 = DIRECTION ( 'NONE',  ( 1.000000000000000000, 0.0000000000000000000, 0.0000000000000000000 ) ) ;
#4917 = PRESENTATION_LAYER_ASSIGNMENT (  '', '', ( #3932 ) ) ;
#4918 =( NAMED_UNIT ( * ) PLANE_ANGLE_UNIT ( ) SI_UNIT ( $, .RADIAN. ) );
#4919 = ADVANCED_FACE ( 'NONE', ( #3702 ), #5117, .T. ) ;
#4920 = DIRECTION ( 'NONE',  ( 0.8320502943377010600, -0.5547001962254430900, 0.0000000000000000000 ) ) ;
#4921 = ORIENTED_EDGE ( 'NONE', *, *, #5590, .F. ) ;
#4922 = LINE ( 'NONE', #3545, #3011 ) ;
#4923 = SURFACE_STYLE_FILL_AREA ( #5915 ) ;
#4924 = CARTESIAN_POINT ( 'NONE',  ( -0.3500000000000117500, 0.9000001009055926800, 17.92388274267651100 ) ) ;
#4925 = ORIENTED_EDGE ( 'NONE', *, *, #1478, .F. ) ;
#4926 = ORIENTED_EDGE ( 'NONE', *, *, #5072, .F. ) ;
#4927 = CARTESIAN_POINT ( 'NONE',  ( 0.0000000000000000000, 0.0000000000000000000, 0.0000000000000000000 ) ) ;
#4928 = SURFACE_STYLE_USAGE ( .BOTH. , #8761 ) ;
#4929 = ORIENTED_EDGE ( 'NONE', *, *, #2887, .F. ) ;
#4930 = CARTESIAN_POINT ( 'NONE',  ( 2.100123000000011100, 0.0000000000000000000, 5.550153999999987600 ) ) ;
#4931 = PRESENTATION_STYLE_ASSIGNMENT (( #8605 ) ) ;
#4932 = VECTOR ( 'NONE', #8370, 1000.000000000000000 ) ;
#4933 = DIRECTION ( 'NONE',  ( 0.0000000000000000000, 1.000000000000000000, 0.0000000000000000000 ) ) ;
#4934 = CARTESIAN_POINT ( 'NONE',  ( -11.19999999999992600, 1.399999999999954200, 5.199999999999871400 ) ) ;
#4935 = ORIENTED_EDGE ( 'NONE', *, *, #1112, .F. ) ;
#4936 = DIRECTION ( 'NONE',  ( 0.0000000000000000000, 1.000000000000000000, -0.0000000000000000000 ) ) ;
#4937 = CARTESIAN_POINT ( 'NONE',  ( 0.3999230000000034700, 0.5200000000000004600, -4.250182000000019200 ) ) ;
#4938 =( LENGTH_UNIT ( ) NAMED_UNIT ( * ) SI_UNIT ( .MILLI., .METRE. ) );
#4939 = SURFACE_STYLE_FILL_AREA ( #4631 ) ;
#4940 = DIRECTION ( 'NONE',  ( -1.000000000000000000, 0.0000000000000000000, 0.0000000000000000000 ) ) ;
#4941 = LINE ( 'NONE', #6651, #2108 ) ;
#4942 = CARTESIAN_POINT ( 'NONE',  ( -11.25000000000000900, 0.5249999999998536900, -3.900000000000120300 ) ) ;
#4943 =( NAMED_UNIT ( * ) PLANE_ANGLE_UNIT ( ) SI_UNIT ( $, .RADIAN. ) );
#4944 = ORIENTED_EDGE ( 'NONE', *, *, #1454, .T. ) ;
#4945 = SURFACE_STYLE_USAGE ( .BOTH. , #4915 ) ;
#4946 = DIRECTION ( 'NONE',  ( 0.0000000000000000000, 0.0000000000000000000, 1.000000000000000000 ) ) ;
#4947 = ORIENTED_EDGE ( 'NONE', *, *, #3701, .T. ) ;
#4948 = VECTOR ( 'NONE', #4933, 1000.000000000000000 ) ;
#4949 = LINE ( 'NONE', #8430, #8491 ) ;
#4950 = CARTESIAN_POINT ( 'NONE',  ( -3.676393202613736500, 0.9000001009056065600, 17.92388274267651100 ) ) ;
#4951 = AXIS2_PLACEMENT_3D ( 'NONE', #8863, #4572, #219 ) ;
#4952 = DIRECTION ( 'NONE',  ( 0.0000000000000000000, 1.000000000000000000, -6.123233995736766000E-017 ) ) ;
#4953 = EDGE_CURVE ( 'NONE', #2939, #320, #5524, .T. ) ;
#4954 = VERTEX_POINT ( 'NONE', #3734 ) ;
#4955 =( GEOMETRIC_REPRESENTATION_CONTEXT ( 3 ) GLOBAL_UNCERTAINTY_ASSIGNED_CONTEXT ( ( #8004 ) ) GLOBAL_UNIT_ASSIGNED_CONTEXT ( ( #7459, #7488, #7520 ) ) REPRESENTATION_CONTEXT ( 'NONE', 'WORKASPACE' ) );
#4956 = FACE_OUTER_BOUND ( 'NONE', #1646, .T. ) ;
#4957 = FILL_AREA_STYLE ('',( #888 ) ) ;
#4958 = DIRECTION ( 'NONE',  ( -1.000000000000000000, -3.938562652106140600E-016, 0.0000000000000000000 ) ) ;
#4959 = ORIENTED_EDGE ( 'NONE', *, *, #7607, .F. ) ;
#4960 = CARTESIAN_POINT ( 'NONE',  ( -0.6000049999999902400, 0.0000000000000000000, 0.0000000000000000000 ) ) ;
#4961 = ADVANCED_FACE ( 'NONE', ( #3618 ), #3377, .F. ) ;
#4962 = COLOUR_RGB ( '',1.000000000000000000, 1.000000000000000000, 1.000000000000000000 ) ;
#4963 = EDGE_CURVE ( 'NONE', #1073, #7752, #9114, .T. ) ;
#4964 = UNCERTAINTY_MEASURE_WITH_UNIT (LENGTH_MEASURE( 1.000000000000000100E-005 ), #1301, 'distance_accuracy_value', 'NONE');
#4965 = LINE ( 'NONE', #1093, #3051 ) ;
#4966 = LINE ( 'NONE', #4822, #1332 ) ;
#4967 = FILL_AREA_STYLE_COLOUR ( '', #9194 ) ;
#4968 = FILL_AREA_STYLE ('',( #9252 ) ) ;
#4969 = CARTESIAN_POINT ( 'NONE',  ( -11.45000000000000600, 1.399999999999809400, -4.950000000000119200 ) ) ;
#4970 = STYLED_ITEM ( 'NONE', ( #188 ), #1868 ) ;
#4971 = DIRECTION ( 'NONE',  ( -1.000000000000000000, 0.0000000000000000000, 0.0000000000000000000 ) ) ;
#4972 = CARTESIAN_POINT ( 'NONE',  ( -11.00010500000001700, 0.0000000000000000000, 0.0000000000000000000 ) ) ;
#4973 = EDGE_CURVE ( 'NONE', #6853, #2963, #5314, .T. ) ;
#4974 = COLOUR_RGB ( '',1.000000000000000000, 1.000000000000000000, 1.000000000000000000 ) ;
#4975 = LINE ( 'NONE', #117, #6608 ) ;
#4976 = VECTOR ( 'NONE', #5332, 1000.000000000000000 ) ;
#4977 = ORIENTED_EDGE ( 'NONE', *, *, #4699, .F. ) ;
#4978 = DIRECTION ( 'NONE',  ( 0.0000000000000000000, 1.000000000000000000, -0.0000000000000000000 ) ) ;
#4979 =( NAMED_UNIT ( * ) SI_UNIT ( $, .STERADIAN. ) SOLID_ANGLE_UNIT ( ) );
#4980 = CARTESIAN_POINT ( 'NONE',  ( -10.90002899999999800, 0.0000000000000000000, -0.6500319999999939500 ) ) ;
#4981 = APPLICATION_PROTOCOL_DEFINITION ( 'draft international standard', 'automotive_design', 1998, #9273 ) ;
#4982 = PRESENTATION_LAYER_ASSIGNMENT (  '', '', ( #4499 ) ) ;
#4983 =( GEOMETRIC_REPRESENTATION_CONTEXT ( 3 ) GLOBAL_UNCERTAINTY_ASSIGNED_CONTEXT ( ( #7339 ) ) GLOBAL_UNIT_ASSIGNED_CONTEXT ( ( #2501, #2529, #2588 ) ) REPRESENTATION_CONTEXT ( 'NONE', 'WORKASPACE' ) );
#4984 = CARTESIAN_POINT ( 'NONE',  ( -11.45000000000000600, 0.8999999999998644600, -4.950000000000117400 ) ) ;
#4985 = LINE ( 'NONE', #2524, #8536 ) ;
#4986 = DIRECTION ( 'NONE',  ( 0.0000000000000000000, 0.0000000000000000000, 1.000000000000000000 ) ) ;
#4987 = FILL_AREA_STYLE_COLOUR ( '', #2231 ) ;
#4988 = ORIENTED_EDGE ( 'NONE', *, *, #8726, .F. ) ;
#4989 = EDGE_CURVE ( 'NONE', #4788, #5024, #1704, .T. ) ;
#4990 = VERTEX_POINT ( 'NONE', #2850 ) ;
#4991 = CARTESIAN_POINT ( 'NONE',  ( -11.79995099999999700, 0.0000000000000000000, -0.9501600000000095500 ) ) ;
#4992 = ORIENTED_EDGE ( 'NONE', *, *, #1674, .F. ) ;
#4993 = DIRECTION ( 'NONE',  ( 0.0000000000000000000, 0.0000000000000000000, 1.000000000000000000 ) ) ;
#4994 = CARTESIAN_POINT ( 'NONE',  ( 11.00010499999998900, 0.5200000000000000200, 4.999990000000023500 ) ) ;
#4995 = MECHANICAL_DESIGN_GEOMETRIC_PRESENTATION_REPRESENTATION (  '', ( #3532 ), #5461 ) ;
#4996 = DIRECTION ( 'NONE',  ( 0.0000000000000000000, 0.0000000000000000000, 1.000000000000000000 ) ) ;
#4997 = LINE ( 'NONE', #4340, #8546 ) ;
#4998 =( GEOMETRIC_REPRESENTATION_CONTEXT ( 3 ) GLOBAL_UNCERTAINTY_ASSIGNED_CONTEXT ( ( #3297 ) ) GLOBAL_UNIT_ASSIGNED_CONTEXT ( ( #3130, #8109, #3854 ) ) REPRESENTATION_CONTEXT ( 'NONE', 'WORKASPACE' ) );
#4999 = ORIENTED_EDGE ( 'NONE', *, *, #1633, .T. ) ;
#5000 = ORIENTED_EDGE ( 'NONE', *, *, #4213, .F. ) ;
#5001 = EDGE_CURVE ( 'NONE', #2297, #3405, #1472, .T. ) ;
#5002 = EDGE_LOOP ( 'NONE', ( #8528, #6397, #2598, #1114 ) ) ;
#5003 = CARTESIAN_POINT ( 'NONE',  ( -7.850000000000074300, 0.6000000000000423900, 5.199999999999871400 ) ) ;
#5004 = CARTESIAN_POINT ( 'NONE',  ( 0.0000000000000000000, 0.0000000000000000000, 5.550153999999987600 ) ) ;
#5005 = CARTESIAN_POINT ( 'NONE',  ( -11.79995099999999700, 0.0000000000000000000, -0.6500319999999939500 ) ) ;
#5006 = ADVANCED_FACE ( 'NONE', ( #6714 ), #2262, .T. ) ;
#5007 = EDGE_CURVE ( 'NONE', #711, #7568, #6059, .T. ) ;
#5008 = COLOUR_RGB ( '',1.000000000000000000, 1.000000000000000000, 1.000000000000000000 ) ;
#5009 = ORIENTED_EDGE ( 'NONE', *, *, #7658, .T. ) ;
#5010 = ORIENTED_EDGE ( 'NONE', *, *, #7364, .F. ) ;
#5011 = DIRECTION ( 'NONE',  ( 0.0000000000000000000, 0.0000000000000000000, 1.000000000000000000 ) ) ;
#5012 = EDGE_LOOP ( 'NONE', ( #3766, #2731, #2302, #1263 ) ) ;
#5013 = UNCERTAINTY_MEASURE_WITH_UNIT (LENGTH_MEASURE( 1.000000000000000100E-005 ), #3307, 'distance_accuracy_value', 'NONE');
#5014 = PLANE ( 'NONE',  #9324 ) ;
#5015 = EDGE_CURVE ( 'NONE', #1668, #496, #2489, .T. ) ;
#5016 = EDGE_CURVE ( 'NONE', #2216, #2002, #7942, .T. ) ;
#5017 = FACE_BOUND ( 'NONE', #43, .T. ) ;
#5018 = ORIENTED_EDGE ( 'NONE', *, *, #4463, .T. ) ;
#5019 = LINE ( 'NONE', #4800, #6658 ) ;
#5020 = DIRECTION ( 'NONE',  ( -1.000000000000000000, 0.0000000000000000000, 0.0000000000000000000 ) ) ;
#5021 = VERTEX_POINT ( 'NONE', #640 ) ;
#5022 =( GEOMETRIC_REPRESENTATION_CONTEXT ( 3 ) GLOBAL_UNCERTAINTY_ASSIGNED_CONTEXT ( ( #4661 ) ) GLOBAL_UNIT_ASSIGNED_CONTEXT ( ( #6242, #6605, #5116 ) ) REPRESENTATION_CONTEXT ( 'NONE', 'WORKASPACE' ) );
#5023 = FILL_AREA_STYLE_COLOUR ( '', #2570 ) ;
#5024 = VERTEX_POINT ( 'NONE', #668 ) ;
#5025 = FILL_AREA_STYLE_COLOUR ( '', #5767 ) ;
#5026 = LINE ( 'NONE', #992, #8583 ) ;
#5027 = PLANE ( 'NONE',  #7172 ) ;
#5028 = ORIENTED_EDGE ( 'NONE', *, *, #6547, .T. ) ;
#5029 = ORIENTED_EDGE ( 'NONE', *, *, #2591, .F. ) ;
#5030 =( NAMED_UNIT ( * ) PLANE_ANGLE_UNIT ( ) SI_UNIT ( $, .RADIAN. ) );
#5031 = PRESENTATION_STYLE_ASSIGNMENT (( #2161 ) ) ;
#5032 =( LENGTH_UNIT ( ) NAMED_UNIT ( * ) SI_UNIT ( .MILLI., .METRE. ) );
#5033 = VECTOR ( 'NONE', #6433, 1000.000000000000000 ) ;
#5034 = DIRECTION ( 'NONE',  ( -1.000000000000000000, 0.0000000000000000000, 0.0000000000000000000 ) ) ;
#5035 = DIRECTION ( 'NONE',  ( -3.587508369989295400E-014, -1.000000000000000000, 0.0000000000000000000 ) ) ;
#5036 = ORIENTED_EDGE ( 'NONE', *, *, #4185, .F. ) ;
#5037 = CARTESIAN_POINT ( 'NONE',  ( -12.00010300000000500, 0.5200000000000000200, -5.750051999999991300 ) ) ;
#5038 = ORIENTED_EDGE ( 'NONE', *, *, #202, .F. ) ;
#5039 = PRESENTATION_LAYER_ASSIGNMENT (  '', '', ( #4047 ) ) ;
#5040 = CARTESIAN_POINT ( 'NONE',  ( -11.45000000000000600, 1.799999999999999600, 4.849999999999909900 ) ) ;
#5041 = PRESENTATION_STYLE_ASSIGNMENT (( #516 ) ) ;
#5042 = VECTOR ( 'NONE', #8970, 1000.000000000000000 ) ;
#5043 = ORIENTED_EDGE ( 'NONE', *, *, #4824, .T. ) ;
#5044 = CARTESIAN_POINT ( 'NONE',  ( -5.699886999999994200, 0.0000000000000000000, -0.5001260000000035100 ) ) ;
#5045 = FILL_AREA_STYLE ('',( #2606 ) ) ;
#5046 = VERTEX_POINT ( 'NONE', #605 ) ;
#5047 = ORIENTED_EDGE ( 'NONE', *, *, #8786, .T. ) ;
#5048 = EDGE_CURVE ( 'NONE', #5244, #2086, #3944, .T. ) ;
#5049 = PLANE ( 'NONE',  #4424 ) ;
#5050 = VECTOR ( 'NONE', #5962, 1000.000000000000000 ) ;
#5051 = LINE ( 'NONE', #8638, #6682 ) ;
#5052 = CARTESIAN_POINT ( 'NONE',  ( -9.899876999999989400, 0.0000000000000000000, 5.550153999999987600 ) ) ;
#5053 = PRESENTATION_LAYER_ASSIGNMENT (  '', '', ( #4563 ) ) ;
#5054 = ADVANCED_FACE ( 'NONE', ( #311 ), #6820, .F. ) ;
#5055 = EDGE_CURVE ( 'NONE', #8575, #7106, #5199, .T. ) ;
#5056 = DIRECTION ( 'NONE',  ( 0.0000000000000000000, 0.0000000000000000000, 1.000000000000000000 ) ) ;
#5057 = CARTESIAN_POINT ( 'NONE',  ( 0.4499999999998983700, 1.399999999999809400, -4.850000000000019200 ) ) ;
#5058 = VERTEX_POINT ( 'NONE', #6589 ) ;
#5059 = DIRECTION ( 'NONE',  ( -2.189528850507526700E-047, -2.891205793293927200E-015, -1.000000000000000000 ) ) ;
#5060 = CARTESIAN_POINT ( 'NONE',  ( -10.20000499999999200, 0.0000000000000000000, -4.649977999999984800 ) ) ;
#5061 = UNCERTAINTY_MEASURE_WITH_UNIT (LENGTH_MEASURE( 1.000000000000000100E-005 ), #6899, 'distance_accuracy_value', 'NONE');
#5062 = COLOUR_RGB ( '',1.000000000000000000, 1.000000000000000000, 1.000000000000000000 ) ;
#5063 =( LENGTH_UNIT ( ) NAMED_UNIT ( * ) SI_UNIT ( .MILLI., .METRE. ) );
#5064 = VERTEX_POINT ( 'NONE', #6445 ) ;
#5065 =( NAMED_UNIT ( * ) PLANE_ANGLE_UNIT ( ) SI_UNIT ( $, .RADIAN. ) );
#5066 = CARTESIAN_POINT ( 'NONE',  ( 4.600067000000006300, 0.8199999999999999500, 0.1498600000000155400 ) ) ;
#5067 = CARTESIAN_POINT ( 'NONE',  ( -11.79995099999999700, 0.0000000000000000000, -0.0000000000000000000 ) ) ;
#5068 =( LENGTH_UNIT ( ) NAMED_UNIT ( * ) SI_UNIT ( .MILLI., .METRE. ) );
#5069 =( GEOMETRIC_REPRESENTATION_CONTEXT ( 3 ) GLOBAL_UNCERTAINTY_ASSIGNED_CONTEXT ( ( #8348 ) ) GLOBAL_UNIT_ASSIGNED_CONTEXT ( ( #2073, #7061, #2805 ) ) REPRESENTATION_CONTEXT ( 'NONE', 'WORKASPACE' ) );
#5070 = CARTESIAN_POINT ( 'NONE',  ( -11.19999999999992600, 1.399999999999954200, -5.000000000000093300 ) ) ;
#5071 = LINE ( 'NONE', #5770, #3363 ) ;
#5072 = EDGE_CURVE ( 'NONE', #7202, #6267, #3266, .T. ) ;
#5073 = VERTEX_POINT ( 'NONE', #104 ) ;
#5074 = CARTESIAN_POINT ( 'NONE',  ( 0.2499999999998978600, 0.8999999999998956600, 3.674999999999876400 ) ) ;
#5075 = EDGE_LOOP ( 'NONE', ( #3136, #4245, #4442, #8167, #1734, #3189, #3456, #299, #7153, #9068, #2967, #7849 ) ) ;
#5076 = CARTESIAN_POINT ( 'NONE',  ( -10.45000000000001000, 0.6000000000000415000, -17.92388274267673500 ) ) ;
#5077 = STYLED_ITEM ( 'NONE', ( #5756 ), #1259 ) ;
#5078 = STYLED_ITEM ( 'NONE', ( #8885 ), #4050 ) ;
#5079 = FACE_OUTER_BOUND ( 'NONE', #6976, .T. ) ;
#5080 = UNCERTAINTY_MEASURE_WITH_UNIT (LENGTH_MEASURE( 1.000000000000000100E-005 ), #4108, 'distance_accuracy_value', 'NONE');
#5081 = LINE ( 'NONE', #5067, #8641 ) ;
#5082 = CARTESIAN_POINT ( 'NONE',  ( -11.10000000000004900, 1.999999999999998200, 4.849999999999909900 ) ) ;
#5083 = PRESENTATION_STYLE_ASSIGNMENT (( #401 ) ) ;
#5084 = DIRECTION ( 'NONE',  ( -0.0000000000000000000, -0.0000000000000000000, 1.000000000000000000 ) ) ;
#5085 = FILL_AREA_STYLE ('',( #4967 ) ) ;
#5086 = DIRECTION ( 'NONE',  ( -1.000000000000000000, 0.0000000000000000000, 0.0000000000000000000 ) ) ;
#5087 = VECTOR ( 'NONE', #3069, 1000.000000000000000 ) ;
#5088 = ORIENTED_EDGE ( 'NONE', *, *, #3917, .T. ) ;
#5089 = DIRECTION ( 'NONE',  ( 0.0000000000000000000, 3.679716464193384600E-015, 1.000000000000000000 ) ) ;
#5090 = SURFACE_SIDE_STYLE ('',( #5925 ) ) ;
#5091 = CYLINDRICAL_SURFACE ( 'NONE', #5542, 0.2250000000000307300 ) ;
#5092 = FILL_AREA_STYLE ('',( #5161 ) ) ;
#5093 =( GEOMETRIC_REPRESENTATION_CONTEXT ( 3 ) GLOBAL_UNCERTAINTY_ASSIGNED_CONTEXT ( ( #8592 ) ) GLOBAL_UNIT_ASSIGNED_CONTEXT ( ( #8600, #8559, #4288 ) ) REPRESENTATION_CONTEXT ( 'NONE', 'WORKASPACE' ) );
#5094 = PRESENTATION_STYLE_ASSIGNMENT (( #6717 ) ) ;
#5095 =( NAMED_UNIT ( * ) SI_UNIT ( $, .STERADIAN. ) SOLID_ANGLE_UNIT ( ) );
#5096 = VECTOR ( 'NONE', #6933, 1000.000000000000000 ) ;
#5097 = DIRECTION ( 'NONE',  ( -1.000000000000000000, -3.938562652106140600E-016, 0.0000000000000000000 ) ) ;
#5098 = DIRECTION ( 'NONE',  ( -1.000000000000000000, 3.587508369989295400E-014, 2.196715321110864400E-030 ) ) ;
#5099 = ADVANCED_FACE ( 'NONE', ( #3060 ), #5222, .F. ) ;
#5100 = ORIENTED_EDGE ( 'NONE', *, *, #7315, .F. ) ;
#5101 =( NAMED_UNIT ( * ) SI_UNIT ( $, .STERADIAN. ) SOLID_ANGLE_UNIT ( ) );
#5102 = DIRECTION ( 'NONE',  ( 0.0000000000000000000, 0.0000000000000000000, -1.000000000000000000 ) ) ;
#5103 = VERTEX_POINT ( 'NONE', #1570 ) ;
#5104 = CARTESIAN_POINT ( 'NONE',  ( 0.1000000000000497000, -28.62307019352236600, -4.990000000000092600 ) ) ;
#5105 = LINE ( 'NONE', #1682, #4179 ) ;
#5106 = CARTESIAN_POINT ( 'NONE',  ( 11.00010499999998900, 0.5200000000000000200, 4.999990000000023500 ) ) ;
#5107 = SURFACE_STYLE_USAGE ( .BOTH. , #9143 ) ;
#5108 = PRESENTATION_STYLE_ASSIGNMENT (( #5947 ) ) ;
#5109 =( GEOMETRIC_REPRESENTATION_CONTEXT ( 3 ) GLOBAL_UNCERTAINTY_ASSIGNED_CONTEXT ( ( #6909 ) ) GLOBAL_UNIT_ASSIGNED_CONTEXT ( ( #7708, #7807, #7826 ) ) REPRESENTATION_CONTEXT ( 'NONE', 'WORKASPACE' ) );
#5110 = ORIENTED_EDGE ( 'NONE', *, *, #483, .F. ) ;
#5111 = VERTEX_POINT ( 'NONE', #8995 ) ;
#5112 = DIRECTION ( 'NONE',  ( -0.0000000000000000000, 1.000000000000000000, -0.0000000000000000000 ) ) ;
#5113 = PRESENTATION_STYLE_ASSIGNMENT (( #50 ) ) ;
#5114 = EDGE_CURVE ( 'NONE', #8899, #5444, #4975, .T. ) ;
#5115 = FACE_OUTER_BOUND ( 'NONE', #5800, .T. ) ;
#5116 =( NAMED_UNIT ( * ) SI_UNIT ( $, .STERADIAN. ) SOLID_ANGLE_UNIT ( ) );
#5117 = PLANE ( 'NONE',  #2004 ) ;
#5118 = VERTEX_POINT ( 'NONE', #2386 ) ;
#5119 =( LENGTH_UNIT ( ) NAMED_UNIT ( * ) SI_UNIT ( .MILLI., .METRE. ) );
#5120 = DIRECTION ( 'NONE',  ( 1.000000000000000000, 0.0000000000000000000, 0.0000000000000000000 ) ) ;
#5121 = ORIENTED_EDGE ( 'NONE', *, *, #9339, .F. ) ;
#5122 = SURFACE_STYLE_USAGE ( .BOTH. , #5090 ) ;
#5123 = DIRECTION ( 'NONE',  ( 1.000000000000000000, 0.0000000000000000000, 0.0000000000000000000 ) ) ;
#5124 = CARTESIAN_POINT ( 'NONE',  ( 0.9999950000000087400, 0.0000000000000000000, -4.649977999999984800 ) ) ;
#5125 = SURFACE_STYLE_FILL_AREA ( #3647 ) ;
#5126 = EDGE_CURVE ( 'NONE', #7839, #7208, #1104, .T. ) ;
#5127 = ORIENTED_EDGE ( 'NONE', *, *, #4702, .T. ) ;
#5128 = DIRECTION ( 'NONE',  ( 0.0000000000000000000, 0.0000000000000000000, 1.000000000000000000 ) ) ;
#5129 = VERTEX_POINT ( 'NONE', #4613 ) ;
#5130 =( LENGTH_UNIT ( ) NAMED_UNIT ( * ) SI_UNIT ( .MILLI., .METRE. ) );
#5131 = DIRECTION ( 'NONE',  ( 0.0000000000000000000, 0.0000000000000000000, -1.000000000000000000 ) ) ;
#5132 = DIRECTION ( 'NONE',  ( -1.000000000000000000, 0.0000000000000000000, 0.0000000000000000000 ) ) ;
#5133 = EDGE_CURVE ( 'NONE', #3537, #8941, #8518, .T. ) ;
#5134 = STYLED_ITEM ( 'NONE', ( #7862 ), #855 ) ;
#5135 = VERTEX_POINT ( 'NONE', #8682 ) ;
#5136 = FACE_BOUND ( 'NONE', #6424, .T. ) ;
#5137 = LINE ( 'NONE', #8506, #3214 ) ;
#5138 = CARTESIAN_POINT ( 'NONE',  ( -2.200004999999991100, 0.0000000000000000000, 4.649977999999984800 ) ) ;
#5139 = ORIENTED_EDGE ( 'NONE', *, *, #5733, .T. ) ;
#5140 = CARTESIAN_POINT ( 'NONE',  ( 0.0000000000000000000, 0.5200000000000000200, 0.0000000000000000000 ) ) ;
#5141 =( LENGTH_UNIT ( ) NAMED_UNIT ( * ) SI_UNIT ( .MILLI., .METRE. ) );
#5142 = EDGE_CURVE ( 'NONE', #2224, #8909, #8771, .T. ) ;
#5143 = VECTOR ( 'NONE', #156, 1000.000000000000000 ) ;
#5144 = VECTOR ( 'NONE', #4269, 1000.000000000000000 ) ;
#5145 = DIRECTION ( 'NONE',  ( -1.401298464324817100E-045, 1.434038073474106100E-013, -1.000000000000000000 ) ) ;
#5146 = AXIS2_PLACEMENT_3D ( 'NONE', #6986, #7023, #7054 ) ;
#5147 = AXIS2_PLACEMENT_3D ( 'NONE', #5219, #5281, #5313 ) ;
#5148 = PRESENTATION_LAYER_ASSIGNMENT (  '', '', ( #4156 ) ) ;
#5149 = ADVANCED_FACE ( 'NONE', ( #6387 ), #8216, .F. ) ;
#5150 = EDGE_LOOP ( 'NONE', ( #4256, #5824, #8560, #1950 ) ) ;
#5151 = ORIENTED_EDGE ( 'NONE', *, *, #8044, .F. ) ;
#5152 = FILL_AREA_STYLE ('',( #4694 ) ) ;
#5153 = CARTESIAN_POINT ( 'NONE',  ( 0.3999230000000034100, -5.000000000000000000, 3.899916000000017000 ) ) ;
#5154 = CARTESIAN_POINT ( 'NONE',  ( -7.323606999999935100, 0.8999999999999954700, -5.000000000000093300 ) ) ;
#5155 = VECTOR ( 'NONE', #2063, 1000.000000000000000 ) ;
#5156 = CARTESIAN_POINT ( 'NONE',  ( -4.600004999999991500, 0.0000000000000000000, 5.550153999999987600 ) ) ;
#5157 = VECTOR ( 'NONE', #7775, 1000.000000000000000 ) ;
#5158 = VECTOR ( 'NONE', #452, 1000.000000000000000 ) ;
#5159 = CARTESIAN_POINT ( 'NONE',  ( 0.0000000000000000000, 0.0000000000000000000, 0.0000000000000000000 ) ) ;
#5160 = CARTESIAN_POINT ( 'NONE',  ( 0.3999230000000034100, 0.0000000000000000000, -3.550158000000025500 ) ) ;
#5161 = FILL_AREA_STYLE_COLOUR ( '', #2936 ) ;
#5162 = ORIENTED_EDGE ( 'NONE', *, *, #4337, .T. ) ;
#5163 = ORIENTED_EDGE ( 'NONE', *, *, #9351, .F. ) ;
#5164 = EDGE_LOOP ( 'NONE', ( #1244, #6468, #960, #8606 ) ) ;
#5165 = PRESENTATION_STYLE_ASSIGNMENT (( #3223 ) ) ;
#5166 = LINE ( 'NONE', #8724, #9190 ) ;
#5167 = CARTESIAN_POINT ( 'NONE',  ( -6.876393202613789900, 0.9000001009055432800, -5.200000000000093400 ) ) ;
#5168 = DIRECTION ( 'NONE',  ( 0.0000000000000000000, 1.000000000000000000, -0.0000000000000000000 ) ) ;
#5169 = DIRECTION ( 'NONE',  ( 1.000000000000000000, 0.0000000000000000000, 0.0000000000000000000 ) ) ;
#5170 = AXIS2_PLACEMENT_3D ( 'NONE', #8562, #4290, #9323 ) ;
#5171 = AXIS2_PLACEMENT_3D ( 'NONE', #2821, #2793, #2758 ) ;
#5172 = ORIENTED_EDGE ( 'NONE', *, *, #8157, .F. ) ;
#5173 = LINE ( 'NONE', #4897, #4948 ) ;
#5174 = VECTOR ( 'NONE', #4182, 1000.000000000000000 ) ;
#5175 = LINE ( 'NONE', #1963, #8744 ) ;
#5176 = EDGE_CURVE ( 'NONE', #7958, #4449, #7598, .T. ) ;
#5177 = EDGE_LOOP ( 'NONE', ( #5457, #707, #2888, #4097 ) ) ;
#5178 =( GEOMETRIC_REPRESENTATION_CONTEXT ( 3 ) GLOBAL_UNCERTAINTY_ASSIGNED_CONTEXT ( ( #199 ) ) GLOBAL_UNIT_ASSIGNED_CONTEXT ( ( #7171, #7389, #7445 ) ) REPRESENTATION_CONTEXT ( 'NONE', 'WORKASPACE' ) );
#5179 = FACE_OUTER_BOUND ( 'NONE', #7798, .T. ) ;
#5180 = LINE ( 'NONE', #3641, #1321 ) ;
#5181 = MECHANICAL_DESIGN_GEOMETRIC_PRESENTATION_REPRESENTATION (  '', ( #3732 ), #5632 ) ;
#5182 = CARTESIAN_POINT ( 'NONE',  ( 3.200019000000005500, 0.8199999999999999500, 0.1498600000000155400 ) ) ;
#5183 = DIRECTION ( 'NONE',  ( 0.0000000000000000000, 0.0000000000000000000, 1.000000000000000000 ) ) ;
#5184 = SURFACE_STYLE_FILL_AREA ( #7387 ) ;
#5185 = ORIENTED_EDGE ( 'NONE', *, *, #4642, .T. ) ;
#5186 =( NAMED_UNIT ( * ) SI_UNIT ( $, .STERADIAN. ) SOLID_ANGLE_UNIT ( ) );
#5187 = DIRECTION ( 'NONE',  ( 0.0000000000000000000, -1.000000000000000000, 0.0000000000000000000 ) ) ;
#5188 = AXIS2_PLACEMENT_3D ( 'NONE', #7677, #5469, #8887 ) ;
#5189 = LINE ( 'NONE', #268, #6381 ) ;
#5190 = CARTESIAN_POINT ( 'NONE',  ( -5.400004999999990400, 0.0000000000000000000, 4.649977999999984800 ) ) ;
#5191 = DIRECTION ( 'NONE',  ( 0.0000000000000000000, 0.0000000000000000000, 1.000000000000000000 ) ) ;
#5192 = FILL_AREA_STYLE ('',( #1101 ) ) ;
#5193 = DIRECTION ( 'NONE',  ( 0.0000000000000000000, -1.000000000000000000, 0.0000000000000000000 ) ) ;
#5194 = CARTESIAN_POINT ( 'NONE',  ( -9.099876999999988700, 0.0000000000000000000, -0.0000000000000000000 ) ) ;
#5195 = SURFACE_STYLE_USAGE ( .BOTH. , #118 ) ;
#5196 =( NAMED_UNIT ( * ) SI_UNIT ( $, .STERADIAN. ) SOLID_ANGLE_UNIT ( ) );
#5197 = FACE_OUTER_BOUND ( 'NONE', #824, .T. ) ;
#5198 = EDGE_CURVE ( 'NONE', #6551, #1828, #3839, .T. ) ;
#5199 = LINE ( 'NONE', #6031, #1338 ) ;
#5200 = CIRCLE ( 'NONE', #4951, 0.3000000753742137500 ) ;
#5201 = EDGE_CURVE ( 'NONE', #5935, #1081, #5735, .T. ) ;
#5202 = VERTEX_POINT ( 'NONE', #6534 ) ;
#5203 = CARTESIAN_POINT ( 'NONE',  ( 0.4499999999998983700, 0.8999999999998991000, 4.949999999999902500 ) ) ;
#5204 = ORIENTED_EDGE ( 'NONE', *, *, #2088, .T. ) ;
#5205 = SURFACE_STYLE_FILL_AREA ( #3790 ) ;
#5206 = SURFACE_STYLE_USAGE ( .BOTH. , #5491 ) ;
#5207 = MECHANICAL_DESIGN_GEOMETRIC_PRESENTATION_REPRESENTATION (  '', ( #4221 ), #5659 ) ;
#5208 = STYLED_ITEM ( 'NONE', ( #8989 ), #4285 ) ;
#5209 =( NAMED_UNIT ( * ) PLANE_ANGLE_UNIT ( ) SI_UNIT ( $, .RADIAN. ) );
#5210 =( LENGTH_UNIT ( ) NAMED_UNIT ( * ) SI_UNIT ( .MILLI., .METRE. ) );
#5211 = DIRECTION ( 'NONE',  ( 0.0000000000000000000, 0.0000000000000000000, -1.000000000000000000 ) ) ;
#5212 = LINE ( 'NONE', #6079, #7067 ) ;
#5213 = EDGE_LOOP ( 'NONE', ( #5805, #6061, #5127, #3457 ) ) ;
#5214 = ORIENTED_EDGE ( 'NONE', *, *, #5421, .F. ) ;
#5215 = MECHANICAL_DESIGN_GEOMETRIC_PRESENTATION_REPRESENTATION (  '', ( #4237 ), #5677 ) ;
#5216 = EDGE_LOOP ( 'NONE', ( #9164, #6666, #8828, #3318 ) ) ;
#5217 = ORIENTED_EDGE ( 'NONE', *, *, #6875, .F. ) ;
#5218 = DIRECTION ( 'NONE',  ( 0.0000000000000000000, 0.0000000000000000000, -1.000000000000000000 ) ) ;
#5219 = CARTESIAN_POINT ( 'NONE',  ( 8.772996778704309100, 1.399999999999810300, -4.950000000000119200 ) ) ;
#5220 = EDGE_LOOP ( 'NONE', ( #7532, #8550, #439, #227 ) ) ;
#5221 = CARTESIAN_POINT ( 'NONE',  ( -4.123606797386178100, 0.9000001009055562700, 5.199999999999871400 ) ) ;
#5222 = PLANE ( 'NONE',  #348 ) ;
#5223 = DIRECTION ( 'NONE',  ( -0.0000000000000000000, -1.000000000000000000, -0.0000000000000000000 ) ) ;
#5224 = CARTESIAN_POINT ( 'NONE',  ( -1.099876999999988700, 0.0000000000000000000, -0.0000000000000000000 ) ) ;
#5225 = FACE_OUTER_BOUND ( 'NONE', #1655, .T. ) ;
#5226 = CARTESIAN_POINT ( 'NONE',  ( 0.0000000000000000000, 0.0000000000000000000, 3.299967999999972700 ) ) ;
#5227 = ORIENTED_EDGE ( 'NONE', *, *, #2043, .T. ) ;
#5228 = EDGE_CURVE ( 'NONE', #7643, #7745, #7397, .T. ) ;
#5229 = VERTEX_POINT ( 'NONE', #6761 ) ;
#5230 = UNCERTAINTY_MEASURE_WITH_UNIT (LENGTH_MEASURE( 1.000000000000000100E-005 ), #2451, 'distance_accuracy_value', 'NONE');
#5231 = CARTESIAN_POINT ( 'NONE',  ( -0.3500000000000117500, 0.9000001009055926800, -17.92388274267673500 ) ) ;
#5232 = LINE ( 'NONE', #7739, #7090 ) ;
#5233 =( NAMED_UNIT ( * ) PLANE_ANGLE_UNIT ( ) SI_UNIT ( $, .RADIAN. ) );
#5234 = MECHANICAL_DESIGN_GEOMETRIC_PRESENTATION_REPRESENTATION (  '', ( #3787 ), #5687 ) ;
#5235 = VECTOR ( 'NONE', #8720, 1000.000000000000000 ) ;
#5236 = ORIENTED_EDGE ( 'NONE', *, *, #1878, .F. ) ;
#5237 = ORIENTED_EDGE ( 'NONE', *, *, #6220, .F. ) ;
#5238 = VERTEX_POINT ( 'NONE', #6000 ) ;
#5239 =( NAMED_UNIT ( * ) PLANE_ANGLE_UNIT ( ) SI_UNIT ( $, .RADIAN. ) );
#5240 = FACE_BOUND ( 'NONE', #140, .T. ) ;
#5241 = DIRECTION ( 'NONE',  ( -1.000000000000000000, 3.986122885547191000E-014, 0.0000000000000000000 ) ) ;
#5242 = PRESENTATION_STYLE_ASSIGNMENT (( #6819 ) ) ;
#5243 =( LENGTH_UNIT ( ) NAMED_UNIT ( * ) SI_UNIT ( .MILLI., .METRE. ) );
#5244 = VERTEX_POINT ( 'NONE', #5946 ) ;
#5245 = EDGE_LOOP ( 'NONE', ( #4656, #4884, #113, #796 ) ) ;
#5246 = STYLED_ITEM ( 'NONE', ( #7495 ), #9233 ) ;
#5247 = EDGE_CURVE ( 'NONE', #7428, #6970, #5307, .T. ) ;
#5248 = PLANE ( 'NONE',  #8523 ) ;
#5249 = LINE ( 'NONE', #2774, #3314 ) ;
#5250 = CARTESIAN_POINT ( 'NONE',  ( 0.0000000000000000000, 0.0000000000000000000, 4.649977999999984800 ) ) ;
#5251 =( NAMED_UNIT ( * ) SI_UNIT ( $, .STERADIAN. ) SOLID_ANGLE_UNIT ( ) );
#5252 = DIRECTION ( 'NONE',  ( 1.000000000000000000, 0.0000000000000000000, 0.0000000000000000000 ) ) ;
#5253 = EDGE_LOOP ( 'NONE', ( #1997, #8364 ) ) ;
#5254 = DIRECTION ( 'NONE',  ( 3.938562652106140600E-016, -1.000000000000000000, 0.0000000000000000000 ) ) ;
#5255 = DIRECTION ( 'NONE',  ( 1.000000000000000000, 0.0000000000000000000, 0.0000000000000000000 ) ) ;
#5256 = MECHANICAL_DESIGN_GEOMETRIC_PRESENTATION_REPRESENTATION (  '', ( #5417 ), #4955 ) ;
#5257 = AXIS2_PLACEMENT_3D ( 'NONE', #1675, #1691, #1720 ) ;
#5258 = ORIENTED_EDGE ( 'NONE', *, *, #3982, .F. ) ;
#5259 = LINE ( 'NONE', #610, #9057 ) ;
#5260 = LINE ( 'NONE', #5728, #5033 ) ;
#5261 = SURFACE_STYLE_FILL_AREA ( #9187 ) ;
#5262 =( NAMED_UNIT ( * ) PLANE_ANGLE_UNIT ( ) SI_UNIT ( $, .RADIAN. ) );
#5263 = CARTESIAN_POINT ( 'NONE',  ( 2.349881000000005200, 0.8199999999999999500, -0.5501640000000057600 ) ) ;
#5264 = VERTEX_POINT ( 'NONE', #5888 ) ;
#5265 = EDGE_LOOP ( 'NONE', ( #1688, #3946, #1084, #7581 ) ) ;
#5266 = CARTESIAN_POINT ( 'NONE',  ( -2.699876999999989200, 0.0000000000000000000, 5.550153999999987600 ) ) ;
#5267 = VECTOR ( 'NONE', #1949, 1000.000000000000000 ) ;
#5268 = LINE ( 'NONE', #1722, #1422 ) ;
#5269 = PRESENTATION_LAYER_ASSIGNMENT (  '', '', ( #5729 ) ) ;
#5270 = CARTESIAN_POINT ( 'NONE',  ( -11.79995099999999700, 0.0000000000000000000, -1.450031999999994200 ) ) ;
#5271 = EDGE_CURVE ( 'NONE', #7265, #5702, #3609, .T. ) ;
#5272 = ORIENTED_EDGE ( 'NONE', *, *, #2474, .T. ) ;
#5273 = ORIENTED_EDGE ( 'NONE', *, *, #8330, .F. ) ;
#5274 = PRESENTATION_LAYER_ASSIGNMENT (  '', '', ( #4296 ) ) ;
#5275 =( NAMED_UNIT ( * ) PLANE_ANGLE_UNIT ( ) SI_UNIT ( $, .RADIAN. ) );
#5276 = LINE ( 'NONE', #1276, #8849 ) ;
#5277 = LINE ( 'NONE', #5630, #9072 ) ;
#5278 = VECTOR ( 'NONE', #7837, 1000.000000000000000 ) ;
#5279 = VECTOR ( 'NONE', #9291, 1000.000000000000000 ) ;
#5280 = ORIENTED_EDGE ( 'NONE', *, *, #7543, .T. ) ;
#5281 = DIRECTION ( 'NONE',  ( 4.379057701015053300E-047, -3.469446951953995200E-015, -1.000000000000000000 ) ) ;
#5282 = PLANE ( 'NONE',  #6229 ) ;
#5283 = DIRECTION ( 'NONE',  ( -0.0000000000000000000, 0.0000000000000000000, -1.000000000000000000 ) ) ;
#5284 = DIRECTION ( 'NONE',  ( 0.0000000000000000000, 1.000000000000000000, -0.0000000000000000000 ) ) ;
#5285 = LINE ( 'NONE', #6937, #3355 ) ;
#5286 = ORIENTED_EDGE ( 'NONE', *, *, #947, .T. ) ;
#5287 = COLOUR_RGB ( '',1.000000000000000000, 1.000000000000000000, 1.000000000000000000 ) ;
#5288 = MECHANICAL_DESIGN_GEOMETRIC_PRESENTATION_REPRESENTATION (  '', ( #4312 ), #5744 ) ;
#5289 = FACE_OUTER_BOUND ( 'NONE', #8866, .T. ) ;
#5290 = EDGE_LOOP ( 'NONE', ( #3757, #5644, #331, #2729 ) ) ;
#5291 =( NAMED_UNIT ( * ) SI_UNIT ( $, .STERADIAN. ) SOLID_ANGLE_UNIT ( ) );
#5292 =( NAMED_UNIT ( * ) SI_UNIT ( $, .STERADIAN. ) SOLID_ANGLE_UNIT ( ) );
#5293 = LINE ( 'NONE', #3583, #1453 ) ;
#5294 = EDGE_CURVE ( 'NONE', #7988, #1715, #1463, .T. ) ;
#5295 = FILL_AREA_STYLE_COLOUR ( '', #1241 ) ;
#5296 = ORIENTED_EDGE ( 'NONE', *, *, #8881, .F. ) ;
#5297 =( LENGTH_UNIT ( ) NAMED_UNIT ( * ) SI_UNIT ( .MILLI., .METRE. ) );
#5298 = COLOUR_RGB ( '',1.000000000000000000, 1.000000000000000000, 1.000000000000000000 ) ;
#5299 = STYLED_ITEM ( 'NONE', ( #1927 ), #3822 ) ;
#5300 = CARTESIAN_POINT ( 'NONE',  ( 0.0000000000000000000, 0.0000000000000000000, 0.0000000000000000000 ) ) ;
#5301 = UNCERTAINTY_MEASURE_WITH_UNIT (LENGTH_MEASURE( 1.000000000000000100E-005 ), #7792, 'distance_accuracy_value', 'NONE');
#5302 = PLANE ( 'NONE',  #2664 ) ;
#5303 = MECHANICAL_DESIGN_GEOMETRIC_PRESENTATION_REPRESENTATION (  '', ( #3850 ), #5757 ) ;
#5304 = FACE_BOUND ( 'NONE', #1260, .T. ) ;
#5305 = DIRECTION ( 'NONE',  ( -0.0000000000000000000, -1.000000000000000000, -0.0000000000000000000 ) ) ;
#5306 = DIRECTION ( 'NONE',  ( -1.000000000000000000, -0.0000000000000000000, -0.0000000000000000000 ) ) ;
#5307 = LINE ( 'NONE', #6063, #3370 ) ;
#5308 = EDGE_CURVE ( 'NONE', #9146, #7768, #8876, .T. ) ;
#5309 = DIRECTION ( 'NONE',  ( 0.0000000000000000000, 0.0000000000000000000, 1.000000000000000000 ) ) ;
#5310 = VECTOR ( 'NONE', #4914, 1000.000000000000000 ) ;
#5311 = EDGE_CURVE ( 'NONE', #8563, #1427, #1907, .T. ) ;
#5312 = PRESENTATION_LAYER_ASSIGNMENT (  '', '', ( #5417 ) ) ;
#5313 = DIRECTION ( 'NONE',  ( -6.123233995736766000E-017, -1.000000000000000000, 3.469446951953995200E-015 ) ) ;
#5314 = LINE ( 'NONE', #3634, #8883 ) ;
#5315 = FACE_OUTER_BOUND ( 'NONE', #936, .T. ) ;
#5316 = EDGE_LOOP ( 'NONE', ( #4620, #1154, #6481, #5817 ) ) ;
#5317 = DIRECTION ( 'NONE',  ( 1.000000000000000000, 0.0000000000000000000, 0.0000000000000000000 ) ) ;
#5318 = CARTESIAN_POINT ( 'NONE',  ( -3.899999999999922600, 0.7000001004988012400, 4.999999999999871200 ) ) ;
#5319 = CARTESIAN_POINT ( 'NONE',  ( 0.1000000000000497000, -28.62307019352236600, -4.850000000000021000 ) ) ;
#5320 = EDGE_CURVE ( 'NONE', #4488, #396, #5081, .T. ) ;
#5321 = VERTEX_POINT ( 'NONE', #5766 ) ;
#5322 = LINE ( 'NONE', #4901, #1479 ) ;
#5323 = LINE ( 'NONE', #1199, #5096 ) ;
#5324 = ORIENTED_EDGE ( 'NONE', *, *, #5934, .F. ) ;
#5325 =( NAMED_UNIT ( * ) PLANE_ANGLE_UNIT ( ) SI_UNIT ( $, .RADIAN. ) );
#5326 =( GEOMETRIC_REPRESENTATION_CONTEXT ( 3 ) GLOBAL_UNCERTAINTY_ASSIGNED_CONTEXT ( ( #4834 ) ) GLOBAL_UNIT_ASSIGNED_CONTEXT ( ( #3852, #1017, #7502 ) ) REPRESENTATION_CONTEXT ( 'NONE', 'WORKASPACE' ) );
#5327 = AXIS2_PLACEMENT_3D ( 'NONE', #5231, #6707, #5823 ) ;
#5328 = ORIENTED_EDGE ( 'NONE', *, *, #5308, .F. ) ;
#5329 = SURFACE_SIDE_STYLE ('',( #2186 ) ) ;
#5330 = ORIENTED_EDGE ( 'NONE', *, *, #5311, .T. ) ;
#5331 = ADVANCED_FACE ( 'NONE', ( #6705 ), #5375, .F. ) ;
#5332 = DIRECTION ( 'NONE',  ( -1.000000000000000000, 0.0000000000000000000, 0.0000000000000000000 ) ) ;
#5333 = CARTESIAN_POINT ( 'NONE',  ( -3.676393202613736500, 0.9000001009056065600, -17.92388274267673500 ) ) ;
#5334 = ORIENTED_EDGE ( 'NONE', *, *, #4084, .T. ) ;
#5335 = CARTESIAN_POINT ( 'NONE',  ( 0.4499999999998983700, 0.5249999999998528100, -4.125000000000040000 ) ) ;
#5336 = EDGE_LOOP ( 'NONE', ( #8544, #8702 ) ) ;
#5337 = VERTEX_POINT ( 'NONE', #4497 ) ;
#5338 = ORIENTED_EDGE ( 'NONE', *, *, #2255, .F. ) ;
#5339 = DIRECTION ( 'NONE',  ( 0.0000000000000000000, 1.000000000000000000, -0.0000000000000000000 ) ) ;
#5340 = EDGE_LOOP ( 'NONE', ( #8155, #7674, #2046, #108 ) ) ;
#5341 = STYLED_ITEM ( 'NONE', ( #5495 ), #5780 ) ;
#5342 = STYLED_ITEM ( 'NONE', ( #3830 ), #2646 ) ;
#5343 = ORIENTED_EDGE ( 'NONE', *, *, #2150, .F. ) ;
#5344 = ORIENTED_EDGE ( 'NONE', *, *, #5892, .F. ) ;
#5345 = CARTESIAN_POINT ( 'NONE',  ( 2.600070999999988700, 0.5200000000000000200, -0.1501140000000206200 ) ) ;
#5346 = FILL_AREA_STYLE ('',( #4405 ) ) ;
#5347 = CARTESIAN_POINT ( 'NONE',  ( 3.200019000000005500, 0.8199999999999999500, 0.1498600000000155400 ) ) ;
#5348 = PRESENTATION_STYLE_ASSIGNMENT (( #6916 ) ) ;
#5349 = EDGE_CURVE ( 'NONE', #5244, #6453, #6052, .T. ) ;
#5350 = CYLINDRICAL_SURFACE ( 'NONE', #8449, 0.2249999999999752200 ) ;
#5351 = FACE_OUTER_BOUND ( 'NONE', #1383, .T. ) ;
#5352 = EDGE_LOOP ( 'NONE', ( #9033, #1835, #4365, #4777 ) ) ;
#5353 = ORIENTED_EDGE ( 'NONE', *, *, #9063, .F. ) ;
#5354 = VERTEX_POINT ( 'NONE', #3257 ) ;
#5355 = FILL_AREA_STYLE_COLOUR ( '', #6151 ) ;
#5356 = CARTESIAN_POINT ( 'NONE',  ( -11.19999999999992600, 1.399999999999953300, 17.92388274267651100 ) ) ;
#5357 = PLANE ( 'NONE',  #8396 ) ;
#5358 = STYLED_ITEM ( 'NONE', ( #2316 ), #3430 ) ;
#5359 = FACE_BOUND ( 'NONE', #6518, .T. ) ;
#5360 = DIRECTION ( 'NONE',  ( 0.0000000000000000000, 1.000000000000000000, -0.0000000000000000000 ) ) ;
#5361 = ORIENTED_EDGE ( 'NONE', *, *, #8447, .T. ) ;
#5362 = SURFACE_STYLE_USAGE ( .BOTH. , #283 ) ;
#5363 = UNCERTAINTY_MEASURE_WITH_UNIT (LENGTH_MEASURE( 1.000000000000000100E-005 ), #764, 'distance_accuracy_value', 'NONE');
#5364 = FILL_AREA_STYLE ('',( #4627 ) ) ;
#5365 = CARTESIAN_POINT ( 'NONE',  ( 0.0000000000000000000, 0.0000000000000000000, -4.649977999999984800 ) ) ;
#5366 = FACE_OUTER_BOUND ( 'NONE', #8942, .T. ) ;
#5367 = VECTOR ( 'NONE', #647, 1000.000000000000000 ) ;
#5369 = CARTESIAN_POINT ( 'NONE',  ( -6.876393202613789900, 0.9000001009055432800, -5.000000000000093300 ) ) ;
#5368 =( NAMED_UNIT ( * ) SI_UNIT ( $, .STERADIAN. ) SOLID_ANGLE_UNIT ( ) );
#5370 = ORIENTED_EDGE ( 'NONE', *, *, #315, .T. ) ;
#5371 = EDGE_CURVE ( 'NONE', #7208, #8684, #4152, .T. ) ;
#5372 = EDGE_LOOP ( 'NONE', ( #565, #4061, #9123, #1493, #9053, #8791, #8376, #1731, #8075, #3752, #6723, #1280, #8092, #1614, #2314, #7114, #1406, #7139, #5876, #2618 ) ) ;
#5373 = EDGE_CURVE ( 'NONE', #215, #9260, #527, .T. ) ;
#5374 = LINE ( 'NONE', #426, #3904 ) ;
#5375 = PLANE ( 'NONE',  #7093 ) ;
#5376 = ADVANCED_FACE ( 'NONE', ( #2018 ), #3078, .T. ) ;
#5377 = PRESENTATION_STYLE_ASSIGNMENT (( #8068 ) ) ;
#5378 = PRESENTATION_LAYER_ASSIGNMENT (  '', '', ( #4413 ) ) ;
#5379 = STYLED_ITEM ( 'NONE', ( #4283 ), #4183 ) ;
#5380 = VERTEX_POINT ( 'NONE', #3650 ) ;
#5381 = VERTEX_POINT ( 'NONE', #2213 ) ;
#5382 = CIRCLE ( 'NONE', #1817, 0.3500119999999958800 ) ;
#5383 = VECTOR ( 'NONE', #7337, 1000.000000000000000 ) ;
#5384 = LINE ( 'NONE', #5830, #8960 ) ;
#5385 = CARTESIAN_POINT ( 'NONE',  ( 0.3999230000000034100, 0.5200000000000004600, -3.900170000000022300 ) ) ;
#5386 = DIRECTION ( 'NONE',  ( -4.379057701015053300E-047, 4.625929269271310200E-015, 1.000000000000000000 ) ) ;
#5387 = VERTEX_POINT ( 'NONE', #2170 ) ;
#5388 = ORIENTED_EDGE ( 'NONE', *, *, #5579, .T. ) ;
#5389 = DIRECTION ( 'NONE',  ( 1.000000000000000000, 0.0000000000000000000, 0.0000000000000000000 ) ) ;
#5390 = MECHANICAL_DESIGN_GEOMETRIC_PRESENTATION_REPRESENTATION (  '', ( #3932 ), #5851 ) ;
#5391 = VECTOR ( 'NONE', #5601, 1000.000000000000000 ) ;
#5392 = VECTOR ( 'NONE', #2024, 1000.000000000000000 ) ;
#5393 = VECTOR ( 'NONE', #4875, 1000.000000000000000 ) ;
#5394 = ORIENTED_EDGE ( 'NONE', *, *, #7065, .T. ) ;
#5395 = STYLED_ITEM ( 'NONE', ( #5849 ), #5054 ) ;
#5396 = ORIENTED_EDGE ( 'NONE', *, *, #7866, .T. ) ;
#5397 = UNCERTAINTY_MEASURE_WITH_UNIT (LENGTH_MEASURE( 1.000000000000000100E-005 ), #6689, 'distance_accuracy_value', 'NONE');
#5398 = VERTEX_POINT ( 'NONE', #2244 ) ;
#5399 = CARTESIAN_POINT ( 'NONE',  ( -3.899999999999922600, 0.7000001004988003500, 17.92388274267651100 ) ) ;
#5400 = ORIENTED_EDGE ( 'NONE', *, *, #5201, .F. ) ;
#5401 = DIRECTION ( 'NONE',  ( 1.000000000000000000, 0.0000000000000000000, 0.0000000000000000000 ) ) ;
#5402 = DIRECTION ( 'NONE',  ( 0.0000000000000000000, 1.000000000000000000, -4.625929269271310200E-015 ) ) ;
#5403 = VECTOR ( 'NONE', #5858, 1000.000000000000000 ) ;
#5404 = CARTESIAN_POINT ( 'NONE',  ( 8.772996778704309100, 1.399999999999844000, 4.849999999999911700 ) ) ;
#5405 = LINE ( 'NONE', #3126, #3267 ) ;
#5406 = FILL_AREA_STYLE ('',( #343 ) ) ;
#5407 = AXIS2_PLACEMENT_3D ( 'NONE', #3823, #8829, #4539 ) ;
#5408 = CARTESIAN_POINT ( 'NONE',  ( -7.000004999999991800, 0.0000000000000000000, 5.550153999999987600 ) ) ;
#5409 =( LENGTH_UNIT ( ) NAMED_UNIT ( * ) SI_UNIT ( .MILLI., .METRE. ) );
#5410 = DIRECTION ( 'NONE',  ( 0.0000000000000000000, 0.0000000000000000000, 1.000000000000000000 ) ) ;
#5411 = CARTESIAN_POINT ( 'NONE',  ( 3.200019000000005500, 0.8199999999999999500, 0.1498600000000155400 ) ) ;
#5412 = LINE ( 'NONE', #7623, #9236 ) ;
#5413 = EDGE_CURVE ( 'NONE', #7958, #2835, #7045, .T. ) ;
#5415 = CARTESIAN_POINT ( 'NONE',  ( -10.90002899999999800, 0.0000000000000000000, 0.1499680000000059600 ) ) ;
#5414 = FILL_AREA_STYLE_COLOUR ( '', #6884 ) ;
#5416 = FACE_OUTER_BOUND ( 'NONE', #160, .T. ) ;
#5417 = STYLED_ITEM ( 'NONE', ( #2450 ), #22 ) ;
#5418 = FILL_AREA_STYLE ('',( #6210 ) ) ;
#5419 = FACE_OUTER_BOUND ( 'NONE', #7619, .T. ) ;
#5420 = FACE_OUTER_BOUND ( 'NONE', #8846, .T. ) ;
#5421 = EDGE_CURVE ( 'NONE', #734, #4488, #6810, .T. ) ;
#5422 = ORIENTED_EDGE ( 'NONE', *, *, #4215, .F. ) ;
#5423 = VERTEX_POINT ( 'NONE', #1498 ) ;
#5424 = VERTEX_POINT ( 'NONE', #1436 ) ;
#5425 = ORIENTED_EDGE ( 'NONE', *, *, #7589, .T. ) ;
#5426 = AXIS2_PLACEMENT_3D ( 'NONE', #7457, #7374, #9333 ) ;
#5427 = PLANE ( 'NONE',  #7897 ) ;
#5428 = SURFACE_STYLE_FILL_AREA ( #1555 ) ;
#5429 = AXIS2_PLACEMENT_3D ( 'NONE', #5836, #5532, #2313 ) ;
#5430 = DIRECTION ( 'NONE',  ( 0.0000000000000000000, 1.000000000000000000, -3.252606517456871800E-015 ) ) ;
#5431 = LINE ( 'NONE', #4204, #1373 ) ;
#5432 = EDGE_CURVE ( 'NONE', #505, #7265, #8764, .T. ) ;
#5433 = VERTEX_POINT ( 'NONE', #1467 ) ;
#5434 = CARTESIAN_POINT ( 'NONE',  ( 0.1999999999999276800, 1.399999999999953300, -17.92388274267673500 ) ) ;
#5435 = VERTEX_POINT ( 'NONE', #1065 ) ;
#5436 = CARTESIAN_POINT ( 'NONE',  ( 1.149985000000013100, 0.7500000000000000000, 4.499864000000005900 ) ) ;
#5437 = CARTESIAN_POINT ( 'NONE',  ( -12.00010300000000500, 0.5200000000000000200, -5.750051999999991300 ) ) ;
#5438 = DIRECTION ( 'NONE',  ( -1.991647080244688800E-031, -3.252606517456871800E-015, -1.000000000000000000 ) ) ;
#5439 = VECTOR ( 'NONE', #490, 1000.000000000000000 ) ;
#5440 = VERTEX_POINT ( 'NONE', #973 ) ;
#5441 = ORIENTED_EDGE ( 'NONE', *, *, #7815, .T. ) ;
#5443 = CARTESIAN_POINT ( 'NONE',  ( 0.4499999999998983700, 1.399999999999844000, 4.949999999999900700 ) ) ;
#5442 = DIRECTION ( 'NONE',  ( 0.0000000000000000000, 0.0000000000000000000, -1.000000000000000000 ) ) ;
#5444 = VERTEX_POINT ( 'NONE', #1001 ) ;
#5445 = DIRECTION ( 'NONE',  ( 0.0000000000000000000, 0.0000000000000000000, 1.000000000000000000 ) ) ;
#5446 = MECHANICAL_DESIGN_GEOMETRIC_PRESENTATION_REPRESENTATION (  '', ( #4499 ), #5920 ) ;
#5447 = COLOUR_RGB ( '',1.000000000000000000, 1.000000000000000000, 1.000000000000000000 ) ;
#5448 = ORIENTED_EDGE ( 'NONE', *, *, #4622, .T. ) ;
#5449 = FACE_BOUND ( 'NONE', #577, .T. ) ;
#5450 = CARTESIAN_POINT ( 'NONE',  ( -11.45000000000000600, 0.8999999999998687900, -3.675000000000090900 ) ) ;
#5451 = EDGE_LOOP ( 'NONE', ( #4546, #7672, #3343, #6292 ) ) ;
#5452 = CYLINDRICAL_SURFACE ( 'NONE', #3302, 0.3000000753742141900 ) ;
#5453 = FILL_AREA_STYLE_COLOUR ( '', #3014 ) ;
#5454 = CARTESIAN_POINT ( 'NONE',  ( 0.0000000000000000000, 0.0000000000000000000, 0.0000000000000000000 ) ) ;
#5455 = ORIENTED_EDGE ( 'NONE', *, *, #8044, .T. ) ;
#5456 = CARTESIAN_POINT ( 'NONE',  ( 0.2499999999998978600, 1.399999999999843100, 4.849999999999911700 ) ) ;
#5457 = ORIENTED_EDGE ( 'NONE', *, *, #6628, .T. ) ;
#5458 = EDGE_CURVE ( 'NONE', #3104, #4788, #4965, .T. ) ;
#5459 = VECTOR ( 'NONE', #349, 1000.000000000000000 ) ;
#5460 = FILL_AREA_STYLE_COLOUR ( '', #1008 ) ;
#5461 =( GEOMETRIC_REPRESENTATION_CONTEXT ( 3 ) GLOBAL_UNCERTAINTY_ASSIGNED_CONTEXT ( ( #2644 ) ) GLOBAL_UNIT_ASSIGNED_CONTEXT ( ( #6683, #1774, #1050 ) ) REPRESENTATION_CONTEXT ( 'NONE', 'WORKASPACE' ) );
#5462 = VERTEX_POINT ( 'NONE', #755 ) ;
#5463 = SURFACE_STYLE_USAGE ( .BOTH. , #5329 ) ;
#5464 = STYLED_ITEM ( 'NONE', ( #4880 ), #3430 ) ;
#5465 = VERTEX_POINT ( 'NONE', #719 ) ;
#5466 = EDGE_CURVE ( 'NONE', #741, #5929, #2816, .T. ) ;
#5467 = VECTOR ( 'NONE', #9254, 1000.000000000000000 ) ;
#5468 = LINE ( 'NONE', #8629, #3559 ) ;
#5470 = EDGE_LOOP ( 'NONE', ( #7967, #3288, #2124, #4120 ) ) ;
#5469 = DIRECTION ( 'NONE',  ( 0.0000000000000000000, 0.0000000000000000000, -1.000000000000000000 ) ) ;
#5471 = ORIENTED_EDGE ( 'NONE', *, *, #5482, .F. ) ;
#5472 = EDGE_CURVE ( 'NONE', #2042, #1837, #8512, .T. ) ;
#5473 = DIRECTION ( 'NONE',  ( 0.0000000000000000000, 1.000000000000000000, -0.0000000000000000000 ) ) ;
#5474 = CARTESIAN_POINT ( 'NONE',  ( -1.099876999999988700, 0.0000000000000000000, 4.649977999999984800 ) ) ;
#5475 = LINE ( 'NONE', #2559, #1873 ) ;
#5476 = LINE ( 'NONE', #6702, #1663 ) ;
#5477 = UNCERTAINTY_MEASURE_WITH_UNIT (LENGTH_MEASURE( 1.000000000000000100E-005 ), #2744, 'distance_accuracy_value', 'NONE');
#5478 = CARTESIAN_POINT ( 'NONE',  ( -10.45000000000001000, 0.6000000000000423900, -5.200000000000093400 ) ) ;
#5479 = ORIENTED_EDGE ( 'NONE', *, *, #8776, .T. ) ;
#5480 = EDGE_CURVE ( 'NONE', #2013, #6693, #5189, .T. ) ;
#5481 = ORIENTED_EDGE ( 'NONE', *, *, #1125, .T. ) ;
#5482 = EDGE_CURVE ( 'NONE', #3413, #6267, #4724, .T. ) ;
#5483 = VERTEX_POINT ( 'NONE', #8510 ) ;
#5484 = SURFACE_SIDE_STYLE ('',( #5994 ) ) ;
#5485 = VERTEX_POINT ( 'NONE', #4980 ) ;
#5486 = VECTOR ( 'NONE', #7533, 1000.000000000000100 ) ;
#5487 = LINE ( 'NONE', #5758, #6901 ) ;
#5488 = DIRECTION ( 'NONE',  ( -1.000000000000000000, 0.0000000000000000000, 0.0000000000000000000 ) ) ;
#5489 = VECTOR ( 'NONE', #706, 1000.000000000000000 ) ;
#5490 = ORIENTED_EDGE ( 'NONE', *, *, #3083, .T. ) ;
#5491 = SURFACE_SIDE_STYLE ('',( #4388 ) ) ;
#5492 = DIRECTION ( 'NONE',  ( 0.0000000000000000000, 0.0000000000000000000, 1.000000000000000000 ) ) ;
#5493 = SURFACE_STYLE_FILL_AREA ( #5658 ) ;
#5494 = ORIENTED_EDGE ( 'NONE', *, *, #5986, .T. ) ;
#5495 = PRESENTATION_STYLE_ASSIGNMENT (( #6701 ) ) ;
#5496 =( LENGTH_UNIT ( ) NAMED_UNIT ( * ) SI_UNIT ( .MILLI., .METRE. ) );
#5497 = CARTESIAN_POINT ( 'NONE',  ( 0.1000000000000497000, 1.790000000000000000, -5.200000000000092500 ) ) ;
#5498 = VECTOR ( 'NONE', #2954, 1000.000000000000000 ) ;
#5499 = ORIENTED_EDGE ( 'NONE', *, *, #2062, .F. ) ;
#5500 = DIRECTION ( 'NONE',  ( -1.000000000000000000, 0.0000000000000000000, 0.0000000000000000000 ) ) ;
#5501 = MECHANICAL_DESIGN_GEOMETRIC_PRESENTATION_REPRESENTATION (  '', ( #4047 ), #5964 ) ;
#5502 = AXIS2_PLACEMENT_3D ( 'NONE', #2776, #2677, #2645 ) ;
#5503 = CARTESIAN_POINT ( 'NONE',  ( 0.1000000000000497000, 2.000000000000000000, -4.850000000000021000 ) ) ;
#5504 = SURFACE_STYLE_FILL_AREA ( #2865 ) ;
#5505 = UNCERTAINTY_MEASURE_WITH_UNIT (LENGTH_MEASURE( 1.000000000000000100E-005 ), #2654, 'distance_accuracy_value', 'NONE');
#5506 = DIRECTION ( 'NONE',  ( 1.000000000000000000, 0.0000000000000000000, 0.0000000000000000000 ) ) ;
#5507 = UNCERTAINTY_MEASURE_WITH_UNIT (LENGTH_MEASURE( 1.000000000000000100E-005 ), #1887, 'distance_accuracy_value', 'NONE');
#5508 = UNCERTAINTY_MEASURE_WITH_UNIT (LENGTH_MEASURE( 1.000000000000000100E-005 ), #7423, 'distance_accuracy_value', 'NONE');
#5509 = CARTESIAN_POINT ( 'NONE',  ( -9.400004999999991300, 0.0000000000000000000, -4.649977999999984800 ) ) ;
#5510 = VECTOR ( 'NONE', #6507, 1000.000000000000000 ) ;
#5511 = VECTOR ( 'NONE', #3244, 1000.000000000000000 ) ;
#5512 = EDGE_CURVE ( 'NONE', #4041, #4449, #638, .T. ) ;
#5513 = CARTESIAN_POINT ( 'NONE',  ( -7.100000056180550500, 0.7000000502492805800, -5.200000000000093400 ) ) ;
#5514 = SURFACE_SIDE_STYLE ('',( #8290 ) ) ;
#5515 = DIRECTION ( 'NONE',  ( 0.0000000000000000000, -0.0000000000000000000, -1.000000000000000000 ) ) ;
#5516 = EDGE_LOOP ( 'NONE', ( #5895, #6865, #7332, #8344 ) ) ;
#5517 = LINE ( 'NONE', #1164, #9347 ) ;
#5518 = MECHANICAL_DESIGN_GEOMETRIC_PRESENTATION_REPRESENTATION (  '', ( #4563 ), #5984 ) ;
#5519 = UNCERTAINTY_MEASURE_WITH_UNIT (LENGTH_MEASURE( 1.000000000000000100E-005 ), #2944, 'distance_accuracy_value', 'NONE');
#5520 = EDGE_CURVE ( 'NONE', #2345, #9042, #8052, .T. ) ;
#5521 = AXIS2_PLACEMENT_3D ( 'NONE', #325, #5401, #1063 ) ;
#5522 = CARTESIAN_POINT ( 'NONE',  ( 0.0000000000000000000, 0.0000000000000000000, -5.550153999999987600 ) ) ;
#5523 = COLOUR_RGB ( '',0.2039215686274509800, 0.2039215686274509800, 0.2039215686274509800 ) ;
#5524 = CIRCLE ( 'NONE', #1529, 0.009999999999999592500 ) ;
#5525 = LINE ( 'NONE', #5106, #9115 ) ;
#5526 = CARTESIAN_POINT ( 'NONE',  ( 0.2399999999998991600, 1.790000000000000000, -22.99731541476201000 ) ) ;
#5527 =( LENGTH_UNIT ( ) NAMED_UNIT ( * ) SI_UNIT ( .MILLI., .METRE. ) );
#5528 =( LENGTH_UNIT ( ) NAMED_UNIT ( * ) SI_UNIT ( .MILLI., .METRE. ) );
#5529 = PLANE ( 'NONE',  #4899 ) ;
#5530 = ORIENTED_EDGE ( 'NONE', *, *, #2112, .F. ) ;
#5531 = LINE ( 'NONE', #8164, #2165 ) ;
#5532 = DIRECTION ( 'NONE',  ( 0.0000000000000000000, 1.000000000000000000, -0.0000000000000000000 ) ) ;
#5533 = COLOUR_RGB ( '',1.000000000000000000, 1.000000000000000000, 1.000000000000000000 ) ;
#5534 = ORIENTED_EDGE ( 'NONE', *, *, #6118, .T. ) ;
#5535 = CARTESIAN_POINT ( 'NONE',  ( 4.000118999999989100, 0.8199999999999999500, -0.1501140000000206200 ) ) ;
#5536 = SURFACE_SIDE_STYLE ('',( #674 ) ) ;
#5537 = EDGE_CURVE ( 'NONE', #458, #4072, #8275, .T. ) ;
#5538 = ORIENTED_EDGE ( 'NONE', *, *, #6604, .F. ) ;
#5539 = CARTESIAN_POINT ( 'NONE',  ( -2.200004999999991100, 0.0000000000000000000, -5.550153999999987600 ) ) ;
#5540 = DIRECTION ( 'NONE',  ( 0.0000000000000000000, 0.0000000000000000000, 1.000000000000000000 ) ) ;
#5541 = AXIS2_PLACEMENT_3D ( 'NONE', #4950, #5035, #5098 ) ;
#5542 = AXIS2_PLACEMENT_3D ( 'NONE', #2167, #1792, #678 ) ;
#5543 = LINE ( 'NONE', #73, #16 ) ;
#5544 = ORIENTED_EDGE ( 'NONE', *, *, #2225, .T. ) ;
#5545 = CARTESIAN_POINT ( 'NONE',  ( -11.25000000000000900, 1.790000000000000700, 4.849999999999911700 ) ) ;
#5546 = ORIENTED_EDGE ( 'NONE', *, *, #8320, .T. ) ;
#5547 = ORIENTED_EDGE ( 'NONE', *, *, #5007, .T. ) ;
#5548 = CARTESIAN_POINT ( 'NONE',  ( -11.39990099999999600, 0.5200000000000004600, -3.550158000000026300 ) ) ;
#5549 = VERTEX_POINT ( 'NONE', #7790 ) ;
#5550 = ORIENTED_EDGE ( 'NONE', *, *, #5882, .F. ) ;
#5551 = CARTESIAN_POINT ( 'NONE',  ( 0.0000000000000000000, 0.0000000000000000000, -0.5001260000000035100 ) ) ;
#5552 = CARTESIAN_POINT ( 'NONE',  ( -10.90002899999999800, 0.0000000000000000000, 1.449839999999990500 ) ) ;
#5553 = VERTEX_POINT ( 'NONE', #3547 ) ;
#5554 = ORIENTED_EDGE ( 'NONE', *, *, #6167, .F. ) ;
#5555 = VERTEX_POINT ( 'NONE', #9306 ) ;
#5556 = FILL_AREA_STYLE_COLOUR ( '', #1581 ) ;
#5557 = DIRECTION ( 'NONE',  ( 0.0000000000000000000, 0.0000000000000000000, 1.000000000000000000 ) ) ;
#5558 = CARTESIAN_POINT ( 'NONE',  ( 0.1999999999999276800, 1.399999999999953300, -17.92388274267673500 ) ) ;
#5559 = AXIS2_PLACEMENT_3D ( 'NONE', #8554, #8361, #8104 ) ;
#5560 =( NAMED_UNIT ( * ) PLANE_ANGLE_UNIT ( ) SI_UNIT ( $, .RADIAN. ) );
#5561 = ADVANCED_FACE ( 'NONE', ( #5940 ), #4272, .T. ) ;
#5562 = ORIENTED_EDGE ( 'NONE', *, *, #4628, .F. ) ;
#5563 = CARTESIAN_POINT ( 'NONE',  ( -11.25000000000000900, 0.8999999999998644600, -4.950000000000117400 ) ) ;
#5564 = ORIENTED_EDGE ( 'NONE', *, *, #1182, .T. ) ;
#5565 = DIRECTION ( 'NONE',  ( 0.0000000000000000000, 1.000000000000000000, -0.0000000000000000000 ) ) ;
#5566 = FACE_OUTER_BOUND ( 'NONE', #6136, .T. ) ;
#5567 = ORIENTED_EDGE ( 'NONE', *, *, #1212, .F. ) ;
#5568 = FACE_BOUND ( 'NONE', #9023, .T. ) ;
#5569 = CARTESIAN_POINT ( 'NONE',  ( 0.0000000000000000000, 0.0000000000000000000, -4.649977999999984800 ) ) ;
#5570 = CARTESIAN_POINT ( 'NONE',  ( -11.39990099999999600, -5.000000000000000000, 3.899916000000017000 ) ) ;
#5571 = ORIENTED_EDGE ( 'NONE', *, *, #570, .T. ) ;
#5572 = DIRECTION ( 'NONE',  ( -1.000000000000000000, 0.0000000000000000000, 0.0000000000000000000 ) ) ;
#5573 = VECTOR ( 'NONE', #5850, 1000.000000000000000 ) ;
#5574 = COLOUR_RGB ( '',1.000000000000000000, 1.000000000000000000, 1.000000000000000000 ) ;
#5575 = CARTESIAN_POINT ( 'NONE',  ( 1.799995000000009100, 0.0000000000000000000, -4.649977999999984800 ) ) ;
#5576 = CARTESIAN_POINT ( 'NONE',  ( 0.1000000000000427600, 1.799999999999999600, -4.990000000000092600 ) ) ;
#5577 = ORIENTED_EDGE ( 'NONE', *, *, #5606, .T. ) ;
#5578 = ORIENTED_EDGE ( 'NONE', *, *, #6042, .F. ) ;
#5579 = EDGE_CURVE ( 'NONE', #4249, #8749, #2374, .T. ) ;
#5580 = CARTESIAN_POINT ( 'NONE',  ( 0.2399999999998991600, 1.999999999999998200, -4.850000000000021000 ) ) ;
#5581 = SURFACE_STYLE_USAGE ( .BOTH. , #5734 ) ;
#5582 = FILL_AREA_STYLE ('',( #5793 ) ) ;
#5583 = CARTESIAN_POINT ( 'NONE',  ( -11.79995099999999700, 0.0000000000000000000, -0.0000000000000000000 ) ) ;
#5584 = LINE ( 'NONE', #1925, #8729 ) ;
#5585 = CIRCLE ( 'NONE', #4762, 0.2249999999999752200 ) ;
#5586 = CARTESIAN_POINT ( 'NONE',  ( 1.449958999999993800, 0.7600000000000000100, 5.000066000000027900 ) ) ;
#5587 = STYLED_ITEM ( 'NONE', ( #650 ), #8943 ) ;
#5588 = ORIENTED_EDGE ( 'NONE', *, *, #7829, .T. ) ;
#5589 = ORIENTED_EDGE ( 'NONE', *, *, #7066, .T. ) ;
#5590 = EDGE_CURVE ( 'NONE', #963, #4118, #5293, .T. ) ;
#5591 = ORIENTED_EDGE ( 'NONE', *, *, #934, .F. ) ;
#5592 =( LENGTH_UNIT ( ) NAMED_UNIT ( * ) SI_UNIT ( .MILLI., .METRE. ) );
#5593 = PLANE ( 'NONE',  #5429 ) ;
#5594 = VECTOR ( 'NONE', #5102, 1000.000000000000000 ) ;
#5595 = PRESENTATION_LAYER_ASSIGNMENT (  '', '', ( #1299 ) ) ;
#5596 = CARTESIAN_POINT ( 'NONE',  ( 0.0000000000000000000, 0.0000000000000000000, -5.550153999999987600 ) ) ;
#5597 = AXIS2_PLACEMENT_3D ( 'NONE', #5941, #6615, #4267 ) ;
#5598 = CARTESIAN_POINT ( 'NONE',  ( 1.149985000000013100, 0.7500000000000000000, 4.499864000000005900 ) ) ;
#5599 = LINE ( 'NONE', #5478, #5815 ) ;
#5600 = VERTEX_POINT ( 'NONE', #7165 ) ;
#5601 = DIRECTION ( 'NONE',  ( -1.000000000000000000, 0.0000000000000000000, 0.0000000000000000000 ) ) ;
#5602 = FACE_OUTER_BOUND ( 'NONE', #3215, .T. ) ;
#5603 = ORIENTED_EDGE ( 'NONE', *, *, #5294, .F. ) ;
#5604 = CARTESIAN_POINT ( 'NONE',  ( -7.649999999999985300, 0.9000000000000084600, 17.92388274267651100 ) ) ;
#5605 = ADVANCED_FACE ( 'NONE', ( #8868 ), #2904, .F. ) ;
#5606 = EDGE_CURVE ( 'NONE', #2670, #167, #5071, .T. ) ;
#5607 = LINE ( 'NONE', #1261, #862 ) ;
#5608 = ORIENTED_EDGE ( 'NONE', *, *, #2177, .T. ) ;
#5609 = DIRECTION ( 'NONE',  ( 1.000000000000000000, 0.0000000000000000000, 0.0000000000000000000 ) ) ;
#5610 = CARTESIAN_POINT ( 'NONE',  ( 1.449958999999993800, 0.7600000000000000100, 4.599864000000006400 ) ) ;
#5611 = MECHANICAL_DESIGN_GEOMETRIC_PRESENTATION_REPRESENTATION (  '', ( #4156 ), #6070 ) ;
#5612 = DIRECTION ( 'NONE',  ( 0.8320502943377016100, -0.5547001962254422000, 0.0000000000000000000 ) ) ;
#5613 = VECTOR ( 'NONE', #2306, 1000.000000000000000 ) ;
#5614 = FILL_AREA_STYLE ('',( #9258 ) ) ;
#5615 = ORIENTED_EDGE ( 'NONE', *, *, #7900, .T. ) ;
#5616 = DIRECTION ( 'NONE',  ( 0.0000000000000000000, 3.481247791926261400E-015, 1.000000000000000000 ) ) ;
#5617 = UNCERTAINTY_MEASURE_WITH_UNIT (LENGTH_MEASURE( 1.000000000000000100E-005 ), #6783, 'distance_accuracy_value', 'NONE');
#5618 = SURFACE_STYLE_FILL_AREA ( #8355 ) ;
#5619 = CARTESIAN_POINT ( 'NONE',  ( -11.25000000000000900, 0.8999999999998956600, 4.124999999999937800 ) ) ;
#5620 = DIRECTION ( 'NONE',  ( 1.000000000000000000, -0.0000000000000000000, 0.0000000000000000000 ) ) ;
#5621 = AXIS2_PLACEMENT_3D ( 'NONE', #7845, #3613, #8613 ) ;
#5622 = DIRECTION ( 'NONE',  ( -1.000000000000000000, 0.0000000000000000000, 0.0000000000000000000 ) ) ;
#5623 = CARTESIAN_POINT ( 'NONE',  ( -3.899999999999922600, 0.7000001004988012400, 4.999999999999871200 ) ) ;
#5624 = DIRECTION ( 'NONE',  ( -0.5547001962254422000, -0.8320502943377016100, -5.094838648451397100E-017 ) ) ;
#5625 = UNCERTAINTY_MEASURE_WITH_UNIT (LENGTH_MEASURE( 1.000000000000000100E-005 ), #2085, 'distance_accuracy_value', 'NONE');
#5626 = EDGE_CURVE ( 'NONE', #5636, #5111, #7166, .T. ) ;
#5627 = DIRECTION ( 'NONE',  ( 0.0000000000000000000, 0.0000000000000000000, -1.000000000000000000 ) ) ;
#5628 =( NAMED_UNIT ( * ) SI_UNIT ( $, .STERADIAN. ) SOLID_ANGLE_UNIT ( ) );
#5629 = CARTESIAN_POINT ( 'NONE',  ( -11.25000000000000900, 1.399999999999844000, 4.949999999999900700 ) ) ;
#5630 = CARTESIAN_POINT ( 'NONE',  ( 2.349881000000005200, 0.8199999999999999500, 0.05003799999998837000 ) ) ;
#5631 = CYLINDRICAL_SURFACE ( 'NONE', #3671, 0.3500119999999967700 ) ;
#5632 =( GEOMETRIC_REPRESENTATION_CONTEXT ( 3 ) GLOBAL_UNCERTAINTY_ASSIGNED_CONTEXT ( ( #4112 ) ) GLOBAL_UNIT_ASSIGNED_CONTEXT ( ( #7872, #3636, #8632 ) ) REPRESENTATION_CONTEXT ( 'NONE', 'WORKASPACE' ) );
#5633 = EDGE_LOOP ( 'NONE', ( #7083, #7421, #5647, #7840 ) ) ;
#5634 = DIRECTION ( 'NONE',  ( 0.5547001962252288100, -0.8320502943378438300, 0.0000000000000000000 ) ) ;
#5635 = DIRECTION ( 'NONE',  ( 0.0000000000000000000, -3.252606517456872200E-015, -1.000000000000000000 ) ) ;
#5636 = VERTEX_POINT ( 'NONE', #6479 ) ;
#5637 = PLANE ( 'NONE',  #4787 ) ;
#5638 = PLANE ( 'NONE',  #1695 ) ;
#5639 = PLANE ( 'NONE',  #696 ) ;
#5640 = DIRECTION ( 'NONE',  ( 0.0000000000000000000, 0.0000000000000000000, 1.000000000000000000 ) ) ;
#5641 = CARTESIAN_POINT ( 'NONE',  ( 0.2499999999998978600, 0.5249999999998554700, -3.675000000000145000 ) ) ;
#5642 = ADVANCED_FACE ( 'NONE', ( #3149 ), #2215, .T. ) ;
#5643 = VECTOR ( 'NONE', #8235, 1000.000000000000000 ) ;
#5644 = ORIENTED_EDGE ( 'NONE', *, *, #8511, .T. ) ;
#5645 = EDGE_CURVE ( 'NONE', #6706, #7793, #7925, .T. ) ;
#5646 = ORIENTED_EDGE ( 'NONE', *, *, #6999, .F. ) ;
#5647 = ORIENTED_EDGE ( 'NONE', *, *, #2241, .T. ) ;
#5648 = VERTEX_POINT ( 'NONE', #8685 ) ;
#5649 = FILL_AREA_STYLE ('',( #2770 ) ) ;
#5650 = CARTESIAN_POINT ( 'NONE',  ( -3.150000000000034600, 0.6000001009056266100, -5.200000000000093400 ) ) ;
#5651 = CARTESIAN_POINT ( 'NONE',  ( 4.199995000000010100, 0.0000000000000000000, -0.0000000000000000000 ) ) ;
#5652 = DIRECTION ( 'NONE',  ( 0.0000000000000000000, 0.0000000000000000000, 1.000000000000000000 ) ) ;
#5653 = EDGE_CURVE ( 'NONE', #2614, #9253, #2261, .T. ) ;
#5654 = VERTEX_POINT ( 'NONE', #65 ) ;
#5655 = DIRECTION ( 'NONE',  ( 0.0000000000000000000, -1.000000000000000000, 0.0000000000000000000 ) ) ;
#5656 = EDGE_CURVE ( 'NONE', #4611, #5935, #6699, .T. ) ;
#5657 = VERTEX_POINT ( 'NONE', #5829 ) ;
#5658 = FILL_AREA_STYLE ('',( #220 ) ) ;
#5659 =( GEOMETRIC_REPRESENTATION_CONTEXT ( 3 ) GLOBAL_UNCERTAINTY_ASSIGNED_CONTEXT ( ( #4386 ) ) GLOBAL_UNIT_ASSIGNED_CONTEXT ( ( #6109, #3271, #6019 ) ) REPRESENTATION_CONTEXT ( 'NONE', 'WORKASPACE' ) );
#5660 = CARTESIAN_POINT ( 'NONE',  ( 0.9999950000000087400, 0.0000000000000000000, -0.0000000000000000000 ) ) ;
#5661 = AXIS2_PLACEMENT_3D ( 'NONE', #6038, #6339, #3542 ) ;
#5662 = VERTEX_POINT ( 'NONE', #1536 ) ;
#5663 = SURFACE_STYLE_USAGE ( .BOTH. , #606 ) ;
#5664 = ORIENTED_EDGE ( 'NONE', *, *, #8833, .T. ) ;
#5665 = ORIENTED_EDGE ( 'NONE', *, *, #4528, .T. ) ;
#5666 = EDGE_CURVE ( 'NONE', #5381, #6896, #4143, .T. ) ;
#5667 = FACE_OUTER_BOUND ( 'NONE', #575, .T. ) ;
#5668 = PLANE ( 'NONE',  #2277 ) ;
#5669 = FACE_BOUND ( 'NONE', #1626, .T. ) ;
#5670 = ORIENTED_EDGE ( 'NONE', *, *, #4529, .T. ) ;
#5671 = PRESENTATION_STYLE_ASSIGNMENT (( #4945 ) ) ;
#5672 = CARTESIAN_POINT ( 'NONE',  ( 0.0000000000000000000, 0.0000000000000000000, 2.249839999999991000 ) ) ;
#5673 = ORIENTED_EDGE ( 'NONE', *, *, #3039, .T. ) ;
#5674 = ORIENTED_EDGE ( 'NONE', *, *, #476, .F. ) ;
#5675 = DIRECTION ( 'NONE',  ( 1.000000000000000000, 0.0000000000000000000, -0.0000000000000000000 ) ) ;
#5676 =( GEOMETRIC_REPRESENTATION_CONTEXT ( 3 ) GLOBAL_UNCERTAINTY_ASSIGNED_CONTEXT ( ( #7034 ) ) GLOBAL_UNIT_ASSIGNED_CONTEXT ( ( #3943, #3970, #3999 ) ) REPRESENTATION_CONTEXT ( 'NONE', 'WORKASPACE' ) );
#5677 =( GEOMETRIC_REPRESENTATION_CONTEXT ( 3 ) GLOBAL_UNCERTAINTY_ASSIGNED_CONTEXT ( ( #290 ) ) GLOBAL_UNIT_ASSIGNED_CONTEXT ( ( #4404, #4374, #4339 ) ) REPRESENTATION_CONTEXT ( 'NONE', 'WORKASPACE' ) );
#5678 = ORIENTED_EDGE ( 'NONE', *, *, #1117, .F. ) ;
#5679 = FACE_OUTER_BOUND ( 'NONE', #2470, .T. ) ;
#5680 = VERTEX_POINT ( 'NONE', #2999 ) ;
#5681 = DIRECTION ( 'NONE',  ( 0.0000000000000000000, 1.000000000000000000, -0.0000000000000000000 ) ) ;
#5682 = DIRECTION ( 'NONE',  ( -0.0000000000000000000, -1.000000000000000000, -0.0000000000000000000 ) ) ;
#5683 = EDGE_LOOP ( 'NONE', ( #5088, #361, #6205, #7274 ) ) ;
#5684 = EDGE_CURVE ( 'NONE', #5774, #4041, #78, .T. ) ;
#5685 = VECTOR ( 'NONE', #576, 1000.000000000000000 ) ;
#5686 = VECTOR ( 'NONE', #8423, 1000.000000000000000 ) ;
#5687 =( GEOMETRIC_REPRESENTATION_CONTEXT ( 3 ) GLOBAL_UNCERTAINTY_ASSIGNED_CONTEXT ( ( #9141 ) ) GLOBAL_UNIT_ASSIGNED_CONTEXT ( ( #1424, #1450, #1389 ) ) REPRESENTATION_CONTEXT ( 'NONE', 'WORKASPACE' ) );
#5688 = ADVANCED_FACE ( 'NONE', ( #2009 ), #785, .F. ) ;
#5689 = ORIENTED_EDGE ( 'NONE', *, *, #5432, .T. ) ;
#5690 = ORIENTED_EDGE ( 'NONE', *, *, #2177, .F. ) ;
#5691 = EDGE_CURVE ( 'NONE', #1910, #8428, #3929, .T. ) ;
#5692 =( NAMED_UNIT ( * ) PLANE_ANGLE_UNIT ( ) SI_UNIT ( $, .RADIAN. ) );
#5693 = DIRECTION ( 'NONE',  ( 0.0000000000000000000, 0.0000000000000000000, 1.000000000000000000 ) ) ;
#5694 = CARTESIAN_POINT ( 'NONE',  ( -10.45000000000001000, 0.6000000000000415000, -17.92388274267673500 ) ) ;
#5695 = ORIENTED_EDGE ( 'NONE', *, *, #4125, .T. ) ;
#5696 = PRESENTATION_STYLE_ASSIGNMENT (( #8988 ) ) ;
#5697 = CIRCLE ( 'NONE', #4175, 0.2100000000000001300 ) ;
#5698 = CARTESIAN_POINT ( 'NONE',  ( -5.099876999999989600, 0.0000000000000000000, -0.0000000000000000000 ) ) ;
#5699 = DIRECTION ( 'NONE',  ( 0.0000000000000000000, 1.000000000000000000, 0.0000000000000000000 ) ) ;
#5700 = DIRECTION ( 'NONE',  ( -1.000000000000000000, 0.0000000000000000000, 0.0000000000000000000 ) ) ;
#5701 = ORIENTED_EDGE ( 'NONE', *, *, #2255, .T. ) ;
#5702 = VERTEX_POINT ( 'NONE', #8756 ) ;
#5703 = ADVANCED_FACE ( 'NONE', ( #1794 ), #3748, .T. ) ;
#5704 = CARTESIAN_POINT ( 'NONE',  ( 0.0000000000000000000, 0.0000000000000000000, -0.9501600000000095500 ) ) ;
#5705 = CARTESIAN_POINT ( 'NONE',  ( 0.2499999999998978600, 0.8999999999998653500, -4.950000000000117400 ) ) ;
#5706 = PLANE ( 'NONE',  #2696 ) ;
#5707 = VECTOR ( 'NONE', #4217, 1000.000000000000000 ) ;
#5708 = LINE ( 'NONE', #4262, #3818 ) ;
#5709 = PRESENTATION_LAYER_ASSIGNMENT (  '', '', ( #5246 ) ) ;
#5710 = FILL_AREA_STYLE ('',( #2831 ) ) ;
#5711 = LINE ( 'NONE', #5816, #5489 ) ;
#5712 = EDGE_CURVE ( 'NONE', #8788, #7657, #8500, .T. ) ;
#5713 = ORIENTED_EDGE ( 'NONE', *, *, #7823, .F. ) ;
#5714 = DIRECTION ( 'NONE',  ( 1.000000000000000000, 0.0000000000000000000, 0.0000000000000000000 ) ) ;
#5715 = FACE_OUTER_BOUND ( 'NONE', #3365, .T. ) ;
#5716 = LINE ( 'NONE', #2423, #9327 ) ;
#5717 = AXIS2_PLACEMENT_3D ( 'NONE', #5971, #9265, #681 ) ;
#5718 = FILL_AREA_STYLE_COLOUR ( '', #3203 ) ;
#5719 =( NAMED_UNIT ( * ) SI_UNIT ( $, .STERADIAN. ) SOLID_ANGLE_UNIT ( ) );
#5720 = ORIENTED_EDGE ( 'NONE', *, *, #6880, .T. ) ;
#5721 = CARTESIAN_POINT ( 'NONE',  ( -11.00010500000001700, 0.0000000000000000000, -5.550153999999987600 ) ) ;
#5722 = SURFACE_STYLE_FILL_AREA ( #4208 ) ;
#5723 = FACE_OUTER_BOUND ( 'NONE', #8232, .T. ) ;
#5724 = CARTESIAN_POINT ( 'NONE',  ( -11.19999999999992600, 0.9000000000000084600, -17.92388274267673500 ) ) ;
#5725 = DIRECTION ( 'NONE',  ( 0.0000000000000000000, 1.000000000000000000, -0.0000000000000000000 ) ) ;
#5726 = DIRECTION ( 'NONE',  ( 0.0000000000000000000, 1.000000000000000000, -3.469446951953997200E-015 ) ) ;
#5727 = LINE ( 'NONE', #8850, #7395 ) ;
#5728 = CARTESIAN_POINT ( 'NONE',  ( 2.599995000000009600, 0.0000000000000000000, -0.0000000000000000000 ) ) ;
#5729 = STYLED_ITEM ( 'NONE', ( #625 ), #2029 ) ;
#5730 = DIRECTION ( 'NONE',  ( 0.0000000000000000000, 0.0000000000000000000, -1.000000000000000000 ) ) ;
#5731 = UNCERTAINTY_MEASURE_WITH_UNIT (LENGTH_MEASURE( 1.000000000000000100E-005 ), #6082, 'distance_accuracy_value', 'NONE');
#5732 = CARTESIAN_POINT ( 'NONE',  ( -19.77299677870442100, 0.5249999999998554700, -3.675000000000145000 ) ) ;
#5733 = EDGE_CURVE ( 'NONE', #5337, #3076, #3045, .T. ) ;
#5734 = SURFACE_SIDE_STYLE ('',( #4359 ) ) ;
#5735 = LINE ( 'NONE', #6649, #5510 ) ;
#5736 = MECHANICAL_DESIGN_GEOMETRIC_PRESENTATION_REPRESENTATION (  '', ( #4296 ), #6191 ) ;
#5737 = LINE ( 'NONE', #8195, #2149 ) ;
#5738 = DIRECTION ( 'NONE',  ( -1.000000000000000000, 0.0000000000000000000, 0.0000000000000000000 ) ) ;
#5739 = CARTESIAN_POINT ( 'NONE',  ( 0.0000000000000000000, 0.0000000000000000000, 3.299967999999972700 ) ) ;
#5740 = ADVANCED_FACE ( 'NONE', ( #6592 ), #6620, .T. ) ;
#5741 = SURFACE_STYLE_USAGE ( .BOTH. , #6044 ) ;
#5742 = VECTOR ( 'NONE', #6484, 1000.000000000000000 ) ;
#5743 = DIRECTION ( 'NONE',  ( 0.0000000000000000000, 1.000000000000000000, -3.469446951953995600E-015 ) ) ;
#5744 =( GEOMETRIC_REPRESENTATION_CONTEXT ( 3 ) GLOBAL_UNCERTAINTY_ASSIGNED_CONTEXT ( ( #6672 ) ) GLOBAL_UNIT_ASSIGNED_CONTEXT ( ( #5243, #5275, #5368 ) ) REPRESENTATION_CONTEXT ( 'NONE', 'WORKASPACE' ) );
#5745 = ADVANCED_FACE ( 'NONE', ( #5932 ), #820, .F. ) ;
#5746 = VECTOR ( 'NONE', #8122, 1000.000000000000000 ) ;
#5747 = CARTESIAN_POINT ( 'NONE',  ( 8.772996778704309100, 1.790000000000000700, 4.849999999999909900 ) ) ;
#5748 = EDGE_LOOP ( 'NONE', ( #6496, #4848, #6923, #8871 ) ) ;
#5749 = EDGE_CURVE ( 'NONE', #8899, #8915, #7583, .T. ) ;
#5750 = CARTESIAN_POINT ( 'NONE',  ( 0.0000000000000000000, 0.0000000000000000000, 0.0000000000000000000 ) ) ;
#5751 = FILL_AREA_STYLE_COLOUR ( '', #3512 ) ;
#5752 = DIRECTION ( 'NONE',  ( 0.0000000000000000000, 0.0000000000000000000, -1.000000000000000000 ) ) ;
#5753 = SURFACE_STYLE_FILL_AREA ( #6668 ) ;
#5754 = AXIS2_PLACEMENT_3D ( 'NONE', #1641, #1543, #1446 ) ;
#5755 = CARTESIAN_POINT ( 'NONE',  ( 0.4499999999998983700, 1.399999999999843100, 4.849999999999911700 ) ) ;
#5756 = PRESENTATION_STYLE_ASSIGNMENT (( #5463 ) ) ;
#5757 =( GEOMETRIC_REPRESENTATION_CONTEXT ( 3 ) GLOBAL_UNCERTAINTY_ASSIGNED_CONTEXT ( ( #6170 ) ) GLOBAL_UNIT_ASSIGNED_CONTEXT ( ( #7613, #3362, #8358 ) ) REPRESENTATION_CONTEXT ( 'NONE', 'WORKASPACE' ) );
#5758 = CARTESIAN_POINT ( 'NONE',  ( -4.123606797386163900, 0.9000001009055432800, 17.92388274267651100 ) ) ;
#5759 = DIRECTION ( 'NONE',  ( 1.000000000000000000, 0.0000000000000000000, 0.0000000000000000000 ) ) ;
#5760 = ORIENTED_EDGE ( 'NONE', *, *, #7253, .T. ) ;
#5761 = ORIENTED_EDGE ( 'NONE', *, *, #2833, .F. ) ;
#5762 = EDGE_CURVE ( 'NONE', #6579, #1181, #182, .T. ) ;
#5763 = VERTEX_POINT ( 'NONE', #206 ) ;
#5764 = CARTESIAN_POINT ( 'NONE',  ( -3.000004999999990500, 0.0000000000000000000, -5.550153999999987600 ) ) ;
#5765 = EDGE_CURVE ( 'NONE', #236, #6988, #4029, .T. ) ;
#5766 = CARTESIAN_POINT ( 'NONE',  ( -8.600004999999990600, 0.0000000000000000000, 4.649977999999984800 ) ) ;
#5767 = COLOUR_RGB ( '',1.000000000000000000, 1.000000000000000000, 1.000000000000000000 ) ;
#5768 = DIRECTION ( 'NONE',  ( -1.000000000000000000, 0.0000000000000000000, 0.0000000000000000000 ) ) ;
#5769 = ORIENTED_EDGE ( 'NONE', *, *, #2308, .T. ) ;
#5770 = CARTESIAN_POINT ( 'NONE',  ( 0.0000000000000000000, 0.0000000000000000000, 1.449839999999990500 ) ) ;
#5771 = EDGE_CURVE ( 'NONE', #3806, #2332, #5716, .T. ) ;
#5772 = VERTEX_POINT ( 'NONE', #1693 ) ;
#5773 = DIRECTION ( 'NONE',  ( 0.0000000000000000000, 0.0000000000000000000, 1.000000000000000000 ) ) ;
#5774 = VERTEX_POINT ( 'NONE', #3139 ) ;
#5775 = DIRECTION ( 'NONE',  ( 0.5547001962252290400, -0.8320502943378437200, 5.094838648452266700E-017 ) ) ;
#5776 = SURFACE_STYLE_USAGE ( .BOTH. , #3218 ) ;
#5777 = EDGE_CURVE ( 'NONE', #6693, #2930, #9086, .T. ) ;
#5778 = LINE ( 'NONE', #5598, #1952 ) ;
#5779 = PRESENTATION_LAYER_ASSIGNMENT (  '', '', ( #4842 ) ) ;
#5780 = ADVANCED_FACE ( 'NONE', ( #1892 ), #4589, .T. ) ;
#5781 = LINE ( 'NONE', #1627, #3665 ) ;
#5782 = EDGE_CURVE ( 'NONE', #4447, #3771, #6485, .T. ) ;
#5783 = DIRECTION ( 'NONE',  ( 0.0000000000000000000, 1.000000000000000000, -0.0000000000000000000 ) ) ;
#5784 = ORIENTED_EDGE ( 'NONE', *, *, #9135, .F. ) ;
#5785 = FACE_BOUND ( 'NONE', #8926, .T. ) ;
#5786 = CARTESIAN_POINT ( 'NONE',  ( -8.499983000000009200, 0.0000000000000000000, 0.5001260000000035100 ) ) ;
#5787 = FACE_OUTER_BOUND ( 'NONE', #5340, .T. ) ;
#5788 = DIRECTION ( 'NONE',  ( 1.000000000000000000, -0.0000000000000000000, 0.0000000000000000000 ) ) ;
#5789 = PLANE ( 'NONE',  #1346 ) ;
#5790 = EDGE_LOOP ( 'NONE', ( #8247, #875, #1554, #5985 ) ) ;
#5791 = DIRECTION ( 'NONE',  ( -1.000000000000000000, 3.986122885547191000E-014, 0.0000000000000000000 ) ) ;
#5792 = UNCERTAINTY_MEASURE_WITH_UNIT (LENGTH_MEASURE( 1.000000000000000100E-005 ), #4247, 'distance_accuracy_value', 'NONE');
#5793 = FILL_AREA_STYLE_COLOUR ( '', #8383 ) ;
#5794 = DIRECTION ( 'NONE',  ( 0.0000000000000000000, 1.000000000000000000, -0.0000000000000000000 ) ) ;
#5795 = LINE ( 'NONE', #1557, #7453 ) ;
#5796 = DIRECTION ( 'NONE',  ( -1.000000000000000000, 0.0000000000000000000, 0.0000000000000000000 ) ) ;
#5797 = CARTESIAN_POINT ( 'NONE',  ( -11.00010500000001700, 0.0000000000000000000, 4.649977999999984800 ) ) ;
#5798 =( NAMED_UNIT ( * ) PLANE_ANGLE_UNIT ( ) SI_UNIT ( $, .RADIAN. ) );
#5799 = EDGE_LOOP ( 'NONE', ( #1342, #4592, #1747, #7647 ) ) ;
#5800 = EDGE_LOOP ( 'NONE', ( #3093, #3186, #4430, #4658 ) ) ;
#5801 = MECHANICAL_DESIGN_GEOMETRIC_PRESENTATION_REPRESENTATION (  '', ( #8867 ), #5676 ) ;
#5802 = CARTESIAN_POINT ( 'NONE',  ( -6.699876999999989200, 0.0000000000000000000, -4.649977999999984800 ) ) ;
#5803 = AXIS2_PLACEMENT_3D ( 'NONE', #1628, #2389, #7381 ) ;
#5804 = AXIS2_PLACEMENT_3D ( 'NONE', #8503, #8470, #8018 ) ;
#5805 = ORIENTED_EDGE ( 'NONE', *, *, #826, .T. ) ;
#5806 = SURFACE_STYLE_FILL_AREA ( #6435 ) ;
#5807 = VECTOR ( 'NONE', #4737, 1000.000000000000100 ) ;
#5808 = DIRECTION ( 'NONE',  ( 0.0000000000000000000, 1.000000000000000000, 0.0000000000000000000 ) ) ;
#5809 = FILL_AREA_STYLE_COLOUR ( '', #34 ) ;
#5810 = ORIENTED_EDGE ( 'NONE', *, *, #5771, .F. ) ;
#5811 = ORIENTED_EDGE ( 'NONE', *, *, #91, .T. ) ;
#5812 = EDGE_CURVE ( 'NONE', #8722, #6425, #2927, .T. ) ;
#5813 = LINE ( 'NONE', #7889, #1777 ) ;
#5814 = PRESENTATION_LAYER_ASSIGNMENT (  '', '', ( #5358 ) ) ;
#5815 = VECTOR ( 'NONE', #7805, 1000.000000000000000 ) ;
#5816 = CARTESIAN_POINT ( 'NONE',  ( 4.199995000000010100, 0.0000000000000000000, -0.0000000000000000000 ) ) ;
#5817 = ORIENTED_EDGE ( 'NONE', *, *, #5653, .T. ) ;
#5818 =( NAMED_UNIT ( * ) SI_UNIT ( $, .STERADIAN. ) SOLID_ANGLE_UNIT ( ) );
#5819 = DIRECTION ( 'NONE',  ( 0.0000000000000000000, 0.0000000000000000000, -1.000000000000000000 ) ) ;
#5820 = LINE ( 'NONE', #7592, #3709 ) ;
#5821 = EDGE_LOOP ( 'NONE', ( #2355, #1889, #5490, #7756 ) ) ;
#5822 = CARTESIAN_POINT ( 'NONE',  ( 0.0000000000000000000, 0.0000000000000000000, -5.550153999999987600 ) ) ;
#5823 = DIRECTION ( 'NONE',  ( 0.0000000000000000000, 0.0000000000000000000, -1.000000000000000000 ) ) ;
#5824 = ORIENTED_EDGE ( 'NONE', *, *, #6239, .F. ) ;
#5825 =( NAMED_UNIT ( * ) SI_UNIT ( $, .STERADIAN. ) SOLID_ANGLE_UNIT ( ) );
#5826 = CARTESIAN_POINT ( 'NONE',  ( 0.0000000000000000000, 0.0000000000000000000, -4.649977999999984800 ) ) ;
#5827 = DIRECTION ( 'NONE',  ( 0.0000000000000000000, -0.0000000000000000000, 1.000000000000000000 ) ) ;
#5828 = LINE ( 'NONE', #792, #4139 ) ;
#5829 = CARTESIAN_POINT ( 'NONE',  ( -11.79995099999999700, 0.0000000000000000000, 0.1499680000000059600 ) ) ;
#5830 = CARTESIAN_POINT ( 'NONE',  ( 8.772996778704309100, 0.8999999999998956600, 3.674999999999876400 ) ) ;
#5831 = COLOUR_RGB ( '',1.000000000000000000, 1.000000000000000000, 1.000000000000000000 ) ;
#5832 = VECTOR ( 'NONE', #6537, 1000.000000000000000 ) ;
#5833 = EDGE_CURVE ( 'NONE', #440, #8821, #4599, .T. ) ;
#5834 = UNCERTAINTY_MEASURE_WITH_UNIT (LENGTH_MEASURE( 1.000000000000000100E-005 ), #8957, 'distance_accuracy_value', 'NONE');
#5835 = EDGE_CURVE ( 'NONE', #6796, #4611, #8381, .T. ) ;
#5836 = CARTESIAN_POINT ( 'NONE',  ( 0.0000000000000000000, 0.0000000000000000000, 0.0000000000000000000 ) ) ;
#5837 = VERTEX_POINT ( 'NONE', #976 ) ;
#5838 = DIRECTION ( 'NONE',  ( 0.0000000000000000000, 0.0000000000000000000, 1.000000000000000000 ) ) ;
#5839 = MECHANICAL_DESIGN_GEOMETRIC_PRESENTATION_REPRESENTATION (  '', ( #4413 ), #6298 ) ;
#5840 = FILL_AREA_STYLE ('',( #5809 ) ) ;
#5841 = AXIS2_PLACEMENT_3D ( 'NONE', #2907, #2802, #2765 ) ;
#5842 = LINE ( 'NONE', #8727, #84 ) ;
#5843 = VECTOR ( 'NONE', #3054, 1000.000000000000000 ) ;
#5844 = LINE ( 'NONE', #4751, #4854 ) ;
#5845 =( NAMED_UNIT ( * ) PLANE_ANGLE_UNIT ( ) SI_UNIT ( $, .RADIAN. ) );
#5846 = PRESENTATION_STYLE_ASSIGNMENT (( #6363 ) ) ;
#5847 = CARTESIAN_POINT ( 'NONE',  ( -0.5500000000001007400, 0.6000001009056257200, 17.92388274267651100 ) ) ;
#5848 = PLANE ( 'NONE',  #2579 ) ;
#5849 = PRESENTATION_STYLE_ASSIGNMENT (( #8615 ) ) ;
#5850 = DIRECTION ( 'NONE',  ( 0.0000000000000000000, 0.0000000000000000000, 1.000000000000000000 ) ) ;
#5851 =( GEOMETRIC_REPRESENTATION_CONTEXT ( 3 ) GLOBAL_UNCERTAINTY_ASSIGNED_CONTEXT ( ( #5834 ) ) GLOBAL_UNIT_ASSIGNED_CONTEXT ( ( #8957, #6814, #8591 ) ) REPRESENTATION_CONTEXT ( 'NONE', 'WORKASPACE' ) );
#5852 = CARTESIAN_POINT ( 'NONE',  ( -7.499876999999989900, 0.0000000000000000000, 5.550153999999987600 ) ) ;
#5853 = VECTOR ( 'NONE', #7059, 1000.000000000000000 ) ;
#5854 = UNCERTAINTY_MEASURE_WITH_UNIT (LENGTH_MEASURE( 1.000000000000000100E-005 ), #1083, 'distance_accuracy_value', 'NONE');
#5855 = CARTESIAN_POINT ( 'NONE',  ( 4.000118999999989100, 0.5200000000000000200, -0.1501140000000206200 ) ) ;
#5856 = CARTESIAN_POINT ( 'NONE',  ( 8.772996778704309100, 0.8999999999998999900, 4.949999999999902500 ) ) ;
#5857 = AXIS2_PLACEMENT_3D ( 'NONE', #1583, #1519, #1455 ) ;
#5858 = DIRECTION ( 'NONE',  ( 1.000000000000000000, 0.0000000000000000000, 0.0000000000000000000 ) ) ;
#5859 = DIRECTION ( 'NONE',  ( 0.0000000000000000000, 0.0000000000000000000, 1.000000000000000000 ) ) ;
#5860 = EDGE_LOOP ( 'NONE', ( #3715, #863, #624, #105 ) ) ;
#5861 = CARTESIAN_POINT ( 'NONE',  ( 0.2399999999998991600, 1.790000000000000000, -4.850000000000028100 ) ) ;
#5862 = PLANE ( 'NONE',  #1985 ) ;
#5863 = FACE_OUTER_BOUND ( 'NONE', #5633, .T. ) ;
#5864 = CARTESIAN_POINT ( 'NONE',  ( 1.799995000000009100, 0.0000000000000000000, 5.550153999999987600 ) ) ;
#5865 = VERTEX_POINT ( 'NONE', #428 ) ;
#5866 = ORIENTED_EDGE ( 'NONE', *, *, #3825, .T. ) ;
#5867 = DIRECTION ( 'NONE',  ( -0.5547001962252291500, 0.8320502943378437200, 0.0000000000000000000 ) ) ;
#5868 = SURFACE_STYLE_FILL_AREA ( #5364 ) ;
#5869 = CARTESIAN_POINT ( 'NONE',  ( 19.61093789954118800, 1.790000000000000000, 4.989999999999869700 ) ) ;
#5870 = AXIS2_PLACEMENT_3D ( 'NONE', #1524, #1588, #1775 ) ;
#5871 = VERTEX_POINT ( 'NONE', #1901 ) ;
#5872 = VERTEX_POINT ( 'NONE', #1156 ) ;
#5873 = EDGE_LOOP ( 'NONE', ( #5550, #2733, #801, #232 ) ) ;
#5874 = EDGE_LOOP ( 'NONE', ( #2299, #4324, #2872, #8561 ) ) ;
#5875 = ADVANCED_FACE ( 'NONE', ( #508 ), #1004, .T. ) ;
#5876 = ORIENTED_EDGE ( 'NONE', *, *, #3361, .T. ) ;
#5877 = CARTESIAN_POINT ( 'NONE',  ( -1.099876999999988700, 0.0000000000000000000, 5.550153999999987600 ) ) ;
#5878 = ORIENTED_EDGE ( 'NONE', *, *, #3115, .T. ) ;
#5879 = ORIENTED_EDGE ( 'NONE', *, *, #7137, .F. ) ;
#5880 = VERTEX_POINT ( 'NONE', #2623 ) ;
#5881 = VECTOR ( 'NONE', #2022, 1000.000000000000000 ) ;
#5882 = EDGE_CURVE ( 'NONE', #3653, #5440, #3711, .T. ) ;
#5883 = ORIENTED_EDGE ( 'NONE', *, *, #7829, .F. ) ;
#5884 = CARTESIAN_POINT ( 'NONE',  ( 0.0000000000000000000, 0.0000000000000000000, 0.0000000000000000000 ) ) ;
#5885 = ORIENTED_EDGE ( 'NONE', *, *, #2036, .F. ) ;
#5886 = EDGE_LOOP ( 'NONE', ( #7429, #5979, #5338, #4647 ) ) ;
#5887 = DIRECTION ( 'NONE',  ( 0.0000000000000000000, 0.0000000000000000000, -1.000000000000000000 ) ) ;
#5888 = CARTESIAN_POINT ( 'NONE',  ( 0.4499999999998983700, 0.8999999999998644600, -4.950000000000117400 ) ) ;
#5889 = PLANE ( 'NONE',  #4763 ) ;
#5890 =( NAMED_UNIT ( * ) PLANE_ANGLE_UNIT ( ) SI_UNIT ( $, .RADIAN. ) );
#5891 = CARTESIAN_POINT ( 'NONE',  ( -11.25000000000000900, 1.399999999999809400, -4.950000000000119200 ) ) ;
#5892 = EDGE_CURVE ( 'NONE', #5129, #7328, #8156, .T. ) ;
#5893 = LINE ( 'NONE', #6030, #7536 ) ;
#5894 = AXIS2_PLACEMENT_3D ( 'NONE', #176, #114, #87 ) ;
#5895 = ORIENTED_EDGE ( 'NONE', *, *, #3236, .T. ) ;
#5896 = FACE_BOUND ( 'NONE', #2609, .T. ) ;
#5897 = FACE_OUTER_BOUND ( 'NONE', #5516, .T. ) ;
#5898 = CARTESIAN_POINT ( 'NONE',  ( -10.45000000000001000, 0.6000000000000423900, -5.200000000000093400 ) ) ;
#5899 = ORIENTED_EDGE ( 'NONE', *, *, #3617, .T. ) ;
#5900 =( NAMED_UNIT ( * ) PLANE_ANGLE_UNIT ( ) SI_UNIT ( $, .RADIAN. ) );
#5901 = CARTESIAN_POINT ( 'NONE',  ( 0.2499999999998978600, 1.399999999999844000, 4.949999999999900700 ) ) ;
#5902 = PRESENTATION_STYLE_ASSIGNMENT (( #62 ) ) ;
#5903 =( GEOMETRIC_REPRESENTATION_CONTEXT ( 3 ) GLOBAL_UNCERTAINTY_ASSIGNED_CONTEXT ( ( #7371 ) ) GLOBAL_UNIT_ASSIGNED_CONTEXT ( ( #6882, #6911, #6954 ) ) REPRESENTATION_CONTEXT ( 'NONE', 'WORKASPACE' ) );
#5904 = PRESENTATION_LAYER_ASSIGNMENT (  '', '', ( #4970 ) ) ;
#5905 = ORIENTED_EDGE ( 'NONE', *, *, #6480, .T. ) ;
#5906 = DIRECTION ( 'NONE',  ( 1.000000000000000000, 0.0000000000000000000, 0.0000000000000000000 ) ) ;
#5907 = EDGE_CURVE ( 'NONE', #6523, #1180, #7269, .T. ) ;
#5908 = PLANE ( 'NONE',  #8412 ) ;
#5909 = CARTESIAN_POINT ( 'NONE',  ( -5.099876999999989600, 0.0000000000000000000, -5.550153999999987600 ) ) ;
#5910 = VECTOR ( 'NONE', #578, 1000.000000000000000 ) ;
#5911 = VECTOR ( 'NONE', #2023, 1000.000000000000000 ) ;
#5912 = CARTESIAN_POINT ( 'NONE',  ( -0.3500000000000117500, 0.9000001009055935700, 5.199999999999871400 ) ) ;
#5913 = VERTEX_POINT ( 'NONE', #485 ) ;
#5914 = UNCERTAINTY_MEASURE_WITH_UNIT (LENGTH_MEASURE( 1.000000000000000100E-005 ), #5063, 'distance_accuracy_value', 'NONE');
#5915 = FILL_AREA_STYLE ('',( #5453 ) ) ;
#5916 = CARTESIAN_POINT ( 'NONE',  ( -7.800004999999990800, 0.0000000000000000000, 4.649977999999984800 ) ) ;
#5917 = LINE ( 'NONE', #7382, #7566 ) ;
#5918 = CARTESIAN_POINT ( 'NONE',  ( 0.2499999999998978600, 0.5249999999998536900, -4.125000000000040000 ) ) ;
#5919 = DIRECTION ( 'NONE',  ( 0.0000000000000000000, 1.000000000000000000, -3.469446951953482400E-015 ) ) ;
#5920 =( GEOMETRIC_REPRESENTATION_CONTEXT ( 3 ) GLOBAL_UNCERTAINTY_ASSIGNED_CONTEXT ( ( #2180 ) ) GLOBAL_UNIT_ASSIGNED_CONTEXT ( ( #4524, #177, #5251 ) ) REPRESENTATION_CONTEXT ( 'NONE', 'WORKASPACE' ) );
#5921 = VERTEX_POINT ( 'NONE', #1213 ) ;
#5922 = ORIENTED_EDGE ( 'NONE', *, *, #6595, .F. ) ;
#5923 = LINE ( 'NONE', #2257, #170 ) ;
#5924 =( NAMED_UNIT ( * ) SI_UNIT ( $, .STERADIAN. ) SOLID_ANGLE_UNIT ( ) );
#5925 = SURFACE_STYLE_FILL_AREA ( #4759 ) ;
#5926 = LINE ( 'NONE', #8533, #7368 ) ;
#5927 = SURFACE_SIDE_STYLE ('',( #3879 ) ) ;
#5928 = EDGE_CURVE ( 'NONE', #2788, #8597, #8972, .T. ) ;
#5929 = VERTEX_POINT ( 'NONE', #6950 ) ;
#5930 = FILL_AREA_STYLE ('',( #163 ) ) ;
#5931 = PRESENTATION_STYLE_ASSIGNMENT (( #935 ) ) ;
#5932 = FACE_OUTER_BOUND ( 'NONE', #5821, .T. ) ;
#5933 = STYLED_ITEM ( 'NONE', ( #6074 ), #8595 ) ;
#5934 = EDGE_CURVE ( 'NONE', #6630, #464, #4384, .T. ) ;
#5935 = VERTEX_POINT ( 'NONE', #8402 ) ;
#5936 = PLANE ( 'NONE',  #730 ) ;
#5937 = FACE_OUTER_BOUND ( 'NONE', #3574, .T. ) ;
#5938 = EDGE_CURVE ( 'NONE', #798, #791, #5175, .T. ) ;
#5939 = LINE ( 'NONE', #7688, #2143 ) ;
#5940 = FACE_OUTER_BOUND ( 'NONE', #5075, .T. ) ;
#5941 = CARTESIAN_POINT ( 'NONE',  ( 0.0000000000000000000, 0.0000000000000000000, 0.0000000000000000000 ) ) ;
#5942 = ORIENTED_EDGE ( 'NONE', *, *, #7537, .F. ) ;
#5943 = EDGE_CURVE ( 'NONE', #5129, #2974, #1561, .T. ) ;
#5944 = SURFACE_STYLE_USAGE ( .BOTH. , #7111 ) ;
#5945 = CARTESIAN_POINT ( 'NONE',  ( -11.25000000000000900, 0.8999999999998679100, -4.125000000000041700 ) ) ;
#5946 = CARTESIAN_POINT ( 'NONE',  ( -11.25000000000000900, 1.399999999999810300, -4.850000000000019200 ) ) ;
#5947 = SURFACE_STYLE_USAGE ( .BOTH. , #5987 ) ;
#5948 = CARTESIAN_POINT ( 'NONE',  ( 2.049906999999996600, 0.5200000000000000200, 0.05003799999998837000 ) ) ;
#5949 = EDGE_CURVE ( 'NONE', #4720, #1798, #1311, .T. ) ;
#5950 = EDGE_CURVE ( 'NONE', #8315, #6181, #4949, .T. ) ;
#5951 = ORIENTED_EDGE ( 'NONE', *, *, #6684, .F. ) ;
#5952 =( NAMED_UNIT ( * ) SI_UNIT ( $, .STERADIAN. ) SOLID_ANGLE_UNIT ( ) );
#5953 = STYLED_ITEM ( 'NONE', ( #9352 ), #1594 ) ;
#5954 = SURFACE_STYLE_USAGE ( .BOTH. , #5927 ) ;
#5955 = AXIS2_PLACEMENT_3D ( 'NONE', #7813, #7116, #6405 ) ;
#5956 = FILL_AREA_STYLE ('',( #5295 ) ) ;
#5957 = LINE ( 'NONE', #2867, #4053 ) ;
#5958 = CARTESIAN_POINT ( 'NONE',  ( 0.4499999999998983700, 0.8999999999998687900, -3.675000000000090900 ) ) ;
#5959 = FILL_AREA_STYLE_COLOUR ( '', #1936 ) ;
#5960 = LINE ( 'NONE', #8844, #5746 ) ;
#5961 = VECTOR ( 'NONE', #7587, 1000.000000000000000 ) ;
#5962 = DIRECTION ( 'NONE',  ( 0.0000000000000000000, 0.0000000000000000000, 1.000000000000000000 ) ) ;
#5963 = ORIENTED_EDGE ( 'NONE', *, *, #8262, .F. ) ;
#5964 =( GEOMETRIC_REPRESENTATION_CONTEXT ( 3 ) GLOBAL_UNCERTAINTY_ASSIGNED_CONTEXT ( ( #3564 ) ) GLOBAL_UNIT_ASSIGNED_CONTEXT ( ( #4376, #37, #5101 ) ) REPRESENTATION_CONTEXT ( 'NONE', 'WORKASPACE' ) );
#5965 = STYLED_ITEM ( 'NONE', ( #9064 ), #2492 ) ;
#5966 = ORIENTED_EDGE ( 'NONE', *, *, #4891, .F. ) ;
#5967 = ORIENTED_EDGE ( 'NONE', *, *, #7761, .F. ) ;
#5968 = DIRECTION ( 'NONE',  ( 1.000000000000000000, 0.0000000000000000000, 0.0000000000000000000 ) ) ;
#5969 = DIRECTION ( 'NONE',  ( 1.000000000000000000, 0.0000000000000000000, 0.0000000000000000000 ) ) ;
#5970 = VECTOR ( 'NONE', #2379, 1000.000000000000000 ) ;
#5971 = CARTESIAN_POINT ( 'NONE',  ( 0.0000000000000000000, 0.0000000000000000000, 0.0000000000000000000 ) ) ;
#5972 = CARTESIAN_POINT ( 'NONE',  ( -10.20000499999999200, 0.0000000000000000000, 0.0000000000000000000 ) ) ;
#5973 = CARTESIAN_POINT ( 'NONE',  ( -11.10000000000005600, 1.790000000000000000, -4.990000000000092600 ) ) ;
#5974 = COLOUR_RGB ( '',0.2039215686274509800, 0.2039215686274509800, 0.2039215686274509800 ) ;
#5975 = VERTEX_POINT ( 'NONE', #6981 ) ;
#5976 = EDGE_CURVE ( 'NONE', #7838, #3235, #4710, .T. ) ;
#5977 = ORIENTED_EDGE ( 'NONE', *, *, #1741, .T. ) ;
#5978 = ORIENTED_EDGE ( 'NONE', *, *, #5001, .T. ) ;
#5979 = ORIENTED_EDGE ( 'NONE', *, *, #763, .F. ) ;
#5980 = FILL_AREA_STYLE ('',( #5556 ) ) ;
#5981 = SURFACE_STYLE_FILL_AREA ( #2159 ) ;
#5982 = UNCERTAINTY_MEASURE_WITH_UNIT (LENGTH_MEASURE( 1.000000000000000100E-005 ), #6055, 'distance_accuracy_value', 'NONE');
#5983 =( LENGTH_UNIT ( ) NAMED_UNIT ( * ) SI_UNIT ( .MILLI., .METRE. ) );
#5984 =( GEOMETRIC_REPRESENTATION_CONTEXT ( 3 ) GLOBAL_UNCERTAINTY_ASSIGNED_CONTEXT ( ( #1238 ) ) GLOBAL_UNIT_ASSIGNED_CONTEXT ( ( #1007, #1099, #1137 ) ) REPRESENTATION_CONTEXT ( 'NONE', 'WORKASPACE' ) );
#5985 = ORIENTED_EDGE ( 'NONE', *, *, #3728, .T. ) ;
#5986 = EDGE_CURVE ( 'NONE', #8542, #8315, #1077, .T. ) ;
#5987 = SURFACE_SIDE_STYLE ('',( #8906 ) ) ;
#5988 = VECTOR ( 'NONE', #368, 1000.000000000000000 ) ;
#5989 = ORIENTED_EDGE ( 'NONE', *, *, #6692, .T. ) ;
#5990 = EDGE_LOOP ( 'NONE', ( #665, #6099, #6193, #6294 ) ) ;
#5991 = EDGE_LOOP ( 'NONE', ( #7175, #9184, #8020, #5690 ) ) ;
#5992 = CARTESIAN_POINT ( 'NONE',  ( -8.299876999999989700, 0.0000000000000000000, -4.649977999999984800 ) ) ;
#5993 = DIRECTION ( 'NONE',  ( 0.0000000000000000000, 0.0000000000000000000, 1.000000000000000000 ) ) ;
#5994 = SURFACE_STYLE_FILL_AREA ( #425 ) ;
#5995 = FILL_AREA_STYLE ('',( #964 ) ) ;
#5996 = PRESENTATION_STYLE_ASSIGNMENT (( #8931 ) ) ;
#5997 = EDGE_CURVE ( 'NONE', #2384, #4470, #860, .T. ) ;
#5998 = UNCERTAINTY_MEASURE_WITH_UNIT (LENGTH_MEASURE( 1.000000000000000100E-005 ), #8639, 'distance_accuracy_value', 'NONE');
#5999 = DIRECTION ( 'NONE',  ( 1.000000000000000000, 0.0000000000000000000, 0.0000000000000000000 ) ) ;
#6000 = CARTESIAN_POINT ( 'NONE',  ( -11.10000000000004900, 1.399999999999953300, -5.000000000000093300 ) ) ;
#6001 =( NAMED_UNIT ( * ) PLANE_ANGLE_UNIT ( ) SI_UNIT ( $, .RADIAN. ) );
#6002 = FILL_AREA_STYLE ('',( #241 ) ) ;
#6003 = DIRECTION ( 'NONE',  ( -0.0000000000000000000, -1.000000000000000000, -0.0000000000000000000 ) ) ;
#6004 = PRESENTATION_LAYER_ASSIGNMENT (  '', '', ( #5077 ) ) ;
#6005 = MECHANICAL_DESIGN_GEOMETRIC_PRESENTATION_REPRESENTATION (  '', ( #5078 ), #6488 ) ;
#6006 = EDGE_CURVE ( 'NONE', #3758, #102, #8257, .T. ) ;
#6007 = COLOUR_RGB ( '',0.2039215686274509800, 0.2039215686274509800, 0.2039215686274509800 ) ;
#6008 = VECTOR ( 'NONE', #3670, 1000.000000000000000 ) ;
#6009 = DIRECTION ( 'NONE',  ( -1.000000000000000000, 0.0000000000000000000, 0.0000000000000000000 ) ) ;
#6010 = ORIENTED_EDGE ( 'NONE', *, *, #4505, .F. ) ;
#6011 =( LENGTH_UNIT ( ) NAMED_UNIT ( * ) SI_UNIT ( .MILLI., .METRE. ) );
#6012 = VERTEX_POINT ( 'NONE', #580 ) ;
#6013 = FACE_OUTER_BOUND ( 'NONE', #2558, .T. ) ;
#6014 = LINE ( 'NONE', #5456, #7460 ) ;
#6015 = AXIS2_PLACEMENT_3D ( 'NONE', #4149, #4115, #4088 ) ;
#6016 = DIRECTION ( 'NONE',  ( 0.5547001962254422000, 0.8320502943377016100, 0.0000000000000000000 ) ) ;
#6017 = EDGE_CURVE ( 'NONE', #494, #3792, #4491, .T. ) ;
#6018 = ORIENTED_EDGE ( 'NONE', *, *, #7815, .F. ) ;
#6019 =( NAMED_UNIT ( * ) SI_UNIT ( $, .STERADIAN. ) SOLID_ANGLE_UNIT ( ) );
#6020 = UNCERTAINTY_MEASURE_WITH_UNIT (LENGTH_MEASURE( 1.000000000000000100E-005 ), #2989, 'distance_accuracy_value', 'NONE');
#6021 = VERTEX_POINT ( 'NONE', #7020 ) ;
#6022 = CARTESIAN_POINT ( 'NONE',  ( 0.09994900000000889200, 0.0000000000000000000, -0.5001260000000035100 ) ) ;
#6023 = AXIS2_PLACEMENT_3D ( 'NONE', #7331, #7299, #7279 ) ;
#6024 = DIRECTION ( 'NONE',  ( 0.0000000000000000000, 0.0000000000000000000, -1.000000000000000000 ) ) ;
#6025 = LINE ( 'NONE', #6358, #2240 ) ;
#6026 = LINE ( 'NONE', #3712, #4123 ) ;
#6027 = VECTOR ( 'NONE', #6554, 1000.000000000000000 ) ;
#6028 = ORIENTED_EDGE ( 'NONE', *, *, #4350, .T. ) ;
#6029 = CARTESIAN_POINT ( 'NONE',  ( 0.2399999999998991600, 1.799999999999999600, -4.850000000000021000 ) ) ;
#6030 = CARTESIAN_POINT ( 'NONE',  ( -4.299876999999988800, 0.0000000000000000000, -0.0000000000000000000 ) ) ;
#6031 = CARTESIAN_POINT ( 'NONE',  ( 0.4499999999998983700, 0.8999999999998670200, -4.125000000000041700 ) ) ;
#6032 = ORIENTED_EDGE ( 'NONE', *, *, #5765, .F. ) ;
#6033 = CARTESIAN_POINT ( 'NONE',  ( 0.0000000000000000000, 0.0000000000000000000, 4.649977999999984800 ) ) ;
#6034 = CARTESIAN_POINT ( 'NONE',  ( 1.149985000000013100, 0.7600000000000000100, 4.599864000000006400 ) ) ;
#6035 = PRESENTATION_STYLE_ASSIGNMENT (( #3628 ) ) ;
#6036 = STYLED_ITEM ( 'NONE', ( #2789 ), #3065 ) ;
#6037 = VERTEX_POINT ( 'NONE', #6338 ) ;
#6038 = CARTESIAN_POINT ( 'NONE',  ( -11.19999999999992600, 1.399999999999953300, 17.92388274267651100 ) ) ;
#6039 = CARTESIAN_POINT ( 'NONE',  ( -10.69987699999999000, 0.0000000000000000000, 5.550153999999987600 ) ) ;
#6040 = LINE ( 'NONE', #1229, #2259 ) ;
#6041 = VECTOR ( 'NONE', #5223, 1000.000000000000000 ) ;
#6042 = EDGE_CURVE ( 'NONE', #4675, #6108, #6139, .T. ) ;
#6043 = CARTESIAN_POINT ( 'NONE',  ( -11.10000000000004900, 1.399999999999954200, -5.200000000000093400 ) ) ;
#6044 = SURFACE_SIDE_STYLE ('',( #2493 ) ) ;
#6045 = VECTOR ( 'NONE', #4163, 1000.000000000000000 ) ;
#6046 = ORIENTED_EDGE ( 'NONE', *, *, #1375, .F. ) ;
#6047 =( NAMED_UNIT ( * ) PLANE_ANGLE_UNIT ( ) SI_UNIT ( $, .RADIAN. ) );
#6048 = AXIS2_PLACEMENT_3D ( 'NONE', #653, #5714, #1407 ) ;
#6049 = LINE ( 'NONE', #9110, #3934 ) ;
#6050 = DIRECTION ( 'NONE',  ( 1.000000000000000000, 0.0000000000000000000, 0.0000000000000000000 ) ) ;
#6051 = SURFACE_STYLE_USAGE ( .BOTH. , #1019 ) ;
#6052 = LINE ( 'NONE', #3718, #7933 ) ;
#6053 = EDGE_CURVE ( 'NONE', #1508, #1270, #6794, .T. ) ;
#6054 = ORIENTED_EDGE ( 'NONE', *, *, #823, .F. ) ;
#6055 =( LENGTH_UNIT ( ) NAMED_UNIT ( * ) SI_UNIT ( .MILLI., .METRE. ) );
#6056 = EDGE_CURVE ( 'NONE', #6550, #6181, #618, .T. ) ;
#6057 = PRESENTATION_LAYER_ASSIGNMENT (  '', '', ( #5134 ) ) ;
#6058 = DIRECTION ( 'NONE',  ( 0.0000000000000000000, -0.0000000000000000000, -1.000000000000000000 ) ) ;
#6059 = LINE ( 'NONE', #1316, #533 ) ;
#6060 = SURFACE_STYLE_FILL_AREA ( #5930 ) ;
#6061 = ORIENTED_EDGE ( 'NONE', *, *, #7702, .T. ) ;
#6062 = CARTESIAN_POINT ( 'NONE',  ( 1.449958999999993800, 0.7500000000000000000, 5.100066000000028400 ) ) ;
#6063 = CARTESIAN_POINT ( 'NONE',  ( 0.1000000000000497000, 1.399999999999954200, -5.200000000000093400 ) ) ;
#6064 = LINE ( 'NONE', #7262, #5853 ) ;
#6065 = UNCERTAINTY_MEASURE_WITH_UNIT (LENGTH_MEASURE( 1.000000000000000100E-005 ), #3639, 'distance_accuracy_value', 'NONE');
#6066 = EDGE_CURVE ( 'NONE', #2005, #75, #399, .T. ) ;
#6067 = FACE_OUTER_BOUND ( 'NONE', #5177, .T. ) ;
#6068 = VECTOR ( 'NONE', #3484, 1000.000000000000000 ) ;
#6069 = SURFACE_SIDE_STYLE ('',( #8878 ) ) ;
#6070 =( GEOMETRIC_REPRESENTATION_CONTEXT ( 3 ) GLOBAL_UNCERTAINTY_ASSIGNED_CONTEXT ( ( #4964 ) ) GLOBAL_UNIT_ASSIGNED_CONTEXT ( ( #1301, #1369, #759 ) ) REPRESENTATION_CONTEXT ( 'NONE', 'WORKASPACE' ) );
#6071 =( NAMED_UNIT ( * ) PLANE_ANGLE_UNIT ( ) SI_UNIT ( $, .RADIAN. ) );
#6072 =( NAMED_UNIT ( * ) SI_UNIT ( $, .STERADIAN. ) SOLID_ANGLE_UNIT ( ) );
#6073 = EDGE_LOOP ( 'NONE', ( #8462, #6992, #4921, #4575 ) ) ;
#6074 = PRESENTATION_STYLE_ASSIGNMENT (( #6051 ) ) ;
#6075 = DIRECTION ( 'NONE',  ( -0.0000000000000000000, -0.0000000000000000000, -1.000000000000000000 ) ) ;
#6076 = PRESENTATION_STYLE_ASSIGNMENT (( #6618 ) ) ;
#6077 = DIRECTION ( 'NONE',  ( -1.000000000000000000, 0.0000000000000000000, 0.0000000000000000000 ) ) ;
#6078 = ORIENTED_EDGE ( 'NONE', *, *, #8857, .T. ) ;
#6079 = CARTESIAN_POINT ( 'NONE',  ( -10.45000000000001000, 0.6000000000000423900, 5.199999999999871400 ) ) ;
#6080 =( NAMED_UNIT ( * ) SI_UNIT ( $, .STERADIAN. ) SOLID_ANGLE_UNIT ( ) );
#6081 = ORIENTED_EDGE ( 'NONE', *, *, #1745, .T. ) ;
#6082 =( LENGTH_UNIT ( ) NAMED_UNIT ( * ) SI_UNIT ( .MILLI., .METRE. ) );
#6083 = VECTOR ( 'NONE', #2949, 1000.000000000000000 ) ;
#6084 = PRESENTATION_STYLE_ASSIGNMENT (( #2828 ) ) ;
#6085 = STYLED_ITEM ( 'NONE', ( #8758 ), #2742 ) ;
#6086 = ORIENTED_EDGE ( 'NONE', *, *, #1112, .T. ) ;
#6087 = CARTESIAN_POINT ( 'NONE',  ( 0.0000000000000000000, 0.0000000000000000000, 0.0000000000000000000 ) ) ;
#6088 = EDGE_LOOP ( 'NONE', ( #9020, #123, #8209, #4892, #686, #5009, #1622, #3528 ) ) ;
#6089 = SURFACE_SIDE_STYLE ('',( #4923 ) ) ;
#6090 = CLOSED_SHELL ( 'NONE', ( #4659, #3595, #3351, #5331, #536, #4146 ) ) ;
#6091 = ORIENTED_EDGE ( 'NONE', *, *, #6096, .T. ) ;
#6092 = DIRECTION ( 'NONE',  ( 0.0000000000000000000, 0.0000000000000000000, -1.000000000000000000 ) ) ;
#6093 = DIRECTION ( 'NONE',  ( 0.0000000000000000000, 0.0000000000000000000, 1.000000000000000000 ) ) ;
#6094 = CARTESIAN_POINT ( 'NONE',  ( -6.876393202613804200, 0.9000001009055301800, 5.199999999999871400 ) ) ;
#6095 = LINE ( 'NONE', #514, #5881 ) ;
#6096 = EDGE_CURVE ( 'NONE', #5636, #4075, #2353, .T. ) ;
#6097 = ORIENTED_EDGE ( 'NONE', *, *, #1366, .F. ) ;
#6098 = VERTEX_POINT ( 'NONE', #3535 ) ;
#6099 = ORIENTED_EDGE ( 'NONE', *, *, #127, .T. ) ;
#6100 = AXIS2_PLACEMENT_3D ( 'NONE', #1947, #8390, #8450 ) ;
#6101 = LINE ( 'NONE', #2447, #4450 ) ;
#6102 = CARTESIAN_POINT ( 'NONE',  ( 8.772996778704309100, 1.399999999999844900, 4.949999999999900700 ) ) ;
#6103 = STYLED_ITEM ( 'NONE', ( #5113 ), #8395 ) ;
#6104 = OPEN_SHELL ( 'NONE', ( #1500 ) ) ;
#6105 = FACE_BOUND ( 'NONE', #3656, .T. ) ;
#6106 = ORIENTED_EDGE ( 'NONE', *, *, #1834, .F. ) ;
#6107 = SURFACE_STYLE_USAGE ( .BOTH. , #1076 ) ;
#6108 = VERTEX_POINT ( 'NONE', #2820 ) ;
#6109 =( LENGTH_UNIT ( ) NAMED_UNIT ( * ) SI_UNIT ( .MILLI., .METRE. ) );
#6110 = EDGE_CURVE ( 'NONE', #2381, #6706, #5708, .T. ) ;
#6111 = CARTESIAN_POINT ( 'NONE',  ( 12.00010300000000500, 0.5200000000000000200, 5.750051999999991300 ) ) ;
#6112 = SHAPE_DEFINITION_REPRESENTATION ( #4587, #3161 ) ;
#6113 = EDGE_LOOP ( 'NONE', ( #3820, #4257, #2573, #6587 ) ) ;
#6114 = LINE ( 'NONE', #2932, #4224 ) ;
#6116 = CARTESIAN_POINT ( 'NONE',  ( 0.0000000000000000000, 0.0000000000000000000, -4.649977999999984800 ) ) ;
#6115 = CARTESIAN_POINT ( 'NONE',  ( -11.79995099999999700, 0.0000000000000000000, -0.1501600000000094200 ) ) ;
#6117 = EDGE_LOOP ( 'NONE', ( #8609, #905 ) ) ;
#6118 = EDGE_CURVE ( 'NONE', #2939, #2113, #2118, .T. ) ;
#6119 = PLANE ( 'NONE',  #4144 ) ;
#6120 = ORIENTED_EDGE ( 'NONE', *, *, #5349, .F. ) ;
#6121 = EDGE_CURVE ( 'NONE', #3075, #4186, #5926, .T. ) ;
#6122 = LINE ( 'NONE', #260, #3229 ) ;
#6123 = CARTESIAN_POINT ( 'NONE',  ( -8.299876999999989700, 0.0000000000000000000, -0.0000000000000000000 ) ) ;
#6124 = LINE ( 'NONE', #7681, #2342 ) ;
#6125 = PRESENTATION_LAYER_ASSIGNMENT (  '', '', ( #5208 ) ) ;
#6126 = EDGE_LOOP ( 'NONE', ( #5670, #1755, #1742, #213 ) ) ;
#6127 = ORIENTED_EDGE ( 'NONE', *, *, #9158, .T. ) ;
#6128 = EDGE_LOOP ( 'NONE', ( #8032, #8505, #6321, #5494 ) ) ;
#6129 = COLOUR_RGB ( '',0.2039215686274509800, 0.2039215686274509800, 0.2039215686274509800 ) ;
#6130 = FILL_AREA_STYLE ('',( #1670 ) ) ;
#6131 = LINE ( 'NONE', #4527, #2346 ) ;
#6132 = DIRECTION ( 'NONE',  ( 0.0000000000000000000, 0.0000000000000000000, 1.000000000000000000 ) ) ;
#6133 = CARTESIAN_POINT ( 'NONE',  ( -11.10000000000004900, -28.62307019352236600, 4.849999999999909900 ) ) ;
#6134 = VERTEX_POINT ( 'NONE', #2857 ) ;
#6135 = ORIENTED_EDGE ( 'NONE', *, *, #712, .T. ) ;
#6136 = EDGE_LOOP ( 'NONE', ( #3859, #2510, #449, #8030 ) ) ;
#6137 = CARTESIAN_POINT ( 'NONE',  ( 2.049906999999996600, 0.5200000000000000200, -0.5501640000000057600 ) ) ;
#6138 = LINE ( 'NONE', #4516, #4250 ) ;
#6139 = LINE ( 'NONE', #7744, #4251 ) ;
#6140 = DIRECTION ( 'NONE',  ( 1.000000000000000000, 0.0000000000000000000, 0.0000000000000000000 ) ) ;
#6141 = PLANE ( 'NONE',  #8310 ) ;
#6142 = VERTEX_POINT ( 'NONE', #7809 ) ;
#6144 = SURFACE_STYLE_USAGE ( .BOTH. , #6169 ) ;
#6143 = CARTESIAN_POINT ( 'NONE',  ( -10.90002899999999800, 0.0000000000000000000, -2.550160000000009800 ) ) ;
#6145 = CYLINDRICAL_SURFACE ( 'NONE', #6187, 0.009999999999999592500 ) ;
#6146 = ORIENTED_EDGE ( 'NONE', *, *, #1305, .T. ) ;
#6147 = CARTESIAN_POINT ( 'NONE',  ( 0.0000000000000000000, 0.0000000000000000000, -4.649977999999984800 ) ) ;
#6148 = VECTOR ( 'NONE', #2778, 1000.000000000000000 ) ;
#6149 = DIRECTION ( 'NONE',  ( 0.0000000000000000000, 1.000000000000000000, -0.0000000000000000000 ) ) ;
#6150 = EDGE_CURVE ( 'NONE', #8332, #4675, #3581, .T. ) ;
#6151 = COLOUR_RGB ( '',1.000000000000000000, 1.000000000000000000, 1.000000000000000000 ) ;
#6152 = ORIENTED_EDGE ( 'NONE', *, *, #6757, .F. ) ;
#6153 = DIRECTION ( 'NONE',  ( 0.0000000000000000000, 1.000000000000000000, -0.0000000000000000000 ) ) ;
#6154 = CARTESIAN_POINT ( 'NONE',  ( -5.099876999999989600, 0.0000000000000000000, 4.649977999999984800 ) ) ;
#6155 = LINE ( 'NONE', #6261, #637 ) ;
#6156 = COLOUR_RGB ( '',1.000000000000000000, 1.000000000000000000, 1.000000000000000000 ) ;
#6157 = CARTESIAN_POINT ( 'NONE',  ( -1.899876999999989200, 0.0000000000000000000, -4.649977999999984800 ) ) ;
#6158 = DIRECTION ( 'NONE',  ( 0.0000000000000000000, 0.0000000000000000000, -1.000000000000000000 ) ) ;
#6159 = DIRECTION ( 'NONE',  ( 0.0000000000000000000, 3.469446951953997200E-015, 1.000000000000000000 ) ) ;
#6160 = SURFACE_STYLE_FILL_AREA ( #2051 ) ;
#6161 = ORIENTED_EDGE ( 'NONE', *, *, #4408, .F. ) ;
#6162 = COLOUR_RGB ( '',1.000000000000000000, 1.000000000000000000, 1.000000000000000000 ) ;
#6163 = PLANE ( 'NONE',  #8073 ) ;
#6164 = MECHANICAL_DESIGN_GEOMETRIC_PRESENTATION_REPRESENTATION (  '', ( #5246 ), #6642 ) ;
#6165 = FILL_AREA_STYLE_COLOUR ( '', #252 ) ;
#6166 = FACE_OUTER_BOUND ( 'NONE', #5372, .T. ) ;
#6167 = EDGE_CURVE ( 'NONE', #5921, #8563, #1884, .T. ) ;
#6168 = FACE_OUTER_BOUND ( 'NONE', #1041, .T. ) ;
#6169 = SURFACE_SIDE_STYLE ('',( #6245 ) ) ;
#6170 = UNCERTAINTY_MEASURE_WITH_UNIT (LENGTH_MEASURE( 1.000000000000000100E-005 ), #7613, 'distance_accuracy_value', 'NONE');
#6171 = VECTOR ( 'NONE', #2899, 1000.000000000000000 ) ;
#6172 = STYLED_ITEM ( 'NONE', ( #4455 ), #474 ) ;
#6173 = AXIS2_PLACEMENT_3D ( 'NONE', #8251, #7161, #7120 ) ;
#6174 =( LENGTH_UNIT ( ) NAMED_UNIT ( * ) SI_UNIT ( .MILLI., .METRE. ) );
#6175 = COLOUR_RGB ( '',1.000000000000000000, 1.000000000000000000, 1.000000000000000000 ) ;
#6176 = ORIENTED_EDGE ( 'NONE', *, *, #4275, .T. ) ;
#6177 = DIRECTION ( 'NONE',  ( 1.000000000000000000, 0.0000000000000000000, 0.0000000000000000000 ) ) ;
#6178 = COLOUR_RGB ( '',0.2039215686274509800, 0.2039215686274509800, 0.2039215686274509800 ) ;
#6179 = ORIENTED_EDGE ( 'NONE', *, *, #8726, .T. ) ;
#6180 = UNCERTAINTY_MEASURE_WITH_UNIT (LENGTH_MEASURE( 1.000000000000000100E-005 ), #5297, 'distance_accuracy_value', 'NONE');
#6181 = VERTEX_POINT ( 'NONE', #4294 ) ;
#6182 = FILL_AREA_STYLE_COLOUR ( '', #2681 ) ;
#6183 = EDGE_LOOP ( 'NONE', ( #7361, #962, #845, #6572 ) ) ;
#6184 =( NAMED_UNIT ( * ) PLANE_ANGLE_UNIT ( ) SI_UNIT ( $, .RADIAN. ) );
#6185 = CARTESIAN_POINT ( 'NONE',  ( -29.93167432810837900, 1.790000000000000000, -4.990000000000092600 ) ) ;
#6186 = FACE_OUTER_BOUND ( 'NONE', #7854, .T. ) ;
#6187 = AXIS2_PLACEMENT_3D ( 'NONE', #2192, #2647, #9180 ) ;
#6188 = EDGE_CURVE ( 'NONE', #1270, #791, #7142, .T. ) ;
#6189 = COLOUR_RGB ( '',0.2039215686274509800, 0.2039215686274509800, 0.2039215686274509800 ) ;
#6190 = ORIENTED_EDGE ( 'NONE', *, *, #2396, .F. ) ;
#6191 =( GEOMETRIC_REPRESENTATION_CONTEXT ( 3 ) GLOBAL_UNCERTAINTY_ASSIGNED_CONTEXT ( ( #412 ) ) GLOBAL_UNIT_ASSIGNED_CONTEXT ( ( #3352, #3315, #3238 ) ) REPRESENTATION_CONTEXT ( 'NONE', 'WORKASPACE' ) );
#6192 = ORIENTED_EDGE ( 'NONE', *, *, #7637, .F. ) ;
#6193 = ORIENTED_EDGE ( 'NONE', *, *, #7515, .T. ) ;
#6194 = DIRECTION ( 'NONE',  ( 0.0000000000000000000, 0.0000000000000000000, 1.000000000000000000 ) ) ;
#6195 = CARTESIAN_POINT ( 'NONE',  ( -8.600004999999990600, 0.0000000000000000000, -4.649977999999984800 ) ) ;
#6196 = VECTOR ( 'NONE', #4223, 1000.000000000000000 ) ;
#6197 = CARTESIAN_POINT ( 'NONE',  ( -12.00010300000000500, 0.0000000000000000000, -5.750051999999991300 ) ) ;
#6198 = VECTOR ( 'NONE', #879, 1000.000000000000000 ) ;
#6199 = ORIENTED_EDGE ( 'NONE', *, *, #8847, .T. ) ;
#6200 = ORIENTED_EDGE ( 'NONE', *, *, #5782, .T. ) ;
#6201 = FILL_AREA_STYLE ('',( #6390 ) ) ;
#6202 = ORIENTED_EDGE ( 'NONE', *, *, #5626, .T. ) ;
#6203 = DIRECTION ( 'NONE',  ( 1.000000000000000000, 0.0000000000000000000, 0.0000000000000000000 ) ) ;
#6204 = LINE ( 'NONE', #4002, #8105 ) ;
#6205 = ORIENTED_EDGE ( 'NONE', *, *, #8520, .F. ) ;
#6206 = CARTESIAN_POINT ( 'NONE',  ( -11.25000000000000900, 0.2999999999998507200, 3.899999999999908900 ) ) ;
#6207 = ORIENTED_EDGE ( 'NONE', *, *, #9331, .F. ) ;
#6208 = LINE ( 'NONE', #1953, #700 ) ;
#6209 = VECTOR ( 'NONE', #8176, 1000.000000000000000 ) ;
#6210 = FILL_AREA_STYLE_COLOUR ( '', #8890 ) ;
#6211 = FILL_AREA_STYLE ('',( #4804 ) ) ;
#6212 = VERTEX_POINT ( 'NONE', #8566 ) ;
#6213 = EDGE_CURVE ( 'NONE', #6453, #7450, #9316, .T. ) ;
#6214 = DIRECTION ( 'NONE',  ( 0.0000000000000000000, 1.000000000000000000, 0.0000000000000000000 ) ) ;
#6215 = UNCERTAINTY_MEASURE_WITH_UNIT (LENGTH_MEASURE( 1.000000000000000100E-005 ), #6438, 'distance_accuracy_value', 'NONE');
#6216 = DIRECTION ( 'NONE',  ( -1.000000000000000000, 0.0000000000000000000, 0.0000000000000000000 ) ) ;
#6217 = PRESENTATION_LAYER_ASSIGNMENT (  '', '', ( #5299 ) ) ;
#6218 = ORIENTED_EDGE ( 'NONE', *, *, #8697, .T. ) ;
#6219 = DIRECTION ( 'NONE',  ( 6.123233995736766000E-017, 1.000000000000000000, -3.469446951953997200E-015 ) ) ;
#6220 = EDGE_CURVE ( 'NONE', #7032, #8994, #9073, .T. ) ;
#6221 = ORIENTED_EDGE ( 'NONE', *, *, #4031, .F. ) ;
#6222 = LINE ( 'NONE', #2059, #4352 ) ;
#6223 = VECTOR ( 'NONE', #5089, 1000.000000000000000 ) ;
#6224 = LINE ( 'NONE', #739, #4354 ) ;
#6225 = PLANE ( 'NONE',  #9074 ) ;
#6226 = DIRECTION ( 'NONE',  ( 0.0000000000000000000, 1.000000000000000000, -0.0000000000000000000 ) ) ;
#6227 = EDGE_CURVE ( 'NONE', #8909, #8563, #5487, .T. ) ;
#6228 = ORIENTED_EDGE ( 'NONE', *, *, #7046, .F. ) ;
#6229 = AXIS2_PLACEMENT_3D ( 'NONE', #7223, #7255, #7478 ) ;
#6230 = PLANE ( 'NONE',  #7634 ) ;
#6231 =( NAMED_UNIT ( * ) SI_UNIT ( $, .STERADIAN. ) SOLID_ANGLE_UNIT ( ) );
#6232 = ORIENTED_EDGE ( 'NONE', *, *, #5048, .T. ) ;
#6233 = LINE ( 'NONE', #8403, #2445 ) ;
#6234 = VECTOR ( 'NONE', #9317, 1000.000000000000000 ) ;
#6235 = LINE ( 'NONE', #7512, #2448 ) ;
#6236 = VECTOR ( 'NONE', #7122, 1000.000000000000000 ) ;
#6237 = UNCERTAINTY_MEASURE_WITH_UNIT (LENGTH_MEASURE( 1.000000000000000100E-005 ), #4461, 'distance_accuracy_value', 'NONE');
#6238 = ORIENTED_EDGE ( 'NONE', *, *, #3893, .F. ) ;
#6239 = EDGE_CURVE ( 'NONE', #5354, #1027, #3346, .T. ) ;
#6240 = VERTEX_POINT ( 'NONE', #7877 ) ;
#6241 = DIRECTION ( 'NONE',  ( 0.0000000000000000000, 0.0000000000000000000, 1.000000000000000000 ) ) ;
#6242 =( LENGTH_UNIT ( ) NAMED_UNIT ( * ) SI_UNIT ( .MILLI., .METRE. ) );
#6243 = CARTESIAN_POINT ( 'NONE',  ( -19.77299677870442100, 0.8999999999998653500, -4.950000000000117400 ) ) ;
#6244 = EDGE_LOOP ( 'NONE', ( #3128, #2111, #3814, #2667 ) ) ;
#6245 = SURFACE_STYLE_FILL_AREA ( #6201 ) ;
#6246 = DIRECTION ( 'NONE',  ( 0.0000000000000000000, 1.000000000000000000, 0.0000000000000000000 ) ) ;
#6247 = SURFACE_STYLE_FILL_AREA ( #6980 ) ;
#6248 = LINE ( 'NONE', #5855, #7669 ) ;
#6249 = AXIS2_PLACEMENT_3D ( 'NONE', #9046, #8966, #8888 ) ;
#6250 = MECHANICAL_DESIGN_GEOMETRIC_PRESENTATION_REPRESENTATION (  '', ( #4842 ), #6710 ) ;
#6251 = VECTOR ( 'NONE', #7535, 1000.000000000000000 ) ;
#6252 = DIRECTION ( 'NONE',  ( -1.000000000000000000, 0.0000000000000000000, -0.0000000000000000000 ) ) ;
#6253 = ORIENTED_EDGE ( 'NONE', *, *, #8060, .T. ) ;
#6254 = CARTESIAN_POINT ( 'NONE',  ( -11.24000000000000900, 2.000000000000000000, -4.850000000000021000 ) ) ;
#6255 = CARTESIAN_POINT ( 'NONE',  ( 0.4499999999998983700, 0.5249999999998545800, -3.675000000000145000 ) ) ;
#6256 = VECTOR ( 'NONE', #2953, 1000.000000000000000 ) ;
#6257 = VECTOR ( 'NONE', #5488, 1000.000000000000000 ) ;
#6258 = LINE ( 'NONE', #6645, #2469 ) ;
#6259 = ORIENTED_EDGE ( 'NONE', *, *, #8316, .F. ) ;
#6260 = DIRECTION ( 'NONE',  ( 0.0000000000000000000, 3.679716464192890000E-015, 1.000000000000000000 ) ) ;
#6261 = CARTESIAN_POINT ( 'NONE',  ( 0.1000000000000497000, 1.799999999999999600, 4.989999999999869700 ) ) ;
#6262 = FACE_OUTER_BOUND ( 'NONE', #7109, .T. ) ;
#6263 = CARTESIAN_POINT ( 'NONE',  ( 2.900044999999996900, 0.0000000000000000000, -0.0000000000000000000 ) ) ;
#6264 = PRESENTATION_LAYER_ASSIGNMENT (  '', '', ( #5341 ) ) ;
#6265 = DIRECTION ( 'NONE',  ( -1.000000000000000000, 0.0000000000000000000, 0.0000000000000000000 ) ) ;
#6266 = PRESENTATION_LAYER_ASSIGNMENT (  '', '', ( #5342 ) ) ;
#6267 = VERTEX_POINT ( 'NONE', #4364 ) ;
#6268 = DIRECTION ( 'NONE',  ( -1.000000000000000000, 0.0000000000000000000, 0.0000000000000000000 ) ) ;
#6269 = LINE ( 'NONE', #6532, #8166 ) ;
#6270 = ORIENTED_EDGE ( 'NONE', *, *, #2312, .F. ) ;
#6271 = CARTESIAN_POINT ( 'NONE',  ( 1.300123000000010600, 0.0000000000000000000, 4.649977999999984800 ) ) ;
#6272 = PLANE ( 'NONE',  #5597 ) ;
#6273 = EDGE_CURVE ( 'NONE', #8434, #8812, #5051, .T. ) ;
#6274 = VECTOR ( 'NONE', #1933, 1000.000000000000000 ) ;
#6275 = CARTESIAN_POINT ( 'NONE',  ( -11.24000000000000900, 1.999999999999998200, 4.849999999999909900 ) ) ;
#6276 = AXIS2_PLACEMENT_3D ( 'NONE', #4279, #4349, #3146 ) ;
#6277 = FILL_AREA_STYLE_COLOUR ( '', #6360 ) ;
#6278 = MECHANICAL_DESIGN_GEOMETRIC_PRESENTATION_REPRESENTATION (  '', ( #5358 ), #6741 ) ;
#6279 = CARTESIAN_POINT ( 'NONE',  ( -19.77299677870442100, 1.399999999999844000, 4.849999999999911700 ) ) ;
#6280 = DIRECTION ( 'NONE',  ( 0.0000000000000000000, 0.0000000000000000000, -1.000000000000000000 ) ) ;
#6281 = VECTOR ( 'NONE', #6545, 1000.000000000000000 ) ;
#6282 =( NAMED_UNIT ( * ) SI_UNIT ( $, .STERADIAN. ) SOLID_ANGLE_UNIT ( ) );
#6283 = LINE ( 'NONE', #5226, #8180 ) ;
#6284 = SURFACE_STYLE_USAGE ( .BOTH. , #6089 ) ;
#6285 = FILL_AREA_STYLE_COLOUR ( '', #7965 ) ;
#6286 = LINE ( 'NONE', #1048, #3385 ) ;
#6287 = LINE ( 'NONE', #1303, #2714 ) ;
#6288 =( NAMED_UNIT ( * ) SI_UNIT ( $, .STERADIAN. ) SOLID_ANGLE_UNIT ( ) );
#6289 = CARTESIAN_POINT ( 'NONE',  ( 0.4499999999998983700, 1.399999999999809400, -4.950000000000119200 ) ) ;
#6290 = ORIENTED_EDGE ( 'NONE', *, *, #3135, .F. ) ;
#6291 = DIRECTION ( 'NONE',  ( 0.0000000000000000000, 0.0000000000000000000, 1.000000000000000000 ) ) ;
#6292 = ORIENTED_EDGE ( 'NONE', *, *, #1195, .T. ) ;
#6293 = EDGE_CURVE ( 'NONE', #6961, #8263, #8614, .T. ) ;
#6294 = ORIENTED_EDGE ( 'NONE', *, *, #8784, .F. ) ;
#6295 = CARTESIAN_POINT ( 'NONE',  ( 8.772996778704309100, 0.5249999999998823400, 3.899999999999908900 ) ) ;
#6296 = EDGE_CURVE ( 'NONE', #7667, #6523, #4825, .T. ) ;
#6297 = DIRECTION ( 'NONE',  ( -0.0000000000000000000, -0.0000000000000000000, -1.000000000000000000 ) ) ;
#6298 =( GEOMETRIC_REPRESENTATION_CONTEXT ( 3 ) GLOBAL_UNCERTAINTY_ASSIGNED_CONTEXT ( ( #4609 ) ) GLOBAL_UNIT_ASSIGNED_CONTEXT ( ( #6863, #8084, #7923 ) ) REPRESENTATION_CONTEXT ( 'NONE', 'WORKASPACE' ) );
#6299 = FILL_AREA_STYLE ('',( #6277 ) ) ;
#6300 = SURFACE_STYLE_FILL_AREA ( #6446 ) ;
#6301 = PRESENTATION_LAYER_ASSIGNMENT (  '', '', ( #5379 ) ) ;
#6302 = PRESENTATION_STYLE_ASSIGNMENT (( #4928 ) ) ;
#6303 = ORIENTED_EDGE ( 'NONE', *, *, #407, .F. ) ;
#6304 = CARTESIAN_POINT ( 'NONE',  ( 0.4499999999998983700, 0.8999999999998687900, -3.675000000000090900 ) ) ;
#6305 = CARTESIAN_POINT ( 'NONE',  ( 0.1999999999999276800, 0.9000001009055935700, -5.200000000000093400 ) ) ;
#6306 = VECTOR ( 'NONE', #5086, 1000.000000000000000 ) ;
#6307 = SURFACE_SIDE_STYLE ('',( #3132 ) ) ;
#6308 = LINE ( 'NONE', #2551, #561 ) ;
#6309 = CARTESIAN_POINT ( 'NONE',  ( 2.600070999999988700, 0.8199999999999999500, 0.1498600000000155400 ) ) ;
#6310 = ORIENTED_EDGE ( 'NONE', *, *, #2455, .T. ) ;
#6311 = ORIENTED_EDGE ( 'NONE', *, *, #8642, .T. ) ;
#6312 =( LENGTH_UNIT ( ) NAMED_UNIT ( * ) SI_UNIT ( .MILLI., .METRE. ) );
#6313 = DIRECTION ( 'NONE',  ( 0.0000000000000000000, 1.000000000000000000, -0.0000000000000000000 ) ) ;
#6314 = LINE ( 'NONE', #8426, #344 ) ;
#6315 = CARTESIAN_POINT ( 'NONE',  ( -11.45000000000000600, 0.8999999999998644600, -4.950000000000117400 ) ) ;
#6316 = PRESENTATION_LAYER_ASSIGNMENT (  '', '', ( #5395 ) ) ;
#6317 = VERTEX_POINT ( 'NONE', #3675 ) ;
#6318 = ORIENTED_EDGE ( 'NONE', *, *, #797, .T. ) ;
#6319 = DIRECTION ( 'NONE',  ( 0.0000000000000000000, 3.679716464193384600E-015, 1.000000000000000000 ) ) ;
#6320 = DIRECTION ( 'NONE',  ( 2.253176494822122300E-031, 3.679716464193384600E-015, 1.000000000000000000 ) ) ;
#6321 = ORIENTED_EDGE ( 'NONE', *, *, #3525, .F. ) ;
#6322 = DIRECTION ( 'NONE',  ( 0.0000000000000000000, -1.000000000000000000, 0.0000000000000000000 ) ) ;
#6323 = VECTOR ( 'NONE', #3137, 1000.000000000000000 ) ;
#6324 =( NAMED_UNIT ( * ) PLANE_ANGLE_UNIT ( ) SI_UNIT ( $, .RADIAN. ) );
#6325 = FACE_BOUND ( 'NONE', #4316, .T. ) ;
#6326 = LINE ( 'NONE', #2652, #827 ) ;
#6327 = CARTESIAN_POINT ( 'NONE',  ( 0.2399999999998991600, 1.790000000000000000, 4.849999999999902800 ) ) ;
#6328 = VERTEX_POINT ( 'NONE', #7916 ) ;
#6329 = SURFACE_STYLE_USAGE ( .BOTH. , #6307 ) ;
#6330 = CYLINDRICAL_SURFACE ( 'NONE', #3134, 0.3000000000000482800 ) ;
#6331 = DIRECTION ( 'NONE',  ( -0.0000000000000000000, 1.000000000000000000, -0.0000000000000000000 ) ) ;
#6332 = ORIENTED_EDGE ( 'NONE', *, *, #4030, .F. ) ;
#6333 = CARTESIAN_POINT ( 'NONE',  ( 0.4499999999998983700, 1.799999999999999600, 4.849999999999909900 ) ) ;
#6334 = VECTOR ( 'NONE', #7190, 1000.000000000000000 ) ;
#6335 = CARTESIAN_POINT ( 'NONE',  ( -11.79995099999999700, 0.0000000000000000000, -0.0000000000000000000 ) ) ;
#6336 =( LENGTH_UNIT ( ) NAMED_UNIT ( * ) SI_UNIT ( .MILLI., .METRE. ) );
#6337 = ORIENTED_EDGE ( 'NONE', *, *, #685, .F. ) ;
#6338 = CARTESIAN_POINT ( 'NONE',  ( 12.00010300000000500, 0.0000000000000000000, -5.750051999999991300 ) ) ;
#6339 = DIRECTION ( 'NONE',  ( -1.000000000000000000, 0.0000000000000000000, 0.0000000000000000000 ) ) ;
#6340 = CARTESIAN_POINT ( 'NONE',  ( -3.499876999999989000, 0.0000000000000000000, -0.0000000000000000000 ) ) ;
#6341 = VECTOR ( 'NONE', #4155, 1000.000000000000000 ) ;
#6342 =( NAMED_UNIT ( * ) PLANE_ANGLE_UNIT ( ) SI_UNIT ( $, .RADIAN. ) );
#6343 = VECTOR ( 'NONE', #8311, 1000.000000000000000 ) ;
#6344 = CARTESIAN_POINT ( 'NONE',  ( 0.0000000000000000000, 0.0000000000000000000, -5.550153999999987600 ) ) ;
#6345 = STYLED_ITEM ( 'NONE', ( #6388 ), #9130 ) ;
#6346 = ORIENTED_EDGE ( 'NONE', *, *, #8147, .F. ) ;
#6347 = FILL_AREA_STYLE ('',( #7126 ) ) ;
#6348 = EDGE_CURVE ( 'NONE', #7321, #2203, #8852, .T. ) ;
#6349 = SURFACE_STYLE_USAGE ( .BOTH. , #1334 ) ;
#6350 = DIRECTION ( 'NONE',  ( 0.0000000000000000000, -1.000000000000000000, 3.679716464193384600E-015 ) ) ;
#6351 = FACE_OUTER_BOUND ( 'NONE', #5265, .T. ) ;
#6352 = VECTOR ( 'NONE', #7314, 1000.000000000000000 ) ;
#6353 = UNCERTAINTY_MEASURE_WITH_UNIT (LENGTH_MEASURE( 1.000000000000000100E-005 ), #7033, 'distance_accuracy_value', 'NONE');
#6354 = DIRECTION ( 'NONE',  ( 0.0000000000000000000, 0.0000000000000000000, 1.000000000000000000 ) ) ;
#6355 = STYLED_ITEM ( 'NONE', ( #1381 ), #959 ) ;
#6356 = CARTESIAN_POINT ( 'NONE',  ( -8.499983000000009200, 0.0000000000000000000, -0.5001260000000035100 ) ) ;
#6357 = ORIENTED_EDGE ( 'NONE', *, *, #3478, .T. ) ;
#6358 = CARTESIAN_POINT ( 'NONE',  ( -10.45000000000001000, 0.6000000000000423900, -5.000000000000093300 ) ) ;
#6359 = ORIENTED_EDGE ( 'NONE', *, *, #5176, .T. ) ;
#6360 = COLOUR_RGB ( '',1.000000000000000000, 1.000000000000000000, 1.000000000000000000 ) ;
#6361 = VECTOR ( 'NONE', #2757, 1000.000000000000000 ) ;
#6362 = COLOUR_RGB ( '',0.2039215686274509800, 0.2039215686274509800, 0.2039215686274509800 ) ;
#6363 = SURFACE_STYLE_USAGE ( .BOTH. , #1315 ) ;
#6364 = DIRECTION ( 'NONE',  ( 0.0000000000000000000, 1.000000000000000000, -0.0000000000000000000 ) ) ;
#6365 = ORIENTED_EDGE ( 'NONE', *, *, #2410, .T. ) ;
#6366 =( NAMED_UNIT ( * ) PLANE_ANGLE_UNIT ( ) SI_UNIT ( $, .RADIAN. ) );
#6367 = MECHANICAL_DESIGN_GEOMETRIC_PRESENTATION_REPRESENTATION (  '', ( #1439 ), #5903 ) ;
#6368 = MECHANICAL_DESIGN_GEOMETRIC_PRESENTATION_REPRESENTATION (  '', ( #4970 ), #6830 ) ;
#6369 =( NAMED_UNIT ( * ) PLANE_ANGLE_UNIT ( ) SI_UNIT ( $, .RADIAN. ) );
#6370 = ORIENTED_EDGE ( 'NONE', *, *, #8096, .F. ) ;
#6371 = DIRECTION ( 'NONE',  ( 0.0000000000000000000, 0.0000000000000000000, 1.000000000000000000 ) ) ;
#6372 = EDGE_CURVE ( 'NONE', #923, #3033, #8371, .T. ) ;
#6373 =( NAMED_UNIT ( * ) SI_UNIT ( $, .STERADIAN. ) SOLID_ANGLE_UNIT ( ) );
#6374 =( LENGTH_UNIT ( ) NAMED_UNIT ( * ) SI_UNIT ( .MILLI., .METRE. ) );
#6375 = ORIENTED_EDGE ( 'NONE', *, *, #5835, .F. ) ;
#6376 = DIRECTION ( 'NONE',  ( 1.000000000000000000, -0.0000000000000000000, 0.0000000000000000000 ) ) ;
#6377 =( LENGTH_UNIT ( ) NAMED_UNIT ( * ) SI_UNIT ( .MILLI., .METRE. ) );
#6378 = CARTESIAN_POINT ( 'NONE',  ( -3.676393202613750200, 0.9000001009055961200, 4.999999999999871200 ) ) ;
#6379 = DIRECTION ( 'NONE',  ( 1.000000000000000000, 0.0000000000000000000, 0.0000000000000000000 ) ) ;
#6380 = CARTESIAN_POINT ( 'NONE',  ( 0.0000000000000000000, 0.0000000000000000000, -4.649977999999984800 ) ) ;
#6381 = VECTOR ( 'NONE', #326, 1000.000000000000000 ) ;
#6382 = EDGE_LOOP ( 'NONE', ( #697, #929, #1273, #1632 ) ) ;
#6383 = COLOUR_RGB ( '',1.000000000000000000, 1.000000000000000000, 1.000000000000000000 ) ;
#6384 = CARTESIAN_POINT ( 'NONE',  ( 8.772996778704309100, 0.8999999999998965500, 4.124999999999937800 ) ) ;
#6385 = FILL_AREA_STYLE_COLOUR ( '', #7060 ) ;
#6386 = AXIS2_PLACEMENT_3D ( 'NONE', #2746, #2791, #2814 ) ;
#6387 = FACE_OUTER_BOUND ( 'NONE', #3764, .T. ) ;
#6388 = PRESENTATION_STYLE_ASSIGNMENT (( #5362 ) ) ;
#6389 = UNCERTAINTY_MEASURE_WITH_UNIT (LENGTH_MEASURE( 1.000000000000000100E-005 ), #3364, 'distance_accuracy_value', 'NONE');
#6390 = FILL_AREA_STYLE_COLOUR ( '', #275 ) ;
#6391 = DIRECTION ( 'NONE',  ( 0.0000000000000000000, 0.0000000000000000000, 1.000000000000000000 ) ) ;
#6392 =( NAMED_UNIT ( * ) SI_UNIT ( $, .STERADIAN. ) SOLID_ANGLE_UNIT ( ) );
#6393 = EDGE_CURVE ( 'NONE', #4075, #5354, #4594, .T. ) ;
#6394 = CYLINDRICAL_SURFACE ( 'NONE', #3560, 0.3000000000000482800 ) ;
#6395 = CARTESIAN_POINT ( 'NONE',  ( 0.3999230000000034100, -5.000000000000000000, 3.899916000000017000 ) ) ;
#6396 = CARTESIAN_POINT ( 'NONE',  ( 0.1999950000000100800, 0.0000000000000000000, 4.649977999999984800 ) ) ;
#6397 = ORIENTED_EDGE ( 'NONE', *, *, #3295, .F. ) ;
#6398 = DIRECTION ( 'NONE',  ( 1.000000000000000000, -0.0000000000000000000, -0.0000000000000000000 ) ) ;
#6399 = AXIS2_PLACEMENT_3D ( 'NONE', #2282, #2371, #2708 ) ;
#6400 = FACE_OUTER_BOUND ( 'NONE', #529, .T. ) ;
#6401 = AXIS2_PLACEMENT_3D ( 'NONE', #898, #931, #4574 ) ;
#6402 = DIRECTION ( 'NONE',  ( -1.000000000000000000, 0.0000000000000000000, 0.0000000000000000000 ) ) ;
#6403 =( NAMED_UNIT ( * ) PLANE_ANGLE_UNIT ( ) SI_UNIT ( $, .RADIAN. ) );
#6404 = EDGE_CURVE ( 'NONE', #6638, #7318, #2917, .T. ) ;
#6405 = DIRECTION ( 'NONE',  ( -0.5547001962252287000, 0.8320502943378439400, 5.094838648452267900E-017 ) ) ;
#6406 = CARTESIAN_POINT ( 'NONE',  ( -7.100000056180550500, 0.7000000502492805800, -5.000000000000093300 ) ) ;
#6407 = CARTESIAN_POINT ( 'NONE',  ( -11.39990099999999600, 0.0000000000000000000, -3.900170000000022300 ) ) ;
#6408 = VECTOR ( 'NONE', #7529, 1000.000000000000000 ) ;
#6409 = UNCERTAINTY_MEASURE_WITH_UNIT (LENGTH_MEASURE( 1.000000000000000100E-005 ), #4420, 'distance_accuracy_value', 'NONE');
#6410 = CARTESIAN_POINT ( 'NONE',  ( -10.90002899999999800, 0.0000000000000000000, 2.549968000000005600 ) ) ;
#6411 = FACE_OUTER_BOUND ( 'NONE', #1841, .T. ) ;
#6412 = ORIENTED_EDGE ( 'NONE', *, *, #5733, .F. ) ;
#6413 = SURFACE_STYLE_USAGE ( .BOTH. , #1403 ) ;
#6414 = AXIS2_PLACEMENT_3D ( 'NONE', #3851, #1708, #3181 ) ;
#6415 =( NAMED_UNIT ( * ) PLANE_ANGLE_UNIT ( ) SI_UNIT ( $, .RADIAN. ) );
#6416 = EDGE_LOOP ( 'NONE', ( #1487, #1011, #2291, #8307 ) ) ;
#6417 = VECTOR ( 'NONE', #8015, 1000.000000000000000 ) ;
#6418 = CARTESIAN_POINT ( 'NONE',  ( -10.45000000000001000, 0.6000000000000415000, -5.000000000000093300 ) ) ;
#6419 = CARTESIAN_POINT ( 'NONE',  ( -4.299876999999988800, 0.0000000000000000000, -5.550153999999987600 ) ) ;
#6420 = VECTOR ( 'NONE', #7822, 1000.000000000000000 ) ;
#6421 = EDGE_CURVE ( 'NONE', #339, #5555, #736, .T. ) ;
#6422 = ORIENTED_EDGE ( 'NONE', *, *, #9010, .T. ) ;
#6423 = ORIENTED_EDGE ( 'NONE', *, *, #6753, .T. ) ;
#6424 = EDGE_LOOP ( 'NONE', ( #7560, #376, #8735, #8951 ) ) ;
#6425 = VERTEX_POINT ( 'NONE', #5160 ) ;
#6426 = DIRECTION ( 'NONE',  ( -1.555753819465285400E-061, -1.000000000000000000, 3.679716464192890000E-015 ) ) ;
#6427 = AXIS2_PLACEMENT_3D ( 'NONE', #6944, #5056, #2748 ) ;
#6428 = CARTESIAN_POINT ( 'NONE',  ( 8.772996778704309100, 0.8999999999998956600, 3.674999999999876400 ) ) ;
#6429 = CARTESIAN_POINT ( 'NONE',  ( -11.10000000000004900, -28.62307019352236600, -4.990000000000092600 ) ) ;
#6430 = EDGE_LOOP ( 'NONE', ( #9196, #1780, #3914, #3350 ) ) ;
#6431 = PLANE ( 'NONE',  #4193 ) ;
#6432 = ORIENTED_EDGE ( 'NONE', *, *, #5712, .F. ) ;
#6433 = DIRECTION ( 'NONE',  ( 0.0000000000000000000, 0.0000000000000000000, 1.000000000000000000 ) ) ;
#6434 = ORIENTED_EDGE ( 'NONE', *, *, #4055, .F. ) ;
#6435 = FILL_AREA_STYLE ('',( #4987 ) ) ;
#6436 = FACE_OUTER_BOUND ( 'NONE', #7830, .T. ) ;
#6437 = CARTESIAN_POINT ( 'NONE',  ( -3.899999999999922600, 0.7000001004988012400, -5.200000000000093400 ) ) ;
#6438 =( LENGTH_UNIT ( ) NAMED_UNIT ( * ) SI_UNIT ( .MILLI., .METRE. ) );
#6439 = ORIENTED_EDGE ( 'NONE', *, *, #2858, .T. ) ;
#6440 = FACE_OUTER_BOUND ( 'NONE', #2785, .T. ) ;
#6441 = EDGE_LOOP ( 'NONE', ( #6359, #164, #3171, #3152 ) ) ;
#6442 = LINE ( 'NONE', #5583, #4559 ) ;
#6443 = DIRECTION ( 'NONE',  ( 0.0000000000000000000, 0.0000000000000000000, 1.000000000000000000 ) ) ;
#6444 = ORIENTED_EDGE ( 'NONE', *, *, #2572, .F. ) ;
#6445 = CARTESIAN_POINT ( 'NONE',  ( 0.09994900000000889200, 0.0000000000000000000, 0.5001260000000035100 ) ) ;
#6446 = FILL_AREA_STYLE ('',( #6285 ) ) ;
#6447 = EDGE_LOOP ( 'NONE', ( #6439, #7468, #3234, #2453 ) ) ;
#6448 = SURFACE_STYLE_FILL_AREA ( #2303 ) ;
#6449 = AXIS2_PLACEMENT_3D ( 'NONE', #2114, #1831, #1376 ) ;
#6450 = FACE_OUTER_BOUND ( 'NONE', #6441, .T. ) ;
#6451 = VECTOR ( 'NONE', #6690, 1000.000000000000000 ) ;
#6452 = CARTESIAN_POINT ( 'NONE',  ( -11.10000000000004900, 1.399999999999953300, 4.999999999999871200 ) ) ;
#6453 = VERTEX_POINT ( 'NONE', #810 ) ;
#6454 = EDGE_CURVE ( 'NONE', #8896, #2050, #6026, .T. ) ;
#6455 = LINE ( 'NONE', #7873, #6223 ) ;
#6456 = CARTESIAN_POINT ( 'NONE',  ( -0.6000049999999902400, 0.0000000000000000000, 0.0000000000000000000 ) ) ;
#6457 = FACE_OUTER_BOUND ( 'NONE', #1824, .T. ) ;
#6458 = DIRECTION ( 'NONE',  ( 0.0000000000000000000, -3.469446951953484000E-015, -1.000000000000000000 ) ) ;
#6459 = ORIENTED_EDGE ( 'NONE', *, *, #5590, .T. ) ;
#6460 = EDGE_CURVE ( 'NONE', #7752, #6638, #7906, .T. ) ;
#6461 = AXIS2_PLACEMENT_3D ( 'NONE', #3974, #3279, #8273 ) ;
#6462 = DIRECTION ( 'NONE',  ( 0.0000000000000000000, 0.0000000000000000000, 1.000000000000000000 ) ) ;
#6463 = FILL_AREA_STYLE_COLOUR ( '', #8911 ) ;
#6464 = LINE ( 'NONE', #1173, #725 ) ;
#6465 = CARTESIAN_POINT ( 'NONE',  ( 5.300091000000000100, 0.0000000000000000000, -4.649977999999984800 ) ) ;
#6466 = VECTOR ( 'NONE', #3233, 1000.000000000000000 ) ;
#6467 = DIRECTION ( 'NONE',  ( -6.123233995736766000E-017, -1.000000000000000000, 3.469446951953484000E-015 ) ) ;
#6468 = ORIENTED_EDGE ( 'NONE', *, *, #4564, .F. ) ;
#6469 = CARTESIAN_POINT ( 'NONE',  ( 0.3999230000000034100, 0.0000000000000000000, 3.899916000000017000 ) ) ;
#6470 = SURFACE_STYLE_USAGE ( .BOTH. , #6500 ) ;
#6471 = EDGE_LOOP ( 'NONE', ( #4944, #1108, #5227, #1587 ) ) ;
#6472 = ORIENTED_EDGE ( 'NONE', *, *, #4357, .F. ) ;
#6473 = FILL_AREA_STYLE_COLOUR ( '', #3306 ) ;
#6474 = DIRECTION ( 'NONE',  ( 0.0000000000000000000, 0.0000000000000000000, 1.000000000000000000 ) ) ;
#6475 = VECTOR ( 'NONE', #2235, 1000.000000000000000 ) ;
#6476 = CARTESIAN_POINT ( 'NONE',  ( -4.600004999999991500, 0.0000000000000000000, 0.0000000000000000000 ) ) ;
#6477 = SURFACE_SIDE_STYLE ('',( #6300 ) ) ;
#6478 = AXIS2_PLACEMENT_3D ( 'NONE', #2037, #3510, #8513 ) ;
#6479 = CARTESIAN_POINT ( 'NONE',  ( -11.19999999999992600, 0.9000000000000084600, -5.000000000000093300 ) ) ;
#6480 = EDGE_CURVE ( 'NONE', #6922, #7657, #6248, .T. ) ;
#6481 = ORIENTED_EDGE ( 'NONE', *, *, #3751, .T. ) ;
#6482 = PLANE ( 'NONE',  #4651 ) ;
#6483 = ORIENTED_EDGE ( 'NONE', *, *, #8270, .T. ) ;
#6484 = DIRECTION ( 'NONE',  ( -1.000000000000000000, 0.0000000000000000000, -0.0000000000000000000 ) ) ;
#6485 = LINE ( 'NONE', #6033, #978 ) ;
#6486 = MECHANICAL_DESIGN_GEOMETRIC_PRESENTATION_REPRESENTATION (  '', ( #5077 ), #6939 ) ;
#6487 = DIRECTION ( 'NONE',  ( 0.0000000000000000000, 0.0000000000000000000, -1.000000000000000000 ) ) ;
#6488 =( GEOMETRIC_REPRESENTATION_CONTEXT ( 3 ) GLOBAL_UNCERTAINTY_ASSIGNED_CONTEXT ( ( #687 ) ) GLOBAL_UNIT_ASSIGNED_CONTEXT ( ( #6897, #6415, #6804 ) ) REPRESENTATION_CONTEXT ( 'NONE', 'WORKASPACE' ) );
#6489 = PRESENTATION_STYLE_ASSIGNMENT (( #5206 ) ) ;
#6490 = ORIENTED_EDGE ( 'NONE', *, *, #8974, .T. ) ;
#6491 = DIRECTION ( 'NONE',  ( 1.000000000000000000, 0.0000000000000000000, 0.0000000000000000000 ) ) ;
#6492 = VECTOR ( 'NONE', #2732, 1000.000000000000000 ) ;
#6493 = CARTESIAN_POINT ( 'NONE',  ( -3.000004999999990500, 0.0000000000000000000, 0.0000000000000000000 ) ) ;
#6494 = LINE ( 'NONE', #143, #2692 ) ;
#6495 = CARTESIAN_POINT ( 'NONE',  ( 0.0000000000000000000, 0.0000000000000000000, 4.649977999999984800 ) ) ;
#6496 = ORIENTED_EDGE ( 'NONE', *, *, #8144, .F. ) ;
#6497 = AXIS2_PLACEMENT_3D ( 'NONE', #7276, #7043, #7007 ) ;
#6498 = SURFACE_SIDE_STYLE ('',( #5806 ) ) ;
#6499 = CARTESIAN_POINT ( 'NONE',  ( 1.449958999999993800, 0.7500000000000000000, 5.100066000000028400 ) ) ;
#6500 = SURFACE_SIDE_STYLE ('',( #4273 ) ) ;
#6501 = AXIS2_PLACEMENT_3D ( 'NONE', #8046, #7940, #7870 ) ;
#6502 = LINE ( 'NONE', #9044, #3938 ) ;
#6503 = PLANE ( 'NONE',  #7827 ) ;
#6504 = DIRECTION ( 'NONE',  ( -1.000000000000000000, 0.0000000000000000000, 0.0000000000000000000 ) ) ;
#6505 = VERTEX_POINT ( 'NONE', #3738 ) ;
#6506 = CARTESIAN_POINT ( 'NONE',  ( 8.772996778704309100, 0.8999999999998965500, 4.124999999999937800 ) ) ;
#6507 = DIRECTION ( 'NONE',  ( 1.000000000000000000, 0.0000000000000000000, 0.0000000000000000000 ) ) ;
#6508 = DIRECTION ( 'NONE',  ( 1.000000000000000000, 0.0000000000000000000, -0.0000000000000000000 ) ) ;
#6509 = DIRECTION ( 'NONE',  ( 0.0000000000000000000, 0.0000000000000000000, 1.000000000000000000 ) ) ;
#6510 = CARTESIAN_POINT ( 'NONE',  ( -3.350000000000014300, 0.9000001009055961200, 5.199999999999871400 ) ) ;
#6511 = PRESENTATION_STYLE_ASSIGNMENT (( #6636 ) ) ;
#6512 = LINE ( 'NONE', #1509, #2709 ) ;
#6513 =( NAMED_UNIT ( * ) SI_UNIT ( $, .STERADIAN. ) SOLID_ANGLE_UNIT ( ) );
#6514 = AXIS2_PLACEMENT_3D ( 'NONE', #7864, #7874, #7944 ) ;
#6515 = VECTOR ( 'NONE', #4888, 1000.000000000000000 ) ;
#6516 = CARTESIAN_POINT ( 'NONE',  ( 8.772996778704309100, 0.8999999999998679100, -4.125000000000041700 ) ) ;
#6517 = ORIENTED_EDGE ( 'NONE', *, *, #5691, .T. ) ;
#6518 = EDGE_LOOP ( 'NONE', ( #4458, #5646, #4673, #1046 ) ) ;
#6519 = ORIENTED_EDGE ( 'NONE', *, *, #8165, .F. ) ;
#6520 = CARTESIAN_POINT ( 'NONE',  ( -10.45000000000001000, 0.6000000000000415000, -17.92388274267673500 ) ) ;
#6521 = CARTESIAN_POINT ( 'NONE',  ( 1.449958999999993800, 0.7600000000000000100, 5.000066000000027900 ) ) ;
#6522 = PLANE ( 'NONE',  #3660 ) ;
#6523 = VERTEX_POINT ( 'NONE', #4460 ) ;
#6524 = UNCERTAINTY_MEASURE_WITH_UNIT (LENGTH_MEASURE( 1.000000000000000100E-005 ), #486, 'distance_accuracy_value', 'NONE');
#6525 = PRESENTATION_LAYER_ASSIGNMENT (  '', '', ( #5587 ) ) ;
#6526 = DIRECTION ( 'NONE',  ( 0.0000000000000000000, 1.000000000000000000, 0.0000000000000000000 ) ) ;
#6527 = FILL_AREA_STYLE ('',( #6951 ) ) ;
#6528 = SURFACE_STYLE_FILL_AREA ( #4477 ) ;
#6529 = VERTEX_POINT ( 'NONE', #109 ) ;
#6530 = EDGE_CURVE ( 'NONE', #6970, #7321, #1993, .T. ) ;
#6531 = ORIENTED_EDGE ( 'NONE', *, *, #6393, .F. ) ;
#6532 = CARTESIAN_POINT ( 'NONE',  ( 0.0000000000000000000, 0.0000000000000000000, -4.649977999999984800 ) ) ;
#6533 = CARTESIAN_POINT ( 'NONE',  ( -7.800004999999990800, 0.0000000000000000000, -5.550153999999987600 ) ) ;
#6534 = CARTESIAN_POINT ( 'NONE',  ( -3.676393202613736500, 0.9000001009056065600, -5.000000000000093300 ) ) ;
#6535 =( NAMED_UNIT ( * ) SI_UNIT ( $, .STERADIAN. ) SOLID_ANGLE_UNIT ( ) );
#6536 = ORIENTED_EDGE ( 'NONE', *, *, #5228, .T. ) ;
#6537 = DIRECTION ( 'NONE',  ( 0.0000000000000000000, -0.0000000000000000000, -1.000000000000000000 ) ) ;
#6538 = DIRECTION ( 'NONE',  ( -1.000000000000000000, 0.0000000000000000000, 0.0000000000000000000 ) ) ;
#6539 = MECHANICAL_DESIGN_GEOMETRIC_PRESENTATION_REPRESENTATION (  '', ( #5134 ), #7001 ) ;
#6540 = FACE_OUTER_BOUND ( 'NONE', #5213, .T. ) ;
#6541 = ORIENTED_EDGE ( 'NONE', *, *, #894, .F. ) ;
#6542 = EDGE_LOOP ( 'NONE', ( #3102, #3544, #5674, #6106 ) ) ;
#6543 =( NAMED_UNIT ( * ) PLANE_ANGLE_UNIT ( ) SI_UNIT ( $, .RADIAN. ) );
#6544 = EDGE_LOOP ( 'NONE', ( #3563, #1169, #2658, #3327 ) ) ;
#6545 = DIRECTION ( 'NONE',  ( -0.0000000000000000000, 1.000000000000000000, -0.0000000000000000000 ) ) ;
#6546 = CARTESIAN_POINT ( 'NONE',  ( -3.350000000000014300, 0.9000001009055952400, -17.92388274267673500 ) ) ;
#6547 = EDGE_CURVE ( 'NONE', #6037, #8749, #3911, .T. ) ;
#6548 = EDGE_CURVE ( 'NONE', #2749, #6021, #7471, .T. ) ;
#6549 = ORIENTED_EDGE ( 'NONE', *, *, #4135, .F. ) ;
#6550 = VERTEX_POINT ( 'NONE', #6510 ) ;
#6551 = VERTEX_POINT ( 'NONE', #1503 ) ;
#6552 = VECTOR ( 'NONE', #203, 1000.000000000000000 ) ;
#6553 = DIRECTION ( 'NONE',  ( 0.0000000000000000000, 0.0000000000000000000, 1.000000000000000000 ) ) ;
#6554 = DIRECTION ( 'NONE',  ( -1.000000000000000000, 0.0000000000000000000, 0.0000000000000000000 ) ) ;
#6555 = FACE_BOUND ( 'NONE', #9136, .T. ) ;
#6556 = SURFACE_SIDE_STYLE ('',( #5428 ) ) ;
#6557 = COLOUR_RGB ( '',0.2039215686274509800, 0.2039215686274509800, 0.2039215686274509800 ) ;
#6558 = LINE ( 'NONE', #5004, #2537 ) ;
#6559 = EDGE_LOOP ( 'NONE', ( #1678, #3194 ) ) ;
#6560 = DIRECTION ( 'NONE',  ( 0.0000000000000000000, 1.000000000000000000, 0.0000000000000000000 ) ) ;
#6561 = CARTESIAN_POINT ( 'NONE',  ( 0.5001230000000103100, 0.0000000000000000000, -5.550153999999987600 ) ) ;
#6562 = VECTOR ( 'NONE', #1434, 1000.000000000000000 ) ;
#6563 = CIRCLE ( 'NONE', #558, 0.3000000753742137500 ) ;
#6564 = DIRECTION ( 'NONE',  ( 1.000000000000000000, 0.0000000000000000000, 0.0000000000000000000 ) ) ;
#6565 =( LENGTH_UNIT ( ) NAMED_UNIT ( * ) SI_UNIT ( .MILLI., .METRE. ) );
#6566 = ORIENTED_EDGE ( 'NONE', *, *, #6918, .T. ) ;
#6567 = DIRECTION ( 'NONE',  ( 0.0000000000000000000, 0.0000000000000000000, 1.000000000000000000 ) ) ;
#6568 = STYLED_ITEM ( 'NONE', ( #5902 ), #7904 ) ;
#6569 = AXIS2_PLACEMENT_3D ( 'NONE', #2690, #1356, #1292 ) ;
#6570 = LINE ( 'NONE', #1186, #4689 ) ;
#6571 = LINE ( 'NONE', #8259, #2780 ) ;
#6572 = ORIENTED_EDGE ( 'NONE', *, *, #9186, .F. ) ;
#6573 = ORIENTED_EDGE ( 'NONE', *, *, #5520, .T. ) ;
#6574 = EDGE_CURVE ( 'NONE', #6505, #4249, #5813, .T. ) ;
#6575 = VECTOR ( 'NONE', #119, 1000.000000000000000 ) ;
#6576 = AXIS2_PLACEMENT_3D ( 'NONE', #5869, #4082, #5652 ) ;
#6577 = PRESENTATION_LAYER_ASSIGNMENT (  '', '', ( #6103 ) ) ;
#6578 = CARTESIAN_POINT ( 'NONE',  ( -19.77299677870442100, 0.8999999999998696800, -3.675000000000090900 ) ) ;
#6579 = VERTEX_POINT ( 'NONE', #5802 ) ;
#6580 = CARTESIAN_POINT ( 'NONE',  ( 0.0000000000000000000, 0.0000000000000000000, -5.550153999999987600 ) ) ;
#6581 = LINE ( 'NONE', #3663, #4707 ) ;
#6582 = VECTOR ( 'NONE', #4158, 1000.000000000000100 ) ;
#6583 = UNCERTAINTY_MEASURE_WITH_UNIT (LENGTH_MEASURE( 1.000000000000000100E-005 ), #808, 'distance_accuracy_value', 'NONE');
#6584 = SURFACE_STYLE_FILL_AREA ( #814 ) ;
#6585 = EDGE_LOOP ( 'NONE', ( #7968, #6531, #6745, #6202 ) ) ;
#6586 = DIRECTION ( 'NONE',  ( 0.0000000000000000000, 0.0000000000000000000, 1.000000000000000000 ) ) ;
#6587 = ORIENTED_EDGE ( 'NONE', *, *, #3965, .F. ) ;
#6588 = CARTESIAN_POINT ( 'NONE',  ( 12.00010300000000500, 0.0000000000000000000, 5.750051999999991300 ) ) ;
#6589 = CARTESIAN_POINT ( 'NONE',  ( -9.400004999999991300, 0.0000000000000000000, -5.550153999999987600 ) ) ;
#6590 = DIRECTION ( 'NONE',  ( 0.0000000000000000000, -0.0000000000000000000, 1.000000000000000000 ) ) ;
#6591 = CARTESIAN_POINT ( 'NONE',  ( 0.0000000000000000000, 0.0000000000000000000, -5.550153999999987600 ) ) ;
#6592 = FACE_OUTER_BOUND ( 'NONE', #5874, .T. ) ;
#6593 = ORIENTED_EDGE ( 'NONE', *, *, #4350, .F. ) ;
#6594 = EDGE_CURVE ( 'NONE', #9253, #4346, #3699, .T. ) ;
#6595 = EDGE_CURVE ( 'NONE', #2794, #2749, #7258, .T. ) ;
#6596 = EDGE_CURVE ( 'NONE', #594, #5680, #5384, .T. ) ;
#6597 = VERTEX_POINT ( 'NONE', #1537 ) ;
#6598 = STYLED_ITEM ( 'NONE', ( #4169 ), #1500 ) ;
#6599 = PLANE ( 'NONE',  #3730 ) ;
#6600 = MECHANICAL_DESIGN_GEOMETRIC_PRESENTATION_REPRESENTATION (  '', ( #5208 ), #7072 ) ;
#6601 = VECTOR ( 'NONE', #238, 1000.000000000000000 ) ;
#6602 = VERTEX_POINT ( 'NONE', #7261 ) ;
#6603 = DIRECTION ( 'NONE',  ( -1.000000000000000000, 0.0000000000000000000, 0.0000000000000000000 ) ) ;
#6604 = EDGE_CURVE ( 'NONE', #8821, #3422, #3239, .T. ) ;
#6605 =( NAMED_UNIT ( * ) PLANE_ANGLE_UNIT ( ) SI_UNIT ( $, .RADIAN. ) );
#6606 = CARTESIAN_POINT ( 'NONE',  ( 1.449958999999993800, 0.7600000000000000100, 4.599864000000006400 ) ) ;
#6607 = CARTESIAN_POINT ( 'NONE',  ( -10.20000499999999200, 0.0000000000000000000, 4.649977999999984800 ) ) ;
#6608 = VECTOR ( 'NONE', #8934, 1000.000000000000000 ) ;
#6609 = LINE ( 'NONE', #991, #885 ) ;
#6610 = ORIENTED_EDGE ( 'NONE', *, *, #7194, .F. ) ;
#6611 = CARTESIAN_POINT ( 'NONE',  ( -11.10000000000004900, 1.789999999999999100, -5.000000000000092400 ) ) ;
#6612 = CARTESIAN_POINT ( 'NONE',  ( 0.1000000000000497000, 2.000000000000000000, 4.849999999999909900 ) ) ;
#6613 = STYLED_ITEM ( 'NONE', ( #2270 ), #5376 ) ;
#6614 = DIRECTION ( 'NONE',  ( 0.0000000000000000000, 1.000000000000000000, -0.0000000000000000000 ) ) ;
#6615 = DIRECTION ( 'NONE',  ( 0.0000000000000000000, 1.000000000000000000, -0.0000000000000000000 ) ) ;
#6616 = VERTEX_POINT ( 'NONE', #7956 ) ;
#6617 = FILL_AREA_STYLE_COLOUR ( '', #1746 ) ;
#6618 = SURFACE_STYLE_USAGE ( .BOTH. , #6477 ) ;
#6619 = CIRCLE ( 'NONE', #8590, 0.3500119999999967700 ) ;
#6620 = PLANE ( 'NONE',  #4860 ) ;
#6621 = CARTESIAN_POINT ( 'NONE',  ( -11.79995099999999700, 0.0000000000000000000, 2.549968000000005600 ) ) ;
#6622 = EDGE_CURVE ( 'NONE', #3087, #5871, #5166, .T. ) ;
#6623 = FACE_OUTER_BOUND ( 'NONE', #1161, .T. ) ;
#6624 = FACE_OUTER_BOUND ( 'NONE', #6835, .T. ) ;
#6625 = PLANE ( 'NONE',  #6889 ) ;
#6626 = STYLED_ITEM ( 'NONE', ( #5031 ), #3281 ) ;
#6627 = EDGE_LOOP ( 'NONE', ( #5615, #2266, #6046, #522 ) ) ;
#6628 = EDGE_CURVE ( 'NONE', #5462, #4558, #1549, .T. ) ;
#6629 = ORIENTED_EDGE ( 'NONE', *, *, #3555, .T. ) ;
#6630 = VERTEX_POINT ( 'NONE', #5864 ) ;
#6631 = SURFACE_STYLE_USAGE ( .BOTH. , #1647 ) ;
#6632 = UNCERTAINTY_MEASURE_WITH_UNIT (LENGTH_MEASURE( 1.000000000000000100E-005 ), #7050, 'distance_accuracy_value', 'NONE');
#6633 = FACE_OUTER_BOUND ( 'NONE', #451, .T. ) ;
#6634 = LINE ( 'NONE', #5356, #2860 ) ;
#6635 =( LENGTH_UNIT ( ) NAMED_UNIT ( * ) SI_UNIT ( .MILLI., .METRE. ) );
#6636 = SURFACE_STYLE_USAGE ( .BOTH. , #3795 ) ;
#6637 = DIRECTION ( 'NONE',  ( 0.0000000000000000000, 0.0000000000000000000, 1.000000000000000000 ) ) ;
#6638 = VERTEX_POINT ( 'NONE', #2307 ) ;
#6639 = ORIENTED_EDGE ( 'NONE', *, *, #7676, .T. ) ;
#6640 = ORIENTED_EDGE ( 'NONE', *, *, #5371, .F. ) ;
#6641 = CARTESIAN_POINT ( 'NONE',  ( 0.2499999999998978600, 0.8999999999998965500, 4.124999999999937800 ) ) ;
#6642 =( GEOMETRIC_REPRESENTATION_CONTEXT ( 3 ) GLOBAL_UNCERTAINTY_ASSIGNED_CONTEXT ( ( #8132 ) ) GLOBAL_UNIT_ASSIGNED_CONTEXT ( ( #9071, #4792, #435 ) ) REPRESENTATION_CONTEXT ( 'NONE', 'WORKASPACE' ) );
#6643 = EDGE_CURVE ( 'NONE', #9042, #1857, #8737, .T. ) ;
#6644 = ORIENTED_EDGE ( 'NONE', *, *, #2532, .T. ) ;
#6645 = CARTESIAN_POINT ( 'NONE',  ( -19.77299677870442100, 0.8999999999998696800, -3.675000000000090900 ) ) ;
#6646 = ORIENTED_EDGE ( 'NONE', *, *, #4868, .F. ) ;
#6647 = VERTEX_POINT ( 'NONE', #8757 ) ;
#6648 = DIRECTION ( 'NONE',  ( -1.000000000000000000, 0.0000000000000000000, 0.0000000000000000000 ) ) ;
#6649 = CARTESIAN_POINT ( 'NONE',  ( 0.0000000000000000000, 0.0000000000000000000, -5.550153999999987600 ) ) ;
#6650 =( NAMED_UNIT ( * ) PLANE_ANGLE_UNIT ( ) SI_UNIT ( $, .RADIAN. ) );
#6651 = CARTESIAN_POINT ( 'NONE',  ( 0.0000000000000000000, 0.0000000000000000000, -5.550153999999987600 ) ) ;
#6652 = EDGE_CURVE ( 'NONE', #1060, #1538, #8483, .T. ) ;
#6653 = VECTOR ( 'NONE', #1092, 1000.000000000000000 ) ;
#6654 = STYLED_ITEM ( 'NONE', ( #6084 ), #1133 ) ;
#6655 = PRESENTATION_LAYER_ASSIGNMENT (  '', '', ( #2233 ) ) ;
#6656 = PRESENTATION_STYLE_ASSIGNMENT (( #5107 ) ) ;
#6657 = ORIENTED_EDGE ( 'NONE', *, *, #8282, .T. ) ;
#6658 = VECTOR ( 'NONE', #5557, 1000.000000000000000 ) ;
#6659 = ORIENTED_EDGE ( 'NONE', *, *, #9019, .T. ) ;
#6660 = CARTESIAN_POINT ( 'NONE',  ( 1.149985000000013100, 0.7500000000000000000, 4.499864000000005900 ) ) ;
#6661 = CARTESIAN_POINT ( 'NONE',  ( -19.77299677870442100, 0.8999999999998696800, -3.675000000000090900 ) ) ;
#6662 = ORIENTED_EDGE ( 'NONE', *, *, #6704, .F. ) ;
#6663 = DIRECTION ( 'NONE',  ( -1.000000000000000000, 0.0000000000000000000, 0.0000000000000000000 ) ) ;
#6664 = LINE ( 'NONE', #5333, #6451 ) ;
#6665 = MECHANICAL_DESIGN_GEOMETRIC_PRESENTATION_REPRESENTATION (  '', ( #5729 ), #7150 ) ;
#6666 = ORIENTED_EDGE ( 'NONE', *, *, #6912, .F. ) ;
#6667 = EDGE_CURVE ( 'NONE', #4750, #4235, #1071, .T. ) ;
#6668 = FILL_AREA_STYLE ('',( #5959 ) ) ;
#6669 = VECTOR ( 'NONE', #1421, 1000.000000000000000 ) ;
#6670 = CARTESIAN_POINT ( 'NONE',  ( 3.399995000000009900, 0.0000000000000000000, -5.550153999999987600 ) ) ;
#6671 = ORIENTED_EDGE ( 'NONE', *, *, #7479, .T. ) ;
#6672 = UNCERTAINTY_MEASURE_WITH_UNIT (LENGTH_MEASURE( 1.000000000000000100E-005 ), #5243, 'distance_accuracy_value', 'NONE');
#6673 = FILL_AREA_STYLE_COLOUR ( '', #4333 ) ;
#6674 = LINE ( 'NONE', #1067, #2663 ) ;
#6675 = DIRECTION ( 'NONE',  ( 0.0000000000000000000, 1.000000000000000000, 0.0000000000000000000 ) ) ;
#6676 = EDGE_LOOP ( 'NONE', ( #3868, #3631 ) ) ;
#6677 = DIRECTION ( 'NONE',  ( -0.0000000000000000000, -0.0000000000000000000, -1.000000000000000000 ) ) ;
#6678 = DIRECTION ( 'NONE',  ( 0.0000000000000000000, 0.0000000000000000000, -1.000000000000000000 ) ) ;
#6679 = STYLED_ITEM ( 'NONE', ( #1433 ), #2977 ) ;
#6680 = ORIENTED_EDGE ( 'NONE', *, *, #3478, .F. ) ;
#6681 = ORIENTED_EDGE ( 'NONE', *, *, #381, .T. ) ;
#6682 = VECTOR ( 'NONE', #5791, 1000.000000000000000 ) ;
#6683 =( LENGTH_UNIT ( ) NAMED_UNIT ( * ) SI_UNIT ( .MILLI., .METRE. ) );
#6684 = EDGE_CURVE ( 'NONE', #2086, #6328, #4698, .T. ) ;
#6685 = CARTESIAN_POINT ( 'NONE',  ( 7.000113000000009600, 0.5200000000000000200, 4.999990000000023500 ) ) ;
#6686 = ORIENTED_EDGE ( 'NONE', *, *, #6006, .F. ) ;
#6687 = MECHANICAL_DESIGN_GEOMETRIC_PRESENTATION_REPRESENTATION (  '', ( #5299 ), #7184 ) ;
#6688 = CARTESIAN_POINT ( 'NONE',  ( -7.649999999999985300, 0.9000000000000093500, 4.999999999999871200 ) ) ;
#6689 =( LENGTH_UNIT ( ) NAMED_UNIT ( * ) SI_UNIT ( .MILLI., .METRE. ) );
#6690 = DIRECTION ( 'NONE',  ( 0.0000000000000000000, 0.0000000000000000000, 1.000000000000000000 ) ) ;
#6691 = SURFACE_STYLE_USAGE ( .BOTH. , #1710 ) ;
#6692 = EDGE_CURVE ( 'NONE', #1181, #5387, #2790, .T. ) ;
#6693 = VERTEX_POINT ( 'NONE', #2339 ) ;
#6694 = CARTESIAN_POINT ( 'NONE',  ( -11.25000000000000900, 0.8999999999998999900, 4.949999999999902500 ) ) ;
#6695 = EDGE_CURVE ( 'NONE', #1944, #6505, #8250, .T. ) ;
#6696 = LINE ( 'NONE', #3034, #3147 ) ;
#6697 = EDGE_CURVE ( 'NONE', #1028, #925, #4482, .T. ) ;
#6698 = FACE_OUTER_BOUND ( 'NONE', #8912, .T. ) ;
#6699 = LINE ( 'NONE', #4406, #5832 ) ;
#6700 = EDGE_LOOP ( 'NONE', ( #6730, #5334, #5760, #675 ) ) ;
#6701 = SURFACE_STYLE_USAGE ( .BOTH. , #1721 ) ;
#6702 = CARTESIAN_POINT ( 'NONE',  ( 0.0000000000000000000, 0.0000000000000000000, 4.649977999999984800 ) ) ;
#6703 = FACE_OUTER_BOUND ( 'NONE', #4736, .T. ) ;
#6704 = EDGE_CURVE ( 'NONE', #6961, #6800, #8026, .T. ) ;
#6705 = FACE_OUTER_BOUND ( 'NONE', #581, .T. ) ;
#6706 = VERTEX_POINT ( 'NONE', #6621 ) ;
#6707 = DIRECTION ( 'NONE',  ( 0.0000000000000000000, -1.000000000000000000, 0.0000000000000000000 ) ) ;
#6708 = AXIS2_PLACEMENT_3D ( 'NONE', #3733, #1853, #1836 ) ;
#6709 = DIRECTION ( 'NONE',  ( 0.0000000000000000000, 0.0000000000000000000, 1.000000000000000000 ) ) ;
#6710 =( GEOMETRIC_REPRESENTATION_CONTEXT ( 3 ) GLOBAL_UNCERTAINTY_ASSIGNED_CONTEXT ( ( #3056 ) ) GLOBAL_UNIT_ASSIGNED_CONTEXT ( ( #1808, #4229, #7309 ) ) REPRESENTATION_CONTEXT ( 'NONE', 'WORKASPACE' ) );
#6711 = FILL_AREA_STYLE_COLOUR ( '', #3505 ) ;
#6712 = EDGE_CURVE ( 'NONE', #8443, #3518, #384, .T. ) ;
#6713 = LINE ( 'NONE', #4802, #1215 ) ;
#6714 = FACE_OUTER_BOUND ( 'NONE', #8292, .T. ) ;
#6715 = LINE ( 'NONE', #1975, #1000 ) ;
#6716 = CARTESIAN_POINT ( 'NONE',  ( -8.299876999999989700, 0.0000000000000000000, -0.0000000000000000000 ) ) ;
#6717 = SURFACE_STYLE_USAGE ( .BOTH. , #705 ) ;
#6718 = CARTESIAN_POINT ( 'NONE',  ( -4.123606797386163900, 0.9000001009055440500, -5.200000000000093400 ) ) ;
#6719 = VECTOR ( 'NONE', #2008, 1000.000000000000000 ) ;
#6720 = SURFACE_STYLE_USAGE ( .BOTH. , #6498 ) ;
#6721 = VERTEX_POINT ( 'NONE', #3081 ) ;
#6722 = CIRCLE ( 'NONE', #8137, 0.3500119999999958800 ) ;
#6723 = ORIENTED_EDGE ( 'NONE', *, *, #7012, .T. ) ;
#6724 = MECHANICAL_DESIGN_GEOMETRIC_PRESENTATION_REPRESENTATION (  '', ( #5341 ), #7228 ) ;
#6725 = MECHANICAL_DESIGN_GEOMETRIC_PRESENTATION_REPRESENTATION (  '', ( #5342 ), #7230 ) ;
#6726 = CARTESIAN_POINT ( 'NONE',  ( -6.876393202613789900, 0.9000001009055423900, -17.92388274267673500 ) ) ;
#6727 = CYLINDRICAL_SURFACE ( 'NONE', #6401, 0.3000000753742141400 ) ;
#6728 = DIRECTION ( 'NONE',  ( 0.0000000000000000000, 0.0000000000000000000, 1.000000000000000000 ) ) ;
#6729 = UNCERTAINTY_MEASURE_WITH_UNIT (LENGTH_MEASURE( 1.000000000000000100E-005 ), #6336, 'distance_accuracy_value', 'NONE');
#6730 = ORIENTED_EDGE ( 'NONE', *, *, #5997, .F. ) ;
#6731 = EDGE_CURVE ( 'NONE', #5657, #2415, #6131, .T. ) ;
#6732 = ORIENTED_EDGE ( 'NONE', *, *, #8493, .T. ) ;
#6733 = EDGE_LOOP ( 'NONE', ( #6010, #5578, #9174, #6762 ) ) ;
#6734 = VERTEX_POINT ( 'NONE', #8783 ) ;
#6735 = DIRECTION ( 'NONE',  ( -1.000000000000000000, 0.0000000000000000000, 0.0000000000000000000 ) ) ;
#6736 = FILL_AREA_STYLE ('',( #5718 ) ) ;
#6737 = STYLED_ITEM ( 'NONE', ( #6656 ), #3489 ) ;
#6738 = ORIENTED_EDGE ( 'NONE', *, *, #9344, .T. ) ;
#6739 = DIRECTION ( 'NONE',  ( 0.0000000000000000000, 0.0000000000000000000, 1.000000000000000000 ) ) ;
#6740 = VECTOR ( 'NONE', #1040, 1000.000000000000000 ) ;
#6741 =( GEOMETRIC_REPRESENTATION_CONTEXT ( 3 ) GLOBAL_UNCERTAINTY_ASSIGNED_CONTEXT ( ( #8119 ) ) GLOBAL_UNIT_ASSIGNED_CONTEXT ( ( #4938, #574, #5628 ) ) REPRESENTATION_CONTEXT ( 'NONE', 'WORKASPACE' ) );
#6742 = VERTEX_POINT ( 'NONE', #913 ) ;
#6743 = ORIENTED_EDGE ( 'NONE', *, *, #5114, .F. ) ;
#6744 = PLANE ( 'NONE',  #2971 ) ;
#6745 = ORIENTED_EDGE ( 'NONE', *, *, #6096, .F. ) ;
#6746 = CARTESIAN_POINT ( 'NONE',  ( 0.1000000000000497000, 1.790000000000000000, -5.000000000000092400 ) ) ;
#6747 = LINE ( 'NONE', #6546, #1266 ) ;
#6748 =( NAMED_UNIT ( * ) PLANE_ANGLE_UNIT ( ) SI_UNIT ( $, .RADIAN. ) );
#6749 = ORIENTED_EDGE ( 'NONE', *, *, #1580, .T. ) ;
#6750 = ORIENTED_EDGE ( 'NONE', *, *, #2308, .F. ) ;
#6751 = CARTESIAN_POINT ( 'NONE',  ( 4.000118999999989100, 0.8199999999999999500, -0.1501140000000206200 ) ) ;
#6752 = ORIENTED_EDGE ( 'NONE', *, *, #9021, .T. ) ;
#6753 = EDGE_CURVE ( 'NONE', #7480, #4024, #4941, .T. ) ;
#6754 = FACE_BOUND ( 'NONE', #7077, .T. ) ;
#6755 = FILL_AREA_STYLE ('',( #6473 ) ) ;
#6756 = LINE ( 'NONE', #3443, #8453 ) ;
#6757 = EDGE_CURVE ( 'NONE', #1081, #6796, #5917, .T. ) ;
#6758 = LINE ( 'NONE', #8022, #8710 ) ;
#6759 = DIRECTION ( 'NONE',  ( 0.0000000000000000000, 0.0000000000000000000, -1.000000000000000000 ) ) ;
#6760 = PLANE ( 'NONE',  #5521 ) ;
#6761 = CARTESIAN_POINT ( 'NONE',  ( 5.300091000000000100, 0.0000000000000000000, 5.550153999999987600 ) ) ;
#6762 = ORIENTED_EDGE ( 'NONE', *, *, #4062, .F. ) ;
#6763 = DIRECTION ( 'NONE',  ( 0.0000000000000000000, 1.000000000000000000, -0.0000000000000000000 ) ) ;
#6764 = EDGE_LOOP ( 'NONE', ( #7875, #6662, #5172, #1545 ) ) ;
#6765 = MECHANICAL_DESIGN_GEOMETRIC_PRESENTATION_REPRESENTATION (  '', ( #5379 ), #7272 ) ;
#6766 = ORIENTED_EDGE ( 'NONE', *, *, #3120, .T. ) ;
#6767 = LINE ( 'NONE', #2868, #3221 ) ;
#6768 = DIRECTION ( 'NONE',  ( 0.0000000000000000000, 0.0000000000000000000, 1.000000000000000000 ) ) ;
#6769 = DIRECTION ( 'NONE',  ( 1.000000000000000000, -0.0000000000000000000, -0.0000000000000000000 ) ) ;
#6770 = CARTESIAN_POINT ( 'NONE',  ( 2.049906999999996600, 0.8199999999999999500, 0.05003799999998837000 ) ) ;
#6771 = ORIENTED_EDGE ( 'NONE', *, *, #955, .T. ) ;
#6772 = ORIENTED_EDGE ( 'NONE', *, *, #8447, .F. ) ;
#6773 = CARTESIAN_POINT ( 'NONE',  ( 4.600067000000006300, 0.8199999999999999500, -0.1501140000000206200 ) ) ;
#6774 = SURFACE_STYLE_FILL_AREA ( #8145 ) ;
#6775 = LINE ( 'NONE', #1958, #841 ) ;
#6776 = AXIS2_PLACEMENT_3D ( 'NONE', #7645, #7615, #7590 ) ;
#6777 = CARTESIAN_POINT ( 'NONE',  ( -11.19999999999992600, 1.399999999999954200, -5.000000000000093300 ) ) ;
#6779 = ORIENTED_EDGE ( 'NONE', *, *, #3525, .T. ) ;
#6778 = CARTESIAN_POINT ( 'NONE',  ( -3.000004999999990500, 0.0000000000000000000, 5.550153999999987600 ) ) ;
#6780 = ORIENTED_EDGE ( 'NONE', *, *, #3202, .F. ) ;
#6781 = DIRECTION ( 'NONE',  ( 0.0000000000000000000, 0.0000000000000000000, -1.000000000000000000 ) ) ;
#6782 = MECHANICAL_DESIGN_GEOMETRIC_PRESENTATION_REPRESENTATION (  '', ( #5395 ), #7283 ) ;
#6783 =( LENGTH_UNIT ( ) NAMED_UNIT ( * ) SI_UNIT ( .MILLI., .METRE. ) );
#6785 = DIRECTION ( 'NONE',  ( 0.0000000000000000000, 0.0000000000000000000, 1.000000000000000000 ) ) ;
#6784 = DIRECTION ( 'NONE',  ( -0.0000000000000000000, -1.000000000000000000, -0.0000000000000000000 ) ) ;
#6786 = FACE_OUTER_BOUND ( 'NONE', #698, .T. ) ;
#6787 = VECTOR ( 'NONE', #7995, 1000.000000000000000 ) ;
#6788 = ORIENTED_EDGE ( 'NONE', *, *, #5950, .F. ) ;
#6789 = SURFACE_SIDE_STYLE ('',( #1395 ) ) ;
#6790 = ORIENTED_EDGE ( 'NONE', *, *, #3600, .F. ) ;
#6791 = CARTESIAN_POINT ( 'NONE',  ( -3.676393202613736500, 0.9000001009056074500, -5.200000000000093400 ) ) ;
#6792 = CIRCLE ( 'NONE', #6015, 0.3000000000000485100 ) ;
#6793 = DIRECTION ( 'NONE',  ( -1.000000000000000000, 0.0000000000000000000, 0.0000000000000000000 ) ) ;
#6794 = LINE ( 'NONE', #4227, #8036 ) ;
#6795 = AXIS2_PLACEMENT_3D ( 'NONE', #3101, #4124, #4871 ) ;
#6796 = VERTEX_POINT ( 'NONE', #3837 ) ;
#6797 = FILL_AREA_STYLE_COLOUR ( '', #6383 ) ;
#6798 = SURFACE_SIDE_STYLE ('',( #1811 ) ) ;
#6799 = PRESENTATION_STYLE_ASSIGNMENT (( #2285 ) ) ;
#6800 = VERTEX_POINT ( 'NONE', #5948 ) ;
#6801 = VECTOR ( 'NONE', #2026, 1000.000000000000000 ) ;
#6802 = DIRECTION ( 'NONE',  ( 0.0000000000000000000, 3.679716464192890000E-015, 1.000000000000000000 ) ) ;
#6803 = ORIENTED_EDGE ( 'NONE', *, *, #1069, .F. ) ;
#6804 =( NAMED_UNIT ( * ) SI_UNIT ( $, .STERADIAN. ) SOLID_ANGLE_UNIT ( ) );
#6805 = ORIENTED_EDGE ( 'NONE', *, *, #8459, .F. ) ;
#6806 =( NAMED_UNIT ( * ) PLANE_ANGLE_UNIT ( ) SI_UNIT ( $, .RADIAN. ) );
#6807 = AXIS2_PLACEMENT_3D ( 'NONE', #5300, #3155, #8139 ) ;
#6808 = SURFACE_STYLE_FILL_AREA ( #8482 ) ;
#6809 = DIRECTION ( 'NONE',  ( 0.0000000000000000000, 0.0000000000000000000, 1.000000000000000000 ) ) ;
#6810 = LINE ( 'NONE', #1690, #1330 ) ;
#6811 = LINE ( 'NONE', #5563, #8765 ) ;
#6812 = EDGE_CURVE ( 'NONE', #6979, #2502, #5697, .T. ) ;
#6814 =( NAMED_UNIT ( * ) PLANE_ANGLE_UNIT ( ) SI_UNIT ( $, .RADIAN. ) );
#6813 = FILL_AREA_STYLE_COLOUR ( '', #4371 ) ;
#6815 = DIRECTION ( 'NONE',  ( -0.0000000000000000000, 1.000000000000000000, -0.0000000000000000000 ) ) ;
#6816 =( GEOMETRIC_REPRESENTATION_CONTEXT ( 3 ) GLOBAL_UNCERTAINTY_ASSIGNED_CONTEXT ( ( #7549 ) ) GLOBAL_UNIT_ASSIGNED_CONTEXT ( ( #5210, #5239, #4451 ) ) REPRESENTATION_CONTEXT ( 'NONE', 'WORKASPACE' ) );
#6817 = AXIS2_PLACEMENT_3D ( 'NONE', #9234, #1937, #2171 ) ;
#6818 = SURFACE_STYLE_FILL_AREA ( #8667 ) ;
#6819 = SURFACE_STYLE_USAGE ( .BOTH. , #6789 ) ;
#6820 = CYLINDRICAL_SURFACE ( 'NONE', #8747, 0.3000000753742141900 ) ;
#6821 = LINE ( 'NONE', #8886, #4733 ) ;
#6822 = EDGE_CURVE ( 'NONE', #5021, #1180, #162, .T. ) ;
#6823 = DIRECTION ( 'NONE',  ( 0.0000000000000000000, 0.0000000000000000000, -1.000000000000000000 ) ) ;
#6824 = ORIENTED_EDGE ( 'NONE', *, *, #2964, .F. ) ;
#6825 = DIRECTION ( 'NONE',  ( 0.0000000000000000000, 3.252606517456872200E-015, 1.000000000000000000 ) ) ;
#6826 = ORIENTED_EDGE ( 'NONE', *, *, #3174, .T. ) ;
#6827 = DIRECTION ( 'NONE',  ( 0.0000000000000000000, 0.0000000000000000000, 1.000000000000000000 ) ) ;
#6828 = DIRECTION ( 'NONE',  ( 1.000000000000000000, 0.0000000000000000000, 0.0000000000000000000 ) ) ;
#6830 =( GEOMETRIC_REPRESENTATION_CONTEXT ( 3 ) GLOBAL_UNCERTAINTY_ASSIGNED_CONTEXT ( ( #5080 ) ) GLOBAL_UNIT_ASSIGNED_CONTEXT ( ( #4108, #4078, #3753 ) ) REPRESENTATION_CONTEXT ( 'NONE', 'WORKASPACE' ) );
#6829 =( LENGTH_UNIT ( ) NAMED_UNIT ( * ) SI_UNIT ( .MILLI., .METRE. ) );
#6831 = FILL_AREA_STYLE ('',( #6711 ) ) ;
#6832 = EDGE_CURVE ( 'NONE', #8982, #7202, #4009, .T. ) ;
#6833 = EDGE_CURVE ( 'NONE', #6853, #5865, #3809, .T. ) ;
#6834 = CIRCLE ( 'NONE', #1906, 0.2499359999999921600 ) ;
#6835 = EDGE_LOOP ( 'NONE', ( #856, #6146, #3358, #6915 ) ) ;
#6836 = SURFACE_SIDE_STYLE ('',( #4619 ) ) ;
#6837 = DIRECTION ( 'NONE',  ( 0.0000000000000000000, 0.0000000000000000000, -1.000000000000000000 ) ) ;
#6838 = CARTESIAN_POINT ( 'NONE',  ( -11.79995099999999700, 0.0000000000000000000, -5.550153999999987600 ) ) ;
#6839 = ORIENTED_EDGE ( 'NONE', *, *, #5907, .T. ) ;
#6840 = CARTESIAN_POINT ( 'NONE',  ( 4.000118999999989100, 0.8199999999999999500, -0.1501140000000206200 ) ) ;
#6841 = CARTESIAN_POINT ( 'NONE',  ( -11.00010500000001700, 0.0000000000000000000, 0.0000000000000000000 ) ) ;
#6842 = ORIENTED_EDGE ( 'NONE', *, *, #3483, .F. ) ;
#6843 = ORIENTED_EDGE ( 'NONE', *, *, #9297, .T. ) ;
#6844 = ORIENTED_EDGE ( 'NONE', *, *, #563, .T. ) ;
#6846 = DIRECTION ( 'NONE',  ( 0.0000000000000000000, 1.000000000000000000, -0.0000000000000000000 ) ) ;
#6845 =( LENGTH_UNIT ( ) NAMED_UNIT ( * ) SI_UNIT ( .MILLI., .METRE. ) );
#6847 = UNCERTAINTY_MEASURE_WITH_UNIT (LENGTH_MEASURE( 1.000000000000000100E-005 ), #5130, 'distance_accuracy_value', 'NONE');
#6848 = CARTESIAN_POINT ( 'NONE',  ( -11.25000000000000900, 0.5249999999998814500, 3.674999999999878100 ) ) ;
#6849 = LINE ( 'NONE', #4233, #3082 ) ;
#6850 = STYLED_ITEM ( 'NONE', ( #6035 ), #2842 ) ;
#6851 = ORIENTED_EDGE ( 'NONE', *, *, #5626, .F. ) ;
#6852 = CARTESIAN_POINT ( 'NONE',  ( -11.25000000000000900, 1.399999999999844000, 4.849999999999911700 ) ) ;
#6853 = VERTEX_POINT ( 'NONE', #8874 ) ;
#6854 = ORIENTED_EDGE ( 'NONE', *, *, #4337, .F. ) ;
#6855 = FILL_AREA_STYLE_COLOUR ( '', #7858 ) ;
#6856 = CARTESIAN_POINT ( 'NONE',  ( -2.699876999999989200, 0.0000000000000000000, -5.550153999999987600 ) ) ;
#6857 = EDGE_CURVE ( 'NONE', #6505, #6037, #9065, .T. ) ;
#6858 = VECTOR ( 'NONE', #8189, 1000.000000000000000 ) ;
#6859 = ORIENTED_EDGE ( 'NONE', *, *, #6833, .T. ) ;
#6860 = ORIENTED_EDGE ( 'NONE', *, *, #2474, .F. ) ;
#6861 = CARTESIAN_POINT ( 'NONE',  ( 0.1000000000000497000, 1.789999999999999100, 5.199999999999871400 ) ) ;
#6862 = AXIS2_PLACEMENT_3D ( 'NONE', #654, #5386, #9210 ) ;
#6863 =( LENGTH_UNIT ( ) NAMED_UNIT ( * ) SI_UNIT ( .MILLI., .METRE. ) );
#6864 = PRESENTATION_LAYER_ASSIGNMENT (  '', '', ( #5464 ) ) ;
#6865 = ORIENTED_EDGE ( 'NONE', *, *, #8877, .F. ) ;
#6866 = FACE_BOUND ( 'NONE', #917, .T. ) ;
#6867 = ORIENTED_EDGE ( 'NONE', *, *, #2433, .F. ) ;
#6868 = FACE_OUTER_BOUND ( 'NONE', #7818, .T. ) ;
#6869 = EDGE_CURVE ( 'NONE', #2131, #144, #5476, .T. ) ;
#6870 = DIRECTION ( 'NONE',  ( 0.0000000000000000000, 1.000000000000000000, 0.0000000000000000000 ) ) ;
#6871 = ORIENTED_EDGE ( 'NONE', *, *, #1483, .T. ) ;
#6872 = PLANE ( 'NONE',  #6414 ) ;
#6873 = EDGE_CURVE ( 'NONE', #3422, #5337, #5268, .T. ) ;
#6874 = CARTESIAN_POINT ( 'NONE',  ( 0.5001230000000103100, 0.0000000000000000000, 0.0000000000000000000 ) ) ;
#6875 = EDGE_CURVE ( 'NONE', #4197, #7420, #3335, .T. ) ;
#6876 = CARTESIAN_POINT ( 'NONE',  ( 0.0000000000000000000, 0.0000000000000000000, 0.0000000000000000000 ) ) ;
#6877 = VECTOR ( 'NONE', #6050, 1000.000000000000000 ) ;
#6878 = CARTESIAN_POINT ( 'NONE',  ( 0.3999230000000034100, -5.000000000000000000, -3.900170000000022300 ) ) ;
#6879 = ORIENTED_EDGE ( 'NONE', *, *, #6574, .T. ) ;
#6880 = EDGE_CURVE ( 'NONE', #1798, #5913, #9310, .T. ) ;
#6881 = EDGE_CURVE ( 'NONE', #902, #2216, #8843, .T. ) ;
#6882 =( LENGTH_UNIT ( ) NAMED_UNIT ( * ) SI_UNIT ( .MILLI., .METRE. ) );
#6883 = VERTEX_POINT ( 'NONE', #5347 ) ;
#6884 = COLOUR_RGB ( '',1.000000000000000000, 1.000000000000000000, 1.000000000000000000 ) ;
#6885 =( NAMED_UNIT ( * ) SI_UNIT ( $, .STERADIAN. ) SOLID_ANGLE_UNIT ( ) );
#6886 = LINE ( 'NONE', #2891, #6669 ) ;
#6887 = CARTESIAN_POINT ( 'NONE',  ( -7.649999999999985300, 0.9000000000000093500, 4.999999999999871200 ) ) ;
#6888 = PRESENTATION_LAYER_ASSIGNMENT (  '', '', ( #5953 ) ) ;
#6889 = AXIS2_PLACEMENT_3D ( 'NONE', #4367, #6614, #6586 ) ;
#6890 = VERTEX_POINT ( 'NONE', #1754 ) ;
#6891 = DIRECTION ( 'NONE',  ( 0.0000000000000000000, 1.000000000000000000, -0.0000000000000000000 ) ) ;
#6892 = LINE ( 'NONE', #2846, #7892 ) ;
#6893 = VECTOR ( 'NONE', #4617, 1000.000000000000000 ) ;
#6894 = PLANE ( 'NONE',  #1312 ) ;
#6895 = ORIENTED_EDGE ( 'NONE', *, *, #6731, .T. ) ;
#6896 = VERTEX_POINT ( 'NONE', #3201 ) ;
#6897 =( LENGTH_UNIT ( ) NAMED_UNIT ( * ) SI_UNIT ( .MILLI., .METRE. ) );
#6898 = FACE_OUTER_BOUND ( 'NONE', #3539, .T. ) ;
#6899 =( LENGTH_UNIT ( ) NAMED_UNIT ( * ) SI_UNIT ( .MILLI., .METRE. ) );
#6900 = LINE ( 'NONE', #5660, #5050 ) ;
#6901 = VECTOR ( 'NONE', #1460, 1000.000000000000000 ) ;
#6902 = SURFACE_SIDE_STYLE ('',( #2168 ) ) ;
#6903 = CARTESIAN_POINT ( 'NONE',  ( -5.699886999999994200, 0.0000000000000000000, 3.299967999999972700 ) ) ;
#6904 = PRESENTATION_LAYER_ASSIGNMENT (  '', '', ( #5965 ) ) ;
#6905 = PRESENTATION_STYLE_ASSIGNMENT (( #8631 ) ) ;
#6906 = VERTEX_POINT ( 'NONE', #2480 ) ;
#6907 = DIRECTION ( 'NONE',  ( 0.0000000000000000000, 0.0000000000000000000, 1.000000000000000000 ) ) ;
#6908 = EDGE_LOOP ( 'NONE', ( #5018, #4419, #1684, #8618 ) ) ;
#6909 = UNCERTAINTY_MEASURE_WITH_UNIT (LENGTH_MEASURE( 1.000000000000000100E-005 ), #7708, 'distance_accuracy_value', 'NONE');
#6910 = SURFACE_STYLE_FILL_AREA ( #635 ) ;
#6911 =( NAMED_UNIT ( * ) PLANE_ANGLE_UNIT ( ) SI_UNIT ( $, .RADIAN. ) );
#6912 = EDGE_CURVE ( 'NONE', #3437, #3164, #4812, .T. ) ;
#6913 = CARTESIAN_POINT ( 'NONE',  ( 3.399995000000009900, 0.0000000000000000000, -0.0000000000000000000 ) ) ;
#6914 = CARTESIAN_POINT ( 'NONE',  ( -11.25000000000000900, 0.8999999999998947700, 3.674999999999876400 ) ) ;
#6915 = ORIENTED_EDGE ( 'NONE', *, *, #4408, .T. ) ;
#6916 = SURFACE_STYLE_USAGE ( .BOTH. , #1924 ) ;
#6917 = STYLED_ITEM ( 'NONE', ( #4466 ), #3394 ) ;
#6918 = EDGE_CURVE ( 'NONE', #7722, #8721, #2909, .T. ) ;
#6919 = SURFACE_STYLE_FILL_AREA ( #7193 ) ;
#6920 = AXIS2_PLACEMENT_3D ( 'NONE', #4033, #9058, #4771 ) ;
#6921 = PLANE ( 'NONE',  #2938 ) ;
#6922 = VERTEX_POINT ( 'NONE', #4640 ) ;
#6923 = ORIENTED_EDGE ( 'NONE', *, *, #1375, .T. ) ;
#6924 = CARTESIAN_POINT ( 'NONE',  ( -11.25000000000000900, 0.8999999999998956600, 3.674999999999876400 ) ) ;
#6925 = FILL_AREA_STYLE_COLOUR ( '', #899 ) ;
#6926 = FACE_BOUND ( 'NONE', #6117, .T. ) ;
#6927 = VECTOR ( 'NONE', #3745, 1000.000000000000000 ) ;
#6928 = COLOUR_RGB ( '',1.000000000000000000, 1.000000000000000000, 1.000000000000000000 ) ;
#6929 = DIRECTION ( 'NONE',  ( 0.0000000000000000000, 0.0000000000000000000, 1.000000000000000000 ) ) ;
#6930 = SURFACE_STYLE_USAGE ( .BOTH. , #6962 ) ;
#6931 = PRODUCT_DEFINITION ( 'UNKNOWN', '', #7431, #7411 ) ;
#6932 =( NAMED_UNIT ( * ) PLANE_ANGLE_UNIT ( ) SI_UNIT ( $, .RADIAN. ) );
#6933 = DIRECTION ( 'NONE',  ( -0.0000000000000000000, 1.000000000000000000, -0.0000000000000000000 ) ) ;
#6934 = DIRECTION ( 'NONE',  ( -0.5547001962252290400, 0.8320502943378437200, 5.094838648452266700E-017 ) ) ;
#6935 = EDGE_CURVE ( 'NONE', #144, #6630, #1175, .T. ) ;
#6936 = VECTOR ( 'NONE', #2326, 1000.000000000000000 ) ;
#6937 = CARTESIAN_POINT ( 'NONE',  ( 0.1999950000000100800, 0.0000000000000000000, -0.0000000000000000000 ) ) ;
#6938 = SURFACE_STYLE_FILL_AREA ( #1809 ) ;
#6939 =( GEOMETRIC_REPRESENTATION_CONTEXT ( 3 ) GLOBAL_UNCERTAINTY_ASSIGNED_CONTEXT ( ( #4162 ) ) GLOBAL_UNIT_ASSIGNED_CONTEXT ( ( #5496, #5560, #7091 ) ) REPRESENTATION_CONTEXT ( 'NONE', 'WORKASPACE' ) );
#6940 = CARTESIAN_POINT ( 'NONE',  ( 3.200019000000005500, 0.8199999999999999500, -0.1501140000000206200 ) ) ;
#6941 = DIRECTION ( 'NONE',  ( -0.0000000000000000000, -1.000000000000000000, 0.0000000000000000000 ) ) ;
#6942 = EDGE_CURVE ( 'NONE', #1257, #4085, #8360, .T. ) ;
#6943 = FACE_OUTER_BOUND ( 'NONE', #4746, .T. ) ;
#6944 = CARTESIAN_POINT ( 'NONE',  ( -11.10000000000004900, 1.799999999999999600, 5.199999999999871400 ) ) ;
#6945 = LINE ( 'NONE', #3388, #1227 ) ;
#6946 = ORIENTED_EDGE ( 'NONE', *, *, #4581, .F. ) ;
#6947 = CARTESIAN_POINT ( 'NONE',  ( 0.0000000000000000000, 0.0000000000000000000, 0.6498399999999905400 ) ) ;
#6948 = CARTESIAN_POINT ( 'NONE',  ( -12.00010300000000500, 0.0000000000000000000, -5.750051999999991300 ) ) ;
#6949 = ORIENTED_EDGE ( 'NONE', *, *, #4218, .F. ) ;
#6950 = CARTESIAN_POINT ( 'NONE',  ( -9.899876999999989400, 0.0000000000000000000, -4.649977999999984800 ) ) ;
#6951 = FILL_AREA_STYLE_COLOUR ( '', #7392 ) ;
#6952 = ORIENTED_EDGE ( 'NONE', *, *, #5482, .T. ) ;
#6953 =( LENGTH_UNIT ( ) NAMED_UNIT ( * ) SI_UNIT ( .MILLI., .METRE. ) );
#6954 =( NAMED_UNIT ( * ) SI_UNIT ( $, .STERADIAN. ) SOLID_ANGLE_UNIT ( ) );
#6955 = DIRECTION ( 'NONE',  ( 0.0000000000000000000, 0.0000000000000000000, 1.000000000000000000 ) ) ;
#6956 = STYLED_ITEM ( 'NONE', ( #1075 ), #2222 ) ;
#6957 = PLANE ( 'NONE',  #7707 ) ;
#6958 = FACE_OUTER_BOUND ( 'NONE', #8984, .T. ) ;
#6959 = ORIENTED_EDGE ( 'NONE', *, *, #7817, .F. ) ;
#6960 = STYLED_ITEM ( 'NONE', ( #1551 ), #4919 ) ;
#6961 = VERTEX_POINT ( 'NONE', #8182 ) ;
#6962 = SURFACE_SIDE_STYLE ('',( #6808 ) ) ;
#6963 = SURFACE_STYLE_FILL_AREA ( #2200 ) ;
#6964 = EDGE_LOOP ( 'NONE', ( #159, #953, #2102, #3803, #4808, #5163, #8357, #9307, #1456, #8773, #96, #6610, #4977, #1902, #4282, #7501, #5951, #3151 ) ) ;
#6965 = CARTESIAN_POINT ( 'NONE',  ( 2.900123000000011300, 0.0000000000000000000, 4.649977999999984800 ) ) ;
#6966 = LINE ( 'NONE', #720, #8913 ) ;
#6967 = ORIENTED_EDGE ( 'NONE', *, *, #9270, .T. ) ;
#6968 = VERTEX_POINT ( 'NONE', #329 ) ;
#6969 = CARTESIAN_POINT ( 'NONE',  ( 0.2399999999998991600, 2.000000000000000000, 4.849999999999909900 ) ) ;
#6970 = VERTEX_POINT ( 'NONE', #3951 ) ;
#6971 = CARTESIAN_POINT ( 'NONE',  ( -19.77299677870442100, 0.8999999999998999900, 4.949999999999902500 ) ) ;
#6972 = PRESENTATION_LAYER_ASSIGNMENT (  '', '', ( #6036 ) ) ;
#6973 = UNCERTAINTY_MEASURE_WITH_UNIT (LENGTH_MEASURE( 1.000000000000000100E-005 ), #2419, 'distance_accuracy_value', 'NONE');
#6974 = VECTOR ( 'NONE', #1568, 1000.000000000000000 ) ;
#6975 = PRESENTATION_STYLE_ASSIGNMENT (( #3193 ) ) ;
#6976 = EDGE_LOOP ( 'NONE', ( #6879, #6218, #4545, #7633 ) ) ;
#6977 = DIRECTION ( 'NONE',  ( 1.000000000000000000, 0.0000000000000000000, 0.0000000000000000000 ) ) ;
#6978 = DIRECTION ( 'NONE',  ( -0.0000000000000000000, 0.0000000000000000000, 1.000000000000000000 ) ) ;
#6979 = VERTEX_POINT ( 'NONE', #4674 ) ;
#6980 = FILL_AREA_STYLE ('',( #6813 ) ) ;
#6981 = CARTESIAN_POINT ( 'NONE',  ( -10.90002899999999800, 0.0000000000000000000, -2.250031999999994300 ) ) ;
#6982 = CARTESIAN_POINT ( 'NONE',  ( -3.150000000000034600, 0.6000001009056266100, -5.000000000000093300 ) ) ;
#6983 = ORIENTED_EDGE ( 'NONE', *, *, #2653, .F. ) ;
#6984 = FACE_BOUND ( 'NONE', #6183, .T. ) ;
#6985 = VECTOR ( 'NONE', #8169, 1000.000000000000000 ) ;
#6986 = CARTESIAN_POINT ( 'NONE',  ( 0.0000000000000000000, 0.8199999999999999500, 0.0000000000000000000 ) ) ;
#6987 = CARTESIAN_POINT ( 'NONE',  ( -6.200004999999991100, 0.0000000000000000000, 0.0000000000000000000 ) ) ;
#6988 = VERTEX_POINT ( 'NONE', #7492 ) ;
#6989 = ORIENTED_EDGE ( 'NONE', *, *, #4699, .T. ) ;
#6990 = MECHANICAL_DESIGN_GEOMETRIC_PRESENTATION_REPRESENTATION (  '', ( #5587 ), #7477 ) ;
#6991 = EDGE_CURVE ( 'NONE', #7898, #1770, #6674, .T. ) ;
#6992 = ORIENTED_EDGE ( 'NONE', *, *, #7479, .F. ) ;
#6993 = CIRCLE ( 'NONE', #3599, 0.2100000000000001300 ) ;
#6994 = VECTOR ( 'NONE', #5034, 1000.000000000000000 ) ;
#6995 = DIRECTION ( 'NONE',  ( 0.0000000000000000000, 1.000000000000000000, 0.0000000000000000000 ) ) ;
#6996 = PLANE ( 'NONE',  #4483 ) ;
#6997 = ORIENTED_EDGE ( 'NONE', *, *, #8281, .F. ) ;
#6998 = ORIENTED_EDGE ( 'NONE', *, *, #8268, .F. ) ;
#6999 = EDGE_CURVE ( 'NONE', #5229, #9211, #4586, .T. ) ;
#7000 = CARTESIAN_POINT ( 'NONE',  ( 0.2399999999998991600, -28.62307019352236600, -4.850000000000021000 ) ) ;
#7001 =( GEOMETRIC_REPRESENTATION_CONTEXT ( 3 ) GLOBAL_UNCERTAINTY_ASSIGNED_CONTEXT ( ( #6973 ) ) GLOBAL_UNIT_ASSIGNED_CONTEXT ( ( #2419, #2383, #2504 ) ) REPRESENTATION_CONTEXT ( 'NONE', 'WORKASPACE' ) );
#7002 = DIRECTION ( 'NONE',  ( -0.8320502943378437200, -0.5547001962252290400, 3.081487911019577400E-033 ) ) ;
#7003 = PLANE ( 'NONE',  #8741 ) ;
#7004 = LINE ( 'NONE', #1461, #5155 ) ;
#7005 = FACE_OUTER_BOUND ( 'NONE', #3470, .T. ) ;
#7006 = LINE ( 'NONE', #3344, #5158 ) ;
#7007 = DIRECTION ( 'NONE',  ( 0.0000000000000000000, 0.0000000000000000000, 1.000000000000000000 ) ) ;
#7008 = SURFACE_SIDE_STYLE ('',( #6247 ) ) ;
#7009 = ORIENTED_EDGE ( 'NONE', *, *, #315, .F. ) ;
#7010 = EDGE_CURVE ( 'NONE', #6800, #3049, #6235, .T. ) ;
#7011 = ORIENTED_EDGE ( 'NONE', *, *, #7577, .F. ) ;
#7012 = EDGE_CURVE ( 'NONE', #8433, #7977, #726, .T. ) ;
#7013 = FILL_AREA_STYLE_COLOUR ( '', #727 ) ;
#7014 = PLANE ( 'NONE',  #2918 ) ;
#7015 = CARTESIAN_POINT ( 'NONE',  ( 0.3999230000000034100, -5.000000000000000000, 4.249928000000013900 ) ) ;
#7016 = CYLINDRICAL_SURFACE ( 'NONE', #2329, 0.2250000000000307300 ) ;
#7017 = VECTOR ( 'NONE', #1572, 1000.000000000000000 ) ;
#7018 = AXIS2_PLACEMENT_3D ( 'NONE', #12, #7961, #7928 ) ;
#7019 =( NAMED_UNIT ( * ) SI_UNIT ( $, .STERADIAN. ) SOLID_ANGLE_UNIT ( ) );
#7020 = CARTESIAN_POINT ( 'NONE',  ( 2.100123000000011100, 0.0000000000000000000, 4.649977999999984800 ) ) ;
#7021 = PLANE ( 'NONE',  #8689 ) ;
#7022 = ORIENTED_EDGE ( 'NONE', *, *, #7637, .T. ) ;
#7023 = DIRECTION ( 'NONE',  ( 0.0000000000000000000, 1.000000000000000000, -0.0000000000000000000 ) ) ;
#7024 = CARTESIAN_POINT ( 'NONE',  ( -11.45000000000000600, 0.8999999999998991000, 4.949999999999902500 ) ) ;
#7025 = VECTOR ( 'NONE', #5506, 1000.000000000000000 ) ;
#7026 = SURFACE_STYLE_FILL_AREA ( #4252 ) ;
#7027 = VECTOR ( 'NONE', #7659, 1000.000000000000000 ) ;
#7028 = SURFACE_SIDE_STYLE ('',( #7302 ) ) ;
#7029 = UNCERTAINTY_MEASURE_WITH_UNIT (LENGTH_MEASURE( 1.000000000000000100E-005 ), #5032, 'distance_accuracy_value', 'NONE');
#7030 = EDGE_LOOP ( 'NONE', ( #4893, #6646, #6743, #7729 ) ) ;
#7031 = ORIENTED_EDGE ( 'NONE', *, *, #4835, .F. ) ;
#7032 = VERTEX_POINT ( 'NONE', #1838 ) ;
#7033 =( LENGTH_UNIT ( ) NAMED_UNIT ( * ) SI_UNIT ( .MILLI., .METRE. ) );
#7034 = UNCERTAINTY_MEASURE_WITH_UNIT (LENGTH_MEASURE( 1.000000000000000100E-005 ), #3943, 'distance_accuracy_value', 'NONE');
#7035 = DIRECTION ( 'NONE',  ( 0.0000000000000000000, 1.000000000000000000, -0.0000000000000000000 ) ) ;
#7036 = CIRCLE ( 'NONE', #4667, 0.3000000753742137500 ) ;
#7037 = AXIS2_PLACEMENT_3D ( 'NONE', #718, #1466, #6474 ) ;
#7038 = DIRECTION ( 'NONE',  ( 0.0000000000000000000, 0.0000000000000000000, 1.000000000000000000 ) ) ;
#7039 = PRESENTATION_LAYER_ASSIGNMENT (  '', '', ( #6085 ) ) ;
#7040 = CARTESIAN_POINT ( 'NONE',  ( -11.79995099999999700, 0.0000000000000000000, 3.049839999999990300 ) ) ;
#7041 = FACE_OUTER_BOUND ( 'NONE', #1986, .T. ) ;
#7042 = EDGE_LOOP ( 'NONE', ( #6412, #3073, #1363, #3282 ) ) ;
#7043 = DIRECTION ( 'NONE',  ( 0.0000000000000000000, 1.000000000000000000, -0.0000000000000000000 ) ) ;
#7044 = SURFACE_STYLE_USAGE ( .BOTH. , #7008 ) ;
#7045 = LINE ( 'NONE', #2997, #3261 ) ;
#7046 = EDGE_CURVE ( 'NONE', #1744, #1387, #4114, .T. ) ;
#7047 = DIRECTION ( 'NONE',  ( 0.0000000000000000000, 0.0000000000000000000, 1.000000000000000000 ) ) ;
#7048 = DIRECTION ( 'NONE',  ( 0.0000000000000000000, -0.0000000000000000000, -1.000000000000000000 ) ) ;
#7049 = STYLED_ITEM ( 'NONE', ( #4540 ), #3595 ) ;
#7050 =( LENGTH_UNIT ( ) NAMED_UNIT ( * ) SI_UNIT ( .MILLI., .METRE. ) );
#7051 = MECHANICAL_DESIGN_GEOMETRIC_PRESENTATION_REPRESENTATION (  '', ( #6103 ), #7522 ) ;
#7052 = DIRECTION ( 'NONE',  ( -1.000000000000000000, 0.0000000000000000000, 0.0000000000000000000 ) ) ;
#7053 = LINE ( 'NONE', #4509, #8772 ) ;
#7054 = DIRECTION ( 'NONE',  ( 0.0000000000000000000, 0.0000000000000000000, 1.000000000000000000 ) ) ;
#7055 = FILL_AREA_STYLE_COLOUR ( '', #7297 ) ;
#7056 = VECTOR ( 'NONE', #4168, 1000.000000000000000 ) ;
#7057 = SURFACE_STYLE_USAGE ( .BOTH. , #7028 ) ;
#7058 = EDGE_CURVE ( 'NONE', #1941, #5435, #4361, .T. ) ;
#7059 = DIRECTION ( 'NONE',  ( -1.000000000000000000, 0.0000000000000000000, 0.0000000000000000000 ) ) ;
#7060 = COLOUR_RGB ( '',1.000000000000000000, 1.000000000000000000, 1.000000000000000000 ) ;
#7061 =( NAMED_UNIT ( * ) PLANE_ANGLE_UNIT ( ) SI_UNIT ( $, .RADIAN. ) );
#7062 = FILL_AREA_STYLE_COLOUR ( '', #4962 ) ;
#7063 = FILL_AREA_STYLE ('',( #6385 ) ) ;
#7064 = SURFACE_STYLE_USAGE ( .BOTH. , #380 ) ;
#7065 = EDGE_CURVE ( 'NONE', #1828, #8804, #267, .T. ) ;
#7066 = EDGE_CURVE ( 'NONE', #7667, #9139, #7663, .T. ) ;
#7067 = VECTOR ( 'NONE', #8954, 1000.000000000000000 ) ;
#7068 = PLANE ( 'NONE',  #8604 ) ;
#7069 = ORIENTED_EDGE ( 'NONE', *, *, #3120, .F. ) ;
#7070 = AXIS2_PLACEMENT_3D ( 'NONE', #6578, #393, #512 ) ;
#7071 =( NAMED_UNIT ( * ) PLANE_ANGLE_UNIT ( ) SI_UNIT ( $, .RADIAN. ) );
#7072 =( GEOMETRIC_REPRESENTATION_CONTEXT ( 3 ) GLOBAL_UNCERTAINTY_ASSIGNED_CONTEXT ( ( #1991 ) ) GLOBAL_UNIT_ASSIGNED_CONTEXT ( ( #6312, #5262, #7284 ) ) REPRESENTATION_CONTEXT ( 'NONE', 'WORKASPACE' ) );
#7073 = ORIENTED_EDGE ( 'NONE', *, *, #6667, .T. ) ;
#7074 = EDGE_CURVE ( 'NONE', #5129, #3520, #6014, .T. ) ;
#7075 =( NAMED_UNIT ( * ) SI_UNIT ( $, .STERADIAN. ) SOLID_ANGLE_UNIT ( ) );
#7076 = UNCERTAINTY_MEASURE_WITH_UNIT (LENGTH_MEASURE( 1.000000000000000100E-005 ), #3227, 'distance_accuracy_value', 'NONE');
#7077 = EDGE_LOOP ( 'NONE', ( #7069, #7913, #2926, #284 ) ) ;
#7078 =( NAMED_UNIT ( * ) SI_UNIT ( $, .STERADIAN. ) SOLID_ANGLE_UNIT ( ) );
#7079 = CIRCLE ( 'NONE', #1179, 0.3500119999999967700 ) ;
#7080 = DIRECTION ( 'NONE',  ( 0.0000000000000000000, 0.0000000000000000000, -1.000000000000000000 ) ) ;
#7081 = DIRECTION ( 'NONE',  ( 0.0000000000000000000, 0.0000000000000000000, 1.000000000000000000 ) ) ;
#7082 = VERTEX_POINT ( 'NONE', #6856 ) ;
#7083 = ORIENTED_EDGE ( 'NONE', *, *, #5812, .F. ) ;
#7084 = SURFACE_SIDE_STYLE ('',( #7286 ) ) ;
#7085 = DIRECTION ( 'NONE',  ( -1.000000000000000000, 0.0000000000000000000, 0.0000000000000000000 ) ) ;
#7086 = VERTEX_POINT ( 'NONE', #2594 ) ;
#7087 = FILL_AREA_STYLE ('',( #7055 ) ) ;
#7088 = UNCERTAINTY_MEASURE_WITH_UNIT (LENGTH_MEASURE( 1.000000000000000100E-005 ), #5527, 'distance_accuracy_value', 'NONE');
#7089 = CARTESIAN_POINT ( 'NONE',  ( 2.600070999999988700, 0.5200000000000000200, 0.1498600000000155400 ) ) ;
#7090 = VECTOR ( 'NONE', #2787, 1000.000000000000100 ) ;
#7091 =( NAMED_UNIT ( * ) SI_UNIT ( $, .STERADIAN. ) SOLID_ANGLE_UNIT ( ) );
#7092 = DIRECTION ( 'NONE',  ( -1.000000000000000000, 0.0000000000000000000, 0.0000000000000000000 ) ) ;
#7093 = AXIS2_PLACEMENT_3D ( 'NONE', #3947, #3918, #3887 ) ;
#7094 = FACE_OUTER_BOUND ( 'NONE', #4348, .T. ) ;
#7095 = ORIENTED_EDGE ( 'NONE', *, *, #3360, .F. ) ;
#7096 = EDGE_LOOP ( 'NONE', ( #7534, #5866 ) ) ;
#7097 = CARTESIAN_POINT ( 'NONE',  ( 4.600067000000006300, 0.5200000000000000200, -0.1501140000000206200 ) ) ;
#7098 = VERTEX_POINT ( 'NONE', #1870 ) ;
#7099 = PLANE ( 'NONE',  #6048 ) ;
#7100 = DIRECTION ( 'NONE',  ( 0.0000000000000000000, 0.0000000000000000000, 1.000000000000000000 ) ) ;
#7101 = VERTEX_POINT ( 'NONE', #6154 ) ;
#7102 = FACE_BOUND ( 'NONE', #8115, .T. ) ;
#7103 = EDGE_LOOP ( 'NONE', ( #7740, #7990, #8496, #6738 ) ) ;
#7104 = FACE_OUTER_BOUND ( 'NONE', #1414, .T. ) ;
#7105 = SURFACE_STYLE_USAGE ( .BOTH. , #702 ) ;
#7106 = VERTEX_POINT ( 'NONE', #8302 ) ;
#7107 =( NAMED_UNIT ( * ) PLANE_ANGLE_UNIT ( ) SI_UNIT ( $, .RADIAN. ) );
#7108 = AXIS2_PLACEMENT_3D ( 'NONE', #1354, #1380, #710 ) ;
#7109 = EDGE_LOOP ( 'NONE', ( #5471, #6867, #9155, #2412 ) ) ;
#7110 = EDGE_CURVE ( 'NONE', #8419, #5462, #9179, .T. ) ;
#7111 = SURFACE_SIDE_STYLE ('',( #8128 ) ) ;
#7112 = FACE_OUTER_BOUND ( 'NONE', #4803, .T. ) ;
#7113 = CARTESIAN_POINT ( 'NONE',  ( -9.099876999999988700, 0.0000000000000000000, -0.0000000000000000000 ) ) ;
#7114 = ORIENTED_EDGE ( 'NONE', *, *, #8797, .T. ) ;
#7115 = ORIENTED_EDGE ( 'NONE', *, *, #5349, .T. ) ;
#7116 = DIRECTION ( 'NONE',  ( -0.8320502943378439400, -0.5547001962252287000, 3.081487911019577400E-033 ) ) ;
#7117 = LINE ( 'NONE', #418, #8834 ) ;
#7118 = CARTESIAN_POINT ( 'NONE',  ( 8.772996778704309100, 0.2999999999998793600, -3.900000000000120300 ) ) ;
#7119 = VECTOR ( 'NONE', #9294, 1000.000000000000000 ) ;
#7120 = DIRECTION ( 'NONE',  ( 0.0000000000000000000, 0.0000000000000000000, 1.000000000000000000 ) ) ;
#7121 = VECTOR ( 'NONE', #9118, 1000.000000000000000 ) ;
#7122 = DIRECTION ( 'NONE',  ( 1.000000000000000000, -0.0000000000000000000, 0.0000000000000000000 ) ) ;
#7123 = DIRECTION ( 'NONE',  ( 0.0000000000000000000, 0.0000000000000000000, -1.000000000000000000 ) ) ;
#7124 = ORIENTED_EDGE ( 'NONE', *, *, #7812, .T. ) ;
#7125 =( NAMED_UNIT ( * ) PLANE_ANGLE_UNIT ( ) SI_UNIT ( $, .RADIAN. ) );
#7126 = FILL_AREA_STYLE_COLOUR ( '', #3950 ) ;
#7127 = EDGE_CURVE ( 'NONE', #8420, #5202, #51, .T. ) ;
#7128 = ORIENTED_EDGE ( 'NONE', *, *, #8391, .T. ) ;
#7129 = SURFACE_STYLE_FILL_AREA ( #2012 ) ;
#7130 = VECTOR ( 'NONE', #6003, 1000.000000000000000 ) ;
#7131 = EDGE_CURVE ( 'NONE', #3164, #1660, #5374, .T. ) ;
#7132 = AXIS2_PLACEMENT_3D ( 'NONE', #2069, #2140, #2003 ) ;
#7133 = SURFACE_STYLE_USAGE ( .BOTH. , #5536 ) ;
#7134 = MECHANICAL_DESIGN_GEOMETRIC_PRESENTATION_REPRESENTATION (  '', ( #2233 ), #7596 ) ;
#7135 = ORIENTED_EDGE ( 'NONE', *, *, #8150, .T. ) ;
#7136 = ORIENTED_EDGE ( 'NONE', *, *, #9186, .T. ) ;
#7137 = EDGE_CURVE ( 'NONE', #4197, #3758, #3689, .T. ) ;
#7138 = PLANE ( 'NONE',  #6497 ) ;
#7139 = ORIENTED_EDGE ( 'NONE', *, *, #6121, .T. ) ;
#7140 = PRESENTATION_STYLE_ASSIGNMENT (( #9015 ) ) ;
#7141 = LINE ( 'NONE', #4907, #3345 ) ;
#7142 = LINE ( 'NONE', #5732, #5278 ) ;
#7143 = CARTESIAN_POINT ( 'NONE',  ( -19.77299677870442100, 0.8999999999998653500, -4.950000000000117400 ) ) ;
#7144 = LINE ( 'NONE', #572, #5279 ) ;
#7145 = FILL_AREA_STYLE ('',( #7013 ) ) ;
#7146 =( LENGTH_UNIT ( ) NAMED_UNIT ( * ) SI_UNIT ( .MILLI., .METRE. ) );
#7147 = VERTEX_POINT ( 'NONE', #8338 ) ;
#7148 = SURFACE_SIDE_STYLE ('',( #5981 ) ) ;
#7149 = UNCERTAINTY_MEASURE_WITH_UNIT (LENGTH_MEASURE( 1.000000000000000100E-005 ), #6174, 'distance_accuracy_value', 'NONE');
#7150 =( GEOMETRIC_REPRESENTATION_CONTEXT ( 3 ) GLOBAL_UNCERTAINTY_ASSIGNED_CONTEXT ( ( #5397 ) ) GLOBAL_UNIT_ASSIGNED_CONTEXT ( ( #6689, #5845, #1278 ) ) REPRESENTATION_CONTEXT ( 'NONE', 'WORKASPACE' ) );
#7151 = DIRECTION ( 'NONE',  ( -5.019814838168426400E-015, 0.0000000000000000000, -1.000000000000000000 ) ) ;
#7152 = SURFACE_STYLE_FILL_AREA ( #8521 ) ;
#7153 = ORIENTED_EDGE ( 'NONE', *, *, #1391, .T. ) ;
#7154 = VECTOR ( 'NONE', #8124, 1000.000000000000000 ) ;
#7155 = EDGE_CURVE ( 'NONE', #4685, #7667, #7006, .T. ) ;
#7156 = DIRECTION ( 'NONE',  ( -1.000000000000000000, 0.0000000000000000000, 0.0000000000000000000 ) ) ;
#7157 = CARTESIAN_POINT ( 'NONE',  ( -3.000004999999990500, 0.0000000000000000000, 4.649977999999984800 ) ) ;
#7158 = VECTOR ( 'NONE', #1759, 1000.000000000000000 ) ;
#7159 = ORIENTED_EDGE ( 'NONE', *, *, #8881, .T. ) ;
#7160 = CARTESIAN_POINT ( 'NONE',  ( -2.200004999999991100, 0.0000000000000000000, -4.649977999999984800 ) ) ;
#7161 = DIRECTION ( 'NONE',  ( 0.0000000000000000000, 1.000000000000000000, -0.0000000000000000000 ) ) ;
#7162 = PLANE ( 'NONE',  #7037 ) ;
#7163 =( NAMED_UNIT ( * ) SI_UNIT ( $, .STERADIAN. ) SOLID_ANGLE_UNIT ( ) );
#7164 = DIRECTION ( 'NONE',  ( 0.0000000000000000000, 0.0000000000000000000, 1.000000000000000000 ) ) ;
#7165 = CARTESIAN_POINT ( 'NONE',  ( 0.1999950000000100800, 0.0000000000000000000, -4.649977999999984800 ) ) ;
#7166 = LINE ( 'NONE', #5070, #1201 ) ;
#7167 = EDGE_LOOP ( 'NONE', ( #32, #3923, #4551, #9013 ) ) ;
#7168 = VECTOR ( 'NONE', #2824, 1000.000000000000000 ) ;
#7169 = DIRECTION ( 'NONE',  ( 1.000000000000000000, 0.0000000000000000000, 0.0000000000000000000 ) ) ;
#7170 = SURFACE_SIDE_STYLE ('',( #8066 ) ) ;
#7171 =( LENGTH_UNIT ( ) NAMED_UNIT ( * ) SI_UNIT ( .MILLI., .METRE. ) );
#7172 = AXIS2_PLACEMENT_3D ( 'NONE', #5604, #5612, #5624 ) ;
#7173 = LINE ( 'NONE', #8001, #1697 ) ;
#7174 = PRESENTATION_STYLE_ASSIGNMENT (( #4432 ) ) ;
#7175 = ORIENTED_EDGE ( 'NONE', *, *, #8897, .F. ) ;
#7176 = FACE_OUTER_BOUND ( 'NONE', #1143, .T. ) ;
#7177 = DIRECTION ( 'NONE',  ( -1.000000000000000000, 0.0000000000000000000, 5.019814838168426400E-015 ) ) ;
#7178 = EDGE_CURVE ( 'NONE', #9275, #5444, #8946, .T. ) ;
#7179 = DIRECTION ( 'NONE',  ( 1.000000000000000000, 0.0000000000000000000, -0.0000000000000000000 ) ) ;
#7180 = SURFACE_SIDE_STYLE ('',( #6963 ) ) ;
#7181 = VECTOR ( 'NONE', #2922, 1000.000000000000000 ) ;
#7182 = COLOUR_RGB ( '',0.2039215686274509800, 0.2039215686274509800, 0.2039215686274509800 ) ;
#7183 = CARTESIAN_POINT ( 'NONE',  ( -2.699876999999989200, 0.0000000000000000000, -4.649977999999984800 ) ) ;
#7184 =( GEOMETRIC_REPRESENTATION_CONTEXT ( 3 ) GLOBAL_UNCERTAINTY_ASSIGNED_CONTEXT ( ( #3479 ) ) GLOBAL_UNIT_ASSIGNED_CONTEXT ( ( #9066, #8574, #8474 ) ) REPRESENTATION_CONTEXT ( 'NONE', 'WORKASPACE' ) );
#7185 = AXIS2_PLACEMENT_3D ( 'NONE', #9112, #1171, #4826 ) ;
#7186 = DIRECTION ( 'NONE',  ( 0.0000000000000000000, 0.0000000000000000000, 1.000000000000000000 ) ) ;
#7187 = VECTOR ( 'NONE', #3209, 1000.000000000000000 ) ;
#7188 = EDGE_CURVE ( 'NONE', #7909, #7474, #5584, .T. ) ;
#7189 = EDGE_CURVE ( 'NONE', #2511, #236, #1296, .T. ) ;
#7190 = DIRECTION ( 'NONE',  ( 1.000000000000000000, 0.0000000000000000000, 0.0000000000000000000 ) ) ;
#7191 = DIRECTION ( 'NONE',  ( 0.0000000000000000000, 0.0000000000000000000, -1.000000000000000000 ) ) ;
#7192 = ORIENTED_EDGE ( 'NONE', *, *, #2616, .F. ) ;
#7193 = FILL_AREA_STYLE ('',( #723 ) ) ;
#7194 = EDGE_CURVE ( 'NONE', #8123, #2648, #3231, .T. ) ;
#7195 = VERTEX_POINT ( 'NONE', #4840 ) ;
#7196 = EDGE_LOOP ( 'NONE', ( #482, #5324, #4301, #8655 ) ) ;
#7197 = DIRECTION ( 'NONE',  ( 0.0000000000000000000, 0.0000000000000000000, 1.000000000000000000 ) ) ;
#7198 = FILL_AREA_STYLE ('',( #7894 ) ) ;
#7199 = DIRECTION ( 'NONE',  ( 1.000000000000000000, 0.0000000000000000000, 0.0000000000000000000 ) ) ;
#7200 = COLOUR_RGB ( '',1.000000000000000000, 1.000000000000000000, 1.000000000000000000 ) ;
#7201 = EDGE_CURVE ( 'NONE', #5424, #7318, #6570, .T. ) ;
#7202 = VERTEX_POINT ( 'NONE', #5548 ) ;
#7203 = ORIENTED_EDGE ( 'NONE', *, *, #9078, .F. ) ;
#7204 = EDGE_LOOP ( 'NONE', ( #6091, #1035, #1940, #2420 ) ) ;
#7205 = DIRECTION ( 'NONE',  ( -0.0000000000000000000, 1.000000000000000000, -0.0000000000000000000 ) ) ;
#7206 = STYLED_ITEM ( 'NONE', ( #3058 ), #1681 ) ;
#7207 = PRESENTATION_LAYER_ASSIGNMENT (  '', '', ( #7655 ) ) ;
#7208 = VERTEX_POINT ( 'NONE', #1211 ) ;
#7209 = EDGE_CURVE ( 'NONE', #4448, #7420, #6775, .T. ) ;
#7210 = FILL_AREA_STYLE_COLOUR ( '', #93 ) ;
#7211 = DIRECTION ( 'NONE',  ( 0.0000000000000000000, -0.0000000000000000000, -1.000000000000000000 ) ) ;
#7212 = ORIENTED_EDGE ( 'NONE', *, *, #1282, .F. ) ;
#7213 = ORIENTED_EDGE ( 'NONE', *, *, #1182, .F. ) ;
#7214 = UNCERTAINTY_MEASURE_WITH_UNIT (LENGTH_MEASURE( 1.000000000000000100E-005 ), #4319, 'distance_accuracy_value', 'NONE');
#7215 = VECTOR ( 'NONE', #8336, 1000.000000000000000 ) ;
#7216 = DIRECTION ( 'NONE',  ( 0.0000000000000000000, 0.0000000000000000000, -1.000000000000000000 ) ) ;
#7217 = DIRECTION ( 'NONE',  ( 0.0000000000000000000, -0.0000000000000000000, -1.000000000000000000 ) ) ;
#7218 = LINE ( 'NONE', #7987, #3204 ) ;
#7219 = VECTOR ( 'NONE', #7920, 1000.000000000000000 ) ;
#7220 = ORIENTED_EDGE ( 'NONE', *, *, #5133, .T. ) ;
#7221 = FILL_AREA_STYLE_COLOUR ( '', #530 ) ;
#7222 = PLANE ( 'NONE',  #622 ) ;
#7223 = CARTESIAN_POINT ( 'NONE',  ( 0.1000000000000497000, 1.999999999999999100, 17.92388274267651100 ) ) ;
#7224 = ORIENTED_EDGE ( 'NONE', *, *, #8776, .F. ) ;
#7225 = PLANE ( 'NONE',  #595 ) ;
#7226 = CARTESIAN_POINT ( 'NONE',  ( -11.24000000000000900, -28.62307019352236600, -4.850000000000021000 ) ) ;
#7227 = CARTESIAN_POINT ( 'NONE',  ( 0.0000000000000000000, 0.0000000000000000000, 2.549968000000005600 ) ) ;
#7228 =( GEOMETRIC_REPRESENTATION_CONTEXT ( 3 ) GLOBAL_UNCERTAINTY_ASSIGNED_CONTEXT ( ( #5230 ) ) GLOBAL_UNIT_ASSIGNED_CONTEXT ( ( #2451, #7440, #3168 ) ) REPRESENTATION_CONTEXT ( 'NONE', 'WORKASPACE' ) );
#7229 = PRESENTATION_STYLE_ASSIGNMENT (( #8813 ) ) ;
#7230 =( GEOMETRIC_REPRESENTATION_CONTEXT ( 3 ) GLOBAL_UNCERTAINTY_ASSIGNED_CONTEXT ( ( #6215 ) ) GLOBAL_UNIT_ASSIGNED_CONTEXT ( ( #6438, #6403, #6373 ) ) REPRESENTATION_CONTEXT ( 'NONE', 'WORKASPACE' ) );
#7231 = DIRECTION ( 'NONE',  ( 0.0000000000000000000, -0.0000000000000000000, -1.000000000000000000 ) ) ;
#7232 = FACE_BOUND ( 'NONE', #6542, .T. ) ;
#7233 = DIRECTION ( 'NONE',  ( 0.0000000000000000000, 1.000000000000000000, -0.0000000000000000000 ) ) ;
#7234 = ORIENTED_EDGE ( 'NONE', *, *, #3115, .F. ) ;
#7235 = SURFACE_SIDE_STYLE ('',( #1705 ) ) ;
#7236 = EDGE_CURVE ( 'NONE', #5398, #4990, #2779, .T. ) ;
#7237 = VECTOR ( 'NONE', #316, 1000.000000000000000 ) ;
#7238 = VECTOR ( 'NONE', #8740, 1000.000000000000000 ) ;
#7239 = DIRECTION ( 'NONE',  ( 1.000000000000000000, 0.0000000000000000000, 0.0000000000000000000 ) ) ;
#7240 = AXIS2_PLACEMENT_3D ( 'NONE', #3038, #4652, #4682 ) ;
#7241 = EDGE_LOOP ( 'NONE', ( #6357, #7716, #3876, #8779 ) ) ;
#7242 = ORIENTED_EDGE ( 'NONE', *, *, #5472, .T. ) ;
#7243 = CARTESIAN_POINT ( 'NONE',  ( -1.400004999999990600, 0.0000000000000000000, 4.649977999999984800 ) ) ;
#7244 = DIRECTION ( 'NONE',  ( 0.0000000000000000000, 0.0000000000000000000, -1.000000000000000000 ) ) ;
#7245 = SURFACE_STYLE_FILL_AREA ( #8775 ) ;
#7246 = CARTESIAN_POINT ( 'NONE',  ( 0.0000000000000000000, 0.0000000000000000000, -0.6500319999999939500 ) ) ;
#7247 = VECTOR ( 'NONE', #4774, 1000.000000000000000 ) ;
#7248 = CARTESIAN_POINT ( 'NONE',  ( 1.449958999999993800, 0.5200000000000000200, 4.499864000000005900 ) ) ;
#7249 = SURFACE_STYLE_FILL_AREA ( #7989 ) ;
#7250 = DIRECTION ( 'NONE',  ( -1.000000000000000000, 0.0000000000000000000, 0.0000000000000000000 ) ) ;
#7251 = VERTEX_POINT ( 'NONE', #9154 ) ;
#7252 = ORIENTED_EDGE ( 'NONE', *, *, #2206, .F. ) ;
#7253 = EDGE_CURVE ( 'NONE', #5880, #3076, #4474, .T. ) ;
#7254 = CARTESIAN_POINT ( 'NONE',  ( 0.0000000000000000000, 0.0000000000000000000, 0.0000000000000000000 ) ) ;
#7255 = DIRECTION ( 'NONE',  ( 1.000000000000000000, 0.0000000000000000000, 0.0000000000000000000 ) ) ;
#7256 = COLOUR_RGB ( '',1.000000000000000000, 1.000000000000000000, 1.000000000000000000 ) ;
#7257 = DIRECTION ( 'NONE',  ( 0.0000000000000000000, 3.469446951953997200E-015, 1.000000000000000000 ) ) ;
#7258 = LINE ( 'NONE', #66, #3453 ) ;
#7259 = SURFACE_STYLE_USAGE ( .BOTH. , #7312 ) ;
#7260 = CARTESIAN_POINT ( 'NONE',  ( 0.0000000000000000000, 0.0000000000000000000, 4.649977999999984800 ) ) ;
#7261 = CARTESIAN_POINT ( 'NONE',  ( 1.449958999999993800, 0.7500000000000000000, 5.000066000000027900 ) ) ;
#7262 = CARTESIAN_POINT ( 'NONE',  ( 8.772996778704309100, 1.399999999999844000, 4.849999999999911700 ) ) ;
#7263 = VECTOR ( 'NONE', #5627, 1000.000000000000000 ) ;
#7264 = EDGE_CURVE ( 'NONE', #4449, #8400, #3018, .T. ) ;
#7265 = VERTEX_POINT ( 'NONE', #5575 ) ;
#7266 = CARTESIAN_POINT ( 'NONE',  ( 0.0000000000000000000, 0.5200000000000000200, 0.0000000000000000000 ) ) ;
#7267 = FACE_OUTER_BOUND ( 'NONE', #553, .T. ) ;
#7268 = CARTESIAN_POINT ( 'NONE',  ( 0.3999230000000034100, -5.000000000000000000, -3.550158000000025500 ) ) ;
#7269 = LINE ( 'NONE', #4846, #3462 ) ;
#7270 = STYLED_ITEM ( 'NONE', ( #4747 ), #1357 ) ;
#7271 = CARTESIAN_POINT ( 'NONE',  ( 2.599995000000009600, 0.0000000000000000000, -0.0000000000000000000 ) ) ;
#7272 =( GEOMETRIC_REPRESENTATION_CONTEXT ( 3 ) GLOBAL_UNCERTAINTY_ASSIGNED_CONTEXT ( ( #3383 ) ) GLOBAL_UNIT_ASSIGNED_CONTEXT ( ( #1816, #1765, #1599 ) ) REPRESENTATION_CONTEXT ( 'NONE', 'WORKASPACE' ) );
#7273 = PRESENTATION_STYLE_ASSIGNMENT (( #3379 ) ) ;
#7274 = ORIENTED_EDGE ( 'NONE', *, *, #9214, .T. ) ;
#7275 = ORIENTED_EDGE ( 'NONE', *, *, #1447, .T. ) ;
#7276 = CARTESIAN_POINT ( 'NONE',  ( 0.0000000000000000000, 0.0000000000000000000, 0.0000000000000000000 ) ) ;
#7277 = PRESENTATION_STYLE_ASSIGNMENT (( #5195 ) ) ;
#7278 = FILL_AREA_STYLE ('',( #9067 ) ) ;
#7279 = DIRECTION ( 'NONE',  ( 0.0000000000000000000, 0.0000000000000000000, 1.000000000000000000 ) ) ;
#7280 =( LENGTH_UNIT ( ) NAMED_UNIT ( * ) SI_UNIT ( .MILLI., .METRE. ) );
#7281 = ORIENTED_EDGE ( 'NONE', *, *, #7900, .F. ) ;
#7282 = AXIS2_PLACEMENT_3D ( 'NONE', #8487, #8454, #8266 ) ;
#7283 =( GEOMETRIC_REPRESENTATION_CONTEXT ( 3 ) GLOBAL_UNCERTAINTY_ASSIGNED_CONTEXT ( ( #1223 ) ) GLOBAL_UNIT_ASSIGNED_CONTEXT ( ( #7491, #7376, #7163 ) ) REPRESENTATION_CONTEXT ( 'NONE', 'WORKASPACE' ) );
#7284 =( NAMED_UNIT ( * ) SI_UNIT ( $, .STERADIAN. ) SOLID_ANGLE_UNIT ( ) );
#7285 = VERTEX_POINT ( 'NONE', #515 ) ;
#7286 = SURFACE_STYLE_FILL_AREA ( #5980 ) ;
#7287 = SURFACE_SIDE_STYLE ('',( #2665 ) ) ;
#7288 = SURFACE_SIDE_STYLE ('',( #6448 ) ) ;
#7289 = CARTESIAN_POINT ( 'NONE',  ( -3.150000000000034600, 0.6000001009056257200, 17.92388274267651100 ) ) ;
#7290 = FILL_AREA_STYLE ('',( #6925 ) ) ;
#7291 = CARTESIAN_POINT ( 'NONE',  ( 2.600070999999988700, 0.8199999999999999500, -0.1501140000000206200 ) ) ;
#7292 = CARTESIAN_POINT ( 'NONE',  ( 3.700123000000011600, 0.0000000000000000000, 0.0000000000000000000 ) ) ;
#7293 = CARTESIAN_POINT ( 'NONE',  ( -3.676393202613736500, 0.9000001009056065600, 4.999999999999871200 ) ) ;
#7294 = CARTESIAN_POINT ( 'NONE',  ( 0.4499999999998983700, 1.399999999999809400, -4.950000000000119200 ) ) ;
#7295 = STYLED_ITEM ( 'NONE', ( #1983 ), #3183 ) ;
#7296 = COLOUR_RGB ( '',1.000000000000000000, 1.000000000000000000, 1.000000000000000000 ) ;
#7297 = COLOUR_RGB ( '',1.000000000000000000, 1.000000000000000000, 1.000000000000000000 ) ;
#7298 = SURFACE_STYLE_USAGE ( .BOTH. , #2290 ) ;
#7299 = DIRECTION ( 'NONE',  ( -1.000000000000000000, 0.0000000000000000000, 0.0000000000000000000 ) ) ;
#7300 = CARTESIAN_POINT ( 'NONE',  ( 2.349881000000005200, 0.8199999999999999500, 0.05003799999998837000 ) ) ;
#7301 = FILL_AREA_STYLE ('',( #7982 ) ) ;
#7302 = SURFACE_STYLE_FILL_AREA ( #6831 ) ;
#7303 = PRESENTATION_LAYER_ASSIGNMENT (  '', '', ( #6345 ) ) ;
#7304 = PRESENTATION_STYLE_ASSIGNMENT (( #7859 ) ) ;
#7305 = ORIENTED_EDGE ( 'NONE', *, *, #5537, .T. ) ;
#7306 = ORIENTED_EDGE ( 'NONE', *, *, #7127, .T. ) ;
#7307 = EDGE_CURVE ( 'NONE', #7657, #9045, #601, .T. ) ;
#7308 = ORIENTED_EDGE ( 'NONE', *, *, #3347, .F. ) ;
#7309 =( NAMED_UNIT ( * ) SI_UNIT ( $, .STERADIAN. ) SOLID_ANGLE_UNIT ( ) );
#7310 = ORIENTED_EDGE ( 'NONE', *, *, #7010, .F. ) ;
#7311 = FACE_OUTER_BOUND ( 'NONE', #4401, .T. ) ;
#7312 = SURFACE_SIDE_STYLE ('',( #2843 ) ) ;
#7313 = CARTESIAN_POINT ( 'NONE',  ( -11.19999999999992600, 0.9000000000000084600, 17.92388274267651100 ) ) ;
#7314 = DIRECTION ( 'NONE',  ( 1.000000000000000000, 0.0000000000000000000, 0.0000000000000000000 ) ) ;
#7315 = EDGE_CURVE ( 'NONE', #5485, #4356, #6124, .T. ) ;
#7316 = PRESENTATION_LAYER_ASSIGNMENT (  '', '', ( #6355 ) ) ;
#7317 = LINE ( 'NONE', #3504, #1832 ) ;
#7318 = VERTEX_POINT ( 'NONE', #4905 ) ;
#7319 = EDGE_CURVE ( 'NONE', #1279, #4685, #8017, .T. ) ;
#7320 = VERTEX_POINT ( 'NONE', #1285 ) ;
#7321 = VERTEX_POINT ( 'NONE', #6305 ) ;
#7322 = ORIENTED_EDGE ( 'NONE', *, *, #1856, .T. ) ;
#7323 = CARTESIAN_POINT ( 'NONE',  ( -4.299876999999988800, 0.0000000000000000000, -0.0000000000000000000 ) ) ;
#7324 = CARTESIAN_POINT ( 'NONE',  ( -10.45000000000001000, 0.6000000000000415000, 17.92388274267651100 ) ) ;
#7325 = VECTOR ( 'NONE', #9166, 1000.000000000000000 ) ;
#7326 = ORIENTED_EDGE ( 'NONE', *, *, #4295, .T. ) ;
#7327 = EDGE_LOOP ( 'NONE', ( #677, #459, #333, #6444 ) ) ;
#7328 = VERTEX_POINT ( 'NONE', #1992 ) ;
#7329 = CYLINDRICAL_SURFACE ( 'NONE', #3122, 0.3500119999999958800 ) ;
#7330 = CARTESIAN_POINT ( 'NONE',  ( 0.0000000000000000000, 0.0000000000000000000, 0.5001260000000035100 ) ) ;
#7331 = CARTESIAN_POINT ( 'NONE',  ( 0.1000000000000497000, 1.790000000000000000, 4.989999999999869700 ) ) ;
#7332 = ORIENTED_EDGE ( 'NONE', *, *, #8366, .F. ) ;
#7333 = FACE_BOUND ( 'NONE', #669, .T. ) ;
#7334 = CARTESIAN_POINT ( 'NONE',  ( 0.0000000000000000000, 0.0000000000000000000, 0.0000000000000000000 ) ) ;
#7335 = ORIENTED_EDGE ( 'NONE', *, *, #5934, .T. ) ;
#7336 = LINE ( 'NONE', #5545, #8820 ) ;
#7337 = DIRECTION ( 'NONE',  ( 0.0000000000000000000, 0.0000000000000000000, 1.000000000000000000 ) ) ;
#7338 = ORIENTED_EDGE ( 'NONE', *, *, #5949, .T. ) ;
#7339 = UNCERTAINTY_MEASURE_WITH_UNIT (LENGTH_MEASURE( 1.000000000000000100E-005 ), #2501, 'distance_accuracy_value', 'NONE');
#7340 = SURFACE_STYLE_FILL_AREA ( #3172 ) ;
#7341 = CARTESIAN_POINT ( 'NONE',  ( -4.200017000000007000, 0.0000000000000000000, -3.299967999999972700 ) ) ;
#7342 = FILL_AREA_STYLE ('',( #6617 ) ) ;
#7343 = DIRECTION ( 'NONE',  ( 1.000000000000000000, 0.0000000000000000000, 0.0000000000000000000 ) ) ;
#7344 =( NAMED_UNIT ( * ) SI_UNIT ( $, .STERADIAN. ) SOLID_ANGLE_UNIT ( ) );
#7345 = ORIENTED_EDGE ( 'NONE', *, *, #1763, .F. ) ;
#7346 = SURFACE_SIDE_STYLE ('',( #1086 ) ) ;
#7347 = AXIS2_PLACEMENT_3D ( 'NONE', #1662, #6648, #2385 ) ;
#7348 = AXIS2_PLACEMENT_3D ( 'NONE', #2295, #3131, #3188 ) ;
#7349 = EDGE_LOOP ( 'NONE', ( #1177, #5236, #3256, #6859 ) ) ;
#7350 = LINE ( 'NONE', #1353, #9302 ) ;
#7351 = FACE_OUTER_BOUND ( 'NONE', #5290, .T. ) ;
#7352 =( NAMED_UNIT ( * ) SI_UNIT ( $, .STERADIAN. ) SOLID_ANGLE_UNIT ( ) );
#7353 = ORIENTED_EDGE ( 'NONE', *, *, #7860, .F. ) ;
#7354 = VERTEX_POINT ( 'NONE', #3468 ) ;
#7355 = EDGE_CURVE ( 'NONE', #3396, #2297, #371, .T. ) ;
#7356 = LINE ( 'NONE', #2151, #5267 ) ;
#7357 = VECTOR ( 'NONE', #207, 1000.000000000000000 ) ;
#7358 =( NAMED_UNIT ( * ) PLANE_ANGLE_UNIT ( ) SI_UNIT ( $, .RADIAN. ) );
#7359 = MECHANICAL_DESIGN_GEOMETRIC_PRESENTATION_REPRESENTATION (  '', ( #5464 ), #7808 ) ;
#7361 = ORIENTED_EDGE ( 'NONE', *, *, #3174, .F. ) ;
#7360 = PLANE ( 'NONE',  #4634 ) ;
#7362 = ORIENTED_EDGE ( 'NONE', *, *, #8660, .F. ) ;
#7363 = CARTESIAN_POINT ( 'NONE',  ( 0.1999999999999276800, 0.9000001009055926800, -17.92388274267673500 ) ) ;
#7364 = EDGE_CURVE ( 'NONE', #7354, #1910, #4232, .T. ) ;
#7365 = DIRECTION ( 'NONE',  ( -1.000000000000000000, 0.0000000000000000000, 0.0000000000000000000 ) ) ;
#7366 = ORIENTED_EDGE ( 'NONE', *, *, #886, .T. ) ;
#7367 = FACE_OUTER_BOUND ( 'NONE', #8837, .T. ) ;
#7368 = VECTOR ( 'NONE', #5699, 1000.000000000000000 ) ;
#7369 = PRESENTATION_LAYER_ASSIGNMENT (  '', '', ( #9202 ) ) ;
#7370 = VECTOR ( 'NONE', #3703, 1000.000000000000000 ) ;
#7371 = UNCERTAINTY_MEASURE_WITH_UNIT (LENGTH_MEASURE( 1.000000000000000100E-005 ), #6882, 'distance_accuracy_value', 'NONE');
#7372 =( NAMED_UNIT ( * ) PLANE_ANGLE_UNIT ( ) SI_UNIT ( $, .RADIAN. ) );
#7373 = ORIENTED_EDGE ( 'NONE', *, *, #504, .F. ) ;
#7374 = DIRECTION ( 'NONE',  ( -0.0000000000000000000, 0.0000000000000000000, -1.000000000000000000 ) ) ;
#7375 = CARTESIAN_POINT ( 'NONE',  ( 0.0000000000000000000, 0.0000000000000000000, 3.049839999999990300 ) ) ;
#7376 =( NAMED_UNIT ( * ) PLANE_ANGLE_UNIT ( ) SI_UNIT ( $, .RADIAN. ) );
#7377 = DIRECTION ( 'NONE',  ( 0.0000000000000000000, -1.000000000000000000, 0.0000000000000000000 ) ) ;
#7378 = UNCERTAINTY_MEASURE_WITH_UNIT (LENGTH_MEASURE( 1.000000000000000100E-005 ), #3433, 'distance_accuracy_value', 'NONE');
#7379 = LINE ( 'NONE', #3849, #1890 ) ;
#7380 = ORIENTED_EDGE ( 'NONE', *, *, #4891, .T. ) ;
#7381 = DIRECTION ( 'NONE',  ( 0.0000000000000000000, 0.0000000000000000000, 1.000000000000000000 ) ) ;
#7382 = CARTESIAN_POINT ( 'NONE',  ( -1.400004999999990600, 0.0000000000000000000, 0.0000000000000000000 ) ) ;
#7383 = VECTOR ( 'NONE', #6677, 1000.000000000000000 ) ;
#7384 = EDGE_CURVE ( 'NONE', #3015, #7898, #153, .T. ) ;
#7385 = LINE ( 'NONE', #3063, #5498 ) ;
#7386 = ORIENTED_EDGE ( 'NONE', *, *, #8341, .F. ) ;
#7387 = FILL_AREA_STYLE ('',( #4042 ) ) ;
#7388 = MECHANICAL_DESIGN_GEOMETRIC_PRESENTATION_REPRESENTATION (  '', ( #5953 ), #7825 ) ;
#7389 =( NAMED_UNIT ( * ) PLANE_ANGLE_UNIT ( ) SI_UNIT ( $, .RADIAN. ) );
#7390 = STYLED_ITEM ( 'NONE', ( #7689 ), #4473 ) ;
#7391 = COLOUR_RGB ( '',1.000000000000000000, 1.000000000000000000, 1.000000000000000000 ) ;
#7392 = COLOUR_RGB ( '',0.2039215686274509800, 0.2039215686274509800, 0.2039215686274509800 ) ;
#7393 =( LENGTH_UNIT ( ) NAMED_UNIT ( * ) SI_UNIT ( .MILLI., .METRE. ) );
#7394 = EDGE_LOOP ( 'NONE', ( #8432, #6871, #7980, #2676 ) ) ;
#7395 = VECTOR ( 'NONE', #8976, 1000.000000000000000 ) ;
#7396 = SURFACE_STYLE_USAGE ( .BOTH. , #2408 ) ;
#7397 = LINE ( 'NONE', #6476, #1698 ) ;
#7398 = COLOUR_RGB ( '',1.000000000000000000, 1.000000000000000000, 1.000000000000000000 ) ;
#7399 = FILL_AREA_STYLE_COLOUR ( '', #7256 ) ;
#7400 = VECTOR ( 'NONE', #8822, 1000.000000000000000 ) ;
#7401 = AXIS2_PLACEMENT_3D ( 'NONE', #1502, #6509, #2246 ) ;
#7402 = MECHANICAL_DESIGN_GEOMETRIC_PRESENTATION_REPRESENTATION (  '', ( #5965 ), #7852 ) ;
#7403 = SURFACE_STYLE_FILL_AREA ( #9354 ) ;
#7404 = PLANE ( 'NONE',  #3206 ) ;
#7405 = VECTOR ( 'NONE', #3658, 1000.000000000000000 ) ;
#7406 = CARTESIAN_POINT ( 'NONE',  ( 0.2499999999998978600, 0.5249999999998536900, -3.900000000000120300 ) ) ;
#7407 = DIRECTION ( 'NONE',  ( 0.0000000000000000000, 1.000000000000000000, -0.0000000000000000000 ) ) ;
#7408 = CARTESIAN_POINT ( 'NONE',  ( 12.00010300000000500, 0.5200000000000000200, -5.750051999999991300 ) ) ;
#7409 = EDGE_CURVE ( 'NONE', #4688, #9040, #7556, .T. ) ;
#7410 = FACE_OUTER_BOUND ( 'NONE', #7167, .T. ) ;
#7411 = PRODUCT_DEFINITION_CONTEXT ( 'detailed design', #9273, 'design' ) ;
#7412 =( LENGTH_UNIT ( ) NAMED_UNIT ( * ) SI_UNIT ( .MILLI., .METRE. ) );
#7413 = CARTESIAN_POINT ( 'NONE',  ( -8.499983000000009200, 0.0000000000000000000, 3.299967999999972700 ) ) ;
#7414 = AXIS2_PLACEMENT_3D ( 'NONE', #1272, #1304, #1336 ) ;
#7415 = SURFACE_STYLE_FILL_AREA ( #4212 ) ;
#7416 = VERTEX_POINT ( 'NONE', #2057 ) ;
#7417 = EDGE_CURVE ( 'NONE', #6968, #6550, #3798, .T. ) ;
#7418 =( NAMED_UNIT ( * ) PLANE_ANGLE_UNIT ( ) SI_UNIT ( $, .RADIAN. ) );
#7419 = AXIS2_PLACEMENT_3D ( 'NONE', #5454, #6153, #1866 ) ;
#7420 = VERTEX_POINT ( 'NONE', #8497 ) ;
#7421 = ORIENTED_EDGE ( 'NONE', *, *, #8183, .T. ) ;
#7422 = PLANE ( 'NONE',  #6807 ) ;
#7423 =( LENGTH_UNIT ( ) NAMED_UNIT ( * ) SI_UNIT ( .MILLI., .METRE. ) );
#7424 = LINE ( 'NONE', #8823, #9133 ) ;
#7425 = VERTEX_POINT ( 'NONE', #4225 ) ;
#7426 =( NAMED_UNIT ( * ) PLANE_ANGLE_UNIT ( ) SI_UNIT ( $, .RADIAN. ) );
#7427 = ORIENTED_EDGE ( 'NONE', *, *, #5645, .T. ) ;
#7428 = VERTEX_POINT ( 'NONE', #1318 ) ;
#7429 = ORIENTED_EDGE ( 'NONE', *, *, #7648, .F. ) ;
#7430 = CARTESIAN_POINT ( 'NONE',  ( 2.349881000000005200, 0.5200000000000000200, 0.05003799999998837000 ) ) ;
#7431 = PRODUCT_DEFINITION_FORMATION_WITH_SPECIFIED_SOURCE ( 'ANY', '', #8973, .NOT_KNOWN. ) ;
#7432 = ORIENTED_EDGE ( 'NONE', *, *, #2946, .F. ) ;
#7433 = EDGE_CURVE ( 'NONE', #8400, #2065, #7350, .T. ) ;
#7434 = VERTEX_POINT ( 'NONE', #607 ) ;
#7435 = ORIENTED_EDGE ( 'NONE', *, *, #9054, .T. ) ;
#7436 = SURFACE_STYLE_USAGE ( .BOTH. , #7287 ) ;
#7437 = ORIENTED_EDGE ( 'NONE', *, *, #427, .T. ) ;
#7438 = DIRECTION ( 'NONE',  ( -0.0000000000000000000, -1.000000000000000000, -0.0000000000000000000 ) ) ;
#7439 =( NAMED_UNIT ( * ) SI_UNIT ( $, .STERADIAN. ) SOLID_ANGLE_UNIT ( ) );
#7440 =( NAMED_UNIT ( * ) PLANE_ANGLE_UNIT ( ) SI_UNIT ( $, .RADIAN. ) );
#7441 = DIRECTION ( 'NONE',  ( 0.0000000000000000000, 1.000000000000000000, -2.891205793293926800E-015 ) ) ;
#7442 = AXIS2_PLACEMENT_3D ( 'NONE', #8543, #8480, #8441 ) ;
#7443 = PRESENTATION_STYLE_ASSIGNMENT (( #5954 ) ) ;
#7444 = DIRECTION ( 'NONE',  ( 0.0000000000000000000, 1.000000000000000000, -0.0000000000000000000 ) ) ;
#7445 =( NAMED_UNIT ( * ) SI_UNIT ( $, .STERADIAN. ) SOLID_ANGLE_UNIT ( ) );
#7446 = CIRCLE ( 'NONE', #3514, 0.3000000000000480600 ) ;
#7447 = ORIENTED_EDGE ( 'NONE', *, *, #202, .T. ) ;
#7448 = FACE_BOUND ( 'NONE', #8363, .T. ) ;
#7449 = AXIS2_PLACEMENT_3D ( 'NONE', #6878, #7205, #6907 ) ;
#7450 = VERTEX_POINT ( 'NONE', #4969 ) ;
#7451 = DIRECTION ( 'NONE',  ( 1.000000000000000000, 0.0000000000000000000, 0.0000000000000000000 ) ) ;
#7452 = CARTESIAN_POINT ( 'NONE',  ( -19.77299677870442100, 0.5249999999998814500, 3.674999999999878100 ) ) ;
#7453 = VECTOR ( 'NONE', #2293, 1000.000000000000000 ) ;
#7454 = PLANE ( 'NONE',  #6514 ) ;
#7455 = SURFACE_STYLE_FILL_AREA ( #5192 ) ;
#7456 = EDGE_LOOP ( 'NONE', ( #7335, #4719, #1608, #1575 ) ) ;
#7457 = CARTESIAN_POINT ( 'NONE',  ( -7.100000056180550500, 0.7000000502492805800, 4.999999999999871200 ) ) ;
#7458 = CARTESIAN_POINT ( 'NONE',  ( 2.900044999999996900, 0.0000000000000000000, -0.5001260000000035100 ) ) ;
#7459 =( LENGTH_UNIT ( ) NAMED_UNIT ( * ) SI_UNIT ( .MILLI., .METRE. ) );
#7460 = VECTOR ( 'NONE', #6825, 1000.000000000000000 ) ;
#7461 =( NAMED_UNIT ( * ) SI_UNIT ( $, .STERADIAN. ) SOLID_ANGLE_UNIT ( ) );
#7462 = FACE_OUTER_BOUND ( 'NONE', #7978, .T. ) ;
#7463 = DIRECTION ( 'NONE',  ( 0.0000000000000000000, 1.000000000000000000, -3.469446951953995600E-015 ) ) ;
#7464 = CARTESIAN_POINT ( 'NONE',  ( 0.0000000000000000000, 0.0000000000000000000, 5.550153999999987600 ) ) ;
#7465 = MECHANICAL_DESIGN_GEOMETRIC_PRESENTATION_REPRESENTATION (  '', ( #6036 ), #7931 ) ;
#7466 = ORIENTED_EDGE ( 'NONE', *, *, #8087, .F. ) ;
#7467 = VERTEX_POINT ( 'NONE', #2819 ) ;
#7468 = ORIENTED_EDGE ( 'NONE', *, *, #3361, .F. ) ;
#7469 = ORIENTED_EDGE ( 'NONE', *, *, #5949, .F. ) ;
#7470 = CARTESIAN_POINT ( 'NONE',  ( -9.400004999999991300, 0.0000000000000000000, 0.0000000000000000000 ) ) ;
#7471 = LINE ( 'NONE', #8651, #5594 ) ;
#7472 = CARTESIAN_POINT ( 'NONE',  ( -7.649999999999985300, 0.9000000000000084600, -17.92388274267673500 ) ) ;
#7473 = LINE ( 'NONE', #5847, #1779 ) ;
#7474 = VERTEX_POINT ( 'NONE', #7773 ) ;
#7475 = VECTOR ( 'NONE', #7673, 1000.000000000000000 ) ;
#7476 = DIRECTION ( 'NONE',  ( 0.0000000000000000000, 0.0000000000000000000, -1.000000000000000000 ) ) ;
#7477 =( GEOMETRIC_REPRESENTATION_CONTEXT ( 3 ) GLOBAL_UNCERTAINTY_ASSIGNED_CONTEXT ( ( #8948 ) ) GLOBAL_UNIT_ASSIGNED_CONTEXT ( ( #7857, #3622, #8620 ) ) REPRESENTATION_CONTEXT ( 'NONE', 'WORKASPACE' ) );
#7478 = DIRECTION ( 'NONE',  ( 0.0000000000000000000, -1.000000000000000000, -6.123233995736766000E-017 ) ) ;
#7479 = EDGE_CURVE ( 'NONE', #4118, #9259, #7764, .T. ) ;
#7480 = VERTEX_POINT ( 'NONE', #8529 ) ;
#7482 = DIRECTION ( 'NONE',  ( 0.0000000000000000000, 1.000000000000000000, -4.625929269271310200E-015 ) ) ;
#7481 = DIRECTION ( 'NONE',  ( 1.555753819465285400E-061, -1.000000000000000000, 3.679716464192890000E-015 ) ) ;
#7483 =( GEOMETRIC_REPRESENTATION_CONTEXT ( 3 ) GLOBAL_UNCERTAINTY_ASSIGNED_CONTEXT ( ( #7593 ) ) GLOBAL_UNIT_ASSIGNED_CONTEXT ( ( #9220, #9264, #4573 ) ) REPRESENTATION_CONTEXT ( 'NONE', 'WORKASPACE' ) );
#7484 = VECTOR ( 'NONE', #5168, 1000.000000000000000 ) ;
#7485 = AXIS2_PLACEMENT_3D ( 'NONE', #1281, #1262, #1245 ) ;
#7486 = ORIENTED_EDGE ( 'NONE', *, *, #1097, .T. ) ;
#7487 = DIRECTION ( 'NONE',  ( 0.0000000000000000000, 0.0000000000000000000, 1.000000000000000000 ) ) ;
#7488 =( NAMED_UNIT ( * ) PLANE_ANGLE_UNIT ( ) SI_UNIT ( $, .RADIAN. ) );
#7489 = VERTEX_POINT ( 'NONE', #4259 ) ;
#7490 = SURFACE_SIDE_STYLE ('',( #9277 ) ) ;
#7491 =( LENGTH_UNIT ( ) NAMED_UNIT ( * ) SI_UNIT ( .MILLI., .METRE. ) );
#7492 = CARTESIAN_POINT ( 'NONE',  ( 0.1000000000000497000, 2.000000000000000000, 4.849999999999909900 ) ) ;
#7493 = FACE_OUTER_BOUND ( 'NONE', #7705, .T. ) ;
#7494 = EDGE_CURVE ( 'NONE', #5424, #7678, #3557, .T. ) ;
#7495 = PRESENTATION_STYLE_ASSIGNMENT (( #4045 ) ) ;
#7496 = PRESENTATION_LAYER_ASSIGNMENT (  '', '', ( #1439 ) ) ;
#7497 = SURFACE_SIDE_STYLE ('',( #8173 ) ) ;
#7498 = AXIS2_PLACEMENT_3D ( 'NONE', #4823, #467, #95 ) ;
#7499 =( NAMED_UNIT ( * ) PLANE_ANGLE_UNIT ( ) SI_UNIT ( $, .RADIAN. ) );
#7500 = DIRECTION ( 'NONE',  ( 0.5547001962252291500, -0.8320502943378437200, 0.0000000000000000000 ) ) ;
#7501 = ORIENTED_EDGE ( 'NONE', *, *, #9319, .F. ) ;
#7502 =( NAMED_UNIT ( * ) SI_UNIT ( $, .STERADIAN. ) SOLID_ANGLE_UNIT ( ) );
#7503 = CARTESIAN_POINT ( 'NONE',  ( -7.323606999999935100, 0.8999999999999954700, 17.92388274267651100 ) ) ;
#7505 = CARTESIAN_POINT ( 'NONE',  ( -10.90002899999999800, 0.0000000000000000000, -0.9501600000000095500 ) ) ;
#7504 = CARTESIAN_POINT ( 'NONE',  ( 0.3999230000000034100, 0.5200000000000004600, 4.249928000000013900 ) ) ;
#7506 = FACE_OUTER_BOUND ( 'NONE', #663, .T. ) ;
#7507 = PRESENTATION_LAYER_ASSIGNMENT (  '', '', ( #6568 ) ) ;
#7508 = MECHANICAL_DESIGN_GEOMETRIC_PRESENTATION_REPRESENTATION (  '', ( #6085 ), #7998 ) ;
#7509 = VERTEX_POINT ( 'NONE', #1386 ) ;
#7510 = ORIENTED_EDGE ( 'NONE', *, *, #7074, .F. ) ;
#7511 =( LENGTH_UNIT ( ) NAMED_UNIT ( * ) SI_UNIT ( .MILLI., .METRE. ) );
#7512 = CARTESIAN_POINT ( 'NONE',  ( 2.049906999999996600, 0.5200000000000000200, 0.05003799999998837000 ) ) ;
#7513 = LINE ( 'NONE', #7271, #3506 ) ;
#7514 = ORIENTED_EDGE ( 'NONE', *, *, #5016, .F. ) ;
#7515 = EDGE_CURVE ( 'NONE', #8721, #7722, #9059, .T. ) ;
#7516 = ORIENTED_EDGE ( 'NONE', *, *, #1505, .T. ) ;
#7517 = ORIENTED_EDGE ( 'NONE', *, *, #2376, .F. ) ;
#7518 = CARTESIAN_POINT ( 'NONE',  ( -11.45000000000000600, 0.8999999999998687900, -3.675000000000090900 ) ) ;
#7519 = AXIS2_PLACEMENT_3D ( 'NONE', #7727, #8516, #7100 ) ;
#7520 =( NAMED_UNIT ( * ) SI_UNIT ( $, .STERADIAN. ) SOLID_ANGLE_UNIT ( ) );
#7521 = DIRECTION ( 'NONE',  ( 0.0000000000000000000, 0.0000000000000000000, -1.000000000000000000 ) ) ;
#7522 =( GEOMETRIC_REPRESENTATION_CONTEXT ( 3 ) GLOBAL_UNCERTAINTY_ASSIGNED_CONTEXT ( ( #8407 ) ) GLOBAL_UNIT_ASSIGNED_CONTEXT ( ( #5119, #771, #5818 ) ) REPRESENTATION_CONTEXT ( 'NONE', 'WORKASPACE' ) );
#7523 = ORIENTED_EDGE ( 'NONE', *, *, #1700, .F. ) ;
#7524 = VERTEX_POINT ( 'NONE', #641 ) ;
#7525 = DIRECTION ( 'NONE',  ( 0.0000000000000000000, 0.0000000000000000000, 1.000000000000000000 ) ) ;
#7526 = ORIENTED_EDGE ( 'NONE', *, *, #4739, .T. ) ;
#7527 = ORIENTED_EDGE ( 'NONE', *, *, #6150, .T. ) ;
#7528 = MECHANICAL_DESIGN_GEOMETRIC_PRESENTATION_REPRESENTATION (  '', ( #1299 ), #7483 ) ;
#7529 = DIRECTION ( 'NONE',  ( 0.0000000000000000000, -1.000000000000000000, 0.0000000000000000000 ) ) ;
#7530 =( LENGTH_UNIT ( ) NAMED_UNIT ( * ) SI_UNIT ( .MILLI., .METRE. ) );
#7531 = ORIENTED_EDGE ( 'NONE', *, *, #8091, .F. ) ;
#7532 = ORIENTED_EDGE ( 'NONE', *, *, #7571, .T. ) ;
#7533 = DIRECTION ( 'NONE',  ( -0.5547001962252288100, 0.8320502943378438300, 0.0000000000000000000 ) ) ;
#7534 = ORIENTED_EDGE ( 'NONE', *, *, #2433, .T. ) ;
#7535 = DIRECTION ( 'NONE',  ( 1.000000000000000000, -0.0000000000000000000, 0.0000000000000000000 ) ) ;
#7536 = VECTOR ( 'NONE', #2477, 1000.000000000000000 ) ;
#7537 = EDGE_CURVE ( 'NONE', #4346, #6721, #1412, .T. ) ;
#7538 = EDGE_CURVE ( 'NONE', #1138, #2794, #5260, .T. ) ;
#7539 = FACE_BOUND ( 'NONE', #1815, .T. ) ;
#7540 = FILL_AREA_STYLE ('',( #9052 ) ) ;
#7541 = ORIENTED_EDGE ( 'NONE', *, *, #1789, .T. ) ;
#7542 = VECTOR ( 'NONE', #4701, 1000.000000000000000 ) ;
#7543 = EDGE_CURVE ( 'NONE', #7988, #7977, #1652, .T. ) ;
#7544 = CARTESIAN_POINT ( 'NONE',  ( 0.2399999999998991600, 1.790000000000000000, -4.850000000000021000 ) ) ;
#7545 = PLANE ( 'NONE',  #6461 ) ;
#7546 = ORIENTED_EDGE ( 'NONE', *, *, #8320, .F. ) ;
#7547 = PRESENTATION_LAYER_ASSIGNMENT (  '', '', ( #6598 ) ) ;
#7548 = ORIENTED_EDGE ( 'NONE', *, *, #98, .T. ) ;
#7549 = UNCERTAINTY_MEASURE_WITH_UNIT (LENGTH_MEASURE( 1.000000000000000100E-005 ), #5210, 'distance_accuracy_value', 'NONE');
#7550 = EDGE_CURVE ( 'NONE', #8925, #1257, #6886, .T. ) ;
#7551 = SURFACE_STYLE_FILL_AREA ( #8280 ) ;
#7552 = SURFACE_STYLE_USAGE ( .BOTH. , #8471 ) ;
#7553 = CARTESIAN_POINT ( 'NONE',  ( -11.10000000000004900, 1.799999999999999600, 4.849999999999909900 ) ) ;
#7554 = VERTEX_POINT ( 'NONE', #7834 ) ;
#7555 = CARTESIAN_POINT ( 'NONE',  ( 0.0000000000000000000, 0.5200000000000000200, 0.0000000000000000000 ) ) ;
#7556 = LINE ( 'NONE', #6335, #1867 ) ;
#7557 = LINE ( 'NONE', #9025, #1869 ) ;
#7558 =( LENGTH_UNIT ( ) NAMED_UNIT ( * ) SI_UNIT ( .MILLI., .METRE. ) );
#7560 = ORIENTED_EDGE ( 'NONE', *, *, #1954, .F. ) ;
#7559 = CARTESIAN_POINT ( 'NONE',  ( -10.90002899999999800, 0.0000000000000000000, 1.749968000000006200 ) ) ;
#7561 = AXIS2_PLACEMENT_3D ( 'NONE', #2825, #2761, #3380 ) ;
#7562 = DIRECTION ( 'NONE',  ( 0.0000000000000000000, 1.000000000000000000, -0.0000000000000000000 ) ) ;
#7563 = PRESENTATION_LAYER_ASSIGNMENT (  '', '', ( #6613 ) ) ;
#7564 = FILL_AREA_STYLE ('',( #7399 ) ) ;
#7565 = SURFACE_STYLE_FILL_AREA ( #8892 ) ;
#7566 = VECTOR ( 'NONE', #8086, 1000.000000000000000 ) ;
#7567 = UNCERTAINTY_MEASURE_WITH_UNIT (LENGTH_MEASURE( 1.000000000000000100E-005 ), #1078, 'distance_accuracy_value', 'NONE');
#7568 = VERTEX_POINT ( 'NONE', #8602 ) ;
#7569 = ORIENTED_EDGE ( 'NONE', *, *, #1856, .F. ) ;
#7570 = DIRECTION ( 'NONE',  ( 0.0000000000000000000, 1.000000000000000000, -0.0000000000000000000 ) ) ;
#7571 = EDGE_CURVE ( 'NONE', #8812, #9275, #3116, .T. ) ;
#7572 = DIRECTION ( 'NONE',  ( 5.019814838168451700E-015, 0.0000000000000000000, -1.000000000000000000 ) ) ;
#7573 = CARTESIAN_POINT ( 'NONE',  ( 0.3999230000000034700, -5.000000000000000000, -4.250182000000019200 ) ) ;
#7574 = CIRCLE ( 'NONE', #1013, 0.3500119999999967700 ) ;
#7575 = VECTOR ( 'NONE', #6402, 1000.000000000000000 ) ;
#7576 = PRESENTATION_LAYER_ASSIGNMENT (  '', '', ( #6626 ) ) ;
#7577 = EDGE_CURVE ( 'NONE', #3049, #1871, #2898, .T. ) ;
#7578 = CIRCLE ( 'NONE', #1711, 0.2249999999999752200 ) ;
#7579 = VERTEX_POINT ( 'NONE', #6465 ) ;
#7580 = DIRECTION ( 'NONE',  ( -1.000000000000000000, 0.0000000000000000000, -5.019814838168451700E-015 ) ) ;
#7581 = ORIENTED_EDGE ( 'NONE', *, *, #5833, .T. ) ;
#7582 = COLOUR_RGB ( '',0.2039215686274509800, 0.2039215686274509800, 0.2039215686274509800 ) ;
#7583 = LINE ( 'NONE', #8845, #2130 ) ;
#7584 = ORIENTED_EDGE ( 'NONE', *, *, #2666, .F. ) ;
#7585 = CARTESIAN_POINT ( 'NONE',  ( -10.64999999999998800, 0.9000000000000093500, 5.199999999999871400 ) ) ;
#7586 = VECTOR ( 'NONE', #5011, 1000.000000000000000 ) ;
#7587 = DIRECTION ( 'NONE',  ( 0.0000000000000000000, -0.0000000000000000000, -1.000000000000000000 ) ) ;
#7588 = VECTOR ( 'NONE', #7217, 1000.000000000000000 ) ;
#7589 = EDGE_CURVE ( 'NONE', #7632, #7082, #8353, .T. ) ;
#7590 = DIRECTION ( 'NONE',  ( 0.0000000000000000000, 0.0000000000000000000, 1.000000000000000000 ) ) ;
#7591 = LINE ( 'NONE', #9126, #194 ) ;
#7592 = CARTESIAN_POINT ( 'NONE',  ( 0.0000000000000000000, 0.0000000000000000000, -5.550153999999987600 ) ) ;
#7593 = UNCERTAINTY_MEASURE_WITH_UNIT (LENGTH_MEASURE( 1.000000000000000100E-005 ), #9220, 'distance_accuracy_value', 'NONE');
#7594 = EDGE_CURVE ( 'NONE', #1837, #925, #4805, .T. ) ;
#7595 = PRESENTATION_LAYER_ASSIGNMENT (  '', '', ( #6654 ) ) ;
#7596 =( GEOMETRIC_REPRESENTATION_CONTEXT ( 3 ) GLOBAL_UNCERTAINTY_ASSIGNED_CONTEXT ( ( #768 ) ) GLOBAL_UNIT_ASSIGNED_CONTEXT ( ( #6377, #6342, #6282 ) ) REPRESENTATION_CONTEXT ( 'NONE', 'WORKASPACE' ) );
#7597 = CARTESIAN_POINT ( 'NONE',  ( -5.400004999999990400, 0.0000000000000000000, -5.550153999999987600 ) ) ;
#7598 = LINE ( 'NONE', #7226, #197 ) ;
#7599 = LINE ( 'NONE', #6716, #3840 ) ;
#7600 = CARTESIAN_POINT ( 'NONE',  ( -11.45000000000000600, 0.5249999999998805600, 3.674999999999878100 ) ) ;
#7601 = DIRECTION ( 'NONE',  ( 0.0000000000000000000, 0.0000000000000000000, 1.000000000000000000 ) ) ;
#7602 = ORIENTED_EDGE ( 'NONE', *, *, #6548, .T. ) ;
#7603 = FILL_AREA_STYLE ('',( #6182 ) ) ;
#7604 = UNCERTAINTY_MEASURE_WITH_UNIT (LENGTH_MEASURE( 1.000000000000000100E-005 ), #6635, 'distance_accuracy_value', 'NONE');
#7605 = PRESENTATION_STYLE_ASSIGNMENT (( #1221 ) ) ;
#7606 = CARTESIAN_POINT ( 'NONE',  ( 8.772996778704309100, 0.5249999999998823400, 4.124999999999939600 ) ) ;
#7607 = EDGE_CURVE ( 'NONE', #9183, #3900, #6455, .T. ) ;
#7608 = AXIS2_PLACEMENT_3D ( 'NONE', #1659, #2211, #2134 ) ;
#7609 = VECTOR ( 'NONE', #7694, 1000.000000000000000 ) ;
#7610 = CARTESIAN_POINT ( 'NONE',  ( 2.100123000000011100, 0.0000000000000000000, -4.649977999999984800 ) ) ;
#7611 = CARTESIAN_POINT ( 'NONE',  ( -10.90002899999999800, 0.0000000000000000000, 0.0000000000000000000 ) ) ;
#7612 = ORIENTED_EDGE ( 'NONE', *, *, #321, .F. ) ;
#7613 =( LENGTH_UNIT ( ) NAMED_UNIT ( * ) SI_UNIT ( .MILLI., .METRE. ) );
#7614 = ORIENTED_EDGE ( 'NONE', *, *, #1069, .T. ) ;
#7615 = DIRECTION ( 'NONE',  ( 1.000000000000000000, -0.0000000000000000000, -0.0000000000000000000 ) ) ;
#7616 = VECTOR ( 'NONE', #4542, 1000.000000000000000 ) ;
#7617 = FACE_OUTER_BOUND ( 'NONE', #3007, .T. ) ;
#7618 = PRESENTATION_LAYER_ASSIGNMENT (  '', '', ( #6679 ) ) ;
#7619 = EDGE_LOOP ( 'NONE', ( #1232, #6949, #1482, #5328 ) ) ;
#7620 = CARTESIAN_POINT ( 'NONE',  ( -11.79995099999999700, 0.0000000000000000000, -2.250031999999994300 ) ) ;
#7621 = EDGE_LOOP ( 'NONE', ( #5564, #3973 ) ) ;
#7622 = EDGE_LOOP ( 'NONE', ( #7234, #6519, #1728, #7614 ) ) ;
#7623 = CARTESIAN_POINT ( 'NONE',  ( 4.600067000000006300, 0.8199999999999999500, -0.1501140000000206200 ) ) ;
#7624 = ORIENTED_EDGE ( 'NONE', *, *, #6873, .F. ) ;
#7625 =( NAMED_UNIT ( * ) PLANE_ANGLE_UNIT ( ) SI_UNIT ( $, .RADIAN. ) );
#7626 = CARTESIAN_POINT ( 'NONE',  ( 0.1000000000000497000, -28.62307019352236600, 4.989999999999869700 ) ) ;
#7627 = VECTOR ( 'NONE', #5726, 1000.000000000000000 ) ;
#7628 = ORIENTED_EDGE ( 'NONE', *, *, #9212, .F. ) ;
#7629 = EDGE_CURVE ( 'NONE', #1660, #8825, #2655, .T. ) ;
#7630 = PRESENTATION_STYLE_ASSIGNMENT (( #1102 ) ) ;
#7631 = CARTESIAN_POINT ( 'NONE',  ( -11.79995099999999700, 0.0000000000000000000, -0.0000000000000000000 ) ) ;
#7632 = VERTEX_POINT ( 'NONE', #7183 ) ;
#7633 = ORIENTED_EDGE ( 'NONE', *, *, #6695, .T. ) ;
#7634 = AXIS2_PLACEMENT_3D ( 'NONE', #8388, #5565, #1234 ) ;
#7635 = LINE ( 'NONE', #5365, #2209 ) ;
#7636 = DIRECTION ( 'NONE',  ( 0.0000000000000000000, 1.000000000000000000, -0.0000000000000000000 ) ) ;
#7637 = EDGE_CURVE ( 'NONE', #7354, #8916, #4353, .T. ) ;
#7638 = DIRECTION ( 'NONE',  ( -1.000000000000000000, 0.0000000000000000000, 0.0000000000000000000 ) ) ;
#7639 = DIRECTION ( 'NONE',  ( 0.0000000000000000000, 0.0000000000000000000, 1.000000000000000000 ) ) ;
#7640 = CARTESIAN_POINT ( 'NONE',  ( -11.10000000000004900, 1.399999999999953300, -17.92388274267673500 ) ) ;
#7641 =( GEOMETRIC_REPRESENTATION_CONTEXT ( 3 ) GLOBAL_UNCERTAINTY_ASSIGNED_CONTEXT ( ( #7378 ) ) GLOBAL_UNIT_ASSIGNED_CONTEXT ( ( #3433, #2000, #1968 ) ) REPRESENTATION_CONTEXT ( 'NONE', 'WORKASPACE' ) );
#7642 = DIRECTION ( 'NONE',  ( 0.0000000000000000000, 3.252606517453260400E-015, 1.000000000000000000 ) ) ;
#7643 = VERTEX_POINT ( 'NONE', #2230 ) ;
#7644 = FACE_BOUND ( 'NONE', #3309, .T. ) ;
#7645 = CARTESIAN_POINT ( 'NONE',  ( -11.10000000000004900, 1.790000000000000000, 4.989999999999869700 ) ) ;
#7646 = SURFACE_STYLE_FILL_AREA ( #7868 ) ;
#7647 = ORIENTED_EDGE ( 'NONE', *, *, #6421, .T. ) ;
#7648 = EDGE_CURVE ( 'NONE', #1448, #2005, #480, .T. ) ;
#7649 = EDGE_CURVE ( 'NONE', #6021, #1138, #8127, .T. ) ;
#7650 = DIRECTION ( 'NONE',  ( 0.0000000000000000000, 0.0000000000000000000, 1.000000000000000000 ) ) ;
#7651 =( NAMED_UNIT ( * ) SI_UNIT ( $, .STERADIAN. ) SOLID_ANGLE_UNIT ( ) );
#7652 = CARTESIAN_POINT ( 'NONE',  ( 0.0000000000000000000, 0.0000000000000000000, 0.0000000000000000000 ) ) ;
#7653 = LINE ( 'NONE', #7246, #4106 ) ;
#7654 = PRESENTATION_LAYER_ASSIGNMENT (  '', '', ( #7206 ) ) ;
#7655 = STYLED_ITEM ( 'NONE', ( #3356 ), #4556 ) ;
#7656 = SURFACE_SIDE_STYLE ('',( #3452 ) ) ;
#7657 = VERTEX_POINT ( 'NONE', #7911 ) ;
#7658 = EDGE_CURVE ( 'NONE', #1279, #6602, #259, .T. ) ;
#7659 = DIRECTION ( 'NONE',  ( -1.000000000000000000, 0.0000000000000000000, 0.0000000000000000000 ) ) ;
#7660 = DIRECTION ( 'NONE',  ( 0.0000000000000000000, 0.0000000000000000000, -1.000000000000000000 ) ) ;
#7661 = DIRECTION ( 'NONE',  ( -1.000000000000000000, 0.0000000000000000000, 0.0000000000000000000 ) ) ;
#7662 = VECTOR ( 'NONE', #6024, 1000.000000000000000 ) ;
#7663 = LINE ( 'NONE', #397, #1984 ) ;
#7664 = CARTESIAN_POINT ( 'NONE',  ( 2.900123000000011300, 0.0000000000000000000, -4.649977999999984800 ) ) ;
#7665 = DIRECTION ( 'NONE',  ( -1.000000000000000000, 0.0000000000000000000, 0.0000000000000000000 ) ) ;
#7666 = EDGE_LOOP ( 'NONE', ( #4128, #7842, #8287, #7526 ) ) ;
#7667 = VERTEX_POINT ( 'NONE', #2265 ) ;
#7668 = ORIENTED_EDGE ( 'NONE', *, *, #2189, .T. ) ;
#7669 = VECTOR ( 'NONE', #1562, 1000.000000000000000 ) ;
#7670 = DIRECTION ( 'NONE',  ( 0.5547001962254430900, 0.8320502943377010600, 0.0000000000000000000 ) ) ;
#7671 = LINE ( 'NONE', #5182, #7263 ) ;
#7672 = ORIENTED_EDGE ( 'NONE', *, *, #4093, .F. ) ;
#7673 = DIRECTION ( 'NONE',  ( 0.0000000000000000000, 0.0000000000000000000, 1.000000000000000000 ) ) ;
#7674 = ORIENTED_EDGE ( 'NONE', *, *, #5055, .F. ) ;
#7675 = DIRECTION ( 'NONE',  ( 0.0000000000000000000, 1.000000000000000000, 0.0000000000000000000 ) ) ;
#7676 = EDGE_CURVE ( 'NONE', #7784, #5485, #7653, .T. ) ;
#7677 = CARTESIAN_POINT ( 'NONE',  ( -11.24000000000000900, 1.790000000000000000, 21.86020095655797500 ) ) ;
#7678 = VERTEX_POINT ( 'NONE', #4400 ) ;
#7679 = CARTESIAN_POINT ( 'NONE',  ( 0.0000000000000000000, 0.0000000000000000000, 5.550153999999987600 ) ) ;
#7680 = UNCERTAINTY_MEASURE_WITH_UNIT (LENGTH_MEASURE( 1.000000000000000100E-005 ), #3632, 'distance_accuracy_value', 'NONE');
#7681 = CARTESIAN_POINT ( 'NONE',  ( -10.90002899999999800, 0.0000000000000000000, 0.0000000000000000000 ) ) ;
#7682 = PRESENTATION_LAYER_ASSIGNMENT (  '', '', ( #6737 ) ) ;
#7683 = SURFACE_STYLE_USAGE ( .BOTH. , #7656 ) ;
#7684 = FACE_OUTER_BOUND ( 'NONE', #6382, .T. ) ;
#7685 = SURFACE_STYLE_FILL_AREA ( #3573 ) ;
#7686 = VECTOR ( 'NONE', #3720, 1000.000000000000000 ) ;
#7687 = STYLED_ITEM ( 'NONE', ( #1379 ), #3430 ) ;
#7688 = CARTESIAN_POINT ( 'NONE',  ( -11.10000000000004900, 1.789999999999999100, -5.200000000000094300 ) ) ;
#7689 = PRESENTATION_STYLE_ASSIGNMENT (( #7552 ) ) ;
#7690 = CARTESIAN_POINT ( 'NONE',  ( -12.00010300000000500, 0.5200000000000000200, -5.750051999999991300 ) ) ;
#7691 = ORIENTED_EDGE ( 'NONE', *, *, #4702, .F. ) ;
#7692 = DIRECTION ( 'NONE',  ( -1.000000000000000000, 0.0000000000000000000, 0.0000000000000000000 ) ) ;
#7693 = DIRECTION ( 'NONE',  ( 0.0000000000000000000, 0.0000000000000000000, -1.000000000000000000 ) ) ;
#7694 = DIRECTION ( 'NONE',  ( -1.000000000000000000, 0.0000000000000000000, 0.0000000000000000000 ) ) ;
#7695 = UNCERTAINTY_MEASURE_WITH_UNIT (LENGTH_MEASURE( 1.000000000000000100E-005 ), #5528, 'distance_accuracy_value', 'NONE');
#7696 = COLOUR_RGB ( '',0.2039215686274509800, 0.2039215686274509800, 0.2039215686274509800 ) ;
#7697 = EDGE_CURVE ( 'NONE', #8019, #6616, #1974, .T. ) ;
#7698 = SURFACE_STYLE_FILL_AREA ( #2958 ) ;
#7699 = SURFACE_STYLE_FILL_AREA ( #3326 ) ;
#7700 = DIRECTION ( 'NONE',  ( 0.0000000000000000000, 1.000000000000000000, -0.0000000000000000000 ) ) ;
#7701 = LINE ( 'NONE', #2495, #2278 ) ;
#7702 = EDGE_CURVE ( 'NONE', #5549, #760, #5795, .T. ) ;
#7703 = VECTOR ( 'NONE', #740, 1000.000000000000000 ) ;
#7704 = ORIENTED_EDGE ( 'NONE', *, *, #1195, .F. ) ;
#7705 = EDGE_LOOP ( 'NONE', ( #632, #4959, #7281, #3725 ) ) ;
#7706 = PRESENTATION_STYLE_ASSIGNMENT (( #5741 ) ) ;
#7707 = AXIS2_PLACEMENT_3D ( 'NONE', #7555, #7407, #7164 ) ;
#7708 =( LENGTH_UNIT ( ) NAMED_UNIT ( * ) SI_UNIT ( .MILLI., .METRE. ) );
#7709 = CARTESIAN_POINT ( 'NONE',  ( -11.10000000000004900, 2.000000000000000000, 4.849999999999909900 ) ) ;
#7710 = FACE_OUTER_BOUND ( 'NONE', #11, .T. ) ;
#7711 = ORIENTED_EDGE ( 'NONE', *, *, #9039, .F. ) ;
#7712 = DIRECTION ( 'NONE',  ( 2.253176494821819300E-031, -3.679716464192890000E-015, -1.000000000000000000 ) ) ;
#7713 = LINE ( 'NONE', #9001, #2287 ) ;
#7714 = ORIENTED_EDGE ( 'NONE', *, *, #5142, .T. ) ;
#7715 = DIRECTION ( 'NONE',  ( -0.0000000000000000000, -1.000000000000000000, -0.0000000000000000000 ) ) ;
#7716 = ORIENTED_EDGE ( 'NONE', *, *, #6530, .F. ) ;
#7717 = CARTESIAN_POINT ( 'NONE',  ( -1.899876999999989200, 0.0000000000000000000, -0.0000000000000000000 ) ) ;
#7718 = CARTESIAN_POINT ( 'NONE',  ( -11.10000000000004900, 1.399999999999953300, 17.92388274267651100 ) ) ;
#7719 = VECTOR ( 'NONE', #3184, 1000.000000000000000 ) ;
#7720 = ORIENTED_EDGE ( 'NONE', *, *, #6188, .T. ) ;
#7721 = CARTESIAN_POINT ( 'NONE',  ( -11.24000000000000900, 1.790000000000000000, 4.849999999999909900 ) ) ;
#7722 = VERTEX_POINT ( 'NONE', #4423 ) ;
#7723 = ORIENTED_EDGE ( 'NONE', *, *, #9054, .F. ) ;
#7724 = PLANE ( 'NONE',  #46 ) ;
#7725 = ORIENTED_EDGE ( 'NONE', *, *, #873, .T. ) ;
#7726 =( NAMED_UNIT ( * ) SI_UNIT ( $, .STERADIAN. ) SOLID_ANGLE_UNIT ( ) );
#7727 = CARTESIAN_POINT ( 'NONE',  ( 0.0000000000000000000, 0.0000000000000000000, 0.0000000000000000000 ) ) ;
#7728 = ORIENTED_EDGE ( 'NONE', *, *, #1745, .F. ) ;
#7729 = ORIENTED_EDGE ( 'NONE', *, *, #5749, .T. ) ;
#7730 = DIRECTION ( 'NONE',  ( 0.0000000000000000000, 0.0000000000000000000, 1.000000000000000000 ) ) ;
#7731 = ORIENTED_EDGE ( 'NONE', *, *, #3425, .F. ) ;
#7732 = ORIENTED_EDGE ( 'NONE', *, *, #3804, .F. ) ;
#7733 = FILL_AREA_STYLE_COLOUR ( '', #9326 ) ;
#7734 = COLOUR_RGB ( '',0.1647058823529411700, 1.000000000000000000, 0.1529411764705882500 ) ;
#7735 = AXIS2_PLACEMENT_3D ( 'NONE', #5159, #5339, #5309 ) ;
#7736 = CARTESIAN_POINT ( 'NONE',  ( 0.4499999999998983700, 0.5249999999998536900, -3.900000000000120300 ) ) ;
#7737 = CARTESIAN_POINT ( 'NONE',  ( 1.300123000000010600, 0.0000000000000000000, 0.0000000000000000000 ) ) ;
#7738 = ORIENTED_EDGE ( 'NONE', *, *, #3210, .T. ) ;
#7739 = CARTESIAN_POINT ( 'NONE',  ( -7.649999999999985300, 0.9000000000000093500, -5.000000000000093300 ) ) ;
#7740 = ORIENTED_EDGE ( 'NONE', *, *, #1864, .T. ) ;
#7741 = ORIENTED_EDGE ( 'NONE', *, *, #3825, .F. ) ;
#7742 = CARTESIAN_POINT ( 'NONE',  ( 0.1000000000000497000, 2.000000000000000000, -4.990000000000092600 ) ) ;
#7743 = VECTOR ( 'NONE', #5999, 1000.000000000000000 ) ;
#7744 = CARTESIAN_POINT ( 'NONE',  ( 0.0000000000000000000, 0.0000000000000000000, 5.550153999999987600 ) ) ;
#7745 = VERTEX_POINT ( 'NONE', #5156 ) ;
#7746 = FACE_BOUND ( 'NONE', #2730, .T. ) ;
#7747 = VECTOR ( 'NONE', #4231, 1000.000000000000000 ) ;
#7748 = CARTESIAN_POINT ( 'NONE',  ( 2.100123000000011100, 0.0000000000000000000, -5.550153999999987600 ) ) ;
#7749 = CARTESIAN_POINT ( 'NONE',  ( 0.09994900000000889200, 0.0000000000000000000, 3.299967999999972700 ) ) ;
#7750 = MECHANICAL_DESIGN_GEOMETRIC_PRESENTATION_REPRESENTATION (  '', ( #6345 ), #8258 ) ;
#7751 = EDGE_CURVE ( 'NONE', #5202, #8131, #9169, .T. ) ;
#7752 = VERTEX_POINT ( 'NONE', #3735 ) ;
#7753 = VERTEX_POINT ( 'NONE', #7979 ) ;
#7754 = COLOUR_RGB ( '',1.000000000000000000, 1.000000000000000000, 1.000000000000000000 ) ;
#7755 =( NAMED_UNIT ( * ) PLANE_ANGLE_UNIT ( ) SI_UNIT ( $, .RADIAN. ) );
#7756 = ORIENTED_EDGE ( 'NONE', *, *, #3185, .T. ) ;
#7757 = EDGE_CURVE ( 'NONE', #6012, #1534, #1757, .T. ) ;
#7758 = SURFACE_SIDE_STYLE ('',( #4170 ) ) ;
#7759 = VERTEX_POINT ( 'NONE', #617 ) ;
#7760 = MECHANICAL_DESIGN_GEOMETRIC_PRESENTATION_REPRESENTATION (  '', ( #6355 ), #8269 ) ;
#7761 = EDGE_CURVE ( 'NONE', #1715, #8542, #47, .T. ) ;
#7762 = DIRECTION ( 'NONE',  ( 1.000000000000000000, 0.0000000000000000000, 0.0000000000000000000 ) ) ;
#7763 = FACE_OUTER_BOUND ( 'NONE', #5352, .T. ) ;
#7764 = LINE ( 'NONE', #3530, #7119 ) ;
#7765 =( NAMED_UNIT ( * ) PLANE_ANGLE_UNIT ( ) SI_UNIT ( $, .RADIAN. ) );
#7766 = PLANE ( 'NONE',  #4253 ) ;
#7767 = ORIENTED_EDGE ( 'NONE', *, *, #7860, .T. ) ;
#7768 = VERTEX_POINT ( 'NONE', #7089 ) ;
#7769 = FILL_AREA_STYLE_COLOUR ( '', #2091 ) ;
#7770 =( NAMED_UNIT ( * ) PLANE_ANGLE_UNIT ( ) SI_UNIT ( $, .RADIAN. ) );
#7771 = CARTESIAN_POINT ( 'NONE',  ( 0.0000000000000000000, 0.0000000000000000000, 4.649977999999984800 ) ) ;
#7772 = CARTESIAN_POINT ( 'NONE',  ( -0.6000049999999902400, 0.0000000000000000000, -5.550153999999987600 ) ) ;
#7773 = CARTESIAN_POINT ( 'NONE',  ( -7.800004999999990800, 0.0000000000000000000, -4.649977999999984800 ) ) ;
#7774 = VECTOR ( 'NONE', #3811, 1000.000000000000000 ) ;
#7775 = DIRECTION ( 'NONE',  ( -1.000000000000000000, 0.0000000000000000000, 0.0000000000000000000 ) ) ;
#7776 = EDGE_CURVE ( 'NONE', #1833, #8925, #3678, .T. ) ;
#7777 = CARTESIAN_POINT ( 'NONE',  ( -11.19999999999992600, 0.9000000000000084600, 17.92388274267651100 ) ) ;
#7778 = EDGE_CURVE ( 'NONE', #68, #923, #1532, .T. ) ;
#7779 = CARTESIAN_POINT ( 'NONE',  ( 2.349881000000005200, 0.8199999999999999500, -0.5501640000000057600 ) ) ;
#7780 = ORIENTED_EDGE ( 'NONE', *, *, #4007, .F. ) ;
#7781 = CLOSED_SHELL ( 'NONE', ( #225, #1003, #328, #3815, #8206, #8884, #8990, #9130, #9233, #1692 ) ) ;
#7782 = DIRECTION ( 'NONE',  ( 0.0000000000000000000, -1.000000000000000000, 0.0000000000000000000 ) ) ;
#7783 = DIRECTION ( 'NONE',  ( -6.123233995736766000E-017, 1.000000000000000000, -3.469446951953482400E-015 ) ) ;
#7784 = VERTEX_POINT ( 'NONE', #5005 ) ;
#7785 = FACE_OUTER_BOUND ( 'NONE', #1298, .T. ) ;
#7786 = FACE_OUTER_BOUND ( 'NONE', #8369, .T. ) ;
#7787 = CARTESIAN_POINT ( 'NONE',  ( -2.200004999999991100, 0.0000000000000000000, 0.0000000000000000000 ) ) ;
#7788 = VECTOR ( 'NONE', #5634, 1000.000000000000100 ) ;
#7789 = DIRECTION ( 'NONE',  ( 0.0000000000000000000, 0.0000000000000000000, -1.000000000000000000 ) ) ;
#7790 = CARTESIAN_POINT ( 'NONE',  ( -3.499876999999989000, 0.0000000000000000000, -5.550153999999987600 ) ) ;
#7791 = VERTEX_POINT ( 'NONE', #1401 ) ;
#7792 =( LENGTH_UNIT ( ) NAMED_UNIT ( * ) SI_UNIT ( .MILLI., .METRE. ) );
#7793 = VERTEX_POINT ( 'NONE', #6410 ) ;
#7794 = SURFACE_SIDE_STYLE ('',( #8999 ) ) ;
#7795 = VECTOR ( 'NONE', #671, 1000.000000000000000 ) ;
#7796 = PRESENTATION_LAYER_ASSIGNMENT (  '', '', ( #6850 ) ) ;
#7797 = CARTESIAN_POINT ( 'NONE',  ( -7.649999999999985300, 0.9000000000000093500, 5.199999999999871400 ) ) ;
#7798 = EDGE_LOOP ( 'NONE', ( #5534, #5963, #7828, #4535 ) ) ;
#7799 = CARTESIAN_POINT ( 'NONE',  ( 0.0000000000000000000, 0.0000000000000000000, -4.649977999999984800 ) ) ;
#7800 = VECTOR ( 'NONE', #5743, 1000.000000000000000 ) ;
#7801 = LINE ( 'NONE', #7779, #2373 ) ;
#7802 = SURFACE_STYLE_FILL_AREA ( #5710 ) ;
#7803 = EDGE_CURVE ( 'NONE', #3590, #3396, #4922, .T. ) ;
#7804 =( NAMED_UNIT ( * ) PLANE_ANGLE_UNIT ( ) SI_UNIT ( $, .RADIAN. ) );
#7805 = DIRECTION ( 'NONE',  ( -1.000000000000000000, 0.0000000000000000000, -0.0000000000000000000 ) ) ;
#7806 = CARTESIAN_POINT ( 'NONE',  ( 0.0000000000000000000, 0.0000000000000000000, -5.550153999999987600 ) ) ;
#7807 =( NAMED_UNIT ( * ) PLANE_ANGLE_UNIT ( ) SI_UNIT ( $, .RADIAN. ) );
#7808 =( GEOMETRIC_REPRESENTATION_CONTEXT ( 3 ) GLOBAL_UNCERTAINTY_ASSIGNED_CONTEXT ( ( #26 ) ) GLOBAL_UNIT_ASSIGNED_CONTEXT ( ( #2438, #7426, #3157 ) ) REPRESENTATION_CONTEXT ( 'NONE', 'WORKASPACE' ) );
#7809 = CARTESIAN_POINT ( 'NONE',  ( 1.300123000000010600, 0.0000000000000000000, -5.550153999999987600 ) ) ;
#7810 = DIRECTION ( 'NONE',  ( -0.0000000000000000000, -0.0000000000000000000, -1.000000000000000000 ) ) ;
#7811 = PRESENTATION_STYLE_ASSIGNMENT (( #1956 ) ) ;
#7812 = EDGE_CURVE ( 'NONE', #8420, #8804, #6767, .T. ) ;
#7813 = CARTESIAN_POINT ( 'NONE',  ( -3.350000000000014300, 0.9000001009055952400, 17.92388274267651100 ) ) ;
#7814 = SURFACE_STYLE_USAGE ( .BOTH. , #6798 ) ;
#7815 = EDGE_CURVE ( 'NONE', #395, #3806, #1054, .T. ) ;
#7816 = CARTESIAN_POINT ( 'NONE',  ( 0.0000000000000000000, 0.0000000000000000000, 0.0000000000000000000 ) ) ;
#7817 = EDGE_CURVE ( 'NONE', #1752, #5021, #8718, .T. ) ;
#7818 = EDGE_LOOP ( 'NONE', ( #1441, #1579, #3587, #1326 ) ) ;
#7819 = SURFACE_STYLE_USAGE ( .BOTH. , #7855 ) ;
#7820 = VECTOR ( 'NONE', #2547, 1000.000000000000000 ) ;
#7821 = DIRECTION ( 'NONE',  ( 1.000000000000000000, 0.0000000000000000000, 0.0000000000000000000 ) ) ;
#7822 = DIRECTION ( 'NONE',  ( -1.000000000000000000, 0.0000000000000000000, 0.0000000000000000000 ) ) ;
#7823 = EDGE_CURVE ( 'NONE', #7958, #229, #8464, .T. ) ;
#7824 = LINE ( 'NONE', #6874, #5961 ) ;
#7825 =( GEOMETRIC_REPRESENTATION_CONTEXT ( 3 ) GLOBAL_UNCERTAINTY_ASSIGNED_CONTEXT ( ( #4878 ) ) GLOBAL_UNIT_ASSIGNED_CONTEXT ( ( #5409, #5692, #9007 ) ) REPRESENTATION_CONTEXT ( 'NONE', 'WORKASPACE' ) );
#7826 =( NAMED_UNIT ( * ) SI_UNIT ( $, .STERADIAN. ) SOLID_ANGLE_UNIT ( ) );
#7827 = AXIS2_PLACEMENT_3D ( 'NONE', #5884, #1967, #2030 ) ;
#7828 = ORIENTED_EDGE ( 'NONE', *, *, #3856, .F. ) ;
#7829 = EDGE_CURVE ( 'NONE', #4085, #1833, #1284, .T. ) ;
#7830 = EDGE_LOOP ( 'NONE', ( #4856, #4828, #2199, #5701 ) ) ;
#7831 = DIRECTION ( 'NONE',  ( 0.0000000000000000000, -0.0000000000000000000, 1.000000000000000000 ) ) ;
#7832 = ORIENTED_EDGE ( 'NONE', *, *, #7355, .T. ) ;
#7833 =( LENGTH_UNIT ( ) NAMED_UNIT ( * ) SI_UNIT ( .MILLI., .METRE. ) );
#7834 = CARTESIAN_POINT ( 'NONE',  ( -11.25000000000000900, 0.8999999999998965500, 4.124999999999937800 ) ) ;
#7835 = LINE ( 'NONE', #7363, #2181 ) ;
#7836 = VECTOR ( 'NONE', #5284, 1000.000000000000000 ) ;
#7837 = DIRECTION ( 'NONE',  ( 1.000000000000000000, 0.0000000000000000000, 0.0000000000000000000 ) ) ;
#7838 = VERTEX_POINT ( 'NONE', #4338 ) ;
#7839 = VERTEX_POINT ( 'NONE', #5066 ) ;
#7840 = ORIENTED_EDGE ( 'NONE', *, *, #9019, .F. ) ;
#7841 = DIRECTION ( 'NONE',  ( 0.0000000000000000000, 0.0000000000000000000, 1.000000000000000000 ) ) ;
#7842 = ORIENTED_EDGE ( 'NONE', *, *, #1667, .T. ) ;
#7843 = DIRECTION ( 'NONE',  ( 1.000000000000000000, 0.0000000000000000000, 0.0000000000000000000 ) ) ;
#7844 = ADVANCED_FACE ( 'NONE', ( #8237 ), #7162, .F. ) ;
#7845 = CARTESIAN_POINT ( 'NONE',  ( -11.24000000000000900, 1.790000000000000000, -4.850000000000021000 ) ) ;
#7846 =( NAMED_UNIT ( * ) PLANE_ANGLE_UNIT ( ) SI_UNIT ( $, .RADIAN. ) );
#7847 = LINE ( 'NONE', #3567, #4079 ) ;
#7848 = CARTESIAN_POINT ( 'NONE',  ( -10.45000000000001000, 0.6000000000000423900, 4.999999999999871200 ) ) ;
#7849 = ORIENTED_EDGE ( 'NONE', *, *, #4093, .T. ) ;
#7850 = STYLED_ITEM ( 'NONE', ( #7277 ), #5703 ) ;
#7851 = LINE ( 'NONE', #8028, #5988 ) ;
#7852 =( GEOMETRIC_REPRESENTATION_CONTEXT ( 3 ) GLOBAL_UNCERTAINTY_ASSIGNED_CONTEXT ( ( #5854 ) ) GLOBAL_UNIT_ASSIGNED_CONTEXT ( ( #1083, #656, #629 ) ) REPRESENTATION_CONTEXT ( 'NONE', 'WORKASPACE' ) );
#7853 = ORIENTED_EDGE ( 'NONE', *, *, #1390, .T. ) ;
#7854 = EDGE_LOOP ( 'NONE', ( #2903, #7832, #5978, #1374 ) ) ;
#7855 = SURFACE_SIDE_STYLE ('',( #5618 ) ) ;
#7856 = ORIENTED_EDGE ( 'NONE', *, *, #8665, .T. ) ;
#7857 =( LENGTH_UNIT ( ) NAMED_UNIT ( * ) SI_UNIT ( .MILLI., .METRE. ) );
#7858 = COLOUR_RGB ( '',0.1647058823529411700, 1.000000000000000000, 0.1529411764705882500 ) ;
#7859 = SURFACE_STYLE_USAGE ( .BOTH. , #8252 ) ;
#7860 = EDGE_CURVE ( 'NONE', #2985, #1744, #4679, .T. ) ;
#7861 = EDGE_LOOP ( 'NONE', ( #806, #9205, #9107, #1023 ) ) ;
#7862 = PRESENTATION_STYLE_ASSIGNMENT (( #2335 ) ) ;
#7863 = COLOUR_RGB ( '',1.000000000000000000, 1.000000000000000000, 1.000000000000000000 ) ;
#7864 = CARTESIAN_POINT ( 'NONE',  ( -11.25000000000000900, 0.5249999999998536900, -3.900000000000120300 ) ) ;
#7865 = PRESENTATION_LAYER_ASSIGNMENT (  '', '', ( #6917 ) ) ;
#7866 = EDGE_CURVE ( 'NONE', #2454, #8486, #2768, .T. ) ;
#7867 = STYLED_ITEM ( 'NONE', ( #4089 ), #3430 ) ;
#7868 = FILL_AREA_STYLE ('',( #6165 ) ) ;
#7869 = DIRECTION ( 'NONE',  ( 0.0000000000000000000, 1.000000000000000000, -0.0000000000000000000 ) ) ;
#7870 = DIRECTION ( 'NONE',  ( -1.991647080242477300E-031, 3.252606517453260400E-015, 1.000000000000000000 ) ) ;
#7871 = VERTEX_POINT ( 'NONE', #7882 ) ;
#7872 =( LENGTH_UNIT ( ) NAMED_UNIT ( * ) SI_UNIT ( .MILLI., .METRE. ) );
#7873 = CARTESIAN_POINT ( 'NONE',  ( -11.45000000000000600, 0.8999999999998956600, 4.124999999999937800 ) ) ;
#7874 = DIRECTION ( 'NONE',  ( -1.000000000000000000, 0.0000000000000000000, 0.0000000000000000000 ) ) ;
#7875 = ORIENTED_EDGE ( 'NONE', *, *, #4135, .T. ) ;
#7876 = UNCERTAINTY_MEASURE_WITH_UNIT (LENGTH_MEASURE( 1.000000000000000100E-005 ), #89, 'distance_accuracy_value', 'NONE');
#7877 = CARTESIAN_POINT ( 'NONE',  ( 3.700123000000011600, 0.0000000000000000000, 5.550153999999987600 ) ) ;
#7878 = CARTESIAN_POINT ( 'NONE',  ( 2.599995000000009600, 0.0000000000000000000, -4.649977999999984800 ) ) ;
#7879 = SURFACE_STYLE_FILL_AREA ( #2044 ) ;
#7880 = CARTESIAN_POINT ( 'NONE',  ( -11.39990099999999600, 0.0000000000000000000, 4.249928000000013000 ) ) ;
#7881 = VECTOR ( 'NONE', #1522, 1000.000000000000000 ) ;
#7882 = CARTESIAN_POINT ( 'NONE',  ( 3.399995000000009900, 0.0000000000000000000, 5.550153999999987600 ) ) ;
#7883 =( LENGTH_UNIT ( ) NAMED_UNIT ( * ) SI_UNIT ( .MILLI., .METRE. ) );
#7884 = FILL_AREA_STYLE_COLOUR ( '', #5008 ) ;
#7885 = PRODUCT_RELATED_PRODUCT_CATEGORY ( 'part', '', ( #8973 ) ) ;
#7886 = VERTEX_POINT ( 'NONE', #8648 ) ;
#7887 = EDGE_LOOP ( 'NONE', ( #6752, #2094, #6200, #8049 ) ) ;
#7888 = DIRECTION ( 'NONE',  ( 1.000000000000000000, 0.0000000000000000000, 0.0000000000000000000 ) ) ;
#7889 = CARTESIAN_POINT ( 'NONE',  ( 12.00010300000000500, 0.5200000000000000200, -5.750051999999991300 ) ) ;
#7890 = EDGE_CURVE ( 'NONE', #1857, #1068, #6114, .T. ) ;
#7891 = PRESENTATION_STYLE_ASSIGNMENT (( #5581 ) ) ;
#7892 = VECTOR ( 'NONE', #1490, 1000.000000000000000 ) ;
#7893 = VECTOR ( 'NONE', #362, 1000.000000000000000 ) ;
#7894 = FILL_AREA_STYLE_COLOUR ( '', #7182 ) ;
#7895 = STYLED_ITEM ( 'NONE', ( #5108 ), #1297 ) ;
#7896 = DIRECTION ( 'NONE',  ( -1.000000000000000000, 0.0000000000000000000, 0.0000000000000000000 ) ) ;
#7897 = AXIS2_PLACEMENT_3D ( 'NONE', #5434, #5389, #4952 ) ;
#7898 = VERTEX_POINT ( 'NONE', #754 ) ;
#7899 = ORIENTED_EDGE ( 'NONE', *, *, #7155, .T. ) ;
#7900 = EDGE_CURVE ( 'NONE', #7554, #9183, #8009, .T. ) ;
#7901 = CARTESIAN_POINT ( 'NONE',  ( -11.10000000000005600, 1.799999999999999600, -4.990000000000092600 ) ) ;
#7902 = VERTEX_POINT ( 'NONE', #5797 ) ;
#7903 = PRESENTATION_STYLE_ASSIGNMENT (( #6144 ) ) ;
#7904 = ADVANCED_FACE ( 'NONE', ( #2336 ), #7225, .T. ) ;
#7905 = FACE_OUTER_BOUND ( 'NONE', #8384, .T. ) ;
#7906 = LINE ( 'NONE', #2296, #2460 ) ;
#7907 = LINE ( 'NONE', #7709, #2248 ) ;
#7908 =( LENGTH_UNIT ( ) NAMED_UNIT ( * ) SI_UNIT ( .MILLI., .METRE. ) );
#7909 = VERTEX_POINT ( 'NONE', #6533 ) ;
#7910 = FILL_AREA_STYLE_COLOUR ( '', #4191 ) ;
#7911 = CARTESIAN_POINT ( 'NONE',  ( 4.000118999999989100, 0.5200000000000000200, 0.1498600000000155400 ) ) ;
#7912 = AXIS2_PLACEMENT_3D ( 'NONE', #5570, #5112, #5993 ) ;
#7913 = ORIENTED_EDGE ( 'NONE', *, *, #664, .F. ) ;
#7914 = LINE ( 'NONE', #3404, #4383 ) ;
#7915 = PRESENTATION_STYLE_ASSIGNMENT (( #8342 ) ) ;
#7916 = CARTESIAN_POINT ( 'NONE',  ( -11.25000000000000900, 0.8999999999998653500, -4.950000000000117400 ) ) ;
#7917 = CARTESIAN_POINT ( 'NONE',  ( -11.25000000000000900, 0.8999999999998696800, -3.675000000000090900 ) ) ;
#7918 = AXIS2_PLACEMENT_3D ( 'NONE', #6395, #6331, #6637 ) ;
#7919 = ORIENTED_EDGE ( 'NONE', *, *, #5432, .F. ) ;
#7920 = DIRECTION ( 'NONE',  ( 0.0000000000000000000, 0.0000000000000000000, -1.000000000000000000 ) ) ;
#7921 = FILL_AREA_STYLE ('',( #2242 ) ) ;
#7922 = SURFACE_STYLE_USAGE ( .BOTH. , #7954 ) ;
#7923 =( NAMED_UNIT ( * ) SI_UNIT ( $, .STERADIAN. ) SOLID_ANGLE_UNIT ( ) );
#7924 = LINE ( 'NONE', #1912, #517 ) ;
#7925 = LINE ( 'NONE', #7227, #518 ) ;
#7926 = ORIENTED_EDGE ( 'NONE', *, *, #6167, .T. ) ;
#7927 = FACE_OUTER_BOUND ( 'NONE', #837, .T. ) ;
#7928 = DIRECTION ( 'NONE',  ( -1.000000000000000000, 0.0000000000000000000, 0.0000000000000000000 ) ) ;
#7929 = ORIENTED_EDGE ( 'NONE', *, *, #921, .T. ) ;
#7930 =( LENGTH_UNIT ( ) NAMED_UNIT ( * ) SI_UNIT ( .MILLI., .METRE. ) );
#7931 =( GEOMETRIC_REPRESENTATION_CONTEXT ( 3 ) GLOBAL_UNCERTAINTY_ASSIGNED_CONTEXT ( ( #8947 ) ) GLOBAL_UNIT_ASSIGNED_CONTEXT ( ( #8238, #8293, #8401 ) ) REPRESENTATION_CONTEXT ( 'NONE', 'WORKASPACE' ) );
#7932 = VECTOR ( 'NONE', #9207, 1000.000000000000000 ) ;
#7933 = VECTOR ( 'NONE', #3774, 1000.000000000000000 ) ;
#7934 = VERTEX_POINT ( 'NONE', #7953 ) ;
#7935 = CARTESIAN_POINT ( 'NONE',  ( -10.90002899999999800, 0.0000000000000000000, 2.249839999999991000 ) ) ;
#7936 = PRESENTATION_STYLE_ASSIGNMENT (( #2486 ) ) ;
#7937 = UNCERTAINTY_MEASURE_WITH_UNIT (LENGTH_MEASURE( 1.000000000000000100E-005 ), #8508, 'distance_accuracy_value', 'NONE');
#7938 = DIRECTION ( 'NONE',  ( 0.0000000000000000000, 0.0000000000000000000, -1.000000000000000000 ) ) ;
#7939 = SURFACE_STYLE_USAGE ( .BOTH. , #5514 ) ;
#7940 = DIRECTION ( 'NONE',  ( 0.0000000000000000000, 1.000000000000000000, -3.252606517453260400E-015 ) ) ;
#7941 = CARTESIAN_POINT ( 'NONE',  ( -6.876393202613789900, 0.9000001009055432800, 5.199999999999871400 ) ) ;
#7942 = LINE ( 'NONE', #839, #7703 ) ;
#7943 = VECTOR ( 'NONE', #3793, 1000.000000000000000 ) ;
#7944 = DIRECTION ( 'NONE',  ( 0.0000000000000000000, 0.0000000000000000000, 1.000000000000000000 ) ) ;
#7945 = CIRCLE ( 'NONE', #7442, 0.2100000000000002100 ) ;
#7946 = UNCERTAINTY_MEASURE_WITH_UNIT (LENGTH_MEASURE( 1.000000000000000100E-005 ), #8080, 'distance_accuracy_value', 'NONE');
#7947 = SURFACE_STYLE_FILL_AREA ( #1800 ) ;
#7948 = EDGE_CURVE ( 'NONE', #5337, #1941, #4565, .T. ) ;
#7949 = PLANE ( 'NONE',  #5661 ) ;
#7950 = CARTESIAN_POINT ( 'NONE',  ( 3.200019000000005500, 0.5200000000000000200, -0.1501140000000206200 ) ) ;
#7951 = PRESENTATION_STYLE_ASSIGNMENT (( #3513 ) ) ;
#7952 = ADVANCED_FACE ( 'NONE', ( #8340 ), #8681, .T. ) ;
#7953 = CARTESIAN_POINT ( 'NONE',  ( 2.900044999999996900, 0.0000000000000000000, 0.5001260000000035100 ) ) ;
#7954 = SURFACE_SIDE_STYLE ('',( #4732 ) ) ;
#7955 = DIRECTION ( 'NONE',  ( 0.0000000000000000000, -1.000000000000000000, 0.0000000000000000000 ) ) ;
#7956 = CARTESIAN_POINT ( 'NONE',  ( -1.399921000000019300, 0.0000000000000000000, -0.5001260000000035100 ) ) ;
#7957 = MECHANICAL_DESIGN_GEOMETRIC_PRESENTATION_REPRESENTATION (  '', ( #6172 ), #7641 ) ;
#7958 = VERTEX_POINT ( 'NONE', #3717 ) ;
#7959 = VERTEX_POINT ( 'NONE', #1592 ) ;
#7960 = EDGE_CURVE ( 'NONE', #7977, #6968, #7446, .T. ) ;
#7961 = DIRECTION ( 'NONE',  ( 0.0000000000000000000, 0.0000000000000000000, 1.000000000000000000 ) ) ;
#7962 = VECTOR ( 'NONE', #257, 1000.000000000000000 ) ;
#7963 = CARTESIAN_POINT ( 'NONE',  ( 0.0000000000000000000, 0.0000000000000000000, 1.749968000000006200 ) ) ;
#7964 = CARTESIAN_POINT ( 'NONE',  ( 0.1000000000000497000, 1.399999999999953300, 17.92388274267651100 ) ) ;
#7965 = COLOUR_RGB ( '',1.000000000000000000, 1.000000000000000000, 1.000000000000000000 ) ;
#7966 = EDGE_CURVE ( 'NONE', #287, #6037, #39, .T. ) ;
#7967 = ORIENTED_EDGE ( 'NONE', *, *, #1743, .T. ) ;
#7968 = ORIENTED_EDGE ( 'NONE', *, *, #3548, .T. ) ;
#7969 = EDGE_LOOP ( 'NONE', ( #1842, #7714, #2608, #5554 ) ) ;
#7970 = LINE ( 'NONE', #1419, #6083 ) ;
#7971 = STYLED_ITEM ( 'NONE', ( #3727 ), #1771 ) ;
#7972 = COLOUR_RGB ( '',1.000000000000000000, 1.000000000000000000, 1.000000000000000000 ) ;
#7973 = FILL_AREA_STYLE_COLOUR ( '', #1768 ) ;
#7974 = SURFACE_STYLE_USAGE ( .BOTH. , #8013 ) ;
#7975 = VERTEX_POINT ( 'NONE', #877 ) ;
#7976 =( NAMED_UNIT ( * ) SI_UNIT ( $, .STERADIAN. ) SOLID_ANGLE_UNIT ( ) );
#7977 = VERTEX_POINT ( 'NONE', #5221 ) ;
#7978 = EDGE_LOOP ( 'NONE', ( #3400, #5546, #4770, #5344 ) ) ;
#7979 = CARTESIAN_POINT ( 'NONE',  ( -8.299876999999989700, 0.0000000000000000000, 4.649977999999984800 ) ) ;
#7980 = ORIENTED_EDGE ( 'NONE', *, *, #934, .T. ) ;
#7981 = ORIENTED_EDGE ( 'NONE', *, *, #5777, .F. ) ;
#7982 = FILL_AREA_STYLE_COLOUR ( '', #8249 ) ;
#7983 = CIRCLE ( 'NONE', #4874, 0.2250000000000307300 ) ;
#7984 = FACE_OUTER_BOUND ( 'NONE', #7030, .T. ) ;
#7985 = ORIENTED_EDGE ( 'NONE', *, *, #2943, .F. ) ;
#7986 = CARTESIAN_POINT ( 'NONE',  ( -11.39990099999999600, -5.000000000000000000, 3.899916000000017000 ) ) ;
#7987 = CARTESIAN_POINT ( 'NONE',  ( -11.45000000000000600, 0.8999999999998687900, -3.675000000000090900 ) ) ;
#7988 = VERTEX_POINT ( 'NONE', #147 ) ;
#7989 = FILL_AREA_STYLE ('',( #7973 ) ) ;
#7990 = ORIENTED_EDGE ( 'NONE', *, *, #8133, .F. ) ;
#7991 =( LENGTH_UNIT ( ) NAMED_UNIT ( * ) SI_UNIT ( .MILLI., .METRE. ) );
#7992 = FILL_AREA_STYLE ('',( #8121 ) ) ;
#7993 = CARTESIAN_POINT ( 'NONE',  ( 0.4499999999998983700, 0.5249999999998814500, 4.124999999999939600 ) ) ;
#7994 = FILL_AREA_STYLE_COLOUR ( '', #3721 ) ;
#7995 = DIRECTION ( 'NONE',  ( 0.0000000000000000000, -0.0000000000000000000, -1.000000000000000000 ) ) ;
#7996 = MECHANICAL_DESIGN_GEOMETRIC_PRESENTATION_REPRESENTATION (  '', ( #6568 ), #8485 ) ;
#7997 = LINE ( 'NONE', #4585, #2323 ) ;
#7998 =( GEOMETRIC_REPRESENTATION_CONTEXT ( 3 ) GLOBAL_UNCERTAINTY_ASSIGNED_CONTEXT ( ( #6524 ) ) GLOBAL_UNIT_ASSIGNED_CONTEXT ( ( #486, #2132, #55 ) ) REPRESENTATION_CONTEXT ( 'NONE', 'WORKASPACE' ) );
#7999 = FACE_BOUND ( 'NONE', #4757, .T. ) ;
#8000 = COLOUR_RGB ( '',1.000000000000000000, 1.000000000000000000, 1.000000000000000000 ) ;
#8001 = CARTESIAN_POINT ( 'NONE',  ( -8.600004999999990600, 0.0000000000000000000, 0.0000000000000000000 ) ) ;
#8002 = ORIENTED_EDGE ( 'NONE', *, *, #4756, .F. ) ;
#8003 = SURFACE_STYLE_USAGE ( .BOTH. , #7084 ) ;
#8004 = UNCERTAINTY_MEASURE_WITH_UNIT (LENGTH_MEASURE( 1.000000000000000100E-005 ), #7459, 'distance_accuracy_value', 'NONE');
#8005 = EDGE_CURVE ( 'NONE', #8012, #6134, #5781, .T. ) ;
#8006 = VECTOR ( 'NONE', #6319, 1000.000000000000000 ) ;
#8007 = VERTEX_POINT ( 'NONE', #5916 ) ;
#8008 = FACE_OUTER_BOUND ( 'NONE', #957, .T. ) ;
#8009 = LINE ( 'NONE', #6506, #364 ) ;
#8010 = ADVANCED_FACE ( 'NONE', ( #5566 ), #8025, .T. ) ;
#8011 = PRESENTATION_LAYER_ASSIGNMENT (  '', '', ( #7049 ) ) ;
#8012 = VERTEX_POINT ( 'NONE', #5945 ) ;
#8013 = SURFACE_SIDE_STYLE ('',( #1590 ) ) ;
#8014 = CARTESIAN_POINT ( 'NONE',  ( 2.349881000000005200, 0.8199999999999999500, -0.5501640000000057600 ) ) ;
#8015 = DIRECTION ( 'NONE',  ( 0.0000000000000000000, 0.0000000000000000000, 1.000000000000000000 ) ) ;
#8016 = LINE ( 'NONE', #288, #5910 ) ;
#8017 = LINE ( 'NONE', #5610, #5911 ) ;
#8018 = DIRECTION ( 'NONE',  ( 0.0000000000000000000, 0.0000000000000000000, -1.000000000000000000 ) ) ;
#8019 = VERTEX_POINT ( 'NONE', #3108 ) ;
#8020 = ORIENTED_EDGE ( 'NONE', *, *, #5537, .F. ) ;
#8021 = EDGE_CURVE ( 'NONE', #1464, #2381, #3001, .T. ) ;
#8022 = CARTESIAN_POINT ( 'NONE',  ( 1.149985000000013100, 0.7500000000000000000, 4.499864000000005900 ) ) ;
#8023 = FACE_OUTER_BOUND ( 'NONE', #8928, .T. ) ;
#8024 = SURFACE_SIDE_STYLE ('',( #7249 ) ) ;
#8025 = PLANE ( 'NONE',  #7347 ) ;
#8026 = LINE ( 'NONE', #1629, #4241 ) ;
#8027 = DIRECTION ( 'NONE',  ( -1.000000000000000000, 0.0000000000000000000, 0.0000000000000000000 ) ) ;
#8028 = CARTESIAN_POINT ( 'NONE',  ( 0.0000000000000000000, 0.0000000000000000000, -4.649977999999984800 ) ) ;
#8029 = DIRECTION ( 'NONE',  ( 0.0000000000000000000, 0.0000000000000000000, -1.000000000000000000 ) ) ;
#8030 = ORIENTED_EDGE ( 'NONE', *, *, #4151, .F. ) ;
#8031 = EDGE_CURVE ( 'NONE', #8684, #6922, #8448, .T. ) ;
#8032 = ORIENTED_EDGE ( 'NONE', *, *, #5950, .T. ) ;
#8033 = EDGE_CURVE ( 'NONE', #1896, #2464, #1039, .T. ) ;
#8034 = PLANE ( 'NONE',  #1881 ) ;
#8035 = CIRCLE ( 'NONE', #3337, 0.2249999999999752200 ) ;
#8036 = VECTOR ( 'NONE', #4194, 1000.000000000000000 ) ;
#8037 = MECHANICAL_DESIGN_GEOMETRIC_PRESENTATION_REPRESENTATION (  '', ( #6598 ), #8522 ) ;
#8038 = DIRECTION ( 'NONE',  ( 0.0000000000000000000, 3.469446951953482400E-015, 1.000000000000000000 ) ) ;
#8039 = STYLED_ITEM ( 'NONE', ( #4730 ), #4297 ) ;
#8040 = EDGE_CURVE ( 'NONE', #2648, #3551, #2755, .T. ) ;
#8041 = ORIENTED_EDGE ( 'NONE', *, *, #7778, .F. ) ;
#8042 = SURFACE_STYLE_FILL_AREA ( #2881 ) ;
#8043 = PLANE ( 'NONE',  #5407 ) ;
#8044 = EDGE_CURVE ( 'NONE', #2974, #2411, #4666, .T. ) ;
#8045 = CARTESIAN_POINT ( 'NONE',  ( 0.2399999999998991600, -28.62307019352236600, 4.849999999999909900 ) ) ;
#8046 = CARTESIAN_POINT ( 'NONE',  ( -19.77299677870442100, 1.399999999999810300, -4.950000000000119200 ) ) ;
#8047 = DIRECTION ( 'NONE',  ( 0.0000000000000000000, 0.0000000000000000000, 1.000000000000000000 ) ) ;
#8048 = LINE ( 'NONE', #3472, #2580 ) ;
#8049 = ORIENTED_EDGE ( 'NONE', *, *, #4357, .T. ) ;
#8050 = PLANE ( 'NONE',  #74 ) ;
#8051 = VECTOR ( 'NONE', #5867, 1000.000000000000000 ) ;
#8052 = LINE ( 'NONE', #6380, #4274 ) ;
#8053 = MECHANICAL_DESIGN_GEOMETRIC_PRESENTATION_REPRESENTATION (  '', ( #6613 ), #8541 ) ;
#8054 = DIRECTION ( 'NONE',  ( 0.0000000000000000000, -1.000000000000000000, 0.0000000000000000000 ) ) ;
#8055 = ADVANCED_FACE ( 'NONE', ( #8224 ), #237, .F. ) ;
#8056 = DIRECTION ( 'NONE',  ( 0.0000000000000000000, 0.0000000000000000000, 1.000000000000000000 ) ) ;
#8057 = CARTESIAN_POINT ( 'NONE',  ( -11.10000000000004900, 1.799999999999999600, 4.989999999999869700 ) ) ;
#8058 =( LENGTH_UNIT ( ) NAMED_UNIT ( * ) SI_UNIT ( .MILLI., .METRE. ) );
#8059 = VECTOR ( 'NONE', #9055, 1000.000000000000000 ) ;
#8060 = EDGE_CURVE ( 'NONE', #1410, #400, #6101, .T. ) ;
#8061 = LINE ( 'NONE', #2554, #2593 ) ;
#8062 = DIRECTION ( 'NONE',  ( 0.0000000000000000000, 0.0000000000000000000, 1.000000000000000000 ) ) ;
#8063 = MECHANICAL_DESIGN_GEOMETRIC_PRESENTATION_REPRESENTATION (  '', ( #6626 ), #8556 ) ;
#8064 = EDGE_CURVE ( 'NONE', #3235, #2670, #7997, .T. ) ;
#8065 = COLOUR_RGB ( '',1.000000000000000000, 1.000000000000000000, 1.000000000000000000 ) ;
#8066 = SURFACE_STYLE_FILL_AREA ( #2183 ) ;
#8067 = LINE ( 'NONE', #3611, #6171 ) ;
#8068 = SURFACE_STYLE_USAGE ( .BOTH. , #8024 ) ;
#8069 = DIRECTION ( 'NONE',  ( 0.0000000000000000000, 1.000000000000000000, 0.0000000000000000000 ) ) ;
#8070 = DIRECTION ( 'NONE',  ( 0.0000000000000000000, 0.0000000000000000000, 1.000000000000000000 ) ) ;
#8071 = VECTOR ( 'NONE', #1886, 1000.000000000000000 ) ;
#8072 = FILL_AREA_STYLE_COLOUR ( '', #8728 ) ;
#8073 = AXIS2_PLACEMENT_3D ( 'NONE', #1166, #6194, #1911 ) ;
#8074 = VECTOR ( 'NONE', #3248, 1000.000000000000000 ) ;
#8075 = ORIENTED_EDGE ( 'NONE', *, *, #2367, .T. ) ;
#8076 = ORIENTED_EDGE ( 'NONE', *, *, #5114, .T. ) ;
#8077 = EDGE_CURVE ( 'NONE', #3520, #2411, #579, .T. ) ;
#8078 = ORIENTED_EDGE ( 'NONE', *, *, #3493, .T. ) ;
#8079 = DIRECTION ( 'NONE',  ( 0.0000000000000000000, 1.000000000000000000, -0.0000000000000000000 ) ) ;
#8080 =( LENGTH_UNIT ( ) NAMED_UNIT ( * ) SI_UNIT ( .MILLI., .METRE. ) );
#8081 = CARTESIAN_POINT ( 'NONE',  ( 4.000118999999989100, 0.8199999999999999500, -0.1501140000000206200 ) ) ;
#8082 = CARTESIAN_POINT ( 'NONE',  ( -3.899999999999922600, 0.7000001004988012400, -5.000000000000093300 ) ) ;
#8083 = LINE ( 'NONE', #1650, #5970 ) ;
#8084 =( NAMED_UNIT ( * ) PLANE_ANGLE_UNIT ( ) SI_UNIT ( $, .RADIAN. ) );
#8085 = CARTESIAN_POINT ( 'NONE',  ( -6.699876999999989200, 0.0000000000000000000, -0.0000000000000000000 ) ) ;
#8086 = DIRECTION ( 'NONE',  ( 0.0000000000000000000, 0.0000000000000000000, 1.000000000000000000 ) ) ;
#8087 = EDGE_CURVE ( 'NONE', #7753, #8007, #354, .T. ) ;
#8088 = MECHANICAL_DESIGN_GEOMETRIC_PRESENTATION_REPRESENTATION (  '', ( #6654 ), #8588 ) ;
#8089 = VECTOR ( 'NONE', #7896, 1000.000000000000000 ) ;
#8090 = VERTEX_POINT ( 'NONE', #4612 ) ;
#8091 = EDGE_CURVE ( 'NONE', #2861, #7434, #5893, .T. ) ;
#8092 = ORIENTED_EDGE ( 'NONE', *, *, #7417, .T. ) ;
#8093 = ORIENTED_EDGE ( 'NONE', *, *, #86, .F. ) ;
#8094 = LINE ( 'NONE', #5694, #453 ) ;
#8095 = PLANE ( 'NONE',  #7519 ) ;
#8096 = EDGE_CURVE ( 'NONE', #7509, #8433, #4211, .T. ) ;
#8097 = PLANE ( 'NONE',  #2781 ) ;
#8098 = VECTOR ( 'NONE', #214, 1000.000000000000000 ) ;
#8099 = ORIENTED_EDGE ( 'NONE', *, *, #894, .T. ) ;
#8100 = ADVANCED_FACE ( 'NONE', ( #5667 ), #7329, .F. ) ;
#8101 = EDGE_LOOP ( 'NONE', ( #5942, #1210, #887, #9096 ) ) ;
#8102 = AXIS2_PLACEMENT_3D ( 'NONE', #6327, #6297, #6203 ) ;
#8103 = DIRECTION ( 'NONE',  ( -0.5547001962254430900, -0.8320502943377010600, 0.0000000000000000000 ) ) ;
#8104 = DIRECTION ( 'NONE',  ( 0.0000000000000000000, 0.0000000000000000000, 1.000000000000000000 ) ) ;
#8105 = VECTOR ( 'NONE', #2566, 1000.000000000000000 ) ;
#8106 = EDGE_CURVE ( 'NONE', #1752, #6602, #3777, .T. ) ;
#8107 =( NAMED_UNIT ( * ) PLANE_ANGLE_UNIT ( ) SI_UNIT ( $, .RADIAN. ) );
#8108 = CARTESIAN_POINT ( 'NONE',  ( 0.2499999999998978600, 0.8999999999998696800, -3.675000000000090900 ) ) ;
#8109 =( NAMED_UNIT ( * ) PLANE_ANGLE_UNIT ( ) SI_UNIT ( $, .RADIAN. ) );
#8110 = STYLED_ITEM ( 'NONE', ( #8261 ), #4659 ) ;
#8111 = ORIENTED_EDGE ( 'NONE', *, *, #2641, .F. ) ;
#8112 = LINE ( 'NONE', #6340, #2428 ) ;
#8113 = FACE_OUTER_BOUND ( 'NONE', #9358, .T. ) ;
#8114 = FILL_AREA_STYLE ('',( #9325 ) ) ;
#8115 = EDGE_LOOP ( 'NONE', ( #2604, #2395, #7612, #6 ) ) ;
#8116 = ADVANCED_FACE ( 'NONE', ( #2078 ), #6760, .T. ) ;
#8117 = ORIENTED_EDGE ( 'NONE', *, *, #8833, .F. ) ;
#8118 =( NAMED_UNIT ( * ) SI_UNIT ( $, .STERADIAN. ) SOLID_ANGLE_UNIT ( ) );
#8119 = UNCERTAINTY_MEASURE_WITH_UNIT (LENGTH_MEASURE( 1.000000000000000100E-005 ), #4938, 'distance_accuracy_value', 'NONE');
#8120 = DIRECTION ( 'NONE',  ( 0.0000000000000000000, 3.252606517456872200E-015, 1.000000000000000000 ) ) ;
#8121 = FILL_AREA_STYLE_COLOUR ( '', #884 ) ;
#8122 = DIRECTION ( 'NONE',  ( -1.000000000000000000, -0.0000000000000000000, -0.0000000000000000000 ) ) ;
#8123 = VERTEX_POINT ( 'NONE', #300 ) ;
#8124 = DIRECTION ( 'NONE',  ( 0.0000000000000000000, 0.0000000000000000000, 1.000000000000000000 ) ) ;
#8125 = MECHANICAL_DESIGN_GEOMETRIC_PRESENTATION_REPRESENTATION (  '', ( #6679 ), #8622 ) ;
#8126 = FACE_OUTER_BOUND ( 'NONE', #1849, .T. ) ;
#8127 = LINE ( 'NONE', #773, #7881 ) ;
#8128 = SURFACE_STYLE_FILL_AREA ( #7278 ) ;
#8129 = DIRECTION ( 'NONE',  ( 1.000000000000000000, 0.0000000000000000000, 0.0000000000000000000 ) ) ;
#8130 = CARTESIAN_POINT ( 'NONE',  ( -4.200017000000007000, 0.0000000000000000000, 3.299967999999972700 ) ) ;
#8131 = VERTEX_POINT ( 'NONE', #6791 ) ;
#8132 = UNCERTAINTY_MEASURE_WITH_UNIT (LENGTH_MEASURE( 1.000000000000000100E-005 ), #9071, 'distance_accuracy_value', 'NONE');
#8133 = EDGE_CURVE ( 'NONE', #2434, #3197, #928, .T. ) ;
#8134 = DIRECTION ( 'NONE',  ( 0.0000000000000000000, 1.000000000000000000, -0.0000000000000000000 ) ) ;
#8135 = VECTOR ( 'NONE', #8431, 1000.000000000000000 ) ;
#8136 = VECTOR ( 'NONE', #6793, 1000.000000000000000 ) ;
#8137 = AXIS2_PLACEMENT_3D ( 'NONE', #6407, #6313, #6132 ) ;
#8138 = LINE ( 'NONE', #7330, #6236 ) ;
#8139 = DIRECTION ( 'NONE',  ( 0.0000000000000000000, 0.0000000000000000000, 1.000000000000000000 ) ) ;
#8141 = VERTEX_POINT ( 'NONE', #2538 ) ;
#8140 =( NAMED_UNIT ( * ) SI_UNIT ( $, .STERADIAN. ) SOLID_ANGLE_UNIT ( ) );
#8142 = PLANE ( 'NONE',  #3872 ) ;
#8143 = ORIENTED_EDGE ( 'NONE', *, *, #6881, .T. ) ;
#8144 = EDGE_CURVE ( 'NONE', #494, #3692, #2875, .T. ) ;
#8145 = FILL_AREA_STYLE ('',( #8072 ) ) ;
#8146 = CIRCLE ( 'NONE', #6776, 0.009999999999999592500 ) ;
#8147 = EDGE_CURVE ( 'NONE', #1843, #1744, #4782, .T. ) ;
#8148 = LINE ( 'NONE', #568, #2459 ) ;
#8149 = VECTOR ( 'NONE', #6526, 1000.000000000000000 ) ;
#8150 = EDGE_CURVE ( 'NONE', #1538, #7753, #4555, .T. ) ;
#8151 = CIRCLE ( 'NONE', #6023, 0.2100000000000001300 ) ;
#8152 = ORIENTED_EDGE ( 'NONE', *, *, #1909, .F. ) ;
#8153 = ADVANCED_FACE ( 'NONE', ( #6436 ), #7545, .F. ) ;
#8154 = DIRECTION ( 'NONE',  ( 0.0000000000000000000, 0.0000000000000000000, 1.000000000000000000 ) ) ;
#8155 = ORIENTED_EDGE ( 'NONE', *, *, #2777, .T. ) ;
#8156 = LINE ( 'NONE', #3376, #1788 ) ;
#8157 = EDGE_CURVE ( 'NONE', #7416, #6961, #6204, .T. ) ;
#8158 = VECTOR ( 'NONE', #919, 1000.000000000000000 ) ;
#8159 = EDGE_LOOP ( 'NONE', ( #7128, #1258, #5608, #7305 ) ) ;
#8160 = MECHANICAL_DESIGN_GEOMETRIC_PRESENTATION_REPRESENTATION (  '', ( #7206 ), #8662 ) ;
#8161 = CARTESIAN_POINT ( 'NONE',  ( -3.676393202613750200, 0.9000001009055952400, -17.92388274267673500 ) ) ;
#8162 = VECTOR ( 'NONE', #2179, 1000.000000000000000 ) ;
#8163 = ADVANCED_FACE ( 'NONE', ( #461 ), #394, .F. ) ;
#8164 = CARTESIAN_POINT ( 'NONE',  ( 8.772996778704309100, 0.8999999999998679100, -4.125000000000041700 ) ) ;
#8165 = EDGE_CURVE ( 'NONE', #8994, #7032, #2628, .T. ) ;
#8166 = VECTOR ( 'NONE', #6735, 1000.000000000000000 ) ;
#8167 = ORIENTED_EDGE ( 'NONE', *, *, #4820, .T. ) ;
#8168 = CARTESIAN_POINT ( 'NONE',  ( -10.90002899999999800, 0.0000000000000000000, -1.750160000000009700 ) ) ;
#8169 = DIRECTION ( 'NONE',  ( 0.0000000000000000000, 0.0000000000000000000, 1.000000000000000000 ) ) ;
#8170 = DIRECTION ( 'NONE',  ( 0.0000000000000000000, 0.0000000000000000000, 1.000000000000000000 ) ) ;
#8171 = VERTEX_POINT ( 'NONE', #3308 ) ;
#8172 = SURFACE_SIDE_STYLE ('',( #848 ) ) ;
#8173 = SURFACE_STYLE_FILL_AREA ( #3023 ) ;
#8174 = AXIS2_PLACEMENT_3D ( 'NONE', #3200, #8181, #3921 ) ;
#8175 = STYLED_ITEM ( 'NONE', ( #8389 ), #2682 ) ;
#8176 = DIRECTION ( 'NONE',  ( 1.000000000000000000, 0.0000000000000000000, 0.0000000000000000000 ) ) ;
#8177 = LINE ( 'NONE', #8730, #2490 ) ;
#8178 = CARTESIAN_POINT ( 'NONE',  ( -19.77299677870442100, 2.000000000000000000, 4.849999999999909900 ) ) ;
#8179 = DIRECTION ( 'NONE',  ( 0.0000000000000000000, 1.000000000000000000, -0.0000000000000000000 ) ) ;
#8180 = VECTOR ( 'NONE', #4306, 1000.000000000000000 ) ;
#8181 = DIRECTION ( 'NONE',  ( 0.0000000000000000000, 1.000000000000000000, -0.0000000000000000000 ) ) ;
#8182 = CARTESIAN_POINT ( 'NONE',  ( 2.049906999999996600, 0.8199999999999999500, 0.05003799999998837000 ) ) ;
#8183 = EDGE_CURVE ( 'NONE', #8722, #4693, #2425, .T. ) ;
#8184 = VECTOR ( 'NONE', #1417, 1000.000000000000000 ) ;
#8185 = FACE_OUTER_BOUND ( 'NONE', #3986, .T. ) ;
#8186 = CARTESIAN_POINT ( 'NONE',  ( 0.1000000000000497000, 1.799999999999999600, 4.849999999999909900 ) ) ;
#8187 = MECHANICAL_DESIGN_GEOMETRIC_PRESENTATION_REPRESENTATION (  '', ( #6737 ), #8703 ) ;
#8188 = ORIENTED_EDGE ( 'NONE', *, *, #5606, .F. ) ;
#8189 = DIRECTION ( 'NONE',  ( 1.000000000000000000, -0.0000000000000000000, 0.0000000000000000000 ) ) ;
#8190 = AXIS2_PLACEMENT_3D ( 'NONE', #2750, #2054, #7047 ) ;
#8191 = ORIENTED_EDGE ( 'NONE', *, *, #2462, .F. ) ;
#8192 = ORIENTED_EDGE ( 'NONE', *, *, #6832, .F. ) ;
#8193 = CARTESIAN_POINT ( 'NONE',  ( -0.5500000000001007400, 0.6000001009056257200, 17.92388274267651100 ) ) ;
#8194 = VERTEX_POINT ( 'NONE', #4057 ) ;
#8195 = CARTESIAN_POINT ( 'NONE',  ( 0.1000000000000497000, 1.799999999999999600, 4.849999999999909900 ) ) ;
#8196 = COLOUR_RGB ( '',1.000000000000000000, 1.000000000000000000, 1.000000000000000000 ) ;
#8197 = CARTESIAN_POINT ( 'NONE',  ( 0.4499999999998983700, 1.399999999999809400, -4.950000000000119200 ) ) ;
#8198 =( NAMED_UNIT ( * ) SI_UNIT ( $, .STERADIAN. ) SOLID_ANGLE_UNIT ( ) );
#8199 = ORIENTED_EDGE ( 'NONE', *, *, #8373, .T. ) ;
#8200 = EDGE_CURVE ( 'NONE', #1837, #1508, #3415, .T. ) ;
#8201 = DIRECTION ( 'NONE',  ( 1.000000000000000000, 0.0000000000000000000, 0.0000000000000000000 ) ) ;
#8202 = ORIENTED_EDGE ( 'NONE', *, *, #9270, .F. ) ;
#8204 = DIRECTION ( 'NONE',  ( -0.5547001962252291500, 0.8320502943378437200, 0.0000000000000000000 ) ) ;
#8203 = SURFACE_STYLE_USAGE ( .BOTH. , #8172 ) ;
#8205 = LINE ( 'NONE', #29, #6306 ) ;
#8206 = ADVANCED_FACE ( 'NONE', ( #9148 ), #1185, .F. ) ;
#8207 = VECTOR ( 'NONE', #2397, 1000.000000000000000 ) ;
#8208 = EDGE_CURVE ( 'NONE', #440, #5264, #8218, .T. ) ;
#8209 = ORIENTED_EDGE ( 'NONE', *, *, #6296, .F. ) ;
#8210 = CARTESIAN_POINT ( 'NONE',  ( -7.499876999999989900, 0.0000000000000000000, -0.0000000000000000000 ) ) ;
#8211 = EDGE_CURVE ( 'NONE', #980, #1896, #4660, .T. ) ;
#8212 = DIRECTION ( 'NONE',  ( -2.189528850507526700E-047, 2.891205793293927200E-015, 1.000000000000000000 ) ) ;
#8213 = CARTESIAN_POINT ( 'NONE',  ( -11.10000000000004900, 1.799999999999999600, -5.200000000000092500 ) ) ;
#8214 = ORIENTED_EDGE ( 'NONE', *, *, #5472, .F. ) ;
#8215 =( LENGTH_UNIT ( ) NAMED_UNIT ( * ) SI_UNIT ( .MILLI., .METRE. ) );
#8216 = PLANE ( 'NONE',  #3769 ) ;
#8217 = CARTESIAN_POINT ( 'NONE',  ( -2.699876999999989200, 0.0000000000000000000, -0.0000000000000000000 ) ) ;
#8218 = LINE ( 'NONE', #6243, #2745 ) ;
#8219 = PRESENTATION_LAYER_ASSIGNMENT (  '', '', ( #7270 ) ) ;
#8220 = ORIENTED_EDGE ( 'NONE', *, *, #3046, .F. ) ;
#8221 = VERTEX_POINT ( 'NONE', #3401 ) ;
#8222 = ORIENTED_EDGE ( 'NONE', *, *, #6110, .F. ) ;
#8223 = DIRECTION ( 'NONE',  ( 0.0000000000000000000, -1.000000000000000000, 3.469446951953997200E-015 ) ) ;
#8224 = FACE_OUTER_BOUND ( 'NONE', #2703, .T. ) ;
#8225 = DIRECTION ( 'NONE',  ( 0.0000000000000000000, 0.0000000000000000000, 1.000000000000000000 ) ) ;
#8226 = ORIENTED_EDGE ( 'NONE', *, *, #4973, .T. ) ;
#8227 = FACE_BOUND ( 'NONE', #4325, .T. ) ;
#8228 = FACE_OUTER_BOUND ( 'NONE', #6430, .T. ) ;
#8229 = STYLED_ITEM ( 'NONE', ( #7903 ), #2402 ) ;
#8230 = EDGE_LOOP ( 'NONE', ( #8664, #8418, #8188, #4314 ) ) ;
#8231 = DIRECTION ( 'NONE',  ( 0.0000000000000000000, 0.0000000000000000000, 1.000000000000000000 ) ) ;
#8232 = EDGE_LOOP ( 'NONE', ( #3125, #19, #5761, #2191 ) ) ;
#8233 = DIRECTION ( 'NONE',  ( 0.0000000000000000000, 1.000000000000000000, 0.0000000000000000000 ) ) ;
#8234 = AXIS2_PLACEMENT_3D ( 'NONE', #2274, #1806, #4638 ) ;
#8235 = DIRECTION ( 'NONE',  ( -0.0000000000000000000, -1.000000000000000000, -0.0000000000000000000 ) ) ;
#8236 = LINE ( 'NONE', #4137, #2544 ) ;
#8237 = FACE_OUTER_BOUND ( 'NONE', #4005, .T. ) ;
#8238 =( LENGTH_UNIT ( ) NAMED_UNIT ( * ) SI_UNIT ( .MILLI., .METRE. ) );
#8239 = PRESENTATION_STYLE_ASSIGNMENT (( #6284 ) ) ;
#8240 = EDGE_LOOP ( 'NONE', ( #8553, #338, #1762, #3508 ) ) ;
#8241 = DIRECTION ( 'NONE',  ( -1.000000000000000000, 0.0000000000000000000, 0.0000000000000000000 ) ) ;
#8242 = DIRECTION ( 'NONE',  ( 6.123233995736766000E-017, -1.000000000000000000, 2.891205793293927200E-015 ) ) ;
#8243 = CARTESIAN_POINT ( 'NONE',  ( 8.772996778704309100, 0.2999999999998516100, 3.899999999999908900 ) ) ;
#8244 = VECTOR ( 'NONE', #6978, 1000.000000000000000 ) ;
#8245 = FACE_OUTER_BOUND ( 'NONE', #5164, .T. ) ;
#8246 = PRESENTATION_LAYER_ASSIGNMENT (  '', '', ( #7295 ) ) ;
#8247 = ORIENTED_EDGE ( 'NONE', *, *, #7966, .T. ) ;
#8248 = CARTESIAN_POINT ( 'NONE',  ( 3.399995000000009900, 0.0000000000000000000, 4.649977999999984800 ) ) ;
#8249 = COLOUR_RGB ( '',1.000000000000000000, 1.000000000000000000, 1.000000000000000000 ) ;
#8250 = LINE ( 'NONE', #3776, #608 ) ;
#8251 = CARTESIAN_POINT ( 'NONE',  ( 0.0000000000000000000, 0.0000000000000000000, 0.0000000000000000000 ) ) ;
#8252 = SURFACE_SIDE_STYLE ('',( #9006 ) ) ;
#8253 = ADVANCED_FACE ( 'NONE', ( #2520 ), #2686, .F. ) ;
#8254 = CARTESIAN_POINT ( 'NONE',  ( 0.0000000000000000000, 0.0000000000000000000, 0.0000000000000000000 ) ) ;
#8255 = ORIENTED_EDGE ( 'NONE', *, *, #5666, .F. ) ;
#8256 = DIRECTION ( 'NONE',  ( 0.0000000000000000000, -1.000000000000000000, 0.0000000000000000000 ) ) ;
#8257 = LINE ( 'NONE', #8469, #2571 ) ;
#8258 =( GEOMETRIC_REPRESENTATION_CONTEXT ( 3 ) GLOBAL_UNCERTAINTY_ASSIGNED_CONTEXT ( ( #1606 ) ) GLOBAL_UNIT_ASSIGNED_CONTEXT ( ( #1015, #6047, #1769 ) ) REPRESENTATION_CONTEXT ( 'NONE', 'WORKASPACE' ) );
#8259 = CARTESIAN_POINT ( 'NONE',  ( 4.600067000000006300, 0.5200000000000000200, 0.1498600000000155400 ) ) ;
#8260 = DIRECTION ( 'NONE',  ( 0.0000000000000000000, 1.000000000000000000, 0.0000000000000000000 ) ) ;
#8261 = PRESENTATION_STYLE_ASSIGNMENT (( #593 ) ) ;
#8262 = EDGE_CURVE ( 'NONE', #2983, #2113, #567, .T. ) ;
#8263 = VERTEX_POINT ( 'NONE', #8399 ) ;
#8264 = ORIENTED_EDGE ( 'NONE', *, *, #2354, .F. ) ;
#8266 = DIRECTION ( 'NONE',  ( 1.000000000000000000, 0.0000000000000000000, 0.0000000000000000000 ) ) ;
#8265 = DIRECTION ( 'NONE',  ( 9.373779112012609800E-015, -1.000000000000000000, 0.0000000000000000000 ) ) ;
#8267 = CARTESIAN_POINT ( 'NONE',  ( 1.149985000000013100, 0.5200000000000000200, 4.499864000000005900 ) ) ;
#8268 = EDGE_CURVE ( 'NONE', #1387, #1028, #7983, .T. ) ;
#8269 =( GEOMETRIC_REPRESENTATION_CONTEXT ( 3 ) GLOBAL_UNCERTAINTY_ASSIGNED_CONTEXT ( ( #3695 ) ) GLOBAL_UNIT_ASSIGNED_CONTEXT ( ( #5068, #5798, #7344 ) ) REPRESENTATION_CONTEXT ( 'NONE', 'WORKASPACE' ) );
#8270 = EDGE_CURVE ( 'NONE', #5772, #2861, #809, .T. ) ;
#8271 = CARTESIAN_POINT ( 'NONE',  ( -11.00010500000001700, 0.0000000000000000000, -4.649977999999984800 ) ) ;
#8272 = ORIENTED_EDGE ( 'NONE', *, *, #5015, .T. ) ;
#8273 = DIRECTION ( 'NONE',  ( 0.0000000000000000000, 0.0000000000000000000, 1.000000000000000000 ) ) ;
#8274 = DIRECTION ( 'NONE',  ( -1.000000000000000000, -0.0000000000000000000, -0.0000000000000000000 ) ) ;
#8275 = LINE ( 'NONE', #2101, #416 ) ;
#8276 = LINE ( 'NONE', #3714, #2818 ) ;
#8277 = PLANE ( 'NONE',  #2120 ) ;
#8278 = CARTESIAN_POINT ( 'NONE',  ( -10.64999999999998800, 0.9000000000000093500, -5.200000000000093400 ) ) ;
#8279 = AXIS2_PLACEMENT_3D ( 'NONE', #3688, #3588, #3550 ) ;
#8280 = FILL_AREA_STYLE ('',( #7769 ) ) ;
#8281 = EDGE_CURVE ( 'NONE', #8666, #2751, #6314, .T. ) ;
#8282 = EDGE_CURVE ( 'NONE', #2648, #594, #6095, .T. ) ;
#8283 = VECTOR ( 'NONE', #2478, 1000.000000000000000 ) ;
#8284 = AXIS2_PLACEMENT_3D ( 'NONE', #8879, #4562, #8054 ) ;
#8285 = COLOUR_RGB ( '',0.2039215686274509800, 0.2039215686274509800, 0.2039215686274509800 ) ;
#8286 = ORIENTED_EDGE ( 'NONE', *, *, #985, .T. ) ;
#8287 = ORIENTED_EDGE ( 'NONE', *, *, #7757, .T. ) ;
#8288 =( NAMED_UNIT ( * ) SI_UNIT ( $, .STERADIAN. ) SOLID_ANGLE_UNIT ( ) );
#8289 = SURFACE_STYLE_USAGE ( .BOTH. , #8630 ) ;
#8290 = SURFACE_STYLE_FILL_AREA ( #8424 ) ;
#8291 = LINE ( 'NONE', #2838, #4522 ) ;
#8292 = EDGE_LOOP ( 'NONE', ( #2331, #7546, #5455, #5899, #8337, #703, #130, #341, #545, #690, #1247, #1495, #1609, #1735, #2300, #2864 ) ) ;
#8294 = DIRECTION ( 'NONE',  ( -1.000000000000000000, 0.0000000000000000000, 0.0000000000000000000 ) ) ;
#8293 =( NAMED_UNIT ( * ) PLANE_ANGLE_UNIT ( ) SI_UNIT ( $, .RADIAN. ) );
#8295 = LINE ( 'NONE', #4780, #3747 ) ;
#8296 = ADVANCED_FACE ( 'NONE', ( #9028 ), #542, .F. ) ;
#8297 = MECHANICAL_DESIGN_GEOMETRIC_PRESENTATION_REPRESENTATION (  '', ( #6850 ), #8816 ) ;
#8298 = CARTESIAN_POINT ( 'NONE',  ( 0.0000000000000000000, 0.0000000000000000000, -3.299967999999972700 ) ) ;
#8299 = DIRECTION ( 'NONE',  ( 0.0000000000000000000, 0.0000000000000000000, 1.000000000000000000 ) ) ;
#8300 = CIRCLE ( 'NONE', #2894, 0.3500119999999958800 ) ;
#8301 = ORIENTED_EDGE ( 'NONE', *, *, #3844, .F. ) ;
#8302 = CARTESIAN_POINT ( 'NONE',  ( 0.4499999999998983700, 0.8999999999998670200, -4.125000000000041700 ) ) ;
#8303 = PRESENTATION_STYLE_ASSIGNMENT (( #2010 ) ) ;
#8304 = ORIENTED_EDGE ( 'NONE', *, *, #3781, .F. ) ;
#8305 = EDGE_CURVE ( 'NONE', #8812, #8899, #5232, .T. ) ;
#8306 = ORIENTED_EDGE ( 'NONE', *, *, #4528, .F. ) ;
#8307 = ORIENTED_EDGE ( 'NONE', *, *, #2591, .T. ) ;
#8308 = CARTESIAN_POINT ( 'NONE',  ( 11.00010499999998900, 1.520000000000000000, 4.999990000000023500 ) ) ;
#8309 = VECTOR ( 'NONE', #4486, 1000.000000000000000 ) ;
#8310 = AXIS2_PLACEMENT_3D ( 'NONE', #560, #8987, #8062 ) ;
#8311 = DIRECTION ( 'NONE',  ( 0.0000000000000000000, 0.0000000000000000000, 1.000000000000000000 ) ) ;
#8312 = PRESENTATION_LAYER_ASSIGNMENT (  '', '', ( #5933 ) ) ;
#8313 = LINE ( 'NONE', #5263, #6420 ) ;
#8314 = ORIENTED_EDGE ( 'NONE', *, *, #8323, .F. ) ;
#8315 = VERTEX_POINT ( 'NONE', #3496 ) ;
#8316 = EDGE_CURVE ( 'NONE', #56, #3692, #4547, .T. ) ;
#8317 = EDGE_LOOP ( 'NONE', ( #4754, #8539, #4988, #6839 ) ) ;
#8318 = SURFACE_SIDE_STYLE ('',( #7699 ) ) ;
#8319 = AXIS2_PLACEMENT_3D ( 'NONE', #9127, #8435, #2683 ) ;
#8320 = EDGE_CURVE ( 'NONE', #2974, #5880, #680, .T. ) ;
#8321 = FILL_AREA_STYLE ('',( #8589 ) ) ;
#8322 = VERTEX_POINT ( 'NONE', #7772 ) ;
#8323 = EDGE_CURVE ( 'NONE', #8666, #6098, #8094, .T. ) ;
#8324 = CARTESIAN_POINT ( 'NONE',  ( -11.45000000000000600, 0.5249999999998536900, -3.900000000000120300 ) ) ;
#8325 = ORIENTED_EDGE ( 'NONE', *, *, #9297, .F. ) ;
#8326 =( NAMED_UNIT ( * ) SI_UNIT ( $, .STERADIAN. ) SOLID_ANGLE_UNIT ( ) );
#8327 = VECTOR ( 'NONE', #6092, 1000.000000000000000 ) ;
#8328 = EDGE_CURVE ( 'NONE', #5913, #2195, #2619, .T. ) ;
#8329 = EDGE_LOOP ( 'NONE', ( #9034, #5258, #6686, #6844 ) ) ;
#8330 = EDGE_CURVE ( 'NONE', #1880, #4447, #7847, .T. ) ;
#8331 = COLOUR_RGB ( '',1.000000000000000000, 1.000000000000000000, 1.000000000000000000 ) ;
#8332 = VERTEX_POINT ( 'NONE', #6396 ) ;
#8333 = FACE_OUTER_BOUND ( 'NONE', #403, .T. ) ;
#8334 = DIRECTION ( 'NONE',  ( 1.000000000000000000, 0.0000000000000000000, 0.0000000000000000000 ) ) ;
#8335 = SURFACE_STYLE_USAGE ( .BOTH. , #3565 ) ;
#8336 = DIRECTION ( 'NONE',  ( -0.0000000000000000000, 1.000000000000000000, -0.0000000000000000000 ) ) ;
#8337 = ORIENTED_EDGE ( 'NONE', *, *, #8147, .T. ) ;
#8338 = CARTESIAN_POINT ( 'NONE',  ( 11.00010499999998900, 1.520000000000000000, 4.999990000000023500 ) ) ;
#8339 = PRESENTATION_LAYER_ASSIGNMENT (  '', '', ( #7390 ) ) ;
#8340 = FACE_OUTER_BOUND ( 'NONE', #1977, .T. ) ;
#8341 = EDGE_CURVE ( 'NONE', #3900, #1770, #4318, .T. ) ;
#8342 = SURFACE_STYLE_USAGE ( .BOTH. , #3348 ) ;
#8343 = AXIS2_PLACEMENT_3D ( 'NONE', #6940, #4054, #4099 ) ;
#8344 = ORIENTED_EDGE ( 'NONE', *, *, #6684, .T. ) ;
#8345 = SURFACE_STYLE_FILL_AREA ( #3786 ) ;
#8346 = SURFACE_STYLE_FILL_AREA ( #804 ) ;
#8347 = CARTESIAN_POINT ( 'NONE',  ( 0.0000000000000000000, 0.0000000000000000000, 0.0000000000000000000 ) ) ;
#8348 = UNCERTAINTY_MEASURE_WITH_UNIT (LENGTH_MEASURE( 1.000000000000000100E-005 ), #2073, 'distance_accuracy_value', 'NONE');
#8349 = EDGE_LOOP ( 'NONE', ( #1942, #5479, #2563, #1141 ) ) ;
#8350 = ADVANCED_FACE ( 'NONE', ( #2193 ), #6431, .T. ) ;
#8351 = CARTESIAN_POINT ( 'NONE',  ( -12.00010300000000500, 0.5200000000000000200, 5.750051999999991300 ) ) ;
#8352 = SURFACE_STYLE_USAGE ( .BOTH. , #9269 ) ;
#8353 = LINE ( 'NONE', #2925, #4576 ) ;
#8354 = CARTESIAN_POINT ( 'NONE',  ( -11.10000000000004900, 1.790000000000000000, 5.199999999999871400 ) ) ;
#8355 = FILL_AREA_STYLE ('',( #8416 ) ) ;
#8356 = EDGE_LOOP ( 'NONE', ( #5589, #58, #3909, #7899 ) ) ;
#8357 = ORIENTED_EDGE ( 'NONE', *, *, #2719, .F. ) ;
#8358 =( NAMED_UNIT ( * ) SI_UNIT ( $, .STERADIAN. ) SOLID_ANGLE_UNIT ( ) );
#8359 = AXIS2_PLACEMENT_3D ( 'NONE', #8723, #1571, #6567 ) ;
#8360 = LINE ( 'NONE', #8217, #5042 ) ;
#8361 = DIRECTION ( 'NONE',  ( 0.0000000000000000000, 1.000000000000000000, -0.0000000000000000000 ) ) ;
#8362 = ORIENTED_EDGE ( 'NONE', *, *, #5645, .F. ) ;
#8363 = EDGE_LOOP ( 'NONE', ( #3664, #3635, #3300, #3207 ) ) ;
#8364 = ORIENTED_EDGE ( 'NONE', *, *, #8652, .T. ) ;
#8365 = DIRECTION ( 'NONE',  ( 0.0000000000000000000, 1.000000000000000000, -0.0000000000000000000 ) ) ;
#8366 = EDGE_CURVE ( 'NONE', #2086, #7450, #8205, .T. ) ;
#8367 = FILL_AREA_STYLE_COLOUR ( '', #4475 ) ;
#8368 = CARTESIAN_POINT ( 'NONE',  ( 0.1000000000000427600, 1.790000000000000000, -4.990000000000092600 ) ) ;
#8369 = EDGE_LOOP ( 'NONE', ( #8076, #8444, #8691, #2190 ) ) ;
#8370 = DIRECTION ( 'NONE',  ( 0.0000000000000000000, 1.000000000000000000, -0.0000000000000000000 ) ) ;
#8371 = LINE ( 'NONE', #5822, #2673 ) ;
#8372 = MECHANICAL_DESIGN_GEOMETRIC_PRESENTATION_REPRESENTATION (  '', ( #6917 ), #8880 ) ;
#8373 = EDGE_CURVE ( 'NONE', #5387, #6317, #799, .T. ) ;
#8374 = PRESENTATION_LAYER_ASSIGNMENT (  '', '', ( #7867 ) ) ;
#8375 = DIRECTION ( 'NONE',  ( 1.000000000000000000, 0.0000000000000000000, 0.0000000000000000000 ) ) ;
#8376 = ORIENTED_EDGE ( 'NONE', *, *, #8607, .T. ) ;
#8377 = CARTESIAN_POINT ( 'NONE',  ( 2.600070999999988700, 0.8199999999999999500, 0.1498600000000155400 ) ) ;
#8378 = CARTESIAN_POINT ( 'NONE',  ( 0.0000000000000000000, 0.0000000000000000000, -2.550160000000009800 ) ) ;
#8379 = DIRECTION ( 'NONE',  ( 0.0000000000000000000, -3.469446951953482400E-015, -1.000000000000000000 ) ) ;
#8380 = VERTEX_POINT ( 'NONE', #5786 ) ;
#8381 = LINE ( 'NONE', #4775, #6257 ) ;
#8382 = PLANE ( 'NONE',  #3754 ) ;
#8383 = COLOUR_RGB ( '',1.000000000000000000, 1.000000000000000000, 1.000000000000000000 ) ;
#8384 = EDGE_LOOP ( 'NONE', ( #2992, #1516, #3662, #1772 ) ) ;
#8385 = CARTESIAN_POINT ( 'NONE',  ( 1.149985000000013100, 0.7500000000000000000, 4.499864000000005900 ) ) ;
#8386 = LINE ( 'NONE', #3482, #6492 ) ;
#8387 = CARTESIAN_POINT ( 'NONE',  ( -7.323606999999949400, 0.9000000000000093500, 5.199999999999871400 ) ) ;
#8388 = CARTESIAN_POINT ( 'NONE',  ( 0.0000000000000000000, 0.0000000000000000000, 0.0000000000000000000 ) ) ;
#8389 = PRESENTATION_STYLE_ASSIGNMENT (( #4492 ) ) ;
#8390 = DIRECTION ( 'NONE',  ( -1.000000000000000000, 0.0000000000000000000, 0.0000000000000000000 ) ) ;
#8391 = EDGE_CURVE ( 'NONE', #4072, #8090, #7970, .T. ) ;
#8392 = LINE ( 'NONE', #5704, #989 ) ;
#8393 = ORIENTED_EDGE ( 'NONE', *, *, #2552, .T. ) ;
#8394 =( NAMED_UNIT ( * ) SI_UNIT ( $, .STERADIAN. ) SOLID_ANGLE_UNIT ( ) );
#8395 = ADVANCED_FACE ( 'NONE', ( #557 ), #3669, .T. ) ;
#8396 = AXIS2_PLACEMENT_3D ( 'NONE', #6773, #6590, #6508 ) ;
#8397 = COLOUR_RGB ( '',0.1647058823529411700, 1.000000000000000000, 0.1529411764705882500 ) ;
#8398 = FILL_AREA_STYLE ('',( #3602 ) ) ;
#8399 = CARTESIAN_POINT ( 'NONE',  ( 2.349881000000005200, 0.8199999999999999500, 0.05003799999998837000 ) ) ;
#8400 = VERTEX_POINT ( 'NONE', #2227 ) ;
#8401 =( NAMED_UNIT ( * ) SI_UNIT ( $, .STERADIAN. ) SOLID_ANGLE_UNIT ( ) );
#8402 = CARTESIAN_POINT ( 'NONE',  ( -1.899876999999989200, 0.0000000000000000000, -5.550153999999987600 ) ) ;
#8403 = CARTESIAN_POINT ( 'NONE',  ( -11.19999999999992600, 0.9000000000000084600, -17.92388274267673500 ) ) ;
#8404 = COLOUR_RGB ( '',1.000000000000000000, 1.000000000000000000, 1.000000000000000000 ) ;
#8405 = VECTOR ( 'NONE', #1542, 1000.000000000000000 ) ;
#8407 = UNCERTAINTY_MEASURE_WITH_UNIT (LENGTH_MEASURE( 1.000000000000000100E-005 ), #5119, 'distance_accuracy_value', 'NONE');
#8406 = COLOUR_RGB ( '',1.000000000000000000, 1.000000000000000000, 1.000000000000000000 ) ;
#8408 = DIRECTION ( 'NONE',  ( 1.000000000000000000, 0.0000000000000000000, 0.0000000000000000000 ) ) ;
#8409 = CARTESIAN_POINT ( 'NONE',  ( -19.77299677870442100, 0.8999999999998956600, 3.674999999999876400 ) ) ;
#8410 = PRESENTATION_LAYER_ASSIGNMENT (  '', '', ( #6956 ) ) ;
#8411 = DIRECTION ( 'NONE',  ( 0.0000000000000000000, 0.0000000000000000000, 1.000000000000000000 ) ) ;
#8412 = AXIS2_PLACEMENT_3D ( 'NONE', #5750, #5725, #5693 ) ;
#8413 = CARTESIAN_POINT ( 'NONE',  ( -5.899876999999989400, 0.0000000000000000000, -4.649977999999984800 ) ) ;
#8414 = LINE ( 'NONE', #6263, #6515 ) ;
#8415 = FILL_AREA_STYLE_COLOUR ( '', #8406 ) ;
#8416 = FILL_AREA_STYLE_COLOUR ( '', #7696 ) ;
#8417 = FACE_OUTER_BOUND ( 'NONE', #7103, .T. ) ;
#8418 = ORIENTED_EDGE ( 'NONE', *, *, #2812, .F. ) ;
#8419 = VERTEX_POINT ( 'NONE', #3705 ) ;
#8420 = VERTEX_POINT ( 'NONE', #8708 ) ;
#8421 = FACE_OUTER_BOUND ( 'NONE', #1879, .T. ) ;
#8422 = VERTEX_POINT ( 'NONE', #4422 ) ;
#8423 = DIRECTION ( 'NONE',  ( -0.0000000000000000000, 1.000000000000000000, -0.0000000000000000000 ) ) ;
#8424 = FILL_AREA_STYLE ('',( #667 ) ) ;
#8425 = ORIENTED_EDGE ( 'NONE', *, *, #2182, .T. ) ;
#8426 = CARTESIAN_POINT ( 'NONE',  ( -10.45000000000001000, 0.6000000000000423900, 4.999999999999871200 ) ) ;
#8427 = DIRECTION ( 'NONE',  ( 0.0000000000000000000, 0.0000000000000000000, 1.000000000000000000 ) ) ;
#8428 = VERTEX_POINT ( 'NONE', #2982 ) ;
#8429 = VECTOR ( 'NONE', #2387, 1000.000000000000000 ) ;
#8430 = CARTESIAN_POINT ( 'NONE',  ( -3.150000000000034600, 0.6000001009056257200, -17.92388274267673500 ) ) ;
#8431 = DIRECTION ( 'NONE',  ( -1.000000000000000000, 0.0000000000000000000, 0.0000000000000000000 ) ) ;
#8432 = ORIENTED_EDGE ( 'NONE', *, *, #4017, .T. ) ;
#8433 = VERTEX_POINT ( 'NONE', #7941 ) ;
#8434 = VERTEX_POINT ( 'NONE', #5154 ) ;
#8435 = DIRECTION ( 'NONE',  ( 0.0000000000000000000, 1.000000000000000000, -0.0000000000000000000 ) ) ;
#8436 = DIRECTION ( 'NONE',  ( -1.000000000000000000, 0.0000000000000000000, 0.0000000000000000000 ) ) ;
#8437 = PLANE ( 'NONE',  #2706 ) ;
#8438 = ADVANCED_FACE ( 'NONE', ( #7311 ), #5848, .T. ) ;
#8439 = CARTESIAN_POINT ( 'NONE',  ( -6.876393202613789900, 0.9000001009055432800, -5.200000000000093400 ) ) ;
#8440 = STYLED_ITEM ( 'NONE', ( #3378 ), #8990 ) ;
#8441 = DIRECTION ( 'NONE',  ( 1.000000000000000000, 0.0000000000000000000, 0.0000000000000000000 ) ) ;
#8442 = EDGE_CURVE ( 'NONE', #9259, #495, #2853, .T. ) ;
#8443 = VERTEX_POINT ( 'NONE', #5877 ) ;
#8444 = ORIENTED_EDGE ( 'NONE', *, *, #7178, .F. ) ;
#8445 = PLANE ( 'NONE',  #1582 ) ;
#8446 = EDGE_LOOP ( 'NONE', ( #3490, #2484, #6161, #6824 ) ) ;
#8447 = EDGE_CURVE ( 'NONE', #8007, #1060, #4761, .T. ) ;
#8448 = LINE ( 'NONE', #8081, #6552 ) ;
#8449 = AXIS2_PLACEMENT_3D ( 'NONE', #2136, #2166, #2615 ) ;
#8450 = DIRECTION ( 'NONE',  ( 0.0000000000000000000, 0.0000000000000000000, 1.000000000000000000 ) ) ;
#8451 = FACE_BOUND ( 'NONE', #5991, .T. ) ;
#8452 = EDGE_CURVE ( 'NONE', #4523, #5553, #9255, .T. ) ;
#8453 = VECTOR ( 'NONE', #3577, 1000.000000000000000 ) ;
#8454 = DIRECTION ( 'NONE',  ( -0.0000000000000000000, 0.0000000000000000000, 1.000000000000000000 ) ) ;
#8455 = VECTOR ( 'NONE', #3277, 1000.000000000000000 ) ;
#8456 = DIRECTION ( 'NONE',  ( 1.000000000000000000, -0.0000000000000000000, 0.0000000000000000000 ) ) ;
#8457 = ORIENTED_EDGE ( 'NONE', *, *, #1929, .F. ) ;
#8458 = CARTESIAN_POINT ( 'NONE',  ( -7.000004999999991800, 0.0000000000000000000, 4.649977999999984800 ) ) ;
#8459 = EDGE_CURVE ( 'NONE', #8263, #3049, #909, .T. ) ;
#8460 = FILL_AREA_STYLE ('',( #8367 ) ) ;
#8461 = PLANE ( 'NONE',  #2210 ) ;
#8462 = ORIENTED_EDGE ( 'NONE', *, *, #8442, .F. ) ;
#8463 = FILL_AREA_STYLE ('',( #3467 ) ) ;
#8464 = CIRCLE ( 'NONE', #5621, 0.009999999999999592500 ) ;
#8465 = CYLINDRICAL_SURFACE ( 'NONE', #437, 0.2100000000000002100 ) ;
#8466 = PRESENTATION_LAYER_ASSIGNMENT (  '', '', ( #7971 ) ) ;
#8467 = CARTESIAN_POINT ( 'NONE',  ( -19.77299677870442100, 1.399999999999810300, -4.950000000000119200 ) ) ;
#8468 = ORIENTED_EDGE ( 'NONE', *, *, #6652, .F. ) ;
#8469 = CARTESIAN_POINT ( 'NONE',  ( -7.323606999999949400, 0.9000000000000084600, -17.92388274267673500 ) ) ;
#8470 = DIRECTION ( 'NONE',  ( 1.000000000000000000, 0.0000000000000000000, 0.0000000000000000000 ) ) ;
#8471 = SURFACE_SIDE_STYLE ('',( #4610 ) ) ;
#8472 = PLANE ( 'NONE',  #8319 ) ;
#8473 = VECTOR ( 'NONE', #4122, 1000.000000000000000 ) ;
#8474 =( NAMED_UNIT ( * ) SI_UNIT ( $, .STERADIAN. ) SOLID_ANGLE_UNIT ( ) );
#8475 = VECTOR ( 'NONE', #8334, 1000.000000000000000 ) ;
#8476 = SURFACE_SIDE_STYLE ('',( #844 ) ) ;
#8477 = CARTESIAN_POINT ( 'NONE',  ( 12.00010300000000500, 0.0000000000000000000, -5.750051999999991300 ) ) ;
#8478 = EDGE_LOOP ( 'NONE', ( #5441, #1057, #9145, #2975 ) ) ;
#8479 = VERTEX_POINT ( 'NONE', #1615 ) ;
#8480 = DIRECTION ( 'NONE',  ( -0.0000000000000000000, -0.0000000000000000000, -1.000000000000000000 ) ) ;
#8481 =( NAMED_UNIT ( * ) SI_UNIT ( $, .STERADIAN. ) SOLID_ANGLE_UNIT ( ) );
#8482 = FILL_AREA_STYLE ('',( #7062 ) ) ;
#8483 = LINE ( 'NONE', #821, #6575 ) ;
#8484 = CARTESIAN_POINT ( 'NONE',  ( -11.45000000000000600, 1.399999999999809400, -4.950000000000119200 ) ) ;
#8485 =( GEOMETRIC_REPRESENTATION_CONTEXT ( 3 ) GLOBAL_UNCERTAINTY_ASSIGNED_CONTEXT ( ( #6847 ) ) GLOBAL_UNIT_ASSIGNED_CONTEXT ( ( #5130, #782, #5825 ) ) REPRESENTATION_CONTEXT ( 'NONE', 'WORKASPACE' ) );
#8486 = VERTEX_POINT ( 'NONE', #5909 ) ;
#8487 = CARTESIAN_POINT ( 'NONE',  ( 0.1000000000000497000, -28.62307019352236600, 4.849999999999909900 ) ) ;
#8488 = VERTEX_POINT ( 'NONE', #6607 ) ;
#8489 = LINE ( 'NONE', #1951, #2116 ) ;
#8490 = ADVANCED_FACE ( 'NONE', ( #6186 ), #1585, .F. ) ;
#8491 = VECTOR ( 'NONE', #9193, 1000.000000000000000 ) ;
#8492 = DIRECTION ( 'NONE',  ( -4.379057701015053300E-047, -3.469446951953995200E-015, -1.000000000000000000 ) ) ;
#8493 = EDGE_CURVE ( 'NONE', #4087, #9275, #2611, .T. ) ;
#8494 = LINE ( 'NONE', #1623, #4713 ) ;
#8495 = SURFACE_STYLE_USAGE ( .BOTH. , #8476 ) ;
#8496 = ORIENTED_EDGE ( 'NONE', *, *, #1243, .F. ) ;
#8497 = CARTESIAN_POINT ( 'NONE',  ( -7.649999999999985300, 0.9000000000000093500, 5.199999999999871400 ) ) ;
#8498 = MECHANICAL_DESIGN_GEOMETRIC_PRESENTATION_REPRESENTATION (  '', ( #7049 ), #9003 ) ;
#8499 = DIRECTION ( 'NONE',  ( -6.123233995736766000E-017, 1.000000000000000000, -3.469446951953995200E-015 ) ) ;
#8500 = LINE ( 'NONE', #149, #6041 ) ;
#8501 = STYLED_ITEM ( 'NONE', ( #1610 ), #8438 ) ;
#8502 = DIRECTION ( 'NONE',  ( -1.000000000000000000, 0.0000000000000000000, 0.0000000000000000000 ) ) ;
#8503 = CARTESIAN_POINT ( 'NONE',  ( 11.00010499999998900, 0.5200000000000000200, -4.999989999999995900 ) ) ;
#8504 = FILL_AREA_STYLE_COLOUR ( '', #5298 ) ;
#8505 = ORIENTED_EDGE ( 'NONE', *, *, #6056, .F. ) ;
#8506 = CARTESIAN_POINT ( 'NONE',  ( 0.0000000000000000000, 0.0000000000000000000, 5.550153999999987600 ) ) ;
#8507 = DIRECTION ( 'NONE',  ( -0.0000000000000000000, 1.000000000000000000, -0.0000000000000000000 ) ) ;
#8508 =( LENGTH_UNIT ( ) NAMED_UNIT ( * ) SI_UNIT ( .MILLI., .METRE. ) );
#8509 = CARTESIAN_POINT ( 'NONE',  ( 2.600070999999988700, 0.8199999999999999500, -0.1501140000000206200 ) ) ;
#8510 = CARTESIAN_POINT ( 'NONE',  ( -4.600004999999991500, 0.0000000000000000000, -5.550153999999987600 ) ) ;
#8511 = EDGE_CURVE ( 'NONE', #7328, #5880, #4308, .T. ) ;
#8512 = LINE ( 'NONE', #204, #6601 ) ;
#8513 = DIRECTION ( 'NONE',  ( 1.000000000000000000, 0.0000000000000000000, 0.0000000000000000000 ) ) ;
#8514 = DIRECTION ( 'NONE',  ( 1.000000000000000000, -0.0000000000000000000, -0.0000000000000000000 ) ) ;
#8515 =( LENGTH_UNIT ( ) NAMED_UNIT ( * ) SI_UNIT ( .MILLI., .METRE. ) );
#8516 = DIRECTION ( 'NONE',  ( 0.0000000000000000000, 1.000000000000000000, -0.0000000000000000000 ) ) ;
#8517 = EDGE_CURVE ( 'NONE', #5555, #6970, #8083, .T. ) ;
#8518 = LINE ( 'NONE', #8872, #8283 ) ;
#8519 = VECTOR ( 'NONE', #6016, 1000.000000000000100 ) ;
#8520 = EDGE_CURVE ( 'NONE', #5865, #3075, #7835, .T. ) ;
#8521 = FILL_AREA_STYLE ('',( #7733 ) ) ;
#8522 =( GEOMETRIC_REPRESENTATION_CONTEXT ( 3 ) GLOBAL_UNCERTAINTY_ASSIGNED_CONTEXT ( ( #4712 ) ) GLOBAL_UNIT_ASSIGNED_CONTEXT ( ( #7146, #9221, #4735 ) ) REPRESENTATION_CONTEXT ( 'NONE', 'WORKASPACE' ) );
#8523 = AXIS2_PLACEMENT_3D ( 'NONE', #2334, #2458, #2382 ) ;
#8524 = EDGE_CURVE ( 'NONE', #5553, #5433, #4068, .T. ) ;
#8525 = DIRECTION ( 'NONE',  ( 0.0000000000000000000, 1.000000000000000000, -0.0000000000000000000 ) ) ;
#8526 =( NAMED_UNIT ( * ) SI_UNIT ( $, .STERADIAN. ) SOLID_ANGLE_UNIT ( ) );
#8527 = DIRECTION ( 'NONE',  ( 0.0000000000000000000, -0.0000000000000000000, -1.000000000000000000 ) ) ;
#8528 = ORIENTED_EDGE ( 'NONE', *, *, #1920, .F. ) ;
#8529 = CARTESIAN_POINT ( 'NONE',  ( 4.499991000000001400, 0.0000000000000000000, -5.550153999999987600 ) ) ;
#8530 = CARTESIAN_POINT ( 'NONE',  ( -7.000004999999991800, 0.0000000000000000000, 0.0000000000000000000 ) ) ;
#8531 = LINE ( 'NONE', #5558, #893 ) ;
#8532 = EDGE_CURVE ( 'NONE', #7509, #7988, #2400, .T. ) ;
#8533 = CARTESIAN_POINT ( 'NONE',  ( 0.1999999999999276800, 1.399999999999954200, 5.199999999999871400 ) ) ;
#8534 = FILL_AREA_STYLE ('',( #6797 ) ) ;
#8535 = CARTESIAN_POINT ( 'NONE',  ( 0.3999230000000034100, -5.000000000000000000, -3.900170000000022300 ) ) ;
#8536 = VECTOR ( 'NONE', #8233, 1000.000000000000000 ) ;
#8537 =( NAMED_UNIT ( * ) PLANE_ANGLE_UNIT ( ) SI_UNIT ( $, .RADIAN. ) );
#8538 = ADVANCED_FACE ( 'NONE', ( #13 ), #6727, .F. ) ;
#8539 = ORIENTED_EDGE ( 'NONE', *, *, #3501, .F. ) ;
#8540 = DIRECTION ( 'NONE',  ( -1.000000000000000000, 0.0000000000000000000, 0.0000000000000000000 ) ) ;
#8541 =( GEOMETRIC_REPRESENTATION_CONTEXT ( 3 ) GLOBAL_UNCERTAINTY_ASSIGNED_CONTEXT ( ( #3208 ) ) GLOBAL_UNIT_ASSIGNED_CONTEXT ( ( #7511, #2539, #2506 ) ) REPRESENTATION_CONTEXT ( 'NONE', 'WORKASPACE' ) );
#8542 = VERTEX_POINT ( 'NONE', #8889 ) ;
#8543 = CARTESIAN_POINT ( 'NONE',  ( 0.2399999999998991600, 1.790000000000000000, 4.849999999999902800 ) ) ;
#8544 = ORIENTED_EDGE ( 'NONE', *, *, #8165, .T. ) ;
#8545 =( LENGTH_UNIT ( ) NAMED_UNIT ( * ) SI_UNIT ( .MILLI., .METRE. ) );
#8546 = VECTOR ( 'NONE', #4566, 1000.000000000000000 ) ;
#8547 = FACE_OUTER_BOUND ( 'NONE', #148, .T. ) ;
#8548 = ORIENTED_EDGE ( 'NONE', *, *, #5928, .T. ) ;
#8549 = EDGE_CURVE ( 'NONE', #5024, #5135, #548, .T. ) ;
#8550 = ORIENTED_EDGE ( 'NONE', *, *, #8493, .F. ) ;
#8551 = CARTESIAN_POINT ( 'NONE',  ( -0.5500000000001007400, 0.6000001009056266100, 4.999999999999871200 ) ) ;
#8552 = ORIENTED_EDGE ( 'NONE', *, *, #8200, .F. ) ;
#8553 = ORIENTED_EDGE ( 'NONE', *, *, #7409, .T. ) ;
#8554 = CARTESIAN_POINT ( 'NONE',  ( 0.0000000000000000000, 0.8199999999999999500, 0.0000000000000000000 ) ) ;
#8555 = CARTESIAN_POINT ( 'NONE',  ( 0.1999999999999276800, 0.9000001009055935700, 5.199999999999871400 ) ) ;
#8556 =( GEOMETRIC_REPRESENTATION_CONTEXT ( 3 ) GLOBAL_UNCERTAINTY_ASSIGNED_CONTEXT ( ( #713 ) ) GLOBAL_UNIT_ASSIGNED_CONTEXT ( ( #2194, #1685, #5186 ) ) REPRESENTATION_CONTEXT ( 'NONE', 'WORKASPACE' ) );
#8557 = EDGE_CURVE ( 'NONE', #9271, #8419, #5105, .T. ) ;
#8558 = DIRECTION ( 'NONE',  ( 1.000000000000000000, 0.0000000000000000000, 0.0000000000000000000 ) ) ;
#8559 =( NAMED_UNIT ( * ) PLANE_ANGLE_UNIT ( ) SI_UNIT ( $, .RADIAN. ) );
#8560 = ORIENTED_EDGE ( 'NONE', *, *, #3548, .F. ) ;
#8561 = ORIENTED_EDGE ( 'NONE', *, *, #2426, .T. ) ;
#8562 = CARTESIAN_POINT ( 'NONE',  ( -11.39990099999999600, 0.5200000000000004600, 3.899916000000017000 ) ) ;
#8563 = VERTEX_POINT ( 'NONE', #6718 ) ;
#8564 = CARTESIAN_POINT ( 'NONE',  ( 0.4499999999998992600, 1.790000000000001600, -4.850000000000028100 ) ) ;
#8565 = VECTOR ( 'NONE', #4703, 1000.000000000000000 ) ;
#8566 = CARTESIAN_POINT ( 'NONE',  ( -11.45000000000000600, 1.790000000000000000, -4.850000000000020100 ) ) ;
#8567 =( NAMED_UNIT ( * ) SI_UNIT ( $, .STERADIAN. ) SOLID_ANGLE_UNIT ( ) );
#8568 = ORIENTED_EDGE ( 'NONE', *, *, #5271, .T. ) ;
#8569 = VECTOR ( 'NONE', #3330, 1000.000000000000000 ) ;
#8570 = ORIENTED_EDGE ( 'NONE', *, *, #258, .T. ) ;
#8571 = VECTOR ( 'NONE', #5572, 1000.000000000000000 ) ;
#8572 =( NAMED_UNIT ( * ) SI_UNIT ( $, .STERADIAN. ) SOLID_ANGLE_UNIT ( ) );
#8573 = CARTESIAN_POINT ( 'NONE',  ( -11.79995099999999700, 0.0000000000000000000, 4.649977999999984800 ) ) ;
#8574 =( NAMED_UNIT ( * ) PLANE_ANGLE_UNIT ( ) SI_UNIT ( $, .RADIAN. ) );
#8575 = VERTEX_POINT ( 'NONE', #5335 ) ;
#8576 = DIRECTION ( 'NONE',  ( 0.0000000000000000000, 0.0000000000000000000, -1.000000000000000000 ) ) ;
#8577 = DIRECTION ( 'NONE',  ( 0.0000000000000000000, 0.0000000000000000000, -1.000000000000000000 ) ) ;
#8578 = ORIENTED_EDGE ( 'NONE', *, *, #7866, .F. ) ;
#8579 = AXIS2_PLACEMENT_3D ( 'NONE', #9137, #4857, #498 ) ;
#8580 = CARTESIAN_POINT ( 'NONE',  ( -5.500000000000000000, 2.000000000000000000, 0.0000000000000000000 ) ) ;
#8581 = EDGE_CURVE ( 'NONE', #4356, #2973, #327, .T. ) ;
#8582 = EDGE_LOOP ( 'NONE', ( #5280, #1377, #6370, #3020 ) ) ;
#8583 = VECTOR ( 'NONE', #4626, 1000.000000000000000 ) ;
#8584 = CARTESIAN_POINT ( 'NONE',  ( 1.449958999999993800, 0.7500000000000000000, 5.100066000000028400 ) ) ;
#8585 = ORIENTED_EDGE ( 'NONE', *, *, #7315, .T. ) ;
#8586 = EDGE_CURVE ( 'NONE', #7793, #1464, #8671, .T. ) ;
#8587 = CARTESIAN_POINT ( 'NONE',  ( -11.45000000000001000, 1.790000000000001600, 4.849999999999909900 ) ) ;
#8588 =( GEOMETRIC_REPRESENTATION_CONTEXT ( 3 ) GLOBAL_UNCERTAINTY_ASSIGNED_CONTEXT ( ( #3737 ) ) GLOBAL_UNIT_ASSIGNED_CONTEXT ( ( #2869, #2902, #2959 ) ) REPRESENTATION_CONTEXT ( 'NONE', 'WORKASPACE' ) );
#8589 = FILL_AREA_STYLE_COLOUR ( '', #1604 ) ;
#8590 = AXIS2_PLACEMENT_3D ( 'NONE', #5385, #4978, #4946 ) ;
#8591 =( NAMED_UNIT ( * ) SI_UNIT ( $, .STERADIAN. ) SOLID_ANGLE_UNIT ( ) );
#8592 = UNCERTAINTY_MEASURE_WITH_UNIT (LENGTH_MEASURE( 1.000000000000000100E-005 ), #8600, 'distance_accuracy_value', 'NONE');
#8593 = VECTOR ( 'NONE', #2202, 1000.000000000000000 ) ;
#8594 = DIRECTION ( 'NONE',  ( -6.123233995736766000E-017, -1.000000000000000000, -1.434038073474106100E-013 ) ) ;
#8595 = ADVANCED_FACE ( 'NONE', ( #2045 ), #8921, .T. ) ;
#8596 = SURFACE_SIDE_STYLE ('',( #6774 ) ) ;
#8597 = VERTEX_POINT ( 'NONE', #6022 ) ;
#8598 = EDGE_CURVE ( 'NONE', #902, #9139, #3280, .T. ) ;
#8599 = CARTESIAN_POINT ( 'NONE',  ( -11.39990099999999600, -5.000000000000000000, 3.549904000000021000 ) ) ;
#8600 =( LENGTH_UNIT ( ) NAMED_UNIT ( * ) SI_UNIT ( .MILLI., .METRE. ) );
#8601 =( NAMED_UNIT ( * ) SI_UNIT ( $, .STERADIAN. ) SOLID_ANGLE_UNIT ( ) );
#8602 = CARTESIAN_POINT ( 'NONE',  ( -11.45000000000000600, 0.5249999999998528100, -4.125000000000095900 ) ) ;
#8603 = VECTOR ( 'NONE', #6728, 1000.000000000000000 ) ;
#8604 = AXIS2_PLACEMENT_3D ( 'NONE', #21, #6426, #4832 ) ;
#8605 = SURFACE_STYLE_USAGE ( .BOTH. , #8596 ) ;
#8606 = ORIENTED_EDGE ( 'NONE', *, *, #1429, .T. ) ;
#8607 = EDGE_CURVE ( 'NONE', #6098, #4448, #5212, .T. ) ;
#8608 =( NAMED_UNIT ( * ) PLANE_ANGLE_UNIT ( ) SI_UNIT ( $, .RADIAN. ) );
#8609 = ORIENTED_EDGE ( 'NONE', *, *, #3913, .F. ) ;
#8610 = ORIENTED_EDGE ( 'NONE', *, *, #823, .T. ) ;
#8611 = AXIS2_PLACEMENT_3D ( 'NONE', #1037, #585, #246 ) ;
#8612 = DIRECTION ( 'NONE',  ( 0.0000000000000000000, 0.0000000000000000000, -1.000000000000000000 ) ) ;
#8613 = DIRECTION ( 'NONE',  ( -1.000000000000000000, 0.0000000000000000000, 0.0000000000000000000 ) ) ;
#8614 = LINE ( 'NONE', #748, #1187 ) ;
#8615 = SURFACE_STYLE_USAGE ( .BOTH. , #8719 ) ;
#8616 = CARTESIAN_POINT ( 'NONE',  ( -11.39990099999999600, 0.0000000000000000000, 3.899916000000017000 ) ) ;
#8617 = DIRECTION ( 'NONE',  ( -1.000000000000000000, 0.0000000000000000000, 0.0000000000000000000 ) ) ;
#8618 = ORIENTED_EDGE ( 'NONE', *, *, #2526, .T. ) ;
#8619 = ORIENTED_EDGE ( 'NONE', *, *, #3357, .F. ) ;
#8620 =( NAMED_UNIT ( * ) SI_UNIT ( $, .STERADIAN. ) SOLID_ANGLE_UNIT ( ) );
#8621 = PLANE ( 'NONE',  #4011 ) ;
#8622 =( GEOMETRIC_REPRESENTATION_CONTEXT ( 3 ) GLOBAL_UNCERTAINTY_ASSIGNED_CONTEXT ( ( #6729 ) ) GLOBAL_UNIT_ASSIGNED_CONTEXT ( ( #6336, #6369, #6392 ) ) REPRESENTATION_CONTEXT ( 'NONE', 'WORKASPACE' ) );
#8623 = EDGE_LOOP ( 'NONE', ( #2878, #6207, #8570, #1526 ) ) ;
#8624 = SURFACE_STYLE_USAGE ( .BOTH. , #42 ) ;
#8625 = VECTOR ( 'NONE', #2672, 1000.000000000000000 ) ;
#8626 = LINE ( 'NONE', #6612, #4844 ) ;
#8627 = COLOUR_RGB ( '',1.000000000000000000, 1.000000000000000000, 1.000000000000000000 ) ;
#8628 = EDGE_CURVE ( 'NONE', #8434, #4087, #1360, .T. ) ;
#8629 = CARTESIAN_POINT ( 'NONE',  ( -5.400004999999990400, 0.0000000000000000000, 0.0000000000000000000 ) ) ;
#8630 = SURFACE_SIDE_STYLE ('',( #6818 ) ) ;
#8631 = SURFACE_STYLE_USAGE ( .BOTH. , #8668 ) ;
#8632 =( NAMED_UNIT ( * ) SI_UNIT ( $, .STERADIAN. ) SOLID_ANGLE_UNIT ( ) );
#8633 = CARTESIAN_POINT ( 'NONE',  ( -19.77299677870442100, 0.8999999999998956600, 3.674999999999876400 ) ) ;
#8634 = ORIENTED_EDGE ( 'NONE', *, *, #826, .F. ) ;
#8635 = AXIS2_PLACEMENT_3D ( 'NONE', #8409, #8379, #7783 ) ;
#8636 = PLANE ( 'NONE',  #3010 ) ;
#8637 = AXIS2_PLACEMENT_3D ( 'NONE', #3454, #4174, #9208 ) ;
#8638 = CARTESIAN_POINT ( 'NONE',  ( -7.649999999999985300, 0.9000000000000093500, -5.000000000000093300 ) ) ;
#8639 =( LENGTH_UNIT ( ) NAMED_UNIT ( * ) SI_UNIT ( .MILLI., .METRE. ) );
#8640 = SURFACE_STYLE_FILL_AREA ( #2705 ) ;
#8641 = VECTOR ( 'NONE', #4672, 1000.000000000000000 ) ;
#8642 = EDGE_CURVE ( 'NONE', #339, #320, #4985, .T. ) ;
#8643 =( LENGTH_UNIT ( ) NAMED_UNIT ( * ) SI_UNIT ( .MILLI., .METRE. ) );
#8644 =( NAMED_UNIT ( * ) SI_UNIT ( $, .STERADIAN. ) SOLID_ANGLE_UNIT ( ) );
#8645 = CARTESIAN_POINT ( 'NONE',  ( -3.499876999999989000, 0.0000000000000000000, 4.649977999999984800 ) ) ;
#8646 = EDGE_CURVE ( 'NONE', #369, #2104, #1121, .T. ) ;
#8647 = ADVANCED_FACE ( 'NONE', ( #900 ), #347, .F. ) ;
#8648 = CARTESIAN_POINT ( 'NONE',  ( 0.3999230000000034100, 0.5200000000000004600, -3.550158000000025500 ) ) ;
#8649 = DIRECTION ( 'NONE',  ( 0.0000000000000000000, 1.000000000000000000, -0.0000000000000000000 ) ) ;
#8650 = SURFACE_STYLE_USAGE ( .BOTH. , #3652 ) ;
#8651 = CARTESIAN_POINT ( 'NONE',  ( 2.100123000000011100, 0.0000000000000000000, 0.0000000000000000000 ) ) ;
#8652 = EDGE_CURVE ( 'NONE', #3677, #8171, #6834, .T. ) ;
#8653 = LINE ( 'NONE', #6914, #997 ) ;
#8654 = COLOUR_RGB ( '',1.000000000000000000, 1.000000000000000000, 1.000000000000000000 ) ;
#8655 = ORIENTED_EDGE ( 'NONE', *, *, #6869, .F. ) ;
#8656 = CARTESIAN_POINT ( 'NONE',  ( 0.0000000000000000000, 0.5200000000000000200, 0.0000000000000000000 ) ) ;
#8657 = FACE_OUTER_BOUND ( 'NONE', #305, .T. ) ;
#8658 = DIRECTION ( 'NONE',  ( 1.000000000000000000, 0.0000000000000000000, 0.0000000000000000000 ) ) ;
#8659 = PLANE ( 'NONE',  #2892 ) ;
#8660 = EDGE_CURVE ( 'NONE', #5555, #6647, #2844, .T. ) ;
#8661 = FACE_OUTER_BOUND ( 'NONE', #6126, .T. ) ;
#8662 =( GEOMETRIC_REPRESENTATION_CONTEXT ( 3 ) GLOBAL_UNCERTAINTY_ASSIGNED_CONTEXT ( ( #5013 ) ) GLOBAL_UNIT_ASSIGNED_CONTEXT ( ( #3307, #7770, #7651 ) ) REPRESENTATION_CONTEXT ( 'NONE', 'WORKASPACE' ) );
#8663 = PRESENTATION_STYLE_ASSIGNMENT (( #3353 ) ) ;
#8664 = ORIENTED_EDGE ( 'NONE', *, *, #5976, .F. ) ;
#8665 = EDGE_CURVE ( 'NONE', #598, #1089, #8300, .T. ) ;
#8666 = VERTEX_POINT ( 'NONE', #1113 ) ;
#8667 = FILL_AREA_STYLE ('',( #1518 ) ) ;
#8668 = SURFACE_SIDE_STYLE ('',( #3349 ) ) ;
#8669 = ORIENTED_EDGE ( 'NONE', *, *, #6053, .F. ) ;
#8670 = FILL_AREA_STYLE ('',( #7910 ) ) ;
#8671 = LINE ( 'NONE', #994, #2294 ) ;
#8672 = DIRECTION ( 'NONE',  ( 0.0000000000000000000, 0.0000000000000000000, 1.000000000000000000 ) ) ;
#8673 = CARTESIAN_POINT ( 'NONE',  ( -0.3500000000000117500, 0.9000001009055935700, -5.200000000000093400 ) ) ;
#8674 = SURFACE_STYLE_USAGE ( .BOTH. , #8715 ) ;
#8675 = ORIENTED_EDGE ( 'NONE', *, *, #4254, .T. ) ;
#8676 = UNCERTAINTY_MEASURE_WITH_UNIT (LENGTH_MEASURE( 1.000000000000000100E-005 ), #8712, 'distance_accuracy_value', 'NONE');
#8677 = ORIENTED_EDGE ( 'NONE', *, *, #7307, .T. ) ;
#8678 =( NAMED_UNIT ( * ) PLANE_ANGLE_UNIT ( ) SI_UNIT ( $, .RADIAN. ) );
#8679 = CARTESIAN_POINT ( 'NONE',  ( -12.00010300000000500, 0.0000000000000000000, 5.750051999999991300 ) ) ;
#8680 = CARTESIAN_POINT ( 'NONE',  ( 1.799995000000009100, 0.0000000000000000000, 4.649977999999984800 ) ) ;
#8681 = PLANE ( 'NONE',  #3997 ) ;
#8682 = CARTESIAN_POINT ( 'NONE',  ( -1.899876999999989200, 0.0000000000000000000, 5.550153999999987600 ) ) ;
#8683 = DIRECTION ( 'NONE',  ( 0.0000000000000000000, 0.0000000000000000000, 1.000000000000000000 ) ) ;
#8684 = VERTEX_POINT ( 'NONE', #6840 ) ;
#8685 = CARTESIAN_POINT ( 'NONE',  ( -10.90002899999999800, 0.0000000000000000000, -3.050031999999994100 ) ) ;
#8686 = CARTESIAN_POINT ( 'NONE',  ( 0.2499999999998978600, 1.399999999999809400, -4.950000000000119200 ) ) ;
#8687 = AXIS2_PLACEMENT_3D ( 'NONE', #3890, #8903, #4616 ) ;
#8688 = LINE ( 'NONE', #910, #6740 ) ;
#8689 = AXIS2_PLACEMENT_3D ( 'NONE', #6309, #6280, #6252 ) ;
#8690 = ORIENTED_EDGE ( 'NONE', *, *, #2048, .F. ) ;
#8691 = ORIENTED_EDGE ( 'NONE', *, *, #7571, .F. ) ;
#8692 = DIRECTION ( 'NONE',  ( 0.0000000000000000000, 0.0000000000000000000, -1.000000000000000000 ) ) ;
#8693 = EDGE_LOOP ( 'NONE', ( #216, #4543, #3393, #6566 ) ) ;
#8694 =( NAMED_UNIT ( * ) SI_UNIT ( $, .STERADIAN. ) SOLID_ANGLE_UNIT ( ) );
#8695 = DIRECTION ( 'NONE',  ( 0.0000000000000000000, 0.0000000000000000000, 1.000000000000000000 ) ) ;
#8696 = FACE_OUTER_BOUND ( 'NONE', #367, .T. ) ;
#8697 = EDGE_CURVE ( 'NONE', #4249, #1410, #4530, .T. ) ;
#8698 = FACE_OUTER_BOUND ( 'NONE', #7241, .T. ) ;
#8699 = ORIENTED_EDGE ( 'NONE', *, *, #9030, .T. ) ;
#8700 =( NAMED_UNIT ( * ) SI_UNIT ( $, .STERADIAN. ) SOLID_ANGLE_UNIT ( ) );
#8701 = ADVANCED_FACE ( 'NONE', ( #6624 ), #414, .F. ) ;
#8702 = ORIENTED_EDGE ( 'NONE', *, *, #6220, .T. ) ;
#8703 =( GEOMETRIC_REPRESENTATION_CONTEXT ( 3 ) GLOBAL_UNCERTAINTY_ASSIGNED_CONTEXT ( ( #3897 ) ) GLOBAL_UNIT_ASSIGNED_CONTEXT ( ( #5141, #5233, #5292 ) ) REPRESENTATION_CONTEXT ( 'NONE', 'WORKASPACE' ) );
#8704 = PRESENTATION_LAYER_ASSIGNMENT (  '', '', ( #7687 ) ) ;
#8705 = SURFACE_STYLE_USAGE ( .BOTH. , #1709 ) ;
#8706 = ORIENTED_EDGE ( 'NONE', *, *, #8366, .T. ) ;
#8707 = FACE_BOUND ( 'NONE', #7196, .T. ) ;
#8708 = CARTESIAN_POINT ( 'NONE',  ( -3.350000000000014300, 0.9000001009055952400, -5.000000000000093300 ) ) ;
#8709 = VECTOR ( 'NONE', #1327, 1000.000000000000000 ) ;
#8710 = VECTOR ( 'NONE', #7841, 1000.000000000000000 ) ;
#8711 = CARTESIAN_POINT ( 'NONE',  ( -1.399921000000019300, 0.0000000000000000000, 0.0000000000000000000 ) ) ;
#8712 =( LENGTH_UNIT ( ) NAMED_UNIT ( * ) SI_UNIT ( .MILLI., .METRE. ) );
#8713 = ORIENTED_EDGE ( 'NONE', *, *, #3398, .F. ) ;
#8714 = DIRECTION ( 'NONE',  ( 1.000000000000000000, 0.0000000000000000000, 0.0000000000000000000 ) ) ;
#8715 = SURFACE_SIDE_STYLE ('',( #7245 ) ) ;
#8716 = EDGE_CURVE ( 'NONE', #8123, #2893, #2601, .T. ) ;
#8717 = PRESENTATION_STYLE_ASSIGNMENT (( #982 ) ) ;
#8718 = LINE ( 'NONE', #679, #6562 ) ;
#8719 = SURFACE_SIDE_STYLE ('',( #4160 ) ) ;
#8720 = DIRECTION ( 'NONE',  ( 0.0000000000000000000, -3.679716464192890000E-015, -1.000000000000000000 ) ) ;
#8721 = VERTEX_POINT ( 'NONE', #2605 ) ;
#8722 = VERTEX_POINT ( 'NONE', #4755 ) ;
#8723 = CARTESIAN_POINT ( 'NONE',  ( 0.0000000000000000000, 0.0000000000000000000, 0.0000000000000000000 ) ) ;
#8724 = CARTESIAN_POINT ( 'NONE',  ( 0.0000000000000000000, 0.0000000000000000000, -3.299967999999972700 ) ) ;
#8725 = EDGE_CURVE ( 'NONE', #952, #4580, #7824, .T. ) ;
#8726 = EDGE_CURVE ( 'NONE', #6523, #9305, #2392, .T. ) ;
#8727 = CARTESIAN_POINT ( 'NONE',  ( 11.00010499999998900, 1.520000000000000000, 4.999990000000023500 ) ) ;
#8728 = COLOUR_RGB ( '',1.000000000000000000, 1.000000000000000000, 1.000000000000000000 ) ;
#8729 = VECTOR ( 'NONE', #2657, 1000.000000000000000 ) ;
#8730 = CARTESIAN_POINT ( 'NONE',  ( 0.0000000000000000000, 0.0000000000000000000, 5.550153999999987600 ) ) ;
#8731 = MECHANICAL_DESIGN_GEOMETRIC_PRESENTATION_REPRESENTATION (  '', ( #7270 ), #9217 ) ;
#8732 = UNCERTAINTY_MEASURE_WITH_UNIT (LENGTH_MEASURE( 1.000000000000000100E-005 ), #6845, 'distance_accuracy_value', 'NONE');
#8733 = CARTESIAN_POINT ( 'NONE',  ( -11.24000000000000900, 1.790000000000000000, -4.850000000000021000 ) ) ;
#8734 = AXIS2_PLACEMENT_3D ( 'NONE', #1365, #1333, #1225 ) ;
#8735 = ORIENTED_EDGE ( 'NONE', *, *, #4676, .F. ) ;
#8736 = COLOUR_RGB ( '',1.000000000000000000, 1.000000000000000000, 1.000000000000000000 ) ;
#8737 = LINE ( 'NONE', #7292, #6787 ) ;
#8738 = DIRECTION ( 'NONE',  ( 0.0000000000000000000, 0.0000000000000000000, -1.000000000000000000 ) ) ;
#8739 = ORIENTED_EDGE ( 'NONE', *, *, #4716, .F. ) ;
#8740 = DIRECTION ( 'NONE',  ( 0.0000000000000000000, 0.0000000000000000000, -1.000000000000000000 ) ) ;
#8741 = AXIS2_PLACEMENT_3D ( 'NONE', #6876, #6846, #6785 ) ;
#8742 = CARTESIAN_POINT ( 'NONE',  ( -0.2998769999999883500, 0.0000000000000000000, 4.649977999999984800 ) ) ;
#8743 = CYLINDRICAL_SURFACE ( 'NONE', #7912, 0.3500119999999958800 ) ;
#8744 = VECTOR ( 'NONE', #1255, 1000.000000000000000 ) ;
#8745 = CARTESIAN_POINT ( 'NONE',  ( 0.1999999999999276800, 1.399999999999954200, -5.200000000000093400 ) ) ;
#8746 = CARTESIAN_POINT ( 'NONE',  ( 0.0000000000000000000, 0.0000000000000000000, -0.5001260000000035100 ) ) ;
#8747 = AXIS2_PLACEMENT_3D ( 'NONE', #1350, #79, #6675 ) ;
#8748 = SURFACE_STYLE_USAGE ( .BOTH. , #8777 ) ;
#8749 = VERTEX_POINT ( 'NONE', #6197 ) ;
#8750 = ADVANCED_FACE ( 'NONE', ( #434 ), #8891, .F. ) ;
#8751 =( NAMED_UNIT ( * ) SI_UNIT ( $, .STERADIAN. ) SOLID_ANGLE_UNIT ( ) );
#8752 = SURFACE_SIDE_STYLE ('',( #1209 ) ) ;
#8753 = CARTESIAN_POINT ( 'NONE',  ( -11.45000000000000600, 1.399999999999843100, 4.849999999999911700 ) ) ;
#8754 = SURFACE_STYLE_FILL_AREA ( #3627 ) ;
#8755 = EDGE_LOOP ( 'NONE', ( #3694, #5989, #8199, #6365 ) ) ;
#8756 = CARTESIAN_POINT ( 'NONE',  ( 1.300123000000010600, 0.0000000000000000000, -4.649977999999984800 ) ) ;
#8757 = CARTESIAN_POINT ( 'NONE',  ( 0.1999999999999276800, 0.9000001009055926800, -5.000000000000093300 ) ) ;
#8758 = PRESENTATION_STYLE_ASSIGNMENT (( #520 ) ) ;
#8759 = COLOUR_RGB ( '',1.000000000000000000, 1.000000000000000000, 1.000000000000000000 ) ;
#8760 = ORIENTED_EDGE ( 'NONE', *, *, #5656, .F. ) ;
#8761 = SURFACE_SIDE_STYLE ('',( #6528 ) ) ;
#8762 = MECHANICAL_DESIGN_GEOMETRIC_PRESENTATION_REPRESENTATION (  '', ( #7295 ), #9247 ) ;
#8763 = PRESENTATION_STYLE_ASSIGNMENT (( #6930 ) ) ;
#8764 = LINE ( 'NONE', #1784, #1096 ) ;
#8765 = VECTOR ( 'NONE', #6260, 1000.000000000000000 ) ;
#8766 = CARTESIAN_POINT ( 'NONE',  ( -11.10000000000004900, 2.000000000000000000, -4.850000000000021000 ) ) ;
#8767 = CIRCLE ( 'NONE', #6249, 0.2249999999999752200 ) ;
#8768 = DIRECTION ( 'NONE',  ( 0.0000000000000000000, 0.0000000000000000000, 1.000000000000000000 ) ) ;
#8769 = DIRECTION ( 'NONE',  ( 1.000000000000000000, 0.0000000000000000000, 0.0000000000000000000 ) ) ;
#8770 = FILL_AREA_STYLE ('',( #9051 ) ) ;
#8771 = CIRCLE ( 'NONE', #9235, 0.3000000000000485100 ) ;
#8772 = VECTOR ( 'NONE', #8103, 1000.000000000000000 ) ;
#8773 = ORIENTED_EDGE ( 'NONE', *, *, #1630, .F. ) ;
#8774 = PRESENTATION_STYLE_ASSIGNMENT (( #3750 ) ) ;
#8775 = FILL_AREA_STYLE ('',( #9330 ) ) ;
#8776 = EDGE_CURVE ( 'NONE', #8684, #8788, #3386, .T. ) ;
#8777 = SURFACE_SIDE_STYLE ('',( #4501 ) ) ;
#8778 = CARTESIAN_POINT ( 'NONE',  ( -3.350000000000014300, 0.9000001009055952400, -17.92388274267673500 ) ) ;
#8779 = ORIENTED_EDGE ( 'NONE', *, *, #8660, .T. ) ;
#8780 = DIRECTION ( 'NONE',  ( -0.0000000000000000000, 0.0000000000000000000, -1.000000000000000000 ) ) ;
#8781 = CARTESIAN_POINT ( 'NONE',  ( 0.0000000000000000000, 0.0000000000000000000, 0.0000000000000000000 ) ) ;
#8782 = DIRECTION ( 'NONE',  ( 1.000000000000000000, 0.0000000000000000000, 0.0000000000000000000 ) ) ;
#8783 = CARTESIAN_POINT ( 'NONE',  ( -5.699886999999994200, 0.0000000000000000000, -3.299967999999972700 ) ) ;
#8784 = EDGE_CURVE ( 'NONE', #598, #7722, #5323, .T. ) ;
#8785 = STYLED_ITEM ( 'NONE', ( #7630 ), #1003 ) ;
#8786 = EDGE_CURVE ( 'NONE', #2216, #1279, #6945, .T. ) ;
#8787 = VECTOR ( 'NONE', #1049, 1000.000000000000000 ) ;
#8788 = VERTEX_POINT ( 'NONE', #1945 ) ;
#8789 = DIRECTION ( 'NONE',  ( -1.000000000000000000, 0.0000000000000000000, 0.0000000000000000000 ) ) ;
#8790 = CARTESIAN_POINT ( 'NONE',  ( 0.0000000000000000000, 0.0000000000000000000, 3.299967999999972700 ) ) ;
#8791 = ORIENTED_EDGE ( 'NONE', *, *, #221, .T. ) ;
#8792 = ORIENTED_EDGE ( 'NONE', *, *, #5320, .T. ) ;
#8793 = ORIENTED_EDGE ( 'NONE', *, *, #8031, .F. ) ;
#8794 = ADVANCED_FACE ( 'NONE', ( #8661 ), #6230, .F. ) ;
#8795 = PRESENTATION_LAYER_ASSIGNMENT (  '', '', ( #402 ) ) ;
#8796 = SURFACE_STYLE_FILL_AREA ( #4686 ) ;
#8797 = EDGE_CURVE ( 'NONE', #2320, #2963, #4869, .T. ) ;
#8798 = DIRECTION ( 'NONE',  ( -1.000000000000000000, -0.0000000000000000000, -0.0000000000000000000 ) ) ;
#8799 = DIRECTION ( 'NONE',  ( 0.0000000000000000000, 0.0000000000000000000, 1.000000000000000000 ) ) ;
#8800 = ORIENTED_EDGE ( 'NONE', *, *, #7948, .F. ) ;
#8801 = CARTESIAN_POINT ( 'NONE',  ( -19.77299677870442100, 1.790000000000000700, 4.849999999999909900 ) ) ;
#8802 = MECHANICAL_DESIGN_GEOMETRIC_PRESENTATION_REPRESENTATION (  '', ( #7655 ), #9300 ) ;
#8803 = ORIENTED_EDGE ( 'NONE', *, *, #1580, .F. ) ;
#8804 = VERTEX_POINT ( 'NONE', #3423 ) ;
#8805 = CARTESIAN_POINT ( 'NONE',  ( 0.09994900000000889200, 0.0000000000000000000, -3.299967999999972700 ) ) ;
#8806 = SURFACE_STYLE_FILL_AREA ( #4968 ) ;
#8807 = SURFACE_STYLE_FILL_AREA ( #4745 ) ;
#8808 = ORIENTED_EDGE ( 'NONE', *, *, #7538, .T. ) ;
#8809 = CARTESIAN_POINT ( 'NONE',  ( 1.149985000000013100, 0.5200000000000000200, 5.100066000000028400 ) ) ;
#8810 = DIRECTION ( 'NONE',  ( -1.000000000000000000, 0.0000000000000000000, 0.0000000000000000000 ) ) ;
#8811 = ORIENTED_EDGE ( 'NONE', *, *, #7776, .T. ) ;
#8812 = VERTEX_POINT ( 'NONE', #1979 ) ;
#8813 = SURFACE_STYLE_USAGE ( .BOTH. , #3808 ) ;
#8814 = DIRECTION ( 'NONE',  ( 0.0000000000000000000, 0.0000000000000000000, -1.000000000000000000 ) ) ;
#8815 =( NAMED_UNIT ( * ) SI_UNIT ( $, .STERADIAN. ) SOLID_ANGLE_UNIT ( ) );
#8816 =( GEOMETRIC_REPRESENTATION_CONTEXT ( 3 ) GLOBAL_UNCERTAINTY_ASSIGNED_CONTEXT ( ( #6065 ) ) GLOBAL_UNIT_ASSIGNED_CONTEXT ( ( #3639, #3708, #3736 ) ) REPRESENTATION_CONTEXT ( 'NONE', 'WORKASPACE' ) );
#8817 = ORIENTED_EDGE ( 'NONE', *, *, #6530, .T. ) ;
#8818 = FACE_BOUND ( 'NONE', #6559, .T. ) ;
#8819 = VERTEX_POINT ( 'NONE', #6965 ) ;
#8820 = VECTOR ( 'NONE', #5859, 1000.000000000000000 ) ;
#8821 = VERTEX_POINT ( 'NONE', #4141 ) ;
#8822 = DIRECTION ( 'NONE',  ( 0.0000000000000000000, 0.0000000000000000000, -1.000000000000000000 ) ) ;
#8823 = CARTESIAN_POINT ( 'NONE',  ( 0.4499999999998983700, 1.399999999999844000, 4.949999999999900700 ) ) ;
#8824 = EDGE_CURVE ( 'NONE', #5871, #2788, #8414, .T. ) ;
#8825 = VERTEX_POINT ( 'NONE', #9175 ) ;
#8826 = LINE ( 'NONE', #7452, #6877 ) ;
#8827 = STYLED_ITEM ( 'NONE', ( #7304 ), #3775 ) ;
#8828 = ORIENTED_EDGE ( 'NONE', *, *, #4246, .F. ) ;
#8829 = DIRECTION ( 'NONE',  ( 0.0000000000000000000, -0.0000000000000000000, 1.000000000000000000 ) ) ;
#8830 = MECHANICAL_DESIGN_GEOMETRIC_PRESENTATION_REPRESENTATION (  '', ( #5933 ), #9328 ) ;
#8831 = SURFACE_SIDE_STYLE ('',( #7551 ) ) ;
#8832 = PLANE ( 'NONE',  #634 ) ;
#8833 = EDGE_CURVE ( 'NONE', #6906, #7909, #1480, .T. ) ;
#8834 = VECTOR ( 'NONE', #1653, 1000.000000000000000 ) ;
#8835 = VECTOR ( 'NONE', #2126, 1000.000000000000000 ) ;
#8836 = FILL_AREA_STYLE_COLOUR ( '', #2107 ) ;
#8837 = EDGE_LOOP ( 'NONE', ( #2053, #7437, #1617, #2178 ) ) ;
#8838 = EDGE_CURVE ( 'NONE', #1941, #4470, #2956, .T. ) ;
#8839 = CARTESIAN_POINT ( 'NONE',  ( -11.25000000000000900, 0.5249999999998814500, 3.899999999999908900 ) ) ;
#8840 = ADVANCED_FACE ( 'NONE', ( #8185 ), #2734, .F. ) ;
#8841 = COLOUR_RGB ( '',1.000000000000000000, 1.000000000000000000, 1.000000000000000000 ) ;
#8842 = CARTESIAN_POINT ( 'NONE',  ( 0.4499999999998983700, 1.399999999999843100, 4.849999999999911700 ) ) ;
#8843 = LINE ( 'NONE', #6034, #8603 ) ;
#8844 = CARTESIAN_POINT ( 'NONE',  ( 0.1000000000000497000, 2.000000000000000000, -4.850000000000021000 ) ) ;
#8845 = CARTESIAN_POINT ( 'NONE',  ( -10.45000000000001000, 0.6000000000000423900, -5.000000000000093300 ) ) ;
#8846 = EDGE_LOOP ( 'NONE', ( #9144, #6766, #3765, #1289 ) ) ;
#8847 = EDGE_CURVE ( 'NONE', #688, #5872, #6287, .T. ) ;
#8848 = ORIENTED_EDGE ( 'NONE', *, *, #3369, .T. ) ;
#8849 = VECTOR ( 'NONE', #9243, 1000.000000000000000 ) ;
#8850 = CARTESIAN_POINT ( 'NONE',  ( 0.2499999999998978600, 0.8999999999998956600, 4.124999999999937800 ) ) ;
#8851 = FACE_OUTER_BOUND ( 'NONE', #366, .T. ) ;
#8852 = LINE ( 'NONE', #8673, #6475 ) ;
#8853 = STYLED_ITEM ( 'NONE', ( #6511 ), #1631 ) ;
#8854 = MECHANICAL_DESIGN_GEOMETRIC_PRESENTATION_REPRESENTATION (  '', ( #7390 ), #9350 ) ;
#8855 = UNCERTAINTY_MEASURE_WITH_UNIT (LENGTH_MEASURE( 1.000000000000000100E-005 ), #3571, 'distance_accuracy_value', 'NONE');
#8856 = ADVANCED_FACE ( 'NONE', ( #779 ), #2040, .F. ) ;
#8857 = EDGE_CURVE ( 'NONE', #5433, #2567, #543, .T. ) ;
#8858 = AXIS2_PLACEMENT_3D ( 'NONE', #4431, #4550, #4582 ) ;
#8859 = LINE ( 'NONE', #7737, #2463 ) ;
#8860 = ORIENTED_EDGE ( 'NONE', *, *, #1128, .F. ) ;
#8861 = ORIENTED_EDGE ( 'NONE', *, *, #1282, .T. ) ;
#8862 = PRESENTATION_STYLE_ASSIGNMENT (( #2976 ) ) ;
#8863 = CARTESIAN_POINT ( 'NONE',  ( -7.100000056180550500, 0.7000000502492805800, -5.200000000000093400 ) ) ;
#8865 =( NAMED_UNIT ( * ) PLANE_ANGLE_UNIT ( ) SI_UNIT ( $, .RADIAN. ) );
#8864 = LINE ( 'NONE', #2717, #6256 ) ;
#8866 = EDGE_LOOP ( 'NONE', ( #916, #8800, #7728, #8690 ) ) ;
#8867 = STYLED_ITEM ( 'NONE', ( #1275 ), #661 ) ;
#8868 = FACE_OUTER_BOUND ( 'NONE', #5790, .T. ) ;
#8869 = PRESENTATION_LAYER_ASSIGNMENT (  '', '', ( #7850 ) ) ;
#8870 = STYLED_ITEM ( 'NONE', ( #7891 ), #2540 ) ;
#8871 = ORIENTED_EDGE ( 'NONE', *, *, #3701, .F. ) ;
#8872 = CARTESIAN_POINT ( 'NONE',  ( -8.499983000000009200, 0.0000000000000000000, -0.0000000000000000000 ) ) ;
#8873 = DIRECTION ( 'NONE',  ( 0.0000000000000000000, 1.000000000000000000, -0.0000000000000000000 ) ) ;
#8874 = CARTESIAN_POINT ( 'NONE',  ( -0.3500000000000117500, 0.9000001009055926800, 4.999999999999871200 ) ) ;
#8875 = FACE_BOUND ( 'NONE', #6676, .T. ) ;
#8876 = LINE ( 'NONE', #5345, #6927 ) ;
#8877 = EDGE_CURVE ( 'NONE', #7450, #2435, #4416, .T. ) ;
#8878 = SURFACE_STYLE_FILL_AREA ( #1566 ) ;
#8879 = CARTESIAN_POINT ( 'NONE',  ( 8.772996778704309100, 0.5249999999998545800, -3.900000000000120300 ) ) ;
#8880 =( GEOMETRIC_REPRESENTATION_CONTEXT ( 3 ) GLOBAL_UNCERTAINTY_ASSIGNED_CONTEXT ( ( #33 ) ) GLOBAL_UNIT_ASSIGNED_CONTEXT ( ( #596, #247, #15 ) ) REPRESENTATION_CONTEXT ( 'NONE', 'WORKASPACE' ) );
#8881 = EDGE_CURVE ( 'NONE', #1068, #2345, #2500, .T. ) ;
#8882 = MECHANICAL_DESIGN_GEOMETRIC_PRESENTATION_REPRESENTATION (  '', ( #7867 ), #25 ) ;
#8883 = VECTOR ( 'NONE', #2817, 1000.000000000000000 ) ;
#8884 = ADVANCED_FACE ( 'NONE', ( #7710 ), #1335, .T. ) ;
#8885 = PRESENTATION_STYLE_ASSIGNMENT (( #8352 ) ) ;
#8886 = CARTESIAN_POINT ( 'NONE',  ( 0.0000000000000000000, 0.0000000000000000000, 4.649977999999984800 ) ) ;
#8887 = DIRECTION ( 'NONE',  ( -1.000000000000000000, 0.0000000000000000000, 0.0000000000000000000 ) ) ;
#8888 = DIRECTION ( 'NONE',  ( 0.0000000000000000000, 0.0000000000000000000, -1.000000000000000000 ) ) ;
#8889 = CARTESIAN_POINT ( 'NONE',  ( -3.350000000000014300, 0.9000001009055952400, 4.999999999999871200 ) ) ;
#8890 = COLOUR_RGB ( '',1.000000000000000000, 1.000000000000000000, 1.000000000000000000 ) ;
#8891 = CYLINDRICAL_SURFACE ( 'NONE', #7185, 0.009999999999999592500 ) ;
#8892 = FILL_AREA_STYLE ('',( #8836 ) ) ;
#8893 = UNCERTAINTY_MEASURE_WITH_UNIT (LENGTH_MEASURE( 1.000000000000000100E-005 ), #7530, 'distance_accuracy_value', 'NONE');
#8894 = ORIENTED_EDGE ( 'NONE', *, *, #6812, .T. ) ;
#8895 = ADVANCED_FACE ( 'NONE', ( #3497 ), #7099, .T. ) ;
#8896 = VERTEX_POINT ( 'NONE', #2110 ) ;
#8897 = EDGE_CURVE ( 'NONE', #8090, #8322, #8291, .T. ) ;
#8898 = EDGE_LOOP ( 'NONE', ( #7720, #4051, #6946, #4639 ) ) ;
#8899 = VERTEX_POINT ( 'NONE', #2147 ) ;
#8900 = DIRECTION ( 'NONE',  ( 0.0000000000000000000, 0.0000000000000000000, 1.000000000000000000 ) ) ;
#8901 = CARTESIAN_POINT ( 'NONE',  ( -11.39990099999999600, -5.000000000000000000, -3.900170000000022300 ) ) ;
#8902 = CARTESIAN_POINT ( 'NONE',  ( 0.5001230000000103100, 0.0000000000000000000, -4.649977999999984800 ) ) ;
#8903 = DIRECTION ( 'NONE',  ( 1.000000000000000000, -0.0000000000000000000, 0.0000000000000000000 ) ) ;
#8904 = UNCERTAINTY_MEASURE_WITH_UNIT (LENGTH_MEASURE( 1.000000000000000100E-005 ), #9156, 'distance_accuracy_value', 'NONE');
#8905 = PRESENTATION_LAYER_ASSIGNMENT (  '', '', ( #7895 ) ) ;
#8906 = SURFACE_STYLE_FILL_AREA ( #5956 ) ;
#8907 = STYLED_ITEM ( 'NONE', ( #7706 ), #4134 ) ;
#8908 = ORIENTED_EDGE ( 'NONE', *, *, #3210, .F. ) ;
#8909 = VERTEX_POINT ( 'NONE', #2874 ) ;
#8910 = SURFACE_STYLE_USAGE ( .BOTH. , #2929 ) ;
#8911 = COLOUR_RGB ( '',0.1647058823529411700, 1.000000000000000000, 0.1529411764705882500 ) ;
#8912 = EDGE_LOOP ( 'NONE', ( #2659, #1872, #9173, #7486 ) ) ;
#8913 = VECTOR ( 'NONE', #549, 1000.000000000000000 ) ;
#8914 = ORIENTED_EDGE ( 'NONE', *, *, #406, .F. ) ;
#8915 = VERTEX_POINT ( 'NONE', #6418 ) ;
#8916 = VERTEX_POINT ( 'NONE', #3591 ) ;
#8917 = MECHANICAL_DESIGN_GEOMETRIC_PRESENTATION_REPRESENTATION (  '', ( #6956 ), #52 ) ;
#8918 = COLOUR_RGB ( '',0.2039215686274509800, 0.2039215686274509800, 0.2039215686274509800 ) ;
#8919 = CARTESIAN_POINT ( 'NONE',  ( -11.79995099999999700, 0.0000000000000000000, 1.449839999999990500 ) ) ;
#8920 = DIRECTION ( 'NONE',  ( 0.0000000000000000000, 0.0000000000000000000, -1.000000000000000000 ) ) ;
#8921 = PLANE ( 'NONE',  #1425 ) ;
#8922 = PRESENTATION_LAYER_ASSIGNMENT (  '', '', ( #6960 ) ) ;
#8923 = PRESENTATION_STYLE_ASSIGNMENT (( #908 ) ) ;
#8924 = SURFACE_STYLE_FILL_AREA ( #3106 ) ;
#8925 = VERTEX_POINT ( 'NONE', #9342 ) ;
#8926 = EDGE_LOOP ( 'NONE', ( #4552, #4664, #4778, #4896 ) ) ;
#8927 =( NAMED_UNIT ( * ) PLANE_ANGLE_UNIT ( ) SI_UNIT ( $, .RADIAN. ) );
#8928 = EDGE_LOOP ( 'NONE', ( #8677, #2541, #5885, #1624 ) ) ;
#8929 = VERTEX_POINT ( 'NONE', #5044 ) ;
#8930 = FACE_BOUND ( 'NONE', #3085, .T. ) ;
#8931 = SURFACE_STYLE_USAGE ( .BOTH. , #1145 ) ;
#8932 = CARTESIAN_POINT ( 'NONE',  ( -11.10000000000004900, 1.799999999999999600, 4.849999999999909900 ) ) ;
#8933 = DIRECTION ( 'NONE',  ( -0.0000000000000000000, 1.000000000000000000, -0.0000000000000000000 ) ) ;
#8934 = DIRECTION ( 'NONE',  ( 0.0000000000000000000, 0.0000000000000000000, -1.000000000000000000 ) ) ;
#8935 = VERTEX_POINT ( 'NONE', #8587 ) ;
#8936 = DIRECTION ( 'NONE',  ( -1.000000000000000000, 0.0000000000000000000, 0.0000000000000000000 ) ) ;
#8937 = STYLED_ITEM ( 'NONE', ( #5696 ), #3097 ) ;
#8938 = ORIENTED_EDGE ( 'NONE', *, *, #8716, .T. ) ;
#8939 = VECTOR ( 'NONE', #7199, 1000.000000000000000 ) ;
#8940 = VECTOR ( 'NONE', #2827, 1000.000000000000000 ) ;
#8941 = VERTEX_POINT ( 'NONE', #4310 ) ;
#8942 = EDGE_LOOP ( 'NONE', ( #448, #6192, #2617, #4544 ) ) ;
#8943 = ADVANCED_FACE ( 'NONE', ( #6168 ), #1444, .T. ) ;
#8944 = DIRECTION ( 'NONE',  ( -1.000000000000000000, 0.0000000000000000000, 0.0000000000000000000 ) ) ;
#8945 = COLOUR_RGB ( '',1.000000000000000000, 1.000000000000000000, 1.000000000000000000 ) ;
#8946 = LINE ( 'NONE', #4806, #3444 ) ;
#8947 = UNCERTAINTY_MEASURE_WITH_UNIT (LENGTH_MEASURE( 1.000000000000000100E-005 ), #8238, 'distance_accuracy_value', 'NONE');
#8948 = UNCERTAINTY_MEASURE_WITH_UNIT (LENGTH_MEASURE( 1.000000000000000100E-005 ), #7857, 'distance_accuracy_value', 'NONE');
#8949 = AXIS2_PLACEMENT_3D ( 'NONE', #5076, #728, #5775 ) ;
#8951 = ORIENTED_EDGE ( 'NONE', *, *, #1058, .F. ) ;
#8950 = DIRECTION ( 'NONE',  ( 0.0000000000000000000, 0.0000000000000000000, 1.000000000000000000 ) ) ;
#8952 = ORIENTED_EDGE ( 'NONE', *, *, #483, .T. ) ;
#8953 = ORIENTED_EDGE ( 'NONE', *, *, #6875, .T. ) ;
#8954 = DIRECTION ( 'NONE',  ( 1.000000000000000000, 0.0000000000000000000, 0.0000000000000000000 ) ) ;
#8955 = EDGE_CURVE ( 'NONE', #6647, #7098, #890, .T. ) ;
#8957 =( LENGTH_UNIT ( ) NAMED_UNIT ( * ) SI_UNIT ( .MILLI., .METRE. ) );
#8956 = SURFACE_SIDE_STYLE ('',( #7565 ) ) ;
#8958 = LINE ( 'NONE', #5369, #3237 ) ;
#8959 = PRESENTATION_STYLE_ASSIGNMENT (( #7683 ) ) ;
#8960 = VECTOR ( 'NONE', #6538, 1000.000000000000000 ) ;
#8961 = EDGE_CURVE ( 'NONE', #8315, #7320, #3846, .T. ) ;
#8962 = AXIS2_PLACEMENT_3D ( 'NONE', #1921, #1749, #1717 ) ;
#8963 = ORIENTED_EDGE ( 'NONE', *, *, #655, .F. ) ;
#8964 = DIRECTION ( 'NONE',  ( 0.5547001962252287000, -0.8320502943378439400, 5.094838648452267900E-017 ) ) ;
#8965 = EDGE_CURVE ( 'NONE', #1020, #8575, #1917, .T. ) ;
#8966 = DIRECTION ( 'NONE',  ( 1.000000000000000000, 0.0000000000000000000, 0.0000000000000000000 ) ) ;
#8967 =( NAMED_UNIT ( * ) SI_UNIT ( $, .STERADIAN. ) SOLID_ANGLE_UNIT ( ) );
#8968 = CARTESIAN_POINT ( 'NONE',  ( 4.600067000000006300, 0.8199999999999999500, 0.1498600000000155400 ) ) ;
#8969 = FACE_OUTER_BOUND ( 'NONE', #8693, .T. ) ;
#8970 = DIRECTION ( 'NONE',  ( 0.0000000000000000000, 0.0000000000000000000, -1.000000000000000000 ) ) ;
#8971 = PRESENTATION_STYLE_ASSIGNMENT (( #4292 ) ) ;
#8972 = LINE ( 'NONE', #5551, #7027 ) ;
#8973 = PRODUCT ( '6_88W8887_ANT_MODULE', '6_88W8887_ANT_MODULE', '', ( #4238 ) ) ;
#8974 = EDGE_CURVE ( 'NONE', #7678, #7147, #5525, .T. ) ;
#8975 = ORIENTED_EDGE ( 'NONE', *, *, #445, .T. ) ;
#8976 = DIRECTION ( 'NONE',  ( 0.0000000000000000000, -1.000000000000000000, 4.625929269271310200E-015 ) ) ;
#8977 = DIRECTION ( 'NONE',  ( -1.000000000000000000, 0.0000000000000000000, 0.0000000000000000000 ) ) ;
#8978 = MECHANICAL_DESIGN_GEOMETRIC_PRESENTATION_REPRESENTATION (  '', ( #7971 ), #99 ) ;
#8979 = FILL_AREA_STYLE_COLOUR ( '', #6189 ) ;
#8980 = SURFACE_STYLE_FILL_AREA ( #2722 ) ;
#8981 = CARTESIAN_POINT ( 'NONE',  ( 2.900123000000011300, 0.0000000000000000000, -5.550153999999987600 ) ) ;
#8982 = VERTEX_POINT ( 'NONE', #761 ) ;
#8983 = FACE_OUTER_BOUND ( 'NONE', #7349, .T. ) ;
#8984 = EDGE_LOOP ( 'NONE', ( #4838, #7386, #7584, #2369 ) ) ;
#8985 = FILL_AREA_STYLE_COLOUR ( '', #8397 ) ;
#8986 = SURFACE_STYLE_USAGE ( .BOTH. , #8831 ) ;
#8987 = DIRECTION ( 'NONE',  ( 0.0000000000000000000, 1.000000000000000000, -0.0000000000000000000 ) ) ;
#8988 = SURFACE_STYLE_USAGE ( .BOTH. , #8956 ) ;
#8989 = PRESENTATION_STYLE_ASSIGNMENT (( #8003 ) ) ;
#8990 = ADVANCED_FACE ( 'NONE', ( #5315 ), #2252, .F. ) ;
#8991 = AXIS2_PLACEMENT_3D ( 'NONE', #999, #6941, #2712 ) ;
#8992 = SURFACE_SIDE_STYLE ('',( #584 ) ) ;
#8993 = LINE ( 'NONE', #5958, #3487 ) ;
#8994 = VERTEX_POINT ( 'NONE', #72 ) ;
#8995 = CARTESIAN_POINT ( 'NONE',  ( -11.19999999999992600, 1.399999999999953300, -5.000000000000093300 ) ) ;
#8996 = FACE_OUTER_BOUND ( 'NONE', #1813, .T. ) ;
#8997 = EDGE_CURVE ( 'NONE', #6453, #6212, #6512, .T. ) ;
#8998 = PRESENTATION_STYLE_ASSIGNMENT (( #7974 ) ) ;
#8999 = SURFACE_STYLE_FILL_AREA ( #7063 ) ;
#9000 = FILL_AREA_STYLE ('',( #1530 ) ) ;
#9001 = CARTESIAN_POINT ( 'NONE',  ( -11.10000000000004900, 1.789999999999999100, -5.000000000000092400 ) ) ;
#9002 = PLANE ( 'NONE',  #1100 ) ;
#9003 =( GEOMETRIC_REPRESENTATION_CONTEXT ( 3 ) GLOBAL_UNCERTAINTY_ASSIGNED_CONTEXT ( ( #5617 ) ) GLOBAL_UNIT_ASSIGNED_CONTEXT ( ( #6783, #6324, #6231 ) ) REPRESENTATION_CONTEXT ( 'NONE', 'WORKASPACE' ) );
#9004 = DIRECTION ( 'NONE',  ( 0.0000000000000000000, 1.000000000000000000, 0.0000000000000000000 ) ) ;
#9005 = AXIS2_PLACEMENT_3D ( 'NONE', #6520, #2263, #7244 ) ;
#9006 = SURFACE_STYLE_FILL_AREA ( #8321 ) ;
#9007 =( NAMED_UNIT ( * ) SI_UNIT ( $, .STERADIAN. ) SOLID_ANGLE_UNIT ( ) );
#9008 = ORIENTED_EDGE ( 'NONE', *, *, #6833, .F. ) ;
#9009 = AXIS2_PLACEMENT_3D ( 'NONE', #2897, #2931, #2993 ) ;
#9010 = EDGE_CURVE ( 'NONE', #2223, #369, #9357, .T. ) ;
#9011 = CARTESIAN_POINT ( 'NONE',  ( -3.799967000000008100, 0.0000000000000000000, -1.387778780781445700E-014 ) ) ;
#9012 = ORIENTED_EDGE ( 'NONE', *, *, #4055, .T. ) ;
#9013 = ORIENTED_EDGE ( 'NONE', *, *, #4835, .T. ) ;
#9015 = SURFACE_STYLE_USAGE ( .BOTH. , #9080 ) ;
#9014 =( NAMED_UNIT ( * ) SI_UNIT ( $, .STERADIAN. ) SOLID_ANGLE_UNIT ( ) );
#9016 = VECTOR ( 'NONE', #2328, 1000.000000000000000 ) ;
#9017 = PLANE ( 'NONE',  #6501 ) ;
#9018 = LINE ( 'NONE', #3614, #3287 ) ;
#9019 = EDGE_CURVE ( 'NONE', #6425, #7886, #4623, .T. ) ;
#9020 = ORIENTED_EDGE ( 'NONE', *, *, #6822, .T. ) ;
#9021 = EDGE_CURVE ( 'NONE', #5662, #1880, #8177, .T. ) ;
#9022 = CARTESIAN_POINT ( 'NONE',  ( -11.25000000000000900, 1.790000000000000700, 4.849999999999909900 ) ) ;
#9023 = EDGE_LOOP ( 'NONE', ( #3177, #3086, #2965, #2851 ) ) ;
#9024 = EDGE_CURVE ( 'NONE', #5600, #980, #4409, .T. ) ;
#9025 = CARTESIAN_POINT ( 'NONE',  ( -0.5500000000001007400, 0.6000001009056257200, -17.92388274267673500 ) ) ;
#9026 = ORIENTED_EDGE ( 'NONE', *, *, #7307, .F. ) ;
#9027 = ORIENTED_EDGE ( 'NONE', *, *, #152, .F. ) ;
#9028 = FACE_OUTER_BOUND ( 'NONE', #3802, .T. ) ;
#9029 = PRESENTATION_LAYER_ASSIGNMENT (  '', '', ( #8039 ) ) ;
#9030 = EDGE_CURVE ( 'NONE', #2002, #6602, #772, .T. ) ;
#9031 = VECTOR ( 'NONE', #9004, 1000.000000000000000 ) ;
#9032 = ORIENTED_EDGE ( 'NONE', *, *, #8270, .F. ) ;
#9033 = ORIENTED_EDGE ( 'NONE', *, *, #86, .T. ) ;
#9034 = ORIENTED_EDGE ( 'NONE', *, *, #8096, .T. ) ;
#9035 = DIRECTION ( 'NONE',  ( -0.0000000000000000000, 1.000000000000000000, -0.0000000000000000000 ) ) ;
#9036 = DIRECTION ( 'NONE',  ( 0.0000000000000000000, 0.0000000000000000000, 1.000000000000000000 ) ) ;
#9037 = SURFACE_STYLE_USAGE ( .BOTH. , #9318 ) ;
#9038 = ADVANCED_FACE ( 'NONE', ( #2280 ), #8043, .T. ) ;
#9039 = EDGE_CURVE ( 'NONE', #925, #798, #8993, .T. ) ;
#9040 = VERTEX_POINT ( 'NONE', #5270 ) ;
#9041 = FACE_BOUND ( 'NONE', #4561, .T. ) ;
#9042 = VERTEX_POINT ( 'NONE', #927 ) ;
#9043 = ORIENTED_EDGE ( 'NONE', *, *, #3483, .T. ) ;
#9044 = CARTESIAN_POINT ( 'NONE',  ( -11.25000000000000900, 1.999999999999966200, -4.850000000000021000 ) ) ;
#9045 = VERTEX_POINT ( 'NONE', #2403 ) ;
#9046 = CARTESIAN_POINT ( 'NONE',  ( 0.2499999999998978600, 0.5249999999998536900, -3.900000000000120300 ) ) ;
#9047 = PRESENTATION_LAYER_ASSIGNMENT (  '', '', ( #8867 ) ) ;
#9048 = DIRECTION ( 'NONE',  ( 0.0000000000000000000, 0.0000000000000000000, 1.000000000000000000 ) ) ;
#9049 = FILL_AREA_STYLE ('',( #8979 ) ) ;
#9050 = ORIENTED_EDGE ( 'NONE', *, *, #3666, .F. ) ;
#9051 = FILL_AREA_STYLE_COLOUR ( '', #1440 ) ;
#9052 = FILL_AREA_STYLE_COLOUR ( '', #7863 ) ;
#9053 = ORIENTED_EDGE ( 'NONE', *, *, #1707, .T. ) ;
#9054 = EDGE_CURVE ( 'NONE', #388, #4087, #5200, .T. ) ;
#9055 = DIRECTION ( 'NONE',  ( -1.000000000000000000, 0.0000000000000000000, 0.0000000000000000000 ) ) ;
#9056 = ORIENTED_EDGE ( 'NONE', *, *, #6293, .T. ) ;
#9057 = VECTOR ( 'NONE', #544, 1000.000000000000000 ) ;
#9058 = DIRECTION ( 'NONE',  ( 0.0000000000000000000, 1.000000000000000000, -0.0000000000000000000 ) ) ;
#9059 = CIRCLE ( 'NONE', #5170, 0.3500119999999958800 ) ;
#9060 = LINE ( 'NONE', #9090, #7121 ) ;
#9061 = CARTESIAN_POINT ( 'NONE',  ( -3.676393202613736500, 0.9000001009056074500, -5.000000000000093300 ) ) ;
#9062 = ORIENTED_EDGE ( 'NONE', *, *, #3858, .T. ) ;
#9063 = EDGE_CURVE ( 'NONE', #1727, #688, #5405, .T. ) ;
#9064 = PRESENTATION_STYLE_ASSIGNMENT (( #1116 ) ) ;
#9065 = LINE ( 'NONE', #7408, #7130 ) ;
#9066 =( LENGTH_UNIT ( ) NAMED_UNIT ( * ) SI_UNIT ( .MILLI., .METRE. ) );
#9067 = FILL_AREA_STYLE_COLOUR ( '', #2442 ) ;
#9068 = ORIENTED_EDGE ( 'NONE', *, *, #8133, .T. ) ;
#9069 = ORIENTED_EDGE ( 'NONE', *, *, #7319, .T. ) ;
#9070 = VECTOR ( 'NONE', #4796, 1000.000000000000000 ) ;
#9071 =( LENGTH_UNIT ( ) NAMED_UNIT ( * ) SI_UNIT ( .MILLI., .METRE. ) );
#9072 = VECTOR ( 'NONE', #5819, 1000.000000000000000 ) ;
#9073 = CIRCLE ( 'NONE', #3722, 0.3500119999999967700 ) ;
#9074 = AXIS2_PLACEMENT_3D ( 'NONE', #1197, #1943, #6929 ) ;
#9075 = CARTESIAN_POINT ( 'NONE',  ( 1.449958999999993800, 0.7500000000000000000, 4.499864000000005900 ) ) ;
#9076 = CARTESIAN_POINT ( 'NONE',  ( -11.79995099999999700, 0.0000000000000000000, -3.050031999999994100 ) ) ;
#9077 = FACE_OUTER_BOUND ( 'NONE', #4369, .T. ) ;
#9078 = EDGE_CURVE ( 'NONE', #2203, #5763, #7053, .T. ) ;
#9079 = VERTEX_POINT ( 'NONE', #5992 ) ;
#9080 = SURFACE_SIDE_STYLE ('',( #1431 ) ) ;
#9081 = SURFACE_SIDE_STYLE ('',( #5493 ) ) ;
#9082 = VECTOR ( 'NONE', #8456, 1000.000000000000000 ) ;
#9083 = ORIENTED_EDGE ( 'NONE', *, *, #406, .T. ) ;
#9084 = ADVANCED_FACE ( 'NONE', ( #1339 ), #7422, .F. ) ;
#9085 = EDGE_CURVE ( 'NONE', #5774, #7958, #3061, .T. ) ;
#9086 = LINE ( 'NONE', #5972, #7154 ) ;
#9087 = AXIS2_PLACEMENT_3D ( 'NONE', #6185, #6828, #6158 ) ;
#9088 = EDGE_CURVE ( 'NONE', #2751, #4197, #1586, .T. ) ;
#9089 = COLOUR_RGB ( '',1.000000000000000000, 1.000000000000000000, 1.000000000000000000 ) ;
#9090 = CARTESIAN_POINT ( 'NONE',  ( 0.0000000000000000000, 0.0000000000000000000, 4.649977999999984800 ) ) ;
#9091 = ORIENTED_EDGE ( 'NONE', *, *, #2543, .F. ) ;
#9092 = CARTESIAN_POINT ( 'NONE',  ( 0.2499999999998978600, 0.8999999999998687900, -3.675000000000090900 ) ) ;
#9093 = DIRECTION ( 'NONE',  ( -0.5547001962254422000, -0.8320502943377016100, 0.0000000000000000000 ) ) ;
#9094 = VECTOR ( 'NONE', #1438, 1000.000000000000000 ) ;
#9095 =( NAMED_UNIT ( * ) PLANE_ANGLE_UNIT ( ) SI_UNIT ( $, .RADIAN. ) );
#9096 = ORIENTED_EDGE ( 'NONE', *, *, #3751, .F. ) ;
#9097 = CYLINDRICAL_SURFACE ( 'NONE', #3562, 0.3500119999999958800 ) ;
#9098 = CARTESIAN_POINT ( 'NONE',  ( -4.200017000000007000, 0.0000000000000000000, -0.5001260000000035100 ) ) ;
#9099 = STYLED_ITEM ( 'NONE', ( #8862 ), #2070 ) ;
#9100 = CARTESIAN_POINT ( 'NONE',  ( -9.400004999999991300, 0.0000000000000000000, 0.0000000000000000000 ) ) ;
#9101 = EDGE_CURVE ( 'NONE', #7434, #7975, #6821, .T. ) ;
#9102 = LINE ( 'NONE', #2980, #3368 ) ;
#9103 = VECTOR ( 'NONE', #5738, 1000.000000000000000 ) ;
#9104 = PRESENTATION_LAYER_ASSIGNMENT (  '', '', ( #8110 ) ) ;
#9105 = PRESENTATION_STYLE_ASSIGNMENT (( #6107 ) ) ;
#9106 = CARTESIAN_POINT ( 'NONE',  ( -7.323606999999935100, 0.8999999999999962500, -5.200000000000093400 ) ) ;
#9107 = ORIENTED_EDGE ( 'NONE', *, *, #4295, .F. ) ;
#9108 = LINE ( 'NONE', #724, #5310 ) ;
#9109 = DIRECTION ( 'NONE',  ( -0.5547001962254430900, -0.8320502943377010600, 0.0000000000000000000 ) ) ;
#9110 = CARTESIAN_POINT ( 'NONE',  ( 0.2499999999998978600, 1.790000000000000700, -4.850000000000019200 ) ) ;
#9111 = DIRECTION ( 'NONE',  ( 0.0000000000000000000, 0.0000000000000000000, 1.000000000000000000 ) ) ;
#9112 = CARTESIAN_POINT ( 'NONE',  ( 19.61093789954118800, 1.790000000000000000, 4.989999999999869700 ) ) ;
#9113 = FILL_AREA_STYLE_COLOUR ( '', #1283 ) ;
#9114 = LINE ( 'NONE', #2948, #7181 ) ;
#9115 = VECTOR ( 'NONE', #5808, 1000.000000000000000 ) ;
#9116 = FILL_AREA_STYLE ('',( #1055 ) ) ;
#9117 = LINE ( 'NONE', #8509, #7187 ) ;
#9118 = DIRECTION ( 'NONE',  ( 1.000000000000000000, -0.0000000000000000000, 0.0000000000000000000 ) ) ;
#9119 = FILL_AREA_STYLE_COLOUR ( '', #422 ) ;
#9120 = DIRECTION ( 'NONE',  ( -1.000000000000000000, 0.0000000000000000000, 0.0000000000000000000 ) ) ;
#9121 = CLOSED_SHELL ( 'NONE', ( #661, #100, #2646, #3382, #1594, #1347 ) ) ;
#9122 = EDGE_CURVE ( 'NONE', #2503, #1387, #6609, .T. ) ;
#9123 = ORIENTED_EDGE ( 'NONE', *, *, #3202, .T. ) ;
#9124 = DIRECTION ( 'NONE',  ( -0.0000000000000000000, -1.000000000000000000, -0.0000000000000000000 ) ) ;
#9125 = ORIENTED_EDGE ( 'NONE', *, *, #1416, .T. ) ;
#9126 = CARTESIAN_POINT ( 'NONE',  ( 0.09994900000000889200, 0.0000000000000000000, 0.0000000000000000000 ) ) ;
#9127 = CARTESIAN_POINT ( 'NONE',  ( 0.0000000000000000000, 0.0000000000000000000, 0.0000000000000000000 ) ) ;
#9128 = PLANE ( 'NONE',  #6173 ) ;
#9129 = STYLED_ITEM ( 'NONE', ( #8663 ), #3853 ) ;
#9130 = ADVANCED_FACE ( 'NONE', ( #2823 ), #3906, .F. ) ;
#9131 = CARTESIAN_POINT ( 'NONE',  ( 0.2499999999998978600, 0.8999999999998644600, -4.950000000000117400 ) ) ;
#9132 = STYLED_ITEM ( 'NONE', ( #7951 ), #8884 ) ;
#9133 = VECTOR ( 'NONE', #8223, 1000.000000000000000 ) ;
#9134 = VERTEX_POINT ( 'NONE', #8168 ) ;
#9135 = EDGE_CURVE ( 'NONE', #9079, #6906, #7599, .T. ) ;
#9136 = EDGE_LOOP ( 'NONE', ( #5038, #4480, #1415, #57 ) ) ;
#9137 = CARTESIAN_POINT ( 'NONE',  ( -11.39990099999999600, 0.5200000000000004600, -3.900170000000022300 ) ) ;
#9138 = EDGE_CURVE ( 'NONE', #2511, #5380, #5737, .T. ) ;
#9139 = VERTEX_POINT ( 'NONE', #3933 ) ;
#9140 = FILL_AREA_STYLE_COLOUR ( '', #3325 ) ;
#9141 = UNCERTAINTY_MEASURE_WITH_UNIT (LENGTH_MEASURE( 1.000000000000000100E-005 ), #1424, 'distance_accuracy_value', 'NONE');
#9142 = MECHANICAL_DESIGN_GEOMETRIC_PRESENTATION_REPRESENTATION (  '', ( #2298 ), #6816 ) ;
#9143 = SURFACE_SIDE_STYLE ('',( #2877 ) ) ;
#9144 = ORIENTED_EDGE ( 'NONE', *, *, #664, .T. ) ;
#9145 = ORIENTED_EDGE ( 'NONE', *, *, #183, .T. ) ;
#9146 = VERTEX_POINT ( 'NONE', #1799 ) ;
#9147 = CARTESIAN_POINT ( 'NONE',  ( -11.25000000000000900, 1.399999999999810300, -4.950000000000119200 ) ) ;
#9148 = FACE_OUTER_BOUND ( 'NONE', #6088, .T. ) ;
#9149 = EDGE_CURVE ( 'NONE', #5111, #5238, #198, .T. ) ;
#9150 = LINE ( 'NONE', #1496, #6974 ) ;
#9151 = LINE ( 'NONE', #9228, #7219 ) ;
#9152 = ORIENTED_EDGE ( 'NONE', *, *, #6942, .F. ) ;
#9153 = DIRECTION ( 'NONE',  ( 0.0000000000000000000, 0.0000000000000000000, 1.000000000000000000 ) ) ;
#9154 = CARTESIAN_POINT ( 'NONE',  ( -11.45000000000000600, 0.5249999999998814500, 4.124999999999939600 ) ) ;
#9155 = ORIENTED_EDGE ( 'NONE', *, *, #6832, .T. ) ;
#9156 =( LENGTH_UNIT ( ) NAMED_UNIT ( * ) SI_UNIT ( .MILLI., .METRE. ) );
#9157 = VECTOR ( 'NONE', #4553, 1000.000000000000000 ) ;
#9158 = EDGE_CURVE ( 'NONE', #7975, #5772, #1908, .T. ) ;
#9159 = DIRECTION ( 'NONE',  ( -1.000000000000000000, 0.0000000000000000000, 0.0000000000000000000 ) ) ;
#9160 = ORIENTED_EDGE ( 'NONE', *, *, #1128, .T. ) ;
#9161 = FACE_BOUND ( 'NONE', #7327, .T. ) ;
#9162 = DIRECTION ( 'NONE',  ( 0.0000000000000000000, -0.0000000000000000000, -1.000000000000000000 ) ) ;
#9163 = CARTESIAN_POINT ( 'NONE',  ( -11.79995099999999700, 0.0000000000000000000, -0.0000000000000000000 ) ) ;
#9164 = ORIENTED_EDGE ( 'NONE', *, *, #7131, .F. ) ;
#9165 = PLANE ( 'NONE',  #1914 ) ;
#9166 = DIRECTION ( 'NONE',  ( 0.0000000000000000000, 0.0000000000000000000, 1.000000000000000000 ) ) ;
#9167 = EDGE_LOOP ( 'NONE', ( #2848, #6780, #4489, #3957 ) ) ;
#9168 = LINE ( 'NONE', #8186, #8939 ) ;
#9169 = LINE ( 'NONE', #3017, #7238 ) ;
#9170 = PRESENTATION_STYLE_ASSIGNMENT (( #3264 ) ) ;
#9171 = FILL_AREA_STYLE ('',( #8415 ) ) ;
#9172 = CARTESIAN_POINT ( 'NONE',  ( 0.4499999999998983700, 0.8999999999998956600, 4.124999999999937800 ) ) ;
#9173 = ORIENTED_EDGE ( 'NONE', *, *, #4125, .F. ) ;
#9174 = ORIENTED_EDGE ( 'NONE', *, *, #6150, .F. ) ;
#9175 = CARTESIAN_POINT ( 'NONE',  ( -9.400004999999991300, 0.0000000000000000000, 4.649977999999984800 ) ) ;
#9176 = STYLED_ITEM ( 'NONE', ( #7915 ), #5875 ) ;
#9177 = PRESENTATION_LAYER_ASSIGNMENT (  '', '', ( #8175 ) ) ;
#9178 = LINE ( 'NONE', #3439, #3687 ) ;
#9179 = LINE ( 'NONE', #3310, #7247 ) ;
#9180 = DIRECTION ( 'NONE',  ( 0.0000000000000000000, 0.0000000000000000000, -1.000000000000000000 ) ) ;
#9181 = VECTOR ( 'NONE', #7650, 1000.000000000000000 ) ;
#9182 = ADVANCED_FACE ( 'NONE', ( #1699 ), #3959, .T. ) ;
#9183 = VERTEX_POINT ( 'NONE', #4691 ) ;
#9184 = ORIENTED_EDGE ( 'NONE', *, *, #8391, .F. ) ;
#9185 = ORIENTED_EDGE ( 'NONE', *, *, #5016, .T. ) ;
#9186 = EDGE_CURVE ( 'NONE', #7101, #7643, #995, .T. ) ;
#9187 = FILL_AREA_STYLE ('',( #9140 ) ) ;
#9188 = DIRECTION ( 'NONE',  ( 1.000000000000000000, 0.0000000000000000000, 0.0000000000000000000 ) ) ;
#9189 = LINE ( 'NONE', #6948, #5383 ) ;
#9190 = VECTOR ( 'NONE', #5169, 1000.000000000000000 ) ;
#9191 =( NAMED_UNIT ( * ) PLANE_ANGLE_UNIT ( ) SI_UNIT ( $, .RADIAN. ) );
#9192 = MECHANICAL_DESIGN_GEOMETRIC_PRESENTATION_REPRESENTATION (  '', ( #7687 ), #309 ) ;
#9193 = DIRECTION ( 'NONE',  ( 0.0000000000000000000, 0.0000000000000000000, 1.000000000000000000 ) ) ;
#9194 = COLOUR_RGB ( '',1.000000000000000000, 1.000000000000000000, 1.000000000000000000 ) ;
#9195 = PLANE ( 'NONE',  #5804 ) ;
#9196 = ORIENTED_EDGE ( 'NONE', *, *, #2711, .T. ) ;
#9197 = CARTESIAN_POINT ( 'NONE',  ( 0.0000000000000000000, 0.0000000000000000000, 0.0000000000000000000 ) ) ;
#9198 = DIRECTION ( 'NONE',  ( 0.0000000000000000000, 0.0000000000000000000, -1.000000000000000000 ) ) ;
#9199 = CARTESIAN_POINT ( 'NONE',  ( -11.45000000000000600, 1.799999999999999600, -4.850000000000021000 ) ) ;
#9200 = LINE ( 'NONE', #6456, #71 ) ;
#9201 = VECTOR ( 'NONE', #8375, 1000.000000000000000 ) ;
#9202 = STYLED_ITEM ( 'NONE', ( #3107 ), #328 ) ;
#9203 = COLOUR_RGB ( '',1.000000000000000000, 1.000000000000000000, 1.000000000000000000 ) ;
#9204 = VERTEX_POINT ( 'NONE', #6137 ) ;
#9205 = ORIENTED_EDGE ( 'NONE', *, *, #7433, .F. ) ;
#9206 = DIRECTION ( 'NONE',  ( 0.0000000000000000000, 0.0000000000000000000, 1.000000000000000000 ) ) ;
#9207 = DIRECTION ( 'NONE',  ( 0.0000000000000000000, 0.0000000000000000000, -1.000000000000000000 ) ) ;
#9208 = DIRECTION ( 'NONE',  ( 0.0000000000000000000, 0.0000000000000000000, 1.000000000000000000 ) ) ;
#9209 = SURFACE_STYLE_FILL_AREA ( #3029 ) ;
#9210 = DIRECTION ( 'NONE',  ( 6.123233995736766000E-017, 1.000000000000000000, -4.625929269271310200E-015 ) ) ;
#9211 = VERTEX_POINT ( 'NONE', #373 ) ;
#9212 = EDGE_CURVE ( 'NONE', #5244, #229, #6502, .T. ) ;
#9213 = PLANE ( 'NONE',  #7282 ) ;
#9214 = EDGE_CURVE ( 'NONE', #5865, #4440, #5844, .T. ) ;
#9215 = ORIENTED_EDGE ( 'NONE', *, *, #9088, .T. ) ;
#9216 = CARTESIAN_POINT ( 'NONE',  ( 2.900044999999996900, 0.0000000000000000000, -0.0000000000000000000 ) ) ;
#9217 =( GEOMETRIC_REPRESENTATION_CONTEXT ( 3 ) GLOBAL_UNCERTAINTY_ASSIGNED_CONTEXT ( ( #4240 ) ) GLOBAL_UNIT_ASSIGNED_CONTEXT ( ( #7393, #7418, #7439 ) ) REPRESENTATION_CONTEXT ( 'NONE', 'WORKASPACE' ) );
#9218 =( NAMED_UNIT ( * ) SI_UNIT ( $, .STERADIAN. ) SOLID_ANGLE_UNIT ( ) );
#9219 = STYLED_ITEM ( 'NONE', ( #5083 ), #4234 ) ;
#9220 =( LENGTH_UNIT ( ) NAMED_UNIT ( * ) SI_UNIT ( .MILLI., .METRE. ) );
#9221 =( NAMED_UNIT ( * ) PLANE_ANGLE_UNIT ( ) SI_UNIT ( $, .RADIAN. ) );
#9222 =( NAMED_UNIT ( * ) PLANE_ANGLE_UNIT ( ) SI_UNIT ( $, .RADIAN. ) );
#9223 = SURFACE_STYLE_USAGE ( .BOTH. , #4189 ) ;
#9224 = ORIENTED_EDGE ( 'NONE', *, *, #7131, .T. ) ;
#9225 = LINE ( 'NONE', #6861, #5403 ) ;
#9226 = DIRECTION ( 'NONE',  ( 1.000000000000000000, -0.0000000000000000000, 0.0000000000000000000 ) ) ;
#9227 = DIRECTION ( 'NONE',  ( 0.0000000000000000000, 0.0000000000000000000, 1.000000000000000000 ) ) ;
#9228 = CARTESIAN_POINT ( 'NONE',  ( -10.64999999999998800, 0.9000000000000084600, 17.92388274267651100 ) ) ;
#9229 = ORIENTED_EDGE ( 'NONE', *, *, #1230, .T. ) ;
#9230 = SURFACE_STYLE_USAGE ( .BOTH. , #1115 ) ;
#9231 = PRESENTATION_LAYER_ASSIGNMENT (  '', '', ( #8229 ) ) ;
#9232 = SURFACE_SIDE_STYLE ('',( #5261 ) ) ;
#9233 = ADVANCED_FACE ( 'NONE', ( #85 ), #6163, .F. ) ;
#9234 = CARTESIAN_POINT ( 'NONE',  ( 0.0000000000000000000, 0.0000000000000000000, 0.0000000000000000000 ) ) ;
#9235 = AXIS2_PLACEMENT_3D ( 'NONE', #8082, #8056, #8027 ) ;
#9236 = VECTOR ( 'NONE', #1349, 1000.000000000000000 ) ;
#9237 = APPLICATION_PROTOCOL_DEFINITION ( 'draft international standard', 'automotive_design', 1998, #592 ) ;
#9238 = CARTESIAN_POINT ( 'NONE',  ( 0.1000000000000497000, 1.789999999999999100, 17.92388274267651100 ) ) ;
#9239 = LINE ( 'NONE', #6987, #319 ) ;
#9240 = DIRECTION ( 'NONE',  ( 0.0000000000000000000, 0.0000000000000000000, -1.000000000000000000 ) ) ;
#9241 = VERTEX_POINT ( 'NONE', #7585 ) ;
#9242 = EDGE_LOOP ( 'NONE', ( #1193, #4833, #4715, #5296 ) ) ;
#9243 = DIRECTION ( 'NONE',  ( 1.000000000000000000, -0.0000000000000000000, 0.0000000000000000000 ) ) ;
#9244 = PLANE ( 'NONE',  #5559 ) ;
#9245 = CARTESIAN_POINT ( 'NONE',  ( -7.649999999999985300, 0.9000000000000084600, 17.92388274267651100 ) ) ;
#9246 = LINE ( 'NONE', #6315, #1820 ) ;
#9247 =( GEOMETRIC_REPRESENTATION_CONTEXT ( 3 ) GLOBAL_UNCERTAINTY_ASSIGNED_CONTEXT ( ( #8732 ) ) GLOBAL_UNIT_ASSIGNED_CONTEXT ( ( #6845, #7107, #7019 ) ) REPRESENTATION_CONTEXT ( 'NONE', 'WORKASPACE' ) );
#9248 = FACE_OUTER_BOUND ( 'NONE', #3874, .T. ) ;
#9249 = ORIENTED_EDGE ( 'NONE', *, *, #8955, .F. ) ;
#9250 = DIRECTION ( 'NONE',  ( 0.0000000000000000000, -1.000000000000000000, 3.469446951953484000E-015 ) ) ;
#9251 =( LENGTH_UNIT ( ) NAMED_UNIT ( * ) SI_UNIT ( .MILLI., .METRE. ) );
#9252 = FILL_AREA_STYLE_COLOUR ( '', #3291 ) ;
#9253 = VERTEX_POINT ( 'NONE', #7610 ) ;
#9254 = DIRECTION ( 'NONE',  ( 1.000000000000000000, 0.0000000000000000000, 0.0000000000000000000 ) ) ;
#9255 = LINE ( 'NONE', #3762, #8309 ) ;
#9256 = DIRECTION ( 'NONE',  ( -3.986122885547191000E-014, -1.000000000000000000, 0.0000000000000000000 ) ) ;
#9257 = LINE ( 'NONE', #3286, #3516 ) ;
#9258 = FILL_AREA_STYLE_COLOUR ( '', #488 ) ;
#9259 = VERTEX_POINT ( 'NONE', #3359 ) ;
#9260 = VERTEX_POINT ( 'NONE', #8354 ) ;
#9261 = SURFACE_STYLE_USAGE ( .BOTH. , #1396 ) ;
#9262 = PLANE ( 'NONE',  #3247 ) ;
#9263 = DIRECTION ( 'NONE',  ( 1.000000000000000000, 0.0000000000000000000, 0.0000000000000000000 ) ) ;
#9264 =( NAMED_UNIT ( * ) PLANE_ANGLE_UNIT ( ) SI_UNIT ( $, .RADIAN. ) );
#9265 = DIRECTION ( 'NONE',  ( 0.0000000000000000000, 1.000000000000000000, -0.0000000000000000000 ) ) ;
#9266 = STYLED_ITEM ( 'NONE', ( #9105 ), #9182 ) ;
#9267 = CARTESIAN_POINT ( 'NONE',  ( -11.10000000000004900, 2.000000000000000000, -4.850000000000021000 ) ) ;
#9268 = LINE ( 'NONE', #9100, #7325 ) ;
#9269 = SURFACE_SIDE_STYLE ('',( #6938 ) ) ;
#9270 = EDGE_CURVE ( 'NONE', #7098, #7959, #3052, .T. ) ;
#9271 = VERTEX_POINT ( 'NONE', #4077 ) ;
#9272 = EDGE_LOOP ( 'NONE', ( #2743, #2626, #2518, #2075 ) ) ;
#9273 = APPLICATION_CONTEXT ( 'automotive_design' ) ;
#9274 = CARTESIAN_POINT ( 'NONE',  ( -11.45000000000000600, 1.399999999999844000, 4.949999999999900700 ) ) ;
#9275 = VERTEX_POINT ( 'NONE', #411 ) ;
#9276 =( NAMED_UNIT ( * ) SI_UNIT ( $, .STERADIAN. ) SOLID_ANGLE_UNIT ( ) );
#9277 = SURFACE_STYLE_FILL_AREA ( #2505 ) ;
#9278 = CARTESIAN_POINT ( 'NONE',  ( 2.049906999999996600, 0.8199999999999999500, -0.5501640000000057600 ) ) ;
#9279 = ORIENTED_EDGE ( 'NONE', *, *, #6213, .F. ) ;
#9280 = FACE_BOUND ( 'NONE', #1012, .T. ) ;
#9281 = ORIENTED_EDGE ( 'NONE', *, *, #8040, .T. ) ;
#9282 = COLOUR_RGB ( '',1.000000000000000000, 1.000000000000000000, 1.000000000000000000 ) ;
#9283 = VECTOR ( 'NONE', #6216, 1000.000000000000000 ) ;
#9284 = DIRECTION ( 'NONE',  ( 1.000000000000000000, 0.0000000000000000000, 0.0000000000000000000 ) ) ;
#9285 = ORIENTED_EDGE ( 'NONE', *, *, #18, .F. ) ;
#9286 = ADVANCED_FACE ( 'NONE', ( #8657 ), #6225, .F. ) ;
#9287 = DIRECTION ( 'NONE',  ( -1.000000000000000000, 3.986122885547191000E-014, 2.440796316396689400E-030 ) ) ;
#9288 = PRESENTATION_STYLE_ASSIGNMENT (( #6349 ) ) ;
#9289 = CARTESIAN_POINT ( 'NONE',  ( 2.600070999999988700, 0.8199999999999999500, -0.1501140000000206200 ) ) ;
#9290 = PLANE ( 'NONE',  #6427 ) ;
#9291 = DIRECTION ( 'NONE',  ( 0.0000000000000000000, 0.0000000000000000000, 1.000000000000000000 ) ) ;
#9292 = LINE ( 'NONE', #1703, #5459 ) ;
#9293 = DIRECTION ( 'NONE',  ( -1.000000000000000000, 0.0000000000000000000, 0.0000000000000000000 ) ) ;
#9294 = DIRECTION ( 'NONE',  ( 0.0000000000000000000, -0.0000000000000000000, -1.000000000000000000 ) ) ;
#9295 = AXIS2_PLACEMENT_3D ( 'NONE', #2105, #1540, #1507 ) ;
#9296 = ORIENTED_EDGE ( 'NONE', *, *, #1929, .T. ) ;
#9297 = EDGE_CURVE ( 'NONE', #6267, #7202, #3262, .T. ) ;
#9298 = CARTESIAN_POINT ( 'NONE',  ( -11.10000000000004900, 1.799999999999999600, -4.990000000000092600 ) ) ;
#9299 = EDGE_CURVE ( 'NONE', #6742, #68, #4966, .T. ) ;
#9300 =( GEOMETRIC_REPRESENTATION_CONTEXT ( 3 ) GLOBAL_UNCERTAINTY_ASSIGNED_CONTEXT ( ( #2886 ) ) GLOBAL_UNIT_ASSIGNED_CONTEXT ( ( #4847, #8678, #8572 ) ) REPRESENTATION_CONTEXT ( 'NONE', 'WORKASPACE' ) );
#9301 =( NAMED_UNIT ( * ) PLANE_ANGLE_UNIT ( ) SI_UNIT ( $, .RADIAN. ) );
#9302 = VECTOR ( 'NONE', #2092, 1000.000000000000000 ) ;
#9303 = CARTESIAN_POINT ( 'NONE',  ( 0.1000000000000497000, -28.62307019352236600, -4.850000000000021000 ) ) ;
#9304 = VECTOR ( 'NONE', #9111, 1000.000000000000000 ) ;
#9305 = VERTEX_POINT ( 'NONE', #8385 ) ;
#9306 = CARTESIAN_POINT ( 'NONE',  ( 0.1999999999999276800, 1.399999999999953300, -5.000000000000093300 ) ) ;
#9307 = ORIENTED_EDGE ( 'NONE', *, *, #6017, .F. ) ;
#9308 = LINE ( 'NONE', #2610, #3569 ) ;
#9309 = CARTESIAN_POINT ( 'NONE',  ( 0.0000000000000000000, 0.0000000000000000000, 5.550153999999987600 ) ) ;
#9310 = LINE ( 'NONE', #2452, #3124 ) ;
#9311 =( NAMED_UNIT ( * ) SI_UNIT ( $, .STERADIAN. ) SOLID_ANGLE_UNIT ( ) );
#9312 = ORIENTED_EDGE ( 'NONE', *, *, #7127, .F. ) ;
#9313 = ORIENTED_EDGE ( 'NONE', *, *, #248, .T. ) ;
#9314 = DIRECTION ( 'NONE',  ( 0.0000000000000000000, 0.0000000000000000000, 1.000000000000000000 ) ) ;
#9315 = CIRCLE ( 'NONE', #2491, 0.2249999999999752200 ) ;
#9316 = LINE ( 'NONE', #672, #1435 ) ;
#9317 = DIRECTION ( 'NONE',  ( -0.0000000000000000000, 1.000000000000000000, -0.0000000000000000000 ) ) ;
#9318 = SURFACE_SIDE_STYLE ('',( #7879 ) ) ;
#9319 = EDGE_CURVE ( 'NONE', #6328, #8012, #6811, .T. ) ;
#9320 = LINE ( 'NONE', #6493, #7370 ) ;
#9321 = DIRECTION ( 'NONE',  ( 0.0000000000000000000, 0.0000000000000000000, 1.000000000000000000 ) ) ;
#9322 = ORIENTED_EDGE ( 'NONE', *, *, #9299, .F. ) ;
#9323 = DIRECTION ( 'NONE',  ( 0.0000000000000000000, 0.0000000000000000000, 1.000000000000000000 ) ) ;
#9324 = AXIS2_PLACEMENT_3D ( 'NONE', #3273, #532, #9343 ) ;
#9325 = FILL_AREA_STYLE_COLOUR ( '', #8841 ) ;
#9326 = COLOUR_RGB ( '',1.000000000000000000, 1.000000000000000000, 1.000000000000000000 ) ;
#9327 = VECTOR ( 'NONE', #3836, 1000.000000000000000 ) ;
#9328 =( GEOMETRIC_REPRESENTATION_CONTEXT ( 3 ) GLOBAL_UNCERTAINTY_ASSIGNED_CONTEXT ( ( #1477 ) ) GLOBAL_UNIT_ASSIGNED_CONTEXT ( ( #1773, #6748, #2496 ) ) REPRESENTATION_CONTEXT ( 'NONE', 'WORKASPACE' ) );
#9329 = DIRECTION ( 'NONE',  ( 0.0000000000000000000, 0.0000000000000000000, 1.000000000000000000 ) ) ;
#9330 = FILL_AREA_STYLE_COLOUR ( '', #8945 ) ;
#9331 = EDGE_CURVE ( 'NONE', #5103, #6638, #6715, .T. ) ;
#9332 = EDGE_LOOP ( 'NONE', ( #1517, #1367, #1237, #807 ) ) ;
#9333 = DIRECTION ( 'NONE',  ( 1.000000000000000000, 0.0000000000000000000, 0.0000000000000000000 ) ) ;
#9334 = ADVANCED_FACE ( 'NONE', ( #4467 ), #6330, .F. ) ;
#9335 = VECTOR ( 'NONE', #4347, 1000.000000000000000 ) ;
#9336 = DIRECTION ( 'NONE',  ( 0.0000000000000000000, 0.0000000000000000000, 1.000000000000000000 ) ) ;
#9337 = PRESENTATION_LAYER_ASSIGNMENT (  '', '', ( #2298 ) ) ;
#9338 = VECTOR ( 'NONE', #1426, 1000.000000000000000 ) ;
#9339 = EDGE_CURVE ( 'NONE', #2751, #4448, #4677, .T. ) ;
#9340 = FACE_OUTER_BOUND ( 'NONE', #1021, .T. ) ;
#9341 = DIRECTION ( 'NONE',  ( -1.000000000000000000, 0.0000000000000000000, 0.0000000000000000000 ) ) ;
#9342 = CARTESIAN_POINT ( 'NONE',  ( -2.200004999999991100, 0.0000000000000000000, 5.550153999999987600 ) ) ;
#9343 = DIRECTION ( 'NONE',  ( 0.0000000000000000000, 0.0000000000000000000, 1.000000000000000000 ) ) ;
#9344 = EDGE_CURVE ( 'NONE', #5435, #2939, #8236, .T. ) ;
#9345 = VECTOR ( 'NONE', #7191, 1000.000000000000000 ) ;
#9346 = VECTOR ( 'NONE', #8231, 1000.000000000000000 ) ;
#9347 = VECTOR ( 'NONE', #7231, 1000.000000000000000 ) ;
#9348 = AXIS2_PLACEMENT_3D ( 'NONE', #3096, #4936, #7601 ) ;
#9349 = CARTESIAN_POINT ( 'NONE',  ( -1.899876999999989200, 0.0000000000000000000, 4.649977999999984800 ) ) ;
#9350 =( GEOMETRIC_REPRESENTATION_CONTEXT ( 3 ) GLOBAL_UNCERTAINTY_ASSIGNED_CONTEXT ( ( #251 ) ) GLOBAL_UNIT_ASSIGNED_CONTEXT ( ( #7412, #7372, #7352 ) ) REPRESENTATION_CONTEXT ( 'NONE', 'WORKASPACE' ) );
#9351 = EDGE_CURVE ( 'NONE', #7554, #3015, #4462, .T. ) ;
#9352 = PRESENTATION_STYLE_ASSIGNMENT (( #8335 ) ) ;
#9353 = SURFACE_STYLE_USAGE ( .BOTH. , #9232 ) ;
#9354 = FILL_AREA_STYLE ('',( #4153 ) ) ;
#9355 = CARTESIAN_POINT ( 'NONE',  ( -10.20000499999999200, 0.0000000000000000000, 5.550153999999987600 ) ) ;
#9356 = CARTESIAN_POINT ( 'NONE',  ( 8.772996778704309100, 1.999999999999966200, -4.850000000000021000 ) ) ;
#9357 = LINE ( 'NONE', #7963, #8405 ) ;
#9358 = EDGE_LOOP ( 'NONE', ( #5425, #7447, #6681, #6176 ) ) ;
#9359 = CARTESIAN_POINT ( 'NONE',  ( -7.649999999999985300, 0.9000000000000084600, 17.92388274267651100 ) ) ;
ENDSEC;
END-ISO-10303-21;
